t_capture_sec,timestamp_unix,block_idx,sample_idx,sample_in_block,status,ch1_uV,ch2_uV,ch3_uV,ch4_uV
0.0017524369995953748,1779567891.1689484,7198,59052,0,12582912,43,0,0,0
0.0017524369995953748,1779567891.1689484,7198,59053,1,12582912,-1,0,0,0
0.0017524369995953748,1779567891.1689484,7198,59054,2,12582912,-42,0,0,0
0.0017524369995953748,1779567891.1689484,7198,59055,3,12582912,-22,0,0,0
0.0017524369995953748,1779567891.1689484,7198,59056,4,12582912,31,0,0,0
0.0017524369995953748,1779567891.1689484,7198,59057,5,12582912,45,0,0,0
0.0017524369995953748,1779567891.1689484,7198,59058,6,12582912,5,0,0,0
0.0017524369995953748,1779567891.1689484,7198,59059,7,12582912,-31,0,0,0
0.031266777999917394,1779567891.1984634,7199,59060,0,12582912,-12,0,0,0
0.031266777999917394,1779567891.1984634,7199,59061,1,12582912,33,0,0,0
0.031266777999917394,1779567891.1984634,7199,59062,2,12582912,41,0,0,0
0.031266777999917394,1779567891.1984634,7199,59063,3,12582912,3,0,0,0
0.031266777999917394,1779567891.1984634,7199,59064,4,12582912,-29,0,0,0
0.031266777999917394,1779567891.1984634,7199,59065,5,12582912,-11,0,0,0
0.031266777999917394,1779567891.1984634,7199,59066,6,12582912,28,0,0,0
0.031266777999917394,1779567891.1984634,7199,59067,7,12582912,36,0,0,0
0.05243908900047245,1779567891.219636,7200,59068,0,12582912,3,0,0,0
0.05243908900047245,1779567891.219636,7200,59069,1,12582912,-24,0,0,0
0.05243908900047245,1779567891.219636,7200,59070,2,12582912,-11,0,0,0
0.05243908900047245,1779567891.219636,7200,59071,3,12582912,22,0,0,0
0.05243908900047245,1779567891.219636,7200,59072,4,12582912,29,0,0,0
0.05243908900047245,1779567891.219636,7200,59073,5,12582912,3,0,0,0
0.05243908900047245,1779567891.219636,7200,59074,6,12582912,-16,0,0,0
0.05243908900047245,1779567891.219636,7200,59075,7,12582912,-2,0,0,0
0.07372379600019485,1779567891.2409205,7201,59076,0,12582912,27,0,0,0
0.07372379600019485,1779567891.2409205,7201,59077,1,12582912,35,0,0,0
0.07372379600019485,1779567891.2409205,7201,59078,2,12582912,15,0,0,0
0.07372379600019485,1779567891.2409205,7201,59079,3,12582912,-2,0,0,0
0.07372379600019485,1779567891.2409205,7201,59080,4,12582912,5,0,0,0
0.07372379600019485,1779567891.2409205,7201,59081,5,12582912,26,0,0,0
0.07372379600019485,1779567891.2409205,7201,59082,6,12582912,33,0,0,0
0.07372379600019485,1779567891.2409205,7201,59083,7,12582912,21,0,0,0
0.11729070299952582,1779567891.2844887,7202,59084,0,12582912,9,0,0,0
0.11729070299952582,1779567891.2844887,7202,59085,1,12582912,13,0,0,0
0.11729070299952582,1779567891.2844887,7202,59086,2,12582912,26,0,0,0
0.11729070299952582,1779567891.2844887,7202,59087,3,12582912,30,0,0,0
0.11729070299952582,1779567891.2844887,7202,59088,4,12582912,20,0,0,0
0.11729070299952582,1779567891.2844887,7202,59089,5,12582912,9,0,0,0
0.11729070299952582,1779567891.2844887,7202,59090,6,12582912,12,0,0,0
0.11729070299952582,1779567891.2844887,7202,59091,7,12582912,22,0,0,0
0.17414637799993216,1779567891.3413427,7203,59092,0,12582912,24,0,0,0
0.17414637799993216,1779567891.3413427,7203,59093,1,12582912,16,0,0,0
0.17414637799993216,1779567891.3413427,7203,59094,2,12582912,7,0,0,0
0.17414637799993216,1779567891.3413427,7203,59095,3,12582912,6,0,0,0
0.17414637799993216,1779567891.3413427,7203,59096,4,12582912,12,0,0,0
0.17414637799993216,1779567891.3413427,7203,59097,5,12582912,18,0,0,0
0.17414637799993216,1779567891.3413427,7203,59098,6,12582912,18,0,0,0
0.17414637799993216,1779567891.3413427,7203,59099,7,12582912,15,0,0,0
0.19574977999945986,1779567891.3629477,7204,59100,0,12582912,13,0,0,0
0.19574977999945986,1779567891.3629477,7204,59101,1,12582912,16,0,0,0
0.19574977999945986,1779567891.3629477,7204,59102,2,12582912,22,0,0,0
0.19574977999945986,1779567891.3629477,7204,59103,3,12582912,25,0,0,0
0.19574977999945986,1779567891.3629477,7204,59104,4,12582912,21,0,0,0
0.19574977999945986,1779567891.3629477,7204,59105,5,12582912,15,0,0,0
0.19574977999945986,1779567891.3629477,7204,59106,6,12582912,13,0,0,0
0.19574977999945986,1779567891.3629477,7204,59107,7,12582912,16,0,0,0
0.21752599399951578,1779567891.384724,7205,59108,0,12582912,20,0,0,0
0.21752599399951578,1779567891.384724,7205,59109,1,12582912,18,0,0,0
0.21752599399951578,1779567891.384724,7205,59110,2,12582912,15,0,0,0
0.21752599399951578,1779567891.384724,7205,59111,3,12582912,15,0,0,0
0.21752599399951578,1779567891.384724,7205,59112,4,12582912,17,0,0,0
0.21752599399951578,1779567891.384724,7205,59113,5,12582912,18,0,0,0
0.21752599399951578,1779567891.384724,7205,59114,6,12582912,16,0,0,0
0.21752599399951578,1779567891.384724,7205,59115,7,12582912,16,0,0,0
0.26929644099982397,1779567891.4364944,7206,59116,0,12582912,21,0,0,0
0.26929644099982397,1779567891.4364944,7206,59117,1,12582912,26,0,0,0
0.26929644099982397,1779567891.4364944,7206,59118,2,12582912,26,0,0,0
0.26929644099982397,1779567891.4364944,7206,59119,3,12582912,23,0,0,0
0.26929644099982397,1779567891.4364944,7206,59120,4,12582912,24,0,0,0
0.26929644099982397,1779567891.4364944,7206,59121,5,12582912,28,0,0,0
0.26929644099982397,1779567891.4364944,7206,59122,6,12582912,29,0,0,0
0.26929644099982397,1779567891.4364944,7206,59123,7,12582912,22,0,0,0
0.2696109709995653,1779567891.4368074,7207,59124,0,12582912,15,0,0,0
0.2696109709995653,1779567891.4368074,7207,59125,1,12582912,18,0,0,0
0.2696109709995653,1779567891.4368074,7207,59126,2,12582912,27,0,0,0
0.2696109709995653,1779567891.4368074,7207,59127,3,12582912,26,0,0,0
0.2696109709995653,1779567891.4368074,7207,59128,4,12582912,15,0,0,0
0.2696109709995653,1779567891.4368074,7207,59129,5,12582912,10,0,0,0
0.2696109709995653,1779567891.4368074,7207,59130,6,12582912,20,0,0,0
0.2696109709995653,1779567891.4368074,7207,59131,7,12582912,30,0,0,0
0.3470709920002264,1779567891.5142677,7208,59132,0,12582912,26,0,0,0
0.3470709920002264,1779567891.5142677,7208,59133,1,12582912,10,0,0,0
0.3470709920002264,1779567891.5142677,7208,59134,2,12582912,-1,0,0,0
0.3470709920002264,1779567891.5142677,7208,59135,3,12582912,5,0,0,0
0.3470709920002264,1779567891.5142677,7208,59136,4,12582912,16,0,0,0
0.3470709920002264,1779567891.5142677,7208,59137,5,12582912,16,0,0,0
0.3470709920002264,1779567891.5142677,7208,59138,6,12582912,7,0,0,0
0.3470709920002264,1779567891.5142677,7208,59139,7,12582912,-1,0,0,0
0.34734135500002594,1779567891.5145376,7209,59140,0,12582912,5,0,0,0
0.34734135500002594,1779567891.5145376,7209,59141,1,12582912,16,0,0,0
0.34734135500002594,1779567891.5145376,7209,59142,2,12582912,15,0,0,0
0.34734135500002594,1779567891.5145376,7209,59143,3,12582912,4,0,0,0
0.34734135500002594,1779567891.5145376,7209,59144,4,12582912,-1,0,0,0
0.34734135500002594,1779567891.5145376,7209,59145,5,12582912,10,0,0,0
0.34734135500002594,1779567891.5145376,7209,59146,6,12582912,23,0,0,0
0.34734135500002594,1779567891.5145376,7209,59147,7,12582912,22,0,0,0
0.3707842769999843,1779567891.5379813,7210,59148,0,12582912,8,0,0,0
0.3707842769999843,1779567891.5379813,7210,59149,1,12582912,1,0,0,0
0.3707842769999843,1779567891.5379813,7210,59150,2,12582912,10,0,0,0
0.3707842769999843,1779567891.5379813,7210,59151,3,12582912,25,0,0,0
0.3707842769999843,1779567891.5379813,7210,59152,4,12582912,29,0,0,0
0.3707842769999843,1779567891.5379813,7210,59153,5,12582912,18,0,0,0
0.3707842769999843,1779567891.5379813,7210,59154,6,12582912,5,0,0,0
0.3707842769999843,1779567891.5379813,7210,59155,7,12582912,4,0,0,0
0.3919483589997981,1779567891.559145,7211,59156,0,12582912,9,0,0,0
0.3919483589997981,1779567891.559145,7211,59157,1,12582912,7,0,0,0
0.3919483589997981,1779567891.559145,7211,59158,2,12582912,-5,0,0,0
0.3919483589997981,1779567891.559145,7211,59159,3,12582912,-12,0,0,0
0.3919483589997981,1779567891.559145,7211,59160,4,12582912,-3,0,0,0
0.3919483589997981,1779567891.559145,7211,59161,5,12582912,9,0,0,0
0.3919483589997981,1779567891.559145,7211,59162,6,12582912,6,0,0,0
0.3919483589997981,1779567891.559145,7211,59163,7,12582912,-8,0,0,0
0.43468073999974877,1779567891.601879,7212,59164,0,12582912,-16,0,0,0
0.43468073999974877,1779567891.601879,7212,59165,1,12582912,-8,0,0,0
0.43468073999974877,1779567891.601879,7212,59166,2,12582912,5,0,0,0
0.43468073999974877,1779567891.601879,7212,59167,3,12582912,4,0,0,0
0.43468073999974877,1779567891.601879,7212,59168,4,12582912,-10,0,0,0
0.43468073999974877,1779567891.601879,7212,59169,5,12582912,-19,0,0,0
0.43468073999974877,1779567891.601879,7212,59170,6,12582912,-10,0,0,0
0.43468073999974877,1779567891.601879,7212,59171,7,12582912,3,0,0,0
0.4698376489996008,1779567891.6370356,7213,59172,0,12582912,0,0,0,0
0.4698376489996008,1779567891.6370356,7213,59173,1,12582912,-15,0,0,0
0.4698376489996008,1779567891.6370356,7213,59174,2,12582912,-22,0,0,0
0.4698376489996008,1779567891.6370356,7213,59175,3,12582912,-13,0,0,0
0.4698376489996008,1779567891.6370356,7213,59176,4,12582912,-2,0,0,0
0.4698376489996008,1779567891.6370356,7213,59177,5,12582912,-6,0,0,0
0.4698376489996008,1779567891.6370356,7213,59178,6,12582912,-23,0,0,0
0.4698376489996008,1779567891.6370356,7213,59179,7,12582912,-33,0,0,0
0.5025294690003648,1779567891.6697273,7214,59180,0,12582912,-20,0,0,0
0.5025294690003648,1779567891.6697273,7214,59181,1,12582912,-1,0,0,0
0.5025294690003648,1779567891.6697273,7214,59182,2,12582912,-1,0,0,0
0.5025294690003648,1779567891.6697273,7214,59183,3,12582912,-21,0,0,0
0.5025294690003648,1779567891.6697273,7214,59184,4,12582912,-34,0,0,0
0.5025294690003648,1779567891.6697273,7214,59185,5,12582912,-22,0,0,0
0.5025294690003648,1779567891.6697273,7214,59186,6,12582912,0,0,0,0
0.5025294690003648,1779567891.6697273,7214,59187,7,12582912,0,0,0,0
0.5572611480001797,1779567891.7244577,7215,59188,0,12582912,-23,0,0,0
0.5572611480001797,1779567891.7244577,7215,59189,1,12582912,-41,0,0,0
0.5572611480001797,1779567891.7244577,7215,59190,2,12582912,-32,0,0,0
0.5572611480001797,1779567891.7244577,7215,59191,3,12582912,-12,0,0,0
0.5572611480001797,1779567891.7244577,7215,59192,4,12582912,-10,0,0,0
0.5572611480001797,1779567891.7244577,7215,59193,5,12582912,-29,0,0,0
0.5572611480001797,1779567891.7244577,7215,59194,6,12582912,-42,0,0,0
0.5572611480001797,1779567891.7244577,7215,59195,7,12582912,-30,0,0,0
0.5573789589998341,1779567891.7245739,7216,59196,0,12582912,-7,0,0,0
0.5573789589998341,1779567891.7245739,7216,59197,1,12582912,-7,0,0,0
0.5573789589998341,1779567891.7245739,7216,59198,2,12582912,-32,0,0,0
0.5573789589998341,1779567891.7245739,7216,59199,3,12582912,-50,0,0,0
0.5573789589998341,1779567891.7245739,7216,59200,4,12582912,-36,0,0,0
0.5573789589998341,1779567891.7245739,7216,59201,5,12582912,-13,0,0,0
0.5573789589998341,1779567891.7245739,7216,59202,6,12582912,-15,0,0,0
0.5573789589998341,1779567891.7245739,7216,59203,7,12582912,-45,0,0,0
0.6002800890000799,1779567891.7674775,7217,59204,0,12582912,-62,0,0,0
0.6002800890000799,1779567891.7674775,7217,59205,1,12582912,-41,0,0,0
0.6002800890000799,1779567891.7674775,7217,59206,2,12582912,-7,0,0,0
0.6002800890000799,1779567891.7674775,7217,59207,3,12582912,-3,0,0,0
0.6002800890000799,1779567891.7674775,7217,59208,4,12582912,-32,0,0,0
0.6002800890000799,1779567891.7674775,7217,59209,5,12582912,-54,0,0,0
0.6002800890000799,1779567891.7674775,7217,59210,6,12582912,-38,0,0,0
0.6002800890000799,1779567891.7674775,7217,59211,7,12582912,-9,0,0,0
0.6219831779999367,1779567891.789181,7218,59212,0,12582912,-10,0,0,0
0.6219831779999367,1779567891.789181,7218,59213,1,12582912,-40,0,0,0
0.6219831779999367,1779567891.789181,7218,59214,2,12582912,-57,0,0,0
0.6219831779999367,1779567891.789181,7218,59215,3,12582912,-35,0,0,0
0.6219831779999367,1779567891.789181,7218,59216,4,12582912,-2,0,0,0
0.6219831779999367,1779567891.789181,7218,59217,5,12582912,0,0,0,0
0.6219831779999367,1779567891.789181,7218,59218,6,12582912,-34,0,0,0
0.6219831779999367,1779567891.789181,7218,59219,7,12582912,-59,0,0,0
0.681421962000968,1779567891.84862,7219,59220,0,12582912,-45,0,0,0
0.681421962000968,1779567891.84862,7219,59221,1,12582912,-17,0,0,0
0.681421962000968,1779567891.84862,7219,59222,2,12582912,-13,0,0,0
0.681421962000968,1779567891.84862,7219,59223,3,12582912,-34,0,0,0
0.681421962000968,1779567891.84862,7219,59224,4,12582912,-47,0,0,0
0.681421962000968,1779567891.84862,7219,59225,5,12582912,-32,0,0,0
0.681421962000968,1779567891.84862,7219,59226,6,12582912,-10,0,0,0
0.681421962000968,1779567891.84862,7219,59227,7,12582912,-14,0,0,0
0.6817502930007322,1779567891.8489463,7220,59228,0,12582912,-40,0,0,0
0.6817502930007322,1779567891.8489463,7220,59229,1,12582912,-55,0,0,0
0.6817502930007322,1779567891.8489463,7220,59230,2,12582912,-43,0,0,0
0.6817502930007322,1779567891.8489463,7220,59231,3,12582912,-26,0,0,0
0.6817502930007322,1779567891.8489463,7220,59232,4,12582912,-35,0,0,0
0.6817502930007322,1779567891.8489463,7220,59233,5,12582912,-60,0,0,0
0.6817502930007322,1779567891.8489463,7220,59234,6,12582912,-70,0,0,0
0.6817502930007322,1779567891.8489463,7220,59235,7,12582912,-53,0,0,0
0.7243706949993793,1779567891.8915675,7221,59236,0,12582912,-31,0,0,0
0.7243706949993793,1779567891.8915675,7221,59237,1,12582912,-23,0,0,0
0.7243706949993793,1779567891.8915675,7221,59238,2,12582912,-28,0,0,0
0.7243706949993793,1779567891.8915675,7221,59239,3,12582912,-36,0,0,0
0.7243706949993793,1779567891.8915675,7221,59240,4,12582912,-38,0,0,0
0.7243706949993793,1779567891.8915675,7221,59241,5,12582912,-40,0,0,0
0.7243706949993793,1779567891.8915675,7221,59242,6,12582912,-55,0,0,0
0.7243706949993793,1779567891.8915675,7221,59243,7,12582912,-75,0,0,0
0.7529424380009004,1779567891.9201396,7222,59244,0,12582912,-77,0,0,0
0.7529424380009004,1779567891.9201396,7222,59245,1,12582912,-50,0,0,0
0.7529424380009004,1779567891.9201396,7222,59246,2,12582912,-21,0,0,0
0.7529424380009004,1779567891.9201396,7222,59247,3,12582912,-19,0,0,0
0.7529424380009004,1779567891.9201396,7222,59248,4,12582912,-38,0,0,0
0.7529424380009004,1779567891.9201396,7222,59249,5,12582912,-45,0,0,0
0.7529424380009004,1779567891.9201396,7222,59250,6,12582912,-24,0,0,0
0.7529424380009004,1779567891.9201396,7222,59251,7,12582912,4,0,0,0
0.7740830830007326,1779567891.9412794,7223,59252,0,12582912,5,0,0,0
0.7740830830007326,1779567891.9412794,7223,59253,1,12582912,-17,0,0,0
0.7740830830007326,1779567891.9412794,7223,59254,2,12582912,-32,0,0,0
0.7740830830007326,1779567891.9412794,7223,59255,3,12582912,-22,0,0,0
0.7740830830007326,1779567891.9412794,7223,59256,4,12582912,-2,0,0,0
0.7740830830007326,1779567891.9412794,7223,59257,5,12582912,-1,0,0,0
0.7740830830007326,1779567891.9412794,7223,59258,6,12582912,-16,0,0,0
0.7740830830007326,1779567891.9412794,7223,59259,7,12582912,-25,0,0,0
0.8166628609997133,1779567891.9838607,7224,59260,0,12582912,-14,0,0,0
0.8166628609997133,1779567891.9838607,7224,59261,1,12582912,4,0,0,0
0.8166628609997133,1779567891.9838607,7224,59262,2,12582912,0,0,0,0
0.8166628609997133,1779567891.9838607,7224,59263,3,12582912,-22,0,0,0
0.8166628609997133,1779567891.9838607,7224,59264,4,12582912,-28,0,0,0
0.8166628609997133,1779567891.9838607,7224,59265,5,12582912,-9,0,0,0
0.8166628609997133,1779567891.9838607,7224,59266,6,12582912,9,0,0,0
0.8166628609997133,1779567891.9838607,7224,59267,7,12582912,4,0,0,0
0.8387486560004618,1779567892.0059462,7225,59268,0,12582912,-15,0,0,0
0.8387486560004618,1779567892.0059462,7225,59269,1,12582912,-28,0,0,0
0.8387486560004618,1779567892.0059462,7225,59270,2,12582912,-20,0,0,0
0.8387486560004618,1779567892.0059462,7225,59271,3,12582912,-5,0,0,0
0.8387486560004618,1779567892.0059462,7225,59272,4,12582912,-5,0,0,0
0.8387486560004618,1779567892.0059462,7225,59273,5,12582912,-17,0,0,0
0.8387486560004618,1779567892.0059462,7225,59274,6,12582912,-22,0,0,0
0.8387486560004618,1779567892.0059462,7225,59275,7,12582912,-11,0,0,0
0.8968996359999437,1779567892.0640972,7226,59276,0,12582912,-1,0,0,0
0.8968996359999437,1779567892.0640972,7226,59277,1,12582912,-11,0,0,0
0.8968996359999437,1779567892.0640972,7226,59278,2,12582912,-35,0,0,0
0.8968996359999437,1779567892.0640972,7226,59279,3,12582912,-46,0,0,0
0.8968996359999437,1779567892.0640972,7226,59280,4,12582912,-33,0,0,0
0.8968996359999437,1779567892.0640972,7226,59281,5,12582912,-12,0,0,0
0.8968996359999437,1779567892.0640972,7226,59282,6,12582912,-4,0,0,0
0.8968996359999437,1779567892.0640972,7226,59283,7,12582912,-19,0,0,0
0.9608739630002674,1779567892.1280704,7227,59284,0,12582912,-41,0,0,0
0.9608739630002674,1779567892.1280704,7227,59285,1,12582912,-44,0,0,0
0.9608739630002674,1779567892.1280704,7227,59286,2,12582912,-36,0,0,0
0.9608739630002674,1779567892.1280704,7227,59287,3,12582912,-37,0,0,0
0.9608739630002674,1779567892.1280704,7227,59288,4,12582912,-46,0,0,0
0.9608739630002674,1779567892.1280704,7227,59289,5,12582912,-48,0,0,0
0.9608739630002674,1779567892.1280704,7227,59290,6,12582912,-39,0,0,0
0.9608739630002674,1779567892.1280704,7227,59291,7,12582912,-29,0,0,0
0.9610116189996916,1779567892.1282067,7228,59292,0,12582912,-31,0,0,0
0.9610116189996916,1779567892.1282067,7228,59293,1,12582912,-44,0,0,0
0.9610116189996916,1779567892.1282067,7228,59294,2,12582912,-51,0,0,0
0.9610116189996916,1779567892.1282067,7228,59295,3,12582912,-42,0,0,0
0.9610116189996916,1779567892.1282067,7228,59296,4,12582912,-32,0,0,0
0.9610116189996916,1779567892.1282067,7228,59297,5,12582912,-38,0,0,0
0.9610116189996916,1779567892.1282067,7228,59298,6,12582912,-49,0,0,0
0.9610116189996916,1779567892.1282067,7228,59299,7,12582912,-51,0,0,0
0.9825340320003306,1779567892.1497316,7229,59300,0,12582912,-47,0,0,0
0.9825340320003306,1779567892.1497316,7229,59301,1,12582912,-44,0,0,0
0.9825340320003306,1779567892.1497316,7229,59302,2,12582912,-44,0,0,0
0.9825340320003306,1779567892.1497316,7229,59303,3,12582912,-37,0,0,0
0.9825340320003306,1779567892.1497316,7229,59304,4,12582912,-32,0,0,0
0.9825340320003306,1779567892.1497316,7229,59305,5,12582912,-37,0,0,0
0.9825340320003306,1779567892.1497316,7229,59306,6,12582912,-47,0,0,0
0.9825340320003306,1779567892.1497316,7229,59307,7,12582912,-51,0,0,0
1.0177196389995515,1779567892.184917,7230,59308,0,12582912,-41,0,0,0
1.0177196389995515,1779567892.184917,7230,59309,1,12582912,-29,0,0,0
1.0177196389995515,1779567892.184917,7230,59310,2,12582912,-26,0,0,0
1.0177196389995515,1779567892.184917,7230,59311,3,12582912,-31,0,0,0
1.0177196389995515,1779567892.184917,7230,59312,4,12582912,-37,0,0,0
1.0177196389995515,1779567892.184917,7230,59313,5,12582912,-39,0,0,0
1.0177196389995515,1779567892.184917,7230,59314,6,12582912,-40,0,0,0
1.0177196389995515,1779567892.184917,7230,59315,7,12582912,-41,0,0,0
1.044841027000075,1779567892.2120385,7231,59316,0,12582912,-45,0,0,0
1.044841027000075,1779567892.2120385,7231,59317,1,12582912,-50,0,0,0
1.044841027000075,1779567892.2120385,7231,59318,2,12582912,-49,0,0,0
1.044841027000075,1779567892.2120385,7231,59319,3,12582912,-45,0,0,0
1.044841027000075,1779567892.2120385,7231,59320,4,12582912,-42,0,0,0
1.044841027000075,1779567892.2120385,7231,59321,5,12582912,-42,0,0,0
1.044841027000075,1779567892.2120385,7231,59322,6,12582912,-47,0,0,0
1.044841027000075,1779567892.2120385,7231,59323,7,12582912,-53,0,0,0
1.0665577620002296,1779567892.2337554,7232,59324,0,12582912,-55,0,0,0
1.0665577620002296,1779567892.2337554,7232,59325,1,12582912,-47,0,0,0
1.0665577620002296,1779567892.2337554,7232,59326,2,12582912,-36,0,0,0
1.0665577620002296,1779567892.2337554,7232,59327,3,12582912,-35,0,0,0
1.0665577620002296,1779567892.2337554,7232,59328,4,12582912,-43,0,0,0
1.0665577620002296,1779567892.2337554,7232,59329,5,12582912,-51,0,0,0
1.0665577620002296,1779567892.2337554,7232,59330,6,12582912,-46,0,0,0
1.0665577620002296,1779567892.2337554,7232,59331,7,12582912,-30,0,0,0
1.1035312220010383,1779567892.270729,7233,59332,0,12582912,-15,0,0,0
1.1035312220010383,1779567892.270729,7233,59333,1,12582912,-12,0,0,0
1.1035312220010383,1779567892.270729,7233,59334,2,12582912,-18,0,0,0
1.1035312220010383,1779567892.270729,7233,59335,3,12582912,-18,0,0,0
1.1035312220010383,1779567892.270729,7233,59336,4,12582912,-8,0,0,0
1.1035312220010383,1779567892.270729,7233,59337,5,12582912,-1,0,0,0
1.1035312220010383,1779567892.270729,7233,59338,6,12582912,-9,0,0,0
1.1035312220010383,1779567892.270729,7233,59339,7,12582912,-23,0,0,0
1.125874045999808,1779567892.2930715,7234,59340,0,12582912,-27,0,0,0
1.125874045999808,1779567892.2930715,7234,59341,1,12582912,-20,0,0,0
1.125874045999808,1779567892.2930715,7234,59342,2,12582912,-19,0,0,0
1.125874045999808,1779567892.2930715,7234,59343,3,12582912,-29,0,0,0
1.125874045999808,1779567892.2930715,7234,59344,4,12582912,-38,0,0,0
1.125874045999808,1779567892.2930715,7234,59345,5,12582912,-28,0,0,0
1.125874045999808,1779567892.2930715,7234,59346,6,12582912,-8,0,0,0
1.125874045999808,1779567892.2930715,7234,59347,7,12582912,-8,0,0,0
1.1687115830009134,1779567892.3359091,7235,59348,0,12582912,-29,0,0,0
1.1687115830009134,1779567892.3359091,7235,59349,1,12582912,-48,0,0,0
1.1687115830009134,1779567892.3359091,7235,59350,2,12582912,-48,0,0,0
1.1687115830009134,1779567892.3359091,7235,59351,3,12582912,-38,0,0,0
1.1687115830009134,1779567892.3359091,7235,59352,4,12582912,-32,0,0,0
1.1687115830009134,1779567892.3359091,7235,59353,5,12582912,-34,0,0,0
1.1687115830009134,1779567892.3359091,7235,59354,6,12582912,-40,0,0,0
1.1687115830009134,1779567892.3359091,7235,59355,7,12582912,-45,0,0,0
1.190713367999706,1779567892.357911,7236,59356,0,12582912,-45,0,0,0
1.190713367999706,1779567892.357911,7236,59357,1,12582912,-44,0,0,0
1.190713367999706,1779567892.357911,7236,59358,2,12582912,-50,0,0,0
1.190713367999706,1779567892.357911,7236,59359,3,12582912,-60,0,0,0
1.190713367999706,1779567892.357911,7236,59360,4,12582912,-62,0,0,0
1.190713367999706,1779567892.357911,7236,59361,5,12582912,-56,0,0,0
1.190713367999706,1779567892.357911,7236,59362,6,12582912,-58,0,0,0
1.190713367999706,1779567892.357911,7236,59363,7,12582912,-70,0,0,0
1.2335741339993547,1779567892.4007719,7237,59364,0,12582912,-94,0,0,0
1.2335741339993547,1779567892.4007719,7237,59365,1,12582912,-121,0,0,0
1.2335741339993547,1779567892.4007719,7237,59366,2,12582912,-133,0,0,0
1.2335741339993547,1779567892.4007719,7237,59367,3,12582912,-126,0,0,0
1.2335741339993547,1779567892.4007719,7237,59368,4,12582912,-116,0,0,0
1.2335741339993547,1779567892.4007719,7237,59369,5,12582912,-112,0,0,0
1.2335741339993547,1779567892.4007719,7237,59370,6,12582912,-98,0,0,0
1.2335741339993547,1779567892.4007719,7237,59371,7,12582912,-81,0,0,0
1.2689084379999258,1779567892.436106,7238,59372,0,12582912,-97,0,0,0
1.2689084379999258,1779567892.436106,7238,59373,1,12582912,-155,0,0,0
1.2689084379999258,1779567892.436106,7238,59374,2,12582912,-210,0,0,0
1.2689084379999258,1779567892.436106,7238,59375,3,12582912,-228,0,0,0
1.2689084379999258,1779567892.436106,7238,59376,4,12582912,-209,0,0,0
1.2689084379999258,1779567892.436106,7238,59377,5,12582912,-170,0,0,0
1.2689084379999258,1779567892.436106,7238,59378,6,12582912,-134,0,0,0
1.2689084379999258,1779567892.436106,7238,59379,7,12582912,-126,0,0,0
1.3057546590007405,1779567892.4729524,7239,59380,0,12582912,-150,0,0,0
1.3057546590007405,1779567892.4729524,7239,59381,1,12582912,-180,0,0,0
1.3057546590007405,1779567892.4729524,7239,59382,2,12582912,-185,0,0,0
1.3057546590007405,1779567892.4729524,7239,59383,3,12582912,-155,0,0,0
1.3057546590007405,1779567892.4729524,7239,59384,4,12582912,-115,0,0,0
1.3057546590007405,1779567892.4729524,7239,59385,5,12582912,-97,0,0,0
1.3057546590007405,1779567892.4729524,7239,59386,6,12582912,-102,0,0,0
1.3057546590007405,1779567892.4729524,7239,59387,7,12582912,-102,0,0,0
1.4361604860005173,1779567892.6033583,7240,59388,0,12582912,-76,0,0,0
1.4361604860005173,1779567892.6033583,7240,59389,1,12582912,-45,0,0,0
1.4361604860005173,1779567892.6033583,7240,59390,2,12582912,-45,0,0,0
1.4361604860005173,1779567892.6033583,7240,59391,3,12582912,-66,0,0,0
1.4361604860005173,1779567892.6033583,7240,59392,4,12582912,-82,0,0,0
1.4361604860005173,1779567892.6033583,7240,59393,5,12582912,-88,0,0,0
1.4361604860005173,1779567892.6033583,7240,59394,6,12582912,-80,0,0,0
1.4361604860005173,1779567892.6033583,7240,59395,7,12582912,-62,0,0,0
1.4364807439997094,1779567892.603677,7241,59396,0,12582912,-51,0,0,0
1.4364807439997094,1779567892.603677,7241,59397,1,12582912,-44,0,0,0
1.4364807439997094,1779567892.603677,7241,59398,2,12582912,-30,0,0,0
1.4364807439997094,1779567892.603677,7241,59399,3,12582912,-21,0,0,0
1.4364807439997094,1779567892.603677,7241,59400,4,12582912,-34,0,0,0
1.4364807439997094,1779567892.603677,7241,59401,5,12582912,-61,0,0,0
1.4364807439997094,1779567892.603677,7241,59402,6,12582912,-81,0,0,0
1.4364807439997094,1779567892.603677,7241,59403,7,12582912,-79,0,0,0
1.436770169000738,1779567892.6039662,7242,59404,0,12582912,-62,0,0,0
1.436770169000738,1779567892.6039662,7242,59405,1,12582912,-44,0,0,0
1.436770169000738,1779567892.6039662,7242,59406,2,12582912,-30,0,0,0
1.436770169000738,1779567892.6039662,7242,59407,3,12582912,-20,0,0,0
1.436770169000738,1779567892.6039662,7242,59408,4,12582912,-18,0,0,0
1.436770169000738,1779567892.6039662,7242,59409,5,12582912,-36,0,0,0
1.436770169000738,1779567892.6039662,7242,59410,6,12582912,-62,0,0,0
1.436770169000738,1779567892.6039662,7242,59411,7,12582912,-79,0,0,0
1.437064437999652,1779567892.6042607,7243,59412,0,12582912,-83,0,0,0
1.437064437999652,1779567892.6042607,7243,59413,1,12582912,-74,0,0,0
1.437064437999652,1779567892.6042607,7243,59414,2,12582912,-59,0,0,0
1.437064437999652,1779567892.6042607,7243,59415,3,12582912,-47,0,0,0
1.437064437999652,1779567892.6042607,7243,59416,4,12582912,-47,0,0,0
1.437064437999652,1779567892.6042607,7243,59417,5,12582912,-61,0,0,0
1.437064437999652,1779567892.6042607,7243,59418,6,12582912,-71,0,0,0
1.437064437999652,1779567892.6042607,7243,59419,7,12582912,-67,0,0,0
1.458710601000348,1779567892.6259084,7244,59420,0,12582912,-57,0,0,0
1.458710601000348,1779567892.6259084,7244,59421,1,12582912,-55,0,0,0
1.458710601000348,1779567892.6259084,7244,59422,2,12582912,-62,0,0,0
1.458710601000348,1779567892.6259084,7244,59423,3,12582912,-68,0,0,0
1.458710601000348,1779567892.6259084,7244,59424,4,12582912,-72,0,0,0
1.458710601000348,1779567892.6259084,7244,59425,5,12582912,-71,0,0,0
1.458710601000348,1779567892.6259084,7244,59426,6,12582912,-57,0,0,0
1.458710601000348,1779567892.6259084,7244,59427,7,12582912,-43,0,0,0
1.4804982730001939,1779567892.647696,7245,59428,0,12582912,-47,0,0,0
1.4804982730001939,1779567892.647696,7245,59429,1,12582912,-66,0,0,0
1.4804982730001939,1779567892.647696,7245,59430,2,12582912,-83,0,0,0
1.4804982730001939,1779567892.647696,7245,59431,3,12582912,-87,0,0,0
1.4804982730001939,1779567892.647696,7245,59432,4,12582912,-83,0,0,0
1.4804982730001939,1779567892.647696,7245,59433,5,12582912,-72,0,0,0
1.4804982730001939,1779567892.647696,7245,59434,6,12582912,-56,0,0,0
1.4804982730001939,1779567892.647696,7245,59435,7,12582912,-45,0,0,0
1.5307653969994135,1779567892.697963,7246,59436,0,12582912,-47,0,0,0
1.5307653969994135,1779567892.697963,7246,59437,1,12582912,-55,0,0,0
1.5307653969994135,1779567892.697963,7246,59438,2,12582912,-57,0,0,0
1.5307653969994135,1779567892.697963,7246,59439,3,12582912,-56,0,0,0
1.5307653969994135,1779567892.697963,7246,59440,4,12582912,-62,0,0,0
1.5307653969994135,1779567892.697963,7246,59441,5,12582912,-67,0,0,0
1.5307653969994135,1779567892.697963,7246,59442,6,12582912,-61,0,0,0
1.5307653969994135,1779567892.697963,7246,59443,7,12582912,-46,0,0,0
1.5583805839996785,1779567892.7255783,7247,59444,0,12582912,-38,0,0,0
1.5583805839996785,1779567892.7255783,7247,59445,1,12582912,-43,0,0,0
1.5583805839996785,1779567892.7255783,7247,59446,2,12582912,-49,0,0,0
1.5583805839996785,1779567892.7255783,7247,59447,3,12582912,-51,0,0,0
1.5583805839996785,1779567892.7255783,7247,59448,4,12582912,-47,0,0,0
1.5583805839996785,1779567892.7255783,7247,59449,5,12582912,-47,0,0,0
1.5583805839996785,1779567892.7255783,7247,59450,6,12582912,-56,0,0,0
1.5583805839996785,1779567892.7255783,7247,59451,7,12582912,-63,0,0,0
1.580115755999941,1779567892.7473135,7248,59452,0,12582912,-53,0,0,0
1.580115755999941,1779567892.7473135,7248,59453,1,12582912,-36,0,0,0
1.580115755999941,1779567892.7473135,7248,59454,2,12582912,-33,0,0,0
1.580115755999941,1779567892.7473135,7248,59455,3,12582912,-47,0,0,0
1.580115755999941,1779567892.7473135,7248,59456,4,12582912,-61,0,0,0
1.580115755999941,1779567892.7473135,7248,59457,5,12582912,-60,0,0,0
1.580115755999941,1779567892.7473135,7248,59458,6,12582912,-56,0,0,0
1.580115755999941,1779567892.7473135,7248,59459,7,12582912,-59,0,0,0
1.6233946440006548,1779567892.7905934,7249,59460,0,12582912,-63,0,0,0
1.6233946440006548,1779567892.7905934,7249,59461,1,12582912,-62,0,0,0
1.6233946440006548,1779567892.7905934,7249,59462,2,12582912,-57,0,0,0
1.6233946440006548,1779567892.7905934,7249,59463,3,12582912,-47,0,0,0
1.6233946440006548,1779567892.7905934,7249,59464,4,12582912,-43,0,0,0
1.6233946440006548,1779567892.7905934,7249,59465,5,12582912,-53,0,0,0
1.6233946440006548,1779567892.7905934,7249,59466,6,12582912,-61,0,0,0
1.6233946440006548,1779567892.7905934,7249,59467,7,12582912,-64,0,0,0
1.6451045039993915,1779567892.812302,7250,59468,0,12582912,-63,0,0,0
1.6451045039993915,1779567892.812302,7250,59469,1,12582912,-54,0,0,0
1.6451045039993915,1779567892.812302,7250,59470,2,12582912,-39,0,0,0
1.6451045039993915,1779567892.812302,7250,59471,3,12582912,-37,0,0,0
1.6451045039993915,1779567892.812302,7250,59472,4,12582912,-48,0,0,0
1.6451045039993915,1779567892.812302,7250,59473,5,12582912,-50,0,0,0
1.6451045039993915,1779567892.812302,7250,59474,6,12582912,-37,0,0,0
1.6451045039993915,1779567892.812302,7250,59475,7,12582912,-26,0,0,0
1.6879429790005815,1779567892.8551404,7251,59476,0,12582912,-24,0,0,0
1.6879429790005815,1779567892.8551404,7251,59477,1,12582912,-24,0,0,0
1.6879429790005815,1779567892.8551404,7251,59478,2,12582912,-20,0,0,0
1.6879429790005815,1779567892.8551404,7251,59479,3,12582912,-25,0,0,0
1.6879429790005815,1779567892.8551404,7251,59480,4,12582912,-36,0,0,0
1.6879429790005815,1779567892.8551404,7251,59481,5,12582912,-35,0,0,0
1.6879429790005815,1779567892.8551404,7251,59482,6,12582912,-28,0,0,0
1.6879429790005815,1779567892.8551404,7251,59483,7,12582912,-34,0,0,0
1.7096139330005826,1779567892.8768115,7252,59484,0,12582912,-57,0,0,0
1.7096139330005826,1779567892.8768115,7252,59485,1,12582912,-72,0,0,0
1.7096139330005826,1779567892.8768115,7252,59486,2,12582912,-58,0,0,0
1.7096139330005826,1779567892.8768115,7252,59487,3,12582912,-33,0,0,0
1.7096139330005826,1779567892.8768115,7252,59488,4,12582912,-18,0,0,0
1.7096139330005826,1779567892.8768115,7252,59489,5,12582912,-12,0,0,0
1.7096139330005826,1779567892.8768115,7252,59490,6,12582912,-5,0,0,0
1.7096139330005826,1779567892.8768115,7252,59491,7,12582912,1,0,0,0
1.80262729199967,1779567892.969825,7253,59492,0,12582912,-2,0,0,0
1.80262729199967,1779567892.969825,7253,59493,1,12582912,-11,0,0,0
1.80262729199967,1779567892.969825,7253,59494,2,12582912,-18,0,0,0
1.80262729199967,1779567892.969825,7253,59495,3,12582912,-18,0,0,0
1.80262729199967,1779567892.969825,7253,59496,4,12582912,-10,0,0,0
1.80262729199967,1779567892.969825,7253,59497,5,12582912,3,0,0,0
1.80262729199967,1779567892.969825,7253,59498,6,12582912,12,0,0,0
1.80262729199967,1779567892.969825,7253,59499,7,12582912,12,0,0,0
1.802941717000067,1779567892.970138,7254,59500,0,12582912,8,0,0,0
1.802941717000067,1779567892.970138,7254,59501,1,12632064,-990,-24479,0,0
1.802941717000067,1779567892.970138,7254,59502,2,12582912,-2579,-64322,0,0
1.802941717000067,1779567892.970138,7254,59503,3,12582912,-2395,-60990,0,0
1.802941717000067,1779567892.970138,7254,59504,4,12582912,-1124,-28444,0,0
1.802941717000067,1779567892.970138,7254,59505,5,12582912,-378,-7354,0,0
1.802941717000067,1779567892.970138,7254,59506,6,12582912,137,5127,0,0
1.802941717000067,1779567892.970138,7254,59507,7,12582912,545,11917,0,0
1.8395588250004948,1779567893.0067563,7255,59508,0,12582912,534,9594,0,0
1.8395588250004948,1779567893.0067563,7255,59509,1,12582912,106,740,0,0
1.8395588250004948,1779567893.0067563,7255,59510,2,12582912,-228,-4546,0,0
1.8395588250004948,1779567893.0067563,7255,59511,3,12582912,-89,-800,0,0
1.8395588250004948,1779567893.0067563,7255,59512,4,12582912,281,5935,0,0
1.8395588250004948,1779567893.0067563,7255,59513,5,12582912,375,6621,0,0
1.8395588250004948,1779567893.0067563,7255,59514,6,12582912,96,1061,0,0
1.8395588250004948,1779567893.0067563,7255,59515,7,12582912,-159,-2793,0,0
1.8612360290007928,1779567893.028434,7256,59516,0,12582912,-52,-64,0,0
1.8612360290007928,1779567893.028434,7256,59517,1,12582912,252,4972,0,0
1.8612360290007928,1779567893.028434,7256,59518,2,12582912,338,5426,0,0
1.8612360290007928,1779567893.028434,7256,59519,3,12582912,118,1113,0,0
1.8612360290007928,1779567893.028434,7256,59520,4,12582912,-88,-1858,0,0
1.8612360290007928,1779567893.028434,7256,59521,5,12582912,-16,260,0,0
1.8612360290007928,1779567893.028434,7256,59522,6,12582912,205,4157,0,0
1.8612360290007928,1779567893.028434,7256,59523,7,12582912,259,4504,0,0
1.8828869320004742,1779567893.0500848,7257,59524,0,12582912,85,1162,0,0
1.8828869320004742,1779567893.0500848,7257,59525,1,12582912,-66,-1142,0,0
1.8828869320004742,1779567893.0500848,7257,59526,2,12582912,4,494,0,0
1.8828869320004742,1779567893.0500848,7257,59527,3,12582912,182,3506,0,0
1.8828869320004742,1779567893.0500848,7257,59528,4,12582912,226,3771,0,0
1.8828869320004742,1779567893.0500848,7257,59529,5,12582912,89,1181,0,0
1.8828869320004742,1779567893.0500848,7257,59530,6,12582912,-37,-605,0,0
1.8828869320004742,1779567893.0500848,7257,59531,7,12582912,10,657,0,0
1.9256722289992467,1779567893.0928702,7258,59532,0,12582912,152,2984,0,0
1.9256722289992467,1779567893.0928702,7258,59533,1,12582912,191,3186,0,0
1.9256722289992467,1779567893.0928702,7258,59534,2,12582912,82,1179,0,0
1.9256722289992467,1779567893.0928702,7258,59535,3,12582912,-20,-207,0,0
1.9256722289992467,1779567893.0928702,7258,59536,4,12582912,17,767,0,0
1.9256722289992467,1779567893.0928702,7258,59537,5,12582912,132,2564,0,0
1.9256722289992467,1779567893.0928702,7258,59538,6,12582912,168,2717,0,0
1.9256722289992467,1779567893.0928702,7258,59539,7,12582912,88,1161,0,0
1.9624142320008104,1779567893.1296115,7259,59540,0,12582912,8,86,0,0
1.9624142320008104,1779567893.1296115,7259,59541,1,12582912,30,836,0,0
1.9624142320008104,1779567893.1296115,7259,59542,2,12582912,109,2223,0,0
1.9624142320008104,1779567893.1296115,7259,59543,3,12582912,130,2339,0,0
1.9624142320008104,1779567893.1296115,7259,59544,4,12582912,66,1131,0,0
1.9624142320008104,1779567893.1296115,7259,59545,5,12582912,4,297,0,0
1.9624142320008104,1779567893.1296115,7259,59546,6,12582912,24,874,0,0
1.9624142320008104,1779567893.1296115,7259,59547,7,12582912,94,1945,0,0
1.9842660190006427,1779567893.1514637,7260,59548,0,12582912,114,2032,0,0
1.9842660190006427,1779567893.1514637,7260,59549,1,12582912,56,1095,0,0
1.9842660190006427,1779567893.1514637,7260,59550,2,12582912,3,446,0,0
1.9842660190006427,1779567893.1514637,7260,59551,3,12582912,29,890,0,0
1.9842660190006427,1779567893.1514637,7260,59552,4,12582912,91,1716,0,0
1.9842660190006427,1779567893.1514637,7260,59553,5,12582912,105,1780,0,0
1.9842660190006427,1779567893.1514637,7260,59554,6,12582912,66,1053,0,0
1.9842660190006427,1779567893.1514637,7260,59555,7,12582912,30,549,0,0
2.00632931400105,1779567893.1735268,7261,59556,0,12582912,35,890,0,0
2.00632931400105,1779567893.1735268,7261,59557,1,12582912,60,1526,0,0
2.00632931400105,1779567893.1735268,7261,59558,2,12582912,64,1573,0,0
2.00632931400105,1779567893.1735268,7261,59559,3,12582912,34,1008,0,0
2.00632931400105,1779567893.1735268,7261,59560,4,12582912,10,615,0,0
2.00632931400105,1779567893.1735268,7261,59561,5,12582912,31,877,0,0
2.00632931400105,1779567893.1735268,7261,59562,6,12582912,68,1367,0,0
2.00632931400105,1779567893.1735268,7261,59563,7,12582912,68,1401,0,0
2.0419771060005587,1779567893.209175,7262,59564,0,12582912,37,962,0,0
2.0419771060005587,1779567893.209175,7262,59565,1,12582912,4,655,0,0
2.0419771060005587,1779567893.209175,7262,59566,2,12582912,-3,856,0,0
2.0419771060005587,1779567893.209175,7262,59567,3,12582912,12,1233,0,0
2.0419771060005587,1779567893.209175,7262,59568,4,12582912,11,1257,0,0
2.0419771060005587,1779567893.209175,7262,59569,5,12582912,-18,915,0,0
2.0419771060005587,1779567893.209175,7262,59570,6,12582912,-50,676,0,0
2.0419771060005587,1779567893.209175,7262,59571,7,12582912,-60,828,0,0
2.0905929390009987,1779567893.2577908,7263,59572,0,12582912,-47,1118,0,0
2.0905929390009987,1779567893.2577908,7263,59573,1,12582912,-38,1135,0,0
2.0905929390009987,1779567893.2577908,7263,59574,2,12582912,-51,868,0,0
2.0905929390009987,1779567893.2577908,7263,59575,3,12582912,-72,681,0,0
2.0905929390009987,1779567893.2577908,7263,59576,4,12582912,-84,797,0,0
2.0905929390009987,1779567893.2577908,7263,59577,5,12582912,-78,1019,0,0
2.0905929390009987,1779567893.2577908,7263,59578,6,12582912,-69,1030,0,0
2.0905929390009987,1779567893.2577908,7263,59579,7,12582912,-67,822,0,0
2.1384715889998915,1779567893.3056695,7264,59580,0,12582912,-59,675,0,0
2.1384715889998915,1779567893.3056695,7264,59581,1,12582912,-46,763,0,0
2.1384715889998915,1779567893.3056695,7264,59582,2,12582912,-54,934,0,0
2.1384715889998915,1779567893.3056695,7264,59583,3,12582912,-92,940,0,0
2.1384715889998915,1779567893.3056695,7264,59584,4,12582912,-128,777,0,0
2.1384715889998915,1779567893.3056695,7264,59585,5,12582912,-129,662,0,0
2.1384715889998915,1779567893.3056695,7264,59586,6,12582912,-106,728,0,0
2.1384715889998915,1779567893.3056695,7264,59587,7,12582912,-93,858,0,0
2.201346289000867,1779567893.368544,7265,59588,0,12582912,-90,862,0,0
2.201346289000867,1779567893.368544,7265,59589,1,12582912,-94,734,0,0
2.201346289000867,1779567893.368544,7265,59590,2,12582912,-92,643,0,0
2.201346289000867,1779567893.368544,7265,59591,3,12582912,-64,693,0,0
2.201346289000867,1779567893.368544,7265,59592,4,12582912,-37,792,0,0
2.201346289000867,1779567893.368544,7265,59593,5,12582912,-42,793,0,0
2.201346289000867,1779567893.368544,7265,59594,6,12582912,-41,693,0,0
2.201346289000867,1779567893.368544,7265,59595,7,12582912,-40,621,0,0
2.201664879999953,1779567893.368861,7266,59596,0,12582912,-82,658,0,0
2.201664879999953,1779567893.368861,7266,59597,1,12582912,-119,733,0,0
2.201664879999953,1779567893.368861,7266,59598,2,12582912,-75,732,0,0
2.201664879999953,1779567893.368861,7266,59599,3,12582912,9,653,0,0
2.201664879999953,1779567893.368861,7266,59600,4,12582912,22,596,0,0
2.201664879999953,1779567893.368861,7266,59601,5,12582912,-41,623,0,0
2.201664879999953,1779567893.368861,7266,59602,6,12582912,-78,680,0,0
2.201664879999953,1779567893.368861,7266,59603,7,12582912,-50,678,0,0
2.201954358000876,1779567893.3691504,7267,59604,0,12582912,7,615,0,0
2.201954358000876,1779567893.3691504,7267,59605,1,12582912,51,569,0,0
2.201954358000876,1779567893.3691504,7267,59606,2,12582912,65,589,0,0
2.201954358000876,1779567893.3691504,7267,59607,3,12582912,58,632,0,0
2.201954358000876,1779567893.3691504,7267,59608,4,12582912,52,629,0,0
2.201954358000876,1779567893.3691504,7267,59609,5,12582912,39,579,0,0
2.201954358000876,1779567893.3691504,7267,59610,6,12582912,-10,543,0,0
2.201954358000876,1779567893.3691504,7267,59611,7,12582912,-38,556,0,0
2.2447910089995275,1779567893.4119887,7268,59612,0,12582912,-16,588,0,0
2.2447910089995275,1779567893.4119887,7268,59613,1,12582912,-6,585,0,0
2.2447910089995275,1779567893.4119887,7268,59614,2,12582912,-8,545,0,0
2.2447910089995275,1779567893.4119887,7268,59615,3,12582912,1,515,0,0
2.2447910089995275,1779567893.4119887,7268,59616,4,12582912,-26,525,0,0
2.2447910089995275,1779567893.4119887,7268,59617,5,12582912,-106,548,0,0
2.2447910089995275,1779567893.4119887,7268,59618,6,12582912,-167,545,0,0
2.2447910089995275,1779567893.4119887,7268,59619,7,12582912,-176,513,0,0
2.2664962859998923,1779567893.433694,7269,59620,0,12582912,-184,489,0,0
2.2664962859998923,1779567893.433694,7269,59621,1,12582912,-199,495,0,0
2.2664962859998923,1779567893.433694,7269,59622,2,12582912,-202,512,0,0
2.2664962859998923,1779567893.433694,7269,59623,3,12582912,-202,508,0,0
2.2664962859998923,1779567893.433694,7269,59624,4,12582912,-222,482,0,0
2.2664962859998923,1779567893.433694,7269,59625,5,12582912,-268,462,0,0
2.2664962859998923,1779567893.433694,7269,59626,6,12582912,-318,466,0,0
2.2664962859998923,1779567893.433694,7269,59627,7,12582912,-340,478,0,0
2.3022970969996095,1779567893.469495,7270,59628,0,12582912,-335,475,0,15135
2.3022970969996095,1779567893.469495,7270,59629,1,12582912,-309,455,0,39769
2.3022970969996095,1779567893.469495,7270,59630,2,12582912,-274,439,0,37709
2.3022970969996095,1779567893.469495,7270,59631,3,12582912,-300,440,0,17586
2.3022970969996095,1779567893.469495,7270,59632,4,12582912,-418,448,0,4547
2.3022970969996095,1779567893.469495,7270,59633,5,12582912,-518,443,0,-3170
2.3022970969996095,1779567893.469495,7270,59634,6,12582912,-487,426,0,-7368
2.3022970969996095,1779567893.469495,7270,59635,7,12582912,-379,412,0,-5932
2.4017341140006465,1779567893.568932,7271,59636,0,12582912,-380,413,0,-458
2.4017341140006465,1779567893.568932,7271,59637,1,12582912,-509,419,0,2810
2.4017341140006465,1779567893.568932,7271,59638,2,12582912,-548,415,0,495
2.4017341140006465,1779567893.568932,7271,59639,3,12582912,-415,400,0,-3669
2.4017341140006465,1779567893.568932,7271,59640,4,12582912,-302,389,0,-4094
2.4017341140006465,1779567893.568932,7271,59641,5,12582912,-366,389,0,-656
2.4017341140006465,1779567893.568932,7271,59642,6,12582912,-510,392,0,1727
2.4017341140006465,1779567893.568932,7271,59643,7,12582912,-535,388,0,40
2.4020577579995006,1779567893.569254,7272,59644,0,12582912,-437,376,0,-3074
2.4020577579995006,1779567893.569254,7272,59645,1,12582912,-403,367,0,-3354
2.4020577579995006,1779567893.569254,7272,59646,2,12582912,-491,366,0,-688
2.4020577579995006,1779567893.569254,7272,59647,3,12582912,-532,367,0,1149
2.4020577579995006,1779567893.569254,7272,59648,4,12582912,-422,363,0,-161
2.4020577579995006,1779567893.569254,7272,59649,5,12582912,-285,353,0,-2570
2.4020577579995006,1779567893.569254,7272,59650,6,12582912,-290,345,0,-2785
2.4020577579995006,1779567893.569254,7272,59651,7,12582912,-410,344,0,-718
2.4445144639994396,1779567893.611712,7273,59652,0,12582912,-451,344,0,706
2.4445144639994396,1779567893.611712,7273,59653,1,12582912,-362,341,0,-305
2.4445144639994396,1779567893.611712,7273,59654,2,12582912,-320,332,0,-2167
2.4445144639994396,1779567893.611712,7273,59655,3,12582912,-390,325,0,-2331
2.4445144639994396,1779567893.611712,7273,59656,4,12582912,-432,323,0,-730
2.4445144639994396,1779567893.611712,7273,59657,5,12582912,-356,323,0,374
2.4445144639994396,1779567893.611712,7273,59658,6,12582912,-251,319,0,-406
2.4445144639994396,1779567893.611712,7273,59659,7,12582912,-246,312,0,-1845
2.444831336999414,1779567893.6120281,7274,59660,0,12582912,-298,306,0,-1970
2.444831336999414,1779567893.6120281,7274,59661,1,12582912,-268,304,0,-729
2.444831336999414,1779567893.6120281,7274,59662,2,12582912,-196,303,0,128
2.444831336999414,1779567893.6120281,7274,59663,3,12582912,-213,299,0,-474
2.444831336999414,1779567893.6120281,7274,59664,4,12582912,-302,293,0,-1585
2.444831336999414,1779567893.6120281,7274,59665,5,12582912,-329,288,0,-1680
2.444831336999414,1779567893.6120281,7274,59666,6,12582912,-249,285,0,-718
2.444831336999414,1779567893.6120281,7274,59667,7,12582912,-167,284,0,-53
2.487701580999783,1779567893.6548994,7275,59668,0,12582912,-179,281,0,-517
2.487701580999783,1779567893.6548994,7275,59669,1,12582912,-216,275,0,-1375
2.487701580999783,1779567893.6548994,7275,59670,2,12582912,-161,271,0,-1446
2.487701580999783,1779567893.6548994,7275,59671,3,12582912,-89,268,0,-700
2.487701580999783,1779567893.6548994,7275,59672,4,12582912,-135,267,0,-183
2.487701580999783,1779567893.6548994,7275,59673,5,12582912,-252,263,0,-541
2.487701580999783,1779567893.6548994,7275,59674,6,12582912,-276,259,0,-1203
2.487701580999783,1779567893.6548994,7275,59675,7,12582912,-168,254,0,-1256
2.551403150999249,1779567893.7186015,7276,59676,0,12582912,-96,252,0,-677
2.551403150999249,1779567893.7186015,7276,59677,1,12582912,-171,250,0,-276
2.551403150999249,1779567893.7186015,7276,59678,2,12582912,-231,247,0,-550
2.551403150999249,1779567893.7186015,7276,59679,3,12582912,-142,243,0,-1061
2.551403150999249,1779567893.7186015,7276,59680,4,12582912,-25,239,0,-1101
2.551403150999249,1779567893.7186015,7276,59681,5,12582912,-44,237,0,-651
2.551403150999249,1779567893.7186015,7276,59682,6,12582912,-164,235,0,-339
2.551403150999249,1779567893.7186015,7276,59683,7,12582912,-211,232,0,-550
2.5772392870003387,1779567893.7444377,7277,59684,0,12582912,-119,228,0,-944
2.5772392870003387,1779567893.7444377,7277,59685,1,12582912,-53,225,0,-973
2.5772392870003387,1779567893.7444377,7277,59686,2,12582912,-125,222,0,-623
2.5772392870003387,1779567893.7444377,7277,59687,3,12582912,-174,220,0,-380
2.5772392870003387,1779567893.7444377,7277,59688,4,12582912,-80,218,0,-542
2.5772392870003387,1779567893.7444377,7277,59689,5,12582912,30,214,0,-845
2.5772392870003387,1779567893.7444377,7277,59690,6,12582912,7,211,0,-866
2.5772392870003387,1779567893.7444377,7277,59691,7,12582912,-114,209,0,-595
2.613982279000993,1779567893.7811801,7278,59692,0,12582912,-167,207,0,-405
2.613982279000993,1779567893.7811801,7278,59693,1,12582912,-84,204,0,-529
2.613982279000993,1779567893.7811801,7278,59694,2,12582912,16,201,0,-762
2.613982279000993,1779567893.7811801,7278,59695,3,12582912,2,198,0,-777
2.613982279000993,1779567893.7811801,7278,59696,4,12582912,-87,196,0,-565
2.613982279000993,1779567893.7811801,7278,59697,5,12582912,-118,194,0,-418
2.613982279000993,1779567893.7811801,7278,59698,6,12582912,-55,192,0,-512
2.613982279000993,1779567893.7811801,7278,59699,7,12582912,14,189,0,-691
2.6522673449999274,1779567893.8194652,7279,59700,0,12583104,-928,19448,0,-702
2.6522673449999274,1779567893.8194652,7279,59701,1,12582912,-2470,50796,0,-537
2.6522673449999274,1779567893.8194652,7279,59702,2,12582912,-2288,48173,0,-421
2.6522673449999274,1779567893.8194652,7279,59703,3,12582912,-991,22562,0,-493
2.6522673449999274,1779567893.8194652,7279,59704,4,12582912,-257,5964,0,-630
2.6522673449999274,1779567893.8194652,7279,59705,5,12582912,82,-3859,0,-637
2.6522673449999274,1779567893.8194652,7279,59706,6,12582912,306,-9204,0,-508
2.6522673449999274,1779567893.8194652,7279,59707,7,12582912,322,-7378,0,-418
2.673920643999736,1779567893.841118,7280,59708,0,12582912,51,-414,0,-472
2.673920643999736,1779567893.841118,7280,59709,1,12582912,-243,3743,0,-577
2.673920643999736,1779567893.841118,7280,59710,2,12582912,-173,794,0,-581
2.673920643999736,1779567893.841118,7280,59711,3,12582912,181,-4507,0,-481
2.673920643999736,1779567893.841118,7280,59712,4,12582912,341,-5049,0,-409
2.673920643999736,1779567893.841118,7280,59713,5,12582912,114,-676,0,-450
2.673920643999736,1779567893.841118,7280,59714,6,12582912,-166,2354,0,-531
2.673920643999736,1779567893.841118,7280,59715,7,12582912,-121,205,0,-533
2.6956395659999544,1779567893.8628373,7281,59716,0,12582912,137,-3760,0,-454
2.6956395659999544,1779567893.8628373,7281,59717,1,12582912,179,-4118,0,-398
2.6956395659999544,1779567893.8628373,7281,59718,2,12582912,-83,-727,0,-428
2.6956395659999544,1779567893.8628373,7281,59719,3,12582912,-249,1609,0,-490
2.6956395659999544,1779567893.8628373,7281,59720,4,12582912,-47,-60,0,-490
2.6956395659999544,1779567893.8628373,7281,59721,5,12582912,259,-3128,0,-428
2.6956395659999544,1779567893.8628373,7281,59722,6,12582912,278,-3402,0,-384
2.6956395659999544,1779567893.8628373,7281,59723,7,12582912,23,-774,0,-407
2.7383715310006664,1779567893.905569,7282,59724,0,12582912,-124,1036,0,-453
2.7383715310006664,1779567893.905569,7282,59725,1,12582912,16,-252,0,-453
2.7383715310006664,1779567893.905569,7282,59726,2,12582912,157,-2624,0,-404
2.7383715310006664,1779567893.905569,7282,59727,3,12582912,63,-2834,0,-368
2.7383715310006664,1779567893.905569,7282,59728,4,12582912,-111,-798,0,-385
2.7383715310006664,1779567893.905569,7282,59729,5,12582912,-103,606,0,-420
2.7383715310006664,1779567893.905569,7282,59730,6,12582912,64,-389,0,-419
2.7383715310006664,1779567893.905569,7282,59731,7,12582912,137,-2222,0,-380
2.781454952000786,1779567893.9486527,7283,59732,0,12582912,60,-2382,0,-352
2.781454952000786,1779567893.9486527,7283,59733,1,12582912,9,-804,0,-364
2.781454952000786,1779567893.9486527,7283,59734,2,12582912,38,284,0,-391
2.781454952000786,1779567893.9486527,7283,59735,3,12582912,37,-483,0,-389
2.781454952000786,1779567893.9486527,7283,59736,4,12582912,-23,-1899,0,-358
2.781454952000786,1779567893.9486527,7283,59737,5,12582912,-62,-2020,0,-335
2.781454952000786,1779567893.9486527,7283,59738,6,12582912,-22,-797,0,-344
2.781454952000786,1779567893.9486527,7283,59739,7,12582912,34,47,0,-364
2.803186479000942,1779567893.9703844,7284,59740,0,12582912,17,-545,0,-361
2.803186479000942,1779567893.9703844,7284,59741,1,12582912,-13,-1638,0,-337
2.803186479000942,1779567893.9703844,7284,59742,2,12582912,56,-1730,0,-319
2.803186479000942,1779567893.9703844,7284,59743,3,12582912,130,-782,0,-325
2.803186479000942,1779567893.9703844,7284,59744,4,12582912,55,-126,0,-339
2.803186479000942,1779567893.9703844,7284,59745,5,12582912,-97,-582,0,-337
2.803186479000942,1779567893.9703844,7284,59746,6,12582912,-132,-1426,0,-317
2.803186479000942,1779567893.9703844,7284,59747,7,12582912,-18,-1495,0,-302
2.862657241999841,1779567894.029854,7285,59748,0,12582912,47,-759,0,-306
2.862657241999841,1779567894.029854,7285,59749,1,12582912,-36,-250,0,-316
2.862657241999841,1779567894.029854,7285,59750,2,12582912,-79,-601,0,-314
2.862657241999841,1779567894.029854,7285,59751,3,12582912,27,-1252,0,-298
2.862657241999841,1779567894.029854,7285,59752,4,12582912,136,-1304,0,-286
2.862657241999841,1779567894.029854,7285,59753,5,12582912,115,-733,0,-288
2.862657241999841,1779567894.029854,7285,59754,6,12582912,21,-337,0,-296
2.862657241999841,1779567894.029854,7285,59755,7,12582912,2,-607,0,-293
2.894279121999716,1779567894.0614753,7286,59756,0,12582912,77,-1109,0,-280
2.894279121999716,1779567894.0614753,7286,59757,1,12582912,96,-1147,0,-270
2.894279121999716,1779567894.0614753,7286,59758,2,12582912,7,-703,0,-271
2.894279121999716,1779567894.0614753,7286,59759,3,12582912,-29,-395,0,-277
2.894279121999716,1779567894.0614753,7286,59760,4,12582912,98,-602,0,-274
2.894279121999716,1779567894.0614753,7286,59761,5,12582912,241,-989,0,-263
2.894279121999716,1779567894.0614753,7286,59762,6,12582912,209,-1017,0,-255
2.894279121999716,1779567894.0614753,7286,59763,7,12582912,48,-672,0,-255
2.927718750999702,1779567894.0949154,7287,59764,0,12582912,-1,-432,0,-259
2.927718750999702,1779567894.0949154,7287,59765,1,12582912,119,-591,0,-256
2.927718750999702,1779567894.0949154,7287,59766,2,12582912,175,-889,0,-248
2.927718750999702,1779567894.0949154,7287,59767,3,12582912,78,-909,0,-241
2.927718750999702,1779567894.0949154,7287,59768,4,12582912,6,-640,0,-240
2.927718750999702,1779567894.0949154,7287,59769,5,12582912,79,-453,0,-242
2.927718750999702,1779567894.0949154,7287,59770,6,12582912,195,-574,0,-240
2.927718750999702,1779567894.0949154,7287,59771,7,12582912,199,-803,0,-233
2.9492205389997252,1779567894.1164172,7288,59772,0,12582912,125,-817,0,-227
2.9492205389997252,1779567894.1164172,7288,59773,1,12582912,130,-608,0,-226
2.9492205389997252,1779567894.1164172,7288,59774,2,12582912,195,-462,0,-227
2.9492205389997252,1779567894.1164172,7288,59775,3,12582912,172,-554,0,-225
2.9492205389997252,1779567894.1164172,7288,59776,4,12582912,57,-730,0,-219
2.9492205389997252,1779567894.1164172,7288,59777,5,12582912,-5,-740,0,-214
2.9492205389997252,1779567894.1164172,7288,59778,6,12582912,66,-577,0,-213
2.9492205389997252,1779567894.1164172,7288,59779,7,12582912,174,-462,0,-213
2.9917810990009457,1779567894.1589787,7289,59780,0,12582912,172,-532,0,-211
2.9917810990009457,1779567894.1589787,7289,59781,1,12582912,105,-667,0,-205
2.9917810990009457,1779567894.1589787,7289,59782,2,12582912,126,-673,0,-201
2.9917810990009457,1779567894.1589787,7289,59783,3,12582912,199,-546,0,-200
2.9917810990009457,1779567894.1589787,7289,59784,4,12582912,174,-456,0,-200
2.9917810990009457,1779567894.1589787,7289,59785,5,12582912,60,-509,0,-197
2.9917810990009457,1779567894.1589787,7289,59786,6,12582912,3,-612,0,-193
2.9917810990009457,1779567894.1589787,7289,59787,7,12582912,67,-616,0,-189
3.034768375000567,1779567894.2019658,7290,59788,0,12582912,118,-516,0,-188
3.034768375000567,1779567894.2019658,7290,59789,1,12582912,49,-445,0,-187
3.034768375000567,1779567894.2019658,7290,59790,2,12582912,-2,-485,0,-185
3.034768375000567,1779567894.2019658,7290,59791,3,12582912,85,-564,0,-181
3.034768375000567,1779567894.2019658,7290,59792,4,12582912,197,-565,0,-178
3.034768375000567,1779567894.2019658,7290,59793,5,12582912,174,-487,0,-176
3.034768375000567,1779567894.2019658,7290,59794,6,12582912,48,-431,0,-176
3.034768375000567,1779567894.2019658,7290,59795,7,12582912,-12,-461,0,-174
3.0718868340009067,1779567894.2390845,7291,59796,0,12582912,43,-521,0,-170
3.0718868340009067,1779567894.2390845,7291,59797,1,12582912,77,-521,0,-167
3.0718868340009067,1779567894.2390845,7291,59798,2,12582912,10,-459,0,-166
3.0718868340009067,1779567894.2390845,7291,59799,3,12582912,-27,-415,0,-165
3.0718868340009067,1779567894.2390845,7291,59800,4,12582912,67,-437,0,-163
3.0718868340009067,1779567894.2390845,7291,59801,5,12582912,184,-482,0,-160
3.0718868340009067,1779567894.2390845,7291,59802,6,12582912,175,-481,0,-157
3.0718868340009067,1779567894.2390845,7291,59803,7,12582912,59,-433,0,-156
3.0998491539994575,1779567894.267047,7292,59804,0,12582912,16,-398,0,-155
3.0998491539994575,1779567894.267047,7292,59805,1,12582912,99,-414,0,-153
3.0998491539994575,1779567894.267047,7292,59806,2,12582912,126,-448,0,-150
3.0998491539994575,1779567894.267047,7292,59807,3,12582912,34,-446,0,-148
3.0998491539994575,1779567894.267047,7292,59808,4,12582912,-18,-408,0,-146
3.0998491539994575,1779567894.267047,7292,59809,5,12582912,65,-379,0,-145
3.0998491539994575,1779567894.267047,7292,59810,6,12582912,180,-391,0,-143
3.0998491539994575,1779567894.267047,7292,59811,7,12582912,173,-416,0,-141
3.142850804999398,1779567894.3100483,7293,59812,0,12582912,93,-414,0,-139
3.142850804999398,1779567894.3100483,7293,59813,1,12582912,109,-384,0,-137
3.142850804999398,1779567894.3100483,7293,59814,2,12582912,191,-361,0,-136
3.142850804999398,1779567894.3100483,7293,59815,3,12582912,172,-369,0,-135
3.142850804999398,1779567894.3100483,7293,59816,4,12582912,51,-388,0,-132
3.142850804999398,1779567894.3100483,7293,59817,5,12582912,-16,-386,0,-131
3.142850804999398,1779567894.3100483,7293,59818,6,12582912,52,-361,0,-129
3.142850804999398,1779567894.3100483,7293,59819,7,12582912,154,-343,0,-128
3.1782856810004887,1779567894.3454833,7294,59820,0,12582912,149,-348,0,-126
3.1782856810004887,1779567894.3454833,7294,59821,1,12582912,80,-362,0,-124
3.1782856810004887,1779567894.3454833,7294,59822,2,12582912,100,-359,0,-123
3.1782856810004887,1779567894.3454833,7294,59823,3,12582912,174,-340,0,-121
3.1782856810004887,1779567894.3454833,7294,59824,4,12582912,145,-325,0,-120
3.1782856810004887,1779567894.3454833,7294,59825,5,12582912,21,-328,0,-119
3.1782856810004887,1779567894.3454833,7294,59826,6,12582912,-42,-338,0,-117
3.1782856810004887,1779567894.3454833,7294,59827,7,12582912,31,-335,0,-115
3.200033875000372,1779567894.3672318,7295,59828,0,12582912,142,1171,15,-9480
3.200033875000372,1779567894.3672318,7295,59829,1,12582912,143,3608,39,-24723
3.200033875000372,1779567894.3672318,7295,59830,2,12582912,66,3403,37,-23447
3.200033875000372,1779567894.3672318,7295,59831,3,12582912,82,1415,17,-10993
3.200033875000372,1779567894.3672318,7295,59832,4,12582912,170,134,4,-2922
3.200033875000372,1779567894.3672318,7295,59833,5,12582912,156,-612,-3,1855
3.200033875000372,1779567894.3672318,7295,59834,6,12582912,31,-1015,-7,4454
3.200033875000372,1779567894.3672318,7295,59835,7,12582912,-42,-875,-6,3566
3.242905630999303,1779567894.4101033,7296,59836,0,12582912,15,-341,0,180
3.242905630999303,1779567894.4101033,7296,59837,1,12582912,64,-16,3,-1841
3.242905630999303,1779567894.4101033,7296,59838,2,12582912,-1,-233,0,-407
3.242905630999303,1779567894.4101033,7296,59839,3,12582912,-54,-635,-4,2171
3.242905630999303,1779567894.4101033,7296,59840,4,12582912,34,-677,-4,2435
3.242905630999303,1779567894.4101033,7296,59841,5,12582912,170,-341,-1,309
3.242905630999303,1779567894.4101033,7296,59842,6,12582912,183,-104,2,-1164
3.242905630999303,1779567894.4101033,7296,59843,7,12582912,64,-261,0,-119
3.2809835629996087,1779567894.4481812,7297,59844,0,12582912,-28,-561,-3,-11814
3.2809835629996087,1779567894.4481812,7297,59845,1,12582912,-35,-588,-3,-33813
3.2809835629996087,1779567894.4481812,7297,59846,2,12582912,-62,-327,-1,-33607
3.2809835629996087,1779567894.4481812,7297,59847,3,12582912,-89,-143,1,-16631
3.2809835629996087,1779567894.4481812,7297,59848,4,12582912,2,-265,0,-4082
3.2809835629996087,1779567894.4481812,7297,59849,5,12582912,162,-496,-3,4356
3.2809835629996087,1779567894.4481812,7297,59850,6,12582912,206,-516,-3,8269
3.2809835629996087,1779567894.4481812,7297,59851,7,12582912,84,-314,-1,5698
3.3561290170000575,1779567894.5233269,7298,59852,0,12582912,-8,-171,1,-109
3.3561290170000575,1779567894.5233269,7298,59853,1,12582912,57,-264,0,-2424
3.3561290170000575,1779567894.5233269,7298,59854,2,12582912,117,-442,-2,814
3.3561290170000575,1779567894.5233269,7298,59855,3,12582912,63,-457,-2,4664
3.3561290170000575,1779567894.5233269,7298,59856,4,12582912,5,-300,-1,4057
3.3561290170000575,1779567894.5233269,7298,59857,5,12582912,44,-188,0,280
3.3561290170000575,1779567894.5233269,7298,59858,6,12582912,130,-260,0,-1381
3.3561290170000575,1779567894.5233269,7298,59859,7,12582912,140,-397,-2,1029
3.4245803480007453,1779567894.5917776,7299,59860,0,12582912,54,-408,0,3910
3.4245803480007453,1779567894.5917776,7299,59861,1,12582912,18,-285,3,3395
3.4245803480007453,1779567894.5917776,7299,59862,2,12582912,92,-199,4,466
3.4245803480007453,1779567894.5917776,7299,59863,3,12582912,113,-253,1,-814
3.4245803480007453,1779567894.5917776,7299,59864,4,12582912,27,-359,-1,1053
3.4245803480007453,1779567894.5917776,7299,59865,5,12582912,-21,-366,-2,3281
3.4245803480007453,1779567894.5917776,7299,59866,6,12582912,52,-271,-1,2880
3.4245803480007453,1779567894.5917776,7299,59867,7,12582912,156,-203,-1,610
3.424815815000329,1779567894.5920115,7300,59868,0,12582912,151,-245,-1,-385
3.424815815000329,1779567894.5920115,7300,59869,1,12582912,45,-326,-1,1057
3.424815815000329,1779567894.5920115,7300,59870,2,12582912,-20,-331,-1,2778
3.424815815000329,1779567894.5920115,7300,59871,3,12582912,31,-257,-1,2465
3.424815815000329,1779567894.5920115,7300,59872,4,12582912,119,-204,-1,705
3.424815815000329,1779567894.5920115,7300,59873,5,12582912,124,-236,-1,-67
3.424815815000329,1779567894.5920115,7300,59874,6,12582912,55,-298,-1,1046
3.424815815000329,1779567894.5920115,7300,59875,7,12582912,17,-301,-1,2375
3.425025345000904,1779567894.5922213,7301,59876,0,12582912,46,-243,-1,2129
3.425025345000904,1779567894.5922213,7301,59877,1,12582912,38,-201,-1,765
3.425025345000904,1779567894.5922213,7301,59878,2,12582912,-38,-225,-1,165
3.425025345000904,1779567894.5922213,7301,59879,3,12582912,-44,-273,-1,1023
3.425025345000904,1779567894.5922213,7301,59880,4,12582912,76,-275,-1,2049
3.425025345000904,1779567894.5922213,7301,59881,5,12582912,181,-230,-1,1856
3.425025345000904,1779567894.5922213,7301,59882,6,12582912,143,-197,-1,798
3.425025345000904,1779567894.5922213,7301,59883,7,12582912,18,-215,-1,331
3.4567989950010087,1779567894.6239967,7302,59884,0,12582912,1,-251,-1,993
3.4567989950010087,1779567894.6239967,7302,59885,1,12582912,121,-252,-1,1784
3.4567989950010087,1779567894.6239967,7302,59886,2,12582912,153,-217,-1,1632
3.4567989950010087,1779567894.6239967,7302,59887,3,12582912,18,-191,-1,811
3.4567989950010087,1779567894.6239967,7302,59888,4,12582912,-82,-204,-1,447
3.4567989950010087,1779567894.6239967,7302,59889,5,12582912,2,-232,-1,957
3.4567989950010087,1779567894.6239967,7302,59890,6,12582912,158,-232,-1,1566
3.4567989950010087,1779567894.6239967,7302,59891,7,12582912,183,-204,-1,1447
3.490600443999938,1779567894.657798,7303,59892,0,12582912,89,-184,-1,809
3.490600443999938,1779567894.657798,7303,59893,1,12582912,72,-194,-1,525
3.490600443999938,1779567894.657798,7303,59894,2,12582912,155,-215,-1,917
3.490600443999938,1779567894.657798,7303,59895,3,12582912,159,-215,-1,1387
3.490600443999938,1779567894.657798,7303,59896,4,12582912,31,-193,-1,1292
3.490600443999938,1779567894.657798,7303,59897,5,12582912,-70,-176,-1,797
3.490600443999938,1779567894.657798,7303,59898,6,12582912,-15,-184,-1,575
3.490600443999938,1779567894.657798,7303,59899,7,12582912,117,-199,-1,876
3.532966787000987,1779567894.7001634,7304,59900,0,12582912,138,-199,-1,1237
3.532966787000987,1779567894.7001634,7304,59901,1,12582912,50,-181,-1,1162
3.532966787000987,1779567894.7001634,7304,59902,2,12582912,46,-168,-1,777
3.532966787000987,1779567894.7001634,7304,59903,3,12582912,137,-174,-1,603
3.532966787000987,1779567894.7001634,7304,59904,4,12582912,145,-185,-1,834
3.532966787000987,1779567894.7001634,7304,59905,5,12582912,29,-185,-1,1112
3.532966787000987,1779567894.7001634,7304,59906,6,12582912,-59,-171,-1,1052
3.532966787000987,1779567894.7001634,7304,59907,7,12582912,-8,-160,-1,751
3.5542410250000103,1779567894.7214377,7305,59908,0,12582912,66,-164,-1,615
3.5542410250000103,1779567894.7214377,7305,59909,1,12582912,14,-173,-1,792
3.5542410250000103,1779567894.7214377,7305,59910,2,12582912,-56,-172,-1,1005
3.5542410250000103,1779567894.7214377,7305,59911,3,12582912,10,-161,-1,957
3.5542410250000103,1779567894.7214377,7305,59912,4,12582912,130,-152,-1,723
3.5542410250000103,1779567894.7214377,7305,59913,5,12582912,136,-155,-1,616
3.5542410250000103,1779567894.7214377,7305,59914,6,12582912,16,-161,-1,751
3.5542410250000103,1779567894.7214377,7305,59915,7,12582912,-66,-160,-1,914
3.602669567999328,1779567894.7698672,7306,59916,0,12582912,-23,-151,-1,875
3.602669567999328,1779567894.7698672,7306,59917,1,12582912,20,-144,0,692
3.602669567999328,1779567894.7698672,7306,59918,2,12582912,-42,-146,0,607
3.602669567999328,1779567894.7698672,7306,59919,3,12582912,-94,-150,-1,710
3.602669567999328,1779567894.7698672,7306,59920,4,12582912,-17,-149,-1,835
3.602669567999328,1779567894.7698672,7306,59921,5,12582912,108,-142,-1,803
3.602669567999328,1779567894.7698672,7306,59922,6,12582912,121,-136,0,660
3.602669567999328,1779567894.7698672,7306,59923,7,12582912,21,-137,0,593
3.6244547400001466,1779567894.7916527,7307,59924,0,12582912,-54,-141,0,671
3.6244547400001466,1779567894.7916527,7307,59925,1,12582912,-23,-139,0,766
3.6244547400001466,1779567894.7916527,7307,59926,2,12582912,55,-134,0,740
3.6244547400001466,1779567894.7916527,7307,59927,3,12582912,66,-129,0,628
3.6244547400001466,1779567894.7916527,7307,59928,4,12582912,-19,-129,0,574
3.6244547400001466,1779567894.7916527,7307,59929,5,12582912,-91,-132,0,633
3.6244547400001466,1779567894.7916527,7307,59930,6,12582912,-58,-130,0,705
3.6244547400001466,1779567894.7916527,7307,59931,7,12582912,18,-126,0,684
3.6675344630002655,1779567894.834732,7308,59932,0,12582912,1,-122,0,596
3.6675344630002655,1779567894.834732,7308,59933,1,12582912,-79,-122,0,553
3.6675344630002655,1779567894.834732,7308,59934,2,12582912,-60,-123,0,597
3.6675344630002655,1779567894.834732,7308,59935,3,12582912,22,-122,0,652
3.6675344630002655,1779567894.834732,7308,59936,4,12582912,-7,-118,0,634
3.6675344630002655,1779567894.834732,7308,59937,5,12582912,-142,-115,0,564
3.6675344630002655,1779567894.834732,7308,59938,6,12582912,-217,-114,0,530
3.6675344630002655,1779567894.834732,7308,59939,7,12582912,-155,-115,0,563
3.704505423000228,1779567894.8717031,7309,59940,0,12582912,-89,-114,0,604
3.704505423000228,1779567894.8717031,7309,59941,1,12582912,-147,-111,0,588
3.704505423000228,1779567894.8717031,7309,59942,2,12582912,-206,-108,0,533
3.704505423000228,1779567894.8717031,7309,59943,3,12582912,-130,-108,0,506
3.704505423000228,1779567894.8717031,7309,59944,4,12582912,-26,-108,0,530
3.704505423000228,1779567894.8717031,7309,59945,5,12582912,-62,-107,0,560
3.704505423000228,1779567894.8717031,7309,59946,6,12582912,-206,-104,0,547
3.704505423000228,1779567894.8717031,7309,59947,7,12582912,-287,-102,0,504
3.7943775019994064,1779567894.9615755,7310,59948,0,12582912,-229,-101,0,481
3.7943775019994064,1779567894.9615755,7310,59949,1,12582912,-157,-101,0,499
3.7943775019994064,1779567894.9615755,7310,59950,2,12582912,-199,-100,0,521
3.7943775019994064,1779567894.9615755,7310,59951,3,12582912,-256,-98,0,510
3.7943775019994064,1779567894.9615755,7310,59952,4,12582912,-187,-96,0,475
3.7943775019994064,1779567894.9615755,7310,59953,5,12582912,-59,-95,0,457
3.7943775019994064,1779567894.9615755,7310,59954,6,12582912,-26,-95,0,469
3.7943775019994064,1779567894.9615755,7310,59955,7,12582912,-110,-94,0,486
3.7946938540007977,1779567894.9618902,7311,59956,0,12582912,-150,-92,0,476
3.7946938540007977,1779567894.9618902,7311,59957,1,12582912,-43,-90,0,448
3.7946938540007977,1779567894.9618902,7311,59958,2,12582912,37,-89,0,433
3.7946938540007977,1779567894.9618902,7311,59959,3,12582912,-42,-89,0,441
3.7946938540007977,1779567894.9618902,7311,59960,4,12582912,-143,-88,0,453
3.7946938540007977,1779567894.9618902,7311,59961,5,12582912,-109,-86,0,445
3.7946938540007977,1779567894.9618902,7311,59962,6,12582912,15,-85,0,422
3.7946938540007977,1779567894.9618902,7311,59963,7,12582912,68,-84,0,409
3.8164636620003876,1779567894.9836614,7312,59964,0,12582912,38,-84,0,415
3.8164636620003876,1779567894.9836614,7312,59965,1,12582912,66,-83,0,423
3.8164636620003876,1779567894.9836614,7312,59966,2,12582912,151,-81,0,416
3.8164636620003876,1779567894.9836614,7312,59967,3,12582912,137,-80,0,397
3.8164636620003876,1779567894.9836614,7312,59968,4,12582912,4,-79,0,386
3.8164636620003876,1779567894.9836614,7312,59969,5,12582912,-86,-78,0,390
3.8164636620003876,1779567894.9836614,7312,59970,6,12582912,-24,-78,0,396
3.8164636620003876,1779567894.9836614,7312,59971,7,12582912,101,-76,0,389
3.8381385230004526,1779567895.005336,7313,59972,0,12582912,131,-75,0,374
3.8381385230004526,1779567895.005336,7313,59973,1,12582912,49,-74,0,365
3.8381385230004526,1779567895.005336,7313,59974,2,12582912,-10,-74,0,367
3.8381385230004526,1779567895.005336,7313,59975,3,12582912,43,-73,0,370
3.8381385230004526,1779567895.005336,7313,59976,4,12582912,128,-72,0,364
3.8381385230004526,1779567895.005336,7313,59977,5,12582912,126,-70,0,352
3.8381385230004526,1779567895.005336,7313,59978,6,12582912,39,-70,0,344
3.8381385230004526,1779567895.005336,7313,59979,7,12582912,-21,-69,0,345
3.8807799149999482,1779567895.0479763,7314,59980,0,12582912,12,-68,0,346
3.8807799149999482,1779567895.0479763,7314,59981,1,12582912,86,-67,0,341
3.8807799149999482,1779567895.0479763,7314,59982,2,12582912,108,-66,0,331
3.8807799149999482,1779567895.0479763,7314,59983,3,12582912,61,-65,0,324
3.8807799149999482,1779567895.0479763,7314,59984,4,12582912,17,-65,0,324
3.8807799149999482,1779567895.0479763,7314,59985,5,12582912,35,-64,0,325
3.8807799149999482,1779567895.0479763,7314,59986,6,12582912,84,-63,0,320
3.8807799149999482,1779567895.0479763,7314,59987,7,12582912,99,-62,0,311
3.9108021179999923,1779567895.0779986,7315,59988,0,12582912,65,-61,0,305
3.9108021179999923,1779567895.0779986,7315,59989,1,12582912,28,-61,0,304
3.9108021179999923,1779567895.0779986,7315,59990,2,12582912,31,-60,0,304
3.9108021179999923,1779567895.0779986,7315,59991,3,12582912,59,-59,0,300
3.9108021179999923,1779567895.0779986,7315,59992,4,12582912,63,-58,0,292
3.9108021179999923,1779567895.0779986,7315,59993,5,12582912,31,-58,0,287
3.9108021179999923,1779567895.0779986,7315,59994,6,12582912,6,-57,0,286
3.9108021179999923,1779567895.0779986,7315,59995,7,12582912,23,-56,0,285
3.9533596050005144,1779567895.1205564,7316,59996,0,12582912,61,-56,0,281
3.9533596050005144,1779567895.1205564,7316,59997,1,12582912,63,-55,0,275
3.9533596050005144,1779567895.1205564,7316,59998,2,12582912,25,-54,0,270
3.9533596050005144,1779567895.1205564,7316,59999,3,12582912,2,-54,0,269
3.9533596050005144,1779567895.1205564,7316,60000,4,12582912,15,-53,0,267
3.9533596050005144,1779567895.1205564,7316,60001,5,12582912,-21,-52,0,264
3.9533596050005144,1779567895.1205564,7316,60002,6,12582912,-106,-52,0,258
3.9533596050005144,1779567895.1205564,7316,60003,7,12582912,-46,-51,0,254
3.974701343000561,1779567895.1418989,7317,60004,0,12582912,129,-50,0,252
3.974701343000561,1779567895.1418989,7317,60005,1,12582912,145,-50,0,251
3.974701343000561,1779567895.1418989,7317,60006,2,12582912,-49,-49,0,247
3.974701343000561,1779567895.1418989,7317,60007,3,12582912,-205,-48,0,243
3.974701343000561,1779567895.1418989,7317,60008,4,12582912,-134,-48,0,239
3.974701343000561,1779567895.1418989,7317,60009,5,12582912,36,-47,0,237
3.974701343000561,1779567895.1418989,7317,60010,6,12582912,66,-47,0,235
3.974701343000561,1779567895.1418989,7317,60011,7,12582912,-74,-46,0,232
4.006840824000392,1779567895.1740384,7318,60012,0,12582912,-200,-45,0,228
4.006840824000392,1779567895.1740384,7318,60013,1,12582912,-162,-45,0,224
4.006840824000392,1779567895.1740384,7318,60014,2,12582912,-35,-44,0,223
4.006840824000392,1779567895.1740384,7318,60015,3,12582912,-9,-44,0,221
4.006840824000392,1779567895.1740384,7318,60016,4,12582912,-117,-43,0,218
4.006840824000392,1779567895.1740384,7318,60017,5,12582912,-213,-43,0,214
4.006840824000392,1779567895.1740384,7318,60018,6,12582912,-180,-42,0,211
4.006840824000392,1779567895.1740384,7318,60019,7,12582912,-76,-42,0,209
4.0497388820003835,1779567895.2169363,7319,60020,0,12582912,-48,-41,0,207
4.0497388820003835,1779567895.2169363,7319,60021,1,12582912,-141,-41,0,204
4.0497388820003835,1779567895.2169363,7319,60022,2,12582912,-247,-40,0,201
4.0497388820003835,1779567895.2169363,7319,60023,3,12582912,-257,-40,0,198
4.0497388820003835,1779567895.2169363,7319,60024,4,12582912,-178,-39,0,196
4.0497388820003835,1779567895.2169363,7319,60025,5,12582912,-111,-39,0,194
4.0497388820003835,1779567895.2169363,7319,60026,6,12582912,-142,-38,0,192
4.0497388820003835,1779567895.2169363,7319,60027,7,12582912,-214,-38,0,189
4.071511866999572,1779567895.2387097,7320,60028,0,12582912,-206,-37,0,186
4.071511866999572,1779567895.2387097,7320,60029,1,12582912,-142,-37,0,184
4.071511866999572,1779567895.2387097,7320,60030,2,12582912,-121,-36,0,183
4.071511866999572,1779567895.2387097,7320,60031,3,12582912,-144,-36,0,180
4.071511866999572,1779567895.2387097,7320,60032,4,12582912,-151,-35,0,177
4.071511866999572,1779567895.2387097,7320,60033,5,12582912,-121,-35,0,175
4.071511866999572,1779567895.2387097,7320,60034,6,12582912,-77,-35,0,173
4.071511866999572,1779567895.2387097,7320,60035,7,12582912,-63,-34,0,171
4.267354932000671,1779567895.4345524,7321,60036,0,12582912,-82,-34,0,169
4.267354932000671,1779567895.4345524,7321,60037,1,12582912,-85,-33,0,167
4.267354932000671,1779567895.4345524,7321,60038,2,12582912,-46,-33,0,164
4.267354932000671,1779567895.4345524,7321,60039,3,12582912,3,-32,0,163
4.267354932000671,1779567895.4345524,7321,60040,4,12582912,14,-32,0,161
4.267354932000671,1779567895.4345524,7321,60041,5,12582912,-18,-32,0,159
4.267354932000671,1779567895.4345524,7321,60042,6,12582912,-43,-31,0,157
4.267354932000671,1779567895.4345524,7321,60043,7,12582912,-23,-31,0,154
4.310150334000355,1779567895.4773479,7322,60044,0,12582912,21,-30,0,153
4.310150334000355,1779567895.4773479,7322,60045,1,12582912,39,-30,0,151
4.310150334000355,1779567895.4773479,7322,60046,2,12582912,87,-30,0,149
4.310150334000355,1779567895.4773479,7322,60047,3,12582912,180,-29,0,147
4.310150334000355,1779567895.4773479,7322,60048,4,12582912,134,-29,0,145
4.310150334000355,1779567895.4773479,7322,60049,5,12582912,-42,-29,0,143
4.310150334000355,1779567895.4773479,7322,60050,6,12582912,-85,-28,0,142
4.310150334000355,1779567895.4773479,7322,60051,7,12582912,82,-28,0,140
4.347089733000757,1779567895.5142875,7323,60052,0,12582912,238,-28,0,138
4.347089733000757,1779567895.5142875,7323,60053,1,12582912,179,-27,0,136
4.347089733000757,1779567895.5142875,7323,60054,2,12582912,-7,-27,0,135
4.347089733000757,1779567895.5142875,7323,60055,3,12582912,-65,-27,0,133
4.347089733000757,1779567895.5142875,7323,60056,4,12582912,67,-26,0,131
4.347089733000757,1779567895.5142875,7323,60057,5,12582912,195,-26,0,130
4.347089733000757,1779567895.5142875,7323,60058,6,12582912,153,-26,0,128
4.347089733000757,1779567895.5142875,7323,60059,7,12582912,20,-25,0,127
4.368854800999543,1779567895.5360525,7324,60060,0,12582912,-16,-25,0,125
4.368854800999543,1779567895.5360525,7324,60061,1,12582912,86,-25,0,123
4.368854800999543,1779567895.5360525,7324,60062,2,12582912,176,-24,0,122
4.368854800999543,1779567895.5360525,7324,60063,3,12582912,134,-24,0,120
4.368854800999543,1779567895.5360525,7324,60064,4,12582912,27,-24,0,119
4.368854800999543,1779567895.5360525,7324,60065,5,12582912,-5,-23,0,117
4.368854800999543,1779567895.5360525,7324,60066,6,12582912,72,-23,0,116
4.368854800999543,1779567895.5360525,7324,60067,7,12582912,144,-23,0,114
4.446760811000786,1779567895.6139586,7325,60068,0,12582912,117,-23,0,113
4.446760811000786,1779567895.6139586,7325,60069,1,12582912,37,-22,0,112
4.446760811000786,1779567895.6139586,7325,60070,2,12582912,14,-22,0,110
4.446760811000786,1779567895.6139586,7325,60071,3,12582912,76,-22,0,109
4.446760811000786,1779567895.6139586,7325,60072,4,12582912,137,-21,0,107
4.446760811000786,1779567895.6139586,7325,60073,5,12582912,117,-21,0,106
4.446760811000786,1779567895.6139586,7325,60074,6,12582912,47,-21,0,105
4.446760811000786,1779567895.6139586,7325,60075,7,12582912,18,-21,0,104
4.447077528000591,1779567895.6142738,7326,60076,0,12582912,60,-20,0,102
4.447077528000591,1779567895.6142738,7326,60077,1,12582912,111,-20,0,101
4.447077528000591,1779567895.6142738,7326,60078,2,12582912,102,-20,0,100
4.447077528000591,1779567895.6142738,7326,60079,3,12582912,47,-20,0,98
4.447077528000591,1779567895.6142738,7326,60080,4,12582912,20,-19,0,97
4.447077528000591,1779567895.6142738,7326,60081,5,12582912,53,-19,0,96
4.447077528000591,1779567895.6142738,7326,60082,6,12582912,90,-19,0,95
4.447077528000591,1779567895.6142738,7326,60083,7,12582912,80,-19,0,94
4.487602163000702,1779567895.6548004,7327,60084,0,12582912,44,-18,0,92
4.487602163000702,1779567895.6548004,7327,60085,1,12582912,31,-18,0,91
4.487602163000702,1779567895.6548004,7327,60086,2,12582912,58,-18,0,90
4.487602163000702,1779567895.6548004,7327,60087,3,12582912,90,-18,0,89
4.487602163000702,1779567895.6548004,7327,60088,4,12582912,86,-18,0,88
4.487602163000702,1779567895.6548004,7327,60089,5,12582912,57,-17,0,87
4.487602163000702,1779567895.6548004,7327,60090,6,12582912,44,-17,0,86
4.487602163000702,1779567895.6548004,7327,60091,7,12582912,64,-17,0,85
4.509298898999987,1779567895.6764963,7328,60092,0,12582912,85,-17,0,84
4.509298898999987,1779567895.6764963,7328,60093,1,12582912,75,-16,0,83
4.509298898999987,1779567895.6764963,7328,60094,2,12582912,49,-16,0,82
4.509298898999987,1779567895.6764963,7328,60095,3,12582912,45,-16,0,80
4.509298898999987,1779567895.6764963,7328,60096,4,12582912,67,-16,0,79
4.509298898999987,1779567895.6764963,7328,60097,5,12582912,86,-16,0,78
4.509298898999987,1779567895.6764963,7328,60098,6,12582912,79,-15,0,77
4.509298898999987,1779567895.6764963,7328,60099,7,12582912,54,-15,0,77
4.553241325000272,1779567895.7204392,7329,60100,0,12582912,41,-15,0,76
4.553241325000272,1779567895.7204392,7329,60101,1,12582912,54,-15,0,75
4.553241325000272,1779567895.7204392,7329,60102,2,12582912,72,-15,0,74
4.553241325000272,1779567895.7204392,7329,60103,3,12582912,72,-15,0,73
4.553241325000272,1779567895.7204392,7329,60104,4,12582912,57,-14,0,72
4.553241325000272,1779567895.7204392,7329,60105,5,12582912,50,-14,0,71
4.553241325000272,1779567895.7204392,7329,60106,6,12582912,60,-14,0,70
4.553241325000272,1779567895.7204392,7329,60107,7,12582912,73,-14,0,69
4.606027339999855,1779567895.7732246,7330,60108,0,12582912,71,-14,0,68
4.606027339999855,1779567895.7732246,7330,60109,1,12582912,56,-13,0,68
4.606027339999855,1779567895.7732246,7330,60110,2,12582912,45,-13,0,67
4.606027339999855,1779567895.7732246,7330,60111,3,12582912,48,-13,0,66
4.606027339999855,1779567895.7732246,7330,60112,4,12582912,57,-13,0,65
4.606027339999855,1779567895.7732246,7330,60113,5,12582912,59,-13,0,64
4.606027339999855,1779567895.7732246,7330,60114,6,12582912,52,-13,0,63
4.606027339999855,1779567895.7732246,7330,60115,7,12582912,45,-12,0,63
4.612544068999341,1779567895.7797425,7331,60116,0,12582912,47,-12,0,62
4.612544068999341,1779567895.7797425,7331,60117,1,12582912,55,-12,0,61
4.612544068999341,1779567895.7797425,7331,60118,2,12582912,60,-12,0,60
4.612544068999341,1779567895.7797425,7331,60119,3,12582912,57,-12,0,60
4.612544068999341,1779567895.7797425,7331,60120,4,12582912,52,-12,0,59
4.612544068999341,1779567895.7797425,7331,60121,5,12582912,53,-12,0,58
4.612544068999341,1779567895.7797425,7331,60122,6,12582912,57,-11,0,57
4.612544068999341,1779567895.7797425,7331,60123,7,12582912,54,-11,0,57
4.634290751999288,1779567895.8014884,7332,60124,0,12582912,45,-11,0,56
4.634290751999288,1779567895.8014884,7332,60125,1,12582912,38,-11,0,55
4.634290751999288,1779567895.8014884,7332,60126,2,12582912,43,-11,0,55
4.634290751999288,1779567895.8014884,7332,60127,3,12582912,53,-11,0,54
4.634290751999288,1779567895.8014884,7332,60128,4,12582912,56,-11,0,53
4.634290751999288,1779567895.8014884,7332,60129,5,12582912,49,-10,0,53
4.634290751999288,1779567895.8014884,7332,60130,6,12582912,40,-10,0,52
4.634290751999288,1779567895.8014884,7332,60131,7,12582912,37,-10,0,51
4.65600201900088,1779567895.8231995,7333,60132,0,12582912,42,-10,0,51
4.65600201900088,1779567895.8231995,7333,60133,1,12582912,45,-10,0,50
4.65600201900088,1779567895.8231995,7333,60134,2,12582912,45,-10,0,49
4.65600201900088,1779567895.8231995,7333,60135,3,12582912,46,-10,0,49
4.65600201900088,1779567895.8231995,7333,60136,4,12582912,48,-10,0,48
4.65600201900088,1779567895.8231995,7333,60137,5,12582912,47,-9,0,47
4.65600201900088,1779567895.8231995,7333,60138,6,12582912,44,-9,0,47
4.65600201900088,1779567895.8231995,7333,60139,7,12582912,41,-9,0,46
4.691094190000513,1779567895.8582926,7334,60140,0,12582912,37,-9,0,46
4.691094190000513,1779567895.8582926,7334,60141,1,12582912,35,-9,0,45
4.691094190000513,1779567895.8582926,7334,60142,2,12582912,38,-9,0,45
4.691094190000513,1779567895.8582926,7334,60143,3,12582912,42,-9,0,44
4.691094190000513,1779567895.8582926,7334,60144,4,12582912,42,-9,0,43
4.691094190000513,1779567895.8582926,7334,60145,5,12582912,35,-9,0,43
4.691094190000513,1779567895.8582926,7334,60146,6,12582912,31,-8,0,42
4.691094190000513,1779567895.8582926,7334,60147,7,12582912,36,-8,0,42
4.734282350000285,1779567895.90148,7335,60148,0,12582912,41,-8,0,41
4.734282350000285,1779567895.90148,7335,60149,1,12582912,41,-8,0,41
4.734282350000285,1779567895.90148,7335,60150,2,12582912,36,-8,0,40
4.734282350000285,1779567895.90148,7335,60151,3,12582912,33,-8,0,40
4.734282350000285,1779567895.90148,7335,60152,4,12582912,38,-8,0,39
4.734282350000285,1779567895.90148,7335,60153,5,12582912,45,-8,0,39
4.734282350000285,1779567895.90148,7335,60154,6,12582912,46,-8,0,38
4.734282350000285,1779567895.90148,7335,60155,7,12582912,43,-8,0,38
4.7560503349996,1779567895.9232478,7336,60156,0,12582912,41,-7,0,37
4.7560503349996,1779567895.9232478,7336,60157,1,12582912,41,-7,0,37
4.7560503349996,1779567895.9232478,7336,60158,2,12582912,43,-7,0,36
4.7560503349996,1779567895.9232478,7336,60159,3,12582912,40,-7,0,36
4.7560503349996,1779567895.9232478,7336,60160,4,12582912,30,-7,0,36
4.7560503349996,1779567895.9232478,7336,60161,5,12582912,19,-7,0,35
4.7560503349996,1779567895.9232478,7336,60162,6,12582912,15,-7,0,35
4.7560503349996,1779567895.9232478,7336,60163,7,12582912,23,-7,0,34
4.79286035900077,1779567895.9600582,7337,60164,0,12582912,37,-7,0,34
4.79286035900077,1779567895.9600582,7337,60165,1,12582912,45,-7,0,33
4.79286035900077,1779567895.9600582,7337,60166,2,12582912,48,-7,0,33
4.79286035900077,1779567895.9600582,7337,60167,3,12582912,53,-6,0,33
4.79286035900077,1779567895.9600582,7337,60168,4,12582912,50,-6,0,32
4.79286035900077,1779567895.9600582,7337,60169,5,12582912,36,-6,0,32
4.79286035900077,1779567895.9600582,7337,60170,6,12582912,23,-6,0,31
4.79286035900077,1779567895.9600582,7337,60171,7,12582912,28,-6,0,31
4.814562511000986,1779567895.98176,7338,60172,0,12582912,44,-6,0,31
4.814562511000986,1779567895.98176,7338,60173,1,12582912,53,-6,0,30
4.814562511000986,1779567895.98176,7338,60174,2,12582912,50,-6,0,30
4.814562511000986,1779567895.98176,7338,60175,3,12582912,43,-6,0,29
4.814562511000986,1779567895.98176,7338,60176,4,12582912,39,-6,0,29
4.814562511000986,1779567895.98176,7338,60177,5,12582912,37,-6,0,29
4.814562511000986,1779567895.98176,7338,60178,6,12582912,35,-6,0,28
4.814562511000986,1779567895.98176,7338,60179,7,12582912,35,-6,0,28
4.857499318999544,1779567896.0246968,7339,60180,0,12582912,36,-6,0,28
4.857499318999544,1779567896.0246968,7339,60181,1,12582912,41,-5,0,27
4.857499318999544,1779567896.0246968,7339,60182,2,12582912,47,-5,0,27
4.857499318999544,1779567896.0246968,7339,60183,3,12582912,44,-5,0,27
4.857499318999544,1779567896.0246968,7339,60184,4,12582912,30,-5,0,26
4.857499318999544,1779567896.0246968,7339,60185,5,12582912,13,-5,0,26
4.857499318999544,1779567896.0246968,7339,60186,6,12582912,7,-5,0,26
4.857499318999544,1779567896.0246968,7339,60187,7,12582912,22,-5,0,25
4.8792166269995505,1779567896.0464149,7340,60188,0,12582912,40,-5,0,25
4.8792166269995505,1779567896.0464149,7340,60189,1,12582912,42,-5,0,25
4.8792166269995505,1779567896.0464149,7340,60190,2,12582912,26,-5,0,24
4.8792166269995505,1779567896.0464149,7340,60191,3,12582912,9,-5,0,24
4.8792166269995505,1779567896.0464149,7340,60192,4,12582912,0,-5,0,24
4.8792166269995505,1779567896.0464149,7340,60193,5,12582912,-9,-5,0,23
4.8792166269995505,1779567896.0464149,7340,60194,6,12582912,-17,-5,0,23
4.8792166269995505,1779567896.0464149,7340,60195,7,12582912,-10,-5,0,23
4.964017958000113,1779567896.1312144,7341,60196,0,12582912,4,-5,0,23
4.964017958000113,1779567896.1312144,7341,60197,1,12582912,10,-4,0,22
4.964017958000113,1779567896.1312144,7341,60198,2,12582912,10,-4,0,22
4.964017958000113,1779567896.1312144,7341,60199,3,12582912,8,-4,0,22
4.964017958000113,1779567896.1312144,7341,60200,4,12582912,-8,-4,0,22
4.964017958000113,1779567896.1312144,7341,60201,5,12582912,-38,-4,0,21
4.964017958000113,1779567896.1312144,7341,60202,6,12582912,-59,-4,0,21
4.964017958000113,1779567896.1312144,7341,60203,7,12582912,-60,-4,0,21
4.964140145000783,1779567896.1313355,7342,60204,0,12582912,-48,-4,0,20
4.964140145000783,1779567896.1313355,7342,60205,1,12582912,-34,-4,0,20
4.964140145000783,1779567896.1313355,7342,60206,2,12582912,-19,-4,0,20
4.964140145000783,1779567896.1313355,7342,60207,3,12582912,-5,-4,0,20
4.964140145000783,1779567896.1313355,7342,60208,4,12582912,1,-4,0,19
4.964140145000783,1779567896.1313355,7342,60209,5,12582912,-2,-4,0,19
4.964140145000783,1779567896.1313355,7342,60210,6,12582912,-13,-4,0,19
4.964140145000783,1779567896.1313355,7342,60211,7,12582912,-23,-4,0,19
5.016116009001053,1779567896.1833134,7343,60212,0,12582912,-25,-4,0,19
5.016116009001053,1779567896.1833134,7343,60213,1,12582912,-19,-4,0,18
5.016116009001053,1779567896.1833134,7343,60214,2,12582912,-11,-4,0,18
5.016116009001053,1779567896.1833134,7343,60215,3,12582912,-10,-4,0,18
5.016116009001053,1779567896.1833134,7343,60216,4,12582912,-20,-4,0,18
5.016116009001053,1779567896.1833134,7343,60217,5,12582912,-22,-3,0,17
5.016116009001053,1779567896.1833134,7343,60218,6,12582912,4,-3,0,17
5.016116009001053,1779567896.1833134,7343,60219,7,12582912,36,-3,0,17
5.016428975999588,1779567896.1836252,7344,60220,0,12582912,39,-3,0,17
5.016428975999588,1779567896.1836252,7344,60221,1,12582912,26,-3,0,17
5.016428975999588,1779567896.1836252,7344,60222,2,12582912,18,-3,0,16
5.016428975999588,1779567896.1836252,7344,60223,3,12582912,16,-3,0,16
5.016428975999588,1779567896.1836252,7344,60224,4,12582912,19,-3,0,16
5.016428975999588,1779567896.1836252,7344,60225,5,12582912,29,-3,0,16
5.016428975999588,1779567896.1836252,7344,60226,6,12582912,41,-3,0,16
5.016428975999588,1779567896.1836252,7344,60227,7,12582912,45,-3,0,15
5.038109200999315,1779567896.2053068,7345,60228,0,12582912,38,-3,0,15
5.038109200999315,1779567896.2053068,7345,60229,1,12582912,30,-3,0,15
5.038109200999315,1779567896.2053068,7345,60230,2,12582912,30,-3,0,15
5.038109200999315,1779567896.2053068,7345,60231,3,12582912,39,-3,0,15
5.038109200999315,1779567896.2053068,7345,60232,4,12582912,46,-3,0,14
5.038109200999315,1779567896.2053068,7345,60233,5,12582912,50,-3,0,14
5.038109200999315,1779567896.2053068,7345,60234,6,12582912,55,-3,0,14
5.038109200999315,1779567896.2053068,7345,60235,7,12582912,56,-3,0,14
5.080943561999447,1779567896.248141,7346,60236,0,12582912,56,-3,0,14
5.080943561999447,1779567896.248141,7346,60237,1,12582912,56,-3,0,14
5.080943561999447,1779567896.248141,7346,60238,2,12582912,53,-3,0,13
5.080943561999447,1779567896.248141,7346,60239,3,12582912,48,-3,0,13
5.080943561999447,1779567896.248141,7346,60240,4,12582912,45,-3,0,13
5.080943561999447,1779567896.248141,7346,60241,5,12582912,46,-3,0,13
5.080943561999447,1779567896.248141,7346,60242,6,12582912,48,-3,0,13
5.080943561999447,1779567896.248141,7346,60243,7,12582912,46,-2,0,13
5.102729411999462,1779567896.2699273,7347,60244,0,12582912,43,-2,0,12
5.102729411999462,1779567896.2699273,7347,60245,1,12582912,44,-2,0,12
5.102729411999462,1779567896.2699273,7347,60246,2,12582912,54,-2,0,12
5.102729411999462,1779567896.2699273,7347,60247,3,12582912,65,-2,0,12
5.102729411999462,1779567896.2699273,7347,60248,4,12582912,67,-2,0,12
5.102729411999462,1779567896.2699273,7347,60249,5,12582912,61,-2,0,12
5.102729411999462,1779567896.2699273,7347,60250,6,12582912,59,-2,0,11
5.102729411999462,1779567896.2699273,7347,60251,7,12582912,65,-2,0,11
5.152557581999645,1779567896.319755,7348,60252,0,12582912,72,-2,0,11
5.152557581999645,1779567896.319755,7348,60253,1,12582912,70,-2,0,11
5.152557581999645,1779567896.319755,7348,60254,2,12582912,60,-2,0,11
5.152557581999645,1779567896.319755,7348,60255,3,12582912,50,-2,0,11
5.152557581999645,1779567896.319755,7348,60256,4,12582912,49,-2,0,11
5.152557581999645,1779567896.319755,7348,60257,5,12582912,54,-2,0,11
5.152557581999645,1779567896.319755,7348,60258,6,12582912,57,-2,0,10
5.152557581999645,1779567896.319755,7348,60259,7,12582912,54,-2,0,10
5.174196661000678,1779567896.3413944,7349,60260,0,12582912,50,-2,0,10
5.174196661000678,1779567896.3413944,7349,60261,1,12582912,52,-2,0,10
5.174196661000678,1779567896.3413944,7349,60262,2,12582912,59,-2,0,10
5.174196661000678,1779567896.3413944,7349,60263,3,12582912,60,-2,0,10
5.174196661000678,1779567896.3413944,7349,60264,4,12582912,56,-2,0,10
5.174196661000678,1779567896.3413944,7349,60265,5,12582912,50,-2,0,10
5.174196661000678,1779567896.3413944,7349,60266,6,12582912,47,-2,0,9
5.174196661000678,1779567896.3413944,7349,60267,7,12582912,49,-2,0,9
5.226665960000901,1779567896.3938637,7350,60268,0,12582912,54,-2,0,9
5.226665960000901,1779567896.3938637,7350,60269,1,12582912,56,-2,0,9
5.226665960000901,1779567896.3938637,7350,60270,2,12582912,52,-2,0,9
5.226665960000901,1779567896.3938637,7350,60271,3,12582912,47,-2,0,9
5.226665960000901,1779567896.3938637,7350,60272,4,12582912,45,-2,0,9
5.226665960000901,1779567896.3938637,7350,60273,5,12582912,44,-2,0,9
5.226665960000901,1779567896.3938637,7350,60274,6,12582912,43,-2,0,8
5.226665960000901,1779567896.3938637,7350,60275,7,12582912,41,-2,0,8
5.226970957999583,1779567896.394167,7351,60276,0,12582912,44,-2,0,8
5.226970957999583,1779567896.394167,7351,60277,1,12582912,49,-2,0,8
5.226970957999583,1779567896.394167,7351,60278,2,12582912,49,-2,0,8
5.226970957999583,1779567896.394167,7351,60279,3,12582912,41,-2,0,8
5.226970957999583,1779567896.394167,7351,60280,4,12582912,35,-2,0,8
5.226970957999583,1779567896.394167,7351,60281,5,12582912,38,-2,0,8
5.226970957999583,1779567896.394167,7351,60282,6,12582912,45,-2,0,8
5.226970957999583,1779567896.394167,7351,60283,7,12582912,46,-2,0,8
5.269836204000967,1779567896.4370337,7352,60284,0,12582912,43,-1,0,7
5.269836204000967,1779567896.4370337,7352,60285,1,12582912,37,-1,0,7
5.269836204000967,1779567896.4370337,7352,60286,2,12582912,35,-1,0,7
5.269836204000967,1779567896.4370337,7352,60287,3,12582912,39,-1,0,7
5.269836204000967,1779567896.4370337,7352,60288,4,12582912,42,-1,0,7
5.269836204000967,1779567896.4370337,7352,60289,5,12582912,40,-1,0,7
5.269836204000967,1779567896.4370337,7352,60290,6,12582912,36,-1,0,7
5.269836204000967,1779567896.4370337,7352,60291,7,12582912,35,-1,0,7
5.291588981001041,1779567896.4587865,7353,60292,0,12582912,39,-1,0,7
5.291588981001041,1779567896.4587865,7353,60293,1,12582912,47,-1,0,7
5.291588981001041,1779567896.4587865,7353,60294,2,12582912,50,-1,0,7
5.291588981001041,1779567896.4587865,7353,60295,3,12582912,44,-1,0,7
5.291588981001041,1779567896.4587865,7353,60296,4,12582912,38,-1,0,6
5.291588981001041,1779567896.4587865,7353,60297,5,12582912,41,-1,0,6
5.291588981001041,1779567896.4587865,7353,60298,6,12582912,41,-1,0,6
5.291588981001041,1779567896.4587865,7353,60299,7,12582912,35,-1,0,6
5.370436965000408,1779567896.537634,7354,60300,0,12582912,29,-1,0,6
5.370436965000408,1779567896.537634,7354,60301,1,12582912,32,-1,0,6
5.370436965000408,1779567896.537634,7354,60302,2,12582912,45,-1,0,6
5.370436965000408,1779567896.537634,7354,60303,3,12582912,54,-1,0,6
5.370436965000408,1779567896.537634,7354,60304,4,12582912,51,-1,0,6
5.370436965000408,1779567896.537634,7354,60305,5,12582912,36,-1,0,6
5.370436965000408,1779567896.537634,7354,60306,6,12582912,24,-1,0,6
5.370436965000408,1779567896.537634,7354,60307,7,12582912,22,-1,0,6
5.370558943001015,1779567896.5377538,7355,60308,0,12582912,25,-1,0,6
5.370558943001015,1779567896.5377538,7355,60309,1,12582912,29,-1,0,5
5.370558943001015,1779567896.5377538,7355,60310,2,12582912,29,-1,0,5
5.370558943001015,1779567896.5377538,7355,60311,3,12582912,30,-1,0,5
5.370558943001015,1779567896.5377538,7355,60312,4,12582912,38,-1,0,5
5.370558943001015,1779567896.5377538,7355,60313,5,12582912,44,-1,0,5
5.370558943001015,1779567896.5377538,7355,60314,6,12582912,39,-1,0,5
5.370558943001015,1779567896.5377538,7355,60315,7,12582912,33,-1,0,5
5.447216783999465,1779567896.614415,7356,60316,0,12582912,35,-1,0,5
5.447216783999465,1779567896.614415,7356,60317,1,12582912,38,-1,0,5
5.447216783999465,1779567896.614415,7356,60318,2,12582912,35,-1,0,5
5.447216783999465,1779567896.614415,7356,60319,3,12582912,29,-1,0,5
5.447216783999465,1779567896.614415,7356,60320,4,12582912,26,-1,0,5
5.447216783999465,1779567896.614415,7356,60321,5,12582912,28,-1,0,5
5.447216783999465,1779567896.614415,7356,60322,6,12582912,33,-1,0,5
5.447216783999465,1779567896.614415,7356,60323,7,12582912,35,-1,0,5
5.447582823999255,1779567896.6147797,7357,60324,0,12582912,35,-1,0,5
5.447582823999255,1779567896.6147797,7357,60325,1,12582912,34,-1,0,4
5.447582823999255,1779567896.6147797,7357,60326,2,12582912,31,-1,0,4
5.447582823999255,1779567896.6147797,7357,60327,3,12582912,30,-1,0,4
5.447582823999255,1779567896.6147797,7357,60328,4,12582912,31,-1,0,4
5.447582823999255,1779567896.6147797,7357,60329,5,12582912,31,-1,0,4
5.447582823999255,1779567896.6147797,7357,60330,6,12582912,27,-1,0,4
5.447582823999255,1779567896.6147797,7357,60331,7,12582912,25,-1,0,4
5.498148123999272,1779567896.6653454,7358,60332,0,12582912,26,-1,0,4
5.498148123999272,1779567896.6653454,7358,60333,1,12582912,29,-1,0,4
5.498148123999272,1779567896.6653454,7358,60334,2,12582912,33,-1,0,4
5.498148123999272,1779567896.6653454,7358,60335,3,12582912,32,-1,0,4
5.498148123999272,1779567896.6653454,7358,60336,4,12582912,31,-1,0,4
5.498148123999272,1779567896.6653454,7358,60337,5,12582912,32,-1,0,4
5.498148123999272,1779567896.6653454,7358,60338,6,12582912,34,-1,0,4
5.498148123999272,1779567896.6653454,7358,60339,7,12582912,35,-1,0,4
5.498383018999448,1779567896.6655788,7359,60340,0,12582912,38,-1,0,4
5.498383018999448,1779567896.6655788,7359,60341,1,12582912,41,-1,0,4
5.498383018999448,1779567896.6655788,7359,60342,2,12582912,41,-1,0,4
5.498383018999448,1779567896.6655788,7359,60343,3,12582912,39,-1,0,4
5.498383018999448,1779567896.6655788,7359,60344,4,12582912,40,-1,0,4
5.498383018999448,1779567896.6655788,7359,60345,5,12582912,39,-1,0,3
5.498383018999448,1779567896.6655788,7359,60346,6,12582912,34,-1,0,3
5.498383018999448,1779567896.6655788,7359,60347,7,12582912,29,-1,0,3
5.520057618999999,1779567896.6872554,7360,60348,0,12582912,28,-1,0,3
5.520057618999999,1779567896.6872554,7360,60349,1,12582912,30,-1,0,3
5.520057618999999,1779567896.6872554,7360,60350,2,12582912,29,-1,0,3
5.520057618999999,1779567896.6872554,7360,60351,3,12582912,29,-1,0,3
5.520057618999999,1779567896.6872554,7360,60352,4,12582912,35,-1,0,3
5.520057618999999,1779567896.6872554,7360,60353,5,12582912,42,-1,0,3
5.520057618999999,1779567896.6872554,7360,60354,6,12582912,40,-1,0,3
5.520057618999999,1779567896.6872554,7360,60355,7,12582912,31,-1,0,3
5.562951822999821,1779567896.7301493,7361,60356,0,12582912,27,-1,0,3
5.562951822999821,1779567896.7301493,7361,60357,1,12582912,35,-1,0,3
5.562951822999821,1779567896.7301493,7361,60358,2,12582912,46,-1,0,3
5.562951822999821,1779567896.7301493,7361,60359,3,12582912,45,-1,0,3
5.562951822999821,1779567896.7301493,7361,60360,4,12582912,32,-1,0,3
5.562951822999821,1779567896.7301493,7361,60361,5,12582912,18,-1,0,3
5.562951822999821,1779567896.7301493,7361,60362,6,12582912,13,-1,0,3
5.562951822999821,1779567896.7301493,7361,60363,7,12582912,17,-1,0,3
5.584716474999368,1779567896.7519143,7362,60364,0,12582912,24,-1,0,3
5.584716474999368,1779567896.7519143,7362,60365,1,12582912,28,-1,0,3
5.584716474999368,1779567896.7519143,7362,60366,2,12582912,29,-1,0,3
5.584716474999368,1779567896.7519143,7362,60367,3,12582912,30,-1,0,3
5.584716474999368,1779567896.7519143,7362,60368,4,12582912,28,-1,0,3
5.584716474999368,1779567896.7519143,7362,60369,5,12582912,26,-1,0,3
5.584716474999368,1779567896.7519143,7362,60370,6,12582912,24,-1,0,3
5.584716474999368,1779567896.7519143,7362,60371,7,12582912,23,-1,0,3
5.6276858349992835,1779567896.7948842,7363,60372,0,12582912,28,0,0,2
5.6276858349992835,1779567896.7948842,7363,60373,1,12582912,32,0,0,2
5.6276858349992835,1779567896.7948842,7363,60374,2,12582912,34,0,0,2
5.6276858349992835,1779567896.7948842,7363,60375,3,12582912,28,0,0,2
5.6276858349992835,1779567896.7948842,7363,60376,4,12582912,22,0,0,2
5.6276858349992835,1779567896.7948842,7363,60377,5,12582912,21,0,0,2
5.6276858349992835,1779567896.7948842,7363,60378,6,12582912,24,0,0,2
5.6276858349992835,1779567896.7948842,7363,60379,7,12582912,26,0,0,2
5.655268574000729,1779567896.8224661,7364,60380,0,12582912,23,0,0,2
5.655268574000729,1779567896.8224661,7364,60381,1,12582912,22,0,0,2
5.655268574000729,1779567896.8224661,7364,60382,2,12582912,28,0,0,2
5.655268574000729,1779567896.8224661,7364,60383,3,12582912,29,0,0,2
5.655268574000729,1779567896.8224661,7364,60384,4,12582912,17,0,0,2
5.655268574000729,1779567896.8224661,7364,60385,5,12582912,4,0,0,2
5.655268574000729,1779567896.8224661,7364,60386,6,12582912,8,0,0,2
5.655268574000729,1779567896.8224661,7364,60387,7,12582912,20,0,0,2
5.6769592159998865,1779567896.844157,7365,60388,0,12582912,25,0,0,2
5.6769592159998865,1779567896.844157,7365,60389,1,12582912,31,0,0,2
5.6769592159998865,1779567896.844157,7365,60390,2,12582912,29,0,0,2
5.6769592159998865,1779567896.844157,7365,60391,3,12582912,3,0,0,2
5.6769592159998865,1779567896.844157,7365,60392,4,12582912,-29,0,0,2
5.6769592159998865,1779567896.844157,7365,60393,5,12582912,-42,0,0,2
5.6769592159998865,1779567896.844157,7365,60394,6,12582912,-34,0,0,2
5.6769592159998865,1779567896.844157,7365,60395,7,12582912,-26,0,0,2
5.765778176999447,1779567896.9329755,7366,60396,0,12582912,-24,0,0,2
5.765778176999447,1779567896.9329755,7366,60397,1,12582912,-26,0,0,2
5.765778176999447,1779567896.9329755,7366,60398,2,12582912,-32,0,0,2
5.765778176999447,1779567896.9329755,7366,60399,3,12582912,-40,0,0,2
5.765778176999447,1779567896.9329755,7366,60400,4,12582912,-49,0,0,2
5.765778176999447,1779567896.9329755,7366,60401,5,12582912,-50,0,0,2
5.765778176999447,1779567896.9329755,7366,60402,6,12582912,-40,0,0,2
5.765778176999447,1779567896.9329755,7366,60403,7,12582912,-40,0,0,2
5.76612749800006,1779567896.9333248,7367,60404,0,12582912,-58,0,0,2
5.76612749800006,1779567896.9333248,7367,60405,1,12582912,-80,0,0,2
5.76612749800006,1779567896.9333248,7367,60406,2,12582912,-82,0,0,2
5.76612749800006,1779567896.9333248,7367,60407,3,12582912,-65,0,0,2
5.76612749800006,1779567896.9333248,7367,60408,4,12582912,-57,0,0,2
5.76612749800006,1779567896.9333248,7367,60409,5,12582912,-62,0,0,2
5.76612749800006,1779567896.9333248,7367,60410,6,12582912,-62,0,0,2
5.76612749800006,1779567896.9333248,7367,60411,7,12582912,-55,0,0,2
5.788027618000342,1779567896.955225,7368,60412,0,12582912,-54,0,0,1
5.788027618000342,1779567896.955225,7368,60413,1,12582912,-49,0,0,1
5.788027618000342,1779567896.955225,7368,60414,2,12582912,-33,0,0,1
5.788027618000342,1779567896.955225,7368,60415,3,12582912,-22,0,0,1
5.788027618000342,1779567896.955225,7368,60416,4,12582912,-20,0,0,1
5.788027618000342,1779567896.955225,7368,60417,5,12582912,-15,0,0,1
5.788027618000342,1779567896.955225,7368,60418,6,12582912,-4,0,0,1
5.788027618000342,1779567896.955225,7368,60419,7,12582912,5,0,0,1
5.809699927000111,1779567896.9768977,7369,60420,0,12582912,10,0,0,1
5.809699927000111,1779567896.9768977,7369,60421,1,12582912,9,0,0,1
5.809699927000111,1779567896.9768977,7369,60422,2,12582912,6,0,0,1
5.809699927000111,1779567896.9768977,7369,60423,3,12582912,5,0,0,1
5.809699927000111,1779567896.9768977,7369,60424,4,12582912,10,0,0,1
5.809699927000111,1779567896.9768977,7369,60425,5,12582912,15,0,0,1
5.809699927000111,1779567896.9768977,7369,60426,6,12582912,14,0,0,1
5.809699927000111,1779567896.9768977,7369,60427,7,12582912,8,0,0,1
5.852646110000933,1779567897.0198438,7370,60428,0,12582912,1,0,0,1
5.852646110000933,1779567897.0198438,7370,60429,1,12582912,2,0,0,1
5.852646110000933,1779567897.0198438,7370,60430,2,12582912,13,0,0,1
5.852646110000933,1779567897.0198438,7370,60431,3,12582912,29,0,0,1
5.852646110000933,1779567897.0198438,7370,60432,4,12582912,45,0,0,1
5.852646110000933,1779567897.0198438,7370,60433,5,12582912,53,0,0,1
5.852646110000933,1779567897.0198438,7370,60434,6,12582912,51,0,0,1
5.852646110000933,1779567897.0198438,7370,60435,7,12582912,42,0,0,1
5.874279876999935,1779567897.0414774,7371,60436,0,12582912,34,0,0,1
5.874279876999935,1779567897.0414774,7371,60437,1,12582912,34,0,0,1
5.874279876999935,1779567897.0414774,7371,60438,2,12582912,36,0,0,1
5.874279876999935,1779567897.0414774,7371,60439,3,12582912,33,0,0,1
5.874279876999935,1779567897.0414774,7371,60440,4,12582912,28,0,0,1
5.874279876999935,1779567897.0414774,7371,60441,5,12582912,29,0,0,1
5.874279876999935,1779567897.0414774,7371,60442,6,12582912,37,0,0,1
5.874279876999935,1779567897.0414774,7371,60443,7,12582912,45,0,0,1
5.896529943000132,1779567897.0637274,7372,60444,0,12582912,50,0,0,1
5.896529943000132,1779567897.0637274,7372,60445,1,12582912,49,0,0,1
5.896529943000132,1779567897.0637274,7372,60446,2,12582912,43,0,0,1
5.896529943000132,1779567897.0637274,7372,60447,3,12582912,36,0,0,1
5.896529943000132,1779567897.0637274,7372,60448,4,12582912,30,0,0,1
5.896529943000132,1779567897.0637274,7372,60449,5,12582912,22,0,0,1
5.896529943000132,1779567897.0637274,7372,60450,6,12582912,18,0,0,1
5.896529943000132,1779567897.0637274,7372,60451,7,12582912,24,0,0,1
5.933859704000497,1779567897.101057,7373,60452,0,12582912,37,0,0,1
5.933859704000497,1779567897.101057,7373,60453,1,12582912,43,0,0,1
5.933859704000497,1779567897.101057,7373,60454,2,12582912,40,0,0,1
5.933859704000497,1779567897.101057,7373,60455,3,12582912,37,0,0,1
5.933859704000497,1779567897.101057,7373,60456,4,12582912,41,0,0,1
5.933859704000497,1779567897.101057,7373,60457,5,12582912,47,0,0,1
5.933859704000497,1779567897.101057,7373,60458,6,12582912,50,0,0,1
5.933859704000497,1779567897.101057,7373,60459,7,12582912,47,0,0,1
5.969085103000907,1779567897.1362827,7374,60460,0,12582912,35,0,0,1
5.969085103000907,1779567897.1362827,7374,60461,1,12582912,24,0,0,1
5.969085103000907,1779567897.1362827,7374,60462,2,12582912,24,0,0,1
5.969085103000907,1779567897.1362827,7374,60463,3,12582912,33,0,0,1
5.969085103000907,1779567897.1362827,7374,60464,4,12582912,42,0,0,1
5.969085103000907,1779567897.1362827,7374,60465,5,12582912,45,0,0,1
5.969085103000907,1779567897.1362827,7374,60466,6,12582912,42,0,0,1
5.969085103000907,1779567897.1362827,7374,60467,7,12582912,36,0,0,1
6.012200450999444,1779567897.1793983,7375,60468,0,12582912,33,0,0,1
6.012200450999444,1779567897.1793983,7375,60469,1,12582912,33,0,0,1
6.012200450999444,1779567897.1793983,7375,60470,2,12582912,32,0,0,1
6.012200450999444,1779567897.1793983,7375,60471,3,12582912,29,0,0,1
6.012200450999444,1779567897.1793983,7375,60472,4,12582912,29,0,0,1
6.012200450999444,1779567897.1793983,7375,60473,5,12582912,35,0,0,1
6.012200450999444,1779567897.1793983,7375,60474,6,12582912,41,0,0,1
6.012200450999444,1779567897.1793983,7375,60475,7,12582912,39,0,0,1
6.033665314000245,1779567897.2008615,7376,60476,0,12582912,33,0,0,1
6.033665314000245,1779567897.2008615,7376,60477,1,12582912,31,0,0,1
6.033665314000245,1779567897.2008615,7376,60478,2,12582912,33,0,0,1
6.033665314000245,1779567897.2008615,7376,60479,3,12582912,30,0,0,1
6.033665314000245,1779567897.2008615,7376,60480,4,12582912,22,0,0,1
6.033665314000245,1779567897.2008615,7376,60481,5,12582912,19,0,0,1
6.033665314000245,1779567897.2008615,7376,60482,6,12582912,28,0,0,1
6.033665314000245,1779567897.2008615,7376,60483,7,12582912,36,0,0,1
6.055451684000218,1779567897.2226486,7377,60484,0,12582912,34,0,0,1
6.055451684000218,1779567897.2226486,7377,60485,1,12582912,27,0,0,1
6.055451684000218,1779567897.2226486,7377,60486,2,12582912,24,0,0,1
6.055451684000218,1779567897.2226486,7377,60487,3,12582912,28,0,0,1
6.055451684000218,1779567897.2226486,7377,60488,4,12582912,31,0,0,1
6.055451684000218,1779567897.2226486,7377,60489,5,12582912,26,0,0,1
6.055451684000218,1779567897.2226486,7377,60490,6,12582912,16,0,0,1
6.055451684000218,1779567897.2226486,7377,60491,7,12582912,10,0,0,1
6.160502417000316,1779567897.3276992,7378,60492,0,12582912,12,0,0,1
6.160502417000316,1779567897.3276992,7378,60493,1,12582912,18,0,0,1
6.160502417000316,1779567897.3276992,7378,60494,2,12582912,23,0,0,1
6.160502417000316,1779567897.3276992,7378,60495,3,12582912,24,0,0,1
6.160502417000316,1779567897.3276992,7378,60496,4,12582912,21,0,0,1
6.160502417000316,1779567897.3276992,7378,60497,5,12582912,20,0,0,1
6.160502417000316,1779567897.3276992,7378,60498,6,12582912,21,0,0,1
6.160502417000316,1779567897.3276992,7378,60499,7,12582912,20,0,0,1
6.165782227000818,1779567897.33298,7379,60500,0,12582912,14,0,0,0
6.165782227000818,1779567897.33298,7379,60501,1,12582912,-56,0,0,0
6.165782227000818,1779567897.33298,7379,60502,2,12582912,-186,0,0,0
6.165782227000818,1779567897.33298,7379,60503,3,12582912,-169,0,0,0
6.165782227000818,1779567897.33298,7379,60504,4,12582912,61,0,0,0
6.165782227000818,1779567897.33298,7379,60505,5,12582912,232,0,0,0
6.165782227000818,1779567897.33298,7379,60506,6,12582912,129,0,0,0
6.165782227000818,1779567897.33298,7379,60507,7,12582912,-93,0,0,0
6.166093526999248,1779567897.333289,7380,60508,0,12582912,-140,0,0,0
6.166093526999248,1779567897.333289,7380,60509,1,12582912,32,0,0,0
6.166093526999248,1779567897.333289,7380,60510,2,12582912,177,0,0,0
6.166093526999248,1779567897.333289,7380,60511,3,12582912,110,0,0,0
6.166093526999248,1779567897.333289,7380,60512,4,12582912,-59,0,0,0
6.166093526999248,1779567897.333289,7380,60513,5,12582912,-97,0,0,0
6.166093526999248,1779567897.333289,7380,60514,6,12582912,32,0,0,0
6.166093526999248,1779567897.333289,7380,60515,7,12582912,140,0,0,0
6.209007679000933,1779567897.376205,7381,60516,0,12582912,83,0,0,0
6.209007679000933,1779567897.376205,7381,60517,1,12582912,-50,0,0,0
6.209007679000933,1779567897.376205,7381,60518,2,12582912,-82,0,0,0
6.209007679000933,1779567897.376205,7381,60519,3,12582912,18,0,0,0
6.209007679000933,1779567897.376205,7381,60520,4,12582912,108,0,0,0
6.209007679000933,1779567897.376205,7381,60521,5,12582912,72,0,0,0
6.209007679000933,1779567897.376205,7381,60522,6,12582912,-27,0,0,0
6.209007679000933,1779567897.376205,7381,60523,7,12582912,-53,0,0,0
6.2456554649998,1779567897.412853,7382,60524,0,12582912,22,0,0,0
6.2456554649998,1779567897.412853,7382,60525,1,12582912,93,0,0,0
6.2456554649998,1779567897.412853,7382,60526,2,12582912,64,0,0,0
6.2456554649998,1779567897.412853,7382,60527,3,12582912,-16,0,0,0
6.2456554649998,1779567897.412853,7382,60528,4,12582912,-37,0,0,0
6.2456554649998,1779567897.412853,7382,60529,5,12582912,20,0,0,0
6.2456554649998,1779567897.412853,7382,60530,6,12582912,73,0,0,0
6.2456554649998,1779567897.412853,7382,60531,7,12582912,52,0,0,0
6.267424388001018,1779567897.4346223,7383,60532,0,12582912,-8,0,0,0
6.267424388001018,1779567897.4346223,7383,60533,1,12582912,-25,0,0,0
6.267424388001018,1779567897.4346223,7383,60534,2,12582912,16,0,0,0
6.267424388001018,1779567897.4346223,7383,60535,3,12582912,57,0,0,0
6.267424388001018,1779567897.4346223,7383,60536,4,12582912,42,0,0,0
6.267424388001018,1779567897.4346223,7383,60537,5,12582912,1,0,0,0
6.267424388001018,1779567897.4346223,7383,60538,6,12582912,-8,0,0,0
6.267424388001018,1779567897.4346223,7383,60539,7,12582912,26,0,0,0
6.289108050999857,1779567897.456306,7384,60540,0,12582912,54,0,0,0
6.289108050999857,1779567897.456306,7384,60541,1,12582912,37,0,0,0
6.289108050999857,1779567897.456306,7384,60542,2,12582912,-2,0,0,0
6.289108050999857,1779567897.456306,7384,60543,3,12582912,-13,0,0,0
6.289108050999857,1779567897.456306,7384,60544,4,12582912,15,0,0,0
6.289108050999857,1779567897.456306,7384,60545,5,12582912,43,0,0,0
6.289108050999857,1779567897.456306,7384,60546,6,12582912,38,0,0,0
6.289108050999857,1779567897.456306,7384,60547,7,12582912,16,0,0,0
6.348570846999792,1779567897.5157683,7385,60548,0,12582912,8,0,0,0
6.348570846999792,1779567897.5157683,7385,60549,1,12582912,24,0,0,0
6.348570846999792,1779567897.5157683,7385,60550,2,12582912,42,0,0,0
6.348570846999792,1779567897.5157683,7385,60551,3,12582912,33,0,0,0
6.348570846999792,1779567897.5157683,7385,60552,4,12582912,3,0,0,0
6.348570846999792,1779567897.5157683,7385,60553,5,12582912,-11,0,0,0
6.348570846999792,1779567897.5157683,7385,60554,6,12582912,4,0,0,0
6.348570846999792,1779567897.5157683,7385,60555,7,12582912,25,0,0,0
6.370325342999422,1779567897.5375233,7386,60556,0,12582912,26,0,0,0
6.370325342999422,1779567897.5375233,7386,60557,1,12582912,11,0,0,0
6.370325342999422,1779567897.5375233,7386,60558,2,12582912,2,0,0,0
6.370325342999422,1779567897.5375233,7386,60559,3,12582912,8,0,0,0
6.370325342999422,1779567897.5375233,7386,60560,4,12582912,18,0,0,0
6.370325342999422,1779567897.5375233,7386,60561,5,12582912,20,0,0,0
6.370325342999422,1779567897.5375233,7386,60562,6,12582912,16,0,0,0
6.370325342999422,1779567897.5375233,7386,60563,7,12582912,14,0,0,0
6.392056713999409,1779567897.559255,7387,60564,0,12582912,20,0,0,0
6.392056713999409,1779567897.559255,7387,60565,1,12582912,25,0,0,0
6.392056713999409,1779567897.559255,7387,60566,2,12582912,17,0,0,0
6.392056713999409,1779567897.559255,7387,60567,3,12582912,3,0,0,0
6.392056713999409,1779567897.559255,7387,60568,4,12582912,-1,0,0,0
6.392056713999409,1779567897.559255,7387,60569,5,12582912,7,0,0,0
6.392056713999409,1779567897.559255,7387,60570,6,12582912,17,0,0,0
6.392056713999409,1779567897.559255,7387,60571,7,12582912,17,0,0,0
6.4718153690009785,1779567897.6390133,7388,60572,0,12582912,10,0,0,0
6.4718153690009785,1779567897.6390133,7388,60573,1,12582912,8,0,0,0
6.4718153690009785,1779567897.6390133,7388,60574,2,12582912,13,0,0,0
6.4718153690009785,1779567897.6390133,7388,60575,3,12582912,18,0,0,0
6.4718153690009785,1779567897.6390133,7388,60576,4,12582912,18,0,0,0
6.4718153690009785,1779567897.6390133,7388,60577,5,12582912,16,0,0,0
6.4718153690009785,1779567897.6390133,7388,60578,6,12582912,10,0,0,0
6.4718153690009785,1779567897.6390133,7388,60579,7,12582912,6,0,0,0
6.472130471000128,1779567897.6393268,7389,60580,0,12582912,9,0,0,0
6.472130471000128,1779567897.6393268,7389,60581,1,12582912,9,0,0,0
6.472130471000128,1779567897.6393268,7389,60582,2,12582912,3,0,0,0
6.472130471000128,1779567897.6393268,7389,60583,3,12582912,-4,0,0,0
6.472130471000128,1779567897.6393268,7389,60584,4,12582912,-2,0,0,0
6.472130471000128,1779567897.6393268,7389,60585,5,12582912,6,0,0,0
6.472130471000128,1779567897.6393268,7389,60586,6,12582912,9,0,0,0
6.472130471000128,1779567897.6393268,7389,60587,7,12582912,5,0,0,0
6.513372601999436,1779567897.6805701,7390,60588,0,12582912,-2,0,0,0
6.513372601999436,1779567897.6805701,7390,60589,1,12582912,-2,0,0,0
6.513372601999436,1779567897.6805701,7390,60590,2,12582912,8,0,0,0
6.513372601999436,1779567897.6805701,7390,60591,3,12582912,16,0,0,0
6.513372601999436,1779567897.6805701,7390,60592,4,12582912,17,0,0,0
6.513372601999436,1779567897.6805701,7390,60593,5,12582912,15,0,0,0
6.513372601999436,1779567897.6805701,7390,60594,6,12582912,17,0,0,0
6.513372601999436,1779567897.6805701,7390,60595,7,12582912,20,0,0,0
6.513875411999834,1779567897.6810715,7391,60596,0,12582912,17,0,0,0
6.513875411999834,1779567897.6810715,7391,60597,1,12582912,8,0,0,0
6.513875411999834,1779567897.6810715,7391,60598,2,12582912,1,0,0,0
6.513875411999834,1779567897.6810715,7391,60599,3,12582912,2,0,0,0
6.513875411999834,1779567897.6810715,7391,60600,4,12582912,9,0,0,0
6.513875411999834,1779567897.6810715,7391,60601,5,12582912,14,0,0,0
6.513875411999834,1779567897.6810715,7391,60602,6,12582912,15,0,0,0
6.513875411999834,1779567897.6810715,7391,60603,7,12582912,11,0,0,0
6.589756695999313,1779567897.7569547,7392,60604,0,12582912,8,0,0,0
6.589756695999313,1779567897.7569547,7392,60605,1,12582912,14,0,0,0
6.589756695999313,1779567897.7569547,7392,60606,2,12582912,20,0,0,0
6.589756695999313,1779567897.7569547,7392,60607,3,12582912,20,0,0,0
6.589756695999313,1779567897.7569547,7392,60608,4,12582912,17,0,0,0
6.589756695999313,1779567897.7569547,7392,60609,5,12582912,13,0,0,0
6.589756695999313,1779567897.7569547,7392,60610,6,12582912,12,0,0,0
6.589756695999313,1779567897.7569547,7392,60611,7,12582912,10,0,0,0
6.590075600001001,1779567897.757272,7393,60612,0,12582912,8,0,0,0
6.590075600001001,1779567897.757272,7393,60613,1,12582912,2,0,0,0
6.590075600001001,1779567897.757272,7393,60614,2,12582912,-3,0,0,0
6.590075600001001,1779567897.757272,7393,60615,3,12582912,1,0,0,0
6.590075600001001,1779567897.757272,7393,60616,4,12582912,6,0,0,0
6.590075600001001,1779567897.757272,7393,60617,5,12582912,2,0,0,0
6.590075600001001,1779567897.757272,7393,60618,6,12582912,-8,0,0,0
6.590075600001001,1779567897.757272,7393,60619,7,12582912,-11,0,0,0
6.611801711000226,1779567897.7789993,7394,60620,0,12582912,-14,0,0,0
6.611801711000226,1779567897.7789993,7394,60621,1,12582912,-28,0,0,0
6.611801711000226,1779567897.7789993,7394,60622,2,12582912,-38,0,0,0
6.611801711000226,1779567897.7789993,7394,60623,3,12582912,-40,0,0,0
6.611801711000226,1779567897.7789993,7394,60624,4,12582912,-37,0,0,0
6.611801711000226,1779567897.7789993,7394,60625,5,12582912,-30,0,0,0
6.611801711000226,1779567897.7789993,7394,60626,6,12582912,-27,0,0,0
6.611801711000226,1779567897.7789993,7394,60627,7,12582912,-34,0,0,0
6.6544258129997615,1779567897.8216228,7395,60628,0,12582912,-44,0,0,0
6.6544258129997615,1779567897.8216228,7395,60629,1,12582912,-54,0,0,0
6.6544258129997615,1779567897.8216228,7395,60630,2,12582912,-58,0,0,0
6.6544258129997615,1779567897.8216228,7395,60631,3,12582912,-55,0,0,0
6.6544258129997615,1779567897.8216228,7395,60632,4,12582912,-52,0,0,0
6.6544258129997615,1779567897.8216228,7395,60633,5,12582912,-58,0,0,0
6.6544258129997615,1779567897.8216228,7395,60634,6,12582912,-66,0,0,0
6.6544258129997615,1779567897.8216228,7395,60635,7,12582912,-68,0,0,0
6.675667551000515,1779567897.842864,7396,60636,0,12582912,-62,0,0,0
6.675667551000515,1779567897.842864,7396,60637,1,12582912,-50,0,0,0
6.675667551000515,1779567897.842864,7396,60638,2,12582912,-39,0,0,0
6.675667551000515,1779567897.842864,7396,60639,3,12582912,-31,0,0,0
6.675667551000515,1779567897.842864,7396,60640,4,12582912,-25,0,0,0
6.675667551000515,1779567897.842864,7396,60641,5,12582912,-27,0,0,0
6.675667551000515,1779567897.842864,7396,60642,6,12582912,-33,0,0,0
6.675667551000515,1779567897.842864,7396,60643,7,12582912,-40,0,0,0
6.723024696000721,1779567897.8902233,7397,60644,0,12582912,-42,0,0,0
6.723024696000721,1779567897.8902233,7397,60645,1,12582912,-36,0,0,0
6.723024696000721,1779567897.8902233,7397,60646,2,12582912,-25,0,0,0
6.723024696000721,1779567897.8902233,7397,60647,3,12582912,-17,0,0,0
6.723024696000721,1779567897.8902233,7397,60648,4,12582912,-15,0,0,0
6.723024696000721,1779567897.8902233,7397,60649,5,12582912,-14,0,0,0
6.723024696000721,1779567897.8902233,7397,60650,6,12582912,-11,0,0,0
6.723024696000721,1779567897.8902233,7397,60651,7,12582912,-4,0,0,0
6.768716434000453,1779567897.9359145,7398,60652,0,12582912,2,0,0,0
6.768716434000453,1779567897.9359145,7398,60653,1,12582912,4,0,0,0
6.768716434000453,1779567897.9359145,7398,60654,2,12582912,4,0,0,0
6.768716434000453,1779567897.9359145,7398,60655,3,12582912,10,0,0,0
6.768716434000453,1779567897.9359145,7398,60656,4,12582912,19,0,0,0
6.768716434000453,1779567897.9359145,7398,60657,5,12582912,22,0,0,0
6.768716434000453,1779567897.9359145,7398,60658,6,12582912,16,0,0,0
6.768716434000453,1779567897.9359145,7398,60659,7,12582912,7,0,0,0
6.769026743999348,1779567897.9362233,7399,60660,0,12582912,4,0,0,0
6.769026743999348,1779567897.9362233,7399,60661,1,12582912,11,0,0,0
6.769026743999348,1779567897.9362233,7399,60662,2,12582912,21,0,0,0
6.769026743999348,1779567897.9362233,7399,60663,3,12582912,23,0,0,0
6.769026743999348,1779567897.9362233,7399,60664,4,12582912,19,0,0,0
6.769026743999348,1779567897.9362233,7399,60665,5,12582912,16,0,0,0
6.769026743999348,1779567897.9362233,7399,60666,6,12582912,16,0,0,0
6.769026743999348,1779567897.9362233,7399,60667,7,12582912,16,0,0,0
6.811816158000511,1779567897.979014,7400,60668,0,12582912,16,0,0,0
6.811816158000511,1779567897.979014,7400,60669,1,12582912,20,0,0,0
6.811816158000511,1779567897.979014,7400,60670,2,12582912,27,0,0,0
6.811816158000511,1779567897.979014,7400,60671,3,12582912,26,0,0,0
6.811816158000511,1779567897.979014,7400,60672,4,12582912,15,0,0,0
6.811816158000511,1779567897.979014,7400,60673,5,12582912,6,0,0,0
6.811816158000511,1779567897.979014,7400,60674,6,12582912,4,0,0,0
6.811816158000511,1779567897.979014,7400,60675,7,12582912,4,0,0,0
6.833490029001041,1779567898.0006878,7401,60676,0,12582912,3,0,0,0
6.833490029001041,1779567898.0006878,7401,60677,1,12582912,7,0,0,0
6.833490029001041,1779567898.0006878,7401,60678,2,12582912,12,0,0,0
6.833490029001041,1779567898.0006878,7401,60679,3,12582912,13,0,0,0
6.833490029001041,1779567898.0006878,7401,60680,4,12582912,12,0,0,0
6.833490029001041,1779567898.0006878,7401,60681,5,12582912,12,0,0,0
6.833490029001041,1779567898.0006878,7401,60682,6,12582912,12,0,0,0
6.833490029001041,1779567898.0006878,7401,60683,7,12582912,13,0,0,0
6.876461420000851,1779567898.0436587,7402,60684,0,12582912,15,0,0,0
6.876461420000851,1779567898.0436587,7402,60685,1,12582912,16,0,0,0
6.876461420000851,1779567898.0436587,7402,60686,2,12582912,14,0,0,0
6.876461420000851,1779567898.0436587,7402,60687,3,12582912,14,0,0,0
6.876461420000851,1779567898.0436587,7402,60688,4,12582912,12,0,0,0
6.876461420000851,1779567898.0436587,7402,60689,5,12582912,10,0,0,0
6.876461420000851,1779567898.0436587,7402,60690,6,12582912,11,0,0,0
6.876461420000851,1779567898.0436587,7402,60691,7,12582912,14,0,0,0
6.8981457089994365,1779567898.0653431,7403,60692,0,12582912,15,0,0,0
6.8981457089994365,1779567898.0653431,7403,60693,1,12582912,14,0,0,0
6.8981457089994365,1779567898.0653431,7403,60694,2,12582912,18,0,0,0
6.8981457089994365,1779567898.0653431,7403,60695,3,12582912,25,0,0,0
6.8981457089994365,1779567898.0653431,7403,60696,4,12582912,26,0,0,0
6.8981457089994365,1779567898.0653431,7403,60697,5,12582912,23,0,0,0
6.8981457089994365,1779567898.0653431,7403,60698,6,12582912,19,0,0,0
6.8981457089994365,1779567898.0653431,7403,60699,7,12582912,12,0,0,0
6.959729325000808,1779567898.126927,7404,60700,0,12582912,6,0,0,0
6.959729325000808,1779567898.126927,7404,60701,1,12582912,8,0,0,0
6.959729325000808,1779567898.126927,7404,60702,2,12582912,14,0,0,0
6.959729325000808,1779567898.126927,7404,60703,3,12582912,15,0,0,0
6.959729325000808,1779567898.126927,7404,60704,4,12582912,11,0,0,0
6.959729325000808,1779567898.126927,7404,60705,5,12582912,13,0,0,0
6.959729325000808,1779567898.126927,7404,60706,6,12582912,24,0,0,0
6.959729325000808,1779567898.126927,7404,60707,7,12582912,27,0,0,0
6.999457664000147,1779567898.1666555,7405,60708,0,12582912,17,0,0,0
6.999457664000147,1779567898.1666555,7405,60709,1,12582912,6,0,0,0
6.999457664000147,1779567898.1666555,7405,60710,2,12582912,5,0,0,0
6.999457664000147,1779567898.1666555,7405,60711,3,12582912,8,0,0,0
6.999457664000147,1779567898.1666555,7405,60712,4,12582912,10,0,0,0
6.999457664000147,1779567898.1666555,7405,60713,5,12582912,10,0,0,0
6.999457664000147,1779567898.1666555,7405,60714,6,12582912,7,0,0,0
6.999457664000147,1779567898.1666555,7405,60715,7,12582912,12,0,0,0
6.999774537000121,1779567898.166971,7406,60716,0,12582912,20,0,0,0
6.999774537000121,1779567898.166971,7406,60717,1,12582912,22,0,0,0
6.999774537000121,1779567898.166971,7406,60718,2,12582912,16,0,0,0
6.999774537000121,1779567898.166971,7406,60719,3,12582912,8,0,0,0
6.999774537000121,1779567898.166971,7406,60720,4,12582912,8,0,0,0
6.999774537000121,1779567898.166971,7406,60721,5,12582912,14,0,0,0
6.999774537000121,1779567898.166971,7406,60722,6,12582912,20,0,0,0
6.999774537000121,1779567898.166971,7406,60723,7,12582912,19,0,0,0
7.034730875000605,1779567898.2019274,7407,60724,0,12582912,15,0,0,0
7.034730875000605,1779567898.2019274,7407,60725,1,12582912,11,0,0,0
7.034730875000605,1779567898.2019274,7407,60726,2,12582912,5,0,0,0
7.034730875000605,1779567898.2019274,7407,60727,3,12582912,0,0,0,0
7.034730875000605,1779567898.2019274,7407,60728,4,12582912,2,0,0,0
7.034730875000605,1779567898.2019274,7407,60729,5,12582912,10,0,0,0
7.034730875000605,1779567898.2019274,7407,60730,6,12582912,17,0,0,0
7.034730875000605,1779567898.2019274,7407,60731,7,12582912,17,0,0,0
7.056025895000857,1779567898.2232223,7408,60732,0,12582912,12,0,0,0
7.056025895000857,1779567898.2232223,7408,60733,1,12582912,6,0,0,0
7.056025895000857,1779567898.2232223,7408,60734,2,12582912,1,0,0,0
7.056025895000857,1779567898.2232223,7408,60735,3,12582912,5,0,0,0
7.056025895000857,1779567898.2232223,7408,60736,4,12582912,15,0,0,0
7.056025895000857,1779567898.2232223,7408,60737,5,12582912,20,0,0,0
7.056025895000857,1779567898.2232223,7408,60738,6,12582912,11,0,0,0
7.056025895000857,1779567898.2232223,7408,60739,7,12582912,0,0,0,0
7.098220312000194,1779567898.2654166,7409,60740,0,12582912,-2,0,0,0
7.098220312000194,1779567898.2654166,7409,60741,1,12582912,3,0,0,0
7.098220312000194,1779567898.2654166,7409,60742,2,12582912,8,0,0,0
7.098220312000194,1779567898.2654166,7409,60743,3,12582912,10,0,0,0
7.098220312000194,1779567898.2654166,7409,60744,4,12582912,9,0,0,0
7.098220312000194,1779567898.2654166,7409,60745,5,12582912,5,0,0,0
7.098220312000194,1779567898.2654166,7409,60746,6,12582912,-4,0,0,0
7.098220312000194,1779567898.2654166,7409,60747,7,12582912,-11,0,0,0
7.119659289999618,1779567898.2868564,7410,60748,0,12582912,-14,0,0,0
7.119659289999618,1779567898.2868564,7410,60749,1,12582912,-11,0,0,0
7.119659289999618,1779567898.2868564,7410,60750,2,12582912,-3,0,0,0
7.119659289999618,1779567898.2868564,7410,60751,3,12582912,-5,0,0,0
7.119659289999618,1779567898.2868564,7410,60752,4,12582912,-19,0,0,0
7.119659289999618,1779567898.2868564,7410,60753,5,12582912,-34,0,0,0
7.119659289999618,1779567898.2868564,7410,60754,6,12582912,-48,0,0,0
7.119659289999618,1779567898.2868564,7410,60755,7,12582912,-57,0,0,0
7.16246042199964,1779567898.329658,7411,60756,0,12582912,-56,0,0,0
7.16246042199964,1779567898.329658,7411,60757,1,12582912,-50,0,0,0
7.16246042199964,1779567898.329658,7411,60758,2,12582912,-52,0,0,0
7.16246042199964,1779567898.329658,7411,60759,3,12582912,-59,0,0,0
7.16246042199964,1779567898.329658,7411,60760,4,12582912,-64,0,0,0
7.16246042199964,1779567898.329658,7411,60761,5,12582912,-68,0,0,0
7.16246042199964,1779567898.329658,7411,60762,6,12582912,-70,0,0,0
7.16246042199964,1779567898.329658,7411,60763,7,12582912,-67,0,0,0
7.19989747299951,1779567898.3670952,7412,60764,0,12582912,-64,0,0,0
7.19989747299951,1779567898.3670952,7412,60765,1,12582912,-60,0,0,0
7.19989747299951,1779567898.3670952,7412,60766,2,12582912,-53,0,0,0
7.19989747299951,1779567898.3670952,7412,60767,3,12582912,-49,0,0,0
7.19989747299951,1779567898.3670952,7412,60768,4,12582912,-53,0,0,0
7.19989747299951,1779567898.3670952,7412,60769,5,12582912,-56,0,0,0
7.19989747299951,1779567898.3670952,7412,60770,6,12582912,-53,0,0,0
7.19989747299951,1779567898.3670952,7412,60771,7,12582912,-51,0,0,0
7.227491723999265,1779567898.3946896,7413,60772,0,12582912,-49,0,0,0
7.227491723999265,1779567898.3946896,7413,60773,1,12582912,-45,0,0,0
7.227491723999265,1779567898.3946896,7413,60774,2,12582912,-41,0,0,0
7.227491723999265,1779567898.3946896,7413,60775,3,12582912,-36,0,0,0
7.227491723999265,1779567898.3946896,7413,60776,4,12582912,-28,0,0,0
7.227491723999265,1779567898.3946896,7413,60777,5,12582912,-21,0,0,0
7.227491723999265,1779567898.3946896,7413,60778,6,12582912,-20,0,0,0
7.227491723999265,1779567898.3946896,7413,60779,7,12582912,-22,0,0,0
7.262886028000139,1779567898.4300838,7414,60780,0,12582912,-23,0,0,0
7.262886028000139,1779567898.4300838,7414,60781,1,12582912,-19,0,0,0
7.262886028000139,1779567898.4300838,7414,60782,2,12582912,-11,0,0,0
7.262886028000139,1779567898.4300838,7414,60783,3,12582912,-4,0,0,0
7.262886028000139,1779567898.4300838,7414,60784,4,12582912,0,0,0,0
7.262886028000139,1779567898.4300838,7414,60785,5,12582912,4,0,0,0
7.262886028000139,1779567898.4300838,7414,60786,6,12582912,9,0,0,0
7.262886028000139,1779567898.4300838,7414,60787,7,12582912,9,0,0,0
7.284660003000681,1779567898.4518576,7415,60788,0,12582912,5,0,0,0
7.284660003000681,1779567898.4518576,7415,60789,1,12582912,1,0,0,0
7.284660003000681,1779567898.4518576,7415,60790,2,12582912,4,0,0,0
7.284660003000681,1779567898.4518576,7415,60791,3,12582912,10,0,0,0
7.284660003000681,1779567898.4518576,7415,60792,4,12582912,12,0,0,0
7.284660003000681,1779567898.4518576,7415,60793,5,12582912,11,0,0,0
7.284660003000681,1779567898.4518576,7415,60794,6,12582912,11,0,0,0
7.284660003000681,1779567898.4518576,7415,60795,7,12582912,15,0,0,0
7.373352560000058,1779567898.5405493,7416,60796,0,12582912,20,0,0,0
7.373352560000058,1779567898.5405493,7416,60797,1,12582912,19,0,0,0
7.373352560000058,1779567898.5405493,7416,60798,2,12582912,13,0,0,0
7.373352560000058,1779567898.5405493,7416,60799,3,12582912,9,0,0,0
7.373352560000058,1779567898.5405493,7416,60800,4,12582912,9,0,0,0
7.373352560000058,1779567898.5405493,7416,60801,5,12582912,12,0,0,0
7.373352560000058,1779567898.5405493,7416,60802,6,12582912,13,0,0,0
7.373352560000058,1779567898.5405493,7416,60803,7,12582912,8,0,0,0
7.373513079999611,1779567898.5407085,7417,60804,0,12582912,4,0,0,0
7.373513079999611,1779567898.5407085,7417,60805,1,12582912,11,0,0,0
7.373513079999611,1779567898.5407085,7417,60806,2,12582912,21,0,0,0
7.373513079999611,1779567898.5407085,7417,60807,3,12582912,25,0,0,0
7.373513079999611,1779567898.5407085,7417,60808,4,12582912,22,0,0,0
7.373513079999611,1779567898.5407085,7417,60809,5,12582912,18,0,0,0
7.373513079999611,1779567898.5407085,7417,60810,6,12582912,17,0,0,0
7.373513079999611,1779567898.5407085,7417,60811,7,12582912,20,0,0,0
7.411500337000689,1779567898.5786982,7418,60812,0,12582912,25,0,0,0
7.411500337000689,1779567898.5786982,7418,60813,1,12582912,28,0,0,0
7.411500337000689,1779567898.5786982,7418,60814,2,12582912,23,0,0,0
7.411500337000689,1779567898.5786982,7418,60815,3,12582912,18,0,0,0
7.411500337000689,1779567898.5786982,7418,60816,4,12582912,16,0,0,0
7.411500337000689,1779567898.5786982,7418,60817,5,12582912,17,0,0,0
7.411500337000689,1779567898.5786982,7418,60818,6,12582912,18,0,0,0
7.411500337000689,1779567898.5786982,7418,60819,7,12582912,19,0,0,0
7.411813980999796,1779567898.57901,7419,60820,0,12582912,22,0,0,0
7.411813980999796,1779567898.57901,7419,60821,1,12582912,26,0,0,0
7.411813980999796,1779567898.57901,7419,60822,2,12582912,27,0,0,0
7.411813980999796,1779567898.57901,7419,60823,3,12582912,24,0,0,0
7.411813980999796,1779567898.57901,7419,60824,4,12582912,22,0,0,0
7.411813980999796,1779567898.57901,7419,60825,5,12582912,25,0,0,0
7.411813980999796,1779567898.57901,7419,60826,6,12582912,30,0,0,0
7.411813980999796,1779567898.57901,7419,60827,7,12582912,30,0,0,0
7.487325162999696,1779567898.6545231,7420,60828,0,12582912,27,0,0,0
7.487325162999696,1779567898.6545231,7420,60829,1,12582912,25,0,0,0
7.487325162999696,1779567898.6545231,7420,60830,2,12582912,27,0,0,0
7.487325162999696,1779567898.6545231,7420,60831,3,12582912,30,0,0,0
7.487325162999696,1779567898.6545231,7420,60832,4,12582912,31,0,0,0
7.487325162999696,1779567898.6545231,7420,60833,5,12582912,30,0,0,0
7.487325162999696,1779567898.6545231,7420,60834,6,12582912,24,0,0,0
7.487325162999696,1779567898.6545231,7420,60835,7,12582912,20,0,0,0
7.487643129999924,1779567898.6548398,7421,60836,0,12582912,21,0,0,0
7.487643129999924,1779567898.6548398,7421,60837,1,12582912,24,0,0,0
7.487643129999924,1779567898.6548398,7421,60838,2,12582912,21,0,0,0
7.487643129999924,1779567898.6548398,7421,60839,3,12582912,14,0,0,0
7.487643129999924,1779567898.6548398,7421,60840,4,12582912,9,0,0,0
7.487643129999924,1779567898.6548398,7421,60841,5,12582912,10,0,0,0
7.487643129999924,1779567898.6548398,7421,60842,6,12582912,15,0,0,0
7.487643129999924,1779567898.6548398,7421,60843,7,12582912,21,0,0,0
7.524403207000432,1779567898.6916006,7422,60844,0,12582912,21,0,0,0
7.524403207000432,1779567898.6916006,7422,60845,1,12582912,17,0,0,0
7.524403207000432,1779567898.6916006,7422,60846,2,12582912,18,0,0,0
7.524403207000432,1779567898.6916006,7422,60847,3,12582912,16,0,0,0
7.524403207000432,1779567898.6916006,7422,60848,4,12582912,8,0,0,0
7.524403207000432,1779567898.6916006,7422,60849,5,12582912,7,0,0,0
7.524403207000432,1779567898.6916006,7422,60850,6,12582912,15,0,0,0
7.524403207000432,1779567898.6916006,7422,60851,7,12582912,19,0,0,0
7.546062235000136,1779567898.7132602,7423,60852,0,12582912,17,0,0,0
7.546062235000136,1779567898.7132602,7423,60853,1,12582912,9,0,0,0
7.546062235000136,1779567898.7132602,7423,60854,2,12582912,1,0,0,0
7.546062235000136,1779567898.7132602,7423,60855,3,12582912,4,0,0,0
7.546062235000136,1779567898.7132602,7423,60856,4,12582912,4,0,0,0
7.546062235000136,1779567898.7132602,7423,60857,5,12582912,-13,0,0,0
7.546062235000136,1779567898.7132602,7423,60858,6,12582912,-31,0,0,0
7.546062235000136,1779567898.7132602,7423,60859,7,12582912,-39,0,0,0
7.567822408000211,1779567898.7350204,7424,60860,0,12582912,-45,0,0,0
7.567822408000211,1779567898.7350204,7424,60861,1,12582912,-46,0,0,0
7.567822408000211,1779567898.7350204,7424,60862,2,12582912,-37,0,0,0
7.567822408000211,1779567898.7350204,7424,60863,3,12582912,-36,0,0,0
7.567822408000211,1779567898.7350204,7424,60864,4,12582912,-48,0,0,0
7.567822408000211,1779567898.7350204,7424,60865,5,12582912,-58,0,0,0
7.567822408000211,1779567898.7350204,7424,60866,6,12582912,-58,0,0,0
7.567822408000211,1779567898.7350204,7424,60867,7,12582912,-53,0,0,0
7.627225882000857,1779567898.7944238,7425,60868,0,12582912,-51,0,0,0
7.627225882000857,1779567898.7944238,7425,60869,1,12582912,-59,0,0,0
7.627225882000857,1779567898.7944238,7425,60870,2,12582912,-62,0,0,0
7.627225882000857,1779567898.7944238,7425,60871,3,12582912,-55,0,0,0
7.627225882000857,1779567898.7944238,7425,60872,4,12582912,-54,0,0,0
7.627225882000857,1779567898.7944238,7425,60873,5,12582912,-63,0,0,0
7.627225882000857,1779567898.7944238,7425,60874,6,12582912,-70,0,0,0
7.627225882000857,1779567898.7944238,7425,60875,7,12582912,-75,0,0,0
7.648907565999252,1779567898.8161051,7426,60876,0,12582912,-78,0,0,0
7.648907565999252,1779567898.8161051,7426,60877,1,12582912,-75,0,0,0
7.648907565999252,1779567898.8161051,7426,60878,2,12582912,-66,0,0,0
7.648907565999252,1779567898.8161051,7426,60879,3,12582912,-59,0,0,0
7.648907565999252,1779567898.8161051,7426,60880,4,12582912,-52,0,0,0
7.648907565999252,1779567898.8161051,7426,60881,5,12582912,-40,0,0,0
7.648907565999252,1779567898.8161051,7426,60882,6,12582912,-30,0,0,0
7.648907565999252,1779567898.8161051,7426,60883,7,12582912,-30,0,0,0
7.6705837290010095,1779567898.8377814,7427,60884,0,12582912,-35,0,0,0
7.6705837290010095,1779567898.8377814,7427,60885,1,12582912,-35,0,0,0
7.6705837290010095,1779567898.8377814,7427,60886,2,12582912,-28,0,0,0
7.6705837290010095,1779567898.8377814,7427,60887,3,12582912,-15,0,0,0
7.6705837290010095,1779567898.8377814,7427,60888,4,12582912,-2,0,0,0
7.6705837290010095,1779567898.8377814,7427,60889,5,12582912,2,0,0,0
7.6705837290010095,1779567898.8377814,7427,60890,6,12582912,-2,0,0,0
7.6705837290010095,1779567898.8377814,7427,60891,7,12582912,-4,0,0,0
7.7133299140004965,1779567898.8805268,7428,60892,0,12582912,2,0,0,0
7.7133299140004965,1779567898.8805268,7428,60893,1,12582912,12,0,0,0
7.7133299140004965,1779567898.8805268,7428,60894,2,12582912,19,0,0,0
7.7133299140004965,1779567898.8805268,7428,60895,3,12582912,26,0,0,0
7.7133299140004965,1779567898.8805268,7428,60896,4,12582912,31,0,0,0
7.7133299140004965,1779567898.8805268,7428,60897,5,12582912,33,0,0,0
7.7133299140004965,1779567898.8805268,7428,60898,6,12582912,31,0,0,0
7.7133299140004965,1779567898.8805268,7428,60899,7,12582912,26,0,0,0
7.771239907000563,1779567898.938438,7429,60900,0,12582912,22,0,0,0
7.771239907000563,1779567898.938438,7429,60901,1,12582912,21,0,0,0
7.771239907000563,1779567898.938438,7429,60902,2,12582912,20,0,0,0
7.771239907000563,1779567898.938438,7429,60903,3,12582912,16,0,0,0
7.771239907000563,1779567898.938438,7429,60904,4,12582912,17,0,0,0
7.771239907000563,1779567898.938438,7429,60905,5,12582912,26,0,0,0
7.771239907000563,1779567898.938438,7429,60906,6,12582912,33,0,0,0
7.771239907000563,1779567898.938438,7429,60907,7,12582912,32,0,0,0
7.771591779999653,1779567898.9387882,7430,60908,0,12582912,27,0,0,0
7.771591779999653,1779567898.9387882,7430,60909,1,12582912,29,0,0,0
7.771591779999653,1779567898.9387882,7430,60910,2,12582912,40,0,0,0
7.771591779999653,1779567898.9387882,7430,60911,3,12582912,47,0,0,0
7.771591779999653,1779567898.9387882,7430,60912,4,12582912,42,0,0,0
7.771591779999653,1779567898.9387882,7430,60913,5,12582912,31,0,0,0
7.771591779999653,1779567898.9387882,7430,60914,6,12582912,22,0,0,0
7.771591779999653,1779567898.9387882,7430,60915,7,12582912,23,0,0,0
7.807416550000198,1779567898.9746146,7431,60916,0,12582912,28,0,0,0
7.807416550000198,1779567898.9746146,7431,60917,1,12582912,28,0,0,0
7.807416550000198,1779567898.9746146,7431,60918,2,12582912,26,0,0,0
7.807416550000198,1779567898.9746146,7431,60919,3,12582912,28,0,0,0
7.807416550000198,1779567898.9746146,7431,60920,4,12582912,34,0,0,0
7.807416550000198,1779567898.9746146,7431,60921,5,12582912,41,0,0,0
7.807416550000198,1779567898.9746146,7431,60922,6,12582912,47,0,0,0
7.807416550000198,1779567898.9746146,7431,60923,7,12582912,49,0,0,0
7.845157194000421,1779567899.012355,7432,60924,0,12582912,45,0,0,0
7.845157194000421,1779567899.012355,7432,60925,1,12582912,38,0,0,0
7.845157194000421,1779567899.012355,7432,60926,2,12582912,31,0,0,0
7.845157194000421,1779567899.012355,7432,60927,3,12582912,28,0,0,0
7.845157194000421,1779567899.012355,7432,60928,4,12582912,32,0,0,0
7.845157194000421,1779567899.012355,7432,60929,5,12582912,38,0,0,0
7.845157194000421,1779567899.012355,7432,60930,6,12582912,46,0,0,0
7.845157194000421,1779567899.012355,7432,60931,7,12582912,51,0,0,0
7.866819920000125,1779567899.0340176,7433,60932,0,12582912,50,0,0,0
7.866819920000125,1779567899.0340176,7433,60933,1,12582912,42,0,0,0
7.866819920000125,1779567899.0340176,7433,60934,2,12582912,35,0,0,0
7.866819920000125,1779567899.0340176,7433,60935,3,12582912,35,0,0,0
7.866819920000125,1779567899.0340176,7433,60936,4,12582912,36,0,0,0
7.866819920000125,1779567899.0340176,7433,60937,5,12582912,33,0,0,0
7.866819920000125,1779567899.0340176,7433,60938,6,12582912,27,0,0,0
7.866819920000125,1779567899.0340176,7433,60939,7,12582912,21,0,0,0
7.888559467999585,1779567899.055757,7434,60940,0,12582912,24,0,0,0
7.888559467999585,1779567899.055757,7434,60941,1,12582912,33,0,0,0
7.888559467999585,1779567899.055757,7434,60942,2,12582912,39,0,0,0
7.888559467999585,1779567899.055757,7434,60943,3,12582912,41,0,0,0
7.888559467999585,1779567899.055757,7434,60944,4,12582912,38,0,0,0
7.888559467999585,1779567899.055757,7434,60945,5,12582912,37,0,0,0
7.888559467999585,1779567899.055757,7434,60946,6,12582912,38,0,0,0
7.888559467999585,1779567899.055757,7434,60947,7,12582912,42,0,0,0
7.931355287999395,1779567899.0985534,7435,60948,0,12582912,43,0,0,0
7.931355287999395,1779567899.0985534,7435,60949,1,12582912,40,0,0,0
7.931355287999395,1779567899.0985534,7435,60950,2,12582912,37,0,0,0
7.931355287999395,1779567899.0985534,7435,60951,3,12582912,36,0,0,0
7.931355287999395,1779567899.0985534,7435,60952,4,12582912,34,0,0,0
7.931355287999395,1779567899.0985534,7435,60953,5,12582912,26,0,0,0
7.931355287999395,1779567899.0985534,7435,60954,6,12582912,20,0,0,0
7.931355287999395,1779567899.0985534,7435,60955,7,12582912,22,0,0,0
7.953028587000517,1779567899.1202264,7436,60956,0,12582912,29,0,0,0
7.953028587000517,1779567899.1202264,7436,60957,1,12582912,33,0,0,0
7.953028587000517,1779567899.1202264,7436,60958,2,12582912,36,0,0,0
7.953028587000517,1779567899.1202264,7436,60959,3,12582912,42,0,0,0
7.953028587000517,1779567899.1202264,7436,60960,4,12582912,49,0,0,0
7.953028587000517,1779567899.1202264,7436,60961,5,12582912,49,0,0,0
7.953028587000517,1779567899.1202264,7436,60962,6,12582912,41,0,0,0
7.953028587000517,1779567899.1202264,7436,60963,7,12582912,32,0,0,0
7.995930447999854,1779567899.1631281,7437,60964,0,12582912,28,0,0,0
7.995930447999854,1779567899.1631281,7437,60965,1,12582912,34,0,0,0
7.995930447999854,1779567899.1631281,7437,60966,2,12582912,44,0,0,0
7.995930447999854,1779567899.1631281,7437,60967,3,12582912,48,0,0,0
7.995930447999854,1779567899.1631281,7437,60968,4,12582912,42,0,0,0
7.995930447999854,1779567899.1631281,7437,60969,5,12582912,29,0,0,0
7.995930447999854,1779567899.1631281,7437,60970,6,12582912,17,0,0,0
7.995930447999854,1779567899.1631281,7437,60971,7,12582912,16,0,0,0
8.047375796000779,1779567899.2145739,7438,60972,0,12582912,22,0,0,0
8.047375796000779,1779567899.2145739,7438,60973,1,12582912,24,0,0,0
8.047375796000779,1779567899.2145739,7438,60974,2,12582912,25,0,0,0
8.047375796000779,1779567899.2145739,7438,60975,3,12582912,29,0,0,0
8.047375796000779,1779567899.2145739,7438,60976,4,12582912,34,0,0,0
8.047375796000779,1779567899.2145739,7438,60977,5,12582912,30,0,0,0
8.047375796000779,1779567899.2145739,7438,60978,6,12582912,24,0,0,0
8.047375796000779,1779567899.2145739,7438,60979,7,12582912,29,0,0,0
8.047693762000563,1779567899.21489,7439,60980,0,12582912,35,0,0,0
8.047693762000563,1779567899.21489,7439,60981,1,12582912,32,0,0,0
8.047693762000563,1779567899.21489,7439,60982,2,12582912,23,0,0,0
8.047693762000563,1779567899.21489,7439,60983,3,12582912,14,0,0,0
8.047693762000563,1779567899.21489,7439,60984,4,12582912,9,0,0,0
8.047693762000563,1779567899.21489,7439,60985,5,12582912,17,0,0,0
8.047693762000563,1779567899.21489,7439,60986,6,12582912,37,0,0,0
8.047693762000563,1779567899.21489,7439,60987,7,12582912,50,0,0,0
8.090434478001043,1779567899.257632,7440,60988,0,12582912,44,0,0,0
8.090434478001043,1779567899.257632,7440,60989,1,12582912,27,0,0,0
8.090434478001043,1779567899.257632,7440,60990,2,12582912,17,0,0,0
8.090434478001043,1779567899.257632,7440,60991,3,12582912,17,0,0,0
8.090434478001043,1779567899.257632,7440,60992,4,12582912,20,0,0,0
8.090434478001043,1779567899.257632,7440,60993,5,12582912,24,0,0,0
8.090434478001043,1779567899.257632,7440,60994,6,12582912,26,0,0,0
8.090434478001043,1779567899.257632,7440,60995,7,12582912,24,0,0,0
8.143819500999598,1779567899.3110173,7441,60996,0,12582912,20,0,0,0
8.143819500999598,1779567899.3110173,7441,60997,1,12582912,14,0,0,0
8.143819500999598,1779567899.3110173,7441,60998,2,12582912,11,0,0,0
8.143819500999598,1779567899.3110173,7441,60999,3,12582912,17,0,0,0
8.143819500999598,1779567899.3110173,7441,61000,4,12582912,26,0,0,0
8.143819500999598,1779567899.3110173,7441,61001,5,12582912,18,0,0,0
8.143819500999598,1779567899.3110173,7441,61002,6,12582912,29,0,0,0
8.143819500999598,1779567899.3110173,7441,61003,7,12582912,116,0,0,0
8.165569987000708,1779567899.3327677,7442,61004,0,12582912,168,0,0,0
8.165569987000708,1779567899.3327677,7442,61005,1,12582912,60,0,0,0
8.165569987000708,1779567899.3327677,7442,61006,2,12582912,-87,0,0,0
8.165569987000708,1779567899.3327677,7442,61007,3,12582912,-82,0,0,0
8.165569987000708,1779567899.3327677,7442,61008,4,12582912,58,0,0,0
8.165569987000708,1779567899.3327677,7442,61009,5,12582912,143,0,0,0
8.165569987000708,1779567899.3327677,7442,61010,6,12582912,68,0,0,0
8.165569987000708,1779567899.3327677,7442,61011,7,12582912,-52,0,0,0
8.1873545870003,1779567899.3545523,7443,61012,0,12582912,-56,0,0,0
8.1873545870003,1779567899.3545523,7443,61013,1,12582912,51,0,0,0
8.1873545870003,1779567899.3545523,7443,61014,2,12582912,127,0,0,0
8.1873545870003,1779567899.3545523,7443,61015,3,12582912,83,0,0,0
8.1873545870003,1779567899.3545523,7443,61016,4,12582912,-14,0,0,0
8.1873545870003,1779567899.3545523,7443,61017,5,12582912,-35,0,0,0
8.1873545870003,1779567899.3545523,7443,61018,6,12582912,31,0,0,0
8.1873545870003,1779567899.3545523,7443,61019,7,12582912,79,0,0,0
8.230577018999611,1779567899.3977747,7444,61020,0,12582912,39,0,0,0
8.230577018999611,1779567899.3977747,7444,61021,1,12582912,-29,0,0,0
8.230577018999611,1779567899.3977747,7444,61022,2,12582912,-33,0,0,0
8.230577018999611,1779567899.3977747,7444,61023,3,12582912,33,0,0,0
8.230577018999611,1779567899.3977747,7444,61024,4,12582912,87,0,0,0
8.230577018999611,1779567899.3977747,7444,61025,5,12582912,66,0,0,0
8.230577018999611,1779567899.3977747,7444,61026,6,12582912,9,0,0,0
8.230577018999611,1779567899.3977747,7444,61027,7,12582912,-4,0,0,0
8.273933929000123,1779567899.4411316,7445,61028,0,12582912,34,0,0,0
8.273933929000123,1779567899.4411316,7445,61029,1,12582912,56,0,0,0
8.273933929000123,1779567899.4411316,7445,61030,2,12582912,30,0,0,0
8.273933929000123,1779567899.4411316,7445,61031,3,12582912,-7,0,0,0
8.273933929000123,1779567899.4411316,7445,61032,4,12582912,-3,0,0,0
8.273933929000123,1779567899.4411316,7445,61033,5,12582912,37,0,0,0
8.273933929000123,1779567899.4411316,7445,61034,6,12582912,63,0,0,0
8.273933929000123,1779567899.4411316,7445,61035,7,12582912,43,0,0,0
8.274241270999482,1779567899.4414375,7446,61036,0,12582912,8,0,0,0
8.274241270999482,1779567899.4414375,7446,61037,1,12582912,0,0,0,0
8.274241270999482,1779567899.4414375,7446,61038,2,12582912,20,0,0,0
8.274241270999482,1779567899.4414375,7446,61039,3,12582912,39,0,0,0
8.274241270999482,1779567899.4414375,7446,61040,4,12582912,34,0,0,0
8.274241270999482,1779567899.4414375,7446,61041,5,12582912,17,0,0,0
8.274241270999482,1779567899.4414375,7446,61042,6,12582912,17,0,0,0
8.274241270999482,1779567899.4414375,7446,61043,7,12582912,37,0,0,0
8.310155155000757,1779567899.4773526,7447,61044,0,12582912,50,0,0,0
8.310155155000757,1779567899.4773526,7447,61045,1,12582912,35,0,0,0
8.310155155000757,1779567899.4773526,7447,61046,2,12582912,9,0,0,0
8.310155155000757,1779567899.4773526,7447,61047,3,12582912,1,0,0,0
8.310155155000757,1779567899.4773526,7447,61048,4,12582912,17,0,0,0
8.310155155000757,1779567899.4773526,7447,61049,5,12582912,32,0,0,0
8.310155155000757,1779567899.4773526,7447,61050,6,12582912,25,0,0,0
8.310155155000757,1779567899.4773526,7447,61051,7,12582912,10,0,0,0
8.353009569000278,1779567899.520207,7448,61052,0,12582912,10,0,0,0
8.353009569000278,1779567899.520207,7448,61053,1,12582912,20,0,0,0
8.353009569000278,1779567899.520207,7448,61054,2,12582912,27,0,0,0
8.353009569000278,1779567899.520207,7448,61055,3,12582912,21,0,0,0
8.353009569000278,1779567899.520207,7448,61056,4,12582912,8,0,0,0
8.353009569000278,1779567899.520207,7448,61057,5,12582912,6,0,0,0
8.353009569000278,1779567899.520207,7448,61058,6,12582912,15,0,0,0
8.353009569000278,1779567899.520207,7448,61059,7,12582912,24,0,0,0
8.374750053999378,1779567899.541948,7449,61060,0,12582912,19,0,0,0
8.374750053999378,1779567899.541948,7449,61061,1,12582912,6,0,0,0
8.374750053999378,1779567899.541948,7449,61062,2,12582912,-2,0,0,0
8.374750053999378,1779567899.541948,7449,61063,3,12582912,3,0,0,0
8.374750053999378,1779567899.541948,7449,61064,4,12582912,15,0,0,0
8.374750053999378,1779567899.541948,7449,61065,5,12582912,17,0,0,0
8.374750053999378,1779567899.541948,7449,61066,6,12582912,8,0,0,0
8.374750053999378,1779567899.541948,7449,61067,7,12582912,-4,0,0,0
8.417650092000258,1779567899.5848477,7450,61068,0,12582912,-6,0,0,0
8.417650092000258,1779567899.5848477,7450,61069,1,12582912,2,0,0,0
8.417650092000258,1779567899.5848477,7450,61070,2,12582912,6,0,0,0
8.417650092000258,1779567899.5848477,7450,61071,3,12582912,-2,0,0,0
8.417650092000258,1779567899.5848477,7450,61072,4,12582912,-14,0,0,0
8.417650092000258,1779567899.5848477,7450,61073,5,12582912,-21,0,0,0
8.417650092000258,1779567899.5848477,7450,61074,6,12582912,-20,0,0,0
8.417650092000258,1779567899.5848477,7450,61075,7,12582912,-19,0,0,0
8.494084395000755,1779567899.661282,7451,61076,0,12582912,-22,0,0,0
8.494084395000755,1779567899.661282,7451,61077,1,12582912,-32,0,0,0
8.494084395000755,1779567899.661282,7451,61078,2,12582912,-44,0,0,0
8.494084395000755,1779567899.661282,7451,61079,3,12582912,-52,0,0,0
8.494084395000755,1779567899.661282,7451,61080,4,12582912,-59,0,0,0
8.494084395000755,1779567899.661282,7451,61081,5,12582912,-65,0,0,0
8.494084395000755,1779567899.661282,7451,61082,6,12582912,-69,0,0,0
8.494084395000755,1779567899.661282,7451,61083,7,12582912,-70,0,0,0
8.494401685000412,1779567899.661598,7452,61084,0,12582912,-67,0,0,0
8.494401685000412,1779567899.661598,7452,61085,1,12582912,-64,0,0,0
8.494401685000412,1779567899.661598,7452,61086,2,12582912,-66,0,0,0
8.494401685000412,1779567899.661598,7452,61087,3,12582912,-63,0,0,0
8.494401685000412,1779567899.661598,7452,61088,4,12582912,-57,0,0,0
8.494401685000412,1779567899.661598,7452,61089,5,12582912,-57,0,0,0
8.494401685000412,1779567899.661598,7452,61090,6,12582912,-62,0,0,0
8.494401685000412,1779567899.661598,7452,61091,7,12582912,-70,0,0,0
8.571804938999776,1779567899.7390027,7453,61092,0,12582912,-75,0,0,0
8.571804938999776,1779567899.7390027,7453,61093,1,12582912,-74,0,0,0
8.571804938999776,1779567899.7390027,7453,61094,2,12582912,-70,0,0,0
8.571804938999776,1779567899.7390027,7453,61095,3,12582912,-66,0,0,0
8.571804938999776,1779567899.7390027,7453,61096,4,12582912,-64,0,0,0
8.571804938999776,1779567899.7390027,7453,61097,5,12582912,-65,0,0,0
8.571804938999776,1779567899.7390027,7453,61098,6,12582912,-66,0,0,0
8.571804938999776,1779567899.7390027,7453,61099,7,12582912,-56,0,0,0
8.572119780999856,1779567899.739316,7454,61100,0,12582912,-38,0,0,0
8.572119780999856,1779567899.739316,7454,61101,1,12582912,-27,0,0,0
8.572119780999856,1779567899.739316,7454,61102,2,12582912,-24,0,0,0
8.572119780999856,1779567899.739316,7454,61103,3,12582912,-24,0,0,0
8.572119780999856,1779567899.739316,7454,61104,4,12582912,-23,0,0,0
8.572119780999856,1779567899.739316,7454,61105,5,12582912,-13,0,0,0
8.572119780999856,1779567899.739316,7454,61106,6,12582912,-1,0,0,0
8.572119780999856,1779567899.739316,7454,61107,7,12582912,8,0,0,0
8.610221984999953,1779567899.7774198,7455,61108,0,12582912,10,0,0,0
8.610221984999953,1779567899.7774198,7455,61109,1,12582912,11,0,0,0
8.610221984999953,1779567899.7774198,7455,61110,2,12582912,13,0,0,0
8.610221984999953,1779567899.7774198,7455,61111,3,12582912,12,0,0,0
8.610221984999953,1779567899.7774198,7455,61112,4,12582912,10,0,0,0
8.610221984999953,1779567899.7774198,7455,61113,5,12582912,8,0,0,0
8.610221984999953,1779567899.7774198,7455,61114,6,12582912,10,0,0,0
8.610221984999953,1779567899.7774198,7455,61115,7,12582912,18,0,0,0
8.610530525000286,1779567899.7777267,7456,61116,0,12582912,28,0,0,0
8.610530525000286,1779567899.7777267,7456,61117,1,12582912,30,0,0,0
8.610530525000286,1779567899.7777267,7456,61118,2,12582912,21,0,0,0
8.610530525000286,1779567899.7777267,7456,61119,3,12582912,14,0,0,0
8.610530525000286,1779567899.7777267,7456,61120,4,12582912,15,0,0,0
8.610530525000286,1779567899.7777267,7456,61121,5,12582912,22,0,0,0
8.610530525000286,1779567899.7777267,7456,61122,6,12582912,26,0,0,0
8.610530525000286,1779567899.7777267,7456,61123,7,12582912,22,0,0,0
8.632221895999464,1779567899.7994196,7457,61124,0,12582912,19,0,0,0
8.632221895999464,1779567899.7994196,7457,61125,1,12582912,18,0,0,0
8.632221895999464,1779567899.7994196,7457,61126,2,12582912,17,0,0,0
8.632221895999464,1779567899.7994196,7457,61127,3,12582912,17,0,0,0
8.632221895999464,1779567899.7994196,7457,61128,4,12582912,20,0,0,0
8.632221895999464,1779567899.7994196,7457,61129,5,12582912,28,0,0,0
8.632221895999464,1779567899.7994196,7457,61130,6,12582912,30,0,0,0
8.632221895999464,1779567899.7994196,7457,61131,7,12582912,23,0,0,0
8.674980320000031,1779567899.8421779,7458,61132,0,12582912,20,0,0,0
8.674980320000031,1779567899.8421779,7458,61133,1,12582912,24,0,0,0
8.674980320000031,1779567899.8421779,7458,61134,2,12582912,29,0,0,0
8.674980320000031,1779567899.8421779,7458,61135,3,12582912,32,0,0,0
8.674980320000031,1779567899.8421779,7458,61136,4,12582912,32,0,0,0
8.674980320000031,1779567899.8421779,7458,61137,5,12582912,30,0,0,0
8.674980320000031,1779567899.8421779,7458,61138,6,12582912,24,0,0,0
8.674980320000031,1779567899.8421779,7458,61139,7,12582912,22,0,0,0
8.696736379000868,1779567899.8639338,7459,61140,0,12582912,24,0,0,0
8.696736379000868,1779567899.8639338,7459,61141,1,12582912,27,0,0,0
8.696736379000868,1779567899.8639338,7459,61142,2,12582912,26,0,0,0
8.696736379000868,1779567899.8639338,7459,61143,3,12582912,19,0,0,0
8.696736379000868,1779567899.8639338,7459,61144,4,12582912,17,0,0,0
8.696736379000868,1779567899.8639338,7459,61145,5,12582912,27,0,0,0
8.696736379000868,1779567899.8639338,7459,61146,6,12582912,37,0,0,0
8.696736379000868,1779567899.8639338,7459,61147,7,12582912,40,0,0,0
8.733546248000494,1779567899.900744,7460,61148,0,12582912,39,0,0,0
8.733546248000494,1779567899.900744,7460,61149,1,12582912,40,0,0,0
8.733546248000494,1779567899.900744,7460,61150,2,12582912,35,0,0,0
8.733546248000494,1779567899.900744,7460,61151,3,12582912,22,0,0,0
8.733546248000494,1779567899.900744,7460,61152,4,12582912,12,0,0,0
8.733546248000494,1779567899.900744,7460,61153,5,12582912,4,0,0,0
8.733546248000494,1779567899.900744,7460,61154,6,12582912,-1,0,0,0
8.733546248000494,1779567899.900744,7460,61155,7,12582912,3,0,0,0
8.760696178000217,1779567899.9278939,7461,61156,0,12582912,15,0,0,0
8.760696178000217,1779567899.9278939,7461,61157,1,12582912,24,0,0,0
8.760696178000217,1779567899.9278939,7461,61158,2,12582912,24,0,0,0
8.760696178000217,1779567899.9278939,7461,61159,3,12582912,22,0,0,0
8.760696178000217,1779567899.9278939,7461,61160,4,12582912,25,0,0,0
8.760696178000217,1779567899.9278939,7461,61161,5,12582912,30,0,0,0
8.760696178000217,1779567899.9278939,7461,61162,6,12582912,28,0,0,0
8.760696178000217,1779567899.9278939,7461,61163,7,12582912,22,0,0,0
8.795994129000974,1779567899.963192,7462,61164,0,12582912,18,0,0,0
8.795994129000974,1779567899.963192,7462,61165,1,12582912,19,0,0,0
8.795994129000974,1779567899.963192,7462,61166,2,12582912,20,0,0,0
8.795994129000974,1779567899.963192,7462,61167,3,12582912,20,0,0,0
8.795994129000974,1779567899.963192,7462,61168,4,12582912,18,0,0,0
8.795994129000974,1779567899.963192,7462,61169,5,12582912,21,0,0,0
8.795994129000974,1779567899.963192,7462,61170,6,12582912,27,0,0,0
8.795994129000974,1779567899.963192,7462,61171,7,12582912,31,0,0,0
8.817666906999875,1779567899.9848645,7463,61172,0,12582912,33,0,0,0
8.817666906999875,1779567899.9848645,7463,61173,1,12582912,33,0,0,0
8.817666906999875,1779567899.9848645,7463,61174,2,12582912,35,0,0,0
8.817666906999875,1779567899.9848645,7463,61175,3,12582912,35,0,0,0
8.817666906999875,1779567899.9848645,7463,61176,4,12582912,31,0,0,0
8.817666906999875,1779567899.9848645,7463,61177,5,12582912,28,0,0,0
8.817666906999875,1779567899.9848645,7463,61178,6,12582912,26,0,0,0
8.817666906999875,1779567899.9848645,7463,61179,7,12582912,27,0,0,0
8.860476945999835,1779567900.027675,7464,61180,0,12582912,26,0,0,0
8.860476945999835,1779567900.027675,7464,61181,1,12582912,25,0,0,0
8.860476945999835,1779567900.027675,7464,61182,2,12582912,26,0,0,0
8.860476945999835,1779567900.027675,7464,61183,3,12582912,27,0,0,0
8.860476945999835,1779567900.027675,7464,61184,4,12582912,28,0,0,0
8.860476945999835,1779567900.027675,7464,61185,5,12582912,28,0,0,0
8.860476945999835,1779567900.027675,7464,61186,6,12582912,25,0,0,0
8.860476945999835,1779567900.027675,7464,61187,7,12582912,18,0,0,0
8.882461961000445,1779567900.0496597,7465,61188,0,12582912,11,0,0,0
8.882461961000445,1779567900.0496597,7465,61189,1,12582912,9,0,0,0
8.882461961000445,1779567900.0496597,7465,61190,2,12582912,11,0,0,0
8.882461961000445,1779567900.0496597,7465,61191,3,12582912,15,0,0,0
8.882461961000445,1779567900.0496597,7465,61192,4,12582912,20,0,0,0
8.882461961000445,1779567900.0496597,7465,61193,5,12582912,23,0,0,0
8.882461961000445,1779567900.0496597,7465,61194,6,12582912,26,0,0,0
8.882461961000445,1779567900.0496597,7465,61195,7,12582912,31,0,0,0
8.997614662999695,1779567900.1648126,7466,61196,0,12582912,33,0,0,0
8.997614662999695,1779567900.1648126,7466,61197,1,12582912,31,0,0,0
8.997614662999695,1779567900.1648126,7466,61198,2,12582912,30,0,0,0
8.997614662999695,1779567900.1648126,7466,61199,3,12582912,30,0,0,0
8.997614662999695,1779567900.1648126,7466,61200,4,12582912,25,0,0,0
8.997614662999695,1779567900.1648126,7466,61201,5,12582912,13,0,0,0
8.997614662999695,1779567900.1648126,7466,61202,6,12582912,2,0,0,0
8.997614662999695,1779567900.1648126,7466,61203,7,12582912,-1,0,0,0
8.997929295999711,1779567900.1651256,7467,61204,0,12582912,8,0,0,0
8.997929295999711,1779567900.1651256,7467,61205,1,12582912,22,0,0,0
8.997929295999711,1779567900.1651256,7467,61206,2,12582912,28,0,0,0
8.997929295999711,1779567900.1651256,7467,61207,3,12582912,23,0,0,0
8.997929295999711,1779567900.1651256,7467,61208,4,12582912,15,0,0,0
8.997929295999711,1779567900.1651256,7467,61209,5,12582912,20,0,0,0
8.997929295999711,1779567900.1651256,7467,61210,6,12582912,31,0,0,0
8.997929295999711,1779567900.1651256,7467,61211,7,12582912,31,0,0,0
8.998210648000168,1779567900.1654067,7468,61212,0,12582912,16,0,0,0
8.998210648000168,1779567900.1654067,7468,61213,1,12582912,0,0,0,0
8.998210648000168,1779567900.1654067,7468,61214,2,12582912,-2,0,0,0
8.998210648000168,1779567900.1654067,7468,61215,3,12582912,6,0,0,0
8.998210648000168,1779567900.1654067,7468,61216,4,12582912,15,0,0,0
8.998210648000168,1779567900.1654067,7468,61217,5,12582912,17,0,0,0
8.998210648000168,1779567900.1654067,7468,61218,6,12582912,15,0,0,0
8.998210648000168,1779567900.1654067,7468,61219,7,12582912,16,0,0,0
9.020082955999897,1779567900.1872807,7469,61220,0,12582912,19,0,0,0
9.020082955999897,1779567900.1872807,7469,61221,1,12582912,19,0,0,0
9.020082955999897,1779567900.1872807,7469,61222,2,12582912,14,0,0,0
9.020082955999897,1779567900.1872807,7469,61223,3,12582912,-4,0,0,0
9.020082955999897,1779567900.1872807,7469,61224,4,12582912,-19,0,0,0
9.020082955999897,1779567900.1872807,7469,61225,5,12582912,-12,0,0,0
9.020082955999897,1779567900.1872807,7469,61226,6,12582912,14,0,0,0
9.020082955999897,1779567900.1872807,7469,61227,7,12582912,31,0,0,0
9.055255908999243,1779567900.2224536,7470,61228,0,12582912,21,0,0,0
9.055255908999243,1779567900.2224536,7470,61229,1,12582912,0,0,0,0
9.055255908999243,1779567900.2224536,7470,61230,2,12582912,0,0,0,0
9.055255908999243,1779567900.2224536,7470,61231,3,12582912,18,0,0,0
9.055255908999243,1779567900.2224536,7470,61232,4,12582912,15,0,0,0
9.055255908999243,1779567900.2224536,7470,61233,5,12582912,-11,0,0,0
9.055255908999243,1779567900.2224536,7470,61234,6,12582912,-30,0,0,0
9.055255908999243,1779567900.2224536,7470,61235,7,12582912,-32,0,0,0
9.076923843000259,1779567900.2441216,7471,61236,0,12582912,-33,0,0,0
9.076923843000259,1779567900.2441216,7471,61237,1,12582912,-44,0,0,0
9.076923843000259,1779567900.2441216,7471,61238,2,12582912,-58,0,0,0
9.076923843000259,1779567900.2441216,7471,61239,3,12582912,-66,0,0,0
9.076923843000259,1779567900.2441216,7471,61240,4,12582912,-79,0,0,0
9.076923843000259,1779567900.2441216,7471,61241,5,12582912,-94,0,0,0
9.076923843000259,1779567900.2441216,7471,61242,6,12582912,-100,0,0,0
9.076923843000259,1779567900.2441216,7471,61243,7,12582912,-105,0,0,0
9.287759474000268,1779567900.4549568,7472,61244,0,12582912,-103,0,0,0
9.287759474000268,1779567900.4549568,7472,61245,1,12582912,-98,0,0,0
9.287759474000268,1779567900.4549568,7472,61246,2,12582912,-106,0,0,0
9.287759474000268,1779567900.4549568,7472,61247,3,12582912,-113,0,0,0
9.287759474000268,1779567900.4549568,7472,61248,4,12582912,-114,0,0,0
9.287759474000268,1779567900.4549568,7472,61249,5,12582912,-121,0,0,0
9.287759474000268,1779567900.4549568,7472,61250,6,12582912,-129,0,0,0
9.287759474000268,1779567900.4549568,7472,61251,7,12582912,-134,0,0,0
9.309419647999675,1779567900.4766183,7473,61252,0,12582912,-141,0,0,0
9.309419647999675,1779567900.4766183,7473,61253,1,12582912,-153,0,0,0
9.309419647999675,1779567900.4766183,7473,61254,2,12582912,-188,0,0,0
9.309419647999675,1779567900.4766183,7473,61255,3,12582912,-162,0,0,0
9.309419647999675,1779567900.4766183,7473,61256,4,12582912,42,0,0,0
9.309419647999675,1779567900.4766183,7473,61257,5,12582912,226,0,0,0
9.309419647999675,1779567900.4766183,7473,61258,6,12582912,123,0,0,0
9.309419647999675,1779567900.4766183,7473,61259,7,12582912,-141,0,0,0
9.369130151000718,1779567900.5363262,7474,61260,0,12582912,-233,0,0,0
9.369130151000718,1779567900.5363262,7474,61261,1,12582912,-63,0,0,0
9.369130151000718,1779567900.5363262,7474,61262,2,12582912,114,0,0,0
9.369130151000718,1779567900.5363262,7474,61263,3,12582912,57,0,0,0
9.369130151000718,1779567900.5363262,7474,61264,4,12582912,-149,0,0,0
9.369130151000718,1779567900.5363262,7474,61265,5,12582912,-231,0,0,0
9.369130151000718,1779567900.5363262,7474,61266,6,12582912,-101,0,0,0
9.369130151000718,1779567900.5363262,7474,61267,7,12582912,47,0,0,0
9.390797460999238,1779567900.5579956,7475,61268,0,12582912,6,0,0,0
9.390797460999238,1779567900.5579956,7475,61269,1,12582912,-155,0,0,0
9.390797460999238,1779567900.5579956,7475,61270,2,12582912,-214,0,0,0
9.390797460999238,1779567900.5579956,7475,61271,3,12582912,-103,0,0,0
9.390797460999238,1779567900.5579956,7475,61272,4,12582912,19,0,0,0
9.390797460999238,1779567900.5579956,7475,61273,5,12582912,-17,0,0,0
9.390797460999238,1779567900.5579956,7475,61274,6,12582912,-163,0,0,0
9.390797460999238,1779567900.5579956,7475,61275,7,12582912,-219,0,0,0
9.41252674899988,1779567900.5797238,7476,61276,0,12582912,-121,0,0,0
9.41252674899988,1779567900.5797238,7476,61277,1,12582912,-8,0,0,0
9.41252674899988,1779567900.5797238,7476,61278,2,12582912,-16,0,0,0
9.41252674899988,1779567900.5797238,7476,61279,3,12582912,-101,0,0,0
9.41252674899988,1779567900.5797238,7476,61280,4,12582912,-135,0,0,0
9.41252674899988,1779567900.5797238,7476,61281,5,12582912,-82,0,0,0
9.41252674899988,1779567900.5797238,7476,61282,6,12582912,-24,0,0,0
9.41252674899988,1779567900.5797238,7476,61283,7,12582912,-30,0,0,0
9.509114933000092,1779567900.6763127,7477,61284,0,12582912,-78,0,0,0
9.509114933000092,1779567900.6763127,7477,61285,1,12582912,-93,0,0,0
9.509114933000092,1779567900.6763127,7477,61286,2,12582912,-43,0,0,0
9.509114933000092,1779567900.6763127,7477,61287,3,12582912,15,0,0,0
9.509114933000092,1779567900.6763127,7477,61288,4,12582912,14,0,0,0
9.509114933000092,1779567900.6763127,7477,61289,5,12582912,-29,0,0,0
9.509114933000092,1779567900.6763127,7477,61290,6,12582912,-48,0,0,0
9.509114933000092,1779567900.6763127,7477,61291,7,12582912,-11,0,0,0
9.509425661000932,1779567900.6766222,7478,61292,0,12582912,35,0,0,0
9.509425661000932,1779567900.6766222,7478,61293,1,12582912,35,0,0,0
9.509425661000932,1779567900.6766222,7478,61294,2,12582912,-2,0,0,0
9.509425661000932,1779567900.6766222,7478,61295,3,12582912,-20,0,0,0
9.509425661000932,1779567900.6766222,7478,61296,4,12582912,7,0,0,0
9.509425661000932,1779567900.6766222,7478,61297,5,12582912,42,0,0,0
9.509425661000932,1779567900.6766222,7478,61298,6,12582912,37,0,0,0
9.509425661000932,1779567900.6766222,7478,61299,7,12582912,6,0,0,0
9.509706752000056,1779567900.676903,7479,61300,0,12582912,-3,0,0,0
9.509706752000056,1779567900.676903,7479,61301,1,12582912,26,0,0,0
9.509706752000056,1779567900.676903,7479,61302,2,12582912,55,0,0,0
9.509706752000056,1779567900.676903,7479,61303,3,12582912,47,0,0,0
9.509706752000056,1779567900.676903,7479,61304,4,12582912,16,0,0,0
9.509706752000056,1779567900.676903,7479,61305,5,12582912,-2,0,0,0
9.509706752000056,1779567900.676903,7479,61306,6,12582912,11,0,0,0
9.509706752000056,1779567900.676903,7479,61307,7,12582912,31,0,0,0
9.545069494999552,1779567900.7122676,7480,61308,0,12582912,28,0,0,0
9.545069494999552,1779567900.7122676,7480,61309,1,12582912,7,0,0,0
9.545069494999552,1779567900.7122676,7480,61310,2,12582912,-4,0,0,0
9.545069494999552,1779567900.7122676,7480,61311,3,12582912,11,0,0,0
9.545069494999552,1779567900.7122676,7480,61312,4,12582912,33,0,0,0
9.545069494999552,1779567900.7122676,7480,61313,5,12582912,38,0,0,0
9.545069494999552,1779567900.7122676,7480,61314,6,12582912,31,0,0,0
9.545069494999552,1779567900.7122676,7480,61315,7,12582912,27,0,0,0
9.58197201999974,1779567900.7491693,7481,61316,0,12582912,31,0,0,0
9.58197201999974,1779567900.7491693,7481,61317,1,12582912,34,0,0,0
9.58197201999974,1779567900.7491693,7481,61318,2,12582912,25,0,0,0
9.58197201999974,1779567900.7491693,7481,61319,3,12582912,14,0,0,0
9.58197201999974,1779567900.7491693,7481,61320,4,12582912,15,0,0,0
9.58197201999974,1779567900.7491693,7481,61321,5,12582912,32,0,0,0
9.58197201999974,1779567900.7491693,7481,61322,6,12582912,49,0,0,0
9.58197201999974,1779567900.7491693,7481,61323,7,12582912,47,0,0,0
9.603755005000494,1779567900.7709527,7482,61324,0,12582912,30,0,0,0
9.603755005000494,1779567900.7709527,7482,61325,1,12582912,17,0,0,0
9.603755005000494,1779567900.7709527,7482,61326,2,12582912,21,0,0,0
9.603755005000494,1779567900.7709527,7482,61327,3,12582912,39,0,0,0
9.603755005000494,1779567900.7709527,7482,61328,4,12582912,49,0,0,0
9.603755005000494,1779567900.7709527,7482,61329,5,12582912,42,0,0,0
9.603755005000494,1779567900.7709527,7482,61330,6,12582912,29,0,0,0
9.603755005000494,1779567900.7709527,7482,61331,7,12582912,26,0,0,0
9.646921187999396,1779567900.814119,7483,61332,0,12582912,31,0,0,0
9.646921187999396,1779567900.814119,7483,61333,1,12582912,32,0,0,0
9.646921187999396,1779567900.814119,7483,61334,2,12582912,29,0,0,0
9.646921187999396,1779567900.814119,7483,61335,3,12582912,30,0,0,0
9.646921187999396,1779567900.814119,7483,61336,4,12582912,40,0,0,0
9.646921187999396,1779567900.814119,7483,61337,5,12582912,51,0,0,0
9.646921187999396,1779567900.814119,7483,61338,6,12582912,51,0,0,0
9.646921187999396,1779567900.814119,7483,61339,7,12582912,42,0,0,0
9.668703548000849,1779567900.8359013,7484,61340,0,12582912,34,0,0,0
9.668703548000849,1779567900.8359013,7484,61341,1,12582912,33,0,0,0
9.668703548000849,1779567900.8359013,7484,61342,2,12582912,38,0,0,0
9.668703548000849,1779567900.8359013,7484,61343,3,12582912,44,0,0,0
9.668703548000849,1779567900.8359013,7484,61344,4,12582912,46,0,0,0
9.668703548000849,1779567900.8359013,7484,61345,5,12582912,42,0,0,0
9.668703548000849,1779567900.8359013,7484,61346,6,12582912,38,0,0,0
9.668703548000849,1779567900.8359013,7484,61347,7,12582912,40,0,0,0
9.738735496001027,1779567900.9059331,7485,61348,0,12582912,42,0,0,0
9.738735496001027,1779567900.9059331,7485,61349,1,12582912,40,0,0,0
9.738735496001027,1779567900.9059331,7485,61350,2,12582912,35,0,0,0
9.738735496001027,1779567900.9059331,7485,61351,3,12582912,33,0,0,0
9.738735496001027,1779567900.9059331,7485,61352,4,12582912,34,0,0,0
9.738735496001027,1779567900.9059331,7485,61353,5,12582912,35,0,0,0
9.738735496001027,1779567900.9059331,7485,61354,6,12582912,36,0,0,0
9.738735496001027,1779567900.9059331,7485,61355,7,12582912,40,0,0,0
9.739049505000366,1779567900.9062467,7486,61356,0,12582912,50,0,0,0
9.739049505000366,1779567900.9062467,7486,61357,1,12582912,54,0,0,0
9.739049505000366,1779567900.9062467,7486,61358,2,12582912,41,0,0,0
9.739049505000366,1779567900.9062467,7486,61359,3,12582912,25,0,0,0
9.739049505000366,1779567900.9062467,7486,61360,4,12582912,18,0,0,0
9.739049505000366,1779567900.9062467,7486,61361,5,12582912,24,0,0,0
9.739049505000366,1779567900.9062467,7486,61362,6,12582912,40,0,0,0
9.739049505000366,1779567900.9062467,7486,61363,7,12582912,53,0,0,0
9.807905887000743,1779567900.9751027,7487,61364,0,12582912,55,0,0,0
9.807905887000743,1779567900.9751027,7487,61365,1,12582912,50,0,0,0
9.807905887000743,1779567900.9751027,7487,61366,2,12582912,48,0,0,0
9.807905887000743,1779567900.9751027,7487,61367,3,12582912,51,0,0,0
9.807905887000743,1779567900.9751027,7487,61368,4,12582912,53,0,0,0
9.807905887000743,1779567900.9751027,7487,61369,5,12582912,50,0,0,0
9.807905887000743,1779567900.9751027,7487,61370,6,12582912,42,0,0,0
9.807905887000743,1779567900.9751027,7487,61371,7,12582912,35,0,0,0
9.812825908000377,1779567900.9800231,7488,61372,0,12582912,33,0,0,0
9.812825908000377,1779567900.9800231,7488,61373,1,12582912,35,0,0,0
9.812825908000377,1779567900.9800231,7488,61374,2,12582912,38,0,0,0
9.812825908000377,1779567900.9800231,7488,61375,3,12582912,36,0,0,0
9.812825908000377,1779567900.9800231,7488,61376,4,12582912,35,0,0,0
9.812825908000377,1779567900.9800231,7488,61377,5,12582912,36,0,0,0
9.812825908000377,1779567900.9800231,7488,61378,6,12582912,37,0,0,0
9.812825908000377,1779567900.9800231,7488,61379,7,12582912,36,0,0,0
9.834100459000183,1779567901.0012972,7489,61380,0,12582912,36,0,0,0
9.834100459000183,1779567901.0012972,7489,61381,1,12582912,41,0,0,0
9.834100459000183,1779567901.0012972,7489,61382,2,12582912,46,0,0,0
9.834100459000183,1779567901.0012972,7489,61383,3,12582912,43,0,0,0
9.834100459000183,1779567901.0012972,7489,61384,4,12582912,35,0,0,0
9.834100459000183,1779567901.0012972,7489,61385,5,12582912,30,0,0,0
9.834100459000183,1779567901.0012972,7489,61386,6,12582912,31,0,0,0
9.834100459000183,1779567901.0012972,7489,61387,7,12582912,34,0,0,0
9.855483343999367,1779567901.02268,7490,61388,0,12582912,38,0,0,0
9.855483343999367,1779567901.02268,7490,61389,1,12582912,42,0,0,0
9.855483343999367,1779567901.02268,7490,61390,2,12582912,43,0,0,0
9.855483343999367,1779567901.02268,7490,61391,3,12582912,42,0,0,0
9.855483343999367,1779567901.02268,7490,61392,4,12582912,38,0,0,0
9.855483343999367,1779567901.02268,7490,61393,5,12582912,30,0,0,0
9.855483343999367,1779567901.02268,7490,61394,6,12582912,23,0,0,0
9.855483343999367,1779567901.02268,7490,61395,7,12582912,20,0,0,0
9.89788411399968,1779567901.0650814,7491,61396,0,12582912,20,0,0,0
9.89788411399968,1779567901.0650814,7491,61397,1,12582912,22,0,0,0
9.89788411399968,1779567901.0650814,7491,61398,2,12582912,24,0,0,0
9.89788411399968,1779567901.0650814,7491,61399,3,12582912,26,0,0,0
9.89788411399968,1779567901.0650814,7491,61400,4,12582912,26,0,0,0
9.89788411399968,1779567901.0650814,7491,61401,5,12582912,29,0,0,0
9.89788411399968,1779567901.0650814,7491,61402,6,12582912,32,0,0,0
9.89788411399968,1779567901.0650814,7491,61403,7,12582912,31,0,0,0
9.919602568999835,1779567901.0868,7492,61404,0,12582912,28,0,0,0
9.919602568999835,1779567901.0868,7492,61405,1,12582912,26,0,0,0
9.919602568999835,1779567901.0868,7492,61406,2,12582912,27,0,0,0
9.919602568999835,1779567901.0868,7492,61407,3,12582912,32,0,0,0
9.919602568999835,1779567901.0868,7492,61408,4,12582912,38,0,0,0
9.919602568999835,1779567901.0868,7492,61409,5,12582912,43,0,0,0
9.919602568999835,1779567901.0868,7492,61410,6,12582912,40,0,0,0
9.919602568999835,1779567901.0868,7492,61411,7,12582912,32,0,0,0
9.96252255500076,1779567901.1297202,7493,61412,0,12582912,26,0,0,0
9.96252255500076,1779567901.1297202,7493,61413,1,12582912,25,0,0,0
9.96252255500076,1779567901.1297202,7493,61414,2,12582912,27,0,0,0
9.96252255500076,1779567901.1297202,7493,61415,3,12582912,27,0,0,0
9.96252255500076,1779567901.1297202,7493,61416,4,12582912,26,0,0,0
9.96252255500076,1779567901.1297202,7493,61417,5,12582912,28,0,0,0
9.96252255500076,1779567901.1297202,7493,61418,6,12582912,35,0,0,0
9.96252255500076,1779567901.1297202,7493,61419,7,12582912,37,0,0,0
10.01305863900052,1779567901.1802564,7494,61420,0,12582912,29,0,0,0
10.01305863900052,1779567901.1802564,7494,61421,1,12582912,23,0,0,0
10.01305863900052,1779567901.1802564,7494,61422,2,12582912,25,0,0,0
10.01305863900052,1779567901.1802564,7494,61423,3,12582912,30,0,0,0
10.01305863900052,1779567901.1802564,7494,61424,4,12582912,28,0,0,0
10.01305863900052,1779567901.1802564,7494,61425,5,12582912,21,0,0,0
10.01305863900052,1779567901.1802564,7494,61426,6,12582912,16,0,0,0
10.01305863900052,1779567901.1802564,7494,61427,7,12582912,20,0,0,0
10.013371344999541,1779567901.1805675,7495,61428,0,12582912,26,0,0,0
10.013371344999541,1779567901.1805675,7495,61429,1,12582912,27,0,0,0
10.013371344999541,1779567901.1805675,7495,61430,2,12582912,25,0,0,0
10.013371344999541,1779567901.1805675,7495,61431,3,12582912,24,0,0,0
10.013371344999541,1779567901.1805675,7495,61432,4,12582912,25,0,0,0
10.013371344999541,1779567901.1805675,7495,61433,5,12582912,24,0,0,0
10.013371344999541,1779567901.1805675,7495,61434,6,12582912,20,0,0,0
10.013371344999541,1779567901.1805675,7495,61435,7,12582912,16,0,0,0
10.056162791001043,1779567901.2233603,7496,61436,0,12582912,15,0,0,0
10.056162791001043,1779567901.2233603,7496,61437,1,12582912,23,0,0,0
10.056162791001043,1779567901.2233603,7496,61438,2,12582912,35,0,0,0
10.056162791001043,1779567901.2233603,7496,61439,3,12582912,38,0,0,0
10.056162791001043,1779567901.2233603,7496,61440,4,12582912,27,0,0,0
10.056162791001043,1779567901.2233603,7496,61441,5,12582912,15,0,0,0
10.056162791001043,1779567901.2233603,7496,61442,6,12582912,13,0,0,0
10.056162791001043,1779567901.2233603,7496,61443,7,12582912,19,0,0,0
10.077839057999881,1779567901.2450368,7497,61444,0,12582912,24,0,0,0
10.077839057999881,1779567901.2450368,7497,61445,1,12582912,20,0,0,0
10.077839057999881,1779567901.2450368,7497,61446,2,12582912,14,0,0,0
10.077839057999881,1779567901.2450368,7497,61447,3,12582912,22,0,0,0
10.077839057999881,1779567901.2450368,7497,61448,4,12582912,32,0,0,0
10.077839057999881,1779567901.2450368,7497,61449,5,12582912,17,0,0,0
10.077839057999881,1779567901.2450368,7497,61450,6,12582912,-6,0,0,0
10.077839057999881,1779567901.2450368,7497,61451,7,12582912,-7,0,0,0
10.146699868000724,1779567901.3138976,7498,61452,0,12582912,-6,0,0,0
10.146699868000724,1779567901.3138976,7498,61453,1,12582912,-19,0,0,0
10.146699868000724,1779567901.3138976,7498,61454,2,12582912,-30,0,0,0
10.146699868000724,1779567901.3138976,7498,61455,3,12582912,-41,0,0,0
10.146699868000724,1779567901.3138976,7498,61456,4,12582912,-57,0,0,0
10.146699868000724,1779567901.3138976,7498,61457,5,12582912,-62,0,0,0
10.146699868000724,1779567901.3138976,7498,61458,6,12582912,-63,0,0,0
10.146699868000724,1779567901.3138976,7498,61459,7,12582912,-76,0,0,0
10.168839727000886,1779567901.3360367,7499,61460,0,12582912,-89,0,0,0
10.168839727000886,1779567901.3360367,7499,61461,1,12582912,-93,0,0,0
10.168839727000886,1779567901.3360367,7499,61462,2,12582912,-104,0,0,0
10.168839727000886,1779567901.3360367,7499,61463,3,12582912,-124,0,0,0
10.168839727000886,1779567901.3360367,7499,61464,4,12582912,-135,0,0,0
10.168839727000886,1779567901.3360367,7499,61465,5,12582912,-139,0,0,0
10.168839727000886,1779567901.3360367,7499,61466,6,12582912,-140,0,0,0
10.168839727000886,1779567901.3360367,7499,61467,7,12582912,-142,0,0,0
10.190404172000854,1779567901.357601,7500,61468,0,12582912,-146,0,0,0
10.190404172000854,1779567901.357601,7500,61469,1,12582912,-147,0,0,0
10.190404172000854,1779567901.357601,7500,61470,2,12582912,-146,0,0,0
10.190404172000854,1779567901.357601,7500,61471,3,12582912,-149,0,0,0
10.190404172000854,1779567901.357601,7500,61472,4,12582912,-155,0,0,0
10.190404172000854,1779567901.357601,7500,61473,5,12582912,-158,0,0,0
10.190404172000854,1779567901.357601,7500,61474,6,12582912,-156,0,0,0
10.190404172000854,1779567901.357601,7500,61475,7,12582912,-162,0,0,0
10.220851947000483,1779567901.3880486,7501,61476,0,12582912,-173,0,0,0
10.220851947000483,1779567901.3880486,7501,61477,1,12582912,-170,0,0,0
10.220851947000483,1779567901.3880486,7501,61478,2,12582912,-153,0,0,0
10.220851947000483,1779567901.3880486,7501,61479,3,12582912,-136,0,0,0
10.220851947000483,1779567901.3880486,7501,61480,4,12582912,-129,0,0,0
10.220851947000483,1779567901.3880486,7501,61481,5,12582912,-127,0,0,0
10.220851947000483,1779567901.3880486,7501,61482,6,12582912,-126,0,0,0
10.220851947000483,1779567901.3880486,7501,61483,7,12582912,-118,0,0,0
10.248954475000573,1779567901.416152,7502,61484,0,12582912,-95,0,0,0
10.248954475000573,1779567901.416152,7502,61485,1,12582912,-69,0,0,0
10.248954475000573,1779567901.416152,7502,61486,2,12582912,-62,0,0,0
10.248954475000573,1779567901.416152,7502,61487,3,12582912,-69,0,0,0
10.248954475000573,1779567901.416152,7502,61488,4,12582912,-74,0,0,0
10.248954475000573,1779567901.416152,7502,61489,5,12582912,-73,0,0,0
10.248954475000573,1779567901.416152,7502,61490,6,12582912,-73,0,0,0
10.248954475000573,1779567901.416152,7502,61491,7,12582912,-68,0,0,0
10.29208581400053,1779567901.459284,7503,61492,0,12582912,-53,0,0,0
10.29208581400053,1779567901.459284,7503,61493,1,12582912,-36,0,0,0
10.29208581400053,1779567901.459284,7503,61494,2,12582912,-29,0,0,0
10.29208581400053,1779567901.459284,7503,61495,3,12582912,-31,0,0,0
10.29208581400053,1779567901.459284,7503,61496,4,12582912,-33,0,0,0
10.29208581400053,1779567901.459284,7503,61497,5,12582912,-25,0,0,0
10.29208581400053,1779567901.459284,7503,61498,6,12582912,-5,0,0,0
10.29208581400053,1779567901.459284,7503,61499,7,12582912,9,0,0,0
10.313915050001015,1779567901.4811132,7504,61500,0,12582912,8,0,0,0
10.313915050001015,1779567901.4811132,7504,61501,1,12582912,-49,0,0,0
10.313915050001015,1779567901.4811132,7504,61502,2,12582912,-106,0,0,0
10.313915050001015,1779567901.4811132,7504,61503,3,12582912,25,0,0,0
10.313915050001015,1779567901.4811132,7504,61504,4,12582912,225,0,0,0
10.313915050001015,1779567901.4811132,7504,61505,5,12582912,180,0,0,0
10.313915050001015,1779567901.4811132,7504,61506,6,12582912,-72,0,0,0
10.313915050001015,1779567901.4811132,7504,61507,7,12582912,-199,0,0,0
10.362245835000067,1779567901.5294433,7505,61508,0,12582912,-46,0,0,0
10.362245835000067,1779567901.5294433,7505,61509,1,12582912,167,0,0,0
10.362245835000067,1779567901.5294433,7505,61510,2,12582912,162,0,0,0
10.362245835000067,1779567901.5294433,7505,61511,3,12582912,-29,0,0,0
10.362245835000067,1779567901.5294433,7505,61512,4,12582912,-134,0,0,0
10.362245835000067,1779567901.5294433,7505,61513,5,12582912,-19,0,0,0
10.362245835000067,1779567901.5294433,7505,61514,6,12582912,146,0,0,0
10.362245835000067,1779567901.5294433,7505,61515,7,12582912,139,0,0,0
10.38405637300093,1779567901.551254,7506,61516,0,12582912,-11,0,0,0
10.38405637300093,1779567901.551254,7506,61517,1,12582912,-95,0,0,0
10.38405637300093,1779567901.551254,7506,61518,2,12582912,-5,0,0,0
10.38405637300093,1779567901.551254,7506,61519,3,12582912,129,0,0,0
10.38405637300093,1779567901.551254,7506,61520,4,12582912,126,0,0,0
10.38405637300093,1779567901.551254,7506,61521,5,12582912,-1,0,0,0
10.38405637300093,1779567901.551254,7506,61522,6,12582912,-80,0,0,0
10.38405637300093,1779567901.551254,7506,61523,7,12582912,-19,0,0,0
10.443544378000297,1779567901.6107423,7507,61524,0,12582912,83,0,0,0
10.443544378000297,1779567901.6107423,7507,61525,1,12582912,86,0,0,0
10.443544378000297,1779567901.6107423,7507,61526,2,12582912,2,0,0,0
10.443544378000297,1779567901.6107423,7507,61527,3,12582912,-45,0,0,0
10.443544378000297,1779567901.6107423,7507,61528,4,12582912,8,0,0,0
10.443544378000297,1779567901.6107423,7507,61529,5,12582912,86,0,0,0
10.443544378000297,1779567901.6107423,7507,61530,6,12582912,84,0,0,0
10.443544378000297,1779567901.6107423,7507,61531,7,12582912,11,0,0,0
10.44385661600063,1779567901.611053,7508,61532,0,12582912,-34,0,0,0
10.44385661600063,1779567901.611053,7508,61533,1,12582912,1,0,0,0
10.44385661600063,1779567901.611053,7508,61534,2,12582912,58,0,0,0
10.44385661600063,1779567901.611053,7508,61535,3,12582912,56,0,0,0
10.44385661600063,1779567901.611053,7508,61536,4,12582912,2,0,0,0
10.44385661600063,1779567901.611053,7508,61537,5,12582912,-30,0,0,0
10.44385661600063,1779567901.611053,7508,61538,6,12582912,2,0,0,0
10.44385661600063,1779567901.611053,7508,61539,7,12582912,52,0,0,0
10.546448720999251,1779567901.7136464,7509,61540,0,12582912,55,0,0,0
10.546448720999251,1779567901.7136464,7509,61541,1,12582912,19,0,0,0
10.546448720999251,1779567901.7136464,7509,61542,2,12582912,-4,0,0,0
10.546448720999251,1779567901.7136464,7509,61543,3,12582912,16,0,0,0
10.546448720999251,1779567901.7136464,7509,61544,4,12582912,49,0,0,0
10.546448720999251,1779567901.7136464,7509,61545,5,12582912,49,0,0,0
10.546448720999251,1779567901.7136464,7509,61546,6,12582912,17,0,0,0
10.546448720999251,1779567901.7136464,7509,61547,7,12582912,-1,0,0,0
10.54676387499967,1779567901.71396,7510,61548,0,12582912,20,0,0,0
10.54676387499967,1779567901.71396,7510,61549,1,12582912,53,0,0,0
10.54676387499967,1779567901.71396,7510,61550,2,12582912,56,0,0,0
10.54676387499967,1779567901.71396,7510,61551,3,12582912,31,0,0,0
10.54676387499967,1779567901.71396,7510,61552,4,12582912,12,0,0,0
10.54676387499967,1779567901.71396,7510,61553,5,12582912,27,0,0,0
10.54676387499967,1779567901.71396,7510,61554,6,12582912,55,0,0,0
10.54676387499967,1779567901.71396,7510,61555,7,12582912,56,0,0,0
10.547048873000676,1779567901.714245,7511,61556,0,12582912,30,0,0,0
10.547048873000676,1779567901.714245,7511,61557,1,12582912,10,0,0,0
10.547048873000676,1779567901.714245,7511,61558,2,12582912,17,0,0,0
10.547048873000676,1779567901.714245,7511,61559,3,12582912,34,0,0,0
10.547048873000676,1779567901.714245,7511,61560,4,12582912,39,0,0,0
10.547048873000676,1779567901.714245,7511,61561,5,12582912,28,0,0,0
10.547048873000676,1779567901.714245,7511,61562,6,12582912,20,0,0,0
10.547048873000676,1779567901.714245,7511,61563,7,12582912,23,0,0,0
10.607303123000747,1779567901.7745008,7512,61564,0,12582912,21,0,0,0
10.607303123000747,1779567901.7745008,7512,61565,1,12582912,7,0,0,0
10.607303123000747,1779567901.7745008,7512,61566,2,12582912,-4,0,0,0
10.607303123000747,1779567901.7745008,7512,61567,3,12582912,-6,0,0,0
10.607303123000747,1779567901.7745008,7512,61568,4,12582912,-3,0,0,0
10.607303123000747,1779567901.7745008,7512,61569,5,12582912,1,0,0,0
10.607303123000747,1779567901.7745008,7512,61570,6,12582912,-6,0,0,0
10.607303123000747,1779567901.7745008,7512,61571,7,12582912,-29,0,0,0
10.607623694000722,1779567901.77482,7513,61572,0,12582912,-56,0,0,0
10.607623694000722,1779567901.77482,7513,61573,1,12582912,-74,0,0,0
10.607623694000722,1779567901.77482,7513,61574,2,12582912,-80,0,0,0
10.607623694000722,1779567901.77482,7513,61575,3,12582912,-87,0,0,0
10.607623694000722,1779567901.77482,7513,61576,4,12582912,-94,0,0,0
10.607623694000722,1779567901.77482,7513,61577,5,12582912,-103,0,0,0
10.607623694000722,1779567901.77482,7513,61578,6,12582912,-111,0,0,0
10.607623694000722,1779567901.77482,7513,61579,7,12582912,-108,0,0,0
10.644490438000503,1779567901.811688,7514,61580,0,12582912,-95,0,0,0
10.644490438000503,1779567901.811688,7514,61581,1,12582912,-94,0,0,0
10.644490438000503,1779567901.811688,7514,61582,2,12582912,-114,0,0,0
10.644490438000503,1779567901.811688,7514,61583,3,12582912,-134,0,0,0
10.644490438000503,1779567901.811688,7514,61584,4,12582912,-142,0,0,0
10.644490438000503,1779567901.811688,7514,61585,5,12582912,-148,0,0,0
10.644490438000503,1779567901.811688,7514,61586,6,12582912,-154,0,0,0
10.644490438000503,1779567901.811688,7514,61587,7,12582912,-143,0,0,0
10.666160404000038,1779567901.8333585,7515,61588,0,12582912,-119,0,0,0
10.666160404000038,1779567901.8333585,7515,61589,1,12582912,-105,0,0,0
10.666160404000038,1779567901.8333585,7515,61590,2,12582912,-113,0,0,0
10.666160404000038,1779567901.8333585,7515,61591,3,12582912,-132,0,0,0
10.666160404000038,1779567901.8333585,7515,61592,4,12582912,-146,0,0,0
10.666160404000038,1779567901.8333585,7515,61593,5,12582912,-136,0,0,0
10.666160404000038,1779567901.8333585,7515,61594,6,12582912,-108,0,0,0
10.666160404000038,1779567901.8333585,7515,61595,7,12582912,-82,0,0,0
10.709038203000091,1779567901.8762362,7516,61596,0,12582912,-70,0,0,0
10.709038203000091,1779567901.8762362,7516,61597,1,12582912,-65,0,0,0
10.709038203000091,1779567901.8762362,7516,61598,2,12582912,-63,0,0,0
10.709038203000091,1779567901.8762362,7516,61599,3,12582912,-59,0,0,0
10.709038203000091,1779567901.8762362,7516,61600,4,12582912,-52,0,0,0
10.709038203000091,1779567901.8762362,7516,61601,5,12582912,-46,0,0,0
10.709038203000091,1779567901.8762362,7516,61602,6,12582912,-43,0,0,0
10.709038203000091,1779567901.8762362,7516,61603,7,12582912,-36,0,0,0
10.730732022000666,1779567901.8979294,7517,61604,0,12582912,-27,0,0,0
10.730732022000666,1779567901.8979294,7517,61605,1,12582912,-21,0,0,0
10.730732022000666,1779567901.8979294,7517,61606,2,12582912,-14,0,0,0
10.730732022000666,1779567901.8979294,7517,61607,3,12582912,-8,0,0,0
10.730732022000666,1779567901.8979294,7517,61608,4,12582912,-2,0,0,0
10.730732022000666,1779567901.8979294,7517,61609,5,12582912,6,0,0,0
10.730732022000666,1779567901.8979294,7517,61610,6,12582912,13,0,0,0
10.730732022000666,1779567901.8979294,7517,61611,7,12582912,18,0,0,0
10.766052265000326,1779567901.93325,7518,61612,0,12582912,19,0,0,0
10.766052265000326,1779567901.93325,7518,61613,1,12582912,17,0,0,0
10.766052265000326,1779567901.93325,7518,61614,2,12582912,16,0,0,0
10.766052265000326,1779567901.93325,7518,61615,3,12582912,16,0,0,0
10.766052265000326,1779567901.93325,7518,61616,4,12582912,18,0,0,0
10.766052265000326,1779567901.93325,7518,61617,5,12582912,17,0,0,0
10.766052265000326,1779567901.93325,7518,61618,6,12582912,14,0,0,0
10.766052265000326,1779567901.93325,7518,61619,7,12582912,19,0,0,0
10.808948293000867,1779567901.976146,7519,61620,0,12582912,33,0,0,0
10.808948293000867,1779567901.976146,7519,61621,1,12582912,41,0,0,0
10.808948293000867,1779567901.976146,7519,61622,2,12582912,34,0,0,0
10.808948293000867,1779567901.976146,7519,61623,3,12582912,22,0,0,0
10.808948293000867,1779567901.976146,7519,61624,4,12582912,22,0,0,0
10.808948293000867,1779567901.976146,7519,61625,5,12582912,30,0,0,0
10.808948293000867,1779567901.976146,7519,61626,6,12582912,34,0,0,0
10.808948293000867,1779567901.976146,7519,61627,7,12582912,35,0,0,0
10.846800968000025,1779567902.0139985,7520,61628,0,12582912,37,0,0,0
10.846800968000025,1779567902.0139985,7520,61629,1,12582912,38,0,0,0
10.846800968000025,1779567902.0139985,7520,61630,2,12582912,32,0,0,0
10.846800968000025,1779567902.0139985,7520,61631,3,12582912,25,0,0,0
10.846800968000025,1779567902.0139985,7520,61632,4,12582912,24,0,0,0
10.846800968000025,1779567902.0139985,7520,61633,5,12582912,28,0,0,0
10.846800968000025,1779567902.0139985,7520,61634,6,12582912,34,0,0,0
10.846800968000025,1779567902.0139985,7520,61635,7,12582912,38,0,0,0
10.873947514000974,1779567902.041145,7521,61636,0,12582912,41,0,0,0
10.873947514000974,1779567902.041145,7521,61637,1,12582912,39,0,0,0
10.873947514000974,1779567902.041145,7521,61638,2,12582912,36,0,0,0
10.873947514000974,1779567902.041145,7521,61639,3,12582912,40,0,0,0
10.873947514000974,1779567902.041145,7521,61640,4,12582912,43,0,0,0
10.873947514000974,1779567902.041145,7521,61641,5,12582912,41,0,0,0
10.873947514000974,1779567902.041145,7521,61642,6,12582912,36,0,0,0
10.873947514000974,1779567902.041145,7521,61643,7,12582912,32,0,0,0
10.895679875000496,1779567902.0628774,7522,61644,0,12582912,31,0,0,0
10.895679875000496,1779567902.0628774,7522,61645,1,12582912,31,0,0,0
10.895679875000496,1779567902.0628774,7522,61646,2,12582912,30,0,0,0
10.895679875000496,1779567902.0628774,7522,61647,3,12582912,28,0,0,0
10.895679875000496,1779567902.0628774,7522,61648,4,12582912,31,0,0,0
10.895679875000496,1779567902.0628774,7522,61649,5,12582912,38,0,0,0
10.895679875000496,1779567902.0628774,7522,61650,6,12582912,38,0,0,0
10.895679875000496,1779567902.0628774,7522,61651,7,12582912,31,0,0,0
10.971289601000535,1779567902.1384876,7523,61652,0,12582912,22,0,0,0
10.971289601000535,1779567902.1384876,7523,61653,1,12582912,23,0,0,0
10.971289601000535,1779567902.1384876,7523,61654,2,12582912,32,0,0,0
10.971289601000535,1779567902.1384876,7523,61655,3,12582912,37,0,0,0
10.971289601000535,1779567902.1384876,7523,61656,4,12582912,33,0,0,0
10.971289601000535,1779567902.1384876,7523,61657,5,12582912,25,0,0,0
10.971289601000535,1779567902.1384876,7523,61658,6,12582912,26,0,0,0
10.971289601000535,1779567902.1384876,7523,61659,7,12582912,35,0,0,0
10.9716074629996,1779567902.1388037,7524,61660,0,12582912,40,0,0,0
10.9716074629996,1779567902.1388037,7524,61661,1,12582912,34,0,0,0
10.9716074629996,1779567902.1388037,7524,61662,2,12582912,23,0,0,0
10.9716074629996,1779567902.1388037,7524,61663,3,12582912,23,0,0,0
10.9716074629996,1779567902.1388037,7524,61664,4,12582912,36,0,0,0
10.9716074629996,1779567902.1388037,7524,61665,5,12582912,45,0,0,0
10.9716074629996,1779567902.1388037,7524,61666,6,12582912,42,0,0,0
10.9716074629996,1779567902.1388037,7524,61667,7,12582912,33,0,0,0
10.993267325000488,1779567902.1604652,7525,61668,0,12582912,26,0,0,0
10.993267325000488,1779567902.1604652,7525,61669,1,12582912,26,0,0,0
10.993267325000488,1779567902.1604652,7525,61670,2,12582912,32,0,0,0
10.993267325000488,1779567902.1604652,7525,61671,3,12582912,38,0,0,0
10.993267325000488,1779567902.1604652,7525,61672,4,12582912,39,0,0,0
10.993267325000488,1779567902.1604652,7525,61673,5,12582912,38,0,0,0
10.993267325000488,1779567902.1604652,7525,61674,6,12582912,41,0,0,0
10.993267325000488,1779567902.1604652,7525,61675,7,12582912,43,0,0,0
11.029232615999717,1779567902.1964304,7526,61676,0,12582912,41,0,0,0
11.029232615999717,1779567902.1964304,7526,61677,1,12582912,38,0,0,0
11.029232615999717,1779567902.1964304,7526,61678,2,12582912,35,0,0,0
11.029232615999717,1779567902.1964304,7526,61679,3,12582912,33,0,0,0
11.029232615999717,1779567902.1964304,7526,61680,4,12582912,34,0,0,0
11.029232615999717,1779567902.1964304,7526,61681,5,12582912,35,0,0,0
11.029232615999717,1779567902.1964304,7526,61682,6,12582912,33,0,0,0
11.029232615999717,1779567902.1964304,7526,61683,7,12582912,28,0,0,0
11.06601477699951,1779567902.2332125,7527,61684,0,12582912,26,0,0,0
11.06601477699951,1779567902.2332125,7527,61685,1,12582912,32,0,0,0
11.06601477699951,1779567902.2332125,7527,61686,2,12582912,40,0,0,0
11.06601477699951,1779567902.2332125,7527,61687,3,12582912,40,0,0,0
11.06601477699951,1779567902.2332125,7527,61688,4,12582912,34,0,0,0
11.06601477699951,1779567902.2332125,7527,61689,5,12582912,29,0,0,0
11.06601477699951,1779567902.2332125,7527,61690,6,12582912,24,0,0,0
11.06601477699951,1779567902.2332125,7527,61691,7,12582912,23,0,0,0
11.087761513999794,1779567902.2549593,7528,61692,0,12582912,29,0,0,0
11.087761513999794,1779567902.2549593,7528,61693,1,12582912,36,0,0,0
11.087761513999794,1779567902.2549593,7528,61694,2,12582912,38,0,0,0
11.087761513999794,1779567902.2549593,7528,61695,3,12582912,32,0,0,0
11.087761513999794,1779567902.2549593,7528,61696,4,12582912,23,0,0,0
11.087761513999794,1779567902.2549593,7528,61697,5,12582912,19,0,0,0
11.087761513999794,1779567902.2549593,7528,61698,6,12582912,23,0,0,0
11.087761513999794,1779567902.2549593,7528,61699,7,12582912,31,0,0,0
11.130650353999954,1779567902.297848,7529,61700,0,12582912,37,0,0,0
11.130650353999954,1779567902.297848,7529,61701,1,12582912,35,0,0,0
11.130650353999954,1779567902.297848,7529,61702,2,12582912,28,0,0,0
11.130650353999954,1779567902.297848,7529,61703,3,12582912,28,0,0,0
11.130650353999954,1779567902.297848,7529,61704,4,12582912,37,0,0,0
11.130650353999954,1779567902.297848,7529,61705,5,12582912,41,0,0,0
11.130650353999954,1779567902.297848,7529,61706,6,12582912,34,0,0,0
11.130650353999954,1779567902.297848,7529,61707,7,12582912,21,0,0,0
11.152254538999841,1779567902.3194525,7530,61708,0,12582912,12,0,0,0
11.152254538999841,1779567902.3194525,7530,61709,1,12582912,15,0,0,0
11.152254538999841,1779567902.3194525,7530,61710,2,12582912,20,0,0,0
11.152254538999841,1779567902.3194525,7530,61711,3,12582912,20,0,0,0
11.152254538999841,1779567902.3194525,7530,61712,4,12582912,16,0,0,0
11.152254538999841,1779567902.3194525,7530,61713,5,12582912,17,0,0,0
11.152254538999841,1779567902.3194525,7530,61714,6,12582912,22,0,0,0
11.152254538999841,1779567902.3194525,7530,61715,7,12582912,26,0,0,0
11.174431585001003,1779567902.341629,7531,61716,0,12582912,26,0,0,0
11.174431585001003,1779567902.341629,7531,61717,1,12582912,20,0,0,0
11.174431585001003,1779567902.341629,7531,61718,2,12582912,16,0,0,0
11.174431585001003,1779567902.341629,7531,61719,3,12582912,19,0,0,0
11.174431585001003,1779567902.341629,7531,61720,4,12582912,23,0,0,0
11.174431585001003,1779567902.341629,7531,61721,5,12582912,26,0,0,0
11.174431585001003,1779567902.341629,7531,61722,6,12582912,24,0,0,0
11.174431585001003,1779567902.341629,7531,61723,7,12582912,20,0,0,0
11.217413030000898,1779567902.384611,7532,61724,0,12582912,20,0,0,0
11.217413030000898,1779567902.384611,7532,61725,1,12582912,23,0,0,0
11.217413030000898,1779567902.384611,7532,61726,2,12582912,23,0,0,0
11.217413030000898,1779567902.384611,7532,61727,3,12582912,19,0,0,0
11.217413030000898,1779567902.384611,7532,61728,4,12582912,21,0,0,0
11.217413030000898,1779567902.384611,7532,61729,5,12582912,30,0,0,0
11.217413030000898,1779567902.384611,7532,61730,6,12582912,38,0,0,0
11.217413030000898,1779567902.384611,7532,61731,7,12582912,37,0,0,0
11.239073620999989,1779567902.4062712,7533,61732,0,12582912,29,0,0,0
11.239073620999989,1779567902.4062712,7533,61733,1,12582912,23,0,0,0
11.239073620999989,1779567902.4062712,7533,61734,2,12582912,23,0,0,0
11.239073620999989,1779567902.4062712,7533,61735,3,12582912,29,0,0,0
11.239073620999989,1779567902.4062712,7533,61736,4,12582912,36,0,0,0
11.239073620999989,1779567902.4062712,7533,61737,5,12582912,34,0,0,0
11.239073620999989,1779567902.4062712,7533,61738,6,12582912,19,0,0,0
11.239073620999989,1779567902.4062712,7533,61739,7,12582912,9,0,0,0
11.28856148200066,1779567902.4557593,7534,61740,0,12582912,11,0,0,0
11.28856148200066,1779567902.4557593,7534,61741,1,12582912,15,0,0,0
11.28856148200066,1779567902.4557593,7534,61742,2,12582912,12,0,0,0
11.28856148200066,1779567902.4557593,7534,61743,3,12582912,7,0,0,0
11.28856148200066,1779567902.4557593,7534,61744,4,12582912,5,0,0,0
11.28856148200066,1779567902.4557593,7534,61745,5,12582912,0,0,0,0
11.28856148200066,1779567902.4557593,7534,61746,6,12582912,-10,0,0,0
11.28856148200066,1779567902.4557593,7534,61747,7,12582912,-23,0,0,0
11.310264155999903,1779567902.477462,7535,61748,0,12582912,-33,0,0,0
11.310264155999903,1779567902.477462,7535,61749,1,12582912,-37,0,0,0
11.310264155999903,1779567902.477462,7535,61750,2,12582912,-35,0,0,0
11.310264155999903,1779567902.477462,7535,61751,3,12582912,-34,0,0,0
11.310264155999903,1779567902.477462,7535,61752,4,12582912,-34,0,0,0
11.310264155999903,1779567902.477462,7535,61753,5,12582912,-28,0,0,0
11.310264155999903,1779567902.477462,7535,61754,6,12582912,-18,0,0,0
11.310264155999903,1779567902.477462,7535,61755,7,12582912,-26,0,0,0
11.364259853000476,1779567902.531457,7536,61756,0,12582912,-55,0,0,0
11.364259853000476,1779567902.531457,7536,61757,1,12582912,-63,0,0,0
11.364259853000476,1779567902.531457,7536,61758,2,12582912,-31,0,0,0
11.364259853000476,1779567902.531457,7536,61759,3,12582912,-6,0,0,0
11.364259853000476,1779567902.531457,7536,61760,4,12582912,-19,0,0,0
11.364259853000476,1779567902.531457,7536,61761,5,12582912,-37,0,0,0
11.364259853000476,1779567902.531457,7536,61762,6,12582912,-36,0,0,0
11.364259853000476,1779567902.531457,7536,61763,7,12582912,-37,0,0,0
11.370686583000861,1779567902.5378852,7537,61764,0,12582912,-42,0,0,0
11.370686583000861,1779567902.5378852,7537,61765,1,12582912,-31,0,0,0
11.370686583000861,1779567902.5378852,7537,61766,2,12582912,-9,0,0,0
11.370686583000861,1779567902.5378852,7537,61767,3,12582912,-6,0,0,0
11.370686583000861,1779567902.5378852,7537,61768,4,12582912,-24,0,0,0
11.370686583000861,1779567902.5378852,7537,61769,5,12582912,-34,0,0,0
11.370686583000861,1779567902.5378852,7537,61770,6,12582912,-18,0,0,0
11.370686583000861,1779567902.5378852,7537,61771,7,12582912,6,0,0,0
11.413636151999526,1779567902.5808337,7538,61772,0,12582912,16,0,0,0
11.413636151999526,1779567902.5808337,7538,61773,1,12582912,8,0,0,0
11.413636151999526,1779567902.5808337,7538,61774,2,12582912,2,0,0,0
11.413636151999526,1779567902.5808337,7538,61775,3,12582912,6,0,0,0
11.413636151999526,1779567902.5808337,7538,61776,4,12582912,12,0,0,0
11.413636151999526,1779567902.5808337,7538,61777,5,12582912,7,0,0,0
11.413636151999526,1779567902.5808337,7538,61778,6,12582912,5,0,0,0
11.413636151999526,1779567902.5808337,7538,61779,7,12582912,19,0,0,0
11.435401482000088,1779567902.6025994,7539,61780,0,12582912,42,0,0,0
11.435401482000088,1779567902.6025994,7539,61781,1,12582912,56,0,0,0
11.435401482000088,1779567902.6025994,7539,61782,2,12582912,46,0,0,0
11.435401482000088,1779567902.6025994,7539,61783,3,12582912,21,0,0,0
11.435401482000088,1779567902.6025994,7539,61784,4,12582912,0,0,0,0
11.435401482000088,1779567902.6025994,7539,61785,5,12582912,-8,0,0,0
11.435401482000088,1779567902.6025994,7539,61786,6,12582912,4,0,0,0
11.435401482000088,1779567902.6025994,7539,61787,7,12582912,21,0,0,0
11.548220553000647,1779567902.7154183,7540,61788,0,12582912,18,0,0,0
11.548220553000647,1779567902.7154183,7540,61789,1,12582912,3,0,0,0
11.548220553000647,1779567902.7154183,7540,61790,2,12582912,3,0,0,0
11.548220553000647,1779567902.7154183,7540,61791,3,12582912,22,0,0,0
11.548220553000647,1779567902.7154183,7540,61792,4,12582912,43,0,0,0
11.548220553000647,1779567902.7154183,7540,61793,5,12582912,40,0,0,0
11.548220553000647,1779567902.7154183,7540,61794,6,12582912,17,0,0,0
11.548220553000647,1779567902.7154183,7540,61795,7,12582912,2,0,0,0
11.54853372800062,1779567902.7157307,7541,61796,0,12582912,8,0,0,0
11.54853372800062,1779567902.7157307,7541,61797,1,12582912,17,0,0,0
11.54853372800062,1779567902.7157307,7541,61798,2,12582912,23,0,0,0
11.54853372800062,1779567902.7157307,7541,61799,3,12582912,30,0,0,0
11.54853372800062,1779567902.7157307,7541,61800,4,12582912,42,0,0,0
11.54853372800062,1779567902.7157307,7541,61801,5,12582912,51,0,0,0
11.54853372800062,1779567902.7157307,7541,61802,6,12582912,45,0,0,0
11.54853372800062,1779567902.7157307,7541,61803,7,12582912,20,0,0,0
11.548820444999365,1779567902.7160165,7542,61804,0,12582912,-2,0,0,0
11.548820444999365,1779567902.7160165,7542,61805,1,12582912,-5,0,0,0
11.548820444999365,1779567902.7160165,7542,61806,2,12582912,-2,0,0,0
11.548820444999365,1779567902.7160165,7542,61807,3,12582912,1,0,0,0
11.548820444999365,1779567902.7160165,7542,61808,4,12582912,16,0,0,0
11.548820444999365,1779567902.7160165,7542,61809,5,12582912,40,0,0,0
11.548820444999365,1779567902.7160165,7542,61810,6,12582912,53,0,0,0
11.548820444999365,1779567902.7160165,7542,61811,7,12582912,46,0,0,0
11.585251149999749,1779567902.752449,7543,61812,0,12582912,26,0,0,0
11.585251149999749,1779567902.752449,7543,61813,1,12582912,11,0,0,0
11.585251149999749,1779567902.752449,7543,61814,2,12582912,14,0,0,0
11.585251149999749,1779567902.752449,7543,61815,3,12582912,21,0,0,0
11.585251149999749,1779567902.752449,7543,61816,4,12582912,14,0,0,0
11.585251149999749,1779567902.752449,7543,61817,5,12582912,1,0,0,0
11.585251149999749,1779567902.752449,7543,61818,6,12582912,2,0,0,0
11.585251149999749,1779567902.752449,7543,61819,7,12582912,18,0,0,0
11.606917053999496,1779567902.7741146,7544,61820,0,12582912,30,0,0,0
11.606917053999496,1779567902.7741146,7544,61821,1,12582912,25,0,0,0
11.606917053999496,1779567902.7741146,7544,61822,2,12582912,10,0,0,0
11.606917053999496,1779567902.7741146,7544,61823,3,12582912,2,0,0,0
11.606917053999496,1779567902.7741146,7544,61824,4,12582912,7,0,0,0
11.606917053999496,1779567902.7741146,7544,61825,5,12582912,10,0,0,0
11.606917053999496,1779567902.7741146,7544,61826,6,12582912,7,0,0,0
11.606917053999496,1779567902.7741146,7544,61827,7,12582912,6,0,0,0
11.62867628999993,1779567902.795874,7545,61828,0,12582912,6,0,0,0
11.62867628999993,1779567902.795874,7545,61829,1,12582912,8,0,0,0
11.62867628999993,1779567902.795874,7545,61830,2,12582912,9,0,0,0
11.62867628999993,1779567902.795874,7545,61831,3,12582912,4,0,0,0
11.62867628999993,1779567902.795874,7545,61832,4,12582912,-5,0,0,0
11.62867628999993,1779567902.795874,7545,61833,5,12582912,-10,0,0,0
11.62867628999993,1779567902.795874,7545,61834,6,12582912,-4,0,0,0
11.62867628999993,1779567902.795874,7545,61835,7,12582912,2,0,0,0
11.671497995999744,1779567902.838696,7546,61836,0,12582912,2,0,0,0
11.671497995999744,1779567902.838696,7546,61837,1,12582912,-3,0,0,0
11.671497995999744,1779567902.838696,7546,61838,2,12582912,-4,0,0,0
11.671497995999744,1779567902.838696,7546,61839,3,12582912,7,0,0,0
11.671497995999744,1779567902.838696,7546,61840,4,12582912,18,0,0,0
11.671497995999744,1779567902.838696,7546,61841,5,12582912,17,0,0,0
11.671497995999744,1779567902.838696,7546,61842,6,12582912,4,0,0,0
11.671497995999744,1779567902.838696,7546,61843,7,12582912,-5,0,0,0
11.735848054000598,1779567902.9030457,7547,61844,0,12582912,0,0,0,0
11.735848054000598,1779567902.9030457,7547,61845,1,12582912,6,0,0,0
11.735848054000598,1779567902.9030457,7547,61846,2,12582912,5,0,0,0
11.735848054000598,1779567902.9030457,7547,61847,3,12582912,0,0,0,0
11.735848054000598,1779567902.9030457,7547,61848,4,12582912,3,0,0,0
11.735848054000598,1779567902.9030457,7547,61849,5,12582912,10,0,0,0
11.735848054000598,1779567902.9030457,7547,61850,6,12582912,10,0,0,0
11.735848054000598,1779567902.9030457,7547,61851,7,12582912,5,0,0,0
11.762341374000243,1779567902.9295394,7548,61852,0,12582912,0,0,0,0
11.762341374000243,1779567902.9295394,7548,61853,1,12582912,0,0,0,0
11.762341374000243,1779567902.9295394,7548,61854,2,12582912,7,0,0,0
11.762341374000243,1779567902.9295394,7548,61855,3,12582912,13,0,0,0
11.762341374000243,1779567902.9295394,7548,61856,4,12582912,11,0,0,0
11.762341374000243,1779567902.9295394,7548,61857,5,12582912,5,0,0,0
11.762341374000243,1779567902.9295394,7548,61858,6,12582912,3,0,0,0
11.762341374000243,1779567902.9295394,7548,61859,7,12582912,11,0,0,0
11.76265965300081,1779567902.929856,7549,61860,0,12582912,20,0,0,0
11.76265965300081,1779567902.929856,7549,61861,1,12582912,20,0,0,0
11.76265965300081,1779567902.929856,7549,61862,2,12582912,10,0,0,0
11.76265965300081,1779567902.929856,7549,61863,3,12582912,2,0,0,0
11.76265965300081,1779567902.929856,7549,61864,4,12582912,3,0,0,0
11.76265965300081,1779567902.929856,7549,61865,5,12582912,9,0,0,0
11.76265965300081,1779567902.929856,7549,61866,6,12582912,14,0,0,0
11.76265965300081,1779567902.929856,7549,61867,7,12582912,12,0,0,0
11.797941355000148,1779567902.9651387,7550,61868,0,12582912,4,0,0,0
11.797941355000148,1779567902.9651387,7550,61869,1,12582912,0,0,0,0
11.797941355000148,1779567902.9651387,7550,61870,2,12582912,-1,0,0,0
11.797941355000148,1779567902.9651387,7550,61871,3,12582912,-3,0,0,0
11.797941355000148,1779567902.9651387,7550,61872,4,12582912,-2,0,0,0
11.797941355000148,1779567902.9651387,7550,61873,5,12582912,3,0,0,0
11.797941355000148,1779567902.9651387,7550,61874,6,12582912,9,0,0,0
11.797941355000148,1779567902.9651387,7550,61875,7,12582912,2,0,0,0
11.819668352000008,1779567902.986866,7551,61876,0,12582912,-17,0,0,0
11.819668352000008,1779567902.986866,7551,61877,1,12582912,-27,0,0,0
11.819668352000008,1779567902.986866,7551,61878,2,12582912,-15,0,0,0
11.819668352000008,1779567902.986866,7551,61879,3,12582912,5,0,0,0
11.819668352000008,1779567902.986866,7551,61880,4,12582912,17,0,0,0
11.819668352000008,1779567902.986866,7551,61881,5,12582912,8,0,0,0
11.819668352000008,1779567902.986866,7551,61882,6,12582912,-16,0,0,0
11.819668352000008,1779567902.986866,7551,61883,7,12582912,-32,0,0,0
11.862418183000045,1779567903.0296156,7552,61884,0,12582912,-34,0,0,0
11.862418183000045,1779567903.0296156,7552,61885,1,12582912,-41,0,0,0
11.862418183000045,1779567903.0296156,7552,61886,2,12582912,-53,0,0,0
11.862418183000045,1779567903.0296156,7552,61887,3,12582912,-66,0,0,0
11.862418183000045,1779567903.0296156,7552,61888,4,12582912,-78,0,0,0
11.862418183000045,1779567903.0296156,7552,61889,5,12582912,-88,0,0,0
11.862418183000045,1779567903.0296156,7552,61890,6,12582912,-92,0,0,0
11.862418183000045,1779567903.0296156,7552,61891,7,12582912,-87,0,0,0
11.884130753000136,1779567903.0513291,7553,61892,0,12582912,-90,0,0,0
11.884130753000136,1779567903.0513291,7553,61893,1,12582912,-104,0,0,0
11.884130753000136,1779567903.0513291,7553,61894,2,12582912,-116,0,0,0
11.884130753000136,1779567903.0513291,7553,61895,3,12582912,-126,0,0,0
11.884130753000136,1779567903.0513291,7553,61896,4,12582912,-141,0,0,0
11.884130753000136,1779567903.0513291,7553,61897,5,12582912,-156,0,0,0
11.884130753000136,1779567903.0513291,7553,61898,6,12582912,-165,0,0,0
11.884130753000136,1779567903.0513291,7553,61899,7,12582912,-168,0,0,0
11.927933598999516,1779567903.0951314,7554,61900,0,12582912,-164,0,0,0
11.927933598999516,1779567903.0951314,7554,61901,1,12582912,-157,0,0,0
11.927933598999516,1779567903.0951314,7554,61902,2,12582912,-168,0,0,0
11.927933598999516,1779567903.0951314,7554,61903,3,12582912,-201,0,0,0
11.927933598999516,1779567903.0951314,7554,61904,4,12582912,-228,0,0,0
11.927933598999516,1779567903.0951314,7554,61905,5,12582912,-227,0,0,0
11.927933598999516,1779567903.0951314,7554,61906,6,12582912,-206,0,0,0
11.927933598999516,1779567903.0951314,7554,61907,7,12582912,-184,0,0,0
11.94965877300092,1779567903.1168563,7555,61908,0,12582912,-179,0,0,0
11.94965877300092,1779567903.1168563,7555,61909,1,12582912,-199,0,0,0
11.94965877300092,1779567903.1168563,7555,61910,2,12582912,-232,0,0,0
11.94965877300092,1779567903.1168563,7555,61911,3,12582912,-253,0,0,0
11.94965877300092,1779567903.1168563,7555,61912,4,12582912,-259,0,0,0
11.94965877300092,1779567903.1168563,7555,61913,5,12582912,-259,0,0,0
11.94965877300092,1779567903.1168563,7555,61914,6,12582912,-249,0,0,0
11.94965877300092,1779567903.1168563,7555,61915,7,12582912,-221,0,0,0
11.992631363000328,1779567903.159829,7556,61916,0,12582912,-190,0,0,0
11.992631363000328,1779567903.159829,7556,61917,1,12582912,-181,0,0,0
11.992631363000328,1779567903.159829,7556,61918,2,12582912,-185,0,0,0
11.992631363000328,1779567903.159829,7556,61919,3,12582912,-181,0,0,0
11.992631363000328,1779567903.159829,7556,61920,4,12582912,-165,0,0,0
11.992631363000328,1779567903.159829,7556,61921,5,12582912,-147,0,0,0
11.992631363000328,1779567903.159829,7556,61922,6,12582912,-135,0,0,0
11.992631363000328,1779567903.159829,7556,61923,7,12582912,-125,0,0,0
12.014308621000964,1779567903.1815066,7557,61924,0,12582912,-109,0,0,0
12.014308621000964,1779567903.1815066,7557,61925,1,12582912,-102,0,0,0
12.014308621000964,1779567903.1815066,7557,61926,2,12582912,-105,0,0,0
12.014308621000964,1779567903.1815066,7557,61927,3,12582912,-98,0,0,0
12.014308621000964,1779567903.1815066,7557,61928,4,12582912,-82,0,0,0
12.014308621000964,1779567903.1815066,7557,61929,5,12582912,-68,0,0,0
12.014308621000964,1779567903.1815066,7557,61930,6,12582912,-52,0,0,0
12.014308621000964,1779567903.1815066,7557,61931,7,12582912,-31,0,0,0
12.049489020999317,1779567903.216687,7558,61932,0,12582912,-17,0,0,0
12.049489020999317,1779567903.216687,7558,61933,1,12582912,-19,0,0,0
12.049489020999317,1779567903.216687,7558,61934,2,12582912,-22,0,0,0
12.049489020999317,1779567903.216687,7558,61935,3,12582912,-16,0,0,0
12.049489020999317,1779567903.216687,7558,61936,4,12582912,-2,0,0,0
12.049489020999317,1779567903.216687,7558,61937,5,12582912,5,0,0,0
12.049489020999317,1779567903.216687,7558,61938,6,12582912,-4,0,0,0
12.049489020999317,1779567903.216687,7558,61939,7,12582912,-15,0,0,0
12.071227893000469,1779567903.2384262,7559,61940,0,12582912,-12,0,0,0
12.071227893000469,1779567903.2384262,7559,61941,1,12582912,-1,0,0,0
12.071227893000469,1779567903.2384262,7559,61942,2,12582912,3,0,0,0
12.071227893000469,1779567903.2384262,7559,61943,3,12582912,2,0,0,0
12.071227893000469,1779567903.2384262,7559,61944,4,12582912,7,0,0,0
12.071227893000469,1779567903.2384262,7559,61945,5,12582912,16,0,0,0
12.071227893000469,1779567903.2384262,7559,61946,6,12582912,25,0,0,0
12.071227893000469,1779567903.2384262,7559,61947,7,12582912,28,0,0,0
12.169116123001004,1779567903.3363128,7560,61948,0,12582912,21,0,0,0
12.169116123001004,1779567903.3363128,7560,61949,1,12582912,15,0,0,0
12.169116123001004,1779567903.3363128,7560,61950,2,12582912,17,0,0,0
12.169116123001004,1779567903.3363128,7560,61951,3,12582912,26,0,0,0
12.169116123001004,1779567903.3363128,7560,61952,4,12582912,32,0,0,0
12.169116123001004,1779567903.3363128,7560,61953,5,12582912,32,0,0,0
12.169116123001004,1779567903.3363128,7560,61954,6,12582912,32,0,0,0
12.169116123001004,1779567903.3363128,7560,61955,7,12582912,32,0,0,0
12.169242424000913,1779567903.3364375,7561,61956,0,12582912,31,0,0,0
12.169242424000913,1779567903.3364375,7561,61957,1,12582912,26,0,0,0
12.169242424000913,1779567903.3364375,7561,61958,2,12582912,25,0,0,0
12.169242424000913,1779567903.3364375,7561,61959,3,12582912,35,0,0,0
12.169242424000913,1779567903.3364375,7561,61960,4,12582912,48,0,0,0
12.169242424000913,1779567903.3364375,7561,61961,5,12582912,53,0,0,0
12.169242424000913,1779567903.3364375,7561,61962,6,12582912,50,0,0,0
12.169242424000913,1779567903.3364375,7561,61963,7,12582912,46,0,0,0
12.1907642139995,1779567903.357962,7562,61964,0,12582912,46,0,0,0
12.1907642139995,1779567903.357962,7562,61965,1,12582912,47,0,0,0
12.1907642139995,1779567903.357962,7562,61966,2,12582912,44,0,0,0
12.1907642139995,1779567903.357962,7562,61967,3,12582912,36,0,0,0
12.1907642139995,1779567903.357962,7562,61968,4,12582912,31,0,0,0
12.1907642139995,1779567903.357962,7562,61969,5,12582912,37,0,0,0
12.1907642139995,1779567903.357962,7562,61970,6,12582912,47,0,0,0
12.1907642139995,1779567903.357962,7562,61971,7,12582912,52,0,0,0
12.212551679000171,1779567903.3797493,7563,61972,0,12582912,49,0,0,0
12.212551679000171,1779567903.3797493,7563,61973,1,12582912,47,0,0,0
12.212551679000171,1779567903.3797493,7563,61974,2,12582912,54,0,0,0
12.212551679000171,1779567903.3797493,7563,61975,3,12582912,65,0,0,0
12.212551679000171,1779567903.3797493,7563,61976,4,12582912,67,0,0,0
12.212551679000171,1779567903.3797493,7563,61977,5,12582912,58,0,0,0
12.212551679000171,1779567903.3797493,7563,61978,6,12582912,49,0,0,0
12.212551679000171,1779567903.3797493,7563,61979,7,12582912,46,0,0,0
12.234247321999646,1779567903.4014452,7564,61980,0,12582912,44,0,0,0
12.234247321999646,1779567903.4014452,7564,61981,1,12582912,39,0,0,0
12.234247321999646,1779567903.4014452,7564,61982,2,12582912,35,0,0,0
12.234247321999646,1779567903.4014452,7564,61983,3,12582912,34,0,0,0
12.234247321999646,1779567903.4014452,7564,61984,4,12582912,40,0,0,0
12.234247321999646,1779567903.4014452,7564,61985,5,12582912,49,0,0,0
12.234247321999646,1779567903.4014452,7564,61986,6,12582912,57,0,0,0
12.234247321999646,1779567903.4014452,7564,61987,7,12582912,63,0,0,0
12.27707246600039,1779567903.4442704,7565,61988,0,12582912,67,0,0,0
12.27707246600039,1779567903.4442704,7565,61989,1,12582912,66,0,0,0
12.27707246600039,1779567903.4442704,7565,61990,2,12582912,58,0,0,0
12.27707246600039,1779567903.4442704,7565,61991,3,12582912,50,0,0,0
12.27707246600039,1779567903.4442704,7565,61992,4,12582912,42,0,0,0
12.27707246600039,1779567903.4442704,7565,61993,5,12582912,38,0,0,0
12.27707246600039,1779567903.4442704,7565,61994,6,12582912,42,0,0,0
12.27707246600039,1779567903.4442704,7565,61995,7,12582912,48,0,0,0
12.312622863999422,1779567903.4798207,7566,61996,0,12582912,48,0,0,0
12.312622863999422,1779567903.4798207,7566,61997,1,12582912,43,0,0,0
12.312622863999422,1779567903.4798207,7566,61998,2,12582912,40,0,0,0
12.312622863999422,1779567903.4798207,7566,61999,3,12582912,46,0,0,0
12.312622863999422,1779567903.4798207,7566,62000,4,12582912,54,0,0,0
12.312622863999422,1779567903.4798207,7566,62001,5,12582912,91,0,0,0
12.312622863999422,1779567903.4798207,7566,62002,6,12582912,180,0,0,0
12.312622863999422,1779567903.4798207,7566,62003,7,12582912,203,0,0,0
12.344428442000208,1779567903.511625,7567,62004,0,12582912,69,0,0,0
12.344428442000208,1779567903.511625,7567,62005,1,12582912,-85,0,0,0
12.344428442000208,1779567903.511625,7567,62006,2,12582912,-73,0,0,0
12.344428442000208,1779567903.511625,7567,62007,3,12582912,74,0,0,0
12.344428442000208,1779567903.511625,7567,62008,4,12582912,155,0,0,0
12.344428442000208,1779567903.511625,7567,62009,5,12582912,69,0,0,0
12.344428442000208,1779567903.511625,7567,62010,6,12582912,-48,0,0,0
12.344428442000208,1779567903.511625,7567,62011,7,12582912,-35,0,0,0
12.36570351500086,1779567903.5329003,7568,62012,0,12582912,80,0,0,0
12.36570351500086,1779567903.5329003,7568,62013,1,12582912,135,0,0,0
12.36570351500086,1779567903.5329003,7568,62014,2,12582912,63,0,0,0
12.36570351500086,1779567903.5329003,7568,62015,3,12582912,-32,0,0,0
12.36570351500086,1779567903.5329003,7568,62016,4,12582912,-28,0,0,0
12.36570351500086,1779567903.5329003,7568,62017,5,12582912,59,0,0,0
12.36570351500086,1779567903.5329003,7568,62018,6,12582912,109,0,0,0
12.36570351500086,1779567903.5329003,7568,62019,7,12582912,64,0,0,0
12.414394974999595,1779567903.5815923,7569,62020,0,12582912,-6,0,0,0
12.414394974999595,1779567903.5815923,7569,62021,1,12582912,-10,0,0,0
12.414394974999595,1779567903.5815923,7569,62022,2,12582912,51,0,0,0
12.414394974999595,1779567903.5815923,7569,62023,3,12582912,95,0,0,0
12.414394974999595,1779567903.5815923,7569,62024,4,12582912,67,0,0,0
12.414394974999595,1779567903.5815923,7569,62025,5,12582912,17,0,0,0
12.414394974999595,1779567903.5815923,7569,62026,6,12582912,18,0,0,0
12.414394974999595,1779567903.5815923,7569,62027,7,12582912,64,0,0,0
12.436089160000847,1779567903.6032867,7570,62028,0,12582912,87,0,0,0
12.436089160000847,1779567903.6032867,7570,62029,1,12582912,57,0,0,0
12.436089160000847,1779567903.6032867,7570,62030,2,12582912,17,0,0,0
12.436089160000847,1779567903.6032867,7570,62031,3,12582912,22,0,0,0
12.436089160000847,1779567903.6032867,7570,62032,4,12582912,61,0,0,0
12.436089160000847,1779567903.6032867,7570,62033,5,12582912,80,0,0,0
12.436089160000847,1779567903.6032867,7570,62034,6,12582912,59,0,0,0
12.436089160000847,1779567903.6032867,7570,62035,7,12582912,27,0,0,0
12.458058968000842,1779567903.625257,7571,62036,0,12582912,27,0,0,0
12.458058968000842,1779567903.625257,7571,62037,1,12582912,53,0,0,0
12.458058968000842,1779567903.625257,7571,62038,2,12582912,70,0,0,0
12.458058968000842,1779567903.625257,7571,62039,3,12582912,53,0,0,0
12.458058968000842,1779567903.625257,7571,62040,4,12582912,25,0,0,0
12.458058968000842,1779567903.625257,7571,62041,5,12582912,17,0,0,0
12.458058968000842,1779567903.625257,7571,62042,6,12582912,36,0,0,0
12.458058968000842,1779567903.625257,7571,62043,7,12582912,57,0,0,0
12.560824874999525,1779567903.7280211,7572,62044,0,12582912,54,0,0,0
12.560824874999525,1779567903.7280211,7572,62045,1,12582912,36,0,0,0
12.560824874999525,1779567903.7280211,7572,62046,2,12582912,29,0,0,0
12.560824874999525,1779567903.7280211,7572,62047,3,12582912,39,0,0,0
12.560824874999525,1779567903.7280211,7572,62048,4,12582912,49,0,0,0
12.560824874999525,1779567903.7280211,7572,62049,5,12582912,43,0,0,0
12.560824874999525,1779567903.7280211,7572,62050,6,12582912,31,0,0,0
12.560824874999525,1779567903.7280211,7572,62051,7,12582912,29,0,0,0
12.56094456199935,1779567903.7281396,7573,62052,0,12582912,37,0,0,0
12.56094456199935,1779567903.7281396,7573,62053,1,12582912,42,0,0,0
12.56094456199935,1779567903.7281396,7573,62054,2,12582912,35,0,0,0
12.56094456199935,1779567903.7281396,7573,62055,3,12582912,24,0,0,0
12.56094456199935,1779567903.7281396,7573,62056,4,12582912,19,0,0,0
12.56094456199935,1779567903.7281396,7573,62057,5,12582912,25,0,0,0
12.56094456199935,1779567903.7281396,7573,62058,6,12582912,37,0,0,0
12.56094456199935,1779567903.7281396,7573,62059,7,12582912,34,0,0,0
12.612270849000197,1779567903.7794683,7574,62060,0,12582912,14,0,0,0
12.612270849000197,1779567903.7794683,7574,62061,1,12582912,4,0,0,0
12.612270849000197,1779567903.7794683,7574,62062,2,12582912,15,0,0,0
12.612270849000197,1779567903.7794683,7574,62063,3,12582912,30,0,0,0
12.612270849000197,1779567903.7794683,7574,62064,4,12582912,37,0,0,0
12.612270849000197,1779567903.7794683,7574,62065,5,12582912,38,0,0,0
12.612270849000197,1779567903.7794683,7574,62066,6,12582912,22,0,0,0
12.612270849000197,1779567903.7794683,7574,62067,7,12582912,-7,0,0,0
12.612587773999621,1779567903.779784,7575,62068,0,12582912,-18,0,0,0
12.612587773999621,1779567903.779784,7575,62069,1,12582912,-16,0,0,0
12.612587773999621,1779567903.779784,7575,62070,2,12582912,-17,0,0,0
12.612587773999621,1779567903.779784,7575,62071,3,12582912,-9,0,0,0
12.612587773999621,1779567903.779784,7575,62072,4,12582912,-5,0,0,0
12.612587773999621,1779567903.779784,7575,62073,5,12582912,-24,0,0,0
12.612587773999621,1779567903.779784,7575,62074,6,12582912,-51,0,0,0
12.612587773999621,1779567903.779784,7575,62075,7,12582912,-66,0,0,0
12.637986101000934,1779567903.805184,7576,62076,0,12582912,-63,0,0,0
12.637986101000934,1779567903.805184,7576,62077,1,12582912,-62,0,0,0
12.637986101000934,1779567903.805184,7576,62078,2,12582912,-70,0,0,0
12.637986101000934,1779567903.805184,7576,62079,3,12582912,-75,0,0,0
12.637986101000934,1779567903.805184,7576,62080,4,12582912,-79,0,0,0
12.637986101000934,1779567903.805184,7576,62081,5,12582912,-84,0,0,0
12.637986101000934,1779567903.805184,7576,62082,6,12582912,-89,0,0,0
12.637986101000934,1779567903.805184,7576,62083,7,12582912,-92,0,0,0
12.659687785999267,1779567903.8268855,7577,62084,0,12582912,-93,0,0,0
12.659687785999267,1779567903.8268855,7577,62085,1,12582912,-97,0,0,0
12.659687785999267,1779567903.8268855,7577,62086,2,12582912,-110,0,0,0
12.659687785999267,1779567903.8268855,7577,62087,3,12582912,-124,0,0,0
12.659687785999267,1779567903.8268855,7577,62088,4,12582912,-126,0,0,0
12.659687785999267,1779567903.8268855,7577,62089,5,12582912,-112,0,0,0
12.659687785999267,1779567903.8268855,7577,62090,6,12582912,-90,0,0,0
12.659687785999267,1779567903.8268855,7577,62091,7,12582912,-71,0,0,0
12.681359730999247,1779567903.8485572,7578,62092,0,12582912,-67,0,0,0
12.681359730999247,1779567903.8485572,7578,62093,1,12582912,-78,0,0,0
12.681359730999247,1779567903.8485572,7578,62094,2,12582912,-93,0,0,0
12.681359730999247,1779567903.8485572,7578,62095,3,12582912,-95,0,0,0
12.681359730999247,1779567903.8485572,7578,62096,4,12582912,-86,0,0,0
12.681359730999247,1779567903.8485572,7578,62097,5,12582912,-75,0,0,0
12.681359730999247,1779567903.8485572,7578,62098,6,12582912,-63,0,0,0
12.681359730999247,1779567903.8485572,7578,62099,7,12582912,-49,0,0,0
12.724164510000264,1779567903.8913622,7579,62100,0,12582912,-36,0,0,0
12.724164510000264,1779567903.8913622,7579,62101,1,12582912,-28,0,0,0
12.724164510000264,1779567903.8913622,7579,62102,2,12582912,-27,0,0,0
12.724164510000264,1779567903.8913622,7579,62103,3,12582912,-28,0,0,0
12.724164510000264,1779567903.8913622,7579,62104,4,12582912,-29,0,0,0
12.724164510000264,1779567903.8913622,7579,62105,5,12582912,-28,0,0,0
12.724164510000264,1779567903.8913622,7579,62106,6,12582912,-26,0,0,0
12.724164510000264,1779567903.8913622,7579,62107,7,12582912,-25,0,0,0
12.746000828999968,1779567903.9131987,7580,62108,0,12582912,-19,0,0,0
12.746000828999968,1779567903.9131987,7580,62109,1,12582912,-6,0,0,0
12.746000828999968,1779567903.9131987,7580,62110,2,12582912,7,0,0,0
12.746000828999968,1779567903.9131987,7580,62111,3,12582912,12,0,0,0
12.746000828999968,1779567903.9131987,7580,62112,4,12582912,10,0,0,0
12.746000828999968,1779567903.9131987,7580,62113,5,12582912,9,0,0,0
12.746000828999968,1779567903.9131987,7580,62114,6,12582912,10,0,0,0
12.746000828999968,1779567903.9131987,7580,62115,7,12582912,10,0,0,0
12.788801963000878,1779567903.9559999,7581,62116,0,12582912,9,0,0,0
12.788801963000878,1779567903.9559999,7581,62117,1,12582912,8,0,0,0
12.788801963000878,1779567903.9559999,7581,62118,2,12582912,11,0,0,0
12.788801963000878,1779567903.9559999,7581,62119,3,12582912,21,0,0,0
12.788801963000878,1779567903.9559999,7581,62120,4,12582912,30,0,0,0
12.788801963000878,1779567903.9559999,7581,62121,5,12582912,31,0,0,0
12.788801963000878,1779567903.9559999,7581,62122,6,12582912,29,0,0,0
12.788801963000878,1779567903.9559999,7581,62123,7,12582912,34,0,0,0
12.841096733000086,1779567904.0082946,7582,62124,0,12582912,39,0,0,0
12.841096733000086,1779567904.0082946,7582,62125,1,12582912,35,0,0,0
12.841096733000086,1779567904.0082946,7582,62126,2,12582912,25,0,0,0
12.841096733000086,1779567904.0082946,7582,62127,3,12582912,23,0,0,0
12.841096733000086,1779567904.0082946,7582,62128,4,12582912,31,0,0,0
12.841096733000086,1779567904.0082946,7582,62129,5,12582912,36,0,0,0
12.841096733000086,1779567904.0082946,7582,62130,6,12582912,32,0,0,0
12.841096733000086,1779567904.0082946,7582,62131,7,12582912,25,0,0,0
12.841411626999616,1779567904.008608,7583,62132,0,12582912,21,0,0,0
12.841411626999616,1779567904.008608,7583,62133,1,12582912,26,0,0,0
12.841411626999616,1779567904.008608,7583,62134,2,12582912,33,0,0,0
12.841411626999616,1779567904.008608,7583,62135,3,12582912,27,0,0,0
12.841411626999616,1779567904.008608,7583,62136,4,12582912,16,0,0,0
12.841411626999616,1779567904.008608,7583,62137,5,12582912,27,0,0,0
12.841411626999616,1779567904.008608,7583,62138,6,12582912,59,0,0,0
12.841411626999616,1779567904.008608,7583,62139,7,12582912,80,0,0,0
12.88422552100019,1779567904.0514233,7584,62140,0,12582912,68,0,0,0
12.88422552100019,1779567904.0514233,7584,62141,1,12582912,31,0,0,0
12.88422552100019,1779567904.0514233,7584,62142,2,12582912,15,0,0,0
12.88422552100019,1779567904.0514233,7584,62143,3,12582912,40,0,0,0
12.88422552100019,1779567904.0514233,7584,62144,4,12582912,70,0,0,0
12.88422552100019,1779567904.0514233,7584,62145,5,12582912,72,0,0,0
12.88422552100019,1779567904.0514233,7584,62146,6,12582912,38,0,0,0
12.88422552100019,1779567904.0514233,7584,62147,7,12582912,-21,0,0,0
12.905915798999558,1779567904.0731137,7585,62148,0,12582912,-69,0,0,0
12.905915798999558,1779567904.0731137,7585,62149,1,12582912,-80,0,0,0
12.905915798999558,1779567904.0731137,7585,62150,2,12582912,-64,0,0,0
12.905915798999558,1779567904.0731137,7585,62151,3,12582912,-28,0,0,0
12.905915798999558,1779567904.0731137,7585,62152,4,12582912,13,0,0,0
12.905915798999558,1779567904.0731137,7585,62153,5,12582912,28,0,0,0
12.905915798999558,1779567904.0731137,7585,62154,6,12582912,9,0,0,0
12.905915798999558,1779567904.0731137,7585,62155,7,12582912,-24,0,0,0
12.950551296000413,1779567904.1177487,7586,62156,0,12582912,-36,0,0,0
12.950551296000413,1779567904.1177487,7586,62157,1,12582912,-11,0,0,0
12.950551296000413,1779567904.1177487,7586,62158,2,12582912,8,0,0,0
12.950551296000413,1779567904.1177487,7586,62159,3,12582912,-14,0,0,0
12.950551296000413,1779567904.1177487,7586,62160,4,12582912,-47,0,0,0
12.950551296000413,1779567904.1177487,7586,62161,5,12582912,-52,0,0,0
12.950551296000413,1779567904.1177487,7586,62162,6,12582912,-20,0,0,0
12.950551296000413,1779567904.1177487,7586,62163,7,12582912,10,0,0,0
12.971905275000609,1779567904.1391022,7587,62164,0,12582912,-2,0,0,0
12.971905275000609,1779567904.1391022,7587,62165,1,12582912,-16,0,0,0
12.971905275000609,1779567904.1391022,7587,62166,2,12582912,-19,0,0,0
12.971905275000609,1779567904.1391022,7587,62167,3,12582912,-25,0,0,0
12.971905275000609,1779567904.1391022,7587,62168,4,12582912,-5,0,0,0
12.971905275000609,1779567904.1391022,7587,62169,5,12582912,10,0,0,0
12.971905275000609,1779567904.1391022,7587,62170,6,12582912,-16,0,0,0
12.971905275000609,1779567904.1391022,7587,62171,7,12582912,-49,0,0,0
13.014238494999518,1779567904.1814353,7588,62172,0,12582912,-59,0,0,0
13.014238494999518,1779567904.1814353,7588,62173,1,12582912,-40,0,0,0
13.014238494999518,1779567904.1814353,7588,62174,2,12582912,-5,0,0,0
13.014238494999518,1779567904.1814353,7588,62175,3,12582912,35,0,0,0
13.014238494999518,1779567904.1814353,7588,62176,4,12582912,72,0,0,0
13.014238494999518,1779567904.1814353,7588,62177,5,12582912,57,0,0,0
13.014238494999518,1779567904.1814353,7588,62178,6,12582912,-20,0,0,0
13.014238494999518,1779567904.1814353,7588,62179,7,12582912,-68,0,0,0
13.047633072999815,1779567904.2148304,7589,62180,0,12582912,-41,0,0,0
13.047633072999815,1779567904.2148304,7589,62181,1,12582912,-2,0,0,0
13.047633072999815,1779567904.2148304,7589,62182,2,12582912,-4,0,0,0
13.047633072999815,1779567904.2148304,7589,62183,3,12582912,-20,0,0,0
13.047633072999815,1779567904.2148304,7589,62184,4,12582912,-9,0,0,0
13.047633072999815,1779567904.2148304,7589,62185,5,12582912,15,0,0,0
13.047633072999815,1779567904.2148304,7589,62186,6,12582912,20,0,0,0
13.047633072999815,1779567904.2148304,7589,62187,7,12582912,3,0,0,0
13.079292299000372,1779567904.2464898,7590,62188,0,12582912,-3,0,0,0
13.079292299000372,1779567904.2464898,7590,62189,1,12582912,12,0,0,0
13.079292299000372,1779567904.2464898,7590,62190,2,12582912,13,0,0,0
13.079292299000372,1779567904.2464898,7590,62191,3,12582912,-26,0,0,0
13.079292299000372,1779567904.2464898,7590,62192,4,12582912,-71,0,0,0
13.079292299000372,1779567904.2464898,7590,62193,5,12582912,-86,0,0,0
13.079292299000372,1779567904.2464898,7590,62194,6,12582912,-79,0,0,0
13.079292299000372,1779567904.2464898,7590,62195,7,12582912,-57,0,0,0
13.100995389999298,1779567904.2681932,7591,62196,0,12582912,-36,0,0,0
13.100995389999298,1779567904.2681932,7591,62197,1,12582912,-46,0,0,0
13.100995389999298,1779567904.2681932,7591,62198,2,12582912,-84,0,0,0
13.100995389999298,1779567904.2681932,7591,62199,3,12582912,-102,0,0,0
13.100995389999298,1779567904.2681932,7591,62200,4,12582912,-86,0,0,0
13.100995389999298,1779567904.2681932,7591,62201,5,12582912,-59,0,0,0
13.100995389999298,1779567904.2681932,7591,62202,6,12582912,-45,0,0,0
13.100995389999298,1779567904.2681932,7591,62203,7,12582912,-69,0,0,0
13.143866210000851,1779567904.311064,7592,62204,0,12582912,-99,0,0,0
13.143866210000851,1779567904.311064,7592,62205,1,12582912,-93,0,0,0
13.143866210000851,1779567904.311064,7592,62206,2,12582912,-98,0,0,0
13.143866210000851,1779567904.311064,7592,62207,3,12582912,-132,0,0,0
13.143866210000851,1779567904.311064,7592,62208,4,12582912,-153,0,0,0
13.143866210000851,1779567904.311064,7592,62209,5,12582912,-150,0,0,0
13.143866210000851,1779567904.311064,7592,62210,6,12582912,-139,0,0,0
13.143866210000851,1779567904.311064,7592,62211,7,12582912,-132,0,0,0
13.165546853000706,1779567904.3327444,7593,62212,0,12582912,-145,0,0,0
13.165546853000706,1779567904.3327444,7593,62213,1,12582912,-170,0,0,0
13.165546853000706,1779567904.3327444,7593,62214,2,12582912,-160,0,0,0
13.165546853000706,1779567904.3327444,7593,62215,3,12582912,-115,0,0,0
13.165546853000706,1779567904.3327444,7593,62216,4,12582912,-98,0,0,0
13.165546853000706,1779567904.3327444,7593,62217,5,12582912,-139,0,0,0
13.165546853000706,1779567904.3327444,7593,62218,6,12582912,-175,0,0,0
13.165546853000706,1779567904.3327444,7593,62219,7,12582912,-175,0,0,0
13.2083900180005,1779567904.375588,7594,62220,0,12582912,-183,0,0,0
13.2083900180005,1779567904.375588,7594,62221,1,12582912,-190,0,0,0
13.2083900180005,1779567904.375588,7594,62222,2,12582912,-183,0,0,0
13.2083900180005,1779567904.375588,7594,62223,3,12582912,-195,0,0,0
13.2083900180005,1779567904.375588,7594,62224,4,12582912,-219,0,0,0
13.2083900180005,1779567904.375588,7594,62225,5,12582912,-223,0,0,0
13.2083900180005,1779567904.375588,7594,62226,6,12582912,-211,0,0,0
13.2083900180005,1779567904.375588,7594,62227,7,12582912,-204,0,0,0
13.23007321300065,1779567904.3972707,7595,62228,0,12582912,-193,0,0,0
13.23007321300065,1779567904.3972707,7595,62229,1,12582912,-161,0,0,0
13.23007321300065,1779567904.3972707,7595,62230,2,12582912,-148,0,0,0
13.23007321300065,1779567904.3972707,7595,62231,3,12582912,-193,0,0,0
13.23007321300065,1779567904.3972707,7595,62232,4,12582912,-248,0,0,0
13.23007321300065,1779567904.3972707,7595,62233,5,12582912,-269,0,0,0
13.23007321300065,1779567904.3972707,7595,62234,6,12582912,-260,0,0,0
13.23007321300065,1779567904.3972707,7595,62235,7,12582912,-244,0,0,0
13.266871103000085,1779567904.434069,7596,62236,0,12582912,-242,0,0,0
13.266871103000085,1779567904.434069,7596,62237,1,12582912,-249,0,0,0
13.266871103000085,1779567904.434069,7596,62238,2,12582912,-251,0,0,0
13.266871103000085,1779567904.434069,7596,62239,3,12582912,-244,0,0,0
13.266871103000085,1779567904.434069,7596,62240,4,12582912,-240,0,0,0
13.266871103000085,1779567904.434069,7596,62241,5,12582912,-250,0,0,0
13.266871103000085,1779567904.434069,7596,62242,6,12582912,-270,0,0,0
13.266871103000085,1779567904.434069,7596,62243,7,12582912,-272,0,0,0
13.28875169300045,1779567904.4559493,7597,62244,0,12582912,-271,0,0,0
13.28875169300045,1779567904.4559493,7597,62245,1,12582912,-292,0,0,0
13.28875169300045,1779567904.4559493,7597,62246,2,12582912,-306,0,0,0
13.28875169300045,1779567904.4559493,7597,62247,3,12582912,-297,0,0,0
13.28875169300045,1779567904.4559493,7597,62248,4,12582912,-284,0,0,0
13.28875169300045,1779567904.4559493,7597,62249,5,12582912,-279,0,0,0
13.28875169300045,1779567904.4559493,7597,62250,6,12582912,-268,0,0,0
13.28875169300045,1779567904.4559493,7597,62251,7,12582912,-246,0,0,0
13.337394873000449,1779567904.504592,7598,62252,0,12582912,-240,0,0,0
13.337394873000449,1779567904.504592,7598,62253,1,12582912,-263,0,0,0
13.337394873000449,1779567904.504592,7598,62254,2,12582912,-290,0,0,0
13.337394873000449,1779567904.504592,7598,62255,3,12582912,-290,0,0,0
13.337394873000449,1779567904.504592,7598,62256,4,12582912,-268,0,0,0
13.337394873000449,1779567904.504592,7598,62257,5,12582912,-248,0,0,0
13.337394873000449,1779567904.504592,7598,62258,6,12582912,-237,0,0,0
13.337394873000449,1779567904.504592,7598,62259,7,12582912,-233,0,0,0
13.358731923999585,1779567904.5259285,7599,62260,0,12582912,-229,0,0,0
13.358731923999585,1779567904.5259285,7599,62261,1,12582912,-221,0,0,0
13.358731923999585,1779567904.5259285,7599,62262,2,12582912,-218,0,0,0
13.358731923999585,1779567904.5259285,7599,62263,3,12582912,-223,0,0,0
13.358731923999585,1779567904.5259285,7599,62264,4,12582912,-233,0,0,0
13.358731923999585,1779567904.5259285,7599,62265,5,12582912,-236,0,0,0
13.358731923999585,1779567904.5259285,7599,62266,6,12582912,-233,0,0,0
13.358731923999585,1779567904.5259285,7599,62267,7,12582912,-227,0,0,0
13.401186810000581,1779567904.568384,7600,62268,0,12582912,-218,0,0,0
13.401186810000581,1779567904.568384,7600,62269,1,12582912,-209,0,0,0
13.401186810000581,1779567904.568384,7600,62270,2,12582912,-203,0,0,0
13.401186810000581,1779567904.568384,7600,62271,3,12582912,-202,0,0,0
13.401186810000581,1779567904.568384,7600,62272,4,12582912,-204,0,0,0
13.401186810000581,1779567904.568384,7600,62273,5,12582912,-205,0,0,0
13.401186810000581,1779567904.568384,7600,62274,6,12582912,-200,0,0,0
13.401186810000581,1779567904.568384,7600,62275,7,12582912,-194,0,0,0
13.422583601000952,1779567904.589781,7601,62276,0,12582912,-191,0,0,0
13.422583601000952,1779567904.589781,7601,62277,1,12582912,-193,0,0,0
13.422583601000952,1779567904.589781,7601,62278,2,12582912,-192,0,0,0
13.422583601000952,1779567904.589781,7601,62279,3,12582912,-183,0,0,0
13.422583601000952,1779567904.589781,7601,62280,4,12582912,-171,0,0,0
13.422583601000952,1779567904.589781,7601,62281,5,12582912,-163,0,0,0
13.422583601000952,1779567904.589781,7601,62282,6,12582912,-162,0,0,0
13.422583601000952,1779567904.589781,7601,62283,7,12582912,-163,0,0,0
13.449320826000985,1779567904.6165183,7602,62284,0,12582912,-165,0,0,0
13.449320826000985,1779567904.6165183,7602,62285,1,12582912,-165,0,0,0
13.449320826000985,1779567904.6165183,7602,62286,2,12582912,-161,0,0,0
13.449320826000985,1779567904.6165183,7602,62287,3,12582912,-152,0,0,0
13.449320826000985,1779567904.6165183,7602,62288,4,12582912,-136,0,0,0
13.449320826000985,1779567904.6165183,7602,62289,5,12582912,-116,0,0,0
13.449320826000985,1779567904.6165183,7602,62290,6,12582912,-102,0,0,0
13.449320826000985,1779567904.6165183,7602,62291,7,12582912,-94,0,0,0
13.484697215000779,1779567904.651895,7603,62292,0,12582912,-92,0,0,0
13.484697215000779,1779567904.651895,7603,62293,1,12582912,-92,0,0,0
13.484697215000779,1779567904.651895,7603,62294,2,12582912,-90,0,0,0
13.484697215000779,1779567904.651895,7603,62295,3,12582912,-81,0,0,0
13.484697215000779,1779567904.651895,7603,62296,4,12582912,-70,0,0,0
13.484697215000779,1779567904.651895,7603,62297,5,12582912,-67,0,0,0
13.484697215000779,1779567904.651895,7603,62298,6,12582912,-67,0,0,0
13.484697215000779,1779567904.651895,7603,62299,7,12582912,-63,0,0,0
13.55797252999946,1779567904.7251701,7604,62300,0,12582912,-57,0,0,0
13.55797252999946,1779567904.7251701,7604,62301,1,12582912,-53,0,0,0
13.55797252999946,1779567904.7251701,7604,62302,2,12582912,-61,0,0,0
13.55797252999946,1779567904.7251701,7604,62303,3,12582912,-76,0,0,0
13.55797252999946,1779567904.7251701,7604,62304,4,12582912,-69,0,0,0
13.55797252999946,1779567904.7251701,7604,62305,5,12582912,-37,0,0,0
13.55797252999946,1779567904.7251701,7604,62306,6,12582912,-13,0,0,0
13.55797252999946,1779567904.7251701,7604,62307,7,12582912,-13,0,0,0
13.558294141999795,1779567904.7254903,7605,62308,0,12582912,-21,0,0,0
13.558294141999795,1779567904.7254903,7605,62309,1,12582912,-24,0,0,0
13.558294141999795,1779567904.7254903,7605,62310,2,12582912,-23,0,0,0
13.558294141999795,1779567904.7254903,7605,62311,3,12582912,-22,0,0,0
13.558294141999795,1779567904.7254903,7605,62312,4,12582912,-18,0,0,0
13.558294141999795,1779567904.7254903,7605,62313,5,12582912,-9,0,0,0
13.558294141999795,1779567904.7254903,7605,62314,6,12582912,0,0,0,0
13.558294141999795,1779567904.7254903,7605,62315,7,12582912,7,0,0,0
13.593542927999806,1779567904.7607408,7606,62316,0,12582912,10,0,0,0
13.593542927999806,1779567904.7607408,7606,62317,1,12582912,4,0,0,0
13.593542927999806,1779567904.7607408,7606,62318,2,12582912,-7,0,0,0
13.593542927999806,1779567904.7607408,7606,62319,3,12582912,-13,0,0,0
13.593542927999806,1779567904.7607408,7606,62320,4,12582912,-7,0,0,0
13.593542927999806,1779567904.7607408,7606,62321,5,12582912,1,0,0,0
13.593542927999806,1779567904.7607408,7606,62322,6,12582912,3,0,0,0
13.593542927999806,1779567904.7607408,7606,62323,7,12582912,10,0,0,0
13.615321175000645,1779567904.7825189,7607,62324,0,12582912,19,0,0,0
13.615321175000645,1779567904.7825189,7607,62325,1,12582912,24,0,0,0
13.615321175000645,1779567904.7825189,7607,62326,2,12582912,30,0,0,0
13.615321175000645,1779567904.7825189,7607,62327,3,12582912,36,0,0,0
13.615321175000645,1779567904.7825189,7607,62328,4,12582912,36,0,0,0
13.615321175000645,1779567904.7825189,7607,62329,5,12582912,37,0,0,0
13.615321175000645,1779567904.7825189,7607,62330,6,12582912,34,0,0,0
13.615321175000645,1779567904.7825189,7607,62331,7,12582912,27,0,0,0
13.658165172999361,1779567904.825363,7608,62332,0,12582912,22,0,0,0
13.658165172999361,1779567904.825363,7608,62333,1,12582912,22,0,0,0
13.658165172999361,1779567904.825363,7608,62334,2,12582912,24,0,0,0
13.658165172999361,1779567904.825363,7608,62335,3,12582912,24,0,0,0
13.658165172999361,1779567904.825363,7608,62336,4,12582912,30,0,0,0
13.658165172999361,1779567904.825363,7608,62337,5,12582912,45,0,0,0
13.658165172999361,1779567904.825363,7608,62338,6,12582912,60,0,0,0
13.658165172999361,1779567904.825363,7608,62339,7,12582912,63,0,0,0
13.695851860000403,1779567904.8630495,7609,62340,0,12582912,53,0,0,0
13.695851860000403,1779567904.8630495,7609,62341,1,12582912,41,0,0,0
13.695851860000403,1779567904.8630495,7609,62342,2,12582912,40,0,0,0
13.695851860000403,1779567904.8630495,7609,62343,3,12582912,50,0,0,0
13.695851860000403,1779567904.8630495,7609,62344,4,12582912,53,0,0,0
13.695851860000403,1779567904.8630495,7609,62345,5,12582912,41,0,0,0
13.695851860000403,1779567904.8630495,7609,62346,6,12582912,34,0,0,0
13.695851860000403,1779567904.8630495,7609,62347,7,12582912,47,0,0,0
13.749399018000986,1779567904.9165967,7610,62348,0,12582912,71,0,0,0
13.749399018000986,1779567904.9165967,7610,62349,1,12582912,82,0,0,0
13.749399018000986,1779567904.9165967,7610,62350,2,12582912,70,0,0,0
13.749399018000986,1779567904.9165967,7610,62351,3,12582912,55,0,0,0
13.749399018000986,1779567904.9165967,7610,62352,4,12582912,54,0,0,0
13.749399018000986,1779567904.9165967,7610,62353,5,12582912,69,0,0,0
13.749399018000986,1779567904.9165967,7610,62354,6,12582912,86,0,0,0
13.749399018000986,1779567904.9165967,7610,62355,7,12582912,91,0,0,0
13.749716203999924,1779567904.9169123,7611,62356,0,12582912,84,0,0,0
13.749716203999924,1779567904.9169123,7611,62357,1,12582912,74,0,0,0
13.749716203999924,1779567904.9169123,7611,62358,2,12582912,64,0,0,0
13.749716203999924,1779567904.9169123,7611,62359,3,12582912,66,0,0,0
13.749716203999924,1779567904.9169123,7611,62360,4,12582912,82,0,0,0
13.749716203999924,1779567904.9169123,7611,62361,5,12582912,90,0,0,0
13.749716203999924,1779567904.9169123,7611,62362,6,12582912,76,0,0,0
13.749716203999924,1779567904.9169123,7611,62363,7,12582912,61,0,0,0
13.771473721000802,1779567904.9386714,7612,62364,0,12582912,66,0,0,0
13.771473721000802,1779567904.9386714,7612,62365,1,12582912,87,0,0,0
13.771473721000802,1779567904.9386714,7612,62366,2,12582912,105,0,0,0
13.771473721000802,1779567904.9386714,7612,62367,3,12582912,105,0,0,0
13.771473721000802,1779567904.9386714,7612,62368,4,12582912,96,0,0,0
13.771473721000802,1779567904.9386714,7612,62369,5,12582912,92,0,0,0
13.771473721000802,1779567904.9386714,7612,62370,6,12582912,89,0,0,0
13.771473721000802,1779567904.9386714,7612,62371,7,12582912,86,0,0,0
13.81426615700002,1779567904.9814641,7613,62372,0,12582912,83,0,0,0
13.81426615700002,1779567904.9814641,7613,62373,1,12582912,80,0,0,0
13.81426615700002,1779567904.9814641,7613,62374,2,12582912,82,0,0,0
13.81426615700002,1779567904.9814641,7613,62375,3,12582912,88,0,0,0
13.81426615700002,1779567904.9814641,7613,62376,4,12582912,89,0,0,0
13.81426615700002,1779567904.9814641,7613,62377,5,12582912,85,0,0,0
13.81426615700002,1779567904.9814641,7613,62378,6,12582912,78,0,0,0
13.81426615700002,1779567904.9814641,7613,62379,7,12582912,72,0,0,0
13.849550307000754,1779567905.016748,7614,62380,0,12582912,76,0,0,0
13.849550307000754,1779567905.016748,7614,62381,1,12582912,84,0,0,0
13.849550307000754,1779567905.016748,7614,62382,2,12582912,74,0,0,0
13.849550307000754,1779567905.016748,7614,62383,3,12582912,65,0,0,0
13.849550307000754,1779567905.016748,7614,62384,4,12582912,89,0,0,0
13.849550307000754,1779567905.016748,7614,62385,5,12582912,116,0,0,0
13.849550307000754,1779567905.016748,7614,62386,6,12582912,95,0,0,0
13.849550307000754,1779567905.016748,7614,62387,7,12582912,55,0,0,0
13.871353554000962,1779567905.0385518,7615,62388,0,12582912,51,0,0,0
13.871353554000962,1779567905.0385518,7615,62389,1,12582912,53,0,0,0
13.871353554000962,1779567905.0385518,7615,62390,2,12582912,46,0,0,0
13.871353554000962,1779567905.0385518,7615,62391,3,12582912,49,0,0,0
13.871353554000962,1779567905.0385518,7615,62392,4,12582912,39,0,0,0
13.871353554000962,1779567905.0385518,7615,62393,5,12582912,15,0,0,0
13.871353554000962,1779567905.0385518,7615,62394,6,12582912,4,0,0,0
13.871353554000962,1779567905.0385518,7615,62395,7,12582912,3,0,0,0
13.90807071600102,1779567905.0752685,7616,62396,0,12582912,2,0,0,0
13.90807071600102,1779567905.0752685,7616,62397,1,12582912,3,0,0,0
13.90807071600102,1779567905.0752685,7616,62398,2,12582912,12,0,0,0
13.90807071600102,1779567905.0752685,7616,62399,3,12582912,10,0,0,0
13.90807071600102,1779567905.0752685,7616,62400,4,12582912,-11,0,0,0
13.90807071600102,1779567905.0752685,7616,62401,5,12582912,-32,0,0,0
13.90807071600102,1779567905.0752685,7616,62402,6,12582912,-41,0,0,0
13.90807071600102,1779567905.0752685,7616,62403,7,12582912,-39,0,0,0
13.92976083800022,1779567905.0969586,7617,62404,0,12582912,-38,0,0,0
13.92976083800022,1779567905.0969586,7617,62405,1,12582912,-41,0,0,0
13.92976083800022,1779567905.0969586,7617,62406,2,12582912,-43,0,0,0
13.92976083800022,1779567905.0969586,7617,62407,3,12582912,-42,0,0,0
13.92976083800022,1779567905.0969586,7617,62408,4,12582912,-28,0,0,0
13.92976083800022,1779567905.0969586,7617,62409,5,12582912,-6,0,0,0
13.92976083800022,1779567905.0969586,7617,62410,6,12582912,0,0,0,0
13.92976083800022,1779567905.0969586,7617,62411,7,12582912,-19,0,0,0
13.978056207999543,1779567905.145254,7618,62412,0,12582912,-36,0,0,0
13.978056207999543,1779567905.145254,7618,62413,1,12582912,-46,0,0,0
13.978056207999543,1779567905.145254,7618,62414,2,12582912,-58,0,0,0
13.978056207999543,1779567905.145254,7618,62415,3,12582912,-56,0,0,0
13.978056207999543,1779567905.145254,7618,62416,4,12582912,-28,0,0,0
13.978056207999543,1779567905.145254,7618,62417,5,12582912,-5,0,0,0
13.978056207999543,1779567905.145254,7618,62418,6,12582912,1,0,0,0
13.978056207999543,1779567905.145254,7618,62419,7,12582912,-1,0,0,0
13.999937526999929,1779567905.1671352,7619,62420,0,12582912,-6,0,0,0
13.999937526999929,1779567905.1671352,7619,62421,1,12582912,-10,0,0,0
13.999937526999929,1779567905.1671352,7619,62422,2,12582912,-1,0,0,0
13.999937526999929,1779567905.1671352,7619,62423,3,12582912,17,0,0,0
13.999937526999929,1779567905.1671352,7619,62424,4,12582912,34,0,0,0
13.999937526999929,1779567905.1671352,7619,62425,5,12582912,45,0,0,0
13.999937526999929,1779567905.1671352,7619,62426,6,12582912,49,0,0,0
13.999937526999929,1779567905.1671352,7619,62427,7,12582912,42,0,0,0
14.0432289700002,1779567905.2104268,7620,62428,0,12582912,35,0,0,0
14.0432289700002,1779567905.2104268,7620,62429,1,12582912,36,0,0,0
14.0432289700002,1779567905.2104268,7620,62430,2,12582912,50,0,0,0
14.0432289700002,1779567905.2104268,7620,62431,3,12582912,79,0,0,0
14.0432289700002,1779567905.2104268,7620,62432,4,12582912,99,0,0,0
14.0432289700002,1779567905.2104268,7620,62433,5,12582912,100,0,0,0
14.0432289700002,1779567905.2104268,7620,62434,6,12582912,102,0,0,0
14.0432289700002,1779567905.2104268,7620,62435,7,12582912,108,0,0,0
14.06489232199965,1779567905.23209,7621,62436,0,12582912,108,0,0,0
14.06489232199965,1779567905.23209,7621,62437,1,12582912,106,0,0,0
14.06489232199965,1779567905.23209,7621,62438,2,12582912,107,0,0,0
14.06489232199965,1779567905.23209,7621,62439,3,12582912,105,0,0,0
14.06489232199965,1779567905.23209,7621,62440,4,12582912,96,0,0,0
14.06489232199965,1779567905.23209,7621,62441,5,12582912,90,0,0,0
14.06489232199965,1779567905.23209,7621,62442,6,12582912,101,0,0,0
14.06489232199965,1779567905.23209,7621,62443,7,12582912,126,0,0,0
14.13981226100077,1779567905.3070095,7622,62444,0,12582912,145,0,0,0
14.13981226100077,1779567905.3070095,7622,62445,1,12582912,140,0,0,0
14.13981226100077,1779567905.3070095,7622,62446,2,12582912,122,0,0,0
14.13981226100077,1779567905.3070095,7622,62447,3,12582912,105,0,0,0
14.13981226100077,1779567905.3070095,7622,62448,4,12582912,105,0,0,0
14.13981226100077,1779567905.3070095,7622,62449,5,12582912,121,0,0,0
14.13981226100077,1779567905.3070095,7622,62450,6,12582912,142,0,0,0
14.13981226100077,1779567905.3070095,7622,62451,7,12582912,149,0,0,0
14.297738391000166,1779567905.4649348,7623,62452,0,12582912,139,0,0,0
14.297738391000166,1779567905.4649348,7623,62453,1,12582912,131,0,0,0
14.297738391000166,1779567905.4649348,7623,62454,2,12582912,127,0,0,0
14.297738391000166,1779567905.4649348,7623,62455,3,12582912,120,0,0,0
14.297738391000166,1779567905.4649348,7623,62456,4,12582912,113,0,0,0
14.297738391000166,1779567905.4649348,7623,62457,5,12582912,111,0,0,0
14.297738391000166,1779567905.4649348,7623,62458,6,12582912,113,0,0,0
14.297738391000166,1779567905.4649348,7623,62459,7,12582912,126,0,0,0
14.332980979999775,1779567905.5001786,7624,62460,0,12582912,139,0,0,0
14.332980979999775,1779567905.5001786,7624,62461,1,12582912,137,0,0,0
14.332980979999775,1779567905.5001786,7624,62462,2,12582912,127,0,0,0
14.332980979999775,1779567905.5001786,7624,62463,3,12582912,126,0,0,0
14.332980979999775,1779567905.5001786,7624,62464,4,12582912,135,0,0,0
14.332980979999775,1779567905.5001786,7624,62465,5,12582912,139,0,0,0
14.332980979999775,1779567905.5001786,7624,62466,6,12582912,135,0,0,0
14.332980979999775,1779567905.5001786,7624,62467,7,12582912,127,0,0,0
14.375853415000165,1779567905.5430512,7625,62468,0,12582912,125,0,0,0
14.375853415000165,1779567905.5430512,7625,62469,1,12582912,131,0,0,0
14.375853415000165,1779567905.5430512,7625,62470,2,12582912,137,0,0,0
14.375853415000165,1779567905.5430512,7625,62471,3,12582912,131,0,0,0
14.375853415000165,1779567905.5430512,7625,62472,4,12582912,117,0,0,0
14.375853415000165,1779567905.5430512,7625,62473,5,12582912,112,0,0,0
14.375853415000165,1779567905.5430512,7625,62474,6,12582912,118,0,0,0
14.375853415000165,1779567905.5430512,7625,62475,7,12582912,126,0,0,0
14.397524579000674,1779567905.564722,7626,62476,0,12582912,127,0,0,0
14.397524579000674,1779567905.564722,7626,62477,1,12582912,120,0,0,0
14.397524579000674,1779567905.564722,7626,62478,2,12582912,112,0,0,0
14.397524579000674,1779567905.564722,7626,62479,3,12582912,111,0,0,0
14.397524579000674,1779567905.564722,7626,62480,4,12582912,112,0,0,0
14.397524579000674,1779567905.564722,7626,62481,5,12582912,109,0,0,0
14.397524579000674,1779567905.564722,7626,62482,6,12582912,101,0,0,0
14.397524579000674,1779567905.564722,7626,62483,7,12582912,97,0,0,0
14.44030290000046,1779567905.6075006,7627,62484,0,12582912,101,0,0,0
14.44030290000046,1779567905.6075006,7627,62485,1,12582912,105,0,0,0
14.44030290000046,1779567905.6075006,7627,62486,2,12582912,105,0,0,0
14.44030290000046,1779567905.6075006,7627,62487,3,12582912,100,0,0,0
14.44030290000046,1779567905.6075006,7627,62488,4,12582912,95,0,0,0
14.44030290000046,1779567905.6075006,7627,62489,5,12582912,93,0,0,0
14.44030290000046,1779567905.6075006,7627,62490,6,12582912,95,0,0,0
14.44030290000046,1779567905.6075006,7627,62491,7,12582912,100,0,0,0
14.489224307999393,1779567905.656422,7628,62492,0,12582912,100,0,0,0
14.489224307999393,1779567905.656422,7628,62493,1,12582912,96,0,0,0
14.489224307999393,1779567905.656422,7628,62494,2,12582912,91,0,0,0
14.489224307999393,1779567905.656422,7628,62495,3,12582912,87,0,0,0
14.489224307999393,1779567905.656422,7628,62496,4,12582912,84,0,0,0
14.489224307999393,1779567905.656422,7628,62497,5,12582912,84,0,0,0
14.489224307999393,1779567905.656422,7628,62498,6,12582912,87,0,0,0
14.489224307999393,1779567905.656422,7628,62499,7,12582912,96,0,0,0
14.598760693999793,1779567905.765958,7629,62500,0,12582912,102,0,0,0
14.598760693999793,1779567905.765958,7629,62501,1,12582912,109,0,0,0
14.598760693999793,1779567905.765958,7629,62502,2,12582912,69,0,0,0
14.598760693999793,1779567905.765958,7629,62503,3,12582912,-66,0,0,0
14.598760693999793,1779567905.765958,7629,62504,4,12582912,-122,0,0,0
14.598760693999793,1779567905.765958,7629,62505,5,12582912,46,0,0,0
14.598760693999793,1779567905.765958,7629,62506,6,12582912,250,0,0,0
14.598760693999793,1779567905.765958,7629,62507,7,12582912,231,0,0,0
14.59907142100019,1779567905.766268,7630,62508,0,12582912,33,0,0,0
14.59907142100019,1779567905.766268,7630,62509,1,12582912,-71,0,0,0
14.59907142100019,1779567905.766268,7630,62510,2,12582912,44,0,0,0
14.59907142100019,1779567905.766268,7630,62511,3,12582912,207,0,0,0
14.59907142100019,1779567905.766268,7630,62512,4,12582912,199,0,0,0
14.59907142100019,1779567905.766268,7630,62513,5,12582912,48,0,0,0
14.59907142100019,1779567905.766268,7630,62514,6,12582912,-38,0,0,0
14.59907142100019,1779567905.766268,7630,62515,7,12582912,44,0,0,0
14.599458971000786,1779567905.7666552,7631,62516,0,12582912,170,0,0,0
14.599458971000786,1779567905.7666552,7631,62517,1,12582912,169,0,0,0
14.599458971000786,1779567905.7666552,7631,62518,2,12582912,52,0,0,0
14.599458971000786,1779567905.7666552,7631,62519,3,12582912,-20,0,0,0
14.599458971000786,1779567905.7666552,7631,62520,4,12582912,38,0,0,0
14.599458971000786,1779567905.7666552,7631,62521,5,12582912,128,0,0,0
14.599458971000786,1779567905.7666552,7631,62522,6,12582912,124,0,0,0
14.599458971000786,1779567905.7666552,7631,62523,7,12582912,45,0,0,0
14.599738708000586,1779567905.766935,7632,62524,0,12582912,0,0,0,0
14.599738708000586,1779567905.766935,7632,62525,1,12582912,44,0,0,0
14.599738708000586,1779567905.766935,7632,62526,2,12582912,109,0,0,0
14.599738708000586,1779567905.766935,7632,62527,3,12582912,97,0,0,0
14.599738708000586,1779567905.766935,7632,62528,4,12582912,23,0,0,0
14.599738708000586,1779567905.766935,7632,62529,5,12582912,-19,0,0,0
14.599738708000586,1779567905.766935,7632,62530,6,12582912,16,0,0,0
14.599738708000586,1779567905.766935,7632,62531,7,12582912,71,0,0,0
14.656259233999663,1779567905.823457,7633,62532,0,12582912,62,0,0,0
14.656259233999663,1779567905.823457,7633,62533,1,12582912,-7,0,0,0
14.656259233999663,1779567905.823457,7633,62534,2,12582912,-52,0,0,0
14.656259233999663,1779567905.823457,7633,62535,3,12582912,-28,0,0,0
14.656259233999663,1779567905.823457,7633,62536,4,12582912,23,0,0,0
14.656259233999663,1779567905.823457,7633,62537,5,12582912,24,0,0,0
14.656259233999663,1779567905.823457,7633,62538,6,12582912,-30,0,0,0
14.656259233999663,1779567905.823457,7633,62539,7,12582912,-66,0,0,0
14.677948054000808,1779567905.845146,7634,62540,0,12582912,-40,0,0,0
14.677948054000808,1779567905.845146,7634,62541,1,12582912,-1,0,0,0
14.677948054000808,1779567905.845146,7634,62542,2,12582912,-7,0,0,0
14.677948054000808,1779567905.845146,7634,62543,3,12582912,-51,0,0,0
14.677948054000808,1779567905.845146,7634,62544,4,12582912,-81,0,0,0
14.677948054000808,1779567905.845146,7634,62545,5,12582912,-63,0,0,0
14.677948054000808,1779567905.845146,7634,62546,6,12582912,-30,0,0,0
14.677948054000808,1779567905.845146,7634,62547,7,12582912,-30,0,0,0
14.69969661399955,1779567905.8668942,7635,62548,0,12582912,-55,0,0,0
14.69969661399955,1779567905.8668942,7635,62549,1,12582912,-62,0,0,0
14.69969661399955,1779567905.8668942,7635,62550,2,12582912,-41,0,0,0
14.69969661399955,1779567905.8668942,7635,62551,3,12582912,-21,0,0,0
14.69969661399955,1779567905.8668942,7635,62552,4,12582912,-33,0,0,0
14.69969661399955,1779567905.8668942,7635,62553,5,12582912,-61,0,0,0
14.69969661399955,1779567905.8668942,7635,62554,6,12582912,-70,0,0,0
14.69969661399955,1779567905.8668942,7635,62555,7,12582912,-47,0,0,0
14.742671705000248,1779567905.9098692,7636,62556,0,12582912,-15,0,0,0
14.742671705000248,1779567905.9098692,7636,62557,1,12582912,-4,0,0,0
14.742671705000248,1779567905.9098692,7636,62558,2,12582912,-15,0,0,0
14.742671705000248,1779567905.9098692,7636,62559,3,12582912,-24,0,0,0
14.742671705000248,1779567905.9098692,7636,62560,4,12582912,-13,0,0,0
14.742671705000248,1779567905.9098692,7636,62561,5,12582912,7,0,0,0
14.742671705000248,1779567905.9098692,7636,62562,6,12582912,15,0,0,0
14.742671705000248,1779567905.9098692,7636,62563,7,12582912,9,0,0,0
14.764447867999479,1779567905.9316459,7637,62564,0,12582912,6,0,0,0
14.764447867999479,1779567905.9316459,7637,62565,1,12582912,19,0,0,0
14.764447867999479,1779567905.9316459,7637,62566,2,12582912,38,0,0,0
14.764447867999479,1779567905.9316459,7637,62567,3,12582912,46,0,0,0
14.764447867999479,1779567905.9316459,7637,62568,4,12582912,42,0,0,0
14.764447867999479,1779567905.9316459,7637,62569,5,12582912,34,0,0,0
14.764447867999479,1779567905.9316459,7637,62570,6,12582912,33,0,0,0
14.764447867999479,1779567905.9316459,7637,62571,7,12582912,43,0,0,0
14.799717330999556,1779567905.966915,7638,62572,0,12582912,53,0,0,0
14.799717330999556,1779567905.966915,7638,62573,1,12582912,61,0,0,0
14.799717330999556,1779567905.966915,7638,62574,2,12582912,65,0,0,0
14.799717330999556,1779567905.966915,7638,62575,3,12582912,72,0,0,0
14.799717330999556,1779567905.966915,7638,62576,4,12582912,78,0,0,0
14.799717330999556,1779567905.966915,7638,62577,5,12582912,71,0,0,0
14.799717330999556,1779567905.966915,7638,62578,6,12582912,55,0,0,0
14.799717330999556,1779567905.966915,7638,62579,7,12582912,48,0,0,0
14.822007709999525,1779567905.9892056,7639,62580,0,12582912,54,0,0,0
14.822007709999525,1779567905.9892056,7639,62581,1,12582912,64,0,0,0
14.822007709999525,1779567905.9892056,7639,62582,2,12582912,69,0,0,0
14.822007709999525,1779567905.9892056,7639,62583,3,12582912,67,0,0,0
14.822007709999525,1779567905.9892056,7639,62584,4,12582912,58,0,0,0
14.822007709999525,1779567905.9892056,7639,62585,5,12582912,51,0,0,0
14.822007709999525,1779567905.9892056,7639,62586,6,12582912,50,0,0,0
14.822007709999525,1779567905.9892056,7639,62587,7,12582912,53,0,0,0
14.85881289200006,1779567906.026011,7640,62588,0,12582912,61,0,0,0
14.85881289200006,1779567906.026011,7640,62589,1,12582912,64,0,0,0
14.85881289200006,1779567906.026011,7640,62590,2,12582912,61,0,0,0
14.85881289200006,1779567906.026011,7640,62591,3,12582912,63,0,0,0
14.85881289200006,1779567906.026011,7640,62592,4,12582912,68,0,0,0
14.85881289200006,1779567906.026011,7640,62593,5,12582912,62,0,0,0
14.85881289200006,1779567906.026011,7640,62594,6,12582912,41,0,0,0
14.85881289200006,1779567906.026011,7640,62595,7,12582912,18,0,0,0
14.901666891000787,1779567906.0688648,7641,62596,0,12582912,15,0,0,0
14.901666891000787,1779567906.0688648,7641,62597,1,12582912,24,0,0,0
14.901666891000787,1779567906.0688648,7641,62598,2,12582912,15,0,0,0
14.901666891000787,1779567906.0688648,7641,62599,3,12582912,5,0,0,0
14.901666891000787,1779567906.0688648,7641,62600,4,12582912,11,0,0,0
14.901666891000787,1779567906.0688648,7641,62601,5,12582912,10,0,0,0
14.901666891000787,1779567906.0688648,7641,62602,6,12582912,-8,0,0,0
14.901666891000787,1779567906.0688648,7641,62603,7,12582912,-28,0,0,0
14.954289524999695,1779567906.1214874,7642,62604,0,12582912,-33,0,0,0
14.954289524999695,1779567906.1214874,7642,62605,1,12582912,-25,0,0,0
14.954289524999695,1779567906.1214874,7642,62606,2,12582912,-17,0,0,0
14.954289524999695,1779567906.1214874,7642,62607,3,12582912,-13,0,0,0
14.954289524999695,1779567906.1214874,7642,62608,4,12582912,-11,0,0,0
14.954289524999695,1779567906.1214874,7642,62609,5,12582912,-15,0,0,0
14.954289524999695,1779567906.1214874,7642,62610,6,12582912,-17,0,0,0
14.954289524999695,1779567906.1214874,7642,62611,7,12582912,-16,0,0,0
14.978268902999844,1779567906.145467,7643,62612,0,12582912,-30,0,0,0
14.978268902999844,1779567906.145467,7643,62613,1,12582912,-53,0,0,0
14.978268902999844,1779567906.145467,7643,62614,2,12582912,-58,0,0,0
14.978268902999844,1779567906.145467,7643,62615,3,12582912,-48,0,0,0
14.978268902999844,1779567906.145467,7643,62616,4,12582912,-38,0,0,0
14.978268902999844,1779567906.145467,7643,62617,5,12582912,-15,0,0,0
14.978268902999844,1779567906.145467,7643,62618,6,12582912,21,0,0,0
14.978268902999844,1779567906.145467,7643,62619,7,12582912,27,0,0,0
15.000081264999608,1779567906.1672785,7644,62620,0,12582912,-13,0,0,0
15.000081264999608,1779567906.1672785,7644,62621,1,12582912,-56,0,0,0
15.000081264999608,1779567906.1672785,7644,62622,2,12582912,-64,0,0,0
15.000081264999608,1779567906.1672785,7644,62623,3,12582912,-44,0,0,0
15.000081264999608,1779567906.1672785,7644,62624,4,12582912,-26,0,0,0
15.000081264999608,1779567906.1672785,7644,62625,5,12582912,-4,0,0,0
15.000081264999608,1779567906.1672785,7644,62626,6,12582912,27,0,0,0
15.000081264999608,1779567906.1672785,7644,62627,7,12582912,35,0,0,0
15.02177180400031,1779567906.1889694,7645,62628,0,12582912,18,0,0,0
15.02177180400031,1779567906.1889694,7645,62629,1,12582912,11,0,0,0
15.02177180400031,1779567906.1889694,7645,62630,2,12582912,23,0,0,0
15.02177180400031,1779567906.1889694,7645,62631,3,12582912,43,0,0,0
15.02177180400031,1779567906.1889694,7645,62632,4,12582912,68,0,0,0
15.02177180400031,1779567906.1889694,7645,62633,5,12582912,75,0,0,0
15.02177180400031,1779567906.1889694,7645,62634,6,12582912,49,0,0,0
15.02177180400031,1779567906.1889694,7645,62635,7,12582912,19,0,0,0
15.073526266000044,1779567906.2407243,7646,62636,0,12582912,13,0,0,0
15.073526266000044,1779567906.2407243,7646,62637,1,12582912,26,0,0,0
15.073526266000044,1779567906.2407243,7646,62638,2,12582912,53,0,0,0
15.073526266000044,1779567906.2407243,7646,62639,3,12582912,89,0,0,0
15.073526266000044,1779567906.2407243,7646,62640,4,12582912,102,0,0,0
15.073526266000044,1779567906.2407243,7646,62641,5,12582912,83,0,0,0
15.073526266000044,1779567906.2407243,7646,62642,6,12582912,60,0,0,0
15.073526266000044,1779567906.2407243,7646,62643,7,12582912,46,0,0,0
15.09535071100072,1779567906.2625475,7647,62644,0,12582912,38,0,0,0
15.09535071100072,1779567906.2625475,7647,62645,1,12582912,51,0,0,0
15.09535071100072,1779567906.2625475,7647,62646,2,12582912,79,0,0,0
15.09535071100072,1779567906.2625475,7647,62647,3,12582912,83,0,0,0
15.09535071100072,1779567906.2625475,7647,62648,4,12582912,63,0,0,0
15.09535071100072,1779567906.2625475,7647,62649,5,12582912,46,0,0,0
15.09535071100072,1779567906.2625475,7647,62650,6,12582912,42,0,0,0
15.09535071100072,1779567906.2625475,7647,62651,7,12582912,44,0,0,0
15.116815522000252,1779567906.2840133,7648,62652,0,12582912,51,0,0,0
15.116815522000252,1779567906.2840133,7648,62653,1,12582912,58,0,0,0
15.116815522000252,1779567906.2840133,7648,62654,2,12582912,57,0,0,0
15.116815522000252,1779567906.2840133,7648,62655,3,12582912,61,0,0,0
15.116815522000252,1779567906.2840133,7648,62656,4,12582912,69,0,0,0
15.116815522000252,1779567906.2840133,7648,62657,5,12582912,64,0,0,0
15.116815522000252,1779567906.2840133,7648,62658,6,12582912,49,0,0,0
15.116815522000252,1779567906.2840133,7648,62659,7,12582912,39,0,0,0
15.159624312000233,1779567906.3268218,7649,62660,0,12582912,35,0,0,0
15.159624312000233,1779567906.3268218,7649,62661,1,12582912,40,0,0,0
15.159624312000233,1779567906.3268218,7649,62662,2,12582912,49,0,0,0
15.159624312000233,1779567906.3268218,7649,62663,3,12582912,54,0,0,0
15.159624312000233,1779567906.3268218,7649,62664,4,12582912,53,0,0,0
15.159624312000233,1779567906.3268218,7649,62665,5,12582912,53,0,0,0
15.159624312000233,1779567906.3268218,7649,62666,6,12582912,60,0,0,0
15.159624312000233,1779567906.3268218,7649,62667,7,12582912,62,0,0,0
15.181303133000256,1779567906.348501,7650,62668,0,12582912,49,0,0,0
15.181303133000256,1779567906.348501,7650,62669,1,12582912,23,0,0,0
15.181303133000256,1779567906.348501,7650,62670,2,12582912,6,0,0,0
15.181303133000256,1779567906.348501,7650,62671,3,12582912,15,0,0,0
15.181303133000256,1779567906.348501,7650,62672,4,12582912,43,0,0,0
15.181303133000256,1779567906.348501,7650,62673,5,12582912,60,0,0,0
15.181303133000256,1779567906.348501,7650,62674,6,12582912,49,0,0,0
15.181303133000256,1779567906.348501,7650,62675,7,12582912,22,0,0,0
15.224208900999656,1779567906.3914063,7651,62676,0,12582912,3,0,0,0
15.224208900999656,1779567906.3914063,7651,62677,1,12582912,0,0,0,0
15.224208900999656,1779567906.3914063,7651,62678,2,12582912,5,0,0,0
15.224208900999656,1779567906.3914063,7651,62679,3,12582912,17,0,0,0
15.224208900999656,1779567906.3914063,7651,62680,4,12582912,32,0,0,0
15.224208900999656,1779567906.3914063,7651,62681,5,12582912,40,0,0,0
15.224208900999656,1779567906.3914063,7651,62682,6,12582912,40,0,0,0
15.224208900999656,1779567906.3914063,7651,62683,7,12582912,40,0,0,0
15.245898659000886,1779567906.4130964,7652,62684,0,12582912,35,0,0,0
15.245898659000886,1779567906.4130964,7652,62685,1,12582912,30,0,0,0
15.245898659000886,1779567906.4130964,7652,62686,2,12582912,27,0,0,0
15.245898659000886,1779567906.4130964,7652,62687,3,12582912,22,0,0,0
15.245898659000886,1779567906.4130964,7652,62688,4,12582912,17,0,0,0
15.245898659000886,1779567906.4130964,7652,62689,5,12582912,18,0,0,0
15.245898659000886,1779567906.4130964,7652,62690,6,12582912,21,0,0,0
15.245898659000886,1779567906.4130964,7652,62691,7,12582912,23,0,0,0
15.282974674000798,1779567906.4501724,7653,62692,0,12582912,21,0,0,0
15.282974674000798,1779567906.4501724,7653,62693,1,12582912,12,0,0,0
15.282974674000798,1779567906.4501724,7653,62694,2,12582912,-1,0,0,0
15.282974674000798,1779567906.4501724,7653,62695,3,12582912,-7,0,0,0
15.282974674000798,1779567906.4501724,7653,62696,4,12582912,2,0,0,0
15.282974674000798,1779567906.4501724,7653,62697,5,12582912,18,0,0,0
15.282974674000798,1779567906.4501724,7653,62698,6,12582912,29,0,0,0
15.282974674000798,1779567906.4501724,7653,62699,7,12582912,33,0,0,0
15.349827946000005,1779567906.5170252,7654,62700,0,12582912,36,0,0,0
15.349827946000005,1779567906.5170252,7654,62701,1,12582912,34,0,0,0
15.349827946000005,1779567906.5170252,7654,62702,2,12582912,27,0,0,0
15.349827946000005,1779567906.5170252,7654,62703,3,12582912,21,0,0,0
15.349827946000005,1779567906.5170252,7654,62704,4,12582912,10,0,0,0
15.349827946000005,1779567906.5170252,7654,62705,5,12582912,4,0,0,0
15.349827946000005,1779567906.5170252,7654,62706,6,12582912,12,0,0,0
15.349827946000005,1779567906.5170252,7654,62707,7,12582912,26,0,0,0
15.371767077000186,1779567906.538965,7655,62708,0,12582912,35,0,0,0
15.371767077000186,1779567906.538965,7655,62709,1,12582912,37,0,0,0
15.371767077000186,1779567906.538965,7655,62710,2,12582912,36,0,0,0
15.371767077000186,1779567906.538965,7655,62711,3,12582912,32,0,0,0
15.371767077000186,1779567906.538965,7655,62712,4,12582912,24,0,0,0
15.371767077000186,1779567906.538965,7655,62713,5,12582912,15,0,0,0
15.371767077000186,1779567906.538965,7655,62714,6,12582912,11,0,0,0
15.371767077000186,1779567906.538965,7655,62715,7,12582912,17,0,0,0
15.372092179999527,1779567906.5392885,7656,62716,0,12582912,28,0,0,0
15.372092179999527,1779567906.5392885,7656,62717,1,12582912,33,0,0,0
15.372092179999527,1779567906.5392885,7656,62718,2,12582912,31,0,0,0
15.372092179999527,1779567906.5392885,7656,62719,3,12582912,25,0,0,0
15.372092179999527,1779567906.5392885,7656,62720,4,12582912,15,0,0,0
15.372092179999527,1779567906.5392885,7656,62721,5,12582912,12,0,0,0
15.372092179999527,1779567906.5392885,7656,62722,6,12582912,17,0,0,0
15.372092179999527,1779567906.5392885,7656,62723,7,12582912,24,0,0,0
15.41486169900054,1779567906.5820591,7657,62724,0,12582912,21,0,0,0
15.41486169900054,1779567906.5820591,7657,62725,1,12582912,16,0,0,0
15.41486169900054,1779567906.5820591,7657,62726,2,12582912,17,0,0,0
15.41486169900054,1779567906.5820591,7657,62727,3,12582912,20,0,0,0
15.41486169900054,1779567906.5820591,7657,62728,4,12582912,20,0,0,0
15.41486169900054,1779567906.5820591,7657,62729,5,12582912,15,0,0,0
15.41486169900054,1779567906.5820591,7657,62730,6,12582912,13,0,0,0
15.41486169900054,1779567906.5820591,7657,62731,7,12582912,17,0,0,0
15.436603853000634,1779567906.6038015,7658,62732,0,12582912,21,0,0,0
15.436603853000634,1779567906.6038015,7658,62733,1,12582912,24,0,0,0
15.436603853000634,1779567906.6038015,7658,62734,2,12582912,28,0,0,0
15.436603853000634,1779567906.6038015,7658,62735,3,12582912,32,0,0,0
15.436603853000634,1779567906.6038015,7658,62736,4,12582912,36,0,0,0
15.436603853000634,1779567906.6038015,7658,62737,5,12582912,33,0,0,0
15.436603853000634,1779567906.6038015,7658,62738,6,12582912,21,0,0,0
15.436603853000634,1779567906.6038015,7658,62739,7,12582912,9,0,0,0
15.496848365000915,1779567906.6640456,7659,62740,0,12582912,3,0,0,0
15.496848365000915,1779567906.6640456,7659,62741,1,12582912,10,0,0,0
15.496848365000915,1779567906.6640456,7659,62742,2,12582912,19,0,0,0
15.496848365000915,1779567906.6640456,7659,62743,3,12582912,26,0,0,0
15.496848365000915,1779567906.6640456,7659,62744,4,12582912,30,0,0,0
15.496848365000915,1779567906.6640456,7659,62745,5,12582912,28,0,0,0
15.496848365000915,1779567906.6640456,7659,62746,6,12582912,21,0,0,0
15.496848365000915,1779567906.6640456,7659,62747,7,12582912,15,0,0,0
15.4969908639996,1779567906.6641865,7660,62748,0,12582912,12,0,0,0
15.4969908639996,1779567906.6641865,7660,62749,1,12582912,12,0,0,0
15.4969908639996,1779567906.6641865,7660,62750,2,12582912,16,0,0,0
15.4969908639996,1779567906.6641865,7660,62751,3,12582912,27,0,0,0
15.4969908639996,1779567906.6641865,7660,62752,4,12582912,31,0,0,0
15.4969908639996,1779567906.6641865,7660,62753,5,12582912,24,0,0,0
15.4969908639996,1779567906.6641865,7660,62754,6,12582912,9,0,0,0
15.4969908639996,1779567906.6641865,7660,62755,7,12582912,-3,0,0,0
15.538403049000408,1779567906.7056,7661,62756,0,12582912,-1,0,0,0
15.538403049000408,1779567906.7056,7661,62757,1,12582912,11,0,0,0
15.538403049000408,1779567906.7056,7661,62758,2,12582912,24,0,0,0
15.538403049000408,1779567906.7056,7661,62759,3,12582912,29,0,0,0
15.538403049000408,1779567906.7056,7661,62760,4,12582912,22,0,0,0
15.538403049000408,1779567906.7056,7661,62761,5,12582912,15,0,0,0
15.538403049000408,1779567906.7056,7661,62762,6,12582912,15,0,0,0
15.538403049000408,1779567906.7056,7661,62763,7,12582912,22,0,0,0
15.567708123000557,1779567906.734905,7662,62764,0,12582912,26,0,0,0
15.567708123000557,1779567906.734905,7662,62765,1,12582912,22,0,0,0
15.567708123000557,1779567906.734905,7662,62766,2,12582912,13,0,0,0
15.567708123000557,1779567906.734905,7662,62767,3,12582912,12,0,0,0
15.567708123000557,1779567906.734905,7662,62768,4,12582912,22,0,0,0
15.567708123000557,1779567906.734905,7662,62769,5,12582912,27,0,0,0
15.567708123000557,1779567906.734905,7662,62770,6,12582912,20,0,0,0
15.567708123000557,1779567906.734905,7662,62771,7,12582912,15,0,0,0
15.589156788000764,1779567906.7563543,7663,62772,0,12582912,20,0,0,0
15.589156788000764,1779567906.7563543,7663,62773,1,12582912,23,0,0,0
15.589156788000764,1779567906.7563543,7663,62774,2,12582912,16,0,0,0
15.589156788000764,1779567906.7563543,7663,62775,3,12582912,7,0,0,0
15.589156788000764,1779567906.7563543,7663,62776,4,12582912,7,0,0,0
15.589156788000764,1779567906.7563543,7663,62777,5,12582912,16,0,0,0
15.589156788000764,1779567906.7563543,7663,62778,6,12582912,29,0,0,0
15.589156788000764,1779567906.7563543,7663,62779,7,12582912,37,0,0,0
15.631699486999423,1779567906.7988966,7664,62780,0,12582912,30,0,0,0
15.631699486999423,1779567906.7988966,7664,62781,1,12582912,15,0,0,0
15.631699486999423,1779567906.7988966,7664,62782,2,12582912,5,0,0,0
15.631699486999423,1779567906.7988966,7664,62783,3,12582912,3,0,0,0
15.631699486999423,1779567906.7988966,7664,62784,4,12582912,5,0,0,0
15.631699486999423,1779567906.7988966,7664,62785,5,12582912,9,0,0,0
15.631699486999423,1779567906.7988966,7664,62786,6,12582912,14,0,0,0
15.631699486999423,1779567906.7988966,7664,62787,7,12582912,12,0,0,0
15.653282057999604,1779567906.82048,7665,62788,0,12582912,-2,0,0,0
15.653282057999604,1779567906.82048,7665,62789,1,12582912,-14,0,0,0
15.653282057999604,1779567906.82048,7665,62790,2,12582912,-10,0,0,0
15.653282057999604,1779567906.82048,7665,62791,3,12582912,2,0,0,0
15.653282057999604,1779567906.82048,7665,62792,4,12582912,10,0,0,0
15.653282057999604,1779567906.82048,7665,62793,5,12582912,7,0,0,0
15.653282057999604,1779567906.82048,7665,62794,6,12582912,-6,0,0,0
15.653282057999604,1779567906.82048,7665,62795,7,12582912,-20,0,0,0
15.739430624000306,1779567906.9066284,7666,62796,0,12582912,-26,0,0,0
15.739430624000306,1779567906.9066284,7666,62797,1,12582912,-24,0,0,0
15.739430624000306,1779567906.9066284,7666,62798,2,12582912,-23,0,0,0
15.739430624000306,1779567906.9066284,7666,62799,3,12582912,-32,0,0,0
15.739430624000306,1779567906.9066284,7666,62800,4,12582912,-51,0,0,0
15.739430624000306,1779567906.9066284,7666,62801,5,12582912,-61,0,0,0
15.739430624000306,1779567906.9066284,7666,62802,6,12582912,-61,0,0,0
15.739430624000306,1779567906.9066284,7666,62803,7,12582912,-67,0,0,0
15.739754893000281,1779567906.9069512,7667,62804,0,12582912,-73,0,0,0
15.739754893000281,1779567906.9069512,7667,62805,1,12582912,-75,0,0,0
15.739754893000281,1779567906.9069512,7667,62806,2,12582912,-86,0,0,0
15.739754893000281,1779567906.9069512,7667,62807,3,12582912,-99,0,0,0
15.739754893000281,1779567906.9069512,7667,62808,4,12582912,-97,0,0,0
15.739754893000281,1779567906.9069512,7667,62809,5,12582912,-89,0,0,0
15.739754893000281,1779567906.9069512,7667,62810,6,12582912,-90,0,0,0
15.739754893000281,1779567906.9069512,7667,62811,7,12582912,-92,0,0,0
15.762833860999308,1779567906.9300306,7668,62812,0,12582912,-83,0,0,0
15.762833860999308,1779567906.9300306,7668,62813,1,12582912,-80,0,0,0
15.762833860999308,1779567906.9300306,7668,62814,2,12582912,-94,0,0,0
15.762833860999308,1779567906.9300306,7668,62815,3,12582912,-117,0,0,0
15.762833860999308,1779567906.9300306,7668,62816,4,12582912,-136,0,0,0
15.762833860999308,1779567906.9300306,7668,62817,5,12582912,-137,0,0,0
15.762833860999308,1779567906.9300306,7668,62818,6,12582912,-120,0,0,0
15.762833860999308,1779567906.9300306,7668,62819,7,12582912,-100,0,0,0
15.784439244000168,1779567906.9516373,7669,62820,0,12582912,-82,0,0,0
15.784439244000168,1779567906.9516373,7669,62821,1,12582912,-66,0,0,0
15.784439244000168,1779567906.9516373,7669,62822,2,12582912,-62,0,0,0
15.784439244000168,1779567906.9516373,7669,62823,3,12582912,-76,0,0,0
15.784439244000168,1779567906.9516373,7669,62824,4,12582912,-88,0,0,0
15.784439244000168,1779567906.9516373,7669,62825,5,12582912,-84,0,0,0
15.784439244000168,1779567906.9516373,7669,62826,6,12582912,-64,0,0,0
15.784439244000168,1779567906.9516373,7669,62827,7,12582912,-39,0,0,0
15.81920522099972,1779567906.9864032,7670,62828,0,12582912,-25,0,0,0
15.81920522099972,1779567906.9864032,7670,62829,1,12582912,-30,0,0,0
15.81920522099972,1779567906.9864032,7670,62830,2,12582912,-41,0,0,0
15.81920522099972,1779567906.9864032,7670,62831,3,12582912,-44,0,0,0
15.81920522099972,1779567906.9864032,7670,62832,4,12582912,-38,0,0,0
15.81920522099972,1779567906.9864032,7670,62833,5,12582912,-26,0,0,0
15.81920522099972,1779567906.9864032,7670,62834,6,12582912,-16,0,0,0
15.81920522099972,1779567906.9864032,7670,62835,7,12582912,-13,0,0,0
15.862055364999833,1779567907.029253,7671,62836,0,12582912,-6,0,0,0
15.862055364999833,1779567907.029253,7671,62837,1,12582912,4,0,0,0
15.862055364999833,1779567907.029253,7671,62838,2,12582912,-2,0,0,0
15.862055364999833,1779567907.029253,7671,62839,3,12582912,-16,0,0,0
15.862055364999833,1779567907.029253,7671,62840,4,12582912,-5,0,0,0
15.862055364999833,1779567907.029253,7671,62841,5,12582912,20,0,0,0
15.862055364999833,1779567907.029253,7671,62842,6,12582912,27,0,0,0
15.862055364999833,1779567907.029253,7671,62843,7,12582912,21,0,0,0
15.88379970599999,1779567907.0509977,7672,62844,0,12582912,15,0,0,0
15.88379970599999,1779567907.0509977,7672,62845,1,12582912,14,0,0,0
15.88379970599999,1779567907.0509977,7672,62846,2,12582912,18,0,0,0
15.88379970599999,1779567907.0509977,7672,62847,3,12582912,28,0,0,0
15.88379970599999,1779567907.0509977,7672,62848,4,12582912,39,0,0,0
15.88379970599999,1779567907.0509977,7672,62849,5,12582912,38,0,0,0
15.88379970599999,1779567907.0509977,7672,62850,6,12582912,23,0,0,0
15.88379970599999,1779567907.0509977,7672,62851,7,12582912,7,0,0,0
15.920066923999912,1779567907.0872648,7673,62852,0,12582912,6,0,0,0
15.920066923999912,1779567907.0872648,7673,62853,1,12582912,18,0,0,0
15.920066923999912,1779567907.0872648,7673,62854,2,12582912,34,0,0,0
15.920066923999912,1779567907.0872648,7673,62855,3,12582912,49,0,0,0
15.920066923999912,1779567907.0872648,7673,62856,4,12582912,61,0,0,0
15.920066923999912,1779567907.0872648,7673,62857,5,12582912,55,0,0,0
15.920066923999912,1779567907.0872648,7673,62858,6,12582912,32,0,0,0
15.920066923999912,1779567907.0872648,7673,62859,7,12582912,12,0,0,0
15.941739702000632,1779567907.1089375,7674,62860,0,12582912,6,0,0,0
15.941739702000632,1779567907.1089375,7674,62861,1,12582912,13,0,0,0
15.941739702000632,1779567907.1089375,7674,62862,2,12582912,26,0,0,0
15.941739702000632,1779567907.1089375,7674,62863,3,12582912,39,0,0,0
15.941739702000632,1779567907.1089375,7674,62864,4,12582912,43,0,0,0
15.941739702000632,1779567907.1089375,7674,62865,5,12582912,40,0,0,0
15.941739702000632,1779567907.1089375,7674,62866,6,12582912,39,0,0,0
15.941739702000632,1779567907.1089375,7674,62867,7,12582912,40,0,0,0
15.990339601999949,1779567907.157537,7675,62868,0,12582912,38,0,0,0
15.990339601999949,1779567907.157537,7675,62869,1,12582912,38,0,0,0
15.990339601999949,1779567907.157537,7675,62870,2,12582912,42,0,0,0
15.990339601999949,1779567907.157537,7675,62871,3,12582912,39,0,0,0
15.990339601999949,1779567907.157537,7675,62872,4,12582912,22,0,0,0
15.990339601999949,1779567907.157537,7675,62873,5,12582912,11,0,0,0
15.990339601999949,1779567907.157537,7675,62874,6,12582912,13,0,0,0
15.990339601999949,1779567907.157537,7675,62875,7,12582912,22,0,0,0
16.012109568000596,1779567907.1793075,7676,62876,0,12582912,32,0,0,0
16.012109568000596,1779567907.1793075,7676,62877,1,12582912,38,0,0,0
16.012109568000596,1779567907.1793075,7676,62878,2,12582912,32,0,0,0
16.012109568000596,1779567907.1793075,7676,62879,3,12582912,20,0,0,0
16.012109568000596,1779567907.1793075,7676,62880,4,12582912,14,0,0,0
16.012109568000596,1779567907.1793075,7676,62881,5,12582912,23,0,0,0
16.012109568000596,1779567907.1793075,7676,62882,6,12582912,40,0,0,0
16.012109568000596,1779567907.1793075,7676,62883,7,12582912,48,0,0,0
16.0555576250008,1779567907.2227557,7677,62884,0,12582912,41,0,0,0
16.0555576250008,1779567907.2227557,7677,62885,1,12582912,25,0,0,0
16.0555576250008,1779567907.2227557,7677,62886,2,12582912,12,0,0,0
16.0555576250008,1779567907.2227557,7677,62887,3,12582912,9,0,0,0
16.0555576250008,1779567907.2227557,7677,62888,4,12582912,13,0,0,0
16.0555576250008,1779567907.2227557,7677,62889,5,12582912,16,0,0,0
16.0555576250008,1779567907.2227557,7677,62890,6,12582912,16,0,0,0
16.0555576250008,1779567907.2227557,7677,62891,7,12582912,23,0,0,0
16.091325314000642,1779567907.2585225,7678,62892,0,12582912,36,0,0,0
16.091325314000642,1779567907.2585225,7678,62893,1,12582912,43,0,0,0
16.091325314000642,1779567907.2585225,7678,62894,2,12582912,37,0,0,0
16.091325314000642,1779567907.2585225,7678,62895,3,12582912,28,0,0,0
16.091325314000642,1779567907.2585225,7678,62896,4,12582912,28,0,0,0
16.091325314000642,1779567907.2585225,7678,62897,5,12582912,34,0,0,0
16.091325314000642,1779567907.2585225,7678,62898,6,12582912,36,0,0,0
16.091325314000642,1779567907.2585225,7678,62899,7,12582912,31,0,0,0
16.1327822380008,1779567907.299979,7679,62900,0,12582912,22,0,0,0
16.1327822380008,1779567907.299979,7679,62901,1,12582912,19,0,0,0
16.1327822380008,1779567907.299979,7679,62902,2,12582912,21,0,0,0
16.1327822380008,1779567907.299979,7679,62903,3,12582912,21,0,0,0
16.1327822380008,1779567907.299979,7679,62904,4,12582912,19,0,0,0
16.1327822380008,1779567907.299979,7679,62905,5,12582912,23,0,0,0
16.1327822380008,1779567907.299979,7679,62906,6,12582912,38,0,0,0
16.1327822380008,1779567907.299979,7679,62907,7,12582912,48,0,0,0
16.15425194599993,1779567907.3214495,7680,62908,0,12582912,40,0,0,0
16.15425194599993,1779567907.3214495,7680,62909,1,12582912,23,0,0,0
16.15425194599993,1779567907.3214495,7680,62910,2,12582912,12,0,0,0
16.15425194599993,1779567907.3214495,7680,62911,3,12582912,12,0,0,0
16.15425194599993,1779567907.3214495,7680,62912,4,12582912,18,0,0,0
16.15425194599993,1779567907.3214495,7680,62913,5,12582912,28,0,0,0
16.15425194599993,1779567907.3214495,7680,62914,6,12582912,35,0,0,0
16.15425194599993,1779567907.3214495,7680,62915,7,12582912,35,0,0,0
16.175770141999237,1779567907.3429675,7681,62916,0,12582912,34,0,0,0
16.175770141999237,1779567907.3429675,7681,62917,1,12582912,36,0,0,0
16.175770141999237,1779567907.3429675,7681,62918,2,12582912,33,0,0,0
16.175770141999237,1779567907.3429675,7681,62919,3,12582912,22,0,0,0
16.175770141999237,1779567907.3429675,7681,62920,4,12582912,15,0,0,0
16.175770141999237,1779567907.3429675,7681,62921,5,12582912,17,0,0,0
16.175770141999237,1779567907.3429675,7681,62922,6,12582912,26,0,0,0
16.175770141999237,1779567907.3429675,7681,62923,7,12582912,33,0,0,0
16.19716646500092,1779567907.3643634,7682,62924,0,12582912,37,0,0,0
16.19716646500092,1779567907.3643634,7682,62925,1,12582912,38,0,0,0
16.19716646500092,1779567907.3643634,7682,62926,2,12582912,41,0,0,0
16.19716646500092,1779567907.3643634,7682,62927,3,12582912,36,0,0,0
16.19716646500092,1779567907.3643634,7682,62928,4,12582912,25,0,0,0
16.19716646500092,1779567907.3643634,7682,62929,5,12582912,18,0,0,0
16.19716646500092,1779567907.3643634,7682,62930,6,12582912,14,0,0,0
16.19716646500092,1779567907.3643634,7682,62931,7,12582912,15,0,0,0
16.237662196999736,1779567907.4048593,7683,62932,0,12582912,22,0,0,0
16.237662196999736,1779567907.4048593,7683,62933,1,12582912,31,0,0,0
16.237662196999736,1779567907.4048593,7683,62934,2,12582912,30,0,0,0
16.237662196999736,1779567907.4048593,7683,62935,3,12582912,15,0,0,0
16.237662196999736,1779567907.4048593,7683,62936,4,12582912,-3,0,0,0
16.237662196999736,1779567907.4048593,7683,62937,5,12582912,-4,0,0,0
16.237662196999736,1779567907.4048593,7683,62938,6,12582912,10,0,0,0
16.237662196999736,1779567907.4048593,7683,62939,7,12582912,19,0,0,0
16.276534033000644,1779567907.4437306,7684,62940,0,12582912,4,0,0,0
16.276534033000644,1779567907.4437306,7684,62941,1,12582912,-16,0,0,0
16.276534033000644,1779567907.4437306,7684,62942,2,12582912,-11,0,0,0
16.276534033000644,1779567907.4437306,7684,62943,3,12582912,6,0,0,0
16.276534033000644,1779567907.4437306,7684,62944,4,12582912,9,0,0,0
16.276534033000644,1779567907.4437306,7684,62945,5,12582912,-1,0,0,0
16.276534033000644,1779567907.4437306,7684,62946,6,12582912,-14,0,0,0
16.276534033000644,1779567907.4437306,7684,62947,7,12582912,-31,0,0,0
16.297832700000072,1779567907.4650297,7685,62948,0,12582912,-46,0,0,0
16.297832700000072,1779567907.4650297,7685,62949,1,12582912,-42,0,0,0
16.297832700000072,1779567907.4650297,7685,62950,2,12582912,-27,0,0,0
16.297832700000072,1779567907.4650297,7685,62951,3,12582912,-11,0,0,0
16.297832700000072,1779567907.4650297,7685,62952,4,12582912,2,0,0,0
16.297832700000072,1779567907.4650297,7685,62953,5,12582912,13,0,0,0
16.297832700000072,1779567907.4650297,7685,62954,6,12582912,8,0,0,0
16.297832700000072,1779567907.4650297,7685,62955,7,12582912,-19,0,0,0
16.339476966000802,1779567907.5066745,7686,62956,0,12582912,-41,0,0,0
16.339476966000802,1779567907.5066745,7686,62957,1,12582912,-49,0,0,0
16.339476966000802,1779567907.5066745,7686,62958,2,12582912,-50,0,0,0
16.339476966000802,1779567907.5066745,7686,62959,3,12582912,-46,0,0,0
16.339476966000802,1779567907.5066745,7686,62960,4,12582912,-34,0,0,0
16.339476966000802,1779567907.5066745,7686,62961,5,12582912,-13,0,0,0
16.339476966000802,1779567907.5066745,7686,62962,6,12582912,1,0,0,0
16.339476966000802,1779567907.5066745,7686,62963,7,12582912,-3,0,0,0
16.361184641000364,1779567907.528382,7687,62964,0,12582912,-13,0,0,0
16.361184641000364,1779567907.528382,7687,62965,1,12582912,-20,0,0,0
16.361184641000364,1779567907.528382,7687,62966,2,12582912,-17,0,0,0
16.361184641000364,1779567907.528382,7687,62967,3,12582912,-8,0,0,0
16.361184641000364,1779567907.528382,7687,62968,4,12582912,4,0,0,0
16.361184641000364,1779567907.528382,7687,62969,5,12582912,15,0,0,0
16.361184641000364,1779567907.528382,7687,62970,6,12582912,19,0,0,0
16.361184641000364,1779567907.528382,7687,62971,7,12582912,17,0,0,0
16.40416801399988,1779567907.571366,7688,62972,0,12582912,14,0,0,0
16.40416801399988,1779567907.571366,7688,62973,1,12582912,13,0,0,0
16.40416801399988,1779567907.571366,7688,62974,2,12582912,13,0,0,0
16.40416801399988,1779567907.571366,7688,62975,3,12582912,19,0,0,0
16.40416801399988,1779567907.571366,7688,62976,4,12582912,32,0,0,0
16.40416801399988,1779567907.571366,7688,62977,5,12582912,40,0,0,0
16.40416801399988,1779567907.571366,7688,62978,6,12582912,34,0,0,0
16.40416801399988,1779567907.571366,7688,62979,7,12582912,21,0,0,0
16.425885532000393,1779567907.593083,7689,62980,0,12582912,15,0,0,0
16.425885532000393,1779567907.593083,7689,62981,1,12582912,18,0,0,0
16.425885532000393,1779567907.593083,7689,62982,2,12582912,25,0,0,0
16.425885532000393,1779567907.593083,7689,62983,3,12582912,33,0,0,0
16.425885532000393,1779567907.593083,7689,62984,4,12582912,38,0,0,0
16.425885532000393,1779567907.593083,7689,62985,5,12582912,39,0,0,0
16.425885532000393,1779567907.593083,7689,62986,6,12582912,39,0,0,0
16.425885532000393,1779567907.593083,7689,62987,7,12582912,39,0,0,0
16.468596770999284,1779567907.6357937,7690,62988,0,12582912,37,0,0,0
16.468596770999284,1779567907.6357937,7690,62989,1,12582912,30,0,0,0
16.468596770999284,1779567907.6357937,7690,62990,2,12582912,21,0,0,0
16.468596770999284,1779567907.6357937,7690,62991,3,12582912,20,0,0,0
16.468596770999284,1779567907.6357937,7690,62992,4,12582912,26,0,0,0
16.468596770999284,1779567907.6357937,7690,62993,5,12582912,31,0,0,0
16.468596770999284,1779567907.6357937,7690,62994,6,12582912,29,0,0,0
16.468596770999284,1779567907.6357937,7690,62995,7,12582912,29,0,0,0
16.494831448000696,1779567907.662029,7691,62996,0,12582912,36,0,0,0
16.494831448000696,1779567907.662029,7691,62997,1,12582912,43,0,0,0
16.494831448000696,1779567907.662029,7691,62998,2,12582912,44,0,0,0
16.494831448000696,1779567907.662029,7691,62999,3,12582912,39,0,0,0
16.494831448000696,1779567907.662029,7691,63000,4,12582912,33,0,0,0
16.494831448000696,1779567907.662029,7691,63001,5,12582912,-9,0,0,0
16.494831448000696,1779567907.662029,7691,63002,6,12582912,-84,0,0,0
16.494831448000696,1779567907.662029,7691,63003,7,12582912,-64,0,0,0
16.525263597999583,1779567907.6924603,7692,63004,0,12582912,71,0,0,0
16.525263597999583,1779567907.6924603,7692,63005,1,12582912,146,0,0,0
16.525263597999583,1779567907.6924603,7692,63006,2,12582912,69,0,0,0
16.525263597999583,1779567907.6924603,7692,63007,3,12582912,-43,0,0,0
16.525263597999583,1779567907.6924603,7692,63008,4,12582912,-33,0,0,0
16.525263597999583,1779567907.6924603,7692,63009,5,12582912,76,0,0,0
16.525263597999583,1779567907.6924603,7692,63010,6,12582912,134,0,0,0
16.525263597999583,1779567907.6924603,7692,63011,7,12582912,69,0,0,0
16.580082677000973,1779567907.7472796,7693,63012,0,12582912,-23,0,0,0
16.580082677000973,1779567907.7472796,7693,63013,1,12582912,-21,0,0,0
16.580082677000973,1779567907.7472796,7693,63014,2,12582912,57,0,0,0
16.580082677000973,1779567907.7472796,7693,63015,3,12582912,98,0,0,0
16.580082677000973,1779567907.7472796,7693,63016,4,12582912,52,0,0,0
16.580082677000973,1779567907.7472796,7693,63017,5,12582912,-16,0,0,0
16.580082677000973,1779567907.7472796,7693,63018,6,12582912,-18,0,0,0
16.580082677000973,1779567907.7472796,7693,63019,7,12582912,43,0,0,0
16.60939853200034,1779567907.7765954,7694,63020,0,12582912,85,0,0,0
16.60939853200034,1779567907.7765954,7694,63021,1,12582912,56,0,0,0
16.60939853200034,1779567907.7765954,7694,63022,2,12582912,4,0,0,0
16.60939853200034,1779567907.7765954,7694,63023,3,12582912,2,0,0,0
16.60939853200034,1779567907.7765954,7694,63024,4,12582912,49,0,0,0
16.60939853200034,1779567907.7765954,7694,63025,5,12582912,81,0,0,0
16.60939853200034,1779567907.7765954,7694,63026,6,12582912,61,0,0,0
16.60939853200034,1779567907.7765954,7694,63027,7,12582912,19,0,0,0
16.63083459399968,1779567907.7980316,7695,63028,0,12582912,10,0,0,0
16.63083459399968,1779567907.7980316,7695,63029,1,12582912,37,0,0,0
16.63083459399968,1779567907.7980316,7695,63030,2,12582912,57,0,0,0
16.63083459399968,1779567907.7980316,7695,63031,3,12582912,37,0,0,0
16.63083459399968,1779567907.7980316,7695,63032,4,12582912,4,0,0,0
16.63083459399968,1779567907.7980316,7695,63033,5,12582912,6,0,0,0
16.63083459399968,1779567907.7980316,7695,63034,6,12582912,40,0,0,0
16.63083459399968,1779567907.7980316,7695,63035,7,12582912,62,0,0,0
16.65495496100084,1779567907.8221521,7696,63036,0,12582912,49,0,0,0
16.65495496100084,1779567907.8221521,7696,63037,1,12582912,26,0,0,0
16.65495496100084,1779567907.8221521,7696,63038,2,12582912,24,0,0,0
16.65495496100084,1779567907.8221521,7696,63039,3,12582912,38,0,0,0
16.65495496100084,1779567907.8221521,7696,63040,4,12582912,47,0,0,0
16.65495496100084,1779567907.8221521,7696,63041,5,12582912,38,0,0,0
16.65495496100084,1779567907.8221521,7696,63042,6,12582912,16,0,0,0
16.65495496100084,1779567907.8221521,7696,63043,7,12582912,9,0,0,0
16.697767710000335,1779567907.8649652,7697,63044,0,12582912,27,0,0,0
16.697767710000335,1779567907.8649652,7697,63045,1,12582912,43,0,0,0
16.697767710000335,1779567907.8649652,7697,63046,2,12582912,41,0,0,0
16.697767710000335,1779567907.8649652,7697,63047,3,12582912,30,0,0,0
16.697767710000335,1779567907.8649652,7697,63048,4,12582912,32,0,0,0
16.697767710000335,1779567907.8649652,7697,63049,5,12582912,44,0,0,0
16.697767710000335,1779567907.8649652,7697,63050,6,12582912,48,0,0,0
16.697767710000335,1779567907.8649652,7697,63051,7,12582912,34,0,0,0
16.719526894999944,1779567907.886725,7698,63052,0,12582912,20,0,0,0
16.719526894999944,1779567907.886725,7698,63053,1,12582912,21,0,0,0
16.719526894999944,1779567907.886725,7698,63054,2,12582912,32,0,0,0
16.719526894999944,1779567907.886725,7698,63055,3,12582912,37,0,0,0
16.719526894999944,1779567907.886725,7698,63056,4,12582912,30,0,0,0
16.719526894999944,1779567907.886725,7698,63057,5,12582912,18,0,0,0
16.719526894999944,1779567907.886725,7698,63058,6,12582912,15,0,0,0
16.719526894999944,1779567907.886725,7698,63059,7,12582912,22,0,0,0
16.778487822000898,1779567907.9456854,7699,63060,0,12582912,30,0,0,0
16.778487822000898,1779567907.9456854,7699,63061,1,12582912,31,0,0,0
16.778487822000898,1779567907.9456854,7699,63062,2,12582912,27,0,0,0
16.778487822000898,1779567907.9456854,7699,63063,3,12582912,24,0,0,0
16.778487822000898,1779567907.9456854,7699,63064,4,12582912,26,0,0,0
16.778487822000898,1779567907.9456854,7699,63065,5,12582912,31,0,0,0
16.778487822000898,1779567907.9456854,7699,63066,6,12582912,34,0,0,0
16.778487822000898,1779567907.9456854,7699,63067,7,12582912,35,0,0,0
16.778798966000977,1779567907.945995,7700,63068,0,12582912,34,0,0,0
16.778798966000977,1779567907.945995,7700,63069,1,12582912,31,0,0,0
16.778798966000977,1779567907.945995,7700,63070,2,12582912,27,0,0,0
16.778798966000977,1779567907.945995,7700,63071,3,12582912,26,0,0,0
16.778798966000977,1779567907.945995,7700,63072,4,12582912,24,0,0,0
16.778798966000977,1779567907.945995,7700,63073,5,12582912,20,0,0,0
16.778798966000977,1779567907.945995,7700,63074,6,12582912,14,0,0,0
16.778798966000977,1779567907.945995,7700,63075,7,12582912,13,0,0,0
16.82167478700103,1779567907.9888723,7701,63076,0,12582912,15,0,0,0
16.82167478700103,1779567907.9888723,7701,63077,1,12582912,20,0,0,0
16.82167478700103,1779567907.9888723,7701,63078,2,12582912,27,0,0,0
16.82167478700103,1779567907.9888723,7701,63079,3,12582912,32,0,0,0
16.82167478700103,1779567907.9888723,7701,63080,4,12582912,35,0,0,0
16.82167478700103,1779567907.9888723,7701,63081,5,12582912,32,0,0,0
16.82167478700103,1779567907.9888723,7701,63082,6,12582912,26,0,0,0
16.82167478700103,1779567907.9888723,7701,63083,7,12582912,24,0,0,0
16.856919510999433,1779567908.0241172,7702,63084,0,12582912,21,0,0,0
16.856919510999433,1779567908.0241172,7702,63085,1,12582912,15,0,0,0
16.856919510999433,1779567908.0241172,7702,63086,2,12582912,9,0,0,0
16.856919510999433,1779567908.0241172,7702,63087,3,12582912,6,0,0,0
16.856919510999433,1779567908.0241172,7702,63088,4,12582912,7,0,0,0
16.856919510999433,1779567908.0241172,7702,63089,5,12582912,13,0,0,0
16.856919510999433,1779567908.0241172,7702,63090,6,12582912,27,0,0,0
16.856919510999433,1779567908.0241172,7702,63091,7,12582912,38,0,0,0
16.87857463399996,1779567908.0457723,7703,63092,0,12582912,31,0,0,0
16.87857463399996,1779567908.0457723,7703,63093,1,12582912,15,0,0,0
16.87857463399996,1779567908.0457723,7703,63094,2,12582912,6,0,0,0
16.87857463399996,1779567908.0457723,7703,63095,3,12582912,8,0,0,0
16.87857463399996,1779567908.0457723,7703,63096,4,12582912,11,0,0,0
16.87857463399996,1779567908.0457723,7703,63097,5,12582912,12,0,0,0
16.87857463399996,1779567908.0457723,7703,63098,6,12582912,12,0,0,0
16.87857463399996,1779567908.0457723,7703,63099,7,12582912,12,0,0,0
16.96763031900082,1779567908.1348283,7704,63100,0,12582912,11,0,0,0
16.96763031900082,1779567908.1348283,7704,63101,1,12582912,13,0,0,0
16.96763031900082,1779567908.1348283,7704,63102,2,12582912,20,0,0,0
16.96763031900082,1779567908.1348283,7704,63103,3,12582912,27,0,0,0
16.96763031900082,1779567908.1348283,7704,63104,4,12582912,27,0,0,0
16.96763031900082,1779567908.1348283,7704,63105,5,12582912,23,0,0,0
16.96763031900082,1779567908.1348283,7704,63106,6,12582912,21,0,0,0
16.96763031900082,1779567908.1348283,7704,63107,7,12582912,21,0,0,0
16.967941306000284,1779567908.1351376,7705,63108,0,12582912,22,0,0,0
16.967941306000284,1779567908.1351376,7705,63109,1,12582912,19,0,0,0
16.967941306000284,1779567908.1351376,7705,63110,2,12582912,18,0,0,0
16.967941306000284,1779567908.1351376,7705,63111,3,12582912,21,0,0,0
16.967941306000284,1779567908.1351376,7705,63112,4,12582912,25,0,0,0
16.967941306000284,1779567908.1351376,7705,63113,5,12582912,25,0,0,0
16.967941306000284,1779567908.1351376,7705,63114,6,12582912,20,0,0,0
16.967941306000284,1779567908.1351376,7705,63115,7,12582912,15,0,0,0
17.00748574300087,1779567908.1746833,7706,63116,0,12582912,15,0,0,0
17.00748574300087,1779567908.1746833,7706,63117,1,12582912,21,0,0,0
17.00748574300087,1779567908.1746833,7706,63118,2,12582912,24,0,0,0
17.00748574300087,1779567908.1746833,7706,63119,3,12582912,20,0,0,0
17.00748574300087,1779567908.1746833,7706,63120,4,12582912,16,0,0,0
17.00748574300087,1779567908.1746833,7706,63121,5,12582912,19,0,0,0
17.00748574300087,1779567908.1746833,7706,63122,6,12582912,20,0,0,0
17.00748574300087,1779567908.1746833,7706,63123,7,12582912,16,0,0,0
17.01396132700029,1779567908.1811604,7707,63124,0,12582912,16,0,0,0
17.01396132700029,1779567908.1811604,7707,63125,1,12582912,21,0,0,0
17.01396132700029,1779567908.1811604,7707,63126,2,12582912,25,0,0,0
17.01396132700029,1779567908.1811604,7707,63127,3,12582912,28,0,0,0
17.01396132700029,1779567908.1811604,7707,63128,4,12582912,27,0,0,0
17.01396132700029,1779567908.1811604,7707,63129,5,12582912,21,0,0,0
17.01396132700029,1779567908.1811604,7707,63130,6,12582912,16,0,0,0
17.01396132700029,1779567908.1811604,7707,63131,7,12582912,17,0,0,0
17.035753531999944,1779567908.2029512,7708,63132,0,12582912,23,0,0,0
17.035753531999944,1779567908.2029512,7708,63133,1,12582912,26,0,0,0
17.035753531999944,1779567908.2029512,7708,63134,2,12582912,26,0,0,0
17.035753531999944,1779567908.2029512,7708,63135,3,12582912,28,0,0,0
17.035753531999944,1779567908.2029512,7708,63136,4,12582912,32,0,0,0
17.035753531999944,1779567908.2029512,7708,63137,5,12582912,33,0,0,0
17.035753531999944,1779567908.2029512,7708,63138,6,12582912,29,0,0,0
17.035753531999944,1779567908.2029512,7708,63139,7,12582912,20,0,0,0
17.07856008300041,1779567908.245758,7709,63140,0,12582912,17,0,0,0
17.07856008300041,1779567908.245758,7709,63141,1,12582912,16,0,0,0
17.07856008300041,1779567908.245758,7709,63142,2,12582912,14,0,0,0
17.07856008300041,1779567908.245758,7709,63143,3,12582912,14,0,0,0
17.07856008300041,1779567908.245758,7709,63144,4,12582912,21,0,0,0
17.07856008300041,1779567908.245758,7709,63145,5,12582912,34,0,0,0
17.07856008300041,1779567908.245758,7709,63146,6,12582912,44,0,0,0
17.07856008300041,1779567908.245758,7709,63147,7,12582912,41,0,0,0
17.113782723999975,1779567908.2809806,7710,63148,0,12582912,29,0,0,0
17.113782723999975,1779567908.2809806,7710,63149,1,12582912,19,0,0,0
17.113782723999975,1779567908.2809806,7710,63150,2,12582912,19,0,0,0
17.113782723999975,1779567908.2809806,7710,63151,3,12582912,27,0,0,0
17.113782723999975,1779567908.2809806,7710,63152,4,12582912,33,0,0,0
17.113782723999975,1779567908.2809806,7710,63153,5,12582912,32,0,0,0
17.113782723999975,1779567908.2809806,7710,63154,6,12582912,25,0,0,0
17.113782723999975,1779567908.2809806,7710,63155,7,12582912,26,0,0,0
17.135542325000642,1779567908.3027399,7711,63156,0,12582912,34,0,0,0
17.135542325000642,1779567908.3027399,7711,63157,1,12582912,37,0,0,0
17.135542325000642,1779567908.3027399,7711,63158,2,12582912,32,0,0,0
17.135542325000642,1779567908.3027399,7711,63159,3,12582912,26,0,0,0
17.135542325000642,1779567908.3027399,7711,63160,4,12582912,21,0,0,0
17.135542325000642,1779567908.3027399,7711,63161,5,12582912,20,0,0,0
17.135542325000642,1779567908.3027399,7711,63162,6,12582912,19,0,0,0
17.135542325000642,1779567908.3027399,7711,63163,7,12582912,16,0,0,0
17.17833356399933,1779567908.345531,7712,63164,0,12582912,15,0,0,0
17.17833356399933,1779567908.345531,7712,63165,1,12582912,19,0,0,0
17.17833356399933,1779567908.345531,7712,63166,2,12582912,21,0,0,0
17.17833356399933,1779567908.345531,7712,63167,3,12582912,21,0,0,0
17.17833356399933,1779567908.345531,7712,63168,4,12582912,23,0,0,0
17.17833356399933,1779567908.345531,7712,63169,5,12582912,20,0,0,0
17.17833356399933,1779567908.345531,7712,63170,6,12582912,7,0,0,0
17.17833356399933,1779567908.345531,7712,63171,7,12582912,-9,0,0,0
17.215875408999636,1779567908.3830733,7713,63172,0,12582912,-16,0,0,0
17.215875408999636,1779567908.3830733,7713,63173,1,12582912,-10,0,0,0
17.215875408999636,1779567908.3830733,7713,63174,2,12582912,-5,0,0,0
17.215875408999636,1779567908.3830733,7713,63175,3,12582912,-10,0,0,0
17.215875408999636,1779567908.3830733,7713,63176,4,12582912,-12,0,0,0
17.215875408999636,1779567908.3830733,7713,63177,5,12582912,-5,0,0,0
17.215875408999636,1779567908.3830733,7713,63178,6,12582912,-10,0,0,0
17.215875408999636,1779567908.3830733,7713,63179,7,12582912,-21,0,0,0
17.23752844900082,1779567908.4047265,7714,63180,0,12582912,-15,0,0,0
17.23752844900082,1779567908.4047265,7714,63181,1,12582912,0,0,0,0
17.23752844900082,1779567908.4047265,7714,63182,2,12582912,9,0,0,0
17.23752844900082,1779567908.4047265,7714,63183,3,12582912,11,0,0,0
17.23752844900082,1779567908.4047265,7714,63184,4,12582912,13,0,0,0
17.23752844900082,1779567908.4047265,7714,63185,5,12582912,15,0,0,0
17.23752844900082,1779567908.4047265,7714,63186,6,12582912,10,0,0,0
17.23752844900082,1779567908.4047265,7714,63187,7,12582912,-1,0,0,0
17.25928023800043,1779567908.426478,7715,63188,0,12582912,-21,0,0,0
17.25928023800043,1779567908.426478,7715,63189,1,12582912,-35,0,0,0
17.25928023800043,1779567908.426478,7715,63190,2,12582912,-10,0,0,0
17.25928023800043,1779567908.426478,7715,63191,3,12582912,30,0,0,0
17.25928023800043,1779567908.426478,7715,63192,4,12582912,32,0,0,0
17.25928023800043,1779567908.426478,7715,63193,5,12582912,7,0,0,0
17.25928023800043,1779567908.426478,7715,63194,6,12582912,-5,0,0,0
17.25928023800043,1779567908.426478,7715,63195,7,12582912,2,0,0,0
17.302079548999245,1779567908.4692771,7716,63196,0,12582912,-1,0,0,0
17.302079548999245,1779567908.4692771,7716,63197,1,12582912,-16,0,0,0
17.302079548999245,1779567908.4692771,7716,63198,2,12582912,-27,0,0,0
17.302079548999245,1779567908.4692771,7716,63199,3,12582912,-30,0,0,0
17.302079548999245,1779567908.4692771,7716,63200,4,12582912,-30,0,0,0
17.302079548999245,1779567908.4692771,7716,63201,5,12582912,-24,0,0,0
17.302079548999245,1779567908.4692771,7716,63202,6,12582912,-4,0,0,0
17.302079548999245,1779567908.4692771,7716,63203,7,12582912,2,0,0,0
17.345322191000378,1779567908.5125198,7717,63204,0,12582912,-35,0,0,0
17.345322191000378,1779567908.5125198,7717,63205,1,12582912,-76,0,0,0
17.345322191000378,1779567908.5125198,7717,63206,2,12582912,-82,0,0,0
17.345322191000378,1779567908.5125198,7717,63207,3,12582912,-73,0,0,0
17.345322191000378,1779567908.5125198,7717,63208,4,12582912,-71,0,0,0
17.345322191000378,1779567908.5125198,7717,63209,5,12582912,-73,0,0,0
17.345322191000378,1779567908.5125198,7717,63210,6,12582912,-74,0,0,0
17.345322191000378,1779567908.5125198,7717,63211,7,12582912,-79,0,0,0
17.398039199999403,1779567908.5652366,7718,63212,0,12582912,-81,0,0,0
17.398039199999403,1779567908.5652366,7718,63213,1,12582912,-74,0,0,0
17.398039199999403,1779567908.5652366,7718,63214,2,12582912,-80,0,0,0
17.398039199999403,1779567908.5652366,7718,63215,3,12582912,-98,0,0,0
17.398039199999403,1779567908.5652366,7718,63216,4,12582912,-107,0,0,0
17.398039199999403,1779567908.5652366,7718,63217,5,12582912,-98,0,0,0
17.398039199999403,1779567908.5652366,7718,63218,6,12582912,-83,0,0,0
17.398039199999403,1779567908.5652366,7718,63219,7,12582912,-78,0,0,0
17.398343312999714,1779567908.5655394,7719,63220,0,12582912,-76,0,0,0
17.398343312999714,1779567908.5655394,7719,63221,1,12582912,-64,0,0,0
17.398343312999714,1779567908.5655394,7719,63222,2,12582912,-63,0,0,0
17.398343312999714,1779567908.5655394,7719,63223,3,12582912,-82,0,0,0
17.398343312999714,1779567908.5655394,7719,63224,4,12582912,-100,0,0,0
17.398343312999714,1779567908.5655394,7719,63225,5,12582912,-107,0,0,0
17.398343312999714,1779567908.5655394,7719,63226,6,12582912,-99,0,0,0
17.398343312999714,1779567908.5655394,7719,63227,7,12582912,-84,0,0,0
17.43579271099952,1779567908.6029904,7720,63228,0,12582912,-68,0,0,0
17.43579271099952,1779567908.6029904,7720,63229,1,12582912,-60,0,0,0
17.43579271099952,1779567908.6029904,7720,63230,2,12582912,-67,0,0,0
17.43579271099952,1779567908.6029904,7720,63231,3,12582912,-68,0,0,0
17.43579271099952,1779567908.6029904,7720,63232,4,12582912,-54,0,0,0
17.43579271099952,1779567908.6029904,7720,63233,5,12582912,-33,0,0,0
17.43579271099952,1779567908.6029904,7720,63234,6,12582912,-35,0,0,0
17.43579271099952,1779567908.6029904,7720,63235,7,12582912,-65,0,0,0
17.457461427000453,1779567908.6246593,7721,63236,0,12582912,-90,0,0,0
17.457461427000453,1779567908.6246593,7721,63237,1,12582912,-80,0,0,0
17.457461427000453,1779567908.6246593,7721,63238,2,12582912,-48,0,0,0
17.457461427000453,1779567908.6246593,7721,63239,3,12582912,-37,0,0,0
17.457461427000453,1779567908.6246593,7721,63240,4,12582912,-47,0,0,0
17.457461427000453,1779567908.6246593,7721,63241,5,12582912,-36,0,0,0
17.457461427000453,1779567908.6246593,7721,63242,6,12582912,9,0,0,0
17.457461427000453,1779567908.6246593,7721,63243,7,12582912,49,0,0,0
17.479170403999888,1779567908.646369,7722,63244,0,12582912,42,0,0,0
17.479170403999888,1779567908.646369,7722,63245,1,12582912,12,0,0,0
17.479170403999888,1779567908.646369,7722,63246,2,12582912,-19,0,0,0
17.479170403999888,1779567908.646369,7722,63247,3,12582912,-57,0,0,0
17.479170403999888,1779567908.646369,7722,63248,4,12582912,-46,0,0,0
17.479170403999888,1779567908.646369,7722,63249,5,12582912,39,0,0,0
17.479170403999888,1779567908.646369,7722,63250,6,12582912,78,0,0,0
17.479170403999888,1779567908.646369,7722,63251,7,12582912,20,0,0,0
17.521962684000755,1779567908.6891603,7723,63252,0,12582912,-35,0,0,0
17.521962684000755,1779567908.6891603,7723,63253,1,12582912,-55,0,0,0
17.521962684000755,1779567908.6891603,7723,63254,2,12582912,-81,0,0,0
17.521962684000755,1779567908.6891603,7723,63255,3,12582912,-81,0,0,0
17.521962684000755,1779567908.6891603,7723,63256,4,12582912,-29,0,0,0
17.521962684000755,1779567908.6891603,7723,63257,5,12582912,14,0,0,0
17.521962684000755,1779567908.6891603,7723,63258,6,12582912,-10,0,0,0
17.521962684000755,1779567908.6891603,7723,63259,7,12582912,-62,0,0,0
17.59986312699948,1779567908.7670608,7724,63260,0,12582912,-110,0,0,0
17.59986312699948,1779567908.7670608,7724,63261,1,12582912,-168,0,0,0
17.59986312699948,1779567908.7670608,7724,63262,2,12582912,-230,0,0,0
17.59986312699948,1779567908.7670608,7724,63263,3,12582912,-295,0,0,0
17.59986312699948,1779567908.7670608,7724,63264,4,12582912,-361,0,0,0
17.59986312699948,1779567908.7670608,7724,63265,5,12582912,-407,0,0,0
17.59986312699948,1779567908.7670608,7724,63266,6,12582912,-445,0,0,0
17.59986312699948,1779567908.7670608,7724,63267,7,12582912,-502,0,0,0
17.600170104000426,1779567908.7673664,7725,63268,0,12582912,-589,0,0,0
17.600170104000426,1779567908.7673664,7725,63269,1,12582912,-700,0,0,0
17.600170104000426,1779567908.7673664,7725,63270,2,12582912,-790,0,0,0
17.600170104000426,1779567908.7673664,7725,63271,3,12582912,-841,0,0,0
17.600170104000426,1779567908.7673664,7725,63272,4,12582912,-884,0,0,0
17.600170104000426,1779567908.7673664,7725,63273,5,12582912,-938,0,0,0
17.600170104000426,1779567908.7673664,7725,63274,6,12582912,-993,0,0,0
17.600170104000426,1779567908.7673664,7725,63275,7,12582912,-1023,0,0,0
17.652161596999576,1779567908.8193593,7726,63276,0,12582912,-1022,0,0,0
17.652161596999576,1779567908.8193593,7726,63277,1,12582912,-1004,0,0,0
17.652161596999576,1779567908.8193593,7726,63278,2,12582912,-985,0,0,0
17.652161596999576,1779567908.8193593,7726,63279,3,12582912,-980,0,0,0
17.652161596999576,1779567908.8193593,7726,63280,4,12582912,-980,0,0,0
17.652161596999576,1779567908.8193593,7726,63281,5,12582912,-972,0,0,0
17.652161596999576,1779567908.8193593,7726,63282,6,12582912,-954,0,0,0
17.652161596999576,1779567908.8193593,7726,63283,7,12582912,-933,0,0,0
17.652469564000057,1779567908.8196657,7727,63284,0,12582912,-909,0,0,0
17.652469564000057,1779567908.8196657,7727,63285,1,12582912,-883,0,0,0
17.652469564000057,1779567908.8196657,7727,63286,2,12582912,-859,0,0,0
17.652469564000057,1779567908.8196657,7727,63287,3,12582912,-837,0,0,0
17.652469564000057,1779567908.8196657,7727,63288,4,12582912,-820,0,0,0
17.652469564000057,1779567908.8196657,7727,63289,5,12582912,-803,0,0,0
17.652469564000057,1779567908.8196657,7727,63290,6,12582912,-785,0,0,0
17.652469564000057,1779567908.8196657,7727,63291,7,12582912,-763,0,0,0
17.67408525999963,1779567908.841283,7728,63292,0,12582912,-737,0,0,0
17.67408525999963,1779567908.841283,7728,63293,1,12582912,-721,0,0,0
17.67408525999963,1779567908.841283,7728,63294,2,12582912,-714,0,0,0
17.67408525999963,1779567908.841283,7728,63295,3,12582912,-697,0,0,0
17.67408525999963,1779567908.841283,7728,63296,4,12582912,-667,0,0,0
17.67408525999963,1779567908.841283,7728,63297,5,12582912,-641,0,0,0
17.67408525999963,1779567908.841283,7728,63298,6,12582912,-627,0,0,0
17.67408525999963,1779567908.841283,7728,63299,7,12582912,-621,0,0,0
17.716968164999344,1779567908.884165,7729,63300,0,12582912,-608,0,0,0
17.716968164999344,1779567908.884165,7729,63301,1,12582912,-579,0,0,0
17.716968164999344,1779567908.884165,7729,63302,2,12582912,-549,0,0,0
17.716968164999344,1779567908.884165,7729,63303,3,12582912,-535,0,0,0
17.716968164999344,1779567908.884165,7729,63304,4,12582912,-531,0,0,0
17.716968164999344,1779567908.884165,7729,63305,5,12582912,-522,0,0,0
17.716968164999344,1779567908.884165,7729,63306,6,12582912,-507,0,0,0
17.716968164999344,1779567908.884165,7729,63307,7,12582912,-490,0,0,0
17.77143271500063,1779567908.9386294,7730,63308,0,12582912,-472,0,0,0
17.77143271500063,1779567908.9386294,7730,63309,1,12582912,-454,0,0,0
17.77143271500063,1779567908.9386294,7730,63310,2,12582912,-438,0,0,0
17.77143271500063,1779567908.9386294,7730,63311,3,12582912,-428,0,0,0
17.77143271500063,1779567908.9386294,7730,63312,4,12582912,-428,0,0,0
17.77143271500063,1779567908.9386294,7730,63313,5,12582912,-428,0,0,0
17.77143271500063,1779567908.9386294,7730,63314,6,12582912,-417,0,0,0
17.77143271500063,1779567908.9386294,7730,63315,7,12582912,-394,0,0,0
17.793026067000028,1779567908.9602234,7731,63316,0,12582912,-369,0,0,0
17.793026067000028,1779567908.9602234,7731,63317,1,12582912,-354,0,0,0
17.793026067000028,1779567908.9602234,7731,63318,2,12582912,-348,0,0,0
17.793026067000028,1779567908.9602234,7731,63319,3,12582912,-344,0,0,0
17.793026067000028,1779567908.9602234,7731,63320,4,12582912,-337,0,0,0
17.793026067000028,1779567908.9602234,7731,63321,5,12582912,-326,0,0,0
17.793026067000028,1779567908.9602234,7731,63322,6,12582912,-313,0,0,0
17.793026067000028,1779567908.9602234,7731,63323,7,12582912,-303,0,0,0
17.814708429999882,1779567908.9819064,7732,63324,0,12582912,-298,0,0,0
17.814708429999882,1779567908.9819064,7732,63325,1,12582912,-293,0,0,0
17.814708429999882,1779567908.9819064,7732,63326,2,12582912,-281,0,0,0
17.814708429999882,1779567908.9819064,7732,63327,3,12582912,-265,0,0,0
17.814708429999882,1779567908.9819064,7732,63328,4,12582912,-253,0,0,0
17.814708429999882,1779567908.9819064,7732,63329,5,12582912,-244,0,0,0
17.814708429999882,1779567908.9819064,7732,63330,6,12582912,-232,0,0,0
17.814708429999882,1779567908.9819064,7732,63331,7,12582912,-224,0,0,0
17.83645745800095,1779567909.003655,7733,63332,0,12582912,-226,0,0,0
17.83645745800095,1779567909.003655,7733,63333,1,12582912,-231,0,0,0
17.83645745800095,1779567909.003655,7733,63334,2,12582912,-224,0,0,0
17.83645745800095,1779567909.003655,7733,63335,3,12582912,-205,0,0,0
17.83645745800095,1779567909.003655,7733,63336,4,12582912,-191,0,0,0
17.83645745800095,1779567909.003655,7733,63337,5,12582912,-189,0,0,0
17.83645745800095,1779567909.003655,7733,63338,6,12582912,-193,0,0,0
17.83645745800095,1779567909.003655,7733,63339,7,12582912,-191,0,0,0
17.887711925000986,1779567909.0549095,7734,63340,0,12582912,-179,0,0,0
17.887711925000986,1779567909.0549095,7734,63341,1,12582912,-161,0,0,0
17.887711925000986,1779567909.0549095,7734,63342,2,12582912,-148,0,0,0
17.887711925000986,1779567909.0549095,7734,63343,3,12582912,-150,0,0,0
17.887711925000986,1779567909.0549095,7734,63344,4,12582912,-166,0,0,0
17.887711925000986,1779567909.0549095,7734,63345,5,12582912,-178,0,0,0
17.887711925000986,1779567909.0549095,7734,63346,6,12582912,-175,0,0,0
17.887711925000986,1779567909.0549095,7734,63347,7,12582912,-162,0,0,0
17.90934402700077,1779567909.076542,7735,63348,0,12582912,-144,0,0,0
17.90934402700077,1779567909.076542,7735,63349,1,12582912,-126,0,0,0
17.90934402700077,1779567909.076542,7735,63350,2,12582912,-112,0,0,0
17.90934402700077,1779567909.076542,7735,63351,3,12582912,-101,0,0,0
17.90934402700077,1779567909.076542,7735,63352,4,12582912,-96,0,0,0
17.90934402700077,1779567909.076542,7735,63353,5,12582912,-101,0,0,0
17.90934402700077,1779567909.076542,7735,63354,6,12582912,-109,0,0,0
17.90934402700077,1779567909.076542,7735,63355,7,12582912,-107,0,0,0
17.931032431000858,1779567909.0982301,7736,63356,0,12582912,-98,0,0,0
17.931032431000858,1779567909.0982301,7736,63357,1,12582912,-95,0,0,0
17.931032431000858,1779567909.0982301,7736,63358,2,12582912,-96,0,0,0
17.931032431000858,1779567909.0982301,7736,63359,3,12582912,-89,0,0,0
17.931032431000858,1779567909.0982301,7736,63360,4,12582912,-71,0,0,0
17.931032431000858,1779567909.0982301,7736,63361,5,12582912,-56,0,0,0
17.931032431000858,1779567909.0982301,7736,63362,6,12582912,-50,0,0,0
17.931032431000858,1779567909.0982301,7736,63363,7,12582912,-49,0,0,0
17.973805493000327,1779567909.141003,7737,63364,0,12582912,-54,0,0,0
17.973805493000327,1779567909.141003,7737,63365,1,12582912,-65,0,0,0
17.973805493000327,1779567909.141003,7737,63366,2,12582912,-73,0,0,0
17.973805493000327,1779567909.141003,7737,63367,3,12582912,-73,0,0,0
17.973805493000327,1779567909.141003,7737,63368,4,12582912,-68,0,0,0
17.973805493000327,1779567909.141003,7737,63369,5,12582912,-64,0,0,0
17.973805493000327,1779567909.141003,7737,63370,6,12582912,-63,0,0,0
17.973805493000327,1779567909.141003,7737,63371,7,12582912,-58,0,0,0
17.995498116000817,1779567909.1626956,7738,63372,0,12582912,-43,0,0,0
17.995498116000817,1779567909.1626956,7738,63373,1,12582912,-24,0,0,0
17.995498116000817,1779567909.1626956,7738,63374,2,12582912,-15,0,0,0
17.995498116000817,1779567909.1626956,7738,63375,3,12582912,-19,0,0,0
17.995498116000817,1779567909.1626956,7738,63376,4,12582912,-28,0,0,0
17.995498116000817,1779567909.1626956,7738,63377,5,12582912,-34,0,0,0
17.995498116000817,1779567909.1626956,7738,63378,6,12582912,-42,0,0,0
17.995498116000817,1779567909.1626956,7738,63379,7,12582912,-45,0,0,0
18.038424041000326,1779567909.2056215,7739,63380,0,12582912,-35,0,0,0
18.038424041000326,1779567909.2056215,7739,63381,1,12582912,-28,0,0,0
18.038424041000326,1779567909.2056215,7739,63382,2,12582912,-32,0,0,0
18.038424041000326,1779567909.2056215,7739,63383,3,12582912,-36,0,0,0
18.038424041000326,1779567909.2056215,7739,63384,4,12582912,-30,0,0,0
18.038424041000326,1779567909.2056215,7739,63385,5,12582912,-9,0,0,0
18.038424041000326,1779567909.2056215,7739,63386,6,12582912,5,0,0,0
18.038424041000326,1779567909.2056215,7739,63387,7,12582912,-8,0,0,0
18.066594332000022,1779567909.2337918,7740,63388,0,12582912,-28,0,0,0
18.066594332000022,1779567909.2337918,7740,63389,1,12582912,-40,0,0,0
18.066594332000022,1779567909.2337918,7740,63390,2,12582912,-43,0,0,0
18.066594332000022,1779567909.2337918,7740,63391,3,12582912,-34,0,0,0
18.066594332000022,1779567909.2337918,7740,63392,4,12582912,-12,0,0,0
18.066594332000022,1779567909.2337918,7740,63393,5,12582912,10,0,0,0
18.066594332000022,1779567909.2337918,7740,63394,6,12582912,14,0,0,0
18.066594332000022,1779567909.2337918,7740,63395,7,12582912,3,0,0,0
18.10367841900006,1779567909.2708762,7741,63396,0,12582912,6,0,0,0
18.10367841900006,1779567909.2708762,7741,63397,1,12582912,15,0,0,0
18.10367841900006,1779567909.2708762,7741,63398,2,12582912,-7,0,0,0
18.10367841900006,1779567909.2708762,7741,63399,3,12582912,-29,0,0,0
18.10367841900006,1779567909.2708762,7741,63400,4,12582912,-7,0,0,0
18.10367841900006,1779567909.2708762,7741,63401,5,12582912,25,0,0,0
18.10367841900006,1779567909.2708762,7741,63402,6,12582912,31,0,0,0
18.10367841900006,1779567909.2708762,7741,63403,7,12582912,18,0,0,0
18.195610283999486,1779567909.3628078,7742,63404,0,12582912,-13,0,0,0
18.195610283999486,1779567909.3628078,7742,63405,1,12582912,-49,0,0,0
18.195610283999486,1779567909.3628078,7742,63406,2,12582912,-70,0,0,0
18.195610283999486,1779567909.3628078,7742,63407,3,12582912,-60,0,0,0
18.195610283999486,1779567909.3628078,7742,63408,4,12582912,-18,0,0,0
18.195610283999486,1779567909.3628078,7742,63409,5,12582912,15,0,0,0
18.195610283999486,1779567909.3628078,7742,63410,6,12582912,27,0,0,0
18.195610283999486,1779567909.3628078,7742,63411,7,12582912,25,0,0,0
18.195919240000876,1779567909.3631155,7743,63412,0,12582912,-3,0,0,0
18.195919240000876,1779567909.3631155,7743,63413,1,12582912,-29,0,0,0
18.195919240000876,1779567909.3631155,7743,63414,2,12582912,-28,0,0,0
18.195919240000876,1779567909.3631155,7743,63415,3,12582912,-32,0,0,0
18.195919240000876,1779567909.3631155,7743,63416,4,12582912,-47,0,0,0
18.195919240000876,1779567909.3631155,7743,63417,5,12582912,-56,0,0,0
18.195919240000876,1779567909.3631155,7743,63418,6,12582912,-51,0,0,0
18.195919240000876,1779567909.3631155,7743,63419,7,12582912,-45,0,0,0
18.19619543599947,1779567909.3633916,7744,63420,0,12582912,-41,0,0,0
18.19619543599947,1779567909.3633916,7744,63421,1,12582912,-37,0,0,0
18.19619543599947,1779567909.3633916,7744,63422,2,12582912,-31,0,0,0
18.19619543599947,1779567909.3633916,7744,63423,3,12582912,-28,0,0,0
18.19619543599947,1779567909.3633916,7744,63424,4,12582912,-31,0,0,0
18.19619543599947,1779567909.3633916,7744,63425,5,12582912,-48,0,0,0
18.19619543599947,1779567909.3633916,7744,63426,6,12582912,-73,0,0,0
18.19619543599947,1779567909.3633916,7744,63427,7,12582912,-82,0,0,0
18.217861028000698,1779567909.385059,7745,63428,0,12582912,-73,0,0,0
18.217861028000698,1779567909.385059,7745,63429,1,12582912,-67,0,0,0
18.217861028000698,1779567909.385059,7745,63430,2,12582912,-71,0,0,0
18.217861028000698,1779567909.385059,7745,63431,3,12582912,-71,0,0,0
18.217861028000698,1779567909.385059,7745,63432,4,12582912,-66,0,0,0
18.217861028000698,1779567909.385059,7745,63433,5,12582912,-66,0,0,0
18.217861028000698,1779567909.385059,7745,63434,6,12582912,-66,0,0,0
18.217861028000698,1779567909.385059,7745,63435,7,12582912,-56,0,0,0
18.26079476599989,1779567909.4279923,7746,63436,0,12582912,-54,0,0,0
18.26079476599989,1779567909.4279923,7746,63437,1,12582912,-71,0,0,0
18.26079476599989,1779567909.4279923,7746,63438,2,12582912,-89,0,0,0
18.26079476599989,1779567909.4279923,7746,63439,3,12582912,-90,0,0,0
18.26079476599989,1779567909.4279923,7746,63440,4,12582912,-75,0,0,0
18.26079476599989,1779567909.4279923,7746,63441,5,12582912,-53,0,0,0
18.26079476599989,1779567909.4279923,7746,63442,6,12582912,-44,0,0,0
18.26079476599989,1779567909.4279923,7746,63443,7,12582912,-67,0,0,0
18.282496191000973,1779567909.449694,7747,63444,0,12582912,-96,0,0,0
18.282496191000973,1779567909.449694,7747,63445,1,12582912,-90,0,0,0
18.282496191000973,1779567909.449694,7747,63446,2,12582912,-63,0,0,0
18.282496191000973,1779567909.449694,7747,63447,3,12582912,-46,0,0,0
18.282496191000973,1779567909.449694,7747,63448,4,12582912,-36,0,0,0
18.282496191000973,1779567909.449694,7747,63449,5,12582912,-34,0,0,0
18.282496191000973,1779567909.449694,7747,63450,6,12582912,-54,0,0,0
18.282496191000973,1779567909.449694,7747,63451,7,12582912,-81,0,0,0
18.319452518999242,1779567909.4866507,7748,63452,0,12582912,-84,0,0,0
18.319452518999242,1779567909.4866507,7748,63453,1,12582912,-71,0,0,0
18.319452518999242,1779567909.4866507,7748,63454,2,12582912,-65,0,0,0
18.319452518999242,1779567909.4866507,7748,63455,3,12582912,-60,0,0,0
18.319452518999242,1779567909.4866507,7748,63456,4,12582912,-55,0,0,0
18.319452518999242,1779567909.4866507,7748,63457,5,12582912,-54,0,0,0
18.319452518999242,1779567909.4866507,7748,63458,6,12582912,-55,0,0,0
18.319452518999242,1779567909.4866507,7748,63459,7,12582912,-58,0,0,0
18.36231839299944,1779567909.5295157,7749,63460,0,12582912,-58,0,0,0
18.36231839299944,1779567909.5295157,7749,63461,1,12582912,-56,0,0,0
18.36231839299944,1779567909.5295157,7749,63462,2,12582912,-54,0,0,0
18.36231839299944,1779567909.5295157,7749,63463,3,12582912,-52,0,0,0
18.36231839299944,1779567909.5295157,7749,63464,4,12582912,-50,0,0,0
18.36231839299944,1779567909.5295157,7749,63465,5,12582912,-52,0,0,0
18.36231839299944,1779567909.5295157,7749,63466,6,12582912,-59,0,0,0
18.36231839299944,1779567909.5295157,7749,63467,7,12582912,-66,0,0,0
18.398813212999812,1779567909.5660107,7750,63468,0,12582912,-70,0,0,0
18.398813212999812,1779567909.5660107,7750,63469,1,12582912,-74,0,0,0
18.398813212999812,1779567909.5660107,7750,63470,2,12582912,-69,0,0,0
18.398813212999812,1779567909.5660107,7750,63471,3,12582912,-56,0,0,0
18.398813212999812,1779567909.5660107,7750,63472,4,12582912,-47,0,0,0
18.398813212999812,1779567909.5660107,7750,63473,5,12582912,-53,0,0,0
18.398813212999812,1779567909.5660107,7750,63474,6,12582912,-66,0,0,0
18.398813212999812,1779567909.5660107,7750,63475,7,12582912,-67,0,0,0
18.420653803999812,1779567909.5878518,7751,63476,0,12582912,-53,0,0,0
18.420653803999812,1779567909.5878518,7751,63477,1,12582912,-42,0,0,0
18.420653803999812,1779567909.5878518,7751,63478,2,12582912,-45,0,0,0
18.420653803999812,1779567909.5878518,7751,63479,3,12582912,-61,0,0,0
18.420653803999812,1779567909.5878518,7751,63480,4,12582912,-75,0,0,0
18.420653803999812,1779567909.5878518,7751,63481,5,12582912,-69,0,0,0
18.420653803999812,1779567909.5878518,7751,63482,6,12582912,-49,0,0,0
18.420653803999812,1779567909.5878518,7751,63483,7,12582912,-36,0,0,0
18.44234517699988,1779567909.6095428,7752,63484,0,12582912,-39,0,0,0
18.44234517699988,1779567909.6095428,7752,63485,1,12582912,-42,0,0,0
18.44234517699988,1779567909.6095428,7752,63486,2,12582912,-39,0,0,0
18.44234517699988,1779567909.6095428,7752,63487,3,12582912,-37,0,0,0
18.44234517699988,1779567909.6095428,7752,63488,4,12582912,-40,0,0,0
18.44234517699988,1779567909.6095428,7752,63489,5,12582912,-43,0,0,0
18.44234517699988,1779567909.6095428,7752,63490,6,12582912,-41,0,0,0
18.44234517699988,1779567909.6095428,7752,63491,7,12582912,-37,0,0,0
18.545032182000796,1779567909.7122304,7753,63492,0,12582912,-35,0,0,0
18.545032182000796,1779567909.7122304,7753,63493,1,12582912,-34,0,0,0
18.545032182000796,1779567909.7122304,7753,63494,2,12582912,-31,0,0,0
18.545032182000796,1779567909.7122304,7753,63495,3,12582912,-22,0,0,0
18.545032182000796,1779567909.7122304,7753,63496,4,12582912,-9,0,0,0
18.545032182000796,1779567909.7122304,7753,63497,5,12582912,6,0,0,0
18.545032182000796,1779567909.7122304,7753,63498,6,12582912,17,0,0,0
18.545032182000796,1779567909.7122304,7753,63499,7,12582912,12,0,0,0
18.570801862000735,1779567909.7380004,7754,63500,0,12582912,-5,0,0,0
18.570801862000735,1779567909.7380004,7754,63501,1,12582912,13,0,0,0
18.570801862000735,1779567909.7380004,7754,63502,2,12582912,118,0,0,0
18.570801862000735,1779567909.7380004,7754,63503,3,12582912,230,0,0,0
18.570801862000735,1779567909.7380004,7754,63504,4,12582912,164,0,0,0
18.570801862000735,1779567909.7380004,7754,63505,5,12582912,-63,0,0,0
18.570801862000735,1779567909.7380004,7754,63506,6,12582912,-190,0,0,0
18.570801862000735,1779567909.7380004,7754,63507,7,12582912,-70,0,0,0
18.57120185900021,1779567909.7383986,7755,63508,0,12582912,121,0,0,0
18.57120185900021,1779567909.7383986,7755,63509,1,12582912,134,0,0,0
18.57120185900021,1779567909.7383986,7755,63510,2,12582912,-30,0,0,0
18.57120185900021,1779567909.7383986,7755,63511,3,12582912,-136,0,0,0
18.57120185900021,1779567909.7383986,7755,63512,4,12582912,-48,0,0,0
18.57120185900021,1779567909.7383986,7755,63513,5,12582912,102,0,0,0
18.57120185900021,1779567909.7383986,7755,63514,6,12582912,113,0,0,0
18.57120185900021,1779567909.7383986,7755,63515,7,12582912,-8,0,0,0
18.629947789000653,1779567909.797145,7756,63516,0,12582912,-87,0,0,0
18.629947789000653,1779567909.797145,7756,63517,1,12582912,-23,0,0,0
18.629947789000653,1779567909.797145,7756,63518,2,12582912,91,0,0,0
18.629947789000653,1779567909.797145,7756,63519,3,12582912,106,0,0,0
18.629947789000653,1779567909.797145,7756,63520,4,12582912,9,0,0,0
18.629947789000653,1779567909.797145,7756,63521,5,12582912,-71,0,0,0
18.629947789000653,1779567909.797145,7756,63522,6,12582912,-36,0,0,0
18.629947789000653,1779567909.797145,7756,63523,7,12582912,47,0,0,0
18.630102631999762,1779567909.797298,7757,63524,0,12582912,59,0,0,0
18.630102631999762,1779567909.797298,7757,63525,1,12582912,-3,0,0,0
18.630102631999762,1779567909.797298,7757,63526,2,12582912,-41,0,0,0
18.630102631999762,1779567909.797298,7757,63527,3,12582912,4,0,0,0
18.630102631999762,1779567909.797298,7757,63528,4,12582912,75,0,0,0
18.630102631999762,1779567909.797298,7757,63529,5,12582912,79,0,0,0
18.630102631999762,1779567909.797298,7757,63530,6,12582912,17,0,0,0
18.630102631999762,1779567909.797298,7757,63531,7,12582912,-27,0,0,0
18.660225617000833,1779567909.827422,7758,63532,0,12582912,2,0,0,0
18.660225617000833,1779567909.827422,7758,63533,1,12582912,60,0,0,0
18.660225617000833,1779567909.827422,7758,63534,2,12582912,74,0,0,0
18.660225617000833,1779567909.827422,7758,63535,3,12582912,34,0,0,0
18.660225617000833,1779567909.827422,7758,63536,4,12582912,-5,0,0,0
18.660225617000833,1779567909.827422,7758,63537,5,12582912,6,0,0,0
18.660225617000833,1779567909.827422,7758,63538,6,12582912,44,0,0,0
18.660225617000833,1779567909.827422,7758,63539,7,12582912,51,0,0,0
18.68142970200097,1779567909.8486264,7759,63540,0,12582912,23,0,0,0
18.68142970200097,1779567909.8486264,7759,63541,1,12582912,1,0,0,0
18.68142970200097,1779567909.8486264,7759,63542,2,12582912,13,0,0,0
18.68142970200097,1779567909.8486264,7759,63543,3,12582912,46,0,0,0
18.68142970200097,1779567909.8486264,7759,63544,4,12582912,62,0,0,0
18.68142970200097,1779567909.8486264,7759,63545,5,12582912,44,0,0,0
18.68142970200097,1779567909.8486264,7759,63546,6,12582912,23,0,0,0
18.68142970200097,1779567909.8486264,7759,63547,7,12582912,27,0,0,0
18.73740955500034,1779567909.9046075,7760,63548,0,12582912,43,0,0,0
18.73740955500034,1779567909.9046075,7760,63549,1,12582912,36,0,0,0
18.73740955500034,1779567909.9046075,7760,63550,2,12582912,12,0,0,0
18.73740955500034,1779567909.9046075,7760,63551,3,12582912,5,0,0,0
18.73740955500034,1779567909.9046075,7760,63552,4,12582912,28,0,0,0
18.73740955500034,1779567909.9046075,7760,63553,5,12582912,53,0,0,0
18.73740955500034,1779567909.9046075,7760,63554,6,12582912,52,0,0,0
18.73740955500034,1779567909.9046075,7760,63555,7,12582912,34,0,0,0
18.737638095000875,1779567909.9048345,7761,63556,0,12582912,23,0,0,0
18.737638095000875,1779567909.9048345,7761,63557,1,12582912,31,0,0,0
18.737638095000875,1779567909.9048345,7761,63558,2,12582912,47,0,0,0
18.737638095000875,1779567909.9048345,7761,63559,3,12582912,53,0,0,0
18.737638095000875,1779567909.9048345,7761,63560,4,12582912,41,0,0,0
18.737638095000875,1779567909.9048345,7761,63561,5,12582912,26,0,0,0
18.737638095000875,1779567909.9048345,7761,63562,6,12582912,25,0,0,0
18.737638095000875,1779567909.9048345,7761,63563,7,12582912,34,0,0,0
18.780645843000457,1779567909.9478436,7762,63564,0,12582912,39,0,0,0
18.780645843000457,1779567909.9478436,7762,63565,1,12582912,38,0,0,0
18.780645843000457,1779567909.9478436,7762,63566,2,12582912,37,0,0,0
18.780645843000457,1779567909.9478436,7762,63567,3,12582912,43,0,0,0
18.780645843000457,1779567909.9478436,7762,63568,4,12582912,51,0,0,0
18.780645843000457,1779567909.9478436,7762,63569,5,12582912,48,0,0,0
18.780645843000457,1779567909.9478436,7762,63570,6,12582912,38,0,0,0
18.780645843000457,1779567909.9478436,7762,63571,7,12582912,38,0,0,0
18.802342424000017,1779567909.9695404,7763,63572,0,12582912,50,0,0,0
18.802342424000017,1779567909.9695404,7763,63573,1,12582912,59,0,0,0
18.802342424000017,1779567909.9695404,7763,63574,2,12582912,60,0,0,0
18.802342424000017,1779567909.9695404,7763,63575,3,12582912,60,0,0,0
18.802342424000017,1779567909.9695404,7763,63576,4,12582912,54,0,0,0
18.802342424000017,1779567909.9695404,7763,63577,5,12582912,45,0,0,0
18.802342424000017,1779567909.9695404,7763,63578,6,12582912,43,0,0,0
18.802342424000017,1779567909.9695404,7763,63579,7,12582912,47,0,0,0
18.845272516000477,1779567910.0124707,7764,63580,0,12582912,54,0,0,0
18.845272516000477,1779567910.0124707,7764,63581,1,12582912,57,0,0,0
18.845272516000477,1779567910.0124707,7764,63582,2,12582912,56,0,0,0
18.845272516000477,1779567910.0124707,7764,63583,3,12582912,61,0,0,0
18.845272516000477,1779567910.0124707,7764,63584,4,12582912,81,0,0,0
18.845272516000477,1779567910.0124707,7764,63585,5,12582912,93,0,0,0
18.845272516000477,1779567910.0124707,7764,63586,6,12582912,60,0,0,0
18.845272516000477,1779567910.0124707,7764,63587,7,12582912,14,0,0,0
18.866955711999253,1779567910.0341532,7765,63588,0,12582912,7,0,0,0
18.866955711999253,1779567910.0341532,7765,63589,1,12582912,24,0,0,0
18.866955711999253,1779567910.0341532,7765,63590,2,12582912,38,0,0,0
18.866955711999253,1779567910.0341532,7765,63591,3,12582912,49,0,0,0
18.866955711999253,1779567910.0341532,7765,63592,4,12582912,60,0,0,0
18.866955711999253,1779567910.0341532,7765,63593,5,12582912,61,0,0,0
18.866955711999253,1779567910.0341532,7765,63594,6,12582912,46,0,0,0
18.866955711999253,1779567910.0341532,7765,63595,7,12582912,32,0,0,0
18.902192624000236,1779567910.0693903,7766,63596,0,12582912,41,0,0,0
18.902192624000236,1779567910.0693903,7766,63597,1,12582912,69,0,0,0
18.902192624000236,1779567910.0693903,7766,63598,2,12582912,85,0,0,0
18.902192624000236,1779567910.0693903,7766,63599,3,12582912,67,0,0,0
18.902192624000236,1779567910.0693903,7766,63600,4,12582912,33,0,0,0
18.902192624000236,1779567910.0693903,7766,63601,5,12582912,15,0,0,0
18.902192624000236,1779567910.0693903,7766,63602,6,12582912,19,0,0,0
18.902192624000236,1779567910.0693903,7766,63603,7,12582912,33,0,0,0
18.96089897099955,1779567910.1280968,7767,63604,0,12582912,46,0,0,0
18.96089897099955,1779567910.1280968,7767,63605,1,12582912,48,0,0,0
18.96089897099955,1779567910.1280968,7767,63606,2,12582912,43,0,0,0
18.96089897099955,1779567910.1280968,7767,63607,3,12582912,43,0,0,0
18.96089897099955,1779567910.1280968,7767,63608,4,12582912,47,0,0,0
18.96089897099955,1779567910.1280968,7767,63609,5,12582912,45,0,0,0
18.96089897099955,1779567910.1280968,7767,63610,6,12582912,39,0,0,0
18.96089897099955,1779567910.1280968,7767,63611,7,12582912,35,0,0,0
19.012050208999426,1779567910.1792476,7768,63612,0,12582912,39,0,0,0
19.012050208999426,1779567910.1792476,7768,63613,1,12582912,50,0,0,0
19.012050208999426,1779567910.1792476,7768,63614,2,12582912,57,0,0,0
19.012050208999426,1779567910.1792476,7768,63615,3,12582912,60,0,0,0
19.012050208999426,1779567910.1792476,7768,63616,4,12582912,62,0,0,0
19.012050208999426,1779567910.1792476,7768,63617,5,12582912,54,0,0,0
19.012050208999426,1779567910.1792476,7768,63618,6,12582912,40,0,0,0
19.012050208999426,1779567910.1792476,7768,63619,7,12582912,33,0,0,0
19.012359947000732,1779567910.1795564,7769,63620,0,12582912,34,0,0,0
19.012359947000732,1779567910.1795564,7769,63621,1,12582912,34,0,0,0
19.012359947000732,1779567910.1795564,7769,63622,2,12582912,37,0,0,0
19.012359947000732,1779567910.1795564,7769,63623,3,12582912,49,0,0,0
19.012359947000732,1779567910.1795564,7769,63624,4,12582912,64,0,0,0
19.012359947000732,1779567910.1795564,7769,63625,5,12582912,70,0,0,0
19.012359947000732,1779567910.1795564,7769,63626,6,12582912,60,0,0,0
19.012359947000732,1779567910.1795564,7769,63627,7,12582912,44,0,0,0
19.034179808999397,1779567910.2013776,7770,63628,0,12582912,38,0,0,0
19.034179808999397,1779567910.2013776,7770,63629,1,12582912,42,0,0,0
19.034179808999397,1779567910.2013776,7770,63630,2,12582912,44,0,0,0
19.034179808999397,1779567910.2013776,7770,63631,3,12582912,45,0,0,0
19.034179808999397,1779567910.2013776,7770,63632,4,12582912,48,0,0,0
19.034179808999397,1779567910.2013776,7770,63633,5,12582912,51,0,0,0
19.034179808999397,1779567910.2013776,7770,63634,6,12582912,52,0,0,0
19.034179808999397,1779567910.2013776,7770,63635,7,12582912,51,0,0,0
19.08403522200024,1779567910.2512326,7771,63636,0,12582912,52,0,0,0
19.08403522200024,1779567910.2512326,7771,63637,1,12582912,54,0,0,0
19.08403522200024,1779567910.2512326,7771,63638,2,12582912,52,0,0,0
19.08403522200024,1779567910.2512326,7771,63639,3,12582912,42,0,0,0
19.08403522200024,1779567910.2512326,7771,63640,4,12582912,33,0,0,0
19.08403522200024,1779567910.2512326,7771,63641,5,12582912,29,0,0,0
19.08403522200024,1779567910.2512326,7771,63642,6,12582912,32,0,0,0
19.08403522200024,1779567910.2512326,7771,63643,7,12582912,39,0,0,0
19.10571060499933,1779567910.2729087,7772,63644,0,12582912,40,0,0,0
19.10571060499933,1779567910.2729087,7772,63645,1,12582912,40,0,0,0
19.10571060499933,1779567910.2729087,7772,63646,2,12582912,42,0,0,0
19.10571060499933,1779567910.2729087,7772,63647,3,12582912,47,0,0,0
19.10571060499933,1779567910.2729087,7772,63648,4,12582912,55,0,0,0
19.10571060499933,1779567910.2729087,7772,63649,5,12582912,61,0,0,0
19.10571060499933,1779567910.2729087,7772,63650,6,12582912,58,0,0,0
19.10571060499933,1779567910.2729087,7772,63651,7,12582912,43,0,0,0
19.293230875000518,1779567910.4604287,7773,63652,0,12582912,30,0,0,0
19.293230875000518,1779567910.4604287,7773,63653,1,12582912,28,0,0,0
19.293230875000518,1779567910.4604287,7773,63654,2,12582912,31,0,0,0
19.293230875000518,1779567910.4604287,7773,63655,3,12582912,32,0,0,0
19.293230875000518,1779567910.4604287,7773,63656,4,12582912,32,0,0,0
19.293230875000518,1779567910.4604287,7773,63657,5,12582912,34,0,0,0
19.293230875000518,1779567910.4604287,7773,63658,6,12582912,41,0,0,0
19.293230875000518,1779567910.4604287,7773,63659,7,12582912,44,0,0,0
19.339263031000883,1779567910.50646,7774,63660,0,12582912,43,0,0,0
19.339263031000883,1779567910.50646,7774,63661,1,12582912,40,0,0,0
19.339263031000883,1779567910.50646,7774,63662,2,12582912,-16,0,0,0
19.339263031000883,1779567910.50646,7774,63663,3,12582912,-103,0,0,0
19.339263031000883,1779567910.50646,7774,63664,4,12582912,-40,0,0,0
19.339263031000883,1779567910.50646,7774,63665,5,12582912,131,0,0,0
19.339263031000883,1779567910.50646,7774,63666,6,12582912,151,0,0,0
19.339263031000883,1779567910.50646,7774,63667,7,12582912,-24,0,0,0
19.36056768799972,1779567910.5277648,7775,63668,0,12582912,-159,0,0,0
19.36056768799972,1779567910.5277648,7775,63669,1,12582912,-68,0,0,0
19.36056768799972,1779567910.5277648,7775,63670,2,12582912,133,0,0,0
19.36056768799972,1779567910.5277648,7775,63671,3,12582912,187,0,0,0
19.36056768799972,1779567910.5277648,7775,63672,4,12582912,48,0,0,0
19.36056768799972,1779567910.5277648,7775,63673,5,12582912,-81,0,0,0
19.36056768799972,1779567910.5277648,7775,63674,6,12582912,-36,0,0,0
19.36056768799972,1779567910.5277648,7775,63675,7,12582912,104,0,0,0
19.420740744000796,1779567910.5879385,7776,63676,0,12582912,143,0,0,0
19.420740744000796,1779567910.5879385,7776,63677,1,12582912,45,0,0,0
19.420740744000796,1779567910.5879385,7776,63678,2,12582912,-38,0,0,0
19.420740744000796,1779567910.5879385,7776,63679,3,12582912,9,0,0,0
19.420740744000796,1779567910.5879385,7776,63680,4,12582912,118,0,0,0
19.420740744000796,1779567910.5879385,7776,63681,5,12582912,141,0,0,0
19.420740744000796,1779567910.5879385,7776,63682,6,12582912,57,0,0,0
19.420740744000796,1779567910.5879385,7776,63683,7,12582912,-16,0,0,0
19.421046835999732,1779567910.5882432,7777,63684,0,12582912,17,0,0,0
19.421046835999732,1779567910.5882432,7777,63685,1,12582912,107,0,0,0
19.421046835999732,1779567910.5882432,7777,63686,2,12582912,130,0,0,0
19.421046835999732,1779567910.5882432,7777,63687,3,12582912,62,0,0,0
19.421046835999732,1779567910.5882432,7777,63688,4,12582912,1,0,0,0
19.421046835999732,1779567910.5882432,7777,63689,5,12582912,31,0,0,0
19.421046835999732,1779567910.5882432,7777,63690,6,12582912,104,0,0,0
19.421046835999732,1779567910.5882432,7777,63691,7,12582912,119,0,0,0
19.463993437999306,1779567910.631191,7778,63692,0,12582912,63,0,0,0
19.463993437999306,1779567910.631191,7778,63693,1,12582912,21,0,0,0
19.463993437999306,1779567910.631191,7778,63694,2,12582912,54,0,0,0
19.463993437999306,1779567910.631191,7778,63695,3,12582912,118,0,0,0
19.463993437999306,1779567910.631191,7778,63696,4,12582912,133,0,0,0
19.463993437999306,1779567910.631191,7778,63697,5,12582912,94,0,0,0
19.463993437999306,1779567910.631191,7778,63698,6,12582912,63,0,0,0
19.463993437999306,1779567910.631191,7778,63699,7,12582912,80,0,0,0
19.48566059299992,1779567910.6528583,7779,63700,0,12582912,120,0,0,0
19.48566059299992,1779567910.6528583,7779,63701,1,12582912,129,0,0,0
19.48566059299992,1779567910.6528583,7779,63702,2,12582912,98,0,0,0
19.48566059299992,1779567910.6528583,7779,63703,3,12582912,68,0,0,0
19.48566059299992,1779567910.6528583,7779,63704,4,12582912,79,0,0,0
19.48566059299992,1779567910.6528583,7779,63705,5,12582912,120,0,0,0
19.48566059299992,1779567910.6528583,7779,63706,6,12582912,142,0,0,0
19.48566059299992,1779567910.6528583,7779,63707,7,12582912,132,0,0,0
19.52860808100013,1779567910.695806,7780,63708,0,12582912,121,0,0,0
19.52860808100013,1779567910.695806,7780,63709,1,12582912,131,0,0,0
19.52860808100013,1779567910.695806,7780,63710,2,12582912,145,0,0,0
19.52860808100013,1779567910.695806,7780,63711,3,12582912,142,0,0,0
19.52860808100013,1779567910.695806,7780,63712,4,12582912,124,0,0,0
19.52860808100013,1779567910.695806,7780,63713,5,12582912,114,0,0,0
19.52860808100013,1779567910.695806,7780,63714,6,12582912,125,0,0,0
19.52860808100013,1779567910.695806,7780,63715,7,12582912,145,0,0,0
19.550258516999747,1779567910.717456,7781,63716,0,12582912,154,0,0,0
19.550258516999747,1779567910.717456,7781,63717,1,12582912,145,0,0,0
19.550258516999747,1779567910.717456,7781,63718,2,12582912,134,0,0,0
19.550258516999747,1779567910.717456,7781,63719,3,12582912,142,0,0,0
19.550258516999747,1779567910.717456,7781,63720,4,12582912,167,0,0,0
19.550258516999747,1779567910.717456,7781,63721,5,12582912,182,0,0,0
19.550258516999747,1779567910.717456,7781,63722,6,12582912,172,0,0,0
19.550258516999747,1779567910.717456,7781,63723,7,12582912,157,0,0,0
19.5855849590007,1779567910.7527826,7782,63724,0,12582912,157,0,0,0
19.5855849590007,1779567910.7527826,7782,63725,1,12582912,169,0,0,0
19.5855849590007,1779567910.7527826,7782,63726,2,12582912,172,0,0,0
19.5855849590007,1779567910.7527826,7782,63727,3,12582912,165,0,0,0
19.5855849590007,1779567910.7527826,7782,63728,4,12582912,157,0,0,0
19.5855849590007,1779567910.7527826,7782,63729,5,12582912,156,0,0,0
19.5855849590007,1779567910.7527826,7782,63730,6,12582912,161,0,0,0
19.5855849590007,1779567910.7527826,7782,63731,7,12582912,162,0,0,0
19.657554555000388,1779567910.8247516,7783,63732,0,12582912,154,0,0,0
19.657554555000388,1779567910.8247516,7783,63733,1,12582912,143,0,0,0
19.657554555000388,1779567910.8247516,7783,63734,2,12582912,146,0,0,0
19.657554555000388,1779567910.8247516,7783,63735,3,12582912,164,0,0,0
19.657554555000388,1779567910.8247516,7783,63736,4,12582912,175,0,0,0
19.657554555000388,1779567910.8247516,7783,63737,5,12582912,163,0,0,0
19.657554555000388,1779567910.8247516,7783,63738,6,12582912,140,0,0,0
19.657554555000388,1779567910.8247516,7783,63739,7,12582912,134,0,0,0
19.657729815000494,1779567910.8249252,7784,63740,0,12582912,144,0,0,0
19.657729815000494,1779567910.8249252,7784,63741,1,12582912,151,0,0,0
19.657729815000494,1779567910.8249252,7784,63742,2,12582912,150,0,0,0
19.657729815000494,1779567910.8249252,7784,63743,3,12582912,145,0,0,0
19.657729815000494,1779567910.8249252,7784,63744,4,12582912,145,0,0,0
19.657729815000494,1779567910.8249252,7784,63745,5,12582912,151,0,0,0
19.657729815000494,1779567910.8249252,7784,63746,6,12582912,157,0,0,0
19.657729815000494,1779567910.8249252,7784,63747,7,12582912,156,0,0,0
19.678943742999763,1779567910.8461404,7785,63748,0,12582912,148,0,0,0
19.678943742999763,1779567910.8461404,7785,63749,1,12582912,146,0,0,0
19.678943742999763,1779567910.8461404,7785,63750,2,12582912,153,0,0,0
19.678943742999763,1779567910.8461404,7785,63751,3,12582912,155,0,0,0
19.678943742999763,1779567910.8461404,7785,63752,4,12582912,149,0,0,0
19.678943742999763,1779567910.8461404,7785,63753,5,12582912,140,0,0,0
19.678943742999763,1779567910.8461404,7785,63754,6,12582912,137,0,0,0
19.678943742999763,1779567910.8461404,7785,63755,7,12582912,145,0,0,0
19.748617623999962,1779567910.9158144,7786,63756,0,12582912,155,0,0,0
19.748617623999962,1779567910.9158144,7786,63757,1,12582912,159,0,0,0
19.748617623999962,1779567910.9158144,7786,63758,2,12582912,160,0,0,0
19.748617623999962,1779567910.9158144,7786,63759,3,12582912,157,0,0,0
19.748617623999962,1779567910.9158144,7786,63760,4,12582912,151,0,0,0
19.748617623999962,1779567910.9158144,7786,63761,5,12582912,146,0,0,0
19.748617623999962,1779567910.9158144,7786,63762,6,12582912,145,0,0,0
19.748617623999962,1779567910.9158144,7786,63763,7,12582912,143,0,0,0
19.77017957099997,1779567910.9373777,7787,63764,0,12582912,142,0,0,0
19.77017957099997,1779567910.9373777,7787,63765,1,12582912,145,0,0,0
19.77017957099997,1779567910.9373777,7787,63766,2,12582912,150,0,0,0
19.77017957099997,1779567910.9373777,7787,63767,3,12582912,152,0,0,0
19.77017957099997,1779567910.9373777,7787,63768,4,12582912,148,0,0,0
19.77017957099997,1779567910.9373777,7787,63769,5,12582912,147,0,0,0
19.77017957099997,1779567910.9373777,7787,63770,6,12582912,157,0,0,0
19.77017957099997,1779567910.9373777,7787,63771,7,12582912,161,0,0,0
19.79196094300096,1779567910.9591594,7788,63772,0,12582912,154,0,0,0
19.79196094300096,1779567910.9591594,7788,63773,1,12582912,143,0,0,0
19.79196094300096,1779567910.9591594,7788,63774,2,12582912,134,0,0,0
19.79196094300096,1779567910.9591594,7788,63775,3,12582912,134,0,0,0
19.79196094300096,1779567910.9591594,7788,63776,4,12582912,142,0,0,0
19.79196094300096,1779567910.9591594,7788,63777,5,12582912,144,0,0,0
19.79196094300096,1779567910.9591594,7788,63778,6,12582912,141,0,0,0
19.79196094300096,1779567910.9591594,7788,63779,7,12582912,140,0,0,0
19.829621798000517,1779567910.9968193,7789,63780,0,12582912,142,0,0,0
19.829621798000517,1779567910.9968193,7789,63781,1,12582912,144,0,0,0
19.829621798000517,1779567910.9968193,7789,63782,2,12582912,148,0,0,0
19.829621798000517,1779567910.9968193,7789,63783,3,12582912,150,0,0,0
19.829621798000517,1779567910.9968193,7789,63784,4,12582912,148,0,0,0
19.829621798000517,1779567910.9968193,7789,63785,5,12582912,145,0,0,0
19.829621798000517,1779567910.9968193,7789,63786,6,12582912,143,0,0,0
19.829621798000517,1779567910.9968193,7789,63787,7,12582912,140,0,0,0
19.866048441999737,1779567911.0332463,7790,63788,0,12582912,139,0,0,0
19.866048441999737,1779567911.0332463,7790,63789,1,12582912,139,0,0,0
19.866048441999737,1779567911.0332463,7790,63790,2,12582912,143,0,0,0
19.866048441999737,1779567911.0332463,7790,63791,3,12582912,147,0,0,0
19.866048441999737,1779567911.0332463,7790,63792,4,12582912,147,0,0,0
19.866048441999737,1779567911.0332463,7790,63793,5,12582912,139,0,0,0
19.866048441999737,1779567911.0332463,7790,63794,6,12582912,130,0,0,0
19.866048441999737,1779567911.0332463,7790,63795,7,12582912,127,0,0,0
19.887778148000507,1779567911.0549757,7791,63796,0,12582912,132,0,0,0
19.887778148000507,1779567911.0549757,7791,63797,1,12582912,140,0,0,0
19.887778148000507,1779567911.0549757,7791,63798,2,12582912,143,0,0,0
19.887778148000507,1779567911.0549757,7791,63799,3,12582912,140,0,0,0
19.887778148000507,1779567911.0549757,7791,63800,4,12582912,137,0,0,0
19.887778148000507,1779567911.0549757,7791,63801,5,12582912,132,0,0,0
19.887778148000507,1779567911.0549757,7791,63802,6,12582912,123,0,0,0
19.887778148000507,1779567911.0549757,7791,63803,7,12582912,116,0,0,0
19.909549989999505,1779567911.0767474,7792,63804,0,12582912,116,0,0,0
19.909549989999505,1779567911.0767474,7792,63805,1,12582912,121,0,0,0
19.909549989999505,1779567911.0767474,7792,63806,2,12582912,126,0,0,0
19.909549989999505,1779567911.0767474,7792,63807,3,12582912,123,0,0,0
19.909549989999505,1779567911.0767474,7792,63808,4,12582912,116,0,0,0
19.909549989999505,1779567911.0767474,7792,63809,5,12582912,116,0,0,0
19.909549989999505,1779567911.0767474,7792,63810,6,12582912,123,0,0,0
19.909549989999505,1779567911.0767474,7792,63811,7,12582912,128,0,0,0
19.95260716499979,1779567911.1198046,7793,63812,0,12582912,126,0,0,0
19.95260716499979,1779567911.1198046,7793,63813,1,12582912,116,0,0,0
19.95260716499979,1779567911.1198046,7793,63814,2,12582912,105,0,0,0
19.95260716499979,1779567911.1198046,7793,63815,3,12582912,109,0,0,0
19.95260716499979,1779567911.1198046,7793,63816,4,12582912,121,0,0,0
19.95260716499979,1779567911.1198046,7793,63817,5,12582912,129,0,0,0
19.95260716499979,1779567911.1198046,7793,63818,6,12582912,127,0,0,0
19.95260716499979,1779567911.1198046,7793,63819,7,12582912,118,0,0,0
19.97427062099996,1779567911.1414685,7794,63820,0,12582912,113,0,0,0
19.97427062099996,1779567911.1414685,7794,63821,1,12582912,112,0,0,0
19.97427062099996,1779567911.1414685,7794,63822,2,12582912,113,0,0,0
19.97427062099996,1779567911.1414685,7794,63823,3,12582912,113,0,0,0
19.97427062099996,1779567911.1414685,7794,63824,4,12582912,112,0,0,0
19.97427062099996,1779567911.1414685,7794,63825,5,12582912,112,0,0,0
19.97427062099996,1779567911.1414685,7794,63826,6,12582912,113,0,0,0
19.97427062099996,1779567911.1414685,7794,63827,7,12582912,111,0,0,0
19.996349856999586,1779567911.1635473,7795,63828,0,12582912,109,0,0,0
19.996349856999586,1779567911.1635473,7795,63829,1,12582912,108,0,0,0
19.996349856999586,1779567911.1635473,7795,63830,2,12582912,111,0,0,0
19.996349856999586,1779567911.1635473,7795,63831,3,12582912,113,0,0,0
19.996349856999586,1779567911.1635473,7795,63832,4,12582912,114,0,0,0
19.996349856999586,1779567911.1635473,7795,63833,5,12582912,113,0,0,0
19.996349856999586,1779567911.1635473,7795,63834,6,12582912,108,0,0,0
19.996349856999586,1779567911.1635473,7795,63835,7,12582912,102,0,0,0
20.033411235999665,1779567911.2006087,7796,63836,0,12582912,95,0,0,0
20.033411235999665,1779567911.2006087,7796,63837,1,12582912,86,0,0,0
20.033411235999665,1779567911.2006087,7796,63838,2,12582912,78,0,0,0
20.033411235999665,1779567911.2006087,7796,63839,3,12582912,70,0,0,0
20.033411235999665,1779567911.2006087,7796,63840,4,12582912,67,0,0,0
20.033411235999665,1779567911.2006087,7796,63841,5,12582912,63,0,0,0
20.033411235999665,1779567911.2006087,7796,63842,6,12582912,55,0,0,0
20.033411235999665,1779567911.2006087,7796,63843,7,12582912,45,0,0,0
20.076258569000856,1779567911.243456,7797,63844,0,12582912,45,0,0,0
20.076258569000856,1779567911.243456,7797,63845,1,12582912,58,0,0,0
20.076258569000856,1779567911.243456,7797,63846,2,12582912,75,0,0,0
20.076258569000856,1779567911.243456,7797,63847,3,12582912,89,0,0,0
20.076258569000856,1779567911.243456,7797,63848,4,12582912,89,0,0,0
20.076258569000856,1779567911.243456,7797,63849,5,12582912,74,0,0,0
20.076258569000856,1779567911.243456,7797,63850,6,12582912,59,0,0,0
20.076258569000856,1779567911.243456,7797,63851,7,12582912,52,0,0,0
20.111495690000083,1779567911.2786934,7798,63852,0,12582912,53,0,0,0
20.111495690000083,1779567911.2786934,7798,63853,1,12582912,62,0,0,0
20.111495690000083,1779567911.2786934,7798,63854,2,12582912,73,0,0,0
20.111495690000083,1779567911.2786934,7798,63855,3,12582912,84,0,0,0
20.111495690000083,1779567911.2786934,7798,63856,4,12582912,89,0,0,0
20.111495690000083,1779567911.2786934,7798,63857,5,12582912,85,0,0,0
20.111495690000083,1779567911.2786934,7798,63858,6,12582912,80,0,0,0
20.111495690000083,1779567911.2786934,7798,63859,7,12582912,78,0,0,0
20.17167187099949,1779567911.3388698,7799,63860,0,12582912,81,0,0,0
20.17167187099949,1779567911.3388698,7799,63861,1,12582912,85,0,0,0
20.17167187099949,1779567911.3388698,7799,63862,2,12582912,88,0,0,0
20.17167187099949,1779567911.3388698,7799,63863,3,12582912,89,0,0,0
20.17167187099949,1779567911.3388698,7799,63864,4,12582912,87,0,0,0
20.17167187099949,1779567911.3388698,7799,63865,5,12582912,87,0,0,0
20.17167187099949,1779567911.3388698,7799,63866,6,12582912,94,0,0,0
20.17167187099949,1779567911.3388698,7799,63867,7,12582912,106,0,0,0
20.19338157799939,1779567911.3605793,7800,63868,0,12582912,111,0,0,0
20.19338157799939,1779567911.3605793,7800,63869,1,12582912,102,0,0,0
20.19338157799939,1779567911.3605793,7800,63870,2,12582912,93,0,0,0
20.19338157799939,1779567911.3605793,7800,63871,3,12582912,97,0,0,0
20.19338157799939,1779567911.3605793,7800,63872,4,12582912,103,0,0,0
20.19338157799939,1779567911.3605793,7800,63873,5,12582912,97,0,0,0
20.19338157799939,1779567911.3605793,7800,63874,6,12582912,82,0,0,0
20.19338157799939,1779567911.3605793,7800,63875,7,12582912,77,0,0,0
20.19369048199951,1779567911.3608875,7801,63876,0,12582912,84,0,0,0
20.19369048199951,1779567911.3608875,7801,63877,1,12582912,95,0,0,0
20.19369048199951,1779567911.3608875,7801,63878,2,12582912,112,0,0,0
20.19369048199951,1779567911.3608875,7801,63879,3,12582912,127,0,0,0
20.19369048199951,1779567911.3608875,7801,63880,4,12582912,123,0,0,0
20.19369048199951,1779567911.3608875,7801,63881,5,12582912,104,0,0,0
20.19369048199951,1779567911.3608875,7801,63882,6,12582912,96,0,0,0
20.19369048199951,1779567911.3608875,7801,63883,7,12582912,102,0,0,0
20.253375000000233,1779567911.420573,7802,63884,0,12582912,108,0,0,0
20.253375000000233,1779567911.420573,7802,63885,1,12582912,105,0,0,0
20.253375000000233,1779567911.420573,7802,63886,2,12582912,100,0,0,0
20.253375000000233,1779567911.420573,7802,63887,3,12582912,102,0,0,0
20.253375000000233,1779567911.420573,7802,63888,4,12582912,107,0,0,0
20.253375000000233,1779567911.420573,7802,63889,5,12582912,111,0,0,0
20.253375000000233,1779567911.420573,7802,63890,6,12582912,112,0,0,0
20.253375000000233,1779567911.420573,7802,63891,7,12582912,109,0,0,0
20.253694684999573,1779567911.4208908,7803,63892,0,12582912,104,0,0,0
20.253694684999573,1779567911.4208908,7803,63893,1,12582912,97,0,0,0
20.253694684999573,1779567911.4208908,7803,63894,2,12582912,90,0,0,0
20.253694684999573,1779567911.4208908,7803,63895,3,12582912,104,0,0,0
20.253694684999573,1779567911.4208908,7803,63896,4,12582912,130,0,0,0
20.253694684999573,1779567911.4208908,7803,63897,5,12582912,139,0,0,0
20.253694684999573,1779567911.4208908,7803,63898,6,12582912,121,0,0,0
20.253694684999573,1779567911.4208908,7803,63899,7,12582912,92,0,0,0
20.297084775000258,1779567911.4642823,7804,63900,0,12582912,69,0,0,0
20.297084775000258,1779567911.4642823,7804,63901,1,12582912,68,0,0,0
20.297084775000258,1779567911.4642823,7804,63902,2,12582912,87,0,0,0
20.297084775000258,1779567911.4642823,7804,63903,3,12582912,109,0,0,0
20.297084775000258,1779567911.4642823,7804,63904,4,12582912,120,0,0,0
20.297084775000258,1779567911.4642823,7804,63905,5,12582912,117,0,0,0
20.297084775000258,1779567911.4642823,7804,63906,6,12582912,108,0,0,0
20.297084775000258,1779567911.4642823,7804,63907,7,12582912,102,0,0,0
20.31875312699958,1779567911.4859507,7805,63908,0,12582912,100,0,0,0
20.31875312699958,1779567911.4859507,7805,63909,1,12582912,94,0,0,0
20.31875312699958,1779567911.4859507,7805,63910,2,12582912,89,0,0,0
20.31875312699958,1779567911.4859507,7805,63911,3,12582912,102,0,0,0
20.31875312699958,1779567911.4859507,7805,63912,4,12582912,122,0,0,0
20.31875312699958,1779567911.4859507,7805,63913,5,12582912,116,0,0,0
20.31875312699958,1779567911.4859507,7805,63914,6,12582912,85,0,0,0
20.31875312699958,1779567911.4859507,7805,63915,7,12582912,64,0,0,0
20.354012279000017,1779567911.52121,7806,63916,0,12582912,62,0,0,0
20.354012279000017,1779567911.52121,7806,63917,1,12582912,67,0,0,0
20.354012279000017,1779567911.52121,7806,63918,2,12582912,70,0,0,0
20.354012279000017,1779567911.52121,7806,63919,3,12582912,71,0,0,0
20.354012279000017,1779567911.52121,7806,63920,4,12582912,79,0,0,0
20.354012279000017,1779567911.52121,7806,63921,5,12582912,94,0,0,0
20.354012279000017,1779567911.52121,7806,63922,6,12582912,95,0,0,0
20.354012279000017,1779567911.52121,7806,63923,7,12582912,81,0,0,0
20.396856851000848,1779567911.5640547,7807,63924,0,12582912,76,0,0,0
20.396856851000848,1779567911.5640547,7807,63925,1,12582912,81,0,0,0
20.396856851000848,1779567911.5640547,7807,63926,2,12582912,81,0,0,0
20.396856851000848,1779567911.5640547,7807,63927,3,12582912,78,0,0,0
20.396856851000848,1779567911.5640547,7807,63928,4,12582912,77,0,0,0
20.396856851000848,1779567911.5640547,7807,63929,5,12582912,89,0,0,0
20.396856851000848,1779567911.5640547,7807,63930,6,12582912,112,0,0,0
20.396856851000848,1779567911.5640547,7807,63931,7,12582912,116,0,0,0
20.418511975,1779567911.5857096,7808,63932,0,12582912,92,0,0,0
20.418511975,1779567911.5857096,7808,63933,1,12582912,62,0,0,0
20.418511975,1779567911.5857096,7808,63934,2,12582912,46,0,0,0
20.418511975,1779567911.5857096,7808,63935,3,12582912,49,0,0,0
20.418511975,1779567911.5857096,7808,63936,4,12582912,61,0,0,0
20.418511975,1779567911.5857096,7808,63937,5,12582912,69,0,0,0
20.418511975,1779567911.5857096,7808,63938,6,12582912,74,0,0,0
20.418511975,1779567911.5857096,7808,63939,7,12582912,85,0,0,0
20.455455751000045,1779567911.6226535,7809,63940,0,12582912,91,0,0,0
20.455455751000045,1779567911.6226535,7809,63941,1,12582912,80,0,0,0
20.455455751000045,1779567911.6226535,7809,63942,2,12582912,72,0,0,0
20.455455751000045,1779567911.6226535,7809,63943,3,12582912,77,0,0,0
20.455455751000045,1779567911.6226535,7809,63944,4,12582912,84,0,0,0
20.455455751000045,1779567911.6226535,7809,63945,5,12582912,84,0,0,0
20.455455751000045,1779567911.6226535,7809,63946,6,12582912,81,0,0,0
20.455455751000045,1779567911.6226535,7809,63947,7,12582912,79,0,0,0
20.477181706999545,1779567911.6443791,7810,63948,0,12582912,78,0,0,0
20.477181706999545,1779567911.6443791,7810,63949,1,12582912,76,0,0,0
20.477181706999545,1779567911.6443791,7810,63950,2,12582912,74,0,0,0
20.477181706999545,1779567911.6443791,7810,63951,3,12582912,74,0,0,0
20.477181706999545,1779567911.6443791,7810,63952,4,12582912,72,0,0,0
20.477181706999545,1779567911.6443791,7810,63953,5,12582912,70,0,0,0
20.477181706999545,1779567911.6443791,7810,63954,6,12582912,67,0,0,0
20.477181706999545,1779567911.6443791,7810,63955,7,12582912,65,0,0,0
20.56562896000105,1779567911.732827,7811,63956,0,12582912,66,0,0,0
20.56562896000105,1779567911.732827,7811,63957,1,12582912,69,0,0,0
20.56562896000105,1779567911.732827,7811,63958,2,12582912,67,0,0,0
20.56562896000105,1779567911.732827,7811,63959,3,12582912,60,0,0,0
20.56562896000105,1779567911.732827,7811,63960,4,12582912,54,0,0,0
20.56562896000105,1779567911.732827,7811,63961,5,12582912,54,0,0,0
20.56562896000105,1779567911.732827,7811,63962,6,12582912,56,0,0,0
20.56562896000105,1779567911.732827,7811,63963,7,12582912,52,0,0,0
20.565961145000983,1779567911.7331564,7812,63964,0,12582912,45,0,0,0
20.565961145000983,1779567911.7331564,7812,63965,1,12582912,42,0,0,0
20.565961145000983,1779567911.7331564,7812,63966,2,12582912,43,0,0,0
20.565961145000983,1779567911.7331564,7812,63967,3,12582912,47,0,0,0
20.565961145000983,1779567911.7331564,7812,63968,4,12582912,45,0,0,0
20.565961145000983,1779567911.7331564,7812,63969,5,12582912,32,0,0,0
20.565961145000983,1779567911.7331564,7812,63970,6,12582912,16,0,0,0
20.565961145000983,1779567911.7331564,7812,63971,7,12582912,7,0,0,0
20.587557467000806,1779567911.7547553,7813,63972,0,12582912,5,0,0,0
20.587557467000806,1779567911.7547553,7813,63973,1,12582912,-7,0,0,0
20.587557467000806,1779567911.7547553,7813,63974,2,12582912,-30,0,0,0
20.587557467000806,1779567911.7547553,7813,63975,3,12582912,-37,0,0,0
20.587557467000806,1779567911.7547553,7813,63976,4,12582912,-21,0,0,0
20.587557467000806,1779567911.7547553,7813,63977,5,12582912,-6,0,0,0
20.587557467000806,1779567911.7547553,7813,63978,6,12582912,-4,0,0,0
20.587557467000806,1779567911.7547553,7813,63979,7,12582912,-11,0,0,0
20.674078428999564,1779567911.8412762,7814,63980,0,12582912,-21,0,0,0
20.674078428999564,1779567911.8412762,7814,63981,1,12582912,-28,0,0,0
20.674078428999564,1779567911.8412762,7814,63982,2,12582912,-21,0,0,0
20.674078428999564,1779567911.8412762,7814,63983,3,12582912,1,0,0,0
20.674078428999564,1779567911.8412762,7814,63984,4,12582912,13,0,0,0
20.674078428999564,1779567911.8412762,7814,63985,5,12582912,-3,0,0,0
20.674078428999564,1779567911.8412762,7814,63986,6,12582912,-26,0,0,0
20.674078428999564,1779567911.8412762,7814,63987,7,12582912,-30,0,0,0
20.677532313000484,1779567911.8447309,7815,63988,0,12582912,-18,0,0,0
20.677532313000484,1779567911.8447309,7815,63989,1,12582912,-4,0,0,0
20.677532313000484,1779567911.8447309,7815,63990,2,12582912,9,0,0,0
20.677532313000484,1779567911.8447309,7815,63991,3,12582912,13,0,0,0
20.677532313000484,1779567911.8447309,7815,63992,4,12582912,8,0,0,0
20.677532313000484,1779567911.8447309,7815,63993,5,12582912,-5,0,0,0
20.677532313000484,1779567911.8447309,7815,63994,6,12582912,-10,0,0,0
20.677532313000484,1779567911.8447309,7815,63995,7,12582912,3,0,0,0
20.677852103000987,1779567911.8450484,7816,63996,0,12582912,12,0,0,0
20.677852103000987,1779567911.8450484,7816,63997,1,12582912,-5,0,0,0
20.677852103000987,1779567911.8450484,7816,63998,2,12582912,-42,0,0,0
20.677852103000987,1779567911.8450484,7816,63999,3,12582912,-69,0,0,0
20.677852103000987,1779567911.8450484,7816,64000,4,12582912,-67,0,0,0
20.677852103000987,1779567911.8450484,7816,64001,5,12582912,-21,0,0,0
20.677852103000987,1779567911.8450484,7816,64002,6,12582912,109,0,0,0
20.677852103000987,1779567911.8450484,7816,64003,7,12582912,239,0,0,0
20.71881121899969,1779567911.8860085,7817,64004,0,12582912,177,0,0,0
20.71881121899969,1779567911.8860085,7817,64005,1,12582912,-60,0,0,0
20.71881121899969,1779567911.8860085,7817,64006,2,12582912,-200,0,0,0
20.71881121899969,1779567911.8860085,7817,64007,3,12582912,-90,0,0,0
20.71881121899969,1779567911.8860085,7817,64008,4,12582912,101,0,0,0
20.71881121899969,1779567911.8860085,7817,64009,5,12582912,130,0,0,0
20.71881121899969,1779567911.8860085,7817,64010,6,12582912,-10,0,0,0
20.71881121899969,1779567911.8860085,7817,64011,7,12582912,-105,0,0,0
20.740628527999434,1779567911.9078264,7818,64012,0,12582912,-21,0,0,0
20.740628527999434,1779567911.9078264,7818,64013,1,12582912,127,0,0,0
20.740628527999434,1779567911.9078264,7818,64014,2,12582912,148,0,0,0
20.740628527999434,1779567911.9078264,7818,64015,3,12582912,34,0,0,0
20.740628527999434,1779567911.9078264,7818,64016,4,12582912,-50,0,0,0
20.740628527999434,1779567911.9078264,7818,64017,5,12582912,1,0,0,0
20.740628527999434,1779567911.9078264,7818,64018,6,12582912,102,0,0,0
20.740628527999434,1779567911.9078264,7818,64019,7,12582912,114,0,0,0
20.78354435000074,1779567911.9507425,7819,64020,0,12582912,33,0,0,0
20.78354435000074,1779567911.9507425,7819,64021,1,12582912,-27,0,0,0
20.78354435000074,1779567911.9507425,7819,64022,2,12582912,13,0,0,0
20.78354435000074,1779567911.9507425,7819,64023,3,12582912,94,0,0,0
20.78354435000074,1779567911.9507425,7819,64024,4,12582912,103,0,0,0
20.78354435000074,1779567911.9507425,7819,64025,5,12582912,37,0,0,0
20.78354435000074,1779567911.9507425,7819,64026,6,12582912,6,0,0,0
20.78354435000074,1779567911.9507425,7819,64027,7,12582912,67,0,0,0
20.805215514999873,1779567911.9724133,7820,64028,0,12582912,142,0,0,0
20.805215514999873,1779567911.9724133,7820,64029,1,12582912,131,0,0,0
20.805215514999873,1779567911.9724133,7820,64030,2,12582912,48,0,0,0
20.805215514999873,1779567911.9724133,7820,64031,3,12582912,-10,0,0,0
20.805215514999873,1779567911.9724133,7820,64032,4,12582912,11,0,0,0
20.805215514999873,1779567911.9724133,7820,64033,5,12582912,66,0,0,0
20.805215514999873,1779567911.9724133,7820,64034,6,12582912,79,0,0,0
20.805215514999873,1779567911.9724133,7820,64035,7,12582912,49,0,0,0
20.84805779599992,1779567912.0152557,7821,64036,0,12582912,34,0,0,0
20.84805779599992,1779567912.0152557,7821,64037,1,12582912,55,0,0,0
20.84805779599992,1779567912.0152557,7821,64038,2,12582912,87,0,0,0
20.84805779599992,1779567912.0152557,7821,64039,3,12582912,91,0,0,0
20.84805779599992,1779567912.0152557,7821,64040,4,12582912,53,0,0,0
20.84805779599992,1779567912.0152557,7821,64041,5,12582912,12,0,0,0
20.84805779599992,1779567912.0152557,7821,64042,6,12582912,17,0,0,0
20.84805779599992,1779567912.0152557,7821,64043,7,12582912,56,0,0,0
20.883405436999965,1779567912.050603,7822,64044,0,12582912,71,0,0,0
20.883405436999965,1779567912.050603,7822,64045,1,12582912,53,0,0,0
20.883405436999965,1779567912.050603,7822,64046,2,12582912,45,0,0,0
20.883405436999965,1779567912.050603,7822,64047,3,12582912,70,0,0,0
20.883405436999965,1779567912.050603,7822,64048,4,12582912,99,0,0,0
20.883405436999965,1779567912.050603,7822,64049,5,12582912,88,0,0,0
20.883405436999965,1779567912.050603,7822,64050,6,12582912,43,0,0,0
20.883405436999965,1779567912.050603,7822,64051,7,12582912,17,0,0,0
20.957648143999904,1779567912.1248446,7823,64052,0,12582912,27,0,0,0
20.957648143999904,1779567912.1248446,7823,64053,1,12582912,52,0,0,0
20.957648143999904,1779567912.1248446,7823,64054,2,12582912,65,0,0,0
20.957648143999904,1779567912.1248446,7823,64055,3,12582912,62,0,0,0
20.957648143999904,1779567912.1248446,7823,64056,4,12582912,53,0,0,0
20.957648143999904,1779567912.1248446,7823,64057,5,12582912,55,0,0,0
20.957648143999904,1779567912.1248446,7823,64058,6,12582912,74,0,0,0
20.957648143999904,1779567912.1248446,7823,64059,7,12582912,79,0,0,0
20.95776559099977,1779567912.1249604,7824,64060,0,12582912,51,0,0,0
20.95776559099977,1779567912.1249604,7824,64061,1,12582912,20,0,0,0
20.95776559099977,1779567912.1249604,7824,64062,2,12582912,18,0,0,0
20.95776559099977,1779567912.1249604,7824,64063,3,12582912,37,0,0,0
20.95776559099977,1779567912.1249604,7824,64064,4,12582912,48,0,0,0
20.95776559099977,1779567912.1249604,7824,64065,5,12582912,45,0,0,0
20.95776559099977,1779567912.1249604,7824,64066,6,12582912,57,0,0,0
20.95776559099977,1779567912.1249604,7824,64067,7,12582912,81,0,0,0
20.97940159999962,1779567912.1465995,7825,64068,0,12582912,82,0,0,0
20.97940159999962,1779567912.1465995,7825,64069,1,12582912,70,0,0,0
20.97940159999962,1779567912.1465995,7825,64070,2,12582912,73,0,0,0
20.97940159999962,1779567912.1465995,7825,64071,3,12582912,56,0,0,0
20.97940159999962,1779567912.1465995,7825,64072,4,12582912,9,0,0,0
20.97940159999962,1779567912.1465995,7825,64073,5,12582912,-15,0,0,0
20.97940159999962,1779567912.1465995,7825,64074,6,12582912,-2,0,0,0
20.97940159999962,1779567912.1465995,7825,64075,7,12582912,30,0,0,0
21.001080837999325,1779567912.1682785,7826,64076,0,12582912,66,0,0,0
21.001080837999325,1779567912.1682785,7826,64077,1,12582912,90,0,0,0
21.001080837999325,1779567912.1682785,7826,64078,2,12582912,100,0,0,0
21.001080837999325,1779567912.1682785,7826,64079,3,12582912,87,0,0,0
21.001080837999325,1779567912.1682785,7826,64080,4,12582912,59,0,0,0
21.001080837999325,1779567912.1682785,7826,64081,5,12582912,27,0,0,0
21.001080837999325,1779567912.1682785,7826,64082,6,12582912,-8,0,0,0
21.001080837999325,1779567912.1682785,7826,64083,7,12582912,-31,0,0,0
21.043984941999952,1779567912.2111826,7827,64084,0,12582912,-19,0,0,0
21.043984941999952,1779567912.2111826,7827,64085,1,12582912,38,0,0,0
21.043984941999952,1779567912.2111826,7827,64086,2,12582912,98,0,0,0
21.043984941999952,1779567912.2111826,7827,64087,3,12582912,85,0,0,0
21.043984941999952,1779567912.2111826,7827,64088,4,12582912,43,0,0,0
21.043984941999952,1779567912.2111826,7827,64089,5,12582912,22,0,0,0
21.043984941999952,1779567912.2111826,7827,64090,6,12582912,0,0,0,0
21.043984941999952,1779567912.2111826,7827,64091,7,12582912,-36,0,0,0
21.06564006500048,1779567912.232838,7828,64092,0,12582912,-69,0,0,0
21.06564006500048,1779567912.232838,7828,64093,1,12582912,-55,0,0,0
21.06564006500048,1779567912.232838,7828,64094,2,12582912,-11,0,0,0
21.06564006500048,1779567912.232838,7828,64095,3,12582912,5,0,0,0
21.06564006500048,1779567912.232838,7828,64096,4,12582912,-5,0,0,0
21.06564006500048,1779567912.232838,7828,64097,5,12582912,-20,0,0,0
21.06564006500048,1779567912.232838,7828,64098,6,12582912,-45,0,0,0
21.06564006500048,1779567912.232838,7828,64099,7,12582912,-85,0,0,0
21.12506359500003,1779567912.2922614,7829,64100,0,12582912,-128,0,0,0
21.12506359500003,1779567912.2922614,7829,64101,1,12582912,-149,0,0,0
21.12506359500003,1779567912.2922614,7829,64102,2,12582912,-146,0,0,0
21.12506359500003,1779567912.2922614,7829,64103,3,12582912,-149,0,0,0
21.12506359500003,1779567912.2922614,7829,64104,4,12582912,-183,0,0,0
21.12506359500003,1779567912.2922614,7829,64105,5,12582912,-228,0,0,0
21.12506359500003,1779567912.2922614,7829,64106,6,12582912,-255,0,0,0
21.12506359500003,1779567912.2922614,7829,64107,7,12582912,-263,0,0,0
21.125369323000996,1779567912.2925656,7830,64108,0,12582912,-256,0,0,0
21.125369323000996,1779567912.2925656,7830,64109,1,12582912,-238,0,0,0
21.125369323000996,1779567912.2925656,7830,64110,2,12582912,-234,0,0,0
21.125369323000996,1779567912.2925656,7830,64111,3,12582912,-257,0,0,0
21.125369323000996,1779567912.2925656,7830,64112,4,12582912,-286,0,0,0
21.125369323000996,1779567912.2925656,7830,64113,5,12582912,-298,0,0,0
21.125369323000996,1779567912.2925656,7830,64114,6,12582912,-298,0,0,0
21.125369323000996,1779567912.2925656,7830,64115,7,12582912,-300,0,0,0
21.160641546999614,1779567912.3278391,7831,64116,0,12582912,-301,0,0,0
21.160641546999614,1779567912.3278391,7831,64117,1,12582912,-298,0,0,0
21.160641546999614,1779567912.3278391,7831,64118,2,12582912,-292,0,0,0
21.160641546999614,1779567912.3278391,7831,64119,3,12582912,-291,0,0,0
21.160641546999614,1779567912.3278391,7831,64120,4,12582912,-299,0,0,0
21.160641546999614,1779567912.3278391,7831,64121,5,12582912,-305,0,0,0
21.160641546999614,1779567912.3278391,7831,64122,6,12582912,-307,0,0,0
21.160641546999614,1779567912.3278391,7831,64123,7,12582912,-310,0,0,0
21.21098336400064,1779567912.3781812,7832,64124,0,12582912,-310,0,0,0
21.21098336400064,1779567912.3781812,7832,64125,1,12582912,-295,0,0,0
21.21098336400064,1779567912.3781812,7832,64126,2,12582912,-269,0,0,0
21.21098336400064,1779567912.3781812,7832,64127,3,12582912,-248,0,0,0
21.21098336400064,1779567912.3781812,7832,64128,4,12582912,-248,0,0,0
21.21098336400064,1779567912.3781812,7832,64129,5,12582912,-263,0,0,0
21.21098336400064,1779567912.3781812,7832,64130,6,12582912,-274,0,0,0
21.21098336400064,1779567912.3781812,7832,64131,7,12582912,-282,0,0,0
21.232697237001048,1779567912.3998947,7833,64132,0,12582912,-287,0,0,0
21.232697237001048,1779567912.3998947,7833,64133,1,12582912,-274,0,0,0
21.232697237001048,1779567912.3998947,7833,64134,2,12582912,-239,0,0,0
21.232697237001048,1779567912.3998947,7833,64135,3,12582912,-198,0,0,0
21.232697237001048,1779567912.3998947,7833,64136,4,12582912,-166,0,0,0
21.232697237001048,1779567912.3998947,7833,64137,5,12582912,-152,0,0,0
21.232697237001048,1779567912.3998947,7833,64138,6,12582912,-152,0,0,0
21.232697237001048,1779567912.3998947,7833,64139,7,12582912,-169,0,0,0
21.254671004000556,1779567912.4218688,7834,64140,0,12582912,-200,0,0,0
21.254671004000556,1779567912.4218688,7834,64141,1,12582912,-213,0,0,0
21.254671004000556,1779567912.4218688,7834,64142,2,12582912,-199,0,0,0
21.254671004000556,1779567912.4218688,7834,64143,3,12582912,-192,0,0,0
21.254671004000556,1779567912.4218688,7834,64144,4,12582912,-176,0,0,0
21.254671004000556,1779567912.4218688,7834,64145,5,12582912,-101,0,0,0
21.254671004000556,1779567912.4218688,7834,64146,6,12582912,-28,0,0,0
21.254671004000556,1779567912.4218688,7834,64147,7,12582912,-61,0,0,0
21.29768401399997,1779567912.4648814,7835,64148,0,12582912,-163,0,0,0
21.29768401399997,1779567912.4648814,7835,64149,1,12582912,-232,0,0,0
21.29768401399997,1779567912.4648814,7835,64150,2,12582912,-253,0,0,0
21.29768401399997,1779567912.4648814,7835,64151,3,12582912,-249,0,0,0
21.29768401399997,1779567912.4648814,7835,64152,4,12582912,-222,0,0,0
21.29768401399997,1779567912.4648814,7835,64153,5,12582912,-178,0,0,0
21.29768401399997,1779567912.4648814,7835,64154,6,12582912,-149,0,0,0
21.29768401399997,1779567912.4648814,7835,64155,7,12582912,-138,0,0,0
21.366540453000198,1779567912.533738,7836,64156,0,12582912,-135,0,0,0
21.366540453000198,1779567912.533738,7836,64157,1,12582912,-175,0,0,0
21.366540453000198,1779567912.533738,7836,64158,2,12582912,-243,0,0,0
21.366540453000198,1779567912.533738,7836,64159,3,12582912,-285,0,0,0
21.366540453000198,1779567912.533738,7836,64160,4,12582912,-305,0,0,0
21.366540453000198,1779567912.533738,7836,64161,5,12582912,-321,0,0,0
21.366540453000198,1779567912.533738,7836,64162,6,12582912,-319,0,0,0
21.366540453000198,1779567912.533738,7836,64163,7,12582912,-292,0,0,0
21.366842743000234,1779567912.534039,7837,64164,0,12582912,-273,0,0,0
21.366842743000234,1779567912.534039,7837,64165,1,12582912,-282,0,0,0
21.366842743000234,1779567912.534039,7837,64166,2,12582912,-301,0,0,0
21.366842743000234,1779567912.534039,7837,64167,3,12582912,-303,0,0,0
21.366842743000234,1779567912.534039,7837,64168,4,12582912,-286,0,0,0
21.366842743000234,1779567912.534039,7837,64169,5,12582912,-270,0,0,0
21.366842743000234,1779567912.534039,7837,64170,6,12582912,-271,0,0,0
21.366842743000234,1779567912.534039,7837,64171,7,12582912,-280,0,0,0
21.405786507000812,1779567912.5729842,7838,64172,0,12582912,-278,0,0,0
21.405786507000812,1779567912.5729842,7838,64173,1,12582912,-259,0,0,0
21.405786507000812,1779567912.5729842,7838,64174,2,12582912,-244,0,0,0
21.405786507000812,1779567912.5729842,7838,64175,3,12582912,-247,0,0,0
21.405786507000812,1779567912.5729842,7838,64176,4,12582912,-261,0,0,0
21.405786507000812,1779567912.5729842,7838,64177,5,12582912,-264,0,0,0
21.405786507000812,1779567912.5729842,7838,64178,6,12582912,-244,0,0,0
21.405786507000812,1779567912.5729842,7838,64179,7,12582912,-218,0,0,0
21.427495640000416,1779567912.5946932,7839,64180,0,12582912,-208,0,0,0
21.427495640000416,1779567912.5946932,7839,64181,1,12582912,-213,0,0,0
21.427495640000416,1779567912.5946932,7839,64182,2,12582912,-214,0,0,0
21.427495640000416,1779567912.5946932,7839,64183,3,12582912,-200,0,0,0
21.427495640000416,1779567912.5946932,7839,64184,4,12582912,-184,0,0,0
21.427495640000416,1779567912.5946932,7839,64185,5,12582912,-184,0,0,0
21.427495640000416,1779567912.5946932,7839,64186,6,12582912,-195,0,0,0
21.427495640000416,1779567912.5946932,7839,64187,7,12582912,-200,0,0,0
21.44930878299965,1779567912.6165063,7840,64188,0,12582912,-190,0,0,0
21.44930878299965,1779567912.6165063,7840,64189,1,12582912,-174,0,0,0
21.44930878299965,1779567912.6165063,7840,64190,2,12582912,-163,0,0,0
21.44930878299965,1779567912.6165063,7840,64191,3,12582912,-157,0,0,0
21.44930878299965,1779567912.6165063,7840,64192,4,12582912,-151,0,0,0
21.44930878299965,1779567912.6165063,7840,64193,5,12582912,-140,0,0,0
21.44930878299965,1779567912.6165063,7840,64194,6,12582912,-132,0,0,0
21.44930878299965,1779567912.6165063,7840,64195,7,12582912,-128,0,0,0
21.492150543999742,1779567912.6593482,7841,64196,0,12582912,-120,0,0,0
21.492150543999742,1779567912.6593482,7841,64197,1,12582912,-103,0,0,0
21.492150543999742,1779567912.6593482,7841,64198,2,12582912,-81,0,0,0
21.492150543999742,1779567912.6593482,7841,64199,3,12582912,-61,0,0,0
21.492150543999742,1779567912.6593482,7841,64200,4,12582912,-50,0,0,0
21.492150543999742,1779567912.6593482,7841,64201,5,12582912,-49,0,0,0
21.492150543999742,1779567912.6593482,7841,64202,6,12582912,-49,0,0,0
21.492150543999742,1779567912.6593482,7841,64203,7,12582912,-41,0,0,0
21.51386243699926,1779567912.68106,7842,64204,0,12582912,-22,0,0,0
21.51386243699926,1779567912.68106,7842,64205,1,12582912,-5,0,0,0
21.51386243699926,1779567912.68106,7842,64206,2,12582912,2,0,0,0
21.51386243699926,1779567912.68106,7842,64207,3,12582912,6,0,0,0
21.51386243699926,1779567912.68106,7842,64208,4,12582912,11,0,0,0
21.51386243699926,1779567912.68106,7842,64209,5,12582912,9,0,0,0
21.51386243699926,1779567912.68106,7842,64210,6,12582912,-2,0,0,0
21.51386243699926,1779567912.68106,7842,64211,7,12582912,-14,0,0,0
21.550752569000906,1779567912.71795,7843,64212,0,12582912,-11,0,0,0
21.550752569000906,1779567912.71795,7843,64213,1,12582912,12,0,0,0
21.550752569000906,1779567912.71795,7843,64214,2,12582912,30,0,0,0
21.550752569000906,1779567912.71795,7843,64215,3,12582912,26,0,0,0
21.550752569000906,1779567912.71795,7843,64216,4,12582912,8,0,0,0
21.550752569000906,1779567912.71795,7843,64217,5,12582912,-8,0,0,0
21.550752569000906,1779567912.71795,7843,64218,6,12582912,-6,0,0,0
21.550752569000906,1779567912.71795,7843,64219,7,12582912,5,0,0,0
21.57249951400081,1779567912.739697,7844,64220,0,12582912,8,0,0,0
21.57249951400081,1779567912.739697,7844,64221,1,12582912,4,0,0,0
21.57249951400081,1779567912.739697,7844,64222,2,12582912,-1,0,0,0
21.57249951400081,1779567912.739697,7844,64223,3,12582912,-10,0,0,0
21.57249951400081,1779567912.739697,7844,64224,4,12582912,-26,0,0,0
21.57249951400081,1779567912.739697,7844,64225,5,12582912,-40,0,0,0
21.57249951400081,1779567912.739697,7844,64226,6,12582912,-40,0,0,0
21.57249951400081,1779567912.739697,7844,64227,7,12582912,-33,0,0,0
21.61534919100086,1779567912.782547,7845,64228,0,12582912,-33,0,0,0
21.61534919100086,1779567912.782547,7845,64229,1,12582912,-38,0,0,0
21.61534919100086,1779567912.782547,7845,64230,2,12582912,-38,0,0,0
21.61534919100086,1779567912.782547,7845,64231,3,12582912,-34,0,0,0
21.61534919100086,1779567912.782547,7845,64232,4,12582912,-35,0,0,0
21.61534919100086,1779567912.782547,7845,64233,5,12582912,-41,0,0,0
21.61534919100086,1779567912.782547,7845,64234,6,12582912,-45,0,0,0
21.61534919100086,1779567912.782547,7845,64235,7,12582912,-48,0,0,0
21.701959164000073,1779567912.8691568,7846,64236,0,12582912,-53,0,0,0
21.701959164000073,1779567912.8691568,7846,64237,1,12582912,-51,0,0,0
21.701959164000073,1779567912.8691568,7846,64238,2,12582912,-34,0,0,0
21.701959164000073,1779567912.8691568,7846,64239,3,12582912,-10,0,0,0
21.701959164000073,1779567912.8691568,7846,64240,4,12582912,1,0,0,0
21.701959164000073,1779567912.8691568,7846,64241,5,12582912,-12,0,0,0
21.701959164000073,1779567912.8691568,7846,64242,6,12582912,-28,0,0,0
21.701959164000073,1779567912.8691568,7846,64243,7,12582912,-25,0,0,0
21.70466925099936,1779567912.8718672,7847,64244,0,12582912,-10,0,0,0
21.70466925099936,1779567912.8718672,7847,64245,1,12582912,1,0,0,0
21.70466925099936,1779567912.8718672,7847,64246,2,12582912,6,0,0,0
21.70466925099936,1779567912.8718672,7847,64247,3,12582912,11,0,0,0
21.70466925099936,1779567912.8718672,7847,64248,4,12582912,22,0,0,0
21.70466925099936,1779567912.8718672,7847,64249,5,12582912,32,0,0,0
21.70466925099936,1779567912.8718672,7847,64250,6,12582912,36,0,0,0
21.70466925099936,1779567912.8718672,7847,64251,7,12582912,37,0,0,0
21.704987166000137,1779567912.8721833,7848,64252,0,12582912,42,0,0,0
21.704987166000137,1779567912.8721833,7848,64253,1,12582912,54,0,0,0
21.704987166000137,1779567912.8721833,7848,64254,2,12582912,63,0,0,0
21.704987166000137,1779567912.8721833,7848,64255,3,12582912,63,0,0,0
21.704987166000137,1779567912.8721833,7848,64256,4,12582912,62,0,0,0
21.704987166000137,1779567912.8721833,7848,64257,5,12582912,67,0,0,0
21.704987166000137,1779567912.8721833,7848,64258,6,12582912,84,0,0,0
21.704987166000137,1779567912.8721833,7848,64259,7,12582912,105,0,0,0
21.761624151000433,1779567912.9288208,7849,64260,0,12582912,113,0,0,0
21.761624151000433,1779567912.9288208,7849,64261,1,12582912,109,0,0,0
21.761624151000433,1779567912.9288208,7849,64262,2,12582912,107,0,0,0
21.761624151000433,1779567912.9288208,7849,64263,3,12582912,115,0,0,0
21.761624151000433,1779567912.9288208,7849,64264,4,12582912,124,0,0,0
21.761624151000433,1779567912.9288208,7849,64265,5,12582912,127,0,0,0
21.761624151000433,1779567912.9288208,7849,64266,6,12582912,130,0,0,0
21.761624151000433,1779567912.9288208,7849,64267,7,12582912,135,0,0,0
21.79710361400066,1779567912.9643006,7850,64268,0,12582912,139,0,0,0
21.79710361400066,1779567912.9643006,7850,64269,1,12582912,141,0,0,0
21.79710361400066,1779567912.9643006,7850,64270,2,12582912,141,0,0,0
21.79710361400066,1779567912.9643006,7850,64271,3,12582912,136,0,0,0
21.79710361400066,1779567912.9643006,7850,64272,4,12582912,128,0,0,0
21.79710361400066,1779567912.9643006,7850,64273,5,12582912,126,0,0,0
21.79710361400066,1779567912.9643006,7850,64274,6,12582912,130,0,0,0
21.79710361400066,1779567912.9643006,7850,64275,7,12582912,132,0,0,0
21.79724272800013,1779567912.964438,7851,64276,0,12582912,131,0,0,0
21.79724272800013,1779567912.964438,7851,64277,1,12582912,131,0,0,0
21.79724272800013,1779567912.964438,7851,64278,2,12582912,139,0,0,0
21.79724272800013,1779567912.964438,7851,64279,3,12582912,145,0,0,0
21.79724272800013,1779567912.964438,7851,64280,4,12582912,140,0,0,0
21.79724272800013,1779567912.964438,7851,64281,5,12582912,134,0,0,0
21.79724272800013,1779567912.964438,7851,64282,6,12582912,137,0,0,0
21.79724272800013,1779567912.964438,7851,64283,7,12582912,141,0,0,0
21.83955261600022,1779567913.0067492,7852,64284,0,12582912,139,0,0,0
21.83955261600022,1779567913.0067492,7852,64285,1,12582912,134,0,0,0
21.83955261600022,1779567913.0067492,7852,64286,2,12582912,134,0,0,0
21.83955261600022,1779567913.0067492,7852,64287,3,12582912,135,0,0,0
21.83955261600022,1779567913.0067492,7852,64288,4,12582912,134,0,0,0
21.83955261600022,1779567913.0067492,7852,64289,5,12582912,132,0,0,0
21.83955261600022,1779567913.0067492,7852,64290,6,12582912,130,0,0,0
21.83955261600022,1779567913.0067492,7852,64291,7,12582912,130,0,0,0
21.860957064000104,1779567913.0281544,7853,64292,0,12582912,133,0,0,0
21.860957064000104,1779567913.0281544,7853,64293,1,12582912,144,0,0,0
21.860957064000104,1779567913.0281544,7853,64294,2,12582912,164,0,0,0
21.860957064000104,1779567913.0281544,7853,64295,3,12582912,170,0,0,0
21.860957064000104,1779567913.0281544,7853,64296,4,12582912,152,0,0,0
21.860957064000104,1779567913.0281544,7853,64297,5,12582912,126,0,0,0
21.860957064000104,1779567913.0281544,7853,64298,6,12582912,113,0,0,0
21.860957064000104,1779567913.0281544,7853,64299,7,12582912,116,0,0,0
21.89292951800053,1779567913.060127,7854,64300,0,12582912,129,0,0,0
21.89292951800053,1779567913.060127,7854,64301,1,12582912,136,0,0,0
21.89292951800053,1779567913.060127,7854,64302,2,12582912,136,0,0,0
21.89292951800053,1779567913.060127,7854,64303,3,12582912,138,0,0,0
21.89292951800053,1779567913.060127,7854,64304,4,12582912,136,0,0,0
21.89292951800053,1779567913.060127,7854,64305,5,12582912,135,0,0,0
21.89292951800053,1779567913.060127,7854,64306,6,12582912,144,0,0,0
21.89292951800053,1779567913.060127,7854,64307,7,12582912,152,0,0,0
21.93580997599929,1779567913.1030078,7855,64308,0,12582912,140,0,0,0
21.93580997599929,1779567913.1030078,7855,64309,1,12582912,123,0,0,0
21.93580997599929,1779567913.1030078,7855,64310,2,12582912,128,0,0,0
21.93580997599929,1779567913.1030078,7855,64311,3,12582912,137,0,0,0
21.93580997599929,1779567913.1030078,7855,64312,4,12582912,128,0,0,0
21.93580997599929,1779567913.1030078,7855,64313,5,12582912,118,0,0,0
21.93580997599929,1779567913.1030078,7855,64314,6,12582912,125,0,0,0
21.93580997599929,1779567913.1030078,7855,64315,7,12582912,146,0,0,0
21.957471818999693,1779567913.1246698,7856,64316,0,12582912,155,0,0,0
21.957471818999693,1779567913.1246698,7856,64317,1,12582912,131,0,0,0
21.957471818999693,1779567913.1246698,7856,64318,2,12582912,99,0,0,0
21.957471818999693,1779567913.1246698,7856,64319,3,12582912,97,0,0,0
21.957471818999693,1779567913.1246698,7856,64320,4,12582912,118,0,0,0
21.957471818999693,1779567913.1246698,7856,64321,5,12582912,123,0,0,0
21.957471818999693,1779567913.1246698,7856,64322,6,12582912,111,0,0,0
21.957471818999693,1779567913.1246698,7856,64323,7,12582912,114,0,0,0
22.017657844000496,1779567913.1848555,7857,64324,0,12582912,137,0,0,0
22.017657844000496,1779567913.1848555,7857,64325,1,12582912,150,0,0,0
22.017657844000496,1779567913.1848555,7857,64326,2,12582912,130,0,0,0
22.017657844000496,1779567913.1848555,7857,64327,3,12582912,92,0,0,0
22.017657844000496,1779567913.1848555,7857,64328,4,12582912,69,0,0,0
22.017657844000496,1779567913.1848555,7857,64329,5,12582912,62,0,0,0
22.017657844000496,1779567913.1848555,7857,64330,6,12582912,63,0,0,0
22.017657844000496,1779567913.1848555,7857,64331,7,12582912,73,0,0,0
22.01796310300051,1779567913.1851594,7858,64332,0,12582912,85,0,0,0
22.01796310300051,1779567913.1851594,7858,64333,1,12582912,92,0,0,0
22.01796310300051,1779567913.1851594,7858,64334,2,12582912,79,0,0,0
22.01796310300051,1779567913.1851594,7858,64335,3,12582912,54,0,0,0
22.01796310300051,1779567913.1851594,7858,64336,4,12582912,48,0,0,0
22.01796310300051,1779567913.1851594,7858,64337,5,12582912,56,0,0,0
22.01796310300051,1779567913.1851594,7858,64338,6,12582912,66,0,0,0
22.01796310300051,1779567913.1851594,7858,64339,7,12582912,71,0,0,0
22.060886581000887,1779567913.2280846,7859,64340,0,12582912,62,0,0,0
22.060886581000887,1779567913.2280846,7859,64341,1,12582912,44,0,0,0
22.060886581000887,1779567913.2280846,7859,64342,2,12582912,30,0,0,0
22.060886581000887,1779567913.2280846,7859,64343,3,12582912,25,0,0,0
22.060886581000887,1779567913.2280846,7859,64344,4,12582912,23,0,0,0
22.060886581000887,1779567913.2280846,7859,64345,5,12582912,23,0,0,0
22.060886581000887,1779567913.2280846,7859,64346,6,12582912,25,0,0,0
22.060886581000887,1779567913.2280846,7859,64347,7,12582912,22,0,0,0
22.082510820000607,1779567913.249709,7860,64348,0,12582912,11,0,0,0
22.082510820000607,1779567913.249709,7860,64349,1,12582912,0,0,0,0
22.082510820000607,1779567913.249709,7860,64350,2,12582912,-3,0,0,0
22.082510820000607,1779567913.249709,7860,64351,3,12582912,3,0,0,0
22.082510820000607,1779567913.249709,7860,64352,4,12582912,6,0,0,0
22.082510820000607,1779567913.249709,7860,64353,5,12582912,5,0,0,0
22.082510820000607,1779567913.249709,7860,64354,6,12582912,6,0,0,0
22.082510820000607,1779567913.249709,7860,64355,7,12582912,10,0,0,0
22.15160845600076,1779567913.3188062,7861,64356,0,12582912,17,0,0,0
22.15160845600076,1779567913.3188062,7861,64357,1,12582912,18,0,0,0
22.15160845600076,1779567913.3188062,7861,64358,2,12582912,12,0,0,0
22.15160845600076,1779567913.3188062,7861,64359,3,12582912,2,0,0,0
22.15160845600076,1779567913.3188062,7861,64360,4,12582912,-2,0,0,0
22.15160845600076,1779567913.3188062,7861,64361,5,12582912,0,0,0,0
22.15160845600076,1779567913.3188062,7861,64362,6,12582912,0,0,0,0
22.15160845600076,1779567913.3188062,7861,64363,7,12582912,-6,0,0,0
22.226690532999783,1779567913.393888,7862,64364,0,12582912,-9,0,0,0
22.226690532999783,1779567913.393888,7862,64365,1,12582912,-4,0,0,0
22.226690532999783,1779567913.393888,7862,64366,2,12582912,4,0,0,0
22.226690532999783,1779567913.393888,7862,64367,3,12582912,2,0,0,0
22.226690532999783,1779567913.393888,7862,64368,4,12582912,-9,0,0,0
22.226690532999783,1779567913.393888,7862,64369,5,12582912,-18,0,0,0
22.226690532999783,1779567913.393888,7862,64370,6,12582912,-20,0,0,0
22.226690532999783,1779567913.393888,7862,64371,7,12582912,-20,0,0,0
22.233461739999257,1779567913.4006603,7863,64372,0,12582912,-25,0,0,0
22.233461739999257,1779567913.4006603,7863,64373,1,12582912,-36,0,0,0
22.233461739999257,1779567913.4006603,7863,64374,2,12582912,-38,0,0,0
22.233461739999257,1779567913.4006603,7863,64375,3,12582912,-23,0,0,0
22.233461739999257,1779567913.4006603,7863,64376,4,12582912,-2,0,0,0
22.233461739999257,1779567913.4006603,7863,64377,5,12582912,6,0,0,0
22.233461739999257,1779567913.4006603,7863,64378,6,12582912,-2,0,0,0
22.233461739999257,1779567913.4006603,7863,64379,7,12582912,-18,0,0,0
22.233782728000733,1779567913.400979,7864,64380,0,12582912,-28,0,0,0
22.233782728000733,1779567913.400979,7864,64381,1,12582912,-31,0,0,0
22.233782728000733,1779567913.400979,7864,64382,2,12582912,-27,0,0,0
22.233782728000733,1779567913.400979,7864,64383,3,12582912,-12,0,0,0
22.233782728000733,1779567913.400979,7864,64384,4,12582912,7,0,0,0
22.233782728000733,1779567913.400979,7864,64385,5,12582912,18,0,0,0
22.233782728000733,1779567913.400979,7864,64386,6,12582912,27,0,0,0
22.233782728000733,1779567913.400979,7864,64387,7,12582912,34,0,0,0
22.255594620999545,1779567913.4227922,7865,64388,0,12582912,28,0,0,0
22.255594620999545,1779567913.4227922,7865,64389,1,12582912,14,0,0,0
22.255594620999545,1779567913.4227922,7865,64390,2,12582912,6,0,0,0
22.255594620999545,1779567913.4227922,7865,64391,3,12582912,6,0,0,0
22.255594620999545,1779567913.4227922,7865,64392,4,12582912,12,0,0,0
22.255594620999545,1779567913.4227922,7865,64393,5,12582912,31,0,0,0
22.255594620999545,1779567913.4227922,7865,64394,6,12582912,54,0,0,0
22.255594620999545,1779567913.4227922,7865,64395,7,12582912,63,0,0,0
22.277311879999615,1779567913.44451,7866,64396,0,12582912,54,0,0,0
22.277311879999615,1779567913.44451,7866,64397,1,12582912,49,0,0,0
22.277311879999615,1779567913.44451,7866,64398,2,12582912,54,0,0,0
22.277311879999615,1779567913.44451,7866,64399,3,12582912,56,0,0,0
22.277311879999615,1779567913.44451,7866,64400,4,12582912,51,0,0,0
22.277311879999615,1779567913.44451,7866,64401,5,12582912,46,0,0,0
22.277311879999615,1779567913.44451,7866,64402,6,12582912,42,0,0,0
22.277311879999615,1779567913.44451,7866,64403,7,12582912,60,0,0,0
22.32045332599955,1779567913.4876509,7867,64404,0,12582912,100,0,0,0
22.32045332599955,1779567913.4876509,7867,64405,1,12582912,120,0,0,0
22.32045332599955,1779567913.4876509,7867,64406,2,12582912,80,0,0,0
22.32045332599955,1779567913.4876509,7867,64407,3,12582912,24,0,0,0
22.32045332599955,1779567913.4876509,7867,64408,4,12582912,12,0,0,0
22.32045332599955,1779567913.4876509,7867,64409,5,12582912,41,0,0,0
22.32045332599955,1779567913.4876509,7867,64410,6,12582912,83,0,0,0
22.32045332599955,1779567913.4876509,7867,64411,7,12582912,103,0,0,0
22.342150271999344,1779567913.509348,7868,64412,0,12582912,88,0,0,0
22.342150271999344,1779567913.509348,7868,64413,1,12582912,84,0,0,0
22.342150271999344,1779567913.509348,7868,64414,2,12582912,91,0,0,0
22.342150271999344,1779567913.509348,7868,64415,3,12582912,64,0,0,0
22.342150271999344,1779567913.509348,7868,64416,4,12582912,29,0,0,0
22.342150271999344,1779567913.509348,7868,64417,5,12582912,13,0,0,0
22.342150271999344,1779567913.509348,7868,64418,6,12582912,1,0,0,0
22.342150271999344,1779567913.509348,7868,64419,7,12582912,9,0,0,0
22.38480604399956,1779567913.552003,7869,64420,0,12582912,71,0,0,0
22.38480604399956,1779567913.552003,7869,64421,1,12582912,132,0,0,0
22.38480604399956,1779567913.552003,7869,64422,2,12582912,118,0,0,0
22.38480604399956,1779567913.552003,7869,64423,3,12582912,108,0,0,0
22.38480604399956,1779567913.552003,7869,64424,4,12582912,109,0,0,0
22.38480604399956,1779567913.552003,7869,64425,5,12582912,26,0,0,0
22.38480604399956,1779567913.552003,7869,64426,6,12582912,-45,0,0,0
22.38480604399956,1779567913.552003,7869,64427,7,12582912,-5,0,0,0
22.424527199000295,1779567913.5917237,7870,64428,0,12582912,28,0,0,0
22.424527199000295,1779567913.5917237,7870,64429,1,12582912,-23,0,0,0
22.424527199000295,1779567913.5917237,7870,64430,2,12582912,-81,0,0,0
22.424527199000295,1779567913.5917237,7870,64431,3,12582912,-118,0,0,0
22.424527199000295,1779567913.5917237,7870,64432,4,12582912,-167,0,0,0
22.424527199000295,1779567913.5917237,7870,64433,5,12582912,-241,0,0,0
22.424527199000295,1779567913.5917237,7870,64434,6,12582912,-373,0,0,0
22.424527199000295,1779567913.5917237,7870,64435,7,12582912,-520,0,0,0
22.44579060599972,1779567913.6129873,7871,64436,0,12582912,-602,0,0,0
22.44579060599972,1779567913.6129873,7871,64437,1,12582912,-641,0,0,0
22.44579060599972,1779567913.6129873,7871,64438,2,12582912,-702,0,0,0
22.44579060599972,1779567913.6129873,7871,64439,3,12582912,-784,0,0,0
22.44579060599972,1779567913.6129873,7871,64440,4,12582912,-848,0,0,0
22.44579060599972,1779567913.6129873,7871,64441,5,12582912,-877,0,0,0
22.44579060599972,1779567913.6129873,7871,64442,6,12582912,-918,0,0,0
22.44579060599972,1779567913.6129873,7871,64443,7,12582912,-1026,0,0,0
22.467299011999785,1779567913.6344957,7872,64444,0,12582912,-1139,0,0,0
22.467299011999785,1779567913.6344957,7872,64445,1,12582912,-1187,0,0,0
22.467299011999785,1779567913.6344957,7872,64446,2,12582912,-1209,0,0,0
22.467299011999785,1779567913.6344957,7872,64447,3,12582912,-1253,0,0,0
22.467299011999785,1779567913.6344957,7872,64448,4,12582912,-1301,0,0,0
22.467299011999785,1779567913.6344957,7872,64449,5,12582912,-1320,0,0,0
22.467299011999785,1779567913.6344957,7872,64450,6,12582912,-1319,0,0,0
22.467299011999785,1779567913.6344957,7872,64451,7,12582912,-1334,0,0,0
22.51009129399972,1779567913.677289,7873,64452,0,12582912,-1374,0,0,0
22.51009129399972,1779567913.677289,7873,64453,1,12582912,-1407,0,0,0
22.51009129399972,1779567913.677289,7873,64454,2,12582912,-1404,0,0,0
22.51009129399972,1779567913.677289,7873,64455,3,12582912,-1376,0,0,0
22.51009129399972,1779567913.677289,7873,64456,4,12582912,-1359,0,0,0
22.51009129399972,1779567913.677289,7873,64457,5,12582912,-1362,0,0,0
22.51009129399972,1779567913.677289,7873,64458,6,12582912,-1359,0,0,0
22.51009129399972,1779567913.677289,7873,64459,7,12582912,-1328,0,0,0
22.556274542999745,1779567913.7234714,7874,64460,0,12582912,-1282,0,0,0
22.556274542999745,1779567913.7234714,7874,64461,1,12582912,-1248,0,0,0
22.556274542999745,1779567913.7234714,7874,64462,2,12582912,-1230,0,0,0
22.556274542999745,1779567913.7234714,7874,64463,3,12582912,-1209,0,0,0
22.556274542999745,1779567913.7234714,7874,64464,4,12582912,-1171,0,0,0
22.556274542999745,1779567913.7234714,7874,64465,5,12582912,-1130,0,0,0
22.556274542999745,1779567913.7234714,7874,64466,6,12582912,-1099,0,0,0
22.556274542999745,1779567913.7234714,7874,64467,7,12582912,-1070,0,0,0
22.57777909499964,1779567913.744977,7875,64468,0,12582912,-1025,0,0,0
22.57777909499964,1779567913.744977,7875,64469,1,12582912,-962,0,0,0
22.57777909499964,1779567913.744977,7875,64470,2,12582912,-903,0,0,0
22.57777909499964,1779567913.744977,7875,64471,3,12582912,-861,0,0,0
22.57777909499964,1779567913.744977,7875,64472,4,12582912,-836,0,0,0
22.57777909499964,1779567913.744977,7875,64473,5,12582912,-809,0,0,0
22.57777909499964,1779567913.744977,7875,64474,6,12582912,-769,0,0,0
22.57777909499964,1779567913.744977,7875,64475,7,12582912,-726,0,0,0
22.599538697000753,1779567913.7667363,7876,64476,0,12582912,-696,0,0,0
22.599538697000753,1779567913.7667363,7876,64477,1,12582912,-679,0,0,0
22.599538697000753,1779567913.7667363,7876,64478,2,12582912,-660,0,0,0
22.599538697000753,1779567913.7667363,7876,64479,3,12582912,-628,0,0,0
22.599538697000753,1779567913.7667363,7876,64480,4,12582912,-589,0,0,0
22.599538697000753,1779567913.7667363,7876,64481,5,12582912,-561,0,0,0
22.599538697000753,1779567913.7667363,7876,64482,6,12582912,-544,0,0,0
22.599538697000753,1779567913.7667363,7876,64483,7,12582912,-527,0,0,0
22.636260339999353,1779567913.803458,7877,64484,0,12582912,-502,0,0,0
22.636260339999353,1779567913.803458,7877,64485,1,12582912,-474,0,0,0
22.636260339999353,1779567913.803458,7877,64486,2,12582912,-450,0,0,0
22.636260339999353,1779567913.803458,7877,64487,3,12582912,-427,0,0,0
22.636260339999353,1779567913.803458,7877,64488,4,12582912,-405,0,0,0
22.636260339999353,1779567913.803458,7877,64489,5,12582912,-381,0,0,0
22.636260339999353,1779567913.803458,7877,64490,6,12582912,-360,0,0,0
22.636260339999353,1779567913.803458,7877,64491,7,12582912,-345,0,0,0
22.710973670000385,1779567913.8781712,7878,64492,0,12582912,-336,0,0,0
22.710973670000385,1779567913.8781712,7878,64493,1,12582912,-320,0,0,0
22.710973670000385,1779567913.8781712,7878,64494,2,12582912,-295,0,0,0
22.710973670000385,1779567913.8781712,7878,64495,3,12582912,-269,0,0,0
22.710973670000385,1779567913.8781712,7878,64496,4,12582912,-251,0,0,0
22.710973670000385,1779567913.8781712,7878,64497,5,12582912,-237,0,0,0
22.710973670000385,1779567913.8781712,7878,64498,6,12582912,-221,0,0,0
22.710973670000385,1779567913.8781712,7878,64499,7,12582912,-199,0,0,0
22.71137210500092,1779567913.8785682,7879,64500,0,12582912,-184,0,0,0
22.71137210500092,1779567913.8785682,7879,64501,1,12582912,-157,0,0,0
22.71137210500092,1779567913.8785682,7879,64502,2,12582912,-157,0,0,0
22.71137210500092,1779567913.8785682,7879,64503,3,12582912,-248,0,0,0
22.71137210500092,1779567913.8785682,7879,64504,4,12582912,-293,0,0,0
22.71137210500092,1779567913.8785682,7879,64505,5,12582912,-149,0,0,0
22.71137210500092,1779567913.8785682,7879,64506,6,12582912,41,0,0,0
22.71137210500092,1779567913.8785682,7879,64507,7,12582912,47,0,0,0
22.735881950000476,1779567913.9030795,7880,64508,0,12582912,-115,0,0,0
22.735881950000476,1779567913.9030795,7880,64509,1,12582912,-209,0,0,0
22.735881950000476,1779567913.9030795,7880,64510,2,12582912,-111,0,0,0
22.735881950000476,1779567913.9030795,7880,64511,3,12582912,40,0,0,0
22.735881950000476,1779567913.9030795,7880,64512,4,12582912,48,0,0,0
22.735881950000476,1779567913.9030795,7880,64513,5,12582912,-77,0,0,0
22.735881950000476,1779567913.9030795,7880,64514,6,12582912,-153,0,0,0
22.735881950000476,1779567913.9030795,7880,64515,7,12582912,-75,0,0,0
22.78038922000087,1779567913.9475858,7881,64516,0,12582912,49,0,0,0
22.78038922000087,1779567913.9475858,7881,64517,1,12582912,61,0,0,0
22.78038922000087,1779567913.9475858,7881,64518,2,12582912,-37,0,0,0
22.78038922000087,1779567913.9475858,7881,64519,3,12582912,-101,0,0,0
22.78038922000087,1779567913.9475858,7881,64520,4,12582912,-47,0,0,0
22.78038922000087,1779567913.9475858,7881,64521,5,12582912,46,0,0,0
22.78038922000087,1779567913.9475858,7881,64522,6,12582912,57,0,0,0
22.78038922000087,1779567913.9475858,7881,64523,7,12582912,-14,0,0,0
22.80183569899964,1779567913.9690325,7882,64524,0,12582912,-61,0,0,0
22.80183569899964,1779567913.9690325,7882,64525,1,12582912,-21,0,0,0
22.80183569899964,1779567913.9690325,7882,64526,2,12582912,50,0,0,0
22.80183569899964,1779567913.9690325,7882,64527,3,12582912,61,0,0,0
22.80183569899964,1779567913.9690325,7882,64528,4,12582912,12,0,0,0
22.80183569899964,1779567913.9690325,7882,64529,5,12582912,-20,0,0,0
22.80183569899964,1779567913.9690325,7882,64530,6,12582912,14,0,0,0
22.80183569899964,1779567913.9690325,7882,64531,7,12582912,67,0,0,0
22.830301874000725,1779567913.997499,7883,64532,0,12582912,69,0,0,0
22.830301874000725,1779567913.997499,7883,64533,1,12582912,21,0,0,0
22.830301874000725,1779567913.997499,7883,64534,2,12582912,-9,0,0,0
22.830301874000725,1779567913.997499,7883,64535,3,12582912,19,0,0,0
22.830301874000725,1779567913.997499,7883,64536,4,12582912,65,0,0,0
22.830301874000725,1779567913.997499,7883,64537,5,12582912,69,0,0,0
22.830301874000725,1779567913.997499,7883,64538,6,12582912,36,0,0,0
22.830301874000725,1779567913.997499,7883,64539,7,12582912,20,0,0,0
22.873237436000636,1779567914.0404346,7884,64540,0,12582912,44,0,0,0
22.873237436000636,1779567914.0404346,7884,64541,1,12582912,79,0,0,0
22.873237436000636,1779567914.0404346,7884,64542,2,12582912,83,0,0,0
22.873237436000636,1779567914.0404346,7884,64543,3,12582912,64,0,0,0
22.873237436000636,1779567914.0404346,7884,64544,4,12582912,55,0,0,0
22.873237436000636,1779567914.0404346,7884,64545,5,12582912,73,0,0,0
22.873237436000636,1779567914.0404346,7884,64546,6,12582912,98,0,0,0
22.873237436000636,1779567914.0404346,7884,64547,7,12582912,98,0,0,0
22.894862402999934,1779567914.06206,7885,64548,0,12582912,72,0,0,0
22.894862402999934,1779567914.06206,7885,64549,1,12582912,53,0,0,0
22.894862402999934,1779567914.06206,7885,64550,2,12582912,66,0,0,0
22.894862402999934,1779567914.06206,7885,64551,3,12582912,96,0,0,0
22.894862402999934,1779567914.06206,7885,64552,4,12582912,110,0,0,0
22.894862402999934,1779567914.06206,7885,64553,5,12582912,97,0,0,0
22.894862402999934,1779567914.06206,7885,64554,6,12582912,79,0,0,0
22.894862402999934,1779567914.06206,7885,64555,7,12582912,75,0,0,0
22.952721203999317,1779567914.1199176,7886,64556,0,12582912,83,0,0,0
22.952721203999317,1779567914.1199176,7886,64557,1,12582912,84,0,0,0
22.952721203999317,1779567914.1199176,7886,64558,2,12582912,72,0,0,0
22.952721203999317,1779567914.1199176,7886,64559,3,12582912,63,0,0,0
22.952721203999317,1779567914.1199176,7886,64560,4,12582912,71,0,0,0
22.952721203999317,1779567914.1199176,7886,64561,5,12582912,86,0,0,0
22.952721203999317,1779567914.1199176,7886,64562,6,12582912,92,0,0,0
22.952721203999317,1779567914.1199176,7886,64563,7,12582912,80,0,0,0
22.97437710899976,1779567914.1415749,7887,64564,0,12582912,62,0,0,0
22.97437710899976,1779567914.1415749,7887,64565,1,12582912,61,0,0,0
22.97437710899976,1779567914.1415749,7887,64566,2,12582912,78,0,0,0
22.97437710899976,1779567914.1415749,7887,64567,3,12582912,88,0,0,0
22.97437710899976,1779567914.1415749,7887,64568,4,12582912,75,0,0,0
22.97437710899976,1779567914.1415749,7887,64569,5,12582912,53,0,0,0
22.97437710899976,1779567914.1415749,7887,64570,6,12582912,43,0,0,0
22.97437710899976,1779567914.1415749,7887,64571,7,12582912,40,0,0,0
22.996125044999644,1779567914.163323,7888,64572,0,12582912,32,0,0,0
22.996125044999644,1779567914.163323,7888,64573,1,12582912,17,0,0,0
22.996125044999644,1779567914.163323,7888,64574,2,12582912,5,0,0,0
22.996125044999644,1779567914.163323,7888,64575,3,12582912,0,0,0,0
22.996125044999644,1779567914.163323,7888,64576,4,12582912,-11,0,0,0
22.996125044999644,1779567914.163323,7888,64577,5,12582912,-22,0,0,0
22.996125044999644,1779567914.163323,7888,64578,6,12582912,-17,0,0,0
22.996125044999644,1779567914.163323,7888,64579,7,12582912,4,0,0,0
23.05561732500064,1779567914.2228155,7889,64580,0,12582912,29,0,0,0
23.05561732500064,1779567914.2228155,7889,64581,1,12582912,41,0,0,0
23.05561732500064,1779567914.2228155,7889,64582,2,12582912,38,0,0,0
23.05561732500064,1779567914.2228155,7889,64583,3,12582912,41,0,0,0
23.05561732500064,1779567914.2228155,7889,64584,4,12582912,63,0,0,0
23.05561732500064,1779567914.2228155,7889,64585,5,12582912,89,0,0,0
23.05561732500064,1779567914.2228155,7889,64586,6,12582912,85,0,0,0
23.05561732500064,1779567914.2228155,7889,64587,7,12582912,45,0,0,0
23.055923208999957,1779567914.2231193,7890,64588,0,12582912,7,0,0,0
23.055923208999957,1779567914.2231193,7890,64589,1,12582912,9,0,0,0
23.055923208999957,1779567914.2231193,7890,64590,2,12582912,67,0,0,0
23.055923208999957,1779567914.2231193,7890,64591,3,12582912,139,0,0,0
23.055923208999957,1779567914.2231193,7890,64592,4,12582912,145,0,0,0
23.055923208999957,1779567914.2231193,7890,64593,5,12582912,99,0,0,0
23.055923208999957,1779567914.2231193,7890,64594,6,12582912,68,0,0,0
23.055923208999957,1779567914.2231193,7890,64595,7,12582912,64,0,0,0
23.09865981400071,1779567914.2658575,7891,64596,0,12582912,75,0,0,0
23.09865981400071,1779567914.2658575,7891,64597,1,12582912,105,0,0,0
23.09865981400071,1779567914.2658575,7891,64598,2,12582912,158,0,0,0
23.09865981400071,1779567914.2658575,7891,64599,3,12582912,202,0,0,0
23.09865981400071,1779567914.2658575,7891,64600,4,12582912,215,0,0,0
23.09865981400071,1779567914.2658575,7891,64601,5,12582912,231,0,0,0
23.09865981400071,1779567914.2658575,7891,64602,6,12582912,228,0,0,0
23.09865981400071,1779567914.2658575,7891,64603,7,12582912,150,0,0,0
23.120389989000614,1779567914.2875881,7892,64604,0,12582912,76,0,0,0
23.120389989000614,1779567914.2875881,7892,64605,1,12582912,85,0,0,0
23.120389989000614,1779567914.2875881,7892,64606,2,12582912,148,0,0,0
23.120389989000614,1779567914.2875881,7892,64607,3,12582912,261,0,0,0
23.120389989000614,1779567914.2875881,7892,64608,4,12582912,373,0,0,0
23.120389989000614,1779567914.2875881,7892,64609,5,12582912,355,0,0,0
23.120389989000614,1779567914.2875881,7892,64610,6,12582912,259,0,0,0
23.120389989000614,1779567914.2875881,7892,64611,7,12582912,247,0,0,0
23.163236958000198,1779567914.3304355,7893,64612,0,12582912,301,0,0,0
23.163236958000198,1779567914.3304355,7893,64613,1,12582912,281,0,0,0
23.163236958000198,1779567914.3304355,7893,64614,2,12582912,191,0,0,0
23.163236958000198,1779567914.3304355,7893,64615,3,12582912,153,0,0,0
23.163236958000198,1779567914.3304355,7893,64616,4,12582912,166,0,0,0
23.163236958000198,1779567914.3304355,7893,64617,5,12582912,168,0,0,0
23.163236958000198,1779567914.3304355,7893,64618,6,12582912,163,0,0,0
23.163236958000198,1779567914.3304355,7893,64619,7,12582912,161,0,0,0
23.19842762100052,1779567914.3656254,7894,64620,0,12582912,157,0,0,0
23.19842762100052,1779567914.3656254,7894,64621,1,12582912,130,0,0,0
23.19842762100052,1779567914.3656254,7894,64622,2,12582912,54,0,0,0
23.19842762100052,1779567914.3656254,7894,64623,3,12582912,-27,0,0,0
23.19842762100052,1779567914.3656254,7894,64624,4,12582912,-58,0,0,0
23.19842762100052,1779567914.3656254,7894,64625,5,12582912,-90,0,0,0
23.19842762100052,1779567914.3656254,7894,64626,6,12582912,-169,0,0,0
23.19842762100052,1779567914.3656254,7894,64627,7,12582912,-233,0,0,0
23.220148316999257,1779567914.3873463,7895,64628,0,12582912,-240,0,0,0
23.220148316999257,1779567914.3873463,7895,64629,1,12582912,-233,0,0,0
23.220148316999257,1779567914.3873463,7895,64630,2,12582912,-250,0,0,0
23.220148316999257,1779567914.3873463,7895,64631,3,12582912,-284,0,0,0
23.220148316999257,1779567914.3873463,7895,64632,4,12582912,-306,0,0,0
23.220148316999257,1779567914.3873463,7895,64633,5,12582912,-305,0,0,0
23.220148316999257,1779567914.3873463,7895,64634,6,12582912,-302,0,0,0
23.220148316999257,1779567914.3873463,7895,64635,7,12582912,-315,0,0,0
23.257163500000388,1779567914.4243612,7896,64636,0,12582912,-335,0,0,0
23.257163500000388,1779567914.4243612,7896,64637,1,12582912,-339,0,0,0
23.257163500000388,1779567914.4243612,7896,64638,2,12582912,-323,0,0,0
23.257163500000388,1779567914.4243612,7896,64639,3,12582912,-305,0,0,0
23.257163500000388,1779567914.4243612,7896,64640,4,12582912,-301,0,0,0
23.257163500000388,1779567914.4243612,7896,64641,5,12582912,-300,0,0,0
23.257163500000388,1779567914.4243612,7896,64642,6,12582912,-286,0,0,0
23.257163500000388,1779567914.4243612,7896,64643,7,12582912,-260,0,0,0
23.284286141000848,1779567914.451484,7897,64644,0,12582912,-238,0,0,0
23.284286141000848,1779567914.451484,7897,64645,1,12582912,-229,0,0,0
23.284286141000848,1779567914.451484,7897,64646,2,12582912,-226,0,0,0
23.284286141000848,1779567914.451484,7897,64647,3,12582912,-219,0,0,0
23.284286141000848,1779567914.451484,7897,64648,4,12582912,-199,0,0,0
23.284286141000848,1779567914.451484,7897,64649,5,12582912,-174,0,0,0
23.284286141000848,1779567914.451484,7897,64650,6,12582912,-158,0,0,0
23.284286141000848,1779567914.451484,7897,64651,7,12582912,-151,0,0,0
23.369248678000076,1779567914.536446,7898,64652,0,12582912,-143,0,0,0
23.369248678000076,1779567914.536446,7898,64653,1,12582912,-124,0,0,0
23.369248678000076,1779567914.536446,7898,64654,2,12582912,-101,0,0,0
23.369248678000076,1779567914.536446,7898,64655,3,12582912,-87,0,0,0
23.369248678000076,1779567914.536446,7898,64656,4,12582912,-80,0,0,0
23.369248678000076,1779567914.536446,7898,64657,5,12582912,-68,0,0,0
23.369248678000076,1779567914.536446,7898,64658,6,12582912,-45,0,0,0
23.369248678000076,1779567914.536446,7898,64659,7,12582912,-18,0,0,0
23.369579561000137,1779567914.5367765,7899,64660,0,12582912,4,0,0,0
23.369579561000137,1779567914.5367765,7899,64661,1,12582912,21,0,0,0
23.369579561000137,1779567914.5367765,7899,64662,2,12582912,30,0,0,0
23.369579561000137,1779567914.5367765,7899,64663,3,12582912,32,0,0,0
23.369579561000137,1779567914.5367765,7899,64664,4,12582912,33,0,0,0
23.369579561000137,1779567914.5367765,7899,64665,5,12582912,46,0,0,0
23.369579561000137,1779567914.5367765,7899,64666,6,12582912,64,0,0,0
23.369579561000137,1779567914.5367765,7899,64667,7,12582912,78,0,0,0
23.391516089001016,1779567914.5587142,7900,64668,0,12582912,92,0,0,0
23.391516089001016,1779567914.5587142,7900,64669,1,12582912,108,0,0,0
23.391516089001016,1779567914.5587142,7900,64670,2,12582912,124,0,0,0
23.391516089001016,1779567914.5587142,7900,64671,3,12582912,134,0,0,0
23.391516089001016,1779567914.5587142,7900,64672,4,12582912,132,0,0,0
23.391516089001016,1779567914.5587142,7900,64673,5,12582912,131,0,0,0
23.391516089001016,1779567914.5587142,7900,64674,6,12582912,142,0,0,0
23.391516089001016,1779567914.5587142,7900,64675,7,12582912,154,0,0,0
23.413185223000255,1779567914.5803828,7901,64676,0,12582912,159,0,0,0
23.413185223000255,1779567914.5803828,7901,64677,1,12582912,162,0,0,0
23.413185223000255,1779567914.5803828,7901,64678,2,12582912,167,0,0,0
23.413185223000255,1779567914.5803828,7901,64679,3,12582912,167,0,0,0
23.413185223000255,1779567914.5803828,7901,64680,4,12582912,166,0,0,0
23.413185223000255,1779567914.5803828,7901,64681,5,12582912,174,0,0,0
23.413185223000255,1779567914.5803828,7901,64682,6,12582912,179,0,0,0
23.413185223000255,1779567914.5803828,7901,64683,7,12582912,176,0,0,0
23.464673959999345,1779567914.6318715,7902,64684,0,12582912,174,0,0,0
23.464673959999345,1779567914.6318715,7902,64685,1,12582912,181,0,0,0
23.464673959999345,1779567914.6318715,7902,64686,2,12582912,186,0,0,0
23.464673959999345,1779567914.6318715,7902,64687,3,12582912,180,0,0,0
23.464673959999345,1779567914.6318715,7902,64688,4,12582912,167,0,0,0
23.464673959999345,1779567914.6318715,7902,64689,5,12582912,158,0,0,0
23.464673959999345,1779567914.6318715,7902,64690,6,12582912,165,0,0,0
23.464673959999345,1779567914.6318715,7902,64691,7,12582912,184,0,0,0
23.486446323000564,1779567914.6536438,7903,64692,0,12582912,193,0,0,0
23.486446323000564,1779567914.6536438,7903,64693,1,12582912,183,0,0,0
23.486446323000564,1779567914.6536438,7903,64694,2,12582912,169,0,0,0
23.486446323000564,1779567914.6536438,7903,64695,3,12582912,161,0,0,0
23.486446323000564,1779567914.6536438,7903,64696,4,12582912,157,0,0,0
23.486446323000564,1779567914.6536438,7903,64697,5,12582912,146,0,0,0
23.486446323000564,1779567914.6536438,7903,64698,6,12582912,131,0,0,0
23.486446323000564,1779567914.6536438,7903,64699,7,12582912,127,0,0,0
23.508165769000698,1779567914.6753635,7904,64700,0,12582912,144,0,0,0
23.508165769000698,1779567914.6753635,7904,64701,1,12582912,158,0,0,0
23.508165769000698,1779567914.6753635,7904,64702,2,12582912,144,0,0,0
23.508165769000698,1779567914.6753635,7904,64703,3,12582912,107,0,0,0
23.508165769000698,1779567914.6753635,7904,64704,4,12582912,79,0,0,0
23.508165769000698,1779567914.6753635,7904,64705,5,12582912,81,0,0,0
23.508165769000698,1779567914.6753635,7904,64706,6,12582912,115,0,0,0
23.508165769000698,1779567914.6753635,7904,64707,7,12582912,164,0,0,0
23.55109018499934,1779567914.718288,7905,64708,0,12582912,179,0,0,0
23.55109018499934,1779567914.718288,7905,64709,1,12582912,133,0,0,0
23.55109018499934,1779567914.718288,7905,64710,2,12582912,89,0,0,0
23.55109018499934,1779567914.718288,7905,64711,3,12582912,97,0,0,0
23.55109018499934,1779567914.718288,7905,64712,4,12582912,125,0,0,0
23.55109018499934,1779567914.718288,7905,64713,5,12582912,154,0,0,0
23.55109018499934,1779567914.718288,7905,64714,6,12582912,193,0,0,0
23.55109018499934,1779567914.718288,7905,64715,7,12582912,232,0,0,0
23.57284155799971,1779567914.7400393,7906,64716,0,12582912,243,0,0,0
23.57284155799971,1779567914.7400393,7906,64717,1,12582912,199,0,0,0
23.57284155799971,1779567914.7400393,7906,64718,2,12582912,139,0,0,0
23.57284155799971,1779567914.7400393,7906,64719,3,12582912,125,0,0,0
23.57284155799971,1779567914.7400393,7906,64720,4,12582912,169,0,0,0
23.57284155799971,1779567914.7400393,7906,64721,5,12582912,258,0,0,0
23.57284155799971,1779567914.7400393,7906,64722,6,12582912,343,0,0,0
23.57284155799971,1779567914.7400393,7906,64723,7,12582912,341,0,0,0
23.61570581900014,1779567914.7829034,7907,64724,0,12582912,268,0,0,0
23.61570581900014,1779567914.7829034,7907,64725,1,12582912,227,0,0,0
23.61570581900014,1779567914.7829034,7907,64726,2,12582912,225,0,0,0
23.61570581900014,1779567914.7829034,7907,64727,3,12582912,219,0,0,0
23.61570581900014,1779567914.7829034,7907,64728,4,12582912,222,0,0,0
23.61570581900014,1779567914.7829034,7907,64729,5,12582912,242,0,0,0
23.61570581900014,1779567914.7829034,7907,64730,6,12582912,250,0,0,0
23.61570581900014,1779567914.7829034,7907,64731,7,12582912,235,0,0,0
23.637384483999995,1779567914.804582,7908,64732,0,12582912,225,0,0,0
23.637384483999995,1779567914.804582,7908,64733,1,12582912,247,0,0,0
23.637384483999995,1779567914.804582,7908,64734,2,12582912,270,0,0,0
23.637384483999995,1779567914.804582,7908,64735,3,12582912,263,0,0,0
23.637384483999995,1779567914.804582,7908,64736,4,12582912,238,0,0,0
23.637384483999995,1779567914.804582,7908,64737,5,12582912,221,0,0,0
23.637384483999995,1779567914.804582,7908,64738,6,12582912,225,0,0,0
23.637384483999995,1779567914.804582,7908,64739,7,12582912,237,0,0,0
23.674058315000366,1779567914.8412561,7909,64740,0,12582912,241,0,0,0
23.674058315000366,1779567914.8412561,7909,64741,1,12582912,235,0,0,0
23.674058315000366,1779567914.8412561,7909,64742,2,12582912,227,0,0,0
23.674058315000366,1779567914.8412561,7909,64743,3,12582912,228,0,0,0
23.674058315000366,1779567914.8412561,7909,64744,4,12582912,237,0,0,0
23.674058315000366,1779567914.8412561,7909,64745,5,12582912,246,0,0,0
23.674058315000366,1779567914.8412561,7909,64746,6,12582912,246,0,0,0
23.674058315000366,1779567914.8412561,7909,64747,7,12582912,242,0,0,0
23.77626199199949,1779567914.9434605,7910,64748,0,12582912,242,0,0,0
23.77626199199949,1779567914.9434605,7910,64749,1,12582912,247,0,0,0
23.77626199199949,1779567914.9434605,7910,64750,2,12582912,250,0,0,0
23.77626199199949,1779567914.9434605,7910,64751,3,12582912,248,0,0,0
23.77626199199949,1779567914.9434605,7910,64752,4,12582912,244,0,0,0
23.77626199199949,1779567914.9434605,7910,64753,5,12582912,242,0,0,0
23.77626199199949,1779567914.9434605,7910,64754,6,12582912,243,0,0,0
23.77626199199949,1779567914.9434605,7910,64755,7,12582912,243,0,0,0
23.779524940000556,1779567914.9467232,7911,64756,0,12582912,245,0,0,0
23.779524940000556,1779567914.9467232,7911,64757,1,12582912,245,0,0,0
23.779524940000556,1779567914.9467232,7911,64758,2,12582912,245,0,0,0
23.779524940000556,1779567914.9467232,7911,64759,3,12582912,249,0,0,0
23.779524940000556,1779567914.9467232,7911,64760,4,12582912,252,0,0,0
23.779524940000556,1779567914.9467232,7911,64761,5,12582912,255,0,0,0
23.779524940000556,1779567914.9467232,7911,64762,6,12582912,258,0,0,0
23.779524940000556,1779567914.9467232,7911,64763,7,12582912,261,0,0,0
23.779846761000954,1779567914.9470432,7912,64764,0,12582912,259,0,0,0
23.779846761000954,1779567914.9470432,7912,64765,1,12582912,255,0,0,0
23.779846761000954,1779567914.9470432,7912,64766,2,12582912,255,0,0,0
23.779846761000954,1779567914.9470432,7912,64767,3,12582912,259,0,0,0
23.779846761000954,1779567914.9470432,7912,64768,4,12582912,262,0,0,0
23.779846761000954,1779567914.9470432,7912,64769,5,12582912,253,0,0,0
23.779846761000954,1779567914.9470432,7912,64770,6,12582912,236,0,0,0
23.779846761000954,1779567914.9470432,7912,64771,7,12582912,226,0,0,0
23.801516155999707,1779567914.9687138,7913,64772,0,12582912,233,0,0,0
23.801516155999707,1779567914.9687138,7913,64773,1,12582912,255,0,0,0
23.801516155999707,1779567914.9687138,7913,64774,2,12582912,280,0,0,0
23.801516155999707,1779567914.9687138,7913,64775,3,12582912,283,0,0,0
23.801516155999707,1779567914.9687138,7913,64776,4,12582912,261,0,0,0
23.801516155999707,1779567914.9687138,7913,64777,5,12582912,239,0,0,0
23.801516155999707,1779567914.9687138,7913,64778,6,12582912,230,0,0,0
23.801516155999707,1779567914.9687138,7913,64779,7,12582912,240,0,0,0
23.823242685000878,1779567914.9904408,7914,64780,0,12582912,271,0,0,0
23.823242685000878,1779567914.9904408,7914,64781,1,12582912,289,0,0,0
23.823242685000878,1779567914.9904408,7914,64782,2,12582912,279,0,0,0
23.823242685000878,1779567914.9904408,7914,64783,3,12582912,270,0,0,0
23.823242685000878,1779567914.9904408,7914,64784,4,12582912,247,0,0,0
23.823242685000878,1779567914.9904408,7914,64785,5,12582912,200,0,0,0
23.823242685000878,1779567914.9904408,7914,64786,6,12582912,193,0,0,0
23.823242685000878,1779567914.9904408,7914,64787,7,12582912,269,0,0,0
23.882559342000604,1779567915.0497572,7915,64788,0,12582912,366,0,0,0
23.882559342000604,1779567915.0497572,7915,64789,1,12582912,377,0,0,0
23.882559342000604,1779567915.0497572,7915,64790,2,12582912,308,0,0,0
23.882559342000604,1779567915.0497572,7915,64791,3,12582912,266,0,0,0
23.882559342000604,1779567915.0497572,7915,64792,4,12582912,252,0,0,0
23.882559342000604,1779567915.0497572,7915,64793,5,12582912,191,0,0,0
23.882559342000604,1779567915.0497572,7915,64794,6,12582912,94,0,0,0
23.882559342000604,1779567915.0497572,7915,64795,7,12582912,87,0,0,0
23.904226184000436,1779567915.071424,7916,64796,0,12582912,170,0,0,0
23.904226184000436,1779567915.071424,7916,64797,1,12582912,221,0,0,0
23.904226184000436,1779567915.071424,7916,64798,2,12582912,222,0,0,0
23.904226184000436,1779567915.071424,7916,64799,3,12582912,178,0,0,0
23.904226184000436,1779567915.071424,7916,64800,4,12582912,60,0,0,0
23.904226184000436,1779567915.071424,7916,64801,5,12582912,-78,0,0,0
23.904226184000436,1779567915.071424,7916,64802,6,12582912,-175,0,0,0
23.904226184000436,1779567915.071424,7916,64803,7,12582912,-215,0,0,0
23.925882558000012,1779567915.09308,7917,64804,0,12582912,-244,0,0,0
23.925882558000012,1779567915.09308,7917,64805,1,12582912,-342,0,0,0
23.925882558000012,1779567915.09308,7917,64806,2,12582912,-487,0,0,0
23.925882558000012,1779567915.09308,7917,64807,3,12582912,-601,0,0,0
23.925882558000012,1779567915.09308,7917,64808,4,12582912,-660,0,0,0
23.925882558000012,1779567915.09308,7917,64809,5,12582912,-683,0,0,0
23.925882558000012,1779567915.09308,7917,64810,6,12582912,-701,0,0,0
23.925882558000012,1779567915.09308,7917,64811,7,12582912,-736,0,0,0
23.961166136999964,1779567915.1283638,7918,64812,0,12582912,-789,0,0,0
23.961166136999964,1779567915.1283638,7918,64813,1,12582912,-841,0,0,0
23.961166136999964,1779567915.1283638,7918,64814,2,12582912,-873,0,0,0
23.961166136999964,1779567915.1283638,7918,64815,3,12582912,-886,0,0,0
23.961166136999964,1779567915.1283638,7918,64816,4,12582912,-899,0,0,0
23.961166136999964,1779567915.1283638,7918,64817,5,12582912,-919,0,0,0
23.961166136999964,1779567915.1283638,7918,64818,6,12582912,-938,0,0,0
23.961166136999964,1779567915.1283638,7918,64819,7,12582912,-942,0,0,0
23.982931468999595,1779567915.1501296,7919,64820,0,12582912,-934,0,0,0
23.982931468999595,1779567915.1501296,7919,64821,1,12582912,-926,0,0,0
23.982931468999595,1779567915.1501296,7919,64822,2,12582912,-926,0,0,0
23.982931468999595,1779567915.1501296,7919,64823,3,12582912,-917,0,0,0
23.982931468999595,1779567915.1501296,7919,64824,4,12582912,-886,0,0,0
23.982931468999595,1779567915.1501296,7919,64825,5,12582912,-839,0,0,0
23.982931468999595,1779567915.1501296,7919,64826,6,12582912,-792,0,0,0
23.982931468999595,1779567915.1501296,7919,64827,7,12582912,-765,0,0,0
24.02578374999939,1779567915.1929812,7920,64828,0,12582912,-756,0,0,0
24.02578374999939,1779567915.1929812,7920,64829,1,12582912,-741,0,0,0
24.02578374999939,1779567915.1929812,7920,64830,2,12582912,-712,0,0,0
24.02578374999939,1779567915.1929812,7920,64831,3,12582912,-678,0,0,0
24.02578374999939,1779567915.1929812,7920,64832,4,12582912,-644,0,0,0
24.02578374999939,1779567915.1929812,7920,64833,5,12582912,-610,0,0,0
24.02578374999939,1779567915.1929812,7920,64834,6,12582912,-576,0,0,0
24.02578374999939,1779567915.1929812,7920,64835,7,12582912,-537,0,0,0
24.047502155000984,1779567915.2147,7921,64836,0,12582912,-495,0,0,0
24.047502155000984,1779567915.2147,7921,64837,1,12582912,-460,0,0,0
24.047502155000984,1779567915.2147,7921,64838,2,12582912,-433,0,0,0
24.047502155000984,1779567915.2147,7921,64839,3,12582912,-408,0,0,0
24.047502155000984,1779567915.2147,7921,64840,4,12582912,-382,0,0,0
24.047502155000984,1779567915.2147,7921,64841,5,12582912,-352,0,0,0
24.047502155000984,1779567915.2147,7921,64842,6,12582912,-324,0,0,0
24.047502155000984,1779567915.2147,7921,64843,7,12582912,-306,0,0,0
24.08424051700058,1779567915.2514381,7922,64844,0,12582912,-297,0,0,0
24.08424051700058,1779567915.2514381,7922,64845,1,12582912,-279,0,0,0
24.08424051700058,1779567915.2514381,7922,64846,2,12582912,-244,0,0,0
24.08424051700058,1779567915.2514381,7922,64847,3,12582912,-200,0,0,0
24.08424051700058,1779567915.2514381,7922,64848,4,12582912,-165,0,0,0
24.08424051700058,1779567915.2514381,7922,64849,5,12582912,-155,0,0,0
24.08424051700058,1779567915.2514381,7922,64850,6,12582912,-155,0,0,0
24.08424051700058,1779567915.2514381,7922,64851,7,12582912,-140,0,0,0
24.15324372699979,1779567915.3204415,7923,64852,0,12582912,-110,0,0,0
24.15324372699979,1779567915.3204415,7923,64853,1,12582912,-78,0,0,0
24.15324372699979,1779567915.3204415,7923,64854,2,12582912,-50,0,0,0
24.15324372699979,1779567915.3204415,7923,64855,3,12582912,-19,0,0,0
24.15324372699979,1779567915.3204415,7923,64856,4,12582912,10,0,0,0
24.15324372699979,1779567915.3204415,7923,64857,5,12582912,17,0,0,0
24.15324372699979,1779567915.3204415,7923,64858,6,12582912,-5,0,0,0
24.15324372699979,1779567915.3204415,7923,64859,7,12582912,-28,0,0,0
24.3225554189994,1779567915.489753,7924,64860,0,12582912,-32,0,0,0
24.3225554189994,1779567915.489753,7924,64861,1,12582912,-30,0,0,0
24.3225554189994,1779567915.489753,7924,64862,2,12582912,-40,0,0,0
24.3225554189994,1779567915.489753,7924,64863,3,12582912,-58,0,0,0
24.3225554189994,1779567915.489753,7924,64864,4,12582912,-60,0,0,0
24.3225554189994,1779567915.489753,7924,64865,5,12582912,-33,0,0,0
24.3225554189994,1779567915.489753,7924,64866,6,12582912,12,0,0,0
24.3225554189994,1779567915.489753,7924,64867,7,12582912,43,0,0,0
24.36535546199957,1779567915.5325532,7925,64868,0,12582912,68,0,0,0
24.36535546199957,1779567915.5325532,7925,64869,1,12582912,117,0,0,0
24.36535546199957,1779567915.5325532,7925,64870,2,12582912,172,0,0,0
24.36535546199957,1779567915.5325532,7925,64871,3,12582912,204,0,0,0
24.36535546199957,1779567915.5325532,7925,64872,4,12582912,202,0,0,0
24.36535546199957,1779567915.5325532,7925,64873,5,12582912,179,0,0,0
24.36535546199957,1779567915.5325532,7925,64874,6,12582912,156,0,0,0
24.36535546199957,1779567915.5325532,7925,64875,7,12582912,150,0,0,0
24.400662791000286,1779567915.5678601,7926,64876,0,12582912,163,0,0,0
24.400662791000286,1779567915.5678601,7926,64877,1,12582912,173,0,0,0
24.400662791000286,1779567915.5678601,7926,64878,2,12582912,164,0,0,0
24.400662791000286,1779567915.5678601,7926,64879,3,12582912,144,0,0,0
24.400662791000286,1779567915.5678601,7926,64880,4,12582912,136,0,0,0
24.400662791000286,1779567915.5678601,7926,64881,5,12582912,144,0,0,0
24.400662791000286,1779567915.5678601,7926,64882,6,12582912,150,0,0,0
24.400662791000286,1779567915.5678601,7926,64883,7,12582912,142,0,0,0
24.4223715600001,1779567915.589569,7927,64884,0,12582912,128,0,0,0
24.4223715600001,1779567915.589569,7927,64885,1,12582912,126,0,0,0
24.4223715600001,1779567915.589569,7927,64886,2,12582912,134,0,0,0
24.4223715600001,1779567915.589569,7927,64887,3,12582912,139,0,0,0
24.4223715600001,1779567915.589569,7927,64888,4,12582912,137,0,0,0
24.4223715600001,1779567915.589569,7927,64889,5,12582912,132,0,0,0
24.4223715600001,1779567915.589569,7927,64890,6,12582912,132,0,0,0
24.4223715600001,1779567915.589569,7927,64891,7,12582912,140,0,0,0
24.46533503899991,1779567915.6325336,7928,64892,0,12582912,143,0,0,0
24.46533503899991,1779567915.6325336,7928,64893,1,12582912,134,0,0,0
24.46533503899991,1779567915.6325336,7928,64894,2,12582912,119,0,0,0
24.46533503899991,1779567915.6325336,7928,64895,3,12582912,116,0,0,0
24.46533503899991,1779567915.6325336,7928,64896,4,12582912,130,0,0,0
24.46533503899991,1779567915.6325336,7928,64897,5,12582912,138,0,0,0
24.46533503899991,1779567915.6325336,7928,64898,6,12582912,122,0,0,0
24.46533503899991,1779567915.6325336,7928,64899,7,12582912,102,0,0,0
24.503430943999774,1779567915.6706283,7929,64900,0,12582912,105,0,0,0
24.503430943999774,1779567915.6706283,7929,64901,1,12582912,124,0,0,0
24.503430943999774,1779567915.6706283,7929,64902,2,12582912,130,0,0,0
24.503430943999774,1779567915.6706283,7929,64903,3,12582912,117,0,0,0
24.503430943999774,1779567915.6706283,7929,64904,4,12582912,101,0,0,0
24.503430943999774,1779567915.6706283,7929,64905,5,12582912,98,0,0,0
24.503430943999774,1779567915.6706283,7929,64906,6,12582912,108,0,0,0
24.503430943999774,1779567915.6706283,7929,64907,7,12582912,113,0,0,0
24.551009497999985,1779567915.7182071,7930,64908,0,12582912,100,0,0,0
24.551009497999985,1779567915.7182071,7930,64909,1,12582912,83,0,0,0
24.551009497999985,1779567915.7182071,7930,64910,2,12582912,80,0,0,0
24.551009497999985,1779567915.7182071,7930,64911,3,12582912,90,0,0,0
24.551009497999985,1779567915.7182071,7930,64912,4,12582912,96,0,0,0
24.551009497999985,1779567915.7182071,7930,64913,5,12582912,97,0,0,0
24.551009497999985,1779567915.7182071,7930,64914,6,12582912,93,0,0,0
24.551009497999985,1779567915.7182071,7930,64915,7,12582912,92,0,0,0
24.57312211899989,1779567915.74032,7931,64916,0,12582912,104,0,0,0
24.57312211899989,1779567915.74032,7931,64917,1,12582912,118,0,0,0
24.57312211899989,1779567915.74032,7931,64918,2,12582912,112,0,0,0
24.57312211899989,1779567915.74032,7931,64919,3,12582912,91,0,0,0
24.57312211899989,1779567915.74032,7931,64920,4,12582912,78,0,0,0
24.57312211899989,1779567915.74032,7931,64921,5,12582912,84,0,0,0
24.57312211899989,1779567915.74032,7931,64922,6,12582912,97,0,0,0
24.57312211899989,1779567915.74032,7931,64923,7,12582912,100,0,0,0
24.59483208600068,1779567915.7620296,7932,64924,0,12582912,94,0,0,0
24.59483208600068,1779567915.7620296,7932,64925,1,12582912,92,0,0,0
24.59483208600068,1779567915.7620296,7932,64926,2,12582912,98,0,0,0
24.59483208600068,1779567915.7620296,7932,64927,3,12582912,106,0,0,0
24.59483208600068,1779567915.7620296,7932,64928,4,12582912,110,0,0,0
24.59483208600068,1779567915.7620296,7932,64929,5,12582912,111,0,0,0
24.59483208600068,1779567915.7620296,7932,64930,6,12582912,109,0,0,0
24.59483208600068,1779567915.7620296,7932,64931,7,12582912,110,0,0,0
24.616576845000964,1779567915.7837746,7933,64932,0,12582912,115,0,0,0
24.616576845000964,1779567915.7837746,7933,64933,1,12582912,117,0,0,0
24.616576845000964,1779567915.7837746,7933,64934,2,12582912,117,0,0,0
24.616576845000964,1779567915.7837746,7933,64935,3,12582912,115,0,0,0
24.616576845000964,1779567915.7837746,7933,64936,4,12582912,114,0,0,0
24.616576845000964,1779567915.7837746,7933,64937,5,12582912,116,0,0,0
24.616576845000964,1779567915.7837746,7933,64938,6,12582912,121,0,0,0
24.616576845000964,1779567915.7837746,7933,64939,7,12582912,124,0,0,0
24.651834435000637,1779567915.819032,7934,64940,0,12582912,122,0,0,0
24.651834435000637,1779567915.819032,7934,64941,1,12582912,118,0,0,0
24.651834435000637,1779567915.819032,7934,64942,2,12582912,116,0,0,0
24.651834435000637,1779567915.819032,7934,64943,3,12582912,119,0,0,0
24.651834435000637,1779567915.819032,7934,64944,4,12582912,125,0,0,0
24.651834435000637,1779567915.819032,7934,64945,5,12582912,129,0,0,0
24.651834435000637,1779567915.819032,7934,64946,6,12582912,125,0,0,0
24.651834435000637,1779567915.819032,7934,64947,7,12582912,119,0,0,0
24.67350872499992,1779567915.8407066,7935,64948,0,12582912,118,0,0,0
24.67350872499992,1779567915.8407066,7935,64949,1,12582912,116,0,0,0
24.67350872499992,1779567915.8407066,7935,64950,2,12582912,106,0,0,0
24.67350872499992,1779567915.8407066,7935,64951,3,12582912,96,0,0,0
24.67350872499992,1779567915.8407066,7935,64952,4,12582912,91,0,0,0
24.67350872499992,1779567915.8407066,7935,64953,5,12582912,87,0,0,0
24.67350872499992,1779567915.8407066,7935,64954,6,12582912,83,0,0,0
24.67350872499992,1779567915.8407066,7935,64955,7,12582912,76,0,0,0
24.71034120100012,1779567915.8775396,7936,64956,0,12582912,70,0,0,0
24.71034120100012,1779567915.8775396,7936,64957,1,12582912,70,0,0,0
24.71034120100012,1779567915.8775396,7936,64958,2,12582912,73,0,0,0
24.71034120100012,1779567915.8775396,7936,64959,3,12582912,82,0,0,0
24.71034120100012,1779567915.8775396,7936,64960,4,12582912,97,0,0,0
24.71034120100012,1779567915.8775396,7936,64961,5,12582912,104,0,0,0
24.71034120100012,1779567915.8775396,7936,64962,6,12582912,91,0,0,0
24.71034120100012,1779567915.8775396,7936,64963,7,12582912,70,0,0,0
24.786496501999864,1779567915.953694,7937,64964,0,12582912,57,0,0,0
24.786496501999864,1779567915.953694,7937,64965,1,12582912,59,0,0,0
24.786496501999864,1779567915.953694,7937,64966,2,12582912,79,0,0,0
24.786496501999864,1779567915.953694,7937,64967,3,12582912,106,0,0,0
24.786496501999864,1779567915.953694,7937,64968,4,12582912,122,0,0,0
24.786496501999864,1779567915.953694,7937,64969,5,12582912,121,0,0,0
24.786496501999864,1779567915.953694,7937,64970,6,12582912,116,0,0,0
24.786496501999864,1779567915.953694,7937,64971,7,12582912,129,0,0,0
24.786808374999964,1779567915.954005,7938,64972,0,12582912,147,0,0,0
24.786808374999964,1779567915.954005,7938,64973,1,12582912,141,0,0,0
24.786808374999964,1779567915.954005,7938,64974,2,12582912,115,0,0,0
24.786808374999964,1779567915.954005,7938,64975,3,12582912,102,0,0,0
24.786808374999964,1779567915.954005,7938,64976,4,12582912,113,0,0,0
24.786808374999964,1779567915.954005,7938,64977,5,12582912,131,0,0,0
24.786808374999964,1779567915.954005,7938,64978,6,12582912,140,0,0,0
24.786808374999964,1779567915.954005,7938,64979,7,12582912,138,0,0,0
24.812548940999477,1779567915.9797468,7939,64980,0,12582912,135,0,0,0
24.812548940999477,1779567915.9797468,7939,64981,1,12582912,139,0,0,0
24.812548940999477,1779567915.9797468,7939,64982,2,12582912,151,0,0,0
24.812548940999477,1779567915.9797468,7939,64983,3,12582912,157,0,0,0
24.812548940999477,1779567915.9797468,7939,64984,4,12582912,150,0,0,0
24.812548940999477,1779567915.9797468,7939,64985,5,12582912,137,0,0,0
24.812548940999477,1779567915.9797468,7939,64986,6,12582912,135,0,0,0
24.812548940999477,1779567915.9797468,7939,64987,7,12582912,141,0,0,0
24.83644087399989,1779567916.0036385,7940,64988,0,12582912,147,0,0,0
24.83644087399989,1779567916.0036385,7940,64989,1,12582912,148,0,0,0
24.83644087399989,1779567916.0036385,7940,64990,2,12582912,145,0,0,0
24.83644087399989,1779567916.0036385,7940,64991,3,12582912,144,0,0,0
24.83644087399989,1779567916.0036385,7940,64992,4,12582912,150,0,0,0
24.83644087399989,1779567916.0036385,7940,64993,5,12582912,158,0,0,0
24.83644087399989,1779567916.0036385,7940,64994,6,12582912,162,0,0,0
24.83644087399989,1779567916.0036385,7940,64995,7,12582912,161,0,0,0
24.87932591599929,1779567916.0465238,7941,64996,0,12582912,162,0,0,0
24.87932591599929,1779567916.0465238,7941,64997,1,12582912,154,0,0,0
24.87932591599929,1779567916.0465238,7941,64998,2,12582912,131,0,0,0
24.87932591599929,1779567916.0465238,7941,64999,3,12582912,123,0,0,0
24.87932591599929,1779567916.0465238,7941,65000,4,12582912,144,0,0,0
24.87932591599929,1779567916.0465238,7941,65001,5,12582912,119,0,0,0
24.87932591599929,1779567916.0465238,7941,65002,6,12582912,39,0,0,0
24.87932591599929,1779567916.0465238,7941,65003,7,12582912,88,0,0,0
24.935611082000833,1779567916.1028075,7942,65004,0,12582912,265,0,0,0
24.935611082000833,1779567916.1028075,7942,65005,1,12582912,315,0,0,0
24.935611082000833,1779567916.1028075,7942,65006,2,12582912,195,0,0,0
24.935611082000833,1779567916.1028075,7942,65007,3,12582912,76,0,0,0
24.935611082000833,1779567916.1028075,7942,65008,4,12582912,58,0,0,0
24.935611082000833,1779567916.1028075,7942,65009,5,12582912,144,0,0,0
24.935611082000833,1779567916.1028075,7942,65010,6,12582912,247,0,0,0
24.935611082000833,1779567916.1028075,7942,65011,7,12582912,254,0,0,0
24.935752019000574,1779567916.102947,7943,65012,0,12582912,154,0,0,0
24.935752019000574,1779567916.102947,7943,65013,1,12582912,93,0,0,0
24.935752019000574,1779567916.102947,7943,65014,2,12582912,178,0,0,0
24.935752019000574,1779567916.102947,7943,65015,3,12582912,248,0,0,0
24.935752019000574,1779567916.102947,7943,65016,4,12582912,123,0,0,0
24.935752019000574,1779567916.102947,7943,65017,5,12582912,-57,0,0,0
24.935752019000574,1779567916.102947,7943,65018,6,12582912,-76,0,0,0
24.935752019000574,1779567916.102947,7943,65019,7,12582912,34,0,0,0
24.97801357500066,1779567916.1452103,7944,65020,0,12582912,126,0,0,0
24.97801357500066,1779567916.1452103,7944,65021,1,12582912,158,0,0,0
24.97801357500066,1779567916.1452103,7944,65022,2,12582912,138,0,0,0
24.97801357500066,1779567916.1452103,7944,65023,3,12582912,69,0,0,0
24.97801357500066,1779567916.1452103,7944,65024,4,12582912,-6,0,0,0
24.97801357500066,1779567916.1452103,7944,65025,5,12582912,-91,0,0,0
24.97801357500066,1779567916.1452103,7944,65026,6,12582912,-205,0,0,0
24.97801357500066,1779567916.1452103,7944,65027,7,12582912,-293,0,0,0
24.99988020800083,1779567916.1670768,7945,65028,0,12582912,-316,0,0,0
24.99988020800083,1779567916.1670768,7945,65029,1,12582912,-325,0,0,0
24.99988020800083,1779567916.1670768,7945,65030,2,12582912,-385,0,0,0
24.99988020800083,1779567916.1670768,7945,65031,3,12582912,-480,0,0,0
24.99988020800083,1779567916.1670768,7945,65032,4,12582912,-533,0,0,0
24.99988020800083,1779567916.1670768,7945,65033,5,12582912,-515,0,0,0
24.99988020800083,1779567916.1670768,7945,65034,6,12582912,-486,0,0,0
24.99988020800083,1779567916.1670768,7945,65035,7,12582912,-504,0,0,0
25.04274025000086,1779567916.2099376,7946,65036,0,12582912,-556,0,0,0
25.04274025000086,1779567916.2099376,7946,65037,1,12582912,-578,0,0,0
25.04274025000086,1779567916.2099376,7946,65038,2,12582912,-546,0,0,0
25.04274025000086,1779567916.2099376,7946,65039,3,12582912,-505,0,0,0
25.04274025000086,1779567916.2099376,7946,65040,4,12582912,-502,0,0,0
25.04274025000086,1779567916.2099376,7946,65041,5,12582912,-523,0,0,0
25.04274025000086,1779567916.2099376,7946,65042,6,12582912,-521,0,0,0
25.04274025000086,1779567916.2099376,7946,65043,7,12582912,-481,0,0,0
25.064554696000414,1779567916.231752,7947,65044,0,12582912,-438,0,0,0
25.064554696000414,1779567916.231752,7947,65045,1,12582912,-422,0,0,0
25.064554696000414,1779567916.231752,7947,65046,2,12582912,-425,0,0,0
25.064554696000414,1779567916.231752,7947,65047,3,12582912,-413,0,0,0
25.064554696000414,1779567916.231752,7947,65048,4,12582912,-370,0,0,0
25.064554696000414,1779567916.231752,7947,65049,5,12582912,-322,0,0,0
25.064554696000414,1779567916.231752,7947,65050,6,12582912,-300,0,0,0
25.064554696000414,1779567916.231752,7947,65051,7,12582912,-300,0,0,0
25.107403853000505,1779567916.2746015,7948,65052,0,12582912,-293,0,0,0
25.107403853000505,1779567916.2746015,7948,65053,1,12582912,-265,0,0,0
25.107403853000505,1779567916.2746015,7948,65054,2,12582912,-230,0,0,0
25.107403853000505,1779567916.2746015,7948,65055,3,12582912,-197,0,0,0
25.107403853000505,1779567916.2746015,7948,65056,4,12582912,-164,0,0,0
25.107403853000505,1779567916.2746015,7948,65057,5,12582912,-127,0,0,0
25.107403853000505,1779567916.2746015,7948,65058,6,12582912,-88,0,0,0
25.107403853000505,1779567916.2746015,7948,65059,7,12582912,-59,0,0,0
25.1453371030002,1779567916.3125346,7949,65060,0,12582912,-46,0,0,0
25.1453371030002,1779567916.3125346,7949,65061,1,12582912,-43,0,0,0
25.1453371030002,1779567916.3125346,7949,65062,2,12582912,-33,0,0,0
25.1453371030002,1779567916.3125346,7949,65063,3,12582912,-11,0,0,0
25.1453371030002,1779567916.3125346,7949,65064,4,12582912,10,0,0,0
25.1453371030002,1779567916.3125346,7949,65065,5,12582912,20,0,0,0
25.1453371030002,1779567916.3125346,7949,65066,6,12582912,21,0,0,0
25.1453371030002,1779567916.3125346,7949,65067,7,12582912,26,0,0,0
25.182002184999874,1779567916.3491998,7950,65068,0,12582912,44,0,0,0
25.182002184999874,1779567916.3491998,7950,65069,1,12582912,67,0,0,0
25.182002184999874,1779567916.3491998,7950,65070,2,12582912,86,0,0,0
25.182002184999874,1779567916.3491998,7950,65071,3,12582912,95,0,0,0
25.182002184999874,1779567916.3491998,7950,65072,4,12582912,99,0,0,0
25.182002184999874,1779567916.3491998,7950,65073,5,12582912,106,0,0,0
25.182002184999874,1779567916.3491998,7950,65074,6,12582912,115,0,0,0
25.182002184999874,1779567916.3491998,7950,65075,7,12582912,120,0,0,0
25.203723610000452,1779567916.370921,7951,65076,0,12582912,122,0,0,0
25.203723610000452,1779567916.370921,7951,65077,1,12582912,129,0,0,0
25.203723610000452,1779567916.370921,7951,65078,2,12582912,140,0,0,0
25.203723610000452,1779567916.370921,7951,65079,3,12582912,148,0,0,0
25.203723610000452,1779567916.370921,7951,65080,4,12582912,150,0,0,0
25.203723610000452,1779567916.370921,7951,65081,5,12582912,152,0,0,0
25.203723610000452,1779567916.370921,7951,65082,6,12582912,159,0,0,0
25.203723610000452,1779567916.370921,7951,65083,7,12582912,166,0,0,0
25.22538409899971,1779567916.3925822,7952,65084,0,12582912,169,0,0,0
25.22538409899971,1779567916.3925822,7952,65085,1,12582912,166,0,0,0
25.22538409899971,1779567916.3925822,7952,65086,2,12582912,164,0,0,0
25.22538409899971,1779567916.3925822,7952,65087,3,12582912,171,0,0,0
25.22538409899971,1779567916.3925822,7952,65088,4,12582912,183,0,0,0
25.22538409899971,1779567916.3925822,7952,65089,5,12582912,189,0,0,0
25.22538409899971,1779567916.3925822,7952,65090,6,12582912,185,0,0,0
25.22538409899971,1779567916.3925822,7952,65091,7,12582912,183,0,0,0
25.268213776000266,1779567916.4354112,7953,65092,0,12582912,190,0,0,0
25.268213776000266,1779567916.4354112,7953,65093,1,12582912,202,0,0,0
25.268213776000266,1779567916.4354112,7953,65094,2,12582912,207,0,0,0
25.268213776000266,1779567916.4354112,7953,65095,3,12582912,204,0,0,0
25.268213776000266,1779567916.4354112,7953,65096,4,12582912,198,0,0,0
25.268213776000266,1779567916.4354112,7953,65097,5,12582912,199,0,0,0
25.268213776000266,1779567916.4354112,7953,65098,6,12582912,203,0,0,0
25.268213776000266,1779567916.4354112,7953,65099,7,12582912,202,0,0,0
25.28998020200015,1779567916.457178,7954,65100,0,12582912,199,0,0,0
25.28998020200015,1779567916.457178,7954,65101,1,12582912,195,0,0,0
25.28998020200015,1779567916.457178,7954,65102,2,12582912,188,0,0,0
25.28998020200015,1779567916.457178,7954,65103,3,12582912,183,0,0,0
25.28998020200015,1779567916.457178,7954,65104,4,12582912,185,0,0,0
25.28998020200015,1779567916.457178,7954,65105,5,12582912,193,0,0,0
25.28998020200015,1779567916.457178,7954,65106,6,12582912,202,0,0,0
25.28998020200015,1779567916.457178,7954,65107,7,12582912,207,0,0,0
25.406040458999996,1779567916.5732384,7955,65108,0,12582912,208,0,0,0
25.406040458999996,1779567916.5732384,7955,65109,1,12582912,207,0,0,0
25.406040458999996,1779567916.5732384,7955,65110,2,12582912,202,0,0,0
25.406040458999996,1779567916.5732384,7955,65111,3,12582912,190,0,0,0
25.406040458999996,1779567916.5732384,7955,65112,4,12582912,178,0,0,0
25.406040458999996,1779567916.5732384,7955,65113,5,12582912,178,0,0,0
25.406040458999996,1779567916.5732384,7955,65114,6,12582912,188,0,0,0
25.406040458999996,1779567916.5732384,7955,65115,7,12582912,197,0,0,0
25.4136819739997,1779567916.5808802,7956,65116,0,12582912,201,0,0,0
25.4136819739997,1779567916.5808802,7956,65117,1,12582912,204,0,0,0
25.4136819739997,1779567916.5808802,7956,65118,2,12582912,201,0,0,0
25.4136819739997,1779567916.5808802,7956,65119,3,12582912,191,0,0,0
25.4136819739997,1779567916.5808802,7956,65120,4,12582912,183,0,0,0
25.4136819739997,1779567916.5808802,7956,65121,5,12582912,181,0,0,0
25.4136819739997,1779567916.5808802,7956,65122,6,12582912,181,0,0,0
25.4136819739997,1779567916.5808802,7956,65123,7,12582912,180,0,0,0
25.413996659000986,1779567916.5811932,7957,65124,0,12582912,176,0,0,0
25.413996659000986,1779567916.5811932,7957,65125,1,12582912,175,0,0,0
25.413996659000986,1779567916.5811932,7957,65126,2,12582912,177,0,0,0
25.413996659000986,1779567916.5811932,7957,65127,3,12582912,181,0,0,0
25.413996659000986,1779567916.5811932,7957,65128,4,12582912,184,0,0,0
25.413996659000986,1779567916.5811932,7957,65129,5,12582912,182,0,0,0
25.413996659000986,1779567916.5811932,7957,65130,6,12582912,182,0,0,0
25.413996659000986,1779567916.5811932,7957,65131,7,12582912,185,0,0,0
25.41427285499958,1779567916.5814688,7958,65132,0,12582912,189,0,0,0
25.41427285499958,1779567916.5814688,7958,65133,1,12582912,189,0,0,0
25.41427285499958,1779567916.5814688,7958,65134,2,12582912,185,0,0,0
25.41427285499958,1779567916.5814688,7958,65135,3,12582912,181,0,0,0
25.41427285499958,1779567916.5814688,7958,65136,4,12582912,178,0,0,0
25.41427285499958,1779567916.5814688,7958,65137,5,12582912,175,0,0,0
25.41427285499958,1779567916.5814688,7958,65138,6,12582912,173,0,0,0
25.41427285499958,1779567916.5814688,7958,65139,7,12582912,172,0,0,0
25.449854922999293,1779567916.6170526,7959,65140,0,12582912,172,0,0,0
25.449854922999293,1779567916.6170526,7959,65141,1,12582912,176,0,0,0
25.449854922999293,1779567916.6170526,7959,65142,2,12582912,177,0,0,0
25.449854922999293,1779567916.6170526,7959,65143,3,12582912,173,0,0,0
25.449854922999293,1779567916.6170526,7959,65144,4,12582912,170,0,0,0
25.449854922999293,1779567916.6170526,7959,65145,5,12582912,171,0,0,0
25.449854922999293,1779567916.6170526,7959,65146,6,12582912,169,0,0,0
25.449854922999293,1779567916.6170526,7959,65147,7,12582912,164,0,0,0
25.49269850699966,1779567916.6598966,7960,65148,0,12582912,160,0,0,0
25.49269850699966,1779567916.6598966,7960,65149,1,12582912,153,0,0,0
25.49269850699966,1779567916.6598966,7960,65150,2,12582912,151,0,0,0
25.49269850699966,1779567916.6598966,7960,65151,3,12582912,159,0,0,0
25.49269850699966,1779567916.6598966,7960,65152,4,12582912,165,0,0,0
25.49269850699966,1779567916.6598966,7960,65153,5,12582912,162,0,0,0
25.49269850699966,1779567916.6598966,7960,65154,6,12582912,158,0,0,0
25.49269850699966,1779567916.6598966,7960,65155,7,12582912,159,0,0,0
25.514379984999323,1779567916.6815774,7961,65156,0,12582912,159,0,0,0
25.514379984999323,1779567916.6815774,7961,65157,1,12582912,153,0,0,0
25.514379984999323,1779567916.6815774,7961,65158,2,12582912,143,0,0,0
25.514379984999323,1779567916.6815774,7961,65159,3,12582912,135,0,0,0
25.514379984999323,1779567916.6815774,7961,65160,4,12582912,134,0,0,0
25.514379984999323,1779567916.6815774,7961,65161,5,12582912,135,0,0,0
25.514379984999323,1779567916.6815774,7961,65162,6,12582912,132,0,0,0
25.514379984999323,1779567916.6815774,7961,65163,7,12582912,128,0,0,0
25.55013960299948,1779567916.7173364,7962,65164,0,12582912,127,0,0,0
25.55013960299948,1779567916.7173364,7962,65165,1,12582912,134,0,0,0
25.55013960299948,1779567916.7173364,7962,65166,2,12582912,140,0,0,0
25.55013960299948,1779567916.7173364,7962,65167,3,12582912,139,0,0,0
25.55013960299948,1779567916.7173364,7962,65168,4,12582912,130,0,0,0
25.55013960299948,1779567916.7173364,7962,65169,5,12582912,122,0,0,0
25.55013960299948,1779567916.7173364,7962,65170,6,12582912,120,0,0,0
25.55013960299948,1779567916.7173364,7962,65171,7,12582912,123,0,0,0
25.5715492599993,1779567916.7387462,7963,65172,0,12582912,122,0,0,0
25.5715492599993,1779567916.7387462,7963,65173,1,12582912,115,0,0,0
25.5715492599993,1779567916.7387462,7963,65174,2,12582912,108,0,0,0
25.5715492599993,1779567916.7387462,7963,65175,3,12582912,106,0,0,0
25.5715492599993,1779567916.7387462,7963,65176,4,12582912,108,0,0,0
25.5715492599993,1779567916.7387462,7963,65177,5,12582912,111,0,0,0
25.5715492599993,1779567916.7387462,7963,65178,6,12582912,111,0,0,0
25.5715492599993,1779567916.7387462,7963,65179,7,12582912,106,0,0,0
25.613936491999993,1779567916.7811327,7964,65180,0,12582912,103,0,0,0
25.613936491999993,1779567916.7811327,7964,65181,1,12582912,100,0,0,0
25.613936491999993,1779567916.7811327,7964,65182,2,12582912,95,0,0,0
25.613936491999993,1779567916.7811327,7964,65183,3,12582912,86,0,0,0
25.613936491999993,1779567916.7811327,7964,65184,4,12582912,72,0,0,0
25.613936491999993,1779567916.7811327,7964,65185,5,12582912,65,0,0,0
25.613936491999993,1779567916.7811327,7964,65186,6,12582912,67,0,0,0
25.613936491999993,1779567916.7811327,7964,65187,7,12582912,70,0,0,0
25.63564041800055,1779567916.802838,7965,65188,0,12582912,67,0,0,0
25.63564041800055,1779567916.802838,7965,65189,1,12582912,65,0,0,0
25.63564041800055,1779567916.802838,7965,65190,2,12582912,67,0,0,0
25.63564041800055,1779567916.802838,7965,65191,3,12582912,72,0,0,0
25.63564041800055,1779567916.802838,7965,65192,4,12582912,69,0,0,0
25.63564041800055,1779567916.802838,7965,65193,5,12582912,53,0,0,0
25.63564041800055,1779567916.802838,7965,65194,6,12582912,34,0,0,0
25.63564041800055,1779567916.802838,7965,65195,7,12582912,27,0,0,0
25.671019413999602,1779567916.8382175,7966,65196,0,12582912,31,0,0,0
25.671019413999602,1779567916.8382175,7966,65197,1,12582912,34,0,0,0
25.671019413999602,1779567916.8382175,7966,65198,2,12582912,35,0,0,0
25.671019413999602,1779567916.8382175,7966,65199,3,12582912,25,0,0,0
25.671019413999602,1779567916.8382175,7966,65200,4,12582912,17,0,0,0
25.671019413999602,1779567916.8382175,7966,65201,5,12582912,17,0,0,0
25.671019413999602,1779567916.8382175,7966,65202,6,12582912,5,0,0,0
25.671019413999602,1779567916.8382175,7966,65203,7,12582912,-23,0,0,0
25.740698297000563,1779567916.907896,7967,65204,0,12582912,-44,0,0,0
25.740698297000563,1779567916.907896,7967,65205,1,12582912,-56,0,0,0
25.740698297000563,1779567916.907896,7967,65206,2,12582912,-61,0,0,0
25.740698297000563,1779567916.907896,7967,65207,3,12582912,-57,0,0,0
25.740698297000563,1779567916.907896,7967,65208,4,12582912,-61,0,0,0
25.740698297000563,1779567916.907896,7967,65209,5,12582912,-76,0,0,0
25.740698297000563,1779567916.907896,7967,65210,6,12582912,-90,0,0,0
25.740698297000563,1779567916.907896,7967,65211,7,12582912,-92,0,0,0
25.74100964900026,1779567916.9082057,7968,65212,0,12582912,-85,0,0,0
25.74100964900026,1779567916.9082057,7968,65213,1,12582912,-80,0,0,0
25.74100964900026,1779567916.9082057,7968,65214,2,12582912,-86,0,0,0
25.74100964900026,1779567916.9082057,7968,65215,3,12582912,-96,0,0,0
25.74100964900026,1779567916.9082057,7968,65216,4,12582912,-99,0,0,0
25.74100964900026,1779567916.9082057,7968,65217,5,12582912,-92,0,0,0
25.74100964900026,1779567916.9082057,7968,65218,6,12582912,-78,0,0,0
25.74100964900026,1779567916.9082057,7968,65219,7,12582912,-69,0,0,0
25.848872354999912,1779567917.0160697,7969,65220,0,12582912,-62,0,0,0
25.848872354999912,1779567917.0160697,7969,65221,1,12582912,-59,0,0,0
25.848872354999912,1779567917.0160697,7969,65222,2,12582912,-61,0,0,0
25.848872354999912,1779567917.0160697,7969,65223,3,12582912,-58,0,0,0
25.848872354999912,1779567917.0160697,7969,65224,4,12582912,-41,0,0,0
25.848872354999912,1779567917.0160697,7969,65225,5,12582912,-31,0,0,0
25.848872354999912,1779567917.0160697,7969,65226,6,12582912,-39,0,0,0
25.848872354999912,1779567917.0160697,7969,65227,7,12582912,-40,0,0,0
25.849177665000752,1779567917.0163739,7970,65228,0,12582912,-29,0,0,0
25.849177665000752,1779567917.0163739,7970,65229,1,12582912,-22,0,0,0
25.849177665000752,1779567917.0163739,7970,65230,2,12582912,-9,0,0,0
25.849177665000752,1779567917.0163739,7970,65231,3,12582912,15,0,0,0
25.849177665000752,1779567917.0163739,7970,65232,4,12582912,33,0,0,0
25.849177665000752,1779567917.0163739,7970,65233,5,12582912,32,0,0,0
25.849177665000752,1779567917.0163739,7970,65234,6,12582912,31,0,0,0
25.849177665000752,1779567917.0163739,7970,65235,7,12582912,49,0,0,0
25.849454590999812,1779567917.0166507,7971,65236,0,12582912,75,0,0,0
25.849454590999812,1779567917.0166507,7971,65237,1,12582912,84,0,0,0
25.849454590999812,1779567917.0166507,7971,65238,2,12582912,74,0,0,0
25.849454590999812,1779567917.0166507,7971,65239,3,12582912,61,0,0,0
25.849454590999812,1779567917.0166507,7971,65240,4,12582912,64,0,0,0
25.849454590999812,1779567917.0166507,7971,65241,5,12582912,82,0,0,0
25.849454590999812,1779567917.0166507,7971,65242,6,12582912,85,0,0,0
25.849454590999812,1779567917.0166507,7971,65243,7,12582912,64,0,0,0
25.87119393300054,1779567917.038392,7972,65244,0,12582912,44,0,0,0
25.87119393300054,1779567917.038392,7972,65245,1,12582912,50,0,0,0
25.87119393300054,1779567917.038392,7972,65246,2,12582912,76,0,0,0
25.87119393300054,1779567917.038392,7972,65247,3,12582912,104,0,0,0
25.87119393300054,1779567917.038392,7972,65248,4,12582912,127,0,0,0
25.87119393300054,1779567917.038392,7972,65249,5,12582912,134,0,0,0
25.87119393300054,1779567917.038392,7972,65250,6,12582912,118,0,0,0
25.87119393300054,1779567917.038392,7972,65251,7,12582912,100,0,0,0
25.892913274999955,1779567917.06011,7973,65252,0,12582912,101,0,0,0
25.892913274999955,1779567917.06011,7973,65253,1,12582912,117,0,0,0
25.892913274999955,1779567917.06011,7973,65254,2,12582912,125,0,0,0
25.892913274999955,1779567917.06011,7973,65255,3,12582912,124,0,0,0
25.892913274999955,1779567917.06011,7973,65256,4,12582912,124,0,0,0
25.892913274999955,1779567917.06011,7973,65257,5,12582912,131,0,0,0
25.892913274999955,1779567917.06011,7973,65258,6,12582912,133,0,0,0
25.892913274999955,1779567917.06011,7973,65259,7,12582912,122,0,0,0
25.923428915999466,1779567917.0906253,7974,65260,0,12582912,112,0,0,0
25.923428915999466,1779567917.0906253,7974,65261,1,12582912,114,0,0,0
25.923428915999466,1779567917.0906253,7974,65262,2,12582912,125,0,0,0
25.923428915999466,1779567917.0906253,7974,65263,3,12582912,135,0,0,0
25.923428915999466,1779567917.0906253,7974,65264,4,12582912,137,0,0,0
25.923428915999466,1779567917.0906253,7974,65265,5,12582912,137,0,0,0
25.923428915999466,1779567917.0906253,7974,65266,6,12582912,138,0,0,0
25.923428915999466,1779567917.0906253,7974,65267,7,12582912,138,0,0,0
25.978245811000306,1779567917.1454427,7975,65268,0,12582912,137,0,0,0
25.978245811000306,1779567917.1454427,7975,65269,1,12582912,135,0,0,0
25.978245811000306,1779567917.1454427,7975,65270,2,12582912,132,0,0,0
25.978245811000306,1779567917.1454427,7975,65271,3,12582912,130,0,0,0
25.978245811000306,1779567917.1454427,7975,65272,4,12582912,129,0,0,0
25.978245811000306,1779567917.1454427,7975,65273,5,12582912,127,0,0,0
25.978245811000306,1779567917.1454427,7975,65274,6,12582912,127,0,0,0
25.978245811000306,1779567917.1454427,7975,65275,7,12582912,133,0,0,0
26.00019931799943,1779567917.167398,7976,65276,0,12582912,137,0,0,0
26.00019931799943,1779567917.167398,7976,65277,1,12582912,133,0,0,0
26.00019931799943,1779567917.167398,7976,65278,2,12582912,123,0,0,0
26.00019931799943,1779567917.167398,7976,65279,3,12582912,117,0,0,0
26.00019931799943,1779567917.167398,7976,65280,4,12582912,121,0,0,0
26.00019931799943,1779567917.167398,7976,65281,5,12582912,129,0,0,0
26.00019931799943,1779567917.167398,7976,65282,6,12582912,130,0,0,0
26.00019931799943,1779567917.167398,7976,65283,7,12582912,127,0,0,0
26.025214317000064,1779567917.1924112,7977,65284,0,12582912,124,0,0,0
26.025214317000064,1779567917.1924112,7977,65285,1,12582912,123,0,0,0
26.025214317000064,1779567917.1924112,7977,65286,2,12582912,127,0,0,0
26.025214317000064,1779567917.1924112,7977,65287,3,12582912,133,0,0,0
26.025214317000064,1779567917.1924112,7977,65288,4,12582912,138,0,0,0
26.025214317000064,1779567917.1924112,7977,65289,5,12582912,135,0,0,0
26.025214317000064,1779567917.1924112,7977,65290,6,12582912,124,0,0,0
26.025214317000064,1779567917.1924112,7977,65291,7,12582912,114,0,0,0
26.068147328000123,1779567917.235345,7978,65292,0,12582912,114,0,0,0
26.068147328000123,1779567917.235345,7978,65293,1,12582912,114,0,0,0
26.068147328000123,1779567917.235345,7978,65294,2,12582912,105,0,0,0
26.068147328000123,1779567917.235345,7978,65295,3,12582912,104,0,0,0
26.068147328000123,1779567917.235345,7978,65296,4,12582912,117,0,0,0
26.068147328000123,1779567917.235345,7978,65297,5,12582912,129,0,0,0
26.068147328000123,1779567917.235345,7978,65298,6,12582912,129,0,0,0
26.068147328000123,1779567917.235345,7978,65299,7,12582912,121,0,0,0
26.089807087000736,1779567917.257005,7979,65300,0,12582912,113,0,0,0
26.089807087000736,1779567917.257005,7979,65301,1,12582912,112,0,0,0
26.089807087000736,1779567917.257005,7979,65302,2,12582912,113,0,0,0
26.089807087000736,1779567917.257005,7979,65303,3,12582912,107,0,0,0
26.089807087000736,1779567917.257005,7979,65304,4,12582912,93,0,0,0
26.089807087000736,1779567917.257005,7979,65305,5,12582912,81,0,0,0
26.089807087000736,1779567917.257005,7979,65306,6,12582912,79,0,0,0
26.089807087000736,1779567917.257005,7979,65307,7,12582912,82,0,0,0
26.170772671001032,1779567917.3379703,7980,65308,0,12582912,87,0,0,0
26.170772671001032,1779567917.3379703,7980,65309,1,12582912,89,0,0,0
26.170772671001032,1779567917.3379703,7980,65310,2,12582912,94,0,0,0
26.170772671001032,1779567917.3379703,7980,65311,3,12582912,108,0,0,0
26.170772671001032,1779567917.3379703,7980,65312,4,12582912,124,0,0,0
26.170772671001032,1779567917.3379703,7980,65313,5,12582912,119,0,0,0
26.170772671001032,1779567917.3379703,7980,65314,6,12582912,87,0,0,0
26.170772671001032,1779567917.3379703,7980,65315,7,12582912,59,0,0,0
26.171082459999525,1779567917.3382788,7981,65316,0,12582912,54,0,0,0
26.171082459999525,1779567917.3382788,7981,65317,1,12582912,64,0,0,0
26.171082459999525,1779567917.3382788,7981,65318,2,12582912,79,0,0,0
26.171082459999525,1779567917.3382788,7981,65319,3,12582912,91,0,0,0
26.171082459999525,1779567917.3382788,7981,65320,4,12582912,92,0,0,0
26.171082459999525,1779567917.3382788,7981,65321,5,12582912,83,0,0,0
26.171082459999525,1779567917.3382788,7981,65322,6,12582912,78,0,0,0
26.171082459999525,1779567917.3382788,7981,65323,7,12582912,87,0,0,0
26.217457429000206,1779567917.384655,7982,65324,0,12582912,100,0,0,0
26.217457429000206,1779567917.384655,7982,65325,1,12582912,106,0,0,0
26.217457429000206,1779567917.384655,7982,65326,2,12582912,100,0,0,0
26.217457429000206,1779567917.384655,7982,65327,3,12582912,88,0,0,0
26.217457429000206,1779567917.384655,7982,65328,4,12582912,80,0,0,0
26.217457429000206,1779567917.384655,7982,65329,5,12582912,79,0,0,0
26.217457429000206,1779567917.384655,7982,65330,6,12582912,88,0,0,0
26.217457429000206,1779567917.384655,7982,65331,7,12582912,97,0,0,0
26.217769458000475,1779567917.3849664,7983,65332,0,12582912,98,0,0,0
26.217769458000475,1779567917.3849664,7983,65333,1,12582912,91,0,0,0
26.217769458000475,1779567917.3849664,7983,65334,2,12582912,82,0,0,0
26.217769458000475,1779567917.3849664,7983,65335,3,12582912,80,0,0,0
26.217769458000475,1779567917.3849664,7983,65336,4,12582912,85,0,0,0
26.217769458000475,1779567917.3849664,7983,65337,5,12582912,89,0,0,0
26.217769458000475,1779567917.3849664,7983,65338,6,12582912,85,0,0,0
26.217769458000475,1779567917.3849664,7983,65339,7,12582912,76,0,0,0
26.260659083000064,1779567917.427857,7984,65340,0,12582912,72,0,0,0
26.260659083000064,1779567917.427857,7984,65341,1,12582912,78,0,0,0
26.260659083000064,1779567917.427857,7984,65342,2,12582912,83,0,0,0
26.260659083000064,1779567917.427857,7984,65343,3,12582912,83,0,0,0
26.260659083000064,1779567917.427857,7984,65344,4,12582912,82,0,0,0
26.260659083000064,1779567917.427857,7984,65345,5,12582912,85,0,0,0
26.260659083000064,1779567917.427857,7984,65346,6,12582912,89,0,0,0
26.260659083000064,1779567917.427857,7984,65347,7,12582912,88,0,0,0
26.282326967999325,1779567917.4495246,7985,65348,0,12582912,83,0,0,0
26.282326967999325,1779567917.4495246,7985,65349,1,12582912,80,0,0,0
26.282326967999325,1779567917.4495246,7985,65350,2,12582912,80,0,0,0
26.282326967999325,1779567917.4495246,7985,65351,3,12582912,82,0,0,0
26.282326967999325,1779567917.4495246,7985,65352,4,12582912,83,0,0,0
26.282326967999325,1779567917.4495246,7985,65353,5,12582912,82,0,0,0
26.282326967999325,1779567917.4495246,7985,65354,6,12582912,82,0,0,0
26.282326967999325,1779567917.4495246,7985,65355,7,12582912,85,0,0,0
26.304496568000104,1779567917.4716942,7986,65356,0,12582912,88,0,0,0
26.304496568000104,1779567917.4716942,7986,65357,1,12582912,84,0,0,0
26.304496568000104,1779567917.4716942,7986,65358,2,12582912,78,0,0,0
26.304496568000104,1779567917.4716942,7986,65359,3,12582912,73,0,0,0
26.304496568000104,1779567917.4716942,7986,65360,4,12582912,69,0,0,0
26.304496568000104,1779567917.4716942,7986,65361,5,12582912,69,0,0,0
26.304496568000104,1779567917.4716942,7986,65362,6,12582912,73,0,0,0
26.304496568000104,1779567917.4716942,7986,65363,7,12582912,79,0,0,0
26.347350359999837,1779567917.514548,7987,65364,0,12582912,79,0,0,0
26.347350359999837,1779567917.514548,7987,65365,1,12582912,77,0,0,0
26.347350359999837,1779567917.514548,7987,65366,2,12582912,77,0,0,0
26.347350359999837,1779567917.514548,7987,65367,3,12582912,79,0,0,0
26.347350359999837,1779567917.514548,7987,65368,4,12582912,79,0,0,0
26.347350359999837,1779567917.514548,7987,65369,5,12582912,75,0,0,0
26.347350359999837,1779567917.514548,7987,65370,6,12582912,69,0,0,0
26.347350359999837,1779567917.514548,7987,65371,7,12582912,73,0,0,0
26.369038087999797,1779567917.536236,7988,65372,0,12582912,79,0,0,0
26.369038087999797,1779567917.536236,7988,65373,1,12582912,78,0,0,0
26.369038087999797,1779567917.536236,7988,65374,2,12582912,71,0,0,0
26.369038087999797,1779567917.536236,7988,65375,3,12582912,68,0,0,0
26.369038087999797,1779567917.536236,7988,65376,4,12582912,70,0,0,0
26.369038087999797,1779567917.536236,7988,65377,5,12582912,70,0,0,0
26.369038087999797,1779567917.536236,7988,65378,6,12582912,67,0,0,0
26.369038087999797,1779567917.536236,7988,65379,7,12582912,61,0,0,0
26.42852667199986,1779567917.5957243,7989,65380,0,12582912,60,0,0,0
26.42852667199986,1779567917.5957243,7989,65381,1,12582912,68,0,0,0
26.42852667199986,1779567917.5957243,7989,65382,2,12582912,71,0,0,0
26.42852667199986,1779567917.5957243,7989,65383,3,12582912,64,0,0,0
26.42852667199986,1779567917.5957243,7989,65384,4,12582912,57,0,0,0
26.42852667199986,1779567917.5957243,7989,65385,5,12582912,60,0,0,0
26.42852667199986,1779567917.5957243,7989,65386,6,12582912,71,0,0,0
26.42852667199986,1779567917.5957243,7989,65387,7,12582912,77,0,0,0
26.435433190999902,1779567917.6026313,7990,65388,0,12582912,69,0,0,0
26.435433190999902,1779567917.6026313,7990,65389,1,12582912,56,0,0,0
26.435433190999902,1779567917.6026313,7990,65390,2,12582912,50,0,0,0
26.435433190999902,1779567917.6026313,7990,65391,3,12582912,51,0,0,0
26.435433190999902,1779567917.6026313,7990,65392,4,12582912,55,0,0,0
26.435433190999902,1779567917.6026313,7990,65393,5,12582912,60,0,0,0
26.435433190999902,1779567917.6026313,7990,65394,6,12582912,62,0,0,0
26.435433190999902,1779567917.6026313,7990,65395,7,12582912,59,0,0,0
26.47073718700085,1779567917.6379352,7991,65396,0,12582912,60,0,0,0
26.47073718700085,1779567917.6379352,7991,65397,1,12582912,64,0,0,0
26.47073718700085,1779567917.6379352,7991,65398,2,12582912,64,0,0,0
26.47073718700085,1779567917.6379352,7991,65399,3,12582912,56,0,0,0
26.47073718700085,1779567917.6379352,7991,65400,4,12582912,49,0,0,0
26.47073718700085,1779567917.6379352,7991,65401,5,12582912,52,0,0,0
26.47073718700085,1779567917.6379352,7991,65402,6,12582912,57,0,0,0
26.47073718700085,1779567917.6379352,7991,65403,7,12582912,55,0,0,0
26.51387082200017,1779567917.6810687,7992,65404,0,12582912,52,0,0,0
26.51387082200017,1779567917.6810687,7992,65405,1,12582912,57,0,0,0
26.51387082200017,1779567917.6810687,7992,65406,2,12582912,63,0,0,0
26.51387082200017,1779567917.6810687,7992,65407,3,12582912,60,0,0,0
26.51387082200017,1779567917.6810687,7992,65408,4,12582912,49,0,0,0
26.51387082200017,1779567917.6810687,7992,65409,5,12582912,40,0,0,0
26.51387082200017,1779567917.6810687,7992,65410,6,12582912,41,0,0,0
26.51387082200017,1779567917.6810687,7992,65411,7,12582912,50,0,0,0
26.56764688899966,1779567917.734845,7993,65412,0,12582912,54,0,0,0
26.56764688899966,1779567917.734845,7993,65413,1,12582912,52,0,0,0
26.56764688899966,1779567917.734845,7993,65414,2,12582912,49,0,0,0
26.56764688899966,1779567917.734845,7993,65415,3,12582912,49,0,0,0
26.56764688899966,1779567917.734845,7993,65416,4,12582912,51,0,0,0
26.56764688899966,1779567917.734845,7993,65417,5,12582912,54,0,0,0
26.56764688899966,1779567917.734845,7993,65418,6,12582912,60,0,0,0
26.56764688899966,1779567917.734845,7993,65419,7,12582912,61,0,0,0
26.589369408000493,1779567917.7565668,7994,65420,0,12582912,56,0,0,0
26.589369408000493,1779567917.7565668,7994,65421,1,12582912,53,0,0,0
26.589369408000493,1779567917.7565668,7994,65422,2,12582912,55,0,0,0
26.589369408000493,1779567917.7565668,7994,65423,3,12582912,56,0,0,0
26.589369408000493,1779567917.7565668,7994,65424,4,12582912,53,0,0,0
26.589369408000493,1779567917.7565668,7994,65425,5,12582912,49,0,0,0
26.589369408000493,1779567917.7565668,7994,65426,6,12582912,52,0,0,0
26.589369408000493,1779567917.7565668,7994,65427,7,12582912,54,0,0,0
26.61105031400075,1779567917.7782485,7995,65428,0,12582912,52,0,0,0
26.61105031400075,1779567917.7782485,7995,65429,1,12582912,50,0,0,0
26.61105031400075,1779567917.7782485,7995,65430,2,12582912,52,0,0,0
26.61105031400075,1779567917.7782485,7995,65431,3,12582912,54,0,0,0
26.61105031400075,1779567917.7782485,7995,65432,4,12582912,52,0,0,0
26.61105031400075,1779567917.7782485,7995,65433,5,12582912,47,0,0,0
26.61105031400075,1779567917.7782485,7995,65434,6,12582912,44,0,0,0
26.61105031400075,1779567917.7782485,7995,65435,7,12582912,47,0,0,0
26.649335124000572,1779567917.816533,7996,65436,0,12582912,54,0,0,0
26.649335124000572,1779567917.816533,7996,65437,1,12582912,59,0,0,0
26.649335124000572,1779567917.816533,7996,65438,2,12582912,61,0,0,0
26.649335124000572,1779567917.816533,7996,65439,3,12582912,58,0,0,0
26.649335124000572,1779567917.816533,7996,65440,4,12582912,55,0,0,0
26.649335124000572,1779567917.816533,7996,65441,5,12582912,60,0,0,0
26.649335124000572,1779567917.816533,7996,65442,6,12582912,67,0,0,0
26.649335124000572,1779567917.816533,7996,65443,7,12582912,67,0,0,0
26.67107045600096,1779567917.8382685,7997,65444,0,12582912,63,0,0,0
26.67107045600096,1779567917.8382685,7997,65445,1,12582912,61,0,0,0
26.67107045600096,1779567917.8382685,7997,65446,2,12582912,63,0,0,0
26.67107045600096,1779567917.8382685,7997,65447,3,12582912,63,0,0,0
26.67107045600096,1779567917.8382685,7997,65448,4,12582912,59,0,0,0
26.67107045600096,1779567917.8382685,7997,65449,5,12582912,50,0,0,0
26.67107045600096,1779567917.8382685,7997,65450,6,12582912,44,0,0,0
26.67107045600096,1779567917.8382685,7997,65451,7,12582912,45,0,0,0
26.706225703999735,1779567917.873423,7998,65452,0,12582912,48,0,0,0
26.706225703999735,1779567917.873423,7998,65453,1,12582912,47,0,0,0
26.706225703999735,1779567917.873423,7998,65454,2,12582912,40,0,0,0
26.706225703999735,1779567917.873423,7998,65455,3,12582912,34,0,0,0
26.706225703999735,1779567917.873423,7998,65456,4,12582912,38,0,0,0
26.706225703999735,1779567917.873423,7998,65457,5,12582912,47,0,0,0
26.706225703999735,1779567917.873423,7998,65458,6,12582912,51,0,0,0
26.706225703999735,1779567917.873423,7998,65459,7,12582912,46,0,0,0
26.727936347999275,1779567917.895134,7999,65460,0,12582912,38,0,0,0
26.727936347999275,1779567917.895134,7999,65461,1,12582912,37,0,0,0
26.727936347999275,1779567917.895134,7999,65462,2,12582912,42,0,0,0
26.727936347999275,1779567917.895134,7999,65463,3,12582912,42,0,0,0
26.727936347999275,1779567917.895134,7999,65464,4,12582912,36,0,0,0
26.727936347999275,1779567917.895134,7999,65465,5,12582912,31,0,0,0
26.727936347999275,1779567917.895134,7999,65466,6,12582912,32,0,0,0
26.727936347999275,1779567917.895134,7999,65467,7,12582912,31,0,0,0
26.825176360000114,1779567917.9923737,8000,65468,0,12582912,31,0,0,0
26.825176360000114,1779567917.9923737,8000,65469,1,12582912,32,0,0,0
26.825176360000114,1779567917.9923737,8000,65470,2,12582912,38,0,0,0
26.825176360000114,1779567917.9923737,8000,65471,3,12582912,49,0,0,0
26.825176360000114,1779567917.9923737,8000,65472,4,12582912,57,0,0,0
26.825176360000114,1779567917.9923737,8000,65473,5,12582912,56,0,0,0
26.825176360000114,1779567917.9923737,8000,65474,6,12582912,47,0,0,0
26.825176360000114,1779567917.9923737,8000,65475,7,12582912,39,0,0,0
26.825487243999305,1779567917.9926832,8001,65476,0,12582912,38,0,0,0
26.825487243999305,1779567917.9926832,8001,65477,1,12582912,39,0,0,0
26.825487243999305,1779567917.9926832,8001,65478,2,12582912,39,0,0,0
26.825487243999305,1779567917.9926832,8001,65479,3,12582912,33,0,0,0
26.825487243999305,1779567917.9926832,8001,65480,4,12582912,26,0,0,0
26.825487243999305,1779567917.9926832,8001,65481,5,12582912,22,0,0,0
26.825487243999305,1779567917.9926832,8001,65482,6,12582912,21,0,0,0
26.825487243999305,1779567917.9926832,8001,65483,7,12582912,25,0,0,0
26.82577182500063,1779567917.9929678,8002,65484,0,12582912,29,0,0,0
26.82577182500063,1779567917.9929678,8002,65485,1,12582912,32,0,0,0
26.82577182500063,1779567917.9929678,8002,65486,2,12582912,36,0,0,0
26.82577182500063,1779567917.9929678,8002,65487,3,12582912,40,0,0,0
26.82577182500063,1779567917.9929678,8002,65488,4,12582912,39,0,0,0
26.82577182500063,1779567917.9929678,8002,65489,5,12582912,33,0,0,0
26.82577182500063,1779567917.9929678,8002,65490,6,12582912,30,0,0,0
26.82577182500063,1779567917.9929678,8002,65491,7,12582912,30,0,0,0
26.86657568299961,1779567918.0337734,8003,65492,0,12582912,27,0,0,0
26.86657568299961,1779567918.0337734,8003,65493,1,12582912,20,0,0,0
26.86657568299961,1779567918.0337734,8003,65494,2,12582912,12,0,0,0
26.86657568299961,1779567918.0337734,8003,65495,3,12582912,14,0,0,0
26.86657568299961,1779567918.0337734,8003,65496,4,12582912,26,0,0,0
26.86657568299961,1779567918.0337734,8003,65497,5,12582912,35,0,0,0
26.86657568299961,1779567918.0337734,8003,65498,6,12582912,35,0,0,0
26.86657568299961,1779567918.0337734,8003,65499,7,12582912,29,0,0,0
26.909395100999973,1779567918.076593,8004,65500,0,12582912,24,0,0,0
26.909395100999973,1779567918.076593,8004,65501,1,12582912,41,0,0,0
26.909395100999973,1779567918.076593,8004,65502,2,12582912,133,0,0,0
26.909395100999973,1779567918.076593,8004,65503,3,12582912,249,0,0,0
26.909395100999973,1779567918.076593,8004,65504,4,12582912,197,0,0,0
26.909395100999973,1779567918.076593,8004,65505,5,12582912,-32,0,0,0
26.909395100999973,1779567918.076593,8004,65506,6,12582912,-174,0,0,0
26.909395100999973,1779567918.076593,8004,65507,7,12582912,-61,0,0,0
26.966079067000464,1779567918.133276,8005,65508,0,12582912,139,0,0,0
26.966079067000464,1779567918.133276,8005,65509,1,12582912,160,0,0,0
26.966079067000464,1779567918.133276,8005,65510,2,12582912,-8,0,0,0
26.966079067000464,1779567918.133276,8005,65511,3,12582912,-127,0,0,0
26.966079067000464,1779567918.133276,8005,65512,4,12582912,-44,0,0,0
26.966079067000464,1779567918.133276,8005,65513,5,12582912,116,0,0,0
26.966079067000464,1779567918.133276,8005,65514,6,12582912,142,0,0,0
26.966079067000464,1779567918.133276,8005,65515,7,12582912,20,0,0,0
26.971896322000248,1779567918.1390948,8006,65516,0,12582912,-77,0,0,0
26.971896322000248,1779567918.1390948,8006,65517,1,12582912,-27,0,0,0
26.971896322000248,1779567918.1390948,8006,65518,2,12582912,85,0,0,0
26.971896322000248,1779567918.1390948,8006,65519,3,12582912,96,0,0,0
26.971896322000248,1779567918.1390948,8006,65520,4,12582912,-2,0,0,0
26.971896322000248,1779567918.1390948,8006,65521,5,12582912,-72,0,0,0
26.971896322000248,1779567918.1390948,8006,65522,6,12582912,-22,0,0,0
26.971896322000248,1779567918.1390948,8006,65523,7,12582912,74,0,0,0
27.007274693,1779567918.174472,8007,65524,0,12582912,86,0,0,0
27.007274693,1779567918.174472,8007,65525,1,12582912,9,0,0,0
27.007274693,1779567918.174472,8007,65526,2,12582912,-46,0,0,0
27.007274693,1779567918.174472,8007,65527,3,12582912,-12,0,0,0
27.007274693,1779567918.174472,8007,65528,4,12582912,59,0,0,0
27.007274693,1779567918.174472,8007,65529,5,12582912,70,0,0,0
27.007274693,1779567918.174472,8007,65530,6,12582912,14,0,0,0
27.007274693,1779567918.174472,8007,65531,7,12582912,-28,0,0,0
27.029033201999482,1779567918.196231,8008,65532,0,12582912,-1,0,0,0
27.029033201999482,1779567918.196231,8008,65533,1,12582912,54,0,0,0
27.029033201999482,1779567918.196231,8008,65534,2,12582912,62,0,0,0
27.029033201999482,1779567918.196231,8008,65535,3,12582912,20,0,0,0
27.029033201999482,1779567918.196231,8008,65536,4,12582912,-9,0,0,0
27.029033201999482,1779567918.196231,8008,65537,5,12582912,15,0,0,0
27.029033201999482,1779567918.196231,8008,65538,6,12582912,49,0,0,0
27.029033201999482,1779567918.196231,8008,65539,7,12582912,33,0,0,0
27.065809376999823,1779567918.2330072,8009,65540,0,12582912,-18,0,0,0
27.065809376999823,1779567918.2330072,8009,65541,1,12582912,-40,0,0,0
27.065809376999823,1779567918.2330072,8009,65542,2,12582912,-8,0,0,0
27.065809376999823,1779567918.2330072,8009,65543,3,12582912,40,0,0,0
27.065809376999823,1779567918.2330072,8009,65544,4,12582912,52,0,0,0
27.065809376999823,1779567918.2330072,8009,65545,5,12582912,26,0,0,0
27.065809376999823,1779567918.2330072,8009,65546,6,12582912,0,0,0,0
27.065809376999823,1779567918.2330072,8009,65547,7,12582912,4,0,0,0
27.087626374999672,1779567918.2548242,8010,65548,0,12582912,30,0,0,0
27.087626374999672,1779567918.2548242,8010,65549,1,12582912,38,0,0,0
27.087626374999672,1779567918.2548242,8010,65550,2,12582912,12,0,0,0
27.087626374999672,1779567918.2548242,8010,65551,3,12582912,-14,0,0,0
27.087626374999672,1779567918.2548242,8010,65552,4,12582912,-3,0,0,0
27.087626374999672,1779567918.2548242,8010,65553,5,12582912,26,0,0,0
27.087626374999672,1779567918.2548242,8010,65554,6,12582912,34,0,0,0
27.087626374999672,1779567918.2548242,8010,65555,7,12582912,20,0,0,0
27.130408658000306,1779567918.2976062,8011,65556,0,12582912,4,0,0,0
27.130408658000306,1779567918.2976062,8011,65557,1,12582912,8,0,0,0
27.130408658000306,1779567918.2976062,8011,65558,2,12582912,26,0,0,0
27.130408658000306,1779567918.2976062,8011,65559,3,12582912,37,0,0,0
27.130408658000306,1779567918.2976062,8011,65560,4,12582912,33,0,0,0
27.130408658000306,1779567918.2976062,8011,65561,5,12582912,18,0,0,0
27.130408658000306,1779567918.2976062,8011,65562,6,12582912,7,0,0,0
27.130408658000306,1779567918.2976062,8011,65563,7,12582912,11,0,0,0
27.152116176999698,1779567918.3193138,8012,65564,0,12582912,18,0,0,0
27.152116176999698,1779567918.3193138,8012,65565,1,12582912,12,0,0,0
27.152116176999698,1779567918.3193138,8012,65566,2,12582912,6,0,0,0
27.152116176999698,1779567918.3193138,8012,65567,3,12582912,15,0,0,0
27.152116176999698,1779567918.3193138,8012,65568,4,12582912,30,0,0,0
27.152116176999698,1779567918.3193138,8012,65569,5,12582912,32,0,0,0
27.152116176999698,1779567918.3193138,8012,65570,6,12582912,22,0,0,0
27.152116176999698,1779567918.3193138,8012,65571,7,12582912,12,0,0,0
27.194881481000266,1779567918.3620791,8013,65572,0,12582912,12,0,0,0
27.194881481000266,1779567918.3620791,8013,65573,1,12582912,21,0,0,0
27.194881481000266,1779567918.3620791,8013,65574,2,12582912,28,0,0,0
27.194881481000266,1779567918.3620791,8013,65575,3,12582912,27,0,0,0
27.194881481000266,1779567918.3620791,8013,65576,4,12582912,21,0,0,0
27.194881481000266,1779567918.3620791,8013,65577,5,12582912,21,0,0,0
27.194881481000266,1779567918.3620791,8013,65578,6,12582912,29,0,0,0
27.194881481000266,1779567918.3620791,8013,65579,7,12582912,34,0,0,0
27.230069228000502,1779567918.397267,8014,65580,0,12582912,30,0,0,0
27.230069228000502,1779567918.397267,8014,65581,1,12582912,24,0,0,0
27.230069228000502,1779567918.397267,8014,65582,2,12582912,20,0,0,0
27.230069228000502,1779567918.397267,8014,65583,3,12582912,18,0,0,0
27.230069228000502,1779567918.397267,8014,65584,4,12582912,18,0,0,0
27.230069228000502,1779567918.397267,8014,65585,5,12582912,16,0,0,0
27.230069228000502,1779567918.397267,8014,65586,6,12582912,11,0,0,0
27.230069228000502,1779567918.397267,8014,65587,7,12582912,11,0,0,0
27.267864094999823,1779567918.435062,8015,65588,0,12582912,23,0,0,0
27.267864094999823,1779567918.435062,8015,65589,1,12582912,36,0,0,0
27.267864094999823,1779567918.435062,8015,65590,2,12582912,36,0,0,0
27.267864094999823,1779567918.435062,8015,65591,3,12582912,27,0,0,0
27.267864094999823,1779567918.435062,8015,65592,4,12582912,23,0,0,0
27.267864094999823,1779567918.435062,8015,65593,5,12582912,30,0,0,0
27.267864094999823,1779567918.435062,8015,65594,6,12582912,34,0,0,0
27.267864094999823,1779567918.435062,8015,65595,7,12582912,26,0,0,0
27.289521615000922,1779567918.4567192,8016,65596,0,12582912,12,0,0,0
27.289521615000922,1779567918.4567192,8016,65597,1,12582912,1,0,0,0
27.289521615000922,1779567918.4567192,8016,65598,2,12582912,2,0,0,0
27.289521615000922,1779567918.4567192,8016,65599,3,12582912,12,0,0,0
27.289521615000922,1779567918.4567192,8016,65600,4,12582912,23,0,0,0
27.289521615000922,1779567918.4567192,8016,65601,5,12582912,28,0,0,0
27.289521615000922,1779567918.4567192,8016,65602,6,12582912,28,0,0,0
27.289521615000922,1779567918.4567192,8016,65603,7,12582912,29,0,0,0
27.347763800000394,1779567918.5149615,8017,65604,0,12582912,29,0,0,0
27.347763800000394,1779567918.5149615,8017,65605,1,12582912,27,0,0,0
27.347763800000394,1779567918.5149615,8017,65606,2,12582912,24,0,0,0
27.347763800000394,1779567918.5149615,8017,65607,3,12582912,22,0,0,0
27.347763800000394,1779567918.5149615,8017,65608,4,12582912,20,0,0,0
27.347763800000394,1779567918.5149615,8017,65609,5,12582912,20,0,0,0
27.347763800000394,1779567918.5149615,8017,65610,6,12582912,21,0,0,0
27.347763800000394,1779567918.5149615,8017,65611,7,12582912,20,0,0,0
27.369554965000134,1779567918.5367527,8018,65612,0,12582912,20,0,0,0
27.369554965000134,1779567918.5367527,8018,65613,1,12582912,25,0,0,0
27.369554965000134,1779567918.5367527,8018,65614,2,12582912,32,0,0,0
27.369554965000134,1779567918.5367527,8018,65615,3,12582912,36,0,0,0
27.369554965000134,1779567918.5367527,8018,65616,4,12582912,35,0,0,0
27.369554965000134,1779567918.5367527,8018,65617,5,12582912,27,0,0,0
27.369554965000134,1779567918.5367527,8018,65618,6,12582912,14,0,0,0
27.369554965000134,1779567918.5367527,8018,65619,7,12582912,13,0,0,0
27.391290244999254,1779567918.5584881,8019,65620,0,12582912,23,0,0,0
27.391290244999254,1779567918.5584881,8019,65621,1,12582912,28,0,0,0
27.391290244999254,1779567918.5584881,8019,65622,2,12582912,27,0,0,0
27.391290244999254,1779567918.5584881,8019,65623,3,12582912,26,0,0,0
27.391290244999254,1779567918.5584881,8019,65624,4,12582912,27,0,0,0
27.391290244999254,1779567918.5584881,8019,65625,5,12582912,25,0,0,0
27.391290244999254,1779567918.5584881,8019,65626,6,12582912,17,0,0,0
27.391290244999254,1779567918.5584881,8019,65627,7,12582912,13,0,0,0
27.412959795999996,1779567918.5801575,8020,65628,0,12582912,19,0,0,0
27.412959795999996,1779567918.5801575,8020,65629,1,12582912,27,0,0,0
27.412959795999996,1779567918.5801575,8020,65630,2,12582912,29,0,0,0
27.412959795999996,1779567918.5801575,8020,65631,3,12582912,25,0,0,0
27.412959795999996,1779567918.5801575,8020,65632,4,12582912,23,0,0,0
27.412959795999996,1779567918.5801575,8020,65633,5,12582912,28,0,0,0
27.412959795999996,1779567918.5801575,8020,65634,6,12582912,32,0,0,0
27.412959795999996,1779567918.5801575,8020,65635,7,12582912,30,0,0,0
27.434900542999458,1779567918.6020982,8021,65636,0,12582912,22,0,0,0
27.434900542999458,1779567918.6020982,8021,65637,1,12582912,19,0,0,0
27.434900542999458,1779567918.6020982,8021,65638,2,12582912,24,0,0,0
27.434900542999458,1779567918.6020982,8021,65639,3,12582912,30,0,0,0
27.434900542999458,1779567918.6020982,8021,65640,4,12582912,29,0,0,0
27.434900542999458,1779567918.6020982,8021,65641,5,12582912,22,0,0,0
27.434900542999458,1779567918.6020982,8021,65642,6,12582912,14,0,0,0
27.434900542999458,1779567918.6020982,8021,65643,7,12582912,12,0,0,0
27.48503053999957,1779567918.652228,8022,65644,0,12582912,16,0,0,0
27.48503053999957,1779567918.652228,8022,65645,1,12582912,22,0,0,0
27.48503053999957,1779567918.652228,8022,65646,2,12582912,22,0,0,0
27.48503053999957,1779567918.652228,8022,65647,3,12582912,14,0,0,0
27.48503053999957,1779567918.652228,8022,65648,4,12582912,7,0,0,0
27.48503053999957,1779567918.652228,8022,65649,5,12582912,8,0,0,0
27.48503053999957,1779567918.652228,8022,65650,6,12582912,13,0,0,0
27.48503053999957,1779567918.652228,8022,65651,7,12582912,19,0,0,0
27.512064952999935,1779567918.6792626,8023,65652,0,12582912,21,0,0,0
27.512064952999935,1779567918.6792626,8023,65653,1,12582912,21,0,0,0
27.512064952999935,1779567918.6792626,8023,65654,2,12582912,24,0,0,0
27.512064952999935,1779567918.6792626,8023,65655,3,12582912,26,0,0,0
27.512064952999935,1779567918.6792626,8023,65656,4,12582912,18,0,0,0
27.512064952999935,1779567918.6792626,8023,65657,5,12582912,6,0,0,0
27.512064952999935,1779567918.6792626,8023,65658,6,12582912,2,0,0,0
27.512064952999935,1779567918.6792626,8023,65659,7,12582912,3,0,0,0
27.533720755000104,1779567918.7009184,8024,65660,0,12582912,7,0,0,0
27.533720755000104,1779567918.7009184,8024,65661,1,12582912,10,0,0,0
27.533720755000104,1779567918.7009184,8024,65662,2,12582912,13,0,0,0
27.533720755000104,1779567918.7009184,8024,65663,3,12582912,18,0,0,0
27.533720755000104,1779567918.7009184,8024,65664,4,12582912,19,0,0,0
27.533720755000104,1779567918.7009184,8024,65665,5,12582912,15,0,0,0
27.533720755000104,1779567918.7009184,8024,65666,6,12582912,9,0,0,0
27.533720755000104,1779567918.7009184,8024,65667,7,12582912,6,0,0,0
27.57657163099975,1779567918.7437694,8025,65668,0,12582912,9,0,0,0
27.57657163099975,1779567918.7437694,8025,65669,1,12582912,12,0,0,0
27.57657163099975,1779567918.7437694,8025,65670,2,12582912,12,0,0,0
27.57657163099975,1779567918.7437694,8025,65671,3,12582912,10,0,0,0
27.57657163099975,1779567918.7437694,8025,65672,4,12582912,13,0,0,0
27.57657163099975,1779567918.7437694,8025,65673,5,12582912,23,0,0,0
27.57657163099975,1779567918.7437694,8025,65674,6,12582912,27,0,0,0
27.57657163099975,1779567918.7437694,8025,65675,7,12582912,20,0,0,0
27.598325504000968,1779567918.7655232,8026,65676,0,12582912,8,0,0,0
27.598325504000968,1779567918.7655232,8026,65677,1,12582912,0,0,0,0
27.598325504000968,1779567918.7655232,8026,65678,2,12582912,0,0,0,0
27.598325504000968,1779567918.7655232,8026,65679,3,12582912,7,0,0,0
27.598325504000968,1779567918.7655232,8026,65680,4,12582912,12,0,0,0
27.598325504000968,1779567918.7655232,8026,65681,5,12582912,9,0,0,0
27.598325504000968,1779567918.7655232,8026,65682,6,12582912,1,0,0,0
27.598325504000968,1779567918.7655232,8026,65683,7,12582912,-3,0,0,0
27.641150494999238,1779567918.8083482,8027,65684,0,12582912,2,0,0,0
27.641150494999238,1779567918.8083482,8027,65685,1,12582912,11,0,0,0
27.641150494999238,1779567918.8083482,8027,65686,2,12582912,15,0,0,0
27.641150494999238,1779567918.8083482,8027,65687,3,12582912,11,0,0,0
27.641150494999238,1779567918.8083482,8027,65688,4,12582912,8,0,0,0
27.641150494999238,1779567918.8083482,8027,65689,5,12582912,8,0,0,0
27.641150494999238,1779567918.8083482,8027,65690,6,12582912,3,0,0,0
27.641150494999238,1779567918.8083482,8027,65691,7,12582912,-5,0,0,0
27.66280176500004,1779567918.8299994,8028,65692,0,12582912,-10,0,0,0
27.66280176500004,1779567918.8299994,8028,65693,1,12582912,-7,0,0,0
27.66280176500004,1779567918.8299994,8028,65694,2,12582912,4,0,0,0
27.66280176500004,1779567918.8299994,8028,65695,3,12582912,12,0,0,0
27.66280176500004,1779567918.8299994,8028,65696,4,12582912,10,0,0,0
27.66280176500004,1779567918.8299994,8028,65697,5,12582912,2,0,0,0
27.66280176500004,1779567918.8299994,8028,65698,6,12582912,-3,0,0,0
27.66280176500004,1779567918.8299994,8028,65699,7,12582912,-1,0,0,0
27.700034968000182,1779567918.8672328,8029,65700,0,12582912,1,0,0,0
27.700034968000182,1779567918.8672328,8029,65701,1,12582912,-1,0,0,0
27.700034968000182,1779567918.8672328,8029,65702,2,12582912,-2,0,0,0
27.700034968000182,1779567918.8672328,8029,65703,3,12582912,3,0,0,0
27.700034968000182,1779567918.8672328,8029,65704,4,12582912,9,0,0,0
27.700034968000182,1779567918.8672328,8029,65705,5,12582912,12,0,0,0
27.700034968000182,1779567918.8672328,8029,65706,6,12582912,11,0,0,0
27.700034968000182,1779567918.8672328,8029,65707,7,12582912,9,0,0,0
27.770379890000186,1779567918.9375763,8030,65708,0,12582912,7,0,0,0
27.770379890000186,1779567918.9375763,8030,65709,1,12582912,3,0,0,0
27.770379890000186,1779567918.9375763,8030,65710,2,12582912,1,0,0,0
27.770379890000186,1779567918.9375763,8030,65711,3,12582912,0,0,0,0
27.770379890000186,1779567918.9375763,8030,65712,4,12582912,-5,0,0,0
27.770379890000186,1779567918.9375763,8030,65713,5,12582912,-5,0,0,0
27.770379890000186,1779567918.9375763,8030,65714,6,12582912,3,0,0,0
27.770379890000186,1779567918.9375763,8030,65715,7,12582912,12,0,0,0
27.770494211999903,1779567918.9376893,8031,65716,0,12582912,12,0,0,0
27.770494211999903,1779567918.9376893,8031,65717,1,12582912,8,0,0,0
27.770494211999903,1779567918.9376893,8031,65718,2,12582912,12,0,0,0
27.770494211999903,1779567918.9376893,8031,65719,3,12582912,17,0,0,0
27.770494211999903,1779567918.9376893,8031,65720,4,12582912,17,0,0,0
27.770494211999903,1779567918.9376893,8031,65721,5,12582912,11,0,0,0
27.770494211999903,1779567918.9376893,8031,65722,6,12582912,8,0,0,0
27.770494211999903,1779567918.9376893,8031,65723,7,12582912,13,0,0,0
27.845686291000675,1779567919.0128841,8032,65724,0,12582912,15,0,0,0
27.845686291000675,1779567919.0128841,8032,65725,1,12582912,5,0,0,0
27.845686291000675,1779567919.0128841,8032,65726,2,12582912,-5,0,0,0
27.845686291000675,1779567919.0128841,8032,65727,3,12582912,-6,0,0,0
27.845686291000675,1779567919.0128841,8032,65728,4,12582912,-2,0,0,0
27.845686291000675,1779567919.0128841,8032,65729,5,12582912,1,0,0,0
27.845686291000675,1779567919.0128841,8032,65730,6,12582912,3,0,0,0
27.845686291000675,1779567919.0128841,8032,65731,7,12582912,1,0,0,0
27.845991236999907,1779567919.0131876,8033,65732,0,12582912,-3,0,0,0
27.845991236999907,1779567919.0131876,8033,65733,1,12582912,0,0,0,0
27.845991236999907,1779567919.0131876,8033,65734,2,12582912,6,0,0,0
27.845991236999907,1779567919.0131876,8033,65735,3,12582912,6,0,0,0
27.845991236999907,1779567919.0131876,8033,65736,4,12582912,-4,0,0,0
27.845991236999907,1779567919.0131876,8033,65737,5,12582912,-13,0,0,0
27.845991236999907,1779567919.0131876,8033,65738,6,12582912,-11,0,0,0
27.845991236999907,1779567919.0131876,8033,65739,7,12582912,-6,0,0,0
27.86781396399965,1779567919.0350118,8034,65740,0,12582912,-6,0,0,0
27.86781396399965,1779567919.0350118,8034,65741,1,12582912,-11,0,0,0
27.86781396399965,1779567919.0350118,8034,65742,2,12582912,-16,0,0,0
27.86781396399965,1779567919.0350118,8034,65743,3,12582912,-19,0,0,0
27.86781396399965,1779567919.0350118,8034,65744,4,12582912,-16,0,0,0
27.86781396399965,1779567919.0350118,8034,65745,5,12582912,-9,0,0,0
27.86781396399965,1779567919.0350118,8034,65746,6,12582912,-6,0,0,0
27.86781396399965,1779567919.0350118,8034,65747,7,12582912,-7,0,0,0
27.905952318000345,1779567919.0731497,8035,65748,0,12582912,-5,0,0,0
27.905952318000345,1779567919.0731497,8035,65749,1,12582912,0,0,0,0
27.905952318000345,1779567919.0731497,8035,65750,2,12582912,-1,0,0,0
27.905952318000345,1779567919.0731497,8035,65751,3,12582912,-5,0,0,0
27.905952318000345,1779567919.0731497,8035,65752,4,12582912,-6,0,0,0
27.905952318000345,1779567919.0731497,8035,65753,5,12582912,0,0,0,0
27.905952318000345,1779567919.0731497,8035,65754,6,12582912,7,0,0,0
27.905952318000345,1779567919.0731497,8035,65755,7,12582912,10,0,0,0
27.927680254000734,1779567919.0948784,8036,65756,0,12582912,4,0,0,0
27.927680254000734,1779567919.0948784,8036,65757,1,12582912,-3,0,0,0
27.927680254000734,1779567919.0948784,8036,65758,2,12582912,-3,0,0,0
27.927680254000734,1779567919.0948784,8036,65759,3,12582912,5,0,0,0
27.927680254000734,1779567919.0948784,8036,65760,4,12582912,11,0,0,0
27.927680254000734,1779567919.0948784,8036,65761,5,12582912,8,0,0,0
27.927680254000734,1779567919.0948784,8036,65762,6,12582912,-4,0,0,0
27.927680254000734,1779567919.0948784,8036,65763,7,12582912,-12,0,0,0
27.949337149999337,1779567919.1165347,8037,65764,0,12582912,-11,0,0,0
27.949337149999337,1779567919.1165347,8037,65765,1,12582912,-6,0,0,0
27.949337149999337,1779567919.1165347,8037,65766,2,12582912,-1,0,0,0
27.949337149999337,1779567919.1165347,8037,65767,3,12582912,-2,0,0,0
27.949337149999337,1779567919.1165347,8037,65768,4,12582912,-4,0,0,0
27.949337149999337,1779567919.1165347,8037,65769,5,12582912,-2,0,0,0
27.949337149999337,1779567919.1165347,8037,65770,6,12582912,0,0,0,0
27.949337149999337,1779567919.1165347,8037,65771,7,12582912,0,0,0,0
27.984552501000508,1779567919.15175,8038,65772,0,12582912,-1,0,0,0
27.984552501000508,1779567919.15175,8038,65773,1,12582912,-1,0,0,0
27.984552501000508,1779567919.15175,8038,65774,2,12582912,0,0,0,0
27.984552501000508,1779567919.15175,8038,65775,3,12582912,1,0,0,0
27.984552501000508,1779567919.15175,8038,65776,4,12582912,0,0,0,0
27.984552501000508,1779567919.15175,8038,65777,5,12582912,-1,0,0,0
27.984552501000508,1779567919.15175,8038,65778,6,12582912,-1,0,0,0
27.984552501000508,1779567919.15175,8038,65779,7,12582912,-3,0,0,0
28.033137352000267,1779567919.200335,8039,65780,0,12582912,-5,0,0,0
28.033137352000267,1779567919.200335,8039,65781,1,12582912,-5,0,0,0
28.033137352000267,1779567919.200335,8039,65782,2,12582912,-4,0,0,0
28.033137352000267,1779567919.200335,8039,65783,3,12582912,0,0,0,0
28.033137352000267,1779567919.200335,8039,65784,4,12582912,3,0,0,0
28.033137352000267,1779567919.200335,8039,65785,5,12582912,0,0,0,0
28.033137352000267,1779567919.200335,8039,65786,6,12582912,-3,0,0,0
28.033137352000267,1779567919.200335,8039,65787,7,12582912,-3,0,0,0
28.05469362199983,1779567919.221891,8040,65788,0,12582912,2,0,0,0
28.05469362199983,1779567919.221891,8040,65789,1,12582912,10,0,0,0
28.05469362199983,1779567919.221891,8040,65790,2,12582912,12,0,0,0
28.05469362199983,1779567919.221891,8040,65791,3,12582912,4,0,0,0
28.05469362199983,1779567919.221891,8040,65792,4,12582912,-9,0,0,0
28.05469362199983,1779567919.221891,8040,65793,5,12582912,-17,0,0,0
28.05469362199983,1779567919.221891,8040,65794,6,12582912,-21,0,0,0
28.05469362199983,1779567919.221891,8040,65795,7,12582912,-25,0,0,0
28.07609833100105,1779567919.2432947,8041,65796,0,12582912,-29,0,0,0
28.07609833100105,1779567919.2432947,8041,65797,1,12582912,-31,0,0,0
28.07609833100105,1779567919.2432947,8041,65798,2,12582912,-27,0,0,0
28.07609833100105,1779567919.2432947,8041,65799,3,12582912,-21,0,0,0
28.07609833100105,1779567919.2432947,8041,65800,4,12582912,-21,0,0,0
28.07609833100105,1779567919.2432947,8041,65801,5,12582912,-21,0,0,0
28.07609833100105,1779567919.2432947,8041,65802,6,12582912,-24,0,0,0
28.07609833100105,1779567919.2432947,8041,65803,7,12582912,-33,0,0,0
28.105673145000765,1779567919.2728696,8042,65804,0,12582912,-29,0,0,0
28.105673145000765,1779567919.2728696,8042,65805,1,12582912,-2,0,0,0
28.105673145000765,1779567919.2728696,8042,65806,2,12582912,7,0,0,0
28.105673145000765,1779567919.2728696,8042,65807,3,12582912,6,0,0,0
28.105673145000765,1779567919.2728696,8042,65808,4,12582912,46,0,0,0
28.105673145000765,1779567919.2728696,8042,65809,5,12582912,54,0,0,0
28.105673145000765,1779567919.2728696,8042,65810,6,12582912,-26,0,0,0
28.105673145000765,1779567919.2728696,8042,65811,7,12582912,-82,0,0,0
28.154101538999385,1779567919.3212984,8043,65812,0,12582912,-31,0,0,0
28.154101538999385,1779567919.3212984,8043,65813,1,12582912,26,0,0,0
28.154101538999385,1779567919.3212984,8043,65814,2,12582912,2,0,0,0
28.154101538999385,1779567919.3212984,8043,65815,3,12582912,-46,0,0,0
28.154101538999385,1779567919.3212984,8043,65816,4,12582912,-71,0,0,0
28.154101538999385,1779567919.3212984,8043,65817,5,12582912,-94,0,0,0
28.154101538999385,1779567919.3212984,8043,65818,6,12582912,-121,0,0,0
28.154101538999385,1779567919.3212984,8043,65819,7,12582912,-98,0,0,0
28.17585437100024,1779567919.3430521,8044,65820,0,12582912,7,0,0,0
28.17585437100024,1779567919.3430521,8044,65821,1,12582912,72,0,0,0
28.17585437100024,1779567919.3430521,8044,65822,2,12582912,11,0,0,0
28.17585437100024,1779567919.3430521,8044,65823,3,12582912,-62,0,0,0
28.17585437100024,1779567919.3430521,8044,65824,4,12582912,-94,0,0,0
28.17585437100024,1779567919.3430521,8044,65825,5,12582912,-174,0,0,0
28.17585437100024,1779567919.3430521,8044,65826,6,12582912,-301,0,0,0
28.17585437100024,1779567919.3430521,8044,65827,7,12582912,-408,0,0,0
28.218673892999504,1779567919.385872,8045,65828,0,12582912,-480,0,0,0
28.218673892999504,1779567919.385872,8045,65829,1,12582912,-530,0,0,0
28.218673892999504,1779567919.385872,8045,65830,2,12582912,-567,0,0,0
28.218673892999504,1779567919.385872,8045,65831,3,12582912,-608,0,0,0
28.218673892999504,1779567919.385872,8045,65832,4,12582912,-666,0,0,0
28.218673892999504,1779567919.385872,8045,65833,5,12582912,-725,0,0,0
28.218673892999504,1779567919.385872,8045,65834,6,12582912,-761,0,0,0
28.218673892999504,1779567919.385872,8045,65835,7,12582912,-772,0,0,0
28.2542314300008,1779567919.4214292,8046,65836,0,12582912,-786,0,0,0
28.2542314300008,1779567919.4214292,8046,65837,1,12582912,-822,0,0,0
28.2542314300008,1779567919.4214292,8046,65838,2,12582912,-860,0,0,0
28.2542314300008,1779567919.4214292,8046,65839,3,12582912,-872,0,0,0
28.2542314300008,1779567919.4214292,8046,65840,4,12582912,-857,0,0,0
28.2542314300008,1779567919.4214292,8046,65841,5,12582912,-837,0,0,0
28.2542314300008,1779567919.4214292,8046,65842,6,12582912,-834,0,0,0
28.2542314300008,1779567919.4214292,8046,65843,7,12582912,-835,0,0,0
28.275988272000177,1779567919.4431858,8047,65844,0,12582912,-819,0,0,0
28.275988272000177,1779567919.4431858,8047,65845,1,12582912,-788,0,0,0
28.275988272000177,1779567919.4431858,8047,65846,2,12582912,-760,0,0,0
28.275988272000177,1779567919.4431858,8047,65847,3,12582912,-745,0,0,0
28.275988272000177,1779567919.4431858,8047,65848,4,12582912,-731,0,0,0
28.275988272000177,1779567919.4431858,8047,65849,5,12582912,-710,0,0,0
28.275988272000177,1779567919.4431858,8047,65850,6,12582912,-679,0,0,0
28.275988272000177,1779567919.4431858,8047,65851,7,12582912,-650,0,0,0
28.335306700999354,1779567919.5025043,8048,65852,0,12582912,-635,0,0,0
28.335306700999354,1779567919.5025043,8048,65853,1,12582912,-626,0,0,0
28.335306700999354,1779567919.5025043,8048,65854,2,12582912,-603,0,0,0
28.335306700999354,1779567919.5025043,8048,65855,3,12582912,-565,0,0,0
28.335306700999354,1779567919.5025043,8048,65856,4,12582912,-532,0,0,0
28.335306700999354,1779567919.5025043,8048,65857,5,12582912,-513,0,0,0
28.335306700999354,1779567919.5025043,8048,65858,6,12582912,-496,0,0,0
28.335306700999354,1779567919.5025043,8048,65859,7,12582912,-470,0,0,0
28.335625345000153,1779567919.5028217,8049,65860,0,12582912,-439,0,0,0
28.335625345000153,1779567919.5028217,8049,65861,1,12582912,-419,0,0,0
28.335625345000153,1779567919.5028217,8049,65862,2,12582912,-408,0,0,0
28.335625345000153,1779567919.5028217,8049,65863,3,12582912,-395,0,0,0
28.335625345000153,1779567919.5028217,8049,65864,4,12582912,-376,0,0,0
28.335625345000153,1779567919.5028217,8049,65865,5,12582912,-355,0,0,0
28.335625345000153,1779567919.5028217,8049,65866,6,12582912,-335,0,0,0
28.335625345000153,1779567919.5028217,8049,65867,7,12582912,-320,0,0,0
28.37860049200026,1779567919.545798,8050,65868,0,12582912,-310,0,0,0
28.37860049200026,1779567919.545798,8050,65869,1,12582912,-295,0,0,0
28.37860049200026,1779567919.545798,8050,65870,2,12582912,-273,0,0,0
28.37860049200026,1779567919.545798,8050,65871,3,12582912,-251,0,0,0
28.37860049200026,1779567919.545798,8050,65872,4,12582912,-239,0,0,0
28.37860049200026,1779567919.545798,8050,65873,5,12582912,-227,0,0,0
28.37860049200026,1779567919.545798,8050,65874,6,12582912,-207,0,0,0
28.37860049200026,1779567919.545798,8050,65875,7,12582912,-189,0,0,0
28.400272333999965,1779567919.56747,8051,65876,0,12582912,-179,0,0,0
28.400272333999965,1779567919.56747,8051,65877,1,12582912,-174,0,0,0
28.400272333999965,1779567919.56747,8051,65878,2,12582912,-166,0,0,0
28.400272333999965,1779567919.56747,8051,65879,3,12582912,-153,0,0,0
28.400272333999965,1779567919.56747,8051,65880,4,12582912,-138,0,0,0
28.400272333999965,1779567919.56747,8051,65881,5,12582912,-125,0,0,0
28.400272333999965,1779567919.56747,8051,65882,6,12582912,-114,0,0,0
28.400272333999965,1779567919.56747,8051,65883,7,12582912,-102,0,0,0
28.44324097000026,1779567919.6104388,8052,65884,0,12582912,-89,0,0,0
28.44324097000026,1779567919.6104388,8052,65885,1,12582912,-76,0,0,0
28.44324097000026,1779567919.6104388,8052,65886,2,12582912,-66,0,0,0
28.44324097000026,1779567919.6104388,8052,65887,3,12582912,-58,0,0,0
28.44324097000026,1779567919.6104388,8052,65888,4,12582912,-49,0,0,0
28.44324097000026,1779567919.6104388,8052,65889,5,12582912,-39,0,0,0
28.44324097000026,1779567919.6104388,8052,65890,6,12582912,-30,0,0,0
28.44324097000026,1779567919.6104388,8052,65891,7,12582912,-22,0,0,0
28.46511880199978,1779567919.6323168,8053,65892,0,12582912,-14,0,0,0
28.46511880199978,1779567919.6323168,8053,65893,1,12582912,-7,0,0,0
28.46511880199978,1779567919.6323168,8053,65894,2,12582912,-2,0,0,0
28.46511880199978,1779567919.6323168,8053,65895,3,12582912,-1,0,0,0
28.46511880199978,1779567919.6323168,8053,65896,4,12582912,3,0,0,0
28.46511880199978,1779567919.6323168,8053,65897,5,12582912,13,0,0,0
28.46511880199978,1779567919.6323168,8053,65898,6,12582912,28,0,0,0
28.46511880199978,1779567919.6323168,8053,65899,7,12582912,41,0,0,0
28.49737344300047,1779567919.6645703,8054,65900,0,12582912,50,0,0,0
28.49737344300047,1779567919.6645703,8054,65901,1,12582912,57,0,0,0
28.49737344300047,1779567919.6645703,8054,65902,2,12582912,59,0,0,0
28.49737344300047,1779567919.6645703,8054,65903,3,12582912,61,0,0,0
28.49737344300047,1779567919.6645703,8054,65904,4,12582912,64,0,0,0
28.49737344300047,1779567919.6645703,8054,65905,5,12582912,68,0,0,0
28.49737344300047,1779567919.6645703,8054,65906,6,12582912,74,0,0,0
28.49737344300047,1779567919.6645703,8054,65907,7,12582912,86,0,0,0
28.53873854700032,1779567919.7059355,8055,65908,0,12582912,103,0,0,0
28.53873854700032,1779567919.7059355,8055,65909,1,12582912,118,0,0,0
28.53873854700032,1779567919.7059355,8055,65910,2,12582912,122,0,0,0
28.53873854700032,1779567919.7059355,8055,65911,3,12582912,119,0,0,0
28.53873854700032,1779567919.7059355,8055,65912,4,12582912,120,0,0,0
28.53873854700032,1779567919.7059355,8055,65913,5,12582912,131,0,0,0
28.53873854700032,1779567919.7059355,8055,65914,6,12582912,146,0,0,0
28.53873854700032,1779567919.7059355,8055,65915,7,12582912,157,0,0,0
28.566354623000734,1779567919.7335525,8056,65916,0,12582912,161,0,0,0
28.566354623000734,1779567919.7335525,8056,65917,1,12582912,159,0,0,0
28.566354623000734,1779567919.7335525,8056,65918,2,12582912,153,0,0,0
28.566354623000734,1779567919.7335525,8056,65919,3,12582912,150,0,0,0
28.566354623000734,1779567919.7335525,8056,65920,4,12582912,149,0,0,0
28.566354623000734,1779567919.7335525,8056,65921,5,12582912,152,0,0,0
28.566354623000734,1779567919.7335525,8056,65922,6,12582912,161,0,0,0
28.566354623000734,1779567919.7335525,8056,65923,7,12582912,172,0,0,0
28.588123131999964,1779567919.755321,8057,65924,0,12582912,177,0,0,0
28.588123131999964,1779567919.755321,8057,65925,1,12582912,173,0,0,0
28.588123131999964,1779567919.755321,8057,65926,2,12582912,165,0,0,0
28.588123131999964,1779567919.755321,8057,65927,3,12582912,159,0,0,0
28.588123131999964,1779567919.755321,8057,65928,4,12582912,164,0,0,0
28.588123131999964,1779567919.755321,8057,65929,5,12582912,173,0,0,0
28.588123131999964,1779567919.755321,8057,65930,6,12582912,178,0,0,0
28.588123131999964,1779567919.755321,8057,65931,7,12582912,176,0,0,0
28.631397600000128,1779567919.7985954,8058,65932,0,12582912,172,0,0,0
28.631397600000128,1779567919.7985954,8058,65933,1,12582912,172,0,0,0
28.631397600000128,1779567919.7985954,8058,65934,2,12582912,175,0,0,0
28.631397600000128,1779567919.7985954,8058,65935,3,12582912,178,0,0,0
28.631397600000128,1779567919.7985954,8058,65936,4,12582912,180,0,0,0
28.631397600000128,1779567919.7985954,8058,65937,5,12582912,178,0,0,0
28.631397600000128,1779567919.7985954,8058,65938,6,12582912,173,0,0,0
28.631397600000128,1779567919.7985954,8058,65939,7,12582912,171,0,0,0
28.653086525999242,1779567919.8202841,8059,65940,0,12582912,175,0,0,0
28.653086525999242,1779567919.8202841,8059,65941,1,12582912,180,0,0,0
28.653086525999242,1779567919.8202841,8059,65942,2,12582912,182,0,0,0
28.653086525999242,1779567919.8202841,8059,65943,3,12582912,185,0,0,0
28.653086525999242,1779567919.8202841,8059,65944,4,12582912,189,0,0,0
28.653086525999242,1779567919.8202841,8059,65945,5,12582912,190,0,0,0
28.653086525999242,1779567919.8202841,8059,65946,6,12582912,184,0,0,0
28.653086525999242,1779567919.8202841,8059,65947,7,12582912,173,0,0,0
28.695760372000223,1779567919.862957,8060,65948,0,12582912,166,0,0,0
28.695760372000223,1779567919.862957,8060,65949,1,12582912,168,0,0,0
28.695760372000223,1779567919.862957,8060,65950,2,12582912,170,0,0,0
28.695760372000223,1779567919.862957,8060,65951,3,12582912,167,0,0,0
28.695760372000223,1779567919.862957,8060,65952,4,12582912,162,0,0,0
28.695760372000223,1779567919.862957,8060,65953,5,12582912,160,0,0,0
28.695760372000223,1779567919.862957,8060,65954,6,12582912,159,0,0,0
28.695760372000223,1779567919.862957,8060,65955,7,12582912,159,0,0,0
28.71696820699981,1779567919.8841648,8061,65956,0,12582912,163,0,0,0
28.71696820699981,1779567919.8841648,8061,65957,1,12582912,171,0,0,0
28.71696820699981,1779567919.8841648,8061,65958,2,12582912,177,0,0,0
28.71696820699981,1779567919.8841648,8061,65959,3,12582912,184,0,0,0
28.71696820699981,1779567919.8841648,8061,65960,4,12582912,189,0,0,0
28.71696820699981,1779567919.8841648,8061,65961,5,12582912,185,0,0,0
28.71696820699981,1779567919.8841648,8061,65962,6,12582912,178,0,0,0
28.71696820699981,1779567919.8841648,8061,65963,7,12582912,177,0,0,0
28.75342021799952,1779567919.9206169,8062,65964,0,12582912,182,0,0,0
28.75342021799952,1779567919.9206169,8062,65965,1,12582912,185,0,0,0
28.75342021799952,1779567919.9206169,8062,65966,2,12582912,181,0,0,0
28.75342021799952,1779567919.9206169,8062,65967,3,12582912,170,0,0,0
28.75342021799952,1779567919.9206169,8062,65968,4,12582912,165,0,0,0
28.75342021799952,1779567919.9206169,8062,65969,5,12582912,168,0,0,0
28.75342021799952,1779567919.9206169,8062,65970,6,12582912,174,0,0,0
28.75342021799952,1779567919.9206169,8062,65971,7,12582912,176,0,0,0
28.854079688999263,1779567920.0212767,8063,65972,0,12582912,174,0,0,0
28.854079688999263,1779567920.0212767,8063,65973,1,12582912,172,0,0,0
28.854079688999263,1779567920.0212767,8063,65974,2,12582912,170,0,0,0
28.854079688999263,1779567920.0212767,8063,65975,3,12582912,168,0,0,0
28.854079688999263,1779567920.0212767,8063,65976,4,12582912,167,0,0,0
28.854079688999263,1779567920.0212767,8063,65977,5,12582912,168,0,0,0
28.854079688999263,1779567920.0212767,8063,65978,6,12582912,168,0,0,0
28.854079688999263,1779567920.0212767,8063,65979,7,12582912,163,0,0,0
28.854309895999904,1779567920.0215056,8064,65980,0,12582912,150,0,0,0
28.854309895999904,1779567920.0215056,8064,65981,1,12582912,137,0,0,0
28.854309895999904,1779567920.0215056,8064,65982,2,12582912,139,0,0,0
28.854309895999904,1779567920.0215056,8064,65983,3,12582912,158,0,0,0
28.854309895999904,1779567920.0215056,8064,65984,4,12582912,175,0,0,0
28.854309895999904,1779567920.0215056,8064,65985,5,12582912,180,0,0,0
28.854309895999904,1779567920.0215056,8064,65986,6,12582912,180,0,0,0
28.854309895999904,1779567920.0215056,8064,65987,7,12582912,174,0,0,0
28.854511716999696,1779567920.0217073,8065,65988,0,12582912,165,0,0,0
28.854511716999696,1779567920.0217073,8065,65989,1,12582912,164,0,0,0
28.854511716999696,1779567920.0217073,8065,65990,2,12582912,168,0,0,0
28.854511716999696,1779567920.0217073,8065,65991,3,12582912,166,0,0,0
28.854511716999696,1779567920.0217073,8065,65992,4,12582912,158,0,0,0
28.854511716999696,1779567920.0217073,8065,65993,5,12582912,156,0,0,0
28.854511716999696,1779567920.0217073,8065,65994,6,12582912,163,0,0,0
28.854511716999696,1779567920.0217073,8065,65995,7,12582912,170,0,0,0
28.878816407999693,1779567920.0460134,8066,65996,0,12582912,172,0,0,0
28.878816407999693,1779567920.0460134,8066,65997,1,12582912,170,0,0,0
28.878816407999693,1779567920.0460134,8066,65998,2,12582912,165,0,0,0
28.878816407999693,1779567920.0460134,8066,65999,3,12582912,162,0,0,0
28.878816407999693,1779567920.0460134,8066,66000,4,12582912,160,0,0,0
28.878816407999693,1779567920.0460134,8066,66001,5,12582912,190,0,0,0
28.878816407999693,1779567920.0460134,8066,66002,6,12582912,234,0,0,0
28.878816407999693,1779567920.0460134,8066,66003,7,12582912,195,0,0,0
28.948029776000112,1779567920.1152277,8067,66004,0,12582912,95,0,0,0
28.948029776000112,1779567920.1152277,8067,66005,1,12582912,78,0,0,0
28.948029776000112,1779567920.1152277,8067,66006,2,12582912,167,0,0,0
28.948029776000112,1779567920.1152277,8067,66007,3,12582912,239,0,0,0
28.948029776000112,1779567920.1152277,8067,66008,4,12582912,201,0,0,0
28.948029776000112,1779567920.1152277,8067,66009,5,12582912,113,0,0,0
28.948029776000112,1779567920.1152277,8067,66010,6,12582912,95,0,0,0
28.948029776000112,1779567920.1152277,8067,66011,7,12582912,162,0,0,0
29.010040791999927,1779567920.1772385,8068,66012,0,12582912,215,0,0,0
29.010040791999927,1779567920.1772385,8068,66013,1,12582912,183,0,0,0
29.010040791999927,1779567920.1772385,8068,66014,2,12582912,114,0,0,0
29.010040791999927,1779567920.1772385,8068,66015,3,12582912,98,0,0,0
29.010040791999927,1779567920.1772385,8068,66016,4,12582912,152,0,0,0
29.010040791999927,1779567920.1772385,8068,66017,5,12582912,203,0,0,0
29.010040791999927,1779567920.1772385,8068,66018,6,12582912,188,0,0,0
29.010040791999927,1779567920.1772385,8068,66019,7,12582912,136,0,0,0
29.010350999000366,1779567920.1775472,8069,66020,0,12582912,123,0,0,0
29.010350999000366,1779567920.1775472,8069,66021,1,12582912,161,0,0,0
29.010350999000366,1779567920.1775472,8069,66022,2,12582912,191,0,0,0
29.010350999000366,1779567920.1775472,8069,66023,3,12582912,168,0,0,0
29.010350999000366,1779567920.1775472,8069,66024,4,12582912,120,0,0,0
29.010350999000366,1779567920.1775472,8069,66025,5,12582912,109,0,0,0
29.010350999000366,1779567920.1775472,8069,66026,6,12582912,144,0,0,0
29.010350999000366,1779567920.1775472,8069,66027,7,12582912,172,0,0,0
29.01063078900006,1779567920.1778271,8070,66028,0,12582912,155,0,0,0
29.01063078900006,1779567920.1778271,8070,66029,1,12582912,122,0,0,0
29.01063078900006,1779567920.1778271,8070,66030,2,12582912,118,0,0,0
29.01063078900006,1779567920.1778271,8070,66031,3,12582912,148,0,0,0
29.01063078900006,1779567920.1778271,8070,66032,4,12582912,174,0,0,0
29.01063078900006,1779567920.1778271,8070,66033,5,12582912,166,0,0,0
29.01063078900006,1779567920.1778271,8070,66034,6,12582912,135,0,0,0
29.01063078900006,1779567920.1778271,8070,66035,7,12582912,120,0,0,0
29.045895618999566,1779567920.2130935,8071,66036,0,12582912,132,0,0,0
29.045895618999566,1779567920.2130935,8071,66037,1,12582912,146,0,0,0
29.045895618999566,1779567920.2130935,8071,66038,2,12582912,139,0,0,0
29.045895618999566,1779567920.2130935,8071,66039,3,12582912,123,0,0,0
29.045895618999566,1779567920.2130935,8071,66040,4,12582912,121,0,0,0
29.045895618999566,1779567920.2130935,8071,66041,5,12582912,134,0,0,0
29.045895618999566,1779567920.2130935,8071,66042,6,12582912,146,0,0,0
29.045895618999566,1779567920.2130935,8071,66043,7,12582912,144,0,0,0
29.072815554000044,1779567920.2400126,8072,66044,0,12582912,133,0,0,0
29.072815554000044,1779567920.2400126,8072,66045,1,12582912,124,0,0,0
29.072815554000044,1779567920.2400126,8072,66046,2,12582912,126,0,0,0
29.072815554000044,1779567920.2400126,8072,66047,3,12582912,137,0,0,0
29.072815554000044,1779567920.2400126,8072,66048,4,12582912,140,0,0,0
29.072815554000044,1779567920.2400126,8072,66049,5,12582912,129,0,0,0
29.072815554000044,1779567920.2400126,8072,66050,6,12582912,121,0,0,0
29.072815554000044,1779567920.2400126,8072,66051,7,12582912,123,0,0,0
29.11505310100074,1779567920.28225,8073,66052,0,12582912,128,0,0,0
29.11505310100074,1779567920.28225,8073,66053,1,12582912,125,0,0,0
29.11505310100074,1779567920.28225,8073,66054,2,12582912,116,0,0,0
29.11505310100074,1779567920.28225,8073,66055,3,12582912,112,0,0,0
29.11505310100074,1779567920.28225,8073,66056,4,12582912,118,0,0,0
29.11505310100074,1779567920.28225,8073,66057,5,12582912,125,0,0,0
29.11505310100074,1779567920.28225,8073,66058,6,12582912,127,0,0,0
29.11505310100074,1779567920.28225,8073,66059,7,12582912,124,0,0,0
29.136523383000167,1779567920.3037202,8074,66060,0,12582912,124,0,0,0
29.136523383000167,1779567920.3037202,8074,66061,1,12582912,126,0,0,0
29.136523383000167,1779567920.3037202,8074,66062,2,12582912,128,0,0,0
29.136523383000167,1779567920.3037202,8074,66063,3,12582912,124,0,0,0
29.136523383000167,1779567920.3037202,8074,66064,4,12582912,116,0,0,0
29.136523383000167,1779567920.3037202,8074,66065,5,12582912,108,0,0,0
29.136523383000167,1779567920.3037202,8074,66066,6,12582912,104,0,0,0
29.136523383000167,1779567920.3037202,8074,66067,7,12582912,107,0,0,0
29.356630541000413,1779567920.5238268,8075,66068,0,12582912,112,0,0,0
29.356630541000413,1779567920.5238268,8075,66069,1,12582912,112,0,0,0
29.356630541000413,1779567920.5238268,8075,66070,2,12582912,108,0,0,0
29.356630541000413,1779567920.5238268,8075,66071,3,12582912,106,0,0,0
29.356630541000413,1779567920.5238268,8075,66072,4,12582912,67,0,0,0
29.356630541000413,1779567920.5238268,8075,66073,5,12582912,29,0,0,0
29.356630541000413,1779567920.5238268,8075,66074,6,12582912,116,0,0,0
29.356630541000413,1779567920.5238268,8075,66075,7,12582912,224,0,0,0
29.378194988999894,1779567920.5453928,8076,66076,0,12582912,149,0,0,0
29.378194988999894,1779567920.5453928,8076,66077,1,12582912,-37,0,0,0
29.378194988999894,1779567920.5453928,8076,66078,2,12582912,-94,0,0,0
29.378194988999894,1779567920.5453928,8076,66079,3,12582912,44,0,0,0
29.378194988999894,1779567920.5453928,8076,66080,4,12582912,184,0,0,0
29.378194988999894,1779567920.5453928,8076,66081,5,12582912,153,0,0,0
29.378194988999894,1779567920.5453928,8076,66082,6,12582912,19,0,0,0
29.378194988999894,1779567920.5453928,8076,66083,7,12582912,-24,0,0,0
29.41503480999927,1779567920.5822325,8077,66084,0,12582912,80,0,0,0
29.41503480999927,1779567920.5822325,8077,66085,1,12582912,182,0,0,0
29.41503480999927,1779567920.5822325,8077,66086,2,12582912,150,0,0,0
29.41503480999927,1779567920.5822325,8077,66087,3,12582912,38,0,0,0
29.41503480999927,1779567920.5822325,8077,66088,4,12582912,2,0,0,0
29.41503480999927,1779567920.5822325,8077,66089,5,12582912,86,0,0,0
29.41503480999927,1779567920.5822325,8077,66090,6,12582912,170,0,0,0
29.41503480999927,1779567920.5822325,8077,66091,7,12582912,146,0,0,0
29.450411253999846,1779567920.6176093,8078,66092,0,12582912,59,0,0,0
29.450411253999846,1779567920.6176093,8078,66093,1,12582912,30,0,0,0
29.450411253999846,1779567920.6176093,8078,66094,2,12582912,92,0,0,0
29.450411253999846,1779567920.6176093,8078,66095,3,12582912,152,0,0,0
29.450411253999846,1779567920.6176093,8078,66096,4,12582912,131,0,0,0
29.450411253999846,1779567920.6176093,8078,66097,5,12582912,65,0,0,0
29.450411253999846,1779567920.6176093,8078,66098,6,12582912,46,0,0,0
29.450411253999846,1779567920.6176093,8078,66099,7,12582912,99,0,0,0
29.472144294999453,1779567920.639342,8079,66100,0,12582912,152,0,0,0
29.472144294999453,1779567920.639342,8079,66101,1,12582912,136,0,0,0
29.472144294999453,1779567920.639342,8079,66102,2,12582912,79,0,0,0
29.472144294999453,1779567920.639342,8079,66103,3,12582912,55,0,0,0
29.472144294999453,1779567920.639342,8079,66104,4,12582912,87,0,0,0
29.472144294999453,1779567920.639342,8079,66105,5,12582912,124,0,0,0
29.472144294999453,1779567920.639342,8079,66106,6,12582912,113,0,0,0
29.472144294999453,1779567920.639342,8079,66107,7,12582912,70,0,0,0
29.514911734000634,1779567920.6821096,8080,66108,0,12582912,52,0,0,0
29.514911734000634,1779567920.6821096,8080,66109,1,12582912,83,0,0,0
29.514911734000634,1779567920.6821096,8080,66110,2,12582912,122,0,0,0
29.514911734000634,1779567920.6821096,8080,66111,3,12582912,119,0,0,0
29.514911734000634,1779567920.6821096,8080,66112,4,12582912,86,0,0,0
29.514911734000634,1779567920.6821096,8080,66113,5,12582912,70,0,0,0
29.514911734000634,1779567920.6821096,8080,66114,6,12582912,87,0,0,0
29.514911734000634,1779567920.6821096,8080,66115,7,12582912,108,0,0,0
29.53670810800031,1779567920.7039065,8081,66116,0,12582912,101,0,0,0
29.53670810800031,1779567920.7039065,8081,66117,1,12582912,76,0,0,0
29.53670810800031,1779567920.7039065,8081,66118,2,12582912,69,0,0,0
29.53670810800031,1779567920.7039065,8081,66119,3,12582912,86,0,0,0
29.53670810800031,1779567920.7039065,8081,66120,4,12582912,103,0,0,0
29.53670810800031,1779567920.7039065,8081,66121,5,12582912,99,0,0,0
29.53670810800031,1779567920.7039065,8081,66122,6,12582912,82,0,0,0
29.53670810800031,1779567920.7039065,8081,66123,7,12582912,75,0,0,0
29.58593425700019,1779567920.753132,8082,66124,0,12582912,87,0,0,0
29.58593425700019,1779567920.753132,8082,66125,1,12582912,100,0,0,0
29.58593425700019,1779567920.753132,8082,66126,2,12582912,96,0,0,0
29.58593425700019,1779567920.753132,8082,66127,3,12582912,78,0,0,0
29.58593425700019,1779567920.753132,8082,66128,4,12582912,67,0,0,0
29.58593425700019,1779567920.753132,8082,66129,5,12582912,77,0,0,0
29.58593425700019,1779567920.753132,8082,66130,6,12582912,92,0,0,0
29.58593425700019,1779567920.753132,8082,66131,7,12582912,94,0,0,0
29.624861877000512,1779567920.7920597,8083,66132,0,12582912,84,0,0,0
29.624861877000512,1779567920.7920597,8083,66133,1,12582912,78,0,0,0
29.624861877000512,1779567920.7920597,8083,66134,2,12582912,82,0,0,0
29.624861877000512,1779567920.7920597,8083,66135,3,12582912,87,0,0,0
29.624861877000512,1779567920.7920597,8083,66136,4,12582912,82,0,0,0
29.624861877000512,1779567920.7920597,8083,66137,5,12582912,73,0,0,0
29.624861877000512,1779567920.7920597,8083,66138,6,12582912,70,0,0,0
29.624861877000512,1779567920.7920597,8083,66139,7,12582912,76,0,0,0
29.625173594000444,1779567920.7923708,8084,66140,0,12582912,86,0,0,0
29.625173594000444,1779567920.7923708,8084,66141,1,12582912,87,0,0,0
29.625173594000444,1779567920.7923708,8084,66142,2,12582912,81,0,0,0
29.625173594000444,1779567920.7923708,8084,66143,3,12582912,77,0,0,0
29.625173594000444,1779567920.7923708,8084,66144,4,12582912,85,0,0,0
29.625173594000444,1779567920.7923708,8084,66145,5,12582912,92,0,0,0
29.625173594000444,1779567920.7923708,8084,66146,6,12582912,83,0,0,0
29.625173594000444,1779567920.7923708,8084,66147,7,12582912,72,0,0,0
29.667746868000904,1779567920.8349435,8085,66148,0,12582912,72,0,0,0
29.667746868000904,1779567920.8349435,8085,66149,1,12582912,79,0,0,0
29.667746868000904,1779567920.8349435,8085,66150,2,12582912,83,0,0,0
29.667746868000904,1779567920.8349435,8085,66151,3,12582912,81,0,0,0
29.667746868000904,1779567920.8349435,8085,66152,4,12582912,72,0,0,0
29.667746868000904,1779567920.8349435,8085,66153,5,12582912,64,0,0,0
29.667746868000904,1779567920.8349435,8085,66154,6,12582912,64,0,0,0
29.667746868000904,1779567920.8349435,8085,66155,7,12582912,71,0,0,0
29.701325510999595,1779567920.8685231,8086,66156,0,12582912,79,0,0,0
29.701325510999595,1779567920.8685231,8086,66157,1,12582912,79,0,0,0
29.701325510999595,1779567920.8685231,8086,66158,2,12582912,72,0,0,0
29.701325510999595,1779567920.8685231,8086,66159,3,12582912,69,0,0,0
29.701325510999595,1779567920.8685231,8086,66160,4,12582912,75,0,0,0
29.701325510999595,1779567920.8685231,8086,66161,5,12582912,84,0,0,0
29.701325510999595,1779567920.8685231,8086,66162,6,12582912,85,0,0,0
29.701325510999595,1779567920.8685231,8086,66163,7,12582912,80,0,0,0
29.749659008999515,1779567920.9168568,8087,66164,0,12582912,81,0,0,0
29.749659008999515,1779567920.9168568,8087,66165,1,12582912,86,0,0,0
29.749659008999515,1779567920.9168568,8087,66166,2,12582912,85,0,0,0
29.749659008999515,1779567920.9168568,8087,66167,3,12582912,78,0,0,0
29.749659008999515,1779567920.9168568,8087,66168,4,12582912,72,0,0,0
29.749659008999515,1779567920.9168568,8087,66169,5,12582912,71,0,0,0
29.749659008999515,1779567920.9168568,8087,66170,6,12582912,79,0,0,0
29.749659008999515,1779567920.9168568,8087,66171,7,12582912,84,0,0,0
29.776275144000465,1779567920.943472,8088,66172,0,12582912,75,0,0,0
29.776275144000465,1779567920.943472,8088,66173,1,12582912,64,0,0,0
29.776275144000465,1779567920.943472,8088,66174,2,12582912,64,0,0,0
29.776275144000465,1779567920.943472,8088,66175,3,12582912,74,0,0,0
29.776275144000465,1779567920.943472,8088,66176,4,12582912,81,0,0,0
29.776275144000465,1779567920.943472,8088,66177,5,12582912,78,0,0,0
29.776275144000465,1779567920.943472,8088,66178,6,12582912,73,0,0,0
29.776275144000465,1779567920.943472,8088,66179,7,12582912,75,0,0,0
29.85027629400065,1779567921.0174737,8089,66180,0,12582912,83,0,0,0
29.85027629400065,1779567921.0174737,8089,66181,1,12582912,89,0,0,0
29.85027629400065,1779567921.0174737,8089,66182,2,12582912,82,0,0,0
29.85027629400065,1779567921.0174737,8089,66183,3,12582912,69,0,0,0
29.85027629400065,1779567921.0174737,8089,66184,4,12582912,63,0,0,0
29.85027629400065,1779567921.0174737,8089,66185,5,12582912,65,0,0,0
29.85027629400065,1779567921.0174737,8089,66186,6,12582912,66,0,0,0
29.85027629400065,1779567921.0174737,8089,66187,7,12582912,68,0,0,0
29.850588114999482,1779567921.017785,8090,66188,0,12582912,73,0,0,0
29.850588114999482,1779567921.017785,8090,66189,1,12582912,80,0,0,0
29.850588114999482,1779567921.017785,8090,66190,2,12582912,83,0,0,0
29.850588114999482,1779567921.017785,8090,66191,3,12582912,81,0,0,0
29.850588114999482,1779567921.017785,8090,66192,4,12582912,76,0,0,0
29.850588114999482,1779567921.017785,8090,66193,5,12582912,75,0,0,0
29.850588114999482,1779567921.017785,8090,66194,6,12582912,78,0,0,0
29.850588114999482,1779567921.017785,8090,66195,7,12582912,81,0,0,0
29.850871290000214,1779567921.0180674,8091,66196,0,12582912,84,0,0,0
29.850871290000214,1779567921.0180674,8091,66197,1,12582912,90,0,0,0
29.850871290000214,1779567921.0180674,8091,66198,2,12582912,92,0,0,0
29.850871290000214,1779567921.0180674,8091,66199,3,12582912,72,0,0,0
29.850871290000214,1779567921.0180674,8091,66200,4,12582912,46,0,0,0
29.850871290000214,1779567921.0180674,8091,66201,5,12582912,35,0,0,0
29.850871290000214,1779567921.0180674,8091,66202,6,12582912,36,0,0,0
29.850871290000214,1779567921.0180674,8091,66203,7,12582912,40,0,0,0
29.8876922569998,1779567921.05489,8092,66204,0,12582912,51,0,0,0
29.8876922569998,1779567921.05489,8092,66205,1,12582912,68,0,0,0
29.8876922569998,1779567921.05489,8092,66206,2,12582912,75,0,0,0
29.8876922569998,1779567921.05489,8092,66207,3,12582912,71,0,0,0
29.8876922569998,1779567921.05489,8092,66208,4,12582912,70,0,0,0
29.8876922569998,1779567921.05489,8092,66209,5,12582912,80,0,0,0
29.8876922569998,1779567921.05489,8092,66210,6,12582912,90,0,0,0
29.8876922569998,1779567921.05489,8092,66211,7,12582912,82,0,0,0
29.930508498000563,1779567921.0977063,8093,66212,0,12582912,62,0,0,0
29.930508498000563,1779567921.0977063,8093,66213,1,12582912,42,0,0,0
29.930508498000563,1779567921.0977063,8093,66214,2,12582912,33,0,0,0
29.930508498000563,1779567921.0977063,8093,66215,3,12582912,42,0,0,0
29.930508498000563,1779567921.0977063,8093,66216,4,12582912,57,0,0,0
29.930508498000563,1779567921.0977063,8093,66217,5,12582912,67,0,0,0
29.930508498000563,1779567921.0977063,8093,66218,6,12582912,66,0,0,0
29.930508498000563,1779567921.0977063,8093,66219,7,12582912,59,0,0,0
29.966791187000126,1779567921.133989,8094,66220,0,12582912,55,0,0,0
29.966791187000126,1779567921.133989,8094,66221,1,12582912,55,0,0,0
29.966791187000126,1779567921.133989,8094,66222,2,12582912,59,0,0,0
29.966791187000126,1779567921.133989,8094,66223,3,12582912,59,0,0,0
29.966791187000126,1779567921.133989,8094,66224,4,12582912,54,0,0,0
29.966791187000126,1779567921.133989,8094,66225,5,12582912,46,0,0,0
29.966791187000126,1779567921.133989,8094,66226,6,12582912,39,0,0,0
29.966791187000126,1779567921.133989,8094,66227,7,12582912,33,0,0,0
29.98849787400104,1779567921.1556957,8095,66228,0,12582912,28,0,0,0
29.98849787400104,1779567921.1556957,8095,66229,1,12582912,28,0,0,0
29.98849787400104,1779567921.1556957,8095,66230,2,12582912,36,0,0,0
29.98849787400104,1779567921.1556957,8095,66231,3,12582912,49,0,0,0
29.98849787400104,1779567921.1556957,8095,66232,4,12582912,57,0,0,0
29.98849787400104,1779567921.1556957,8095,66233,5,12582912,54,0,0,0
29.98849787400104,1779567921.1556957,8095,66234,6,12582912,49,0,0,0
29.98849787400104,1779567921.1556957,8095,66235,7,12582912,49,0,0,0
30.01016898799935,1779567921.1773667,8096,66236,0,12582912,50,0,0,0
30.01016898799935,1779567921.1773667,8096,66237,1,12582912,50,0,0,0
30.01016898799935,1779567921.1773667,8096,66238,2,12582912,45,0,0,0
30.01016898799935,1779567921.1773667,8096,66239,3,12582912,41,0,0,0
30.01016898799935,1779567921.1773667,8096,66240,4,12582912,43,0,0,0
30.01016898799935,1779567921.1773667,8096,66241,5,12582912,50,0,0,0
30.01016898799935,1779567921.1773667,8096,66242,6,12582912,56,0,0,0
30.01016898799935,1779567921.1773667,8096,66243,7,12582912,51,0,0,0
