capture,condition,channel,window_start_sec,window_end_sec,rms_uV,ptp_uV,line_50_ratio_1_50,spectral_entropy_0p5_40,quality_score,quality_warnings,peak_freq,peak_delta,peak_theta,peak_alpha,peak_beta,peak_gamma,delta_abs,delta_rel,theta_abs,theta_rel,alpha_abs,alpha_rel,beta_abs,beta_rel,gamma_abs,gamma_rel,alpha_beta_ratio,theta_alpha_ratio,slow_power_rel,fast_power_rel
20260523-202208_fp1_fp2_ch1_only_eyes_open_60s,fp1_fp2_ch1_only_eyes_open_60s,0,0.0,4.0,37.18350440719648,517.0,0.3019599200351432,0.6325664494978689,0.75,high_50hz_ratio,0.0,0.75,5.75,10.25,18.0,48.5,3.0070781855451775e-10,0.350235970287555,3.23795056181547e-11,0.03771257967989863,2.1068976444855638e-11,0.024539147148220346,7.521998551240756e-11,0.08760911085581781,4.292100501268084e-10,0.49990319202850814,0.28009811888863373,1.5368333484496695,0.38794854996745365,0.587512302884326
20260523-202208_fp1_fp2_ch1_only_eyes_open_60s,fp1_fp2_ch1_only_eyes_open_60s,0,0.256,4.256,36.27528083971232,517.0,0.3011042025509509,0.652255854714106,0.75,high_50hz_ratio,0.0,0.5,5.75,10.25,17.5,48.75,2.6923724677960394e-10,0.3483422011446282,3.0444495768471304e-11,0.03938943365220522,2.0594350051744342e-11,0.026645203492368607,6.70684978839392e-11,0.08677398264839584,3.855656279592238e-10,0.49884917906240217,0.3070644296728172,1.4782935946984477,0.3877316347968334,0.585623161710798
20260523-202208_fp1_fp2_ch1_only_eyes_open_60s,fp1_fp2_ch1_only_eyes_open_60s,0,0.512,4.512,35.907506179070694,517.0,0.313461901101705,0.6499667141715806,0.75,high_50hz_ratio,0.0,0.75,5.75,10.25,18.25,48.5,2.4673075674812007e-10,0.34331531605695365,2.694007011596247e-11,0.037485957601549075,2.0315892056780732e-11,0.028268696592103223,6.537186924851626e-11,0.09096216559332225,3.5931239797208676e-10,0.49996786415607175,0.31077422583020053,1.3260589316318414,0.3808012736585027,0.590930029749394
20260523-202208_fp1_fp2_ch1_only_eyes_open_60s,fp1_fp2_ch1_only_eyes_open_60s,0,0.768,4.768,35.793393245122765,517.0,0.30736767326358233,0.6559927929746505,0.75,high_50hz_ratio,0.0,0.75,5.75,9.75,18.25,48.5,2.296054647013481e-10,0.3345829544529196,2.335186964770244e-11,0.03402853476893691,2.0035377537232278e-11,0.029195715436068526,6.134560978208475e-11,0.0893933225426639,3.5190543834857235e-10,0.5127994727994111,0.3265983924261744,1.1655318001523574,0.3686114892218565,0.6021927953420749
20260523-202208_fp1_fp2_ch1_only_eyes_open_60s,fp1_fp2_ch1_only_eyes_open_60s,0,1.024,5.024,35.556532451857564,517.0,0.30251048381000417,0.6952810424133536,0.75,high_50hz_ratio,0.5,0.5,5.75,10.5,18.25,48.75,1.9698846230525272e-10,0.31211002260654847,2.515189780284179e-11,0.03985085877607372,1.7115235955570835e-11,0.02711751042927545,5.5775305461828175e-11,0.08837081951329162,3.3611980827910616e-10,0.5325507886748108,0.3068604611638435,1.4695618493448293,0.35196088138262216,0.6209216081881024
20260523-202208_fp1_fp2_ch1_only_eyes_open_60s,fp1_fp2_ch1_only_eyes_open_60s,0,1.28,5.28,35.28400487473042,517.0,0.2830820409180643,0.7449561595795651,0.75,high_50hz_ratio,0.0,0.75,6.25,10.0,17.75,48.75,1.498373291499728e-10,0.3153106047882053,1.699563516873864e-11,0.035764812641921315,1.4600311316139905e-11,0.030724206159470153,5.6507477307249664e-11,0.11891166871354976,2.372647329330689e-10,0.4992887076968533,0.2583783954246131,1.1640597793247618,0.3510754174301266,0.618200376410403
20260523-202208_fp1_fp2_ch1_only_eyes_open_60s,fp1_fp2_ch1_only_eyes_open_60s,0,1.536,5.536,33.01470884318079,378.0,0.23330416440788415,0.7534618201760861,1.0,,0.0,0.75,6.75,8.75,23.75,48.75,1.5067259459140425e-10,0.3435478299855481,1.820768631641216e-11,0.04151525458245352,1.909510945245462e-11,0.04353866364030583,6.947111672373557e-11,0.15840074608016108,1.8113170951466187e-10,0.4129975057115315,0.2748640061219941,0.9535261560949899,0.38506308456800165,0.5713982517916926
20260523-202208_fp1_fp2_ch1_only_eyes_open_60s,fp1_fp2_ch1_only_eyes_open_60s,0,1.792,5.792,30.47507178006313,378.0,0.2706759088312226,0.7497686969986387,0.75,high_50hz_ratio,0.0,0.75,5.25,8.25,23.75,48.75,1.266315135410325e-10,0.3594128691455135,1.3200140801202914e-11,0.03746540135088726,1.0596228148465832e-11,0.030074826198192062,5.7314519012551954e-11,0.16267337525995446,1.4458642256499096e-10,0.4103735280454527,0.18487860198469508,1.2457395798064321,0.3968782704964008,0.5730469033054071
20260523-202208_fp1_fp2_ch1_only_eyes_open_60s,fp1_fp2_ch1_only_eyes_open_60s,0,2.048,6.048,27.132710885571313,378.0,0.21425970653290896,0.849717077170426,1.0,,0.0,0.75,7.75,8.25,18.25,49.25,7.646916276523899e-11,0.2958589885700784,1.3437545314409167e-11,0.051989827295361876,1.382695068460291e-11,0.053496435643134305,4.3656293867335805e-11,0.1689060855545215,1.1107494355028523e-10,0.42974866293690395,0.3167229615647335,0.9718372200005481,0.3478488158654403,0.5986547484914254
20260523-202208_fp1_fp2_ch1_only_eyes_open_60s,fp1_fp2_ch1_only_eyes_open_60s,0,2.304,6.304,29.792851491591065,393.0,0.2196640682835153,0.8996435917168587,1.0,,49.25,0.75,8.0,8.0,18.5,49.25,5.1246770113855324e-11,0.25001814652193843,1.1307253990136153e-11,0.05516481679890899,8.570928853582759e-12,0.04181507910026904,4.5101042988380735e-11,0.22003492413490783,8.874620637920129e-11,0.43296703344397575,0.19003837352033887,1.3192565453870937,0.30518296332084743,0.6530019575788836
20260523-202208_fp1_fp2_ch1_only_eyes_open_60s,fp1_fp2_ch1_only_eyes_open_60s,0,2.56,6.56,29.823866281889075,393.0,0.2361384949832202,0.9062792453667711,1.0,,49.25,0.75,8.0,8.0,18.5,49.25,4.67583252521238e-11,0.22468945532760548,1.1672243192707619e-11,0.05608904834121927,8.473881981738944e-12,0.04071984864130377,4.5874022620195693e-11,0.2204400842125938,9.532352793030892e-11,0.45806156347727756,0.18472070897066656,1.3774375449010365,0.28077850366882473,0.6785016476898713
20260523-202208_fp1_fp2_ch1_only_eyes_open_60s,fp1_fp2_ch1_only_eyes_open_60s,0,2.816,6.816,29.792633317650857,393.0,0.24993136863061244,0.9067599410164782,1.0,,0.0,0.75,5.75,8.0,23.5,49.25,4.34976017779858e-11,0.20963424565888983,1.1579641445683605e-11,0.05580743076035183,7.753913308408353e-12,0.03736954914455244,4.422531929817081e-11,0.2131414393238507,1.0043634883335012e-10,0.48404733511235526,0.175327469229353,1.4933932048384688,0.26544167641924166,0.697188774436206
20260523-202208_fp1_fp2_ch1_only_eyes_open_60s,fp1_fp2_ch1_only_eyes_open_60s,0,3.072,7.072,31.184820025134023,393.0,0.24381935681233607,0.8786475309366993,1.0,,49.25,1.0,4.75,9.0,23.25,49.25,7.213024157036629e-11,0.277605501086014,1.571230029533146e-11,0.06047145970590247,1.131430726734785e-11,0.04354503561906315,4.3918231248333955e-11,0.16902678165317664,1.167549348315296e-10,0.44935122193584376,0.25762210694168286,1.3887107645269503,0.33807696079191646,0.6183780035890204
20260523-202208_fp1_fp2_ch1_only_eyes_open_60s,fp1_fp2_ch1_only_eyes_open_60s,0,3.328,7.328,31.080717494935666,393.0,0.2093700810590239,0.8253075145165647,1.0,,1.0,1.0,4.0,8.0,24.5,49.5,1.1046629581708787e-10,0.381763139660562,2.105157587909337e-11,0.07275264951141826,7.069466928077415e-12,0.024431541496224046,4.148433126789449e-11,0.14336670234488294,1.0928653246155505e-10,0.37768596698691276,0.1704129417544356,2.9778165869174633,0.45451578917198027,0.5210526693317957
20260523-202208_fp1_fp2_ch1_only_eyes_open_60s,fp1_fp2_ch1_only_eyes_open_60s,0,3.584,7.584,28.95990331475573,393.0,0.17988326756642598,0.8045856477812454,1.0,,1.0,1.0,4.0,8.0,23.5,49.5,1.2255832603437713e-10,0.43475227297189994,1.9096904520797725e-11,0.06774262439595793,6.095432360493335e-12,0.021622383066227872,4.119817341013339e-11,0.14614265804611282,9.295498259292927e-11,0.32974006151980145,0.14795394688527766,3.1329860445292703,0.5024948973678579,0.47588271956591427
20260523-202208_fp1_fp2_ch1_only_eyes_open_60s,fp1_fp2_ch1_only_eyes_open_60s,0,3.84,7.84,28.977042637232667,393.0,0.18322149259490494,0.8136052299895973,1.0,,0.75,0.75,4.0,8.25,23.5,49.75,1.160831761614845e-10,0.40556162746487323,1.876178407569897e-11,0.06554834158999902,7.14006795816321e-12,0.024945368287426727,4.281678275444964e-11,0.14958967070773546,1.0142639285515752e-10,0.35435499194996556,0.1667586282489007,2.6276758408508845,0.47110996905487224,0.503944662657701
20260523-202208_fp1_fp2_ch1_only_eyes_open_60s,fp1_fp2_ch1_only_eyes_open_60s,0,4.096,8.096,28.984133590638862,393.0,0.18562357870630203,0.8170150527993204,1.0,,1.0,1.0,4.0,8.25,20.75,49.0,1.142646851309023e-10,0.39465323736296204,1.944118113761436e-11,0.06714694978006171,8.08551728225267e-12,0.027926174806674472,4.267225366054418e-11,0.1473836210497969,1.0506822091915263e-10,0.3628900170005049,0.18947949987766266,2.404444942599633,0.46180018714302373,0.5102736380503018
20260523-202208_fp1_fp2_ch1_only_eyes_open_60s,fp1_fp2_ch1_only_eyes_open_60s,0,4.352,8.352,28.99960344556456,393.0,0.17914480468021937,0.8175020840871142,1.0,,1.0,1.0,4.0,8.0,20.75,49.75,1.1462176463450737e-10,0.41761135071612,1.6091511406927708e-11,0.05862758992708658,7.669470342360031e-12,0.027942842087304263,4.2862557745965846e-11,0.1561648496035425,9.322464128229247e-11,0.33965336766594656,0.17893170043222326,2.0981255143593223,0.4762389406432066,0.49581821726948905
20260523-202208_fp1_fp2_ch1_only_eyes_open_60s,fp1_fp2_ch1_only_eyes_open_60s,0,4.608,8.608,28.953859846314103,393.0,0.17970039055967085,0.8062942774859094,1.0,,1.25,1.25,4.0,8.5,21.0,49.75,1.0108429335882724e-10,0.43192071823746164,1.3075117024005922e-11,0.05586836241710084,8.77102780827788e-12,0.03747752004541572,3.1989393836192787e-11,0.13668673443323676,7.911453838058446e-11,0.33804666486678514,0.274185495767486,1.4907166309136481,0.4877890806545625,0.4747333993000219
20260523-202208_fp1_fp2_ch1_only_eyes_open_60s,fp1_fp2_ch1_only_eyes_open_60s,0,4.864,8.864,28.970484980407214,393.0,0.19095042865837708,0.8017242441244703,1.0,,1.0,1.0,4.0,8.0,21.0,49.0,9.015996069509867e-11,0.42291942047933706,1.3322473925482374e-11,0.06249262875091716,8.455353835259448e-12,0.03966209963254856,2.829203278115629e-11,0.13271135009090002,7.2954904574155e-11,0.3422145010462973,0.29885989107474376,1.5756258324668422,0.4854120492302542,0.4749258511371973
20260523-202208_fp1_fp2_ch1_only_eyes_open_60s,fp1_fp2_ch1_only_eyes_open_60s,0,5.12,9.12,28.76652568524743,393.0,0.17698740886256692,0.795982907129893,1.0,,1.5,1.5,4.0,8.0,21.0,49.25,9.630569259122232e-11,0.4404775909272462,1.287580103712732e-11,0.058890618711040794,5.762744327515395e-12,0.026357317726667703,3.0948977027957145e-11,0.1415527003247963,7.274604062164439e-11,0.332721772310249,0.18620144770244695,2.2343175933815402,0.499368209638287,0.4742744726350453
20260523-202208_fp1_fp2_ch1_only_eyes_open_60s,fp1_fp2_ch1_only_eyes_open_60s,0,5.376,9.376,28.61915442496511,403.0,0.16231414842385897,0.7934873998883828,1.0,,1.25,1.25,4.0,8.25,21.0,49.5,1.0469824548788912e-10,0.4623094310856468,1.245149361095211e-11,0.05498127404734503,5.8932589134720774e-12,0.026022491234992555,3.3261831137791204e-11,0.14687216732736802,7.016306972451927e-11,0.30981463630464756,0.17717782550992253,2.1128366823469795,0.5172907051329918,0.4566868036320156
20260523-202208_fp1_fp2_ch1_only_eyes_open_60s,fp1_fp2_ch1_only_eyes_open_60s,0,5.632,9.632,28.193013318905802,403.0,0.1651078774487295,0.7922334929132114,1.0,,1.25,1.25,4.0,8.25,21.0,49.5,1.0409275214761511e-10,0.46983178601482034,1.3250512017923405e-11,0.059807350642082424,7.609813048402262e-12,0.03434756005585769,3.068821342522499e-11,0.13851394862469094,6.59119444676893e-11,0.2974993546625486,0.24797184974434436,1.7412401505324038,0.5296391366569028,0.43601330328723953
20260523-202208_fp1_fp2_ch1_only_eyes_open_60s,fp1_fp2_ch1_only_eyes_open_60s,0,5.888,9.888,28.115529516621237,403.0,0.17058318756476765,0.7857357009278976,1.0,,1.25,1.25,4.0,8.25,17.75,49.0,1.0366545358082769e-10,0.472486986439552,1.4384902197254889e-11,0.06556358800966706,6.563160185588146e-12,0.029913608347748616,2.692369396566539e-11,0.12271296354035037,6.786661823110405e-11,0.3093228536626819,0.24376893430588895,2.1917646058437334,0.5380505744492191,0.4320358172030323
20260523-202208_fp1_fp2_ch1_only_eyes_open_60s,fp1_fp2_ch1_only_eyes_open_60s,0,6.144,10.144,28.047762834137057,403.0,0.1612267713992995,0.7714902040831126,1.0,,1.25,1.25,4.0,8.0,18.25,49.5,1.1146384311195242e-10,0.5084395652571293,1.5327810410020317e-11,0.0699174283214603,5.506291571410008e-12,0.025116812901694156,2.465536390749822e-11,0.11246483304719719,6.22740106818087e-11,0.2840613604725192,0.22333037111390713,2.7836902952262825,0.5783569935785896,0.39652619351971635
20260523-202208_fp1_fp2_ch1_only_eyes_open_60s,fp1_fp2_ch1_only_eyes_open_60s,0,6.4,10.4,23.007585705588497,394.0,0.14631893113662636,0.7941739425952188,1.0,,1.5,1.5,4.0,8.25,17.5,49.5,9.06604013935398e-11,0.5005127279967111,1.3700358149585093e-11,0.0756361490416855,5.89190523555255e-12,0.03252769144208363,2.4751254317996266e-11,0.13664530081071805,4.6131137660835e-11,0.2546781307088016,0.23804471320342876,2.325284878466016,0.5761488770383966,0.39132343151951965
20260523-202208_fp1_fp2_ch1_only_eyes_open_60s,fp1_fp2_ch1_only_eyes_open_60s,0,6.656,10.656,22.923830395464016,394.0,0.16882817743434878,0.8317976062623411,1.0,,1.5,1.5,4.0,8.0,18.25,49.5,7.382604356656608e-11,0.4094137279057773,1.5077858453527645e-11,0.08361659300797235,7.114227317241275e-12,0.03945304646448557,3.0564525956706954e-11,0.16950029974619077,5.373871288332519e-11,0.29801633287557405,0.2327609244559593,2.119395091155799,0.49303032091374965,0.4675166326217648
20260523-202208_fp1_fp2_ch1_only_eyes_open_60s,fp1_fp2_ch1_only_eyes_open_60s,0,6.912,10.912,21.463597089024944,394.0,0.20984129508580035,0.9086086435742974,1.0,,49.5,1.25,4.0,8.0,18.25,49.5,3.0658033433674506e-11,0.22998718595239623,1.4582775363003396e-11,0.10939551867763457,7.655979984226899e-12,0.057432819234458574,3.132086980759848e-11,0.23495958161226338,4.908556570513298e-11,0.3682248945232472,0.24443701695568967,1.9047562027392064,0.3393827046300308,0.6031844761355105
20260523-202208_fp1_fp2_ch1_only_eyes_open_60s,fp1_fp2_ch1_only_eyes_open_60s,0,7.168,11.168,27.596050442046955,465.0,0.224813205578566,0.9071049889633098,1.0,,49.25,0.5,6.75,8.25,18.25,49.25,3.0668777738343975e-11,0.21608135697712952,1.648823797551612e-11,0.11617029104674528,7.960618443772074e-12,0.05608770099620923,3.483462398084829e-11,0.245432435677373,5.197936505837875e-11,0.3662282153025429,0.22852603341286928,2.071225758648885,0.3322516480238748,0.6116606509799158
20260523-202208_fp1_fp2_ch1_only_eyes_open_60s,fp1_fp2_ch1_only_eyes_open_60s,0,7.424,11.424,30.18686800580676,465.0,0.21478194385277583,0.8892080829631126,1.0,,49.5,0.5,4.5,8.25,18.25,49.5,3.92464504589291e-11,0.23423161556638747,2.4490654100178377e-11,0.1461657145826604,9.034489449365962e-12,0.05391985860624538,3.4570207306280114e-11,0.20632274799701397,6.021222577090951e-11,0.35936006324769276,0.2613374391806072,2.710795583683716,0.38039733014904786,0.5656828112447068
20260523-202208_fp1_fp2_ch1_only_eyes_open_60s,fp1_fp2_ch1_only_eyes_open_60s,0,7.68,11.68,30.616417164652038,465.0,0.18363008110041484,0.8780949210837339,1.0,,49.5,2.0,4.5,8.0,18.25,49.5,4.137466965269871e-11,0.2474017249387362,2.9488398225821586e-11,0.17632722262164993,8.285543030412509e-12,0.04954378258448461,2.901958170346463e-11,0.17352391283611004,5.906859469352887e-11,0.35320335701901917,0.2855155913368421,3.559018173894326,0.42372894756038615,0.5267272698551292
20260523-202208_fp1_fp2_ch1_only_eyes_open_60s,fp1_fp2_ch1_only_eyes_open_60s,0,7.936,11.936,30.59468908160369,465.0,0.1707378771202752,0.8704639159261346,1.0,,1.25,1.25,4.25,8.0,18.25,49.5,4.365701749789797e-11,0.26274585170459847,3.065491926904091e-11,0.1844938874412956,7.776312895795175e-12,0.04680104304022905,2.581879379785632e-11,0.15538809921520164,5.824978533296543e-11,0.35057111859867524,0.30118807860190683,3.9420892240095826,0.4472397391458941,0.5059592178138769
20260523-202208_fp1_fp2_ch1_only_eyes_open_60s,fp1_fp2_ch1_only_eyes_open_60s,0,8.192,12.192,30.580058861944657,465.0,0.16907442890828914,0.875793936049059,1.0,,49.5,2.0,4.5,8.25,18.5,49.5,4.425162399482066e-11,0.2672296842932953,2.972194613260857e-11,0.17948688804119234,7.689349272382482e-12,0.046434959736622386,2.618048332881632e-11,0.15810046418690357,5.775056603964971e-11,0.34874800374198645,0.2937053978647893,3.865339585933449,0.44671657233448764,0.50684846792889
20260523-202208_fp1_fp2_ch1_only_eyes_open_60s,fp1_fp2_ch1_only_eyes_open_60s,0,8.448,12.448,30.64720215615122,465.0,0.17143390956063054,0.8747379829585428,1.0,,49.5,2.0,4.5,8.25,17.5,49.5,4.4189048436560076e-11,0.2641840230668545,2.9146860815369715e-11,0.17425437347963524,7.305796227458152e-12,0.043677669181934324,2.7672340862707765e-11,0.1654389627168117,5.89521188240604e-11,0.3524449715547644,0.26401077753793156,3.989552939599378,0.43843839654648975,0.5178839342715761
20260523-202208_fp1_fp2_ch1_only_eyes_open_60s,fp1_fp2_ch1_only_eyes_open_60s,0,8.704,12.704,30.73602121290262,465.0,0.16850610138931357,0.8577008875894524,1.0,,1.25,1.25,4.25,8.25,17.75,49.5,4.970147683194969e-11,0.2811696545155447,3.20695902964562e-11,0.18142309240825702,8.01161862795454e-12,0.04532308062693666,2.731617743064471e-11,0.15453223244912584,5.96679963718094e-11,0.3375519400001359,0.2932920848202827,4.002885282701474,0.4625927469238017,0.4920841724492617
20260523-202208_fp1_fp2_ch1_only_eyes_open_60s,fp1_fp2_ch1_only_eyes_open_60s,0,8.96,12.96,30.72083983227021,465.0,0.16240095113811898,0.8502499415973488,1.0,,1.25,1.25,4.25,8.25,18.25,49.5,5.281923734615794e-11,0.29845279165299105,3.182918330781987e-11,0.17984940888103557,8.146205143946438e-12,0.046029776057825246,2.6750503141704483e-11,0.1511525486148381,5.7431729120960293e-11,0.3245154747933101,0.3045253055912196,3.9072405795565555,0.4783022005340266,0.4756680234081482
20260523-202208_fp1_fp2_ch1_only_eyes_open_60s,fp1_fp2_ch1_only_eyes_open_60s,0,9.216,13.216,30.712277675222982,465.0,0.15413595055203005,0.8505103731240573,1.0,,1.25,1.25,4.5,8.25,17.75,49.5,5.378825712976814e-11,0.3043712999127059,3.1453827096983054e-11,0.17798758970087294,8.366022096429377e-12,0.047340760910793374,2.8457594755059157e-11,0.16103282705534458,5.465351372681807e-11,0.3092675224202833,0.293982051836692,3.7597112145337945,0.48235888961357887,0.47030034947562793
20260523-202208_fp1_fp2_ch1_only_eyes_open_60s,fp1_fp2_ch1_only_eyes_open_60s,0,9.472,13.472,30.200579464639418,469.0,0.12081626717515961,0.8799476272265561,1.0,,1.25,1.25,4.5,8.25,17.75,49.5,5.218402189225254e-11,0.2748565175914649,3.1900191642208515e-11,0.16802031095613035,1.368686319547367e-11,0.07208956723240209,3.438126377061113e-11,0.1810882735312271,5.77067989134835e-11,0.3039453306887756,0.3980907533472667,2.3307160440354298,0.44287682854759525,0.48503360422000275
20260523-202208_fp1_fp2_ch1_only_eyes_open_60s,fp1_fp2_ch1_only_eyes_open_60s,0,9.728,13.728,30.167300177510086,469.0,0.12031766182951743,0.8783787749842198,1.0,,1.25,1.25,4.5,8.0,17.75,49.0,5.088645314953288e-11,0.2730706478283528,3.168554449846196e-11,0.17003331196150642,1.3853957415259205e-11,0.07434413075036593,3.311128740656537e-11,0.17768423898541222,5.681179780315485e-11,0.3048676704743626,0.4184058821135483,2.287111440342848,0.44310395978985917,0.4825519094597748
20260523-202208_fp1_fp2_ch1_only_eyes_open_60s,fp1_fp2_ch1_only_eyes_open_60s,0,9.984,13.984,30.19205193424256,469.0,0.1259658519485626,0.8846718007325897,1.0,,1.25,1.25,4.25,8.0,18.0,49.0,4.99500799639957e-11,0.266909106017369,3.0668356358419495e-11,0.1638768863743184,1.413315132471387e-11,0.07552073566261845,3.30940180670094e-11,0.17683845117275254,5.929705385756311e-11,0.3168548207729415,0.42706060340260865,2.169958819077485,0.4307859923916874,0.49369327194569407
20260523-202208_fp1_fp2_ch1_only_eyes_open_60s,fp1_fp2_ch1_only_eyes_open_60s,0,10.24,14.24,30.235938880742566,469.0,0.14303542327522384,0.8840647357894138,1.0,,1.5,1.5,4.5,8.0,17.75,49.25,5.1014942199827155e-11,0.2639820610519994,2.8224815688896824e-11,0.146052209354322,1.2917816295618791e-11,0.06684456794347021,3.404619659696012e-11,0.17617554310739866,6.70477781933761e-11,0.3469456185428098,0.3794202462184038,2.1849525525819375,0.4100342704063214,0.5231211616502085
20260523-202208_fp1_fp2_ch1_only_eyes_open_60s,fp1_fp2_ch1_only_eyes_open_60s,0,10.496,14.496,30.229174649665843,469.0,0.1342293021821766,0.8743425623359213,1.0,,1.5,1.5,4.5,8.0,17.75,49.0,5.493888958134096e-11,0.28215285989856687,2.837859845719675e-11,0.14574562346688916,1.2925897828413418e-11,0.06638428746623572,3.3521251268168804e-11,0.17215704548758431,6.494857470718193e-11,0.333560183680724,0.38560308280280775,2.1954837361328625,0.427898483365456,0.5057172291683083
20260523-202208_fp1_fp2_ch1_only_eyes_open_60s,fp1_fp2_ch1_only_eyes_open_60s,0,10.752,14.752,31.063032691609493,469.0,0.12274083642717133,0.8546395274580381,1.0,,1.25,1.25,5.0,9.0,17.0,49.0,8.902178587889855e-11,0.3570378642863546,3.222706565855002e-11,0.12925243614633253,1.7430013623990276e-11,0.06990620079513225,4.231423210306715e-11,0.16970882924712588,6.834120249340578e-11,0.2740946695250548,0.4119184670901037,1.848940933367569,0.4862903004326871,0.44380349877218067
20260523-202208_fp1_fp2_ch1_only_eyes_open_60s,fp1_fp2_ch1_only_eyes_open_60s,0,11.008,15.008,31.168798501065133,469.0,0.12166760224017342,0.8173077900806568,1.0,,1.25,1.25,5.0,9.0,17.0,49.0,1.160167047536855e-10,0.4365298073583087,2.860942672070382e-11,0.10764714927505951,1.5645739882376757e-11,0.05886938291630086,4.4259748866610704e-11,0.1665337736275856,6.123878719912858e-11,0.23041988682274522,0.3534981621682859,1.8285761450584554,0.5441769566333682,0.3969536604503308
20260523-202208_fp1_fp2_ch1_only_eyes_open_60s,fp1_fp2_ch1_only_eyes_open_60s,0,11.264,15.264,25.353283810978017,427.0,0.121961701720556,0.7640665654418245,1.0,,1.25,1.25,6.5,8.75,17.5,49.5,1.1152566664385513e-10,0.5288208990583748,1.6991721567858582e-11,0.08056959215280014,7.1428966477025655e-12,0.033869450331837546,3.3464893486919196e-11,0.15868037908402347,4.1769789765626707e-11,0.19805967937296406,0.21344447579056514,2.3788278629684196,0.609390491211175,0.35674005845698753
20260523-202208_fp1_fp2_ch1_only_eyes_open_60s,fp1_fp2_ch1_only_eyes_open_60s,0,11.52,15.52,25.575202833995277,408.0,0.11417505988172767,0.7551476414701015,1.0,,1.25,1.25,6.25,8.75,18.0,49.5,1.1841066061674894e-10,0.5444019337310412,1.8393215495348284e-11,0.08456419406026855,7.54183563302629e-12,0.034674157555712744,3.4939394839498634e-11,0.16063650025211434,3.82208449560443e-11,0.17572321440086325,0.21585478705831274,2.4388247623433945,0.6289661277913097,0.3363597146529776
20260523-202208_fp1_fp2_ch1_only_eyes_open_60s,fp1_fp2_ch1_only_eyes_open_60s,0,11.776,15.776,25.562394254060006,408.0,0.11686001004462834,0.7598132074955497,1.0,,1.25,1.25,6.5,8.75,20.25,49.25,1.1303451916489431e-10,0.5224522965798227,2.2634586469683406e-11,0.1046184101156718,8.171988980610506e-12,0.037771420996772415,3.0562989116225935e-11,0.14126396053247012,4.1949676994421535e-11,0.19389391177526294,0.2673818633882242,2.7697769200849365,0.6270707066954946,0.3351578723077331
20260523-202208_fp1_fp2_ch1_only_eyes_open_60s,fp1_fp2_ch1_only_eyes_open_60s,0,12.032,16.032,27.733770028613133,408.0,0.12810636705593606,0.7693792015315445,1.0,,1.25,1.25,5.0,8.75,20.5,49.25,1.248678288032008e-10,0.4900854367657676,2.745981418763686e-11,0.10777519845295705,9.18331669857267e-12,0.03604298896132475,3.2868434742373965e-11,0.12900313356061624,6.040848424350139e-11,0.2370932422593343,0.27939622834346733,2.9901848198162257,0.5978606352187247,0.3660963758199506
20260523-202208_fp1_fp2_ch1_only_eyes_open_60s,fp1_fp2_ch1_only_eyes_open_60s,0,12.288,16.288,27.728144546651514,408.0,0.1490694664285386,0.7824643365353203,1.0,,1.25,1.25,5.0,8.75,20.5,49.25,1.1494479872249068e-10,0.45429700390700845,2.5094105873587408e-11,0.09917958220640571,9.083680455952021e-12,0.035901483681316,3.3598543430663196e-11,0.1327917207723399,7.029572554441162e-11,0.2778302094329299,0.27035935277069,2.7625482859367496,0.5534765861134141,0.4106219302052698
20260523-202208_fp1_fp2_ch1_only_eyes_open_60s,fp1_fp2_ch1_only_eyes_open_60s,0,12.544,16.544,27.645270843310616,408.0,0.16109484274102603,0.7975403605516794,1.0,,1.25,1.25,6.5,9.0,20.5,49.25,1.0558681687134339e-10,0.432968890133595,2.459064630923032e-11,0.10083630850571519,9.414930150328057e-12,0.03860682591501819,3.505672519338049e-11,0.14375347082573028,6.921786424846147e-11,0.28383450461994125,0.2685627393429724,2.6118777215116644,0.5338051986393102,0.4275879754456715
20260523-202208_fp1_fp2_ch1_only_eyes_open_60s,fp1_fp2_ch1_only_eyes_open_60s,0,12.8,16.8,27.598333283008234,408.0,0.1655747592230948,0.7980520668746759,1.0,,1.25,1.25,6.5,9.0,20.25,49.25,1.0276273281320723e-10,0.4293625064862476,2.627624659406001e-11,0.10978722334276367,9.543012758611289e-12,0.039872546839674713,3.387098416063716e-11,0.14151950087588638,6.688495202261161e-11,0.2794582224554276,0.28174595439425143,2.7534539939024203,0.5391497298290112,0.420977723331314
20260523-202208_fp1_fp2_ch1_only_eyes_open_60s,fp1_fp2_ch1_only_eyes_open_60s,0,13.056,17.056,27.593332527985815,408.0,0.15787819275732418,0.7977142460694877,1.0,,1.0,1.0,4.75,9.0,20.25,49.5,1.0506032747668263e-10,0.4398898356654442,2.674156278523915e-11,0.11196749469153135,9.182093506692246e-12,0.03844562167979198,3.388305374189627e-11,0.1418690698986654,6.396623154593974e-11,0.26782797806456704,0.2709936824654804,2.9123601023828516,0.5518573303569756,0.4096970479632325
20260523-202208_fp1_fp2_ch1_only_eyes_open_60s,fp1_fp2_ch1_only_eyes_open_60s,0,13.312,17.312,27.60018115882575,408.0,0.15444635539429385,0.8030366594774909,1.0,,1.25,1.25,5.0,9.0,20.25,49.5,1.0559908101426003e-10,0.4419763749689246,2.6490171389762385e-11,0.11087246035381364,9.152076524622419e-12,0.03830527280104432,3.629370623480244e-11,0.15190435903205332,6.138968342967819e-11,0.256941532844164,0.2521670414537711,2.8944438257803218,0.5528488353227382,0.40884589187621734
20260523-202208_fp1_fp2_ch1_only_eyes_open_60s,fp1_fp2_ch1_only_eyes_open_60s,0,13.568,17.568,27.798866883382136,421.0,0.14899036922412615,0.8037260265095054,1.0,,1.25,1.25,5.0,8.75,20.25,49.5,1.1367526313296952e-10,0.44245443361055786,3.061011265603281e-11,0.11914272010206844,1.0344729545283628e-11,0.040264445629291636,3.811167451887553e-11,0.14834079903095715,6.417792644370181e-11,0.249797601627125,0.27143203954893674,2.9590056001018015,0.5615971537126263,0.39813840065808215
20260523-202208_fp1_fp2_ch1_only_eyes_open_60s,fp1_fp2_ch1_only_eyes_open_60s,0,13.824,17.824,27.796276729087296,421.0,0.152391556480499,0.8081850861982586,1.0,,1.25,1.25,4.75,8.25,20.25,49.5,1.0936292574463027e-10,0.4232859306249434,3.2470650973984943e-11,0.12567668267777476,1.1116374557761137e-11,0.0430255949886052,3.565554733408658e-11,0.13800372870868996,6.97610518278325e-11,0.27000806299998664,0.31177124988722077,2.9209748920627057,0.5489626133027181,0.40801179170867663
20260523-202208_fp1_fp2_ch1_only_eyes_open_60s,fp1_fp2_ch1_only_eyes_open_60s,0,14.08,18.08,27.781702611611117,421.0,0.16335575437273347,0.8221076806549372,1.0,,1.25,1.25,4.75,8.75,24.75,49.5,9.95603222259645e-11,0.3885950425256755,3.1585782180011555e-11,0.1232828309011573,1.1200132242431126e-11,0.04371536539589127,3.7187949261375536e-11,0.14514871388090161,7.667166164522378e-11,0.2992580472963742,0.3011763881818539,2.8201258249746766,0.5118778734268328,0.4444067611772758
20260523-202208_fp1_fp2_ch1_only_eyes_open_60s,fp1_fp2_ch1_only_eyes_open_60s,0,14.336,18.336,27.672639917434694,421.0,0.18561162695727262,0.839527467410411,1.0,,1.25,1.25,5.0,8.75,24.5,49.25,8.132858541750752e-11,0.34765142083313,2.8119416769942843e-11,0.12020072822962385,1.042333629294853e-11,0.04455613796136455,4.0215802064433154e-11,0.17190856887367445,7.385001760803114e-11,0.3156831441022072,0.25918509038433246,2.6977366919424686,0.46785214906275385,0.48759171297588166
20260523-202208_fp1_fp2_ch1_only_eyes_open_60s,fp1_fp2_ch1_only_eyes_open_60s,0,14.592,18.592,27.345968624278058,421.0,0.2100197202229456,0.8801514453234033,1.0,,1.25,1.25,4.75,8.75,23.75,49.5,5.7038334840491343e-11,0.26496828727136795,2.6621441458371175e-11,0.12366836738214348,9.938479311330007e-12,0.04616863112447677,4.413320093942294e-11,0.20501823374444936,7.75333037274338e-11,0.3601764804775625,0.22519280495814306,2.6786232203575002,0.38863665465351144,0.5651947142220118
20260523-202208_fp1_fp2_ch1_only_eyes_open_60s,fp1_fp2_ch1_only_eyes_open_60s,0,14.848,18.848,26.689923192096302,421.0,0.22838126692124555,0.9058549033480429,1.0,,49.5,0.75,4.75,8.75,23.75,49.5,3.995720252449007e-11,0.21360904588245894,2.1666415581496613e-11,0.11582748710247445,8.677399759873468e-12,0.04638891029248562,4.1989229824130755e-11,0.22447215403967585,7.476738537708917e-11,0.39970240268290524,0.2066577500044228,2.4968788094433196,0.32943653298493336,0.6241745567225812
20260523-202208_fp1_fp2_ch1_only_eyes_open_60s,fp1_fp2_ch1_only_eyes_open_60s,0,15.104,19.104,26.656612688036716,421.0,0.25209623415264076,0.9230724805410804,0.75,high_50hz_ratio,49.25,0.75,4.75,8.75,23.75,49.25,3.392650278414955e-11,0.18879216541205973,1.6798917035466297e-11,0.09348160474662738,8.74260170020926e-12,0.04865030494946242,4.380172932862615e-11,0.24374523308095664,7.643316590183453e-11,0.42533069181089395,0.1995948980602377,1.921500900019751,0.2822737701586871,0.6690759248918505
20260523-202208_fp1_fp2_ch1_only_eyes_open_60s,fp1_fp2_ch1_only_eyes_open_60s,0,15.36,19.36,26.29098704879678,390.0,0.2750341144091352,0.9295055923611137,0.75,high_50hz_ratio,49.25,0.75,5.0,9.0,23.75,49.25,3.121788030300811e-11,0.17037924889337555,1.340317188699286e-11,0.07315110240443211,8.154930922008792e-12,0.04450753836529179,5.023130355230026e-11,0.27414967599037765,8.021854926213231e-11,0.4378124343465229,0.16234758696871104,1.6435665752630653,0.24353035129780765,0.7119621103369005
20260523-202208_fp1_fp2_ch1_only_eyes_open_60s,fp1_fp2_ch1_only_eyes_open_60s,0,15.616,19.616,26.372333988481188,411.0,0.2658198032160682,0.9231765808273836,0.75,high_50hz_ratio,49.5,0.75,5.75,8.0,24.75,49.5,3.162049120413063e-11,0.19385094592703167,1.0788346015259998e-11,0.06613847541283861,6.714797148749487e-12,0.04116538767820229,4.6957497801565835e-11,0.2878752043551727,6.703641700146522e-11,0.4109699866267547,0.14299733723302385,1.6066525579658262,0.2599894213398703,0.6988451909819274
20260523-202208_fp1_fp2_ch1_only_eyes_open_60s,fp1_fp2_ch1_only_eyes_open_60s,0,15.872,19.872,25.12100714541517,411.0,0.24336471628089892,0.918451896847567,1.0,,49.25,0.75,5.5,8.75,24.0,49.25,3.467745551991504e-11,0.22762455586114666,1.079732120319096e-11,0.07087415747545325,6.0152767522333e-12,0.03948457805165805,4.388153738990546e-11,0.28804061050976454,5.697337643726652e-11,0.37397609810197757,0.1370798998855737,1.794983281389709,0.29849871333659994,0.6620167086117421
20260523-202208_fp1_fp2_ch1_only_eyes_open_60s,fp1_fp2_ch1_only_eyes_open_60s,0,16.128,20.128,24.0794933501517,411.0,0.2213386210141864,0.9190542235925122,1.0,,49.25,0.75,5.5,8.0,23.75,49.25,2.959701644997057e-11,0.23790235015534822,9.068513701625616e-12,0.07289318251653894,4.97731620577893e-12,0.0400079252860734,3.6769533162015965e-11,0.29555541073354735,4.3995876349640773e-11,0.35364113130849206,0.13536522707121684,1.8219685723596561,0.31079553267188714,0.6491965420420394
20260523-202208_fp1_fp2_ch1_only_eyes_open_60s,fp1_fp2_ch1_only_eyes_open_60s,0,16.384,20.384,24.132053373055513,411.0,0.21734063015328195,0.9103372968416259,1.0,,49.5,1.0,5.5,8.0,24.0,49.5,3.178653046095335e-11,0.24896351695621088,9.527834456729457e-12,0.07462541966440178,5.018395692041585e-12,0.03930587650965347,3.655664623661114e-11,0.28632477603589873,4.478604877692411e-11,0.3507804108338352,0.13727724528011293,1.8985817463216699,0.32358893662061267,0.6371051868697339
20260523-202208_fp1_fp2_ch1_only_eyes_open_60s,fp1_fp2_ch1_only_eyes_open_60s,0,16.64,20.64,24.175276627166028,411.0,0.21814810174760757,0.9079191074736811,1.0,,49.5,1.0,5.5,8.25,24.0,49.5,3.195638734618444e-11,0.2505190974908087,9.972813334595326e-12,0.07818093356304956,5.128065166010303e-12,0.04020098527865493,3.5860157393497785e-11,0.28112233616326016,4.464326042119185e-11,0.3499766475042267,0.1430017473080063,1.9447516776301605,0.32870003105385825,0.6310989836674868
20260523-202208_fp1_fp2_ch1_only_eyes_open_60s,fp1_fp2_ch1_only_eyes_open_60s,0,16.896,20.896,28.7760490686265,411.0,0.2257880536822992,0.9226439230526383,1.0,,49.5,0.75,5.5,8.75,18.5,49.5,3.5066216568551067e-11,0.20968108926837342,1.578856608606703e-11,0.09440892285714375,7.54566787072588e-12,0.04511989068732733,4.5500148706134045e-11,0.2720715741866352,6.333535271299791e-11,0.3787185230005202,0.165838312297837,2.092401409200667,0.3040900121255172,0.6507900971871554
20260523-202208_fp1_fp2_ch1_only_eyes_open_60s,fp1_fp2_ch1_only_eyes_open_60s,0,17.152,21.152,28.811924614645235,411.0,0.22840156701808004,0.929596916690869,1.0,,49.5,0.75,5.5,8.5,24.0,49.5,3.27772134416233e-11,0.19555681267882905,1.9534201146207047e-11,0.11654578633363502,8.683440981737116e-12,0.051807516965942955,4.407672228281757e-11,0.2629724255940545,6.253809522740003e-11,0.3731174584275386,0.1970074118946495,2.2495922051282538,0.31210259901246407,0.636089884021593
20260523-202208_fp1_fp2_ch1_only_eyes_open_60s,fp1_fp2_ch1_only_eyes_open_60s,0,17.408,21.408,29.908777975704723,470.0,0.23281383424734062,0.9108094680922897,1.0,,49.5,1.5,6.5,10.75,24.0,49.5,4.9198069991783084e-11,0.21693694312695397,2.5446182873781716e-11,0.1122039366139693,1.3545996543534322e-11,0.05973053581682007,5.319198472135922e-11,0.2345479521093931,8.540288269951292e-11,0.3765806323328636,0.25466236340857823,1.8785020941059891,0.32914087974092326,0.6111285844422567
20260523-202208_fp1_fp2_ch1_only_eyes_open_60s,fp1_fp2_ch1_only_eyes_open_60s,0,17.664,21.664,30.19264811175065,470.0,0.20893299171719432,0.8947582994497382,1.0,,49.25,1.5,4.75,8.0,19.5,49.25,5.409009906754866e-11,0.23603262299181454,4.127384721811037e-11,0.18010642590408368,1.6147395542553563e-11,0.0704622877402317,4.117915233122663e-11,0.1796932064254658,7.647316288903781e-11,0.33370545693840437,0.3921254962382702,2.5560683832473514,0.41613904889589826,0.5133986633638702
20260523-202208_fp1_fp2_ch1_only_eyes_open_60s,fp1_fp2_ch1_only_eyes_open_60s,0,17.92,21.92,30.51653650072367,470.0,0.18947378114429728,0.8740743232050803,1.0,,49.25,1.0,4.75,8.0,18.25,49.25,5.727840637856718e-11,0.24685131907082145,5.359535652798098e-11,0.23097857100915412,1.5092472951510403e-11,0.06504365417392453,3.3125374673027736e-11,0.1427596008643812,7.294444499484773e-11,0.3143668548817187,0.455616671524003,3.5511315276279714,0.47782989007997556,0.4571264557460999
20260523-202208_fp1_fp2_ch1_only_eyes_open_60s,fp1_fp2_ch1_only_eyes_open_60s,0,18.176,22.176,30.851353292846007,470.0,0.19050208735158863,0.8928359067305146,1.0,,49.25,0.5,5.5,8.0,18.25,49.25,4.923615095751629e-11,0.19370122541333995,6.542950369401161e-11,0.2574079166881332,2.3614867248094492e-11,0.09290386504574963,3.6802702237464096e-11,0.14478647057667302,7.910283406905567e-11,0.31120052227610423,0.6416612317139917,2.7706911500546836,0.4511091421014731,0.4559869928527772
20260523-202208_fp1_fp2_ch1_only_eyes_open_60s,fp1_fp2_ch1_only_eyes_open_60s,0,18.432,22.432,32.27912638223036,470.0,0.20442645969348378,0.8721937627120935,1.0,,1.0,1.0,7.0,9.0,13.5,49.25,1.2113808818972656e-10,0.2797687445764479,5.0704889349672155e-11,0.11710308004058904,3.785031750253571e-11,0.08741541135203772,8.055781930980923e-11,0.18604850308371484,1.4274252964205526e-10,0.3296642609472104,0.4698528066775365,1.3396159582089444,0.39687182461703696,0.5157127640309253
20260523-202208_fp1_fp2_ch1_only_eyes_open_60s,fp1_fp2_ch1_only_eyes_open_60s,0,18.688,22.688,32.40037036825351,470.0,0.14919399949176662,0.8335133129792079,1.0,,1.0,1.0,6.5,8.0,13.25,49.25,1.5867755792236244e-10,0.3747699859372726,7.335595589387395e-11,0.17325456049817325,4.705108836322182e-11,0.11112684084062871,3.838481210522266e-11,0.09065853849299632,1.0593044129746063e-10,0.25019007423092904,1.2257735750859653,1.559070330692153,0.5480245464354458,0.34084861272392536
20260523-202208_fp1_fp2_ch1_only_eyes_open_60s,fp1_fp2_ch1_only_eyes_open_60s,0,18.944,22.944,32.64064950334169,470.0,0.1549265096536924,0.8235440426358375,1.0,,1.5,1.5,4.0,9.0,13.5,49.25,1.869900449194628e-10,0.4135827457984655,4.7061729399485494e-11,0.10409067111271485,3.240915945276096e-11,0.07168226073888724,6.780194253592818e-11,0.1499636709352982,1.1785957517050303e-10,0.26068065141463426,0.4779975062748,1.4521120014877853,0.5176734169111803,0.4106443223499324
20260523-202208_fp1_fp2_ch1_only_eyes_open_60s,fp1_fp2_ch1_only_eyes_open_60s,0,19.2,23.2,32.79191973642288,470.0,0.15212926071993288,0.8056056364941341,1.0,,1.75,1.75,4.25,9.0,13.5,49.25,2.0292306039164887e-10,0.4381037749552274,4.70622404764586e-11,0.10160572766246205,3.0515898861758364e-11,0.06588275606372859,6.882947339149635e-11,0.14860042058697392,1.1385424331170633e-10,0.24580732073160802,0.44335511167122343,1.5422203583010177,0.5397095026176895,0.3944077413185819
20260523-202208_fp1_fp2_ch1_only_eyes_open_60s,fp1_fp2_ch1_only_eyes_open_60s,0,19.456,23.456,30.472955222623224,450.0,0.13665006248511635,0.7928605725362312,1.0,,1.5,1.5,4.25,9.25,13.5,49.25,2.2565967705199754e-10,0.470322657506488,4.553129913835303e-11,0.09489689026515206,3.21675453741275e-11,0.06704399130347978,7.308335596783447e-11,0.1523212239214728,1.0335571131526408e-10,0.21541523700340726,0.4401487171481988,1.415442136128113,0.5652195477716401,0.36773646092488005
20260523-202208_fp1_fp2_ch1_only_eyes_open_60s,fp1_fp2_ch1_only_eyes_open_60s,0,19.712,23.712,30.254222845745023,450.0,0.11760314134876189,0.8038410473109479,1.0,,1.5,1.5,4.25,8.0,13.25,49.25,2.1386551684240622e-10,0.45604075713768233,6.794736268401817e-11,0.14488902737303816,4.4573476099049254e-11,0.09504721513121565,5.347387252380939e-11,0.11402616781279311,8.91011826349696e-11,0.1899968325452708,0.8335561648205446,1.524390032606577,0.6009297845107204,0.3040230003580639
20260523-202208_fp1_fp2_ch1_only_eyes_open_60s,fp1_fp2_ch1_only_eyes_open_60s,0,19.968,23.968,30.284434946024668,450.0,0.13536792566288447,0.7905945267720055,1.0,,1.0,1.0,4.0,9.25,16.0,49.25,2.1831851919162888e-10,0.4569513936981481,4.289241205909103e-11,0.08977592712725044,2.99274888463201e-11,0.06263970545809802,7.106028948000684e-11,0.14873267936551685,1.1557315456972333e-10,0.2419002943509867,0.42115630354616485,1.433211195210757,0.5467273208253985,0.3906329737165035
20260523-202208_fp1_fp2_ch1_only_eyes_open_60s,fp1_fp2_ch1_only_eyes_open_60s,0,20.224,24.224,30.97905744208497,450.0,0.1548556647616882,0.7883809129350388,1.0,,1.75,1.75,4.0,8.75,13.25,49.25,2.5916609686059014e-10,0.4555057274132434,4.449974094412687e-11,0.07821195408656757,4.092568337930082e-11,0.07193025400849513,6.593747703017426e-11,0.11589053816163246,1.5843442258044866e-10,0.2784615263300614,0.6206740873717754,1.0873304309106229,0.533717681499811,0.39435206449169385
20260523-202208_fp1_fp2_ch1_only_eyes_open_60s,fp1_fp2_ch1_only_eyes_open_60s,0,20.48,24.48,31.6369878465065,450.0,0.1532040560986548,0.7640460737740561,1.0,,1.0,1.0,4.25,8.75,13.25,49.25,2.960081063784158e-10,0.47859644007392665,5.7261458688173434e-11,0.09258236410108779,4.808398244683468e-11,0.07774389392638029,5.936535020672147e-11,0.09598401077691086,1.5777317951447162e-10,0.2550932911216943,0.8099671319952982,1.1908634804009022,0.5711788041750144,0.3510773018986052
20260523-202208_fp1_fp2_ch1_only_eyes_open_60s,fp1_fp2_ch1_only_eyes_open_60s,0,20.736,24.736,29.124010712812204,411.0,0.12023119085649508,0.7621862366765964,1.0,,1.0,1.0,4.0,8.75,13.25,49.25,2.878294722080327e-10,0.5018204255221782,5.350220228545346e-11,0.09327918267471509,4.767934539782689e-11,0.08312723923859755,6.253306416323525e-11,0.109024168466389,1.2202657502838272e-10,0.21274898409812001,0.7624661614752403,1.122125353002266,0.5950996081968933,0.321773152564509
20260523-202208_fp1_fp2_ch1_only_eyes_open_60s,fp1_fp2_ch1_only_eyes_open_60s,0,20.992,24.992,28.367340375861815,411.0,0.12134269623411222,0.7277149695649088,1.0,,1.0,1.0,4.0,9.25,16.0,49.5,3.1174701802175465e-10,0.5531337489201803,4.593385819044134e-11,0.08150059411786813,3.3108107982407163e-11,0.058743823771507796,4.8597189044644597e-11,0.08622615072254247,1.242153401927977e-10,0.22039568246790128,0.6812761938142525,1.3873900077542778,0.6346343430380484,0.3066218331904438
20260523-202208_fp1_fp2_ch1_only_eyes_open_60s,fp1_fp2_ch1_only_eyes_open_60s,0,21.248,25.248,28.500999982456758,411.0,0.11535837171676876,0.6734799773145927,1.0,,0.75,0.75,4.0,9.25,16.25,49.5,4.1853656625179024e-10,0.6435790335711673,3.6411882001342134e-11,0.05599014690351662,2.3174896763748766e-11,0.035635781589874904,5.4986848351386833e-11,0.08455266654006124,1.1721640899067643e-10,0.18024237139537996,0.4214625398359328,1.5711777434236196,0.699569180474684,0.26479503793544124
20260523-202208_fp1_fp2_ch1_only_eyes_open_60s,fp1_fp2_ch1_only_eyes_open_60s,0,21.504,25.504,28.720915723562854,390.0,0.0849922911608119,0.628111300181011,1.0,,1.0,1.0,4.0,8.5,14.0,49.5,4.019838222553041e-10,0.7064590005839091,2.9573045115775605e-11,0.051972598746635304,5.690231909596982e-12,0.010000192359461327,3.4109246638965426e-11,0.05994466184245956,9.765589955115338e-11,0.1716235464675348,0.16682373462615924,5.197159902375605,0.7584315993305444,0.23156820830999436
20260523-202208_fp1_fp2_ch1_only_eyes_open_60s,fp1_fp2_ch1_only_eyes_open_60s,0,21.76,25.76,29.203955211580503,390.0,0.10063867734675665,0.66120224062553,1.0,,0.0,1.0,4.0,10.75,14.75,49.5,3.696756927025529e-10,0.5756710584942849,3.298023181586418e-11,0.05135789377989123,6.220067748144915e-12,0.00968609258105008,3.950412438800073e-11,0.061517112296664754,1.9378468779030568e-10,0.301767842848109,0.15745362907054444,5.302230321478453,0.6270289522741761,0.3632849551447737
20260523-202208_fp1_fp2_ch1_only_eyes_open_60s,fp1_fp2_ch1_only_eyes_open_60s,0,22.016,26.016,28.76012865061629,390.0,0.12474813642104175,0.6927513678436088,1.0,,0.0,0.75,4.0,8.0,14.75,49.0,2.8322688683829594e-10,0.46373905841978774,3.254999921274985e-11,0.05329545565037948,6.622497969946421e-12,0.010843288952024223,3.9040501798947536e-11,0.06392262311881608,2.4930635540331335e-10,0.4081995738589925,0.16963147666623873,4.915063675438649,0.5170345140701672,0.4721221969778086
20260523-202208_fp1_fp2_ch1_only_eyes_open_60s,fp1_fp2_ch1_only_eyes_open_60s,0,22.272,26.272,28.623382050344784,390.0,0.1380746490172095,0.6736104801092471,1.0,,0.0,0.75,4.25,8.0,14.0,49.0,2.4898986626244083e-10,0.4474868123626775,3.45377176322e-11,0.06207149472189895,8.063344220963691e-12,0.014491514279616884,3.241842968224907e-11,0.05826269148248281,2.3240897539905947e-10,0.41768748715332377,0.2487271684654988,4.283299420903579,0.5095583070845765,0.4759501786358066
20260523-202208_fp1_fp2_ch1_only_eyes_open_60s,fp1_fp2_ch1_only_eyes_open_60s,0,22.528,26.528,27.087820141163075,390.0,0.13219944341009823,0.6852251283541964,1.0,,0.0,0.5,4.25,9.25,22.25,49.0,2.0272422805602824e-10,0.4596907240794793,1.9033432147275403e-11,0.043159578356270836,1.343966846811071e-11,0.030475345688757434,4.5167684271646745e-11,0.10242074016968583,1.606363330422839e-10,0.3642536117058065,0.297550531642979,1.416212921653345,0.5028503024357501,0.46667435187549233
20260523-202208_fp1_fp2_ch1_only_eyes_open_60s,fp1_fp2_ch1_only_eyes_open_60s,0,22.784,26.784,27.284519420359963,390.0,0.13696853688398627,0.696093275675773,1.0,,0.0,0.75,4.25,11.0,22.25,49.0,1.9517348769777168e-10,0.4282198832156737,1.987269988231244e-11,0.043601645506082344,1.578125914093531e-11,0.034624830585556814,4.6233886234640475e-11,0.10143933788108725,1.7871733437789832e-10,0.3921143028116,0.34133533704790087,1.259259461164557,0.4718215287217561,0.49355364069268726
20260523-202208_fp1_fp2_ch1_only_eyes_open_60s,fp1_fp2_ch1_only_eyes_open_60s,0,23.04,27.04,27.67133896290528,390.0,0.1518210942441871,0.66956076128041,1.0,,0.0,0.75,4.5,8.25,14.5,49.0,2.0587962674335226e-10,0.3899571569441167,3.718012000912114e-11,0.07042296570545001,1.0590409611746515e-11,0.020059323442520604,3.4022691800217993e-11,0.06444247240907394,2.4028162857018475e-10,0.4551180814988387,0.31127488894569655,3.5107348414439263,0.46038012264956674,0.5195605539079127
20260523-202208_fp1_fp2_ch1_only_eyes_open_60s,fp1_fp2_ch1_only_eyes_open_60s,0,23.296,27.296,27.238887642486432,390.0,0.1346392175888645,0.6654555113940765,1.0,,0.0,0.75,4.5,9.5,18.0,49.5,2.1668581788416042e-10,0.4663238945707756,2.6000466930668945e-11,0.05595492643754839,1.2895819478289263e-11,0.027752756601783623,3.3983740864732973e-11,0.07313552195925571,1.7510221154468402e-10,0.3768329004306366,0.3794702746121764,2.016193462884774,0.522278821008324,0.4499684223898923
20260523-202208_fp1_fp2_ch1_only_eyes_open_60s,fp1_fp2_ch1_only_eyes_open_60s,0,23.552,27.552,30.107440940737558,418.0,0.1238435369391326,0.6954501800116105,1.0,,0.25,0.75,5.75,8.5,18.0,49.5,2.035617083332779e-10,0.4424874998654955,2.8824785260278454e-11,0.06265720241990767,1.7634860328047422e-11,0.03833336495810525,3.701822415688606e-11,0.08046749848366848,1.7299987703641233e-10,0.3760544342728231,0.47638320664193773,1.634534366820812,0.5051447022854032,0.45652193275649156
20260523-202208_fp1_fp2_ch1_only_eyes_open_60s,fp1_fp2_ch1_only_eyes_open_60s,0,23.808,27.808,30.131262834471443,418.0,0.14579867207350178,0.7250168021152199,1.0,,0.0,0.75,5.5,8.5,18.0,49.25,1.8081789412885413e-10,0.3853311194709448,3.075716372584014e-11,0.06554490852428237,2.1167799776038015e-11,0.04510953975951624,3.8691294453665535e-11,0.08245290034727704,1.978191342245695e-10,0.4215615318979797,0.5470946391154566,1.4530165653143272,0.45087602799522714,0.5040144322452567
20260523-202208_fp1_fp2_ch1_only_eyes_open_60s,fp1_fp2_ch1_only_eyes_open_60s,0,24.064,28.064,30.02530599344493,418.0,0.1566342982354815,0.7386216487394572,1.0,,0.0,0.75,6.0,9.25,18.0,49.25,1.67776013767053e-10,0.3660064032565317,2.988488518727348e-11,0.06519441661258689,2.3208244587153098e-11,0.050629204595572866,3.9365096299611036e-11,0.08587566832093246,1.9816214960529785e-10,0.43229430721437617,0.5895640241932398,1.2876839984621768,0.4312008198691186,0.5181699755353086
20260523-202208_fp1_fp2_ch1_only_eyes_open_60s,fp1_fp2_ch1_only_eyes_open_60s,0,24.32,28.32,28.987687041224934,418.0,0.14536553381744166,0.7417014353129898,1.0,,0.0,0.75,5.75,9.0,23.0,49.25,1.4829250853112457e-10,0.39565395131612147,2.5048500684398053e-11,0.06683101100988238,1.4514845767249407e-11,0.03872654213918677,3.2144497050126114e-11,0.08576358574635921,1.5480320556544648e-10,0.4130249097884502,0.451549941646776,1.7257159384301743,0.46248496232600383,0.4987884955348094
20260523-202208_fp1_fp2_ch1_only_eyes_open_60s,fp1_fp2_ch1_only_eyes_open_60s,0,24.576,28.576,28.56221279943135,418.0,0.12283236214589249,0.8103477864131691,1.0,,0.0,0.75,5.5,11.25,13.25,49.25,1.179619470876702e-10,0.3856286070930269,2.249138483686467e-11,0.07352643475600883,2.8113147777309148e-11,0.09190450213836218,4.1575173166720584e-11,0.13591311871122572,9.575356578987305e-11,0.3130273373013764,0.6762003771956073,0.800030825968839,0.4591550418490357,0.44894045601260213
20260523-202208_fp1_fp2_ch1_only_eyes_open_60s,fp1_fp2_ch1_only_eyes_open_60s,0,24.832,28.832,28.236324123369883,418.0,0.11275434020113886,0.8365149454352178,1.0,,0.0,0.75,5.5,11.25,13.25,49.25,8.941434881446556e-11,0.3723208004592613,1.7601207034862478e-11,0.07329131821859199,2.0413966704963393e-11,0.08500363224600316,3.812238465497208e-11,0.1587413760581879,7.460214463036534e-11,0.3106428730179555,0.5354850408682637,0.8622139581810414,0.4456121186778533,0.4693842490761434
20260523-202208_fp1_fp2_ch1_only_eyes_open_60s,fp1_fp2_ch1_only_eyes_open_60s,0,25.088,29.088,28.187408536436973,418.0,0.1214749107339336,0.8175926216391961,1.0,,0.0,0.75,4.0,12.0,17.25,49.25,1.028514218671366e-10,0.40759255685467,1.9518480110053946e-11,0.077350289082546,1.7454402292973382e-11,0.06917050177637081,3.888760292869461e-11,0.15410868629634691,7.362690551358509e-11,0.29177796599006633,0.4488423296488153,1.1182554281971318,0.484942845937216,0.4458866522864132
20260523-202208_fp1_fp2_ch1_only_eyes_open_60s,fp1_fp2_ch1_only_eyes_open_60s,0,25.344,29.344,27.943890208773723,418.0,0.1549067203134552,0.791184232079913,1.0,,0.0,0.75,5.5,8.5,17.25,49.5,1.181307862418985e-10,0.43324669078246725,2.413750534040421e-11,0.08852471608087208,1.5684903662665653e-11,0.057524654015055535,3.85329412214534e-11,0.14132022482373777,7.617788787626358e-11,0.27938371429786746,0.40705181503074594,1.5389004522774377,0.5217714068633393,0.4207039391216052
20260523-202208_fp1_fp2_ch1_only_eyes_open_60s,fp1_fp2_ch1_only_eyes_open_60s,0,25.6,29.6,26.29901138826325,437.0,0.14644296877241983,0.7893310420938479,1.0,,0.25,0.5,5.75,8.5,16.5,49.5,1.0996281429855339e-10,0.4435070180551891,2.5956066917524608e-11,0.10468718823235615,1.3320780633964308e-11,0.053725977593632235,3.6948023864756676e-11,0.1490204483381049,6.175160232792111e-11,0.24905936778071766,0.3605275530492037,1.948539476083242,0.5481942062875452,0.3980798161188226
20260523-202208_fp1_fp2_ch1_only_eyes_open_60s,fp1_fp2_ch1_only_eyes_open_60s,0,25.856,29.856,26.42670997305567,437.0,0.1779565223343153,0.7982528778820167,1.0,,0.75,0.75,5.75,9.0,16.5,49.25,9.960137776130896e-11,0.408713073276086,2.735315500724856e-11,0.11224334741233402,1.3117602513784553e-11,0.05382792645972468,3.50826777613633e-11,0.14396135243192798,6.854029796153555e-11,0.2812543004199273,0.373905395791396,2.085225175751794,0.5209564206884201,0.42521565285185525
20260523-202208_fp1_fp2_ch1_only_eyes_open_60s,fp1_fp2_ch1_only_eyes_open_60s,0,26.112,30.112,26.561701752711553,437.0,0.19477690627205038,0.809838641231007,1.0,,1.0,1.0,5.5,8.75,16.75,49.25,9.235391423604583e-11,0.3826668780171108,2.8069437113230968e-11,0.11630523683451414,1.2617008333228192e-11,0.05227836014023417,3.481706888459367e-11,0.1442639346906429,7.348541959002941e-11,0.30448559031749795,0.3623799687173304,2.2247300130021483,0.49897211485162496,0.4487495250081408
20260523-202208_fp1_fp2_ch1_only_eyes_open_60s,fp1_fp2_ch1_only_eyes_open_60s,0,26.368,30.368,30.97224564025024,443.0,0.1942304973818117,0.8543055595650517,1.0,,0.75,0.75,5.75,8.0,17.25,49.25,9.419610517372104e-11,0.3300923584543878,3.5687039782126526e-11,0.1250584523236117,1.6654151688110637e-11,0.058361311209704225,4.473988570976998e-11,0.15678243132963224,9.408569491729195e-11,0.32970544668266416,0.37224394796506644,2.1428314362960577,0.45515081077799946,0.4864878780122964
20260523-202208_fp1_fp2_ch1_only_eyes_open_60s,fp1_fp2_ch1_only_eyes_open_60s,0,26.624,30.624,31.53483787813091,443.0,0.2020982557282993,0.8821973117996124,1.0,,49.5,2.0,5.75,8.5,16.75,49.5,7.978178425432551e-11,0.2747105714418853,3.935160253639519e-11,0.13549836370500784,2.0007726780205274e-11,0.06889209245461704,4.533003243279398e-11,0.15608373802967296,1.05950092012609e-10,0.36481523436881697,0.4413790528358567,1.966820267424276,0.41020893514689316,0.5208989723984899
20260523-202208_fp1_fp2_ch1_only_eyes_open_60s,fp1_fp2_ch1_only_eyes_open_60s,0,26.88,30.88,31.52302333216153,443.0,0.21035927440075014,0.8667088919255104,1.0,,0.75,0.75,5.75,8.5,17.0,49.75,9.645917268140203e-11,0.2948592866104414,4.180499257838366e-11,0.12779075276885152,2.5440387336978294e-11,0.07776693758354238,4.36226846037636e-11,0.13334712816563485,1.1980905140089192e-10,0.36623589487152985,0.5831916941394156,1.643252990791495,0.4226500393792929,0.49958302303716473
20260523-202208_fp1_fp2_ch1_only_eyes_open_60s,fp1_fp2_ch1_only_eyes_open_60s,0,27.136,31.136,31.63072873014468,443.0,0.19863351742918317,0.8398173586696095,1.0,,1.0,1.0,5.5,9.5,17.0,49.75,1.2264783931968143e-10,0.35763912996750286,3.83357223425293e-11,0.11178635075275904,2.662562370156356e-11,0.07763989115739156,4.581843721911724e-11,0.13360582717486313,1.0950979405500799e-10,0.3193288009474834,0.5811115637626836,1.4398056087707,0.4694254807202619,0.4529346281223465
20260523-202208_fp1_fp2_ch1_only_eyes_open_60s,fp1_fp2_ch1_only_eyes_open_60s,0,27.392,31.392,32.62376434441617,443.0,0.15612066955689724,0.7889762912147523,1.0,,1.25,1.25,4.25,8.75,16.5,49.5,2.0814174524975877e-10,0.4697315595939414,5.1427260936564765e-11,0.11606036769024902,2.9439009272430255e-11,0.06643756984859428,5.1610901250201e-11,0.11647480474046766,1.0248894138277424e-10,0.2312956981267475,0.570402929600374,1.7469086836671026,0.5857919272841905,0.34777050286721517
20260523-202208_fp1_fp2_ch1_only_eyes_open_60s,fp1_fp2_ch1_only_eyes_open_60s,0,27.648,31.648,32.98889206990741,443.0,0.14454061864435,0.7810674558314344,1.0,,1.25,1.25,4.0,8.0,16.75,49.5,2.455173400382599e-10,0.4813511407076102,5.946586196371026e-11,0.11658630907671387,3.992727797099531e-11,0.07827976954170916,5.445836376257905e-11,0.1067688152458089,1.1068986242507071e-10,0.21701396542815796,0.733170723693892,1.4893542707045675,0.5979374497843241,0.3237827806739669
20260523-202208_fp1_fp2_ch1_only_eyes_open_60s,fp1_fp2_ch1_only_eyes_open_60s,0,27.904,31.904,33.111538774270215,443.0,0.1720334707106832,0.761864243080062,1.0,,1.25,1.25,4.0,8.0,16.75,49.0,2.6496328970525477e-10,0.4810072258312962,5.1356069449594664e-11,0.09323042646031507,3.5879285088038885e-11,0.06513428861864524,5.604231363160071e-11,0.10173770803906607,1.426099971134209e-10,0.25889035105067737,0.6402177705205867,1.4313570998858973,0.5742376522916113,0.36062805908974344
20260523-202208_fp1_fp2_ch1_only_eyes_open_60s,fp1_fp2_ch1_only_eyes_open_60s,0,28.16,32.16,33.144713002227064,443.0,0.17072322894211536,0.7571300572863385,1.0,,1.25,1.25,4.0,8.0,21.0,49.0,2.5945008754867404e-10,0.4872445314294101,5.033655565657531e-11,0.09453152128945506,3.557575076256258e-11,0.06681088518539169,5.471486541508974e-11,0.10275394089584644,1.3240709049278714e-10,0.24865912119989678,0.6502026550311351,1.414911971711528,0.5817760527188651,0.3514130620957432
20260523-202208_fp1_fp2_ch1_only_eyes_open_60s,fp1_fp2_ch1_only_eyes_open_60s,0,28.416,32.416,33.24707505931913,443.0,0.1553973552795402,0.7527670244829308,1.0,,1.25,1.25,4.75,8.0,21.0,49.75,2.677970704507749e-10,0.5026748263336456,5.660771092849458e-11,0.10625684296033674,3.686271415377257e-11,0.06919402965926219,4.8363745168171737e-11,0.0907823120033876,1.2311290406530208e-10,0.2310919890433679,0.7621972621349429,1.535636000440876,0.6089316692939823,0.3218743010467555
20260523-202208_fp1_fp2_ch1_only_eyes_open_60s,fp1_fp2_ch1_only_eyes_open_60s,0,28.672,32.672,33.01333064081842,443.0,0.15495361569535634,0.7583553200112616,1.0,,1.25,1.25,4.5,8.0,16.25,49.0,2.608105661420473e-10,0.4958678745564729,5.697979183205064e-11,0.10833321934143107,3.715107952844423e-11,0.07063374431392783,4.8084372966637713e-11,0.09142074331973689,1.229420521904617e-10,0.2337444184684314,0.7726227303456923,1.5337317934038721,0.604201093897904,0.3251651617881683
20260523-202208_fp1_fp2_ch1_only_eyes_open_60s,fp1_fp2_ch1_only_eyes_open_60s,0,28.928,32.928,32.9663464763689,443.0,0.16749027441120287,0.7527192487180361,1.0,,1.25,1.25,4.5,8.0,16.25,49.0,2.6580578057377575e-10,0.49604573838700733,5.088481473521535e-11,0.09496104803864544,3.493044768594993e-11,0.06518706883335271,5.354930016964103e-11,0.09993350063876588,1.3067899491883102e-10,0.24387264410222873,0.6523044666371424,1.4567467097103006,0.5910067864256527,0.3438061447409946
20260523-202208_fp1_fp2_ch1_only_eyes_open_60s,fp1_fp2_ch1_only_eyes_open_60s,0,29.184,33.184,33.28474124880649,443.0,0.15357158773780935,0.7346960868985759,1.0,,1.25,1.25,4.0,8.0,21.0,49.5,2.889619870783118e-10,0.5301114501069619,5.082637170020556e-11,0.09324285826692284,3.385609447637657e-11,0.06211025719783108,5.0589474543520286e-11,0.09280826167334871,1.2086274389205243e-10,0.22172717275493542,0.6692319851484404,1.5012473377775504,0.6233543083738847,0.31453543442828413
20260523-202208_fp1_fp2_ch1_only_eyes_open_60s,fp1_fp2_ch1_only_eyes_open_60s,0,29.44,33.44,32.475960339919126,436.0,0.12740989693647603,0.7275885672246449,1.0,,1.25,1.25,4.75,8.0,20.75,49.5,3.0112464769519804e-10,0.5599800584094874,5.274772658627708e-11,0.09809118994686046,3.6544085798591464e-11,0.06795843334860595,4.72518359793424e-11,0.08787087365379298,1.0007343808463014e-10,0.18609944464125328,0.7733897538831686,1.4433998124071328,0.6580712483563479,0.27397031829504626
20260523-202208_fp1_fp2_ch1_only_eyes_open_60s,fp1_fp2_ch1_only_eyes_open_60s,0,29.696,33.696,32.66078688580543,436.0,0.14390488598169304,0.7449753406142315,1.0,,1.25,1.25,4.25,8.0,16.25,49.75,2.9111392091128744e-10,0.5137658516929551,4.898174314946366e-11,0.08644432704493875,3.5494968653329915e-11,0.06264249660032561,5.701398700584478e-11,0.1006198518462302,1.340229985852075e-10,0.23652747281555042,0.6225659792866468,1.3799629921596932,0.6002101787378938,0.3371473246617806
20260523-202208_fp1_fp2_ch1_only_eyes_open_60s,fp1_fp2_ch1_only_eyes_open_60s,0,29.952,33.952,32.92550682981205,436.0,0.1573448889261132,0.7454950587637262,1.0,,1.25,1.25,4.0,8.0,16.25,49.75,2.809088630153749e-10,0.5014990239743464,4.645083063361322e-11,0.08292741629971177,3.185782980151753e-11,0.05687492512661461,5.7182600506347185e-11,0.1020865558829965,1.437382802800903e-10,0.2566120787163307,0.5571245364747159,1.4580663818914799,0.5844264402740582,0.35869863459932716
20260523-202208_fp1_fp2_ch1_only_eyes_open_60s,fp1_fp2_ch1_only_eyes_open_60s,0,30.208,34.208,32.6673690400681,436.0,0.15725251211920493,0.732385895660749,1.0,,1.25,1.25,4.0,8.5,16.25,49.75,2.8495500354927446e-10,0.5148791314270461,4.6042609766909775e-11,0.08319341169709142,2.718293758533532e-11,0.04911627140862918,5.6488989981786e-11,0.10206875378478379,1.387710360526624e-10,0.2507424316824496,0.4812077113451672,1.6938055212895347,0.5980725431241375,0.3528111854672334
20260523-202208_fp1_fp2_ch1_only_eyes_open_60s,fp1_fp2_ch1_only_eyes_open_60s,0,30.464,34.464,27.99214175442815,371.0,0.12854895927580656,0.684345959734965,1.0,,1.25,1.25,4.0,8.0,16.0,49.25,2.6747525147559563e-10,0.602248981834008,4.120869572590782e-11,0.09278576207227081,1.9828622174795232e-11,0.044646252130101184,3.220951425708064e-11,0.07252314769190771,8.340527821132235e-11,0.18779585627171227,0.6156138219450575,2.078243024787141,0.6950347439062788,0.26031900396361995
20260523-202208_fp1_fp2_ch1_only_eyes_open_60s,fp1_fp2_ch1_only_eyes_open_60s,0,30.72,34.72,27.558737271507923,371.0,0.1415885516324039,0.707045104929604,1.0,,1.25,1.25,4.0,8.0,16.0,49.25,2.3237476067525455e-10,0.5684723404459397,3.854981502521712e-11,0.09430672895568427,2.0676724395849262e-11,0.050582713354530774,3.209190027674759e-11,0.07850834405021995,8.507736618249598e-11,0.20812987319362525,0.6442972905169697,1.8644062902417842,0.662779069401624,0.2866382172438452
20260523-202208_fp1_fp2_ch1_only_eyes_open_60s,fp1_fp2_ch1_only_eyes_open_60s,0,30.976,34.976,27.05207940251544,371.0,0.16969487223421834,0.7234654916269878,1.0,,0.75,0.75,7.0,8.0,15.0,49.25,1.9543968394958693e-10,0.5341021173928422,3.2703173342775e-11,0.08937199331711364,1.8054208426851993e-11,0.04933896102247419,3.556480786821529e-11,0.09719233475624718,8.416006827567957e-11,0.2299945935113227,0.5076425126139164,1.8113878254632108,0.6234741107099558,0.3271869282675699
20260523-202208_fp1_fp2_ch1_only_eyes_open_60s,fp1_fp2_ch1_only_eyes_open_60s,0,31.232,35.232,26.80026119275706,371.0,0.20000618311345927,0.7675399890537242,1.0,,0.75,0.75,4.75,8.25,14.75,49.5,1.4334446508527695e-10,0.44163153874352357,2.4633232218116488e-11,0.07589279601581699,1.640076073955078e-11,0.050529284110573766,4.203918021849423e-11,0.12951897261163814,9.816168298247275e-11,0.3024274085184475,0.39013036539508017,1.5019566841623955,0.5175243347593406,0.43194638113008565
20260523-202208_fp1_fp2_ch1_only_eyes_open_60s,fp1_fp2_ch1_only_eyes_open_60s,0,31.488,35.488,26.89674701520613,368.0,0.20033906352116243,0.7843588128434833,1.0,,0.75,0.75,4.5,8.75,14.25,49.5,1.2132326754236225e-10,0.41990341901144934,2.238520234156401e-11,0.07747584769923689,1.2645678899653264e-11,0.043767068866911917,4.066907270228901e-11,0.14075686405127177,9.190814236914732e-11,0.3180968003711301,0.3109409204439893,1.7701858887289788,0.4973792667106862,0.45885366442240183
20260523-202208_fp1_fp2_ch1_only_eyes_open_60s,fp1_fp2_ch1_only_eyes_open_60s,0,31.744,35.744,26.456870563239335,368.0,0.16959250002558948,0.8283765537413522,1.0,,1.25,1.25,4.75,8.5,20.0,49.25,8.88705981566203e-11,0.3728079223695556,1.893844050743388e-11,0.07944585504030281,8.641122016452807e-12,0.03624909489433448,4.191189790033645e-11,0.17581841354609362,8.00196732014683e-11,0.33567871414971356,0.20617348412617315,2.1916645166420343,0.45225377740985845,0.5114971276958071
20260523-202208_fp1_fp2_ch1_only_eyes_open_60s,fp1_fp2_ch1_only_eyes_open_60s,0,32.0,36.0,26.422755344588875,368.0,0.17043679744529439,0.8576879056182926,1.0,,1.0,1.0,6.0,8.5,18.25,49.25,7.475365358582388e-11,0.32255116024642155,1.7894708442050004e-11,0.07721306843722277,1.2240644236527415e-11,0.0528166024169329,3.89756232304725e-11,0.1681741545900887,8.789288000753768e-11,0.37924501430933416,0.3140589738397629,1.4619090381411661,0.3997642286836443,0.5474191688994229
20260523-202208_fp1_fp2_ch1_only_eyes_open_60s,fp1_fp2_ch1_only_eyes_open_60s,0,32.256,36.256,26.23490041909822,368.0,0.16999182407251165,0.8252227101951597,1.0,,1.0,1.0,4.0,8.5,20.0,49.5,8.341220197351156e-11,0.3744214959955764,1.7215437079809936e-11,0.07727681985529043,8.135409481256419e-12,0.03651830447391782,3.675391074780306e-11,0.16498130873286876,7.725925112648142e-11,0.34680207094234655,0.22134813182411364,2.11611193259214,0.45169831585086684,0.5117833796752154
20260523-202208_fp1_fp2_ch1_only_eyes_open_60s,fp1_fp2_ch1_only_eyes_open_60s,0,32.512,36.512,26.08524487138275,368.0,0.1621192134814475,0.8503496445314166,1.0,,1.0,1.0,4.0,8.25,20.0,49.5,7.132339623179608e-11,0.33517042696284854,2.017815699610435e-11,0.09482332380426765,8.944464070158847e-12,0.04203276904546115,3.9171724943826836e-11,0.18407990179862865,7.317966019631236e-11,0.34389357838879403,0.22833980589278152,2.2559380682655026,0.4299937507671162,0.5279734801874227
20260523-202208_fp1_fp2_ch1_only_eyes_open_60s,fp1_fp2_ch1_only_eyes_open_60s,0,32.768,36.768,26.29361139136273,368.0,0.16036695005358953,0.8713145965103347,1.0,,0.75,0.75,4.0,8.25,18.5,49.25,5.511639001788023e-11,0.2904040057931629,1.7787101618482457e-11,0.0937188658361268,9.904264899264461e-12,0.05218480746380414,3.397632676541124e-11,0.17901864384826338,7.300803016290702e-11,0.38467367705864275,0.2915048753694956,1.7959032597970408,0.3841228716292897,0.5636923209069061
20260523-202208_fp1_fp2_ch1_only_eyes_open_60s,fp1_fp2_ch1_only_eyes_open_60s,0,33.024,37.024,26.294505129399184,368.0,0.16031766697171276,0.8582146039646543,1.0,,0.75,0.75,6.5,8.25,18.25,49.0,5.706477854288194e-11,0.2913764213558247,1.968223425388375e-11,0.10049875120209388,8.756419897772645e-12,0.04471084193877388,3.528874578107759e-11,0.18018660060336683,7.505338197622052e-11,0.3832273848999406,0.24813633083179687,2.2477490211370843,0.3918751725579186,0.5634139855033075
20260523-202208_fp1_fp2_ch1_only_eyes_open_60s,fp1_fp2_ch1_only_eyes_open_60s,0,33.28,37.28,26.01639867468209,368.0,0.15261632314055987,0.8397026358272696,1.0,,1.0,1.0,4.0,8.25,20.75,49.5,7.580502851814611e-11,0.3451053257286835,1.8657223081392798e-11,0.08493773004986713,7.819070708764299e-12,0.03559662197340604,4.20876056439887e-11,0.19160545334314075,7.528873267083873e-11,0.34275486890490264,0.18578083949237637,2.3861177083972587,0.4300430557785506,0.5343603222480434
20260523-202208_fp1_fp2_ch1_only_eyes_open_60s,fp1_fp2_ch1_only_eyes_open_60s,0,33.536,37.536,26.356650014749597,390.0,0.13874297272477162,0.821660419653797,1.0,,1.0,1.0,4.0,8.5,21.0,49.5,8.93566785625302e-11,0.37716632474976847,1.9226412578941605e-11,0.08115291981726487,9.224659957572977e-12,0.038936441564683406,4.2203207993657584e-11,0.17813586077373067,7.690488598390675e-11,0.32460845309455255,0.21857722187752374,2.0842407923294446,0.4583192445670333,0.5027443138682832
20260523-202208_fp1_fp2_ch1_only_eyes_open_60s,fp1_fp2_ch1_only_eyes_open_60s,0,33.792,37.792,26.246675980016974,390.0,0.14902467354976065,0.8287361772911298,1.0,,1.0,1.0,4.0,8.5,21.0,49.5,8.619631713525152e-11,0.36035567968535076,2.1908137432640133e-11,0.09159001239915414,1.107732804507248e-11,0.04631030894877041,3.7420536147254296e-11,0.1564417504796066,8.259556820111647e-11,0.3453022484871182,0.2960226973093562,1.9777456570301277,0.4519456920845049,0.5017439989667248
20260523-202208_fp1_fp2_ch1_only_eyes_open_60s,fp1_fp2_ch1_only_eyes_open_60s,0,34.048,38.048,26.084458974646186,390.0,0.15908471494539417,0.8360554340556793,1.0,,1.0,1.0,4.0,8.5,20.75,48.75,8.382331955769608e-11,0.35138255782388667,2.302429385671408e-11,0.09651652201500287,1.2098983643282668e-11,0.05071824692793021,3.5437008407972045e-11,0.14854991095227443,8.41692700009325e-11,0.35283276228090593,0.341422264091594,1.9029940477270684,0.44789907983888955,0.5013826732331803
20260523-202208_fp1_fp2_ch1_only_eyes_open_60s,fp1_fp2_ch1_only_eyes_open_60s,0,34.304,38.304,26.082120312581953,390.0,0.15827835470599294,0.8361819656107776,1.0,,1.25,1.25,4.0,8.5,21.25,49.25,8.570850844619396e-11,0.35309196554593086,2.44277923638277e-11,0.10063478382786888,1.2678179669433086e-11,0.05223009313987633,3.6603630303576904e-11,0.1507953878128712,8.331895720342426e-11,0.3432477696734528,0.34636399625624503,1.9267586515375523,0.45372674937379975,0.494043157486324
20260523-202208_fp1_fp2_ch1_only_eyes_open_60s,fp1_fp2_ch1_only_eyes_open_60s,0,34.56,38.56,26.058069767348464,390.0,0.14819652293030813,0.82065602764518,1.0,,0.75,0.75,4.0,8.5,21.25,48.75,9.090877555035087e-11,0.37819409070869214,2.5012855638008164e-11,0.10405721710336875,1.1293000159290535e-11,0.04698056816583661,3.5615917197543775e-11,0.14816753759730023,7.75454324226697e-11,0.3226005864248021,0.31707733642387703,2.2148990777646067,0.4822513078120609,0.47076812402210233
20260523-202208_fp1_fp2_ch1_only_eyes_open_60s,fp1_fp2_ch1_only_eyes_open_60s,0,34.816,38.816,26.111606614683826,390.0,0.14131183486620227,0.8084443005639016,1.0,,0.75,0.75,4.0,8.5,20.75,48.75,9.92546413707585e-11,0.3955671050680998,2.750846301892269e-11,0.10963157924898735,1.2165372691417034e-11,0.04848358919199205,3.4075156122409595e-11,0.1358023229536968,7.7913695611463e-11,0.31051540353722407,0.35701590471705724,2.2612100522272187,0.5051986843170871,0.44631772649092083
20260523-202208_fp1_fp2_ch1_only_eyes_open_60s,fp1_fp2_ch1_only_eyes_open_60s,0,35.072,39.072,26.162912681886166,390.0,0.15004322380524815,0.8044811187916691,1.0,,0.75,0.75,4.0,8.5,20.75,49.25,1.0849189305992523e-10,0.40647624253815107,2.914516392491823e-11,0.10919540977882718,1.4392084197185412e-11,0.05392145110357115,3.367607612393021e-11,0.1261709469731814,8.120310772300592e-11,0.3042359496062692,0.42736820478198173,2.0250829223621416,0.5156716523169782,0.43040689657945064
20260523-202208_fp1_fp2_ch1_only_eyes_open_60s,fp1_fp2_ch1_only_eyes_open_60s,0,35.328,39.328,24.124924870349336,390.0,0.10232074447194915,0.7704159924207469,1.0,,0.75,0.75,4.0,8.25,21.25,49.5,1.1300138577231141e-10,0.5329388429900006,2.1037177815334483e-11,0.09921585587693223,5.177186484984369e-12,0.0244167251259241,3.250486144064587e-11,0.15329991866323425,4.0313822190839554e-11,0.19012865734390877,0.15927422100961583,4.063438293434006,0.6321546988669329,0.34342857600714305
20260523-202208_fp1_fp2_ch1_only_eyes_open_60s,fp1_fp2_ch1_only_eyes_open_60s,0,35.584,39.584,21.78609648376689,356.0,0.09731759550834573,0.7746498289910022,1.0,,0.75,0.75,4.0,8.0,21.25,49.5,1.0610490614375241e-10,0.5225661117827898,2.0540409088579264e-11,0.10116140810024887,5.6277364216943605e-12,0.02771657265347267,3.237797554368622e-11,0.15946136142224573,3.8394872165651096e-11,0.18909454604124296,0.17381372143236987,3.6498527204291307,0.6237275198830387,0.3485559074634887
20260523-202208_fp1_fp2_ch1_only_eyes_open_60s,fp1_fp2_ch1_only_eyes_open_60s,0,35.84,39.84,22.143283406035337,356.0,0.15093786227735942,0.8114413715506258,1.0,,0.75,0.75,6.25,8.0,21.25,49.5,9.423175903678691e-11,0.4051707609974071,2.4910599638571346e-11,0.10710875734073357,1.5152350258167086e-11,0.06515095704203201,3.2653220599792445e-11,0.14039990736317717,6.562502021462796e-11,0.28216961725665,0.4640384617455896,1.6440089632395203,0.5122795183381407,0.4225695246198272
20260523-202208_fp1_fp2_ch1_only_eyes_open_60s,fp1_fp2_ch1_only_eyes_open_60s,0,36.096,40.096,27.605198785735993,393.0,0.151556062038893,0.8144085563146197,1.0,,0.75,0.75,6.25,10.5,21.0,49.0,1.1959401491998749e-10,0.4013893783269917,2.8355119023233567e-11,0.09516733429125325,1.9245742113565784e-11,0.06459383830849803,4.5289769261447075e-11,0.15200453250597368,8.546547837078975e-11,0.28684491656728334,0.4249467910172977,1.4733190778466703,0.4965567126182449,0.438849449073257
20260523-202208_fp1_fp2_ch1_only_eyes_open_60s,fp1_fp2_ch1_only_eyes_open_60s,0,36.352,40.352,28.24099856591477,393.0,0.1992058020010877,0.8026953034574241,1.0,,1.0,1.0,5.75,10.5,21.0,49.0,1.3172434792504688e-10,0.38335024883830016,2.5178565886575964e-11,0.0732758191636878,1.888624566596596e-11,0.054963619784164836,4.756223450436087e-11,0.13841779989624373,1.2026217696060934e-10,0.34999251231760364,0.3970849112279265,1.3331694573871344,0.45662606800198796,0.48841031221384734
20260523-202208_fp1_fp2_ch1_only_eyes_open_60s,fp1_fp2_ch1_only_eyes_open_60s,0,36.608,40.608,28.256910659164422,393.0,0.2213454483949668,0.7933734189965133,1.0,,1.0,1.0,6.0,10.5,21.0,49.0,1.3326772102878293e-10,0.3784622170758341,2.217851109647278e-11,0.06298395752711351,1.8778559587700345e-11,0.05332855728445136,4.628908200255845e-11,0.13145470235294043,1.3161565207564133e-10,0.37377056575966067,0.40568010371565444,1.1810549681882603,0.4414461746029476,0.505225268112601
20260523-202208_fp1_fp2_ch1_only_eyes_open_60s,fp1_fp2_ch1_only_eyes_open_60s,0,36.864,40.864,28.436367559869527,393.0,0.21632034039892264,0.7907510841428267,1.0,,1.0,1.0,5.75,10.75,21.0,49.0,1.519632310299347e-10,0.3898327757417858,2.216722226354591e-11,0.0568657939615732,2.224378642169568e-11,0.05706220475181218,5.729468419876853e-11,0.14697861861107184,1.36147531977365e-10,0.34926060693375705,0.38823473299070527,0.9965579530077175,0.446698569703359,0.4962392255448289
20260523-202208_fp1_fp2_ch1_only_eyes_open_60s,fp1_fp2_ch1_only_eyes_open_60s,0,37.12,41.12,28.469878819552427,393.0,0.21557888317833948,0.7559478182122259,1.0,,0.75,0.75,5.75,10.75,21.0,49.0,1.6421160014732716e-10,0.4148836134991012,2.051918971809396e-11,0.05184210840573184,1.9398986447847576e-11,0.049011894339269044,5.931415530622482e-11,0.14985829906666304,1.323576734677195e-10,0.33440408468923494,0.3270549221799626,1.0577454535193347,0.466725721904833,0.484262383755898
20260523-202208_fp1_fp2_ch1_only_eyes_open_60s,fp1_fp2_ch1_only_eyes_open_60s,0,37.376,41.376,30.22968739500956,460.0,0.2110569333399573,0.7466264508948001,1.0,,0.75,0.75,5.5,10.5,21.0,49.0,1.8101074861535247e-10,0.43411697436070756,1.8510640190398418e-11,0.044393955466211006,1.8892161495039963e-11,0.04530895568411016,6.785696427110963e-11,0.16274094352968313,1.306925606036644e-10,0.3134391709592882,0.27841153370138866,0.9798053121268463,0.47851092982691856,0.47618011448897135
20260523-202208_fp1_fp2_ch1_only_eyes_open_60s,fp1_fp2_ch1_only_eyes_open_60s,0,37.632,41.632,31.091220625765082,460.0,0.17497568657918952,0.7901244262726956,1.0,,0.25,0.75,4.0,10.75,21.0,49.25,1.6941820361610738e-10,0.4373071681797828,2.5227104972121395e-11,0.06511693313506285,1.864039967493766e-11,0.048115138878803004,8.447146547140558e-11,0.21804019030328464,8.965518980221157e-11,0.23142056950306672,0.22067096351308854,1.3533564414951724,0.5024241013148457,0.44946075980635136
20260523-202208_fp1_fp2_ch1_only_eyes_open_60s,fp1_fp2_ch1_only_eyes_open_60s,0,37.888,41.888,32.93331140350147,460.0,0.19994281775391304,0.736055612214799,1.0,,0.75,0.75,4.0,10.75,17.75,49.25,2.73456865666646e-10,0.4949355656623138,3.102769160447431e-11,0.05615769806334543,2.6564921374353363e-11,0.04808043255793869,6.668571125350279e-11,0.12069592818737489,1.547748429993685e-10,0.2801303755290271,0.39836002158495376,1.1679948593572518,0.5510932637256593,0.400826303716402
20260523-202208_fp1_fp2_ch1_only_eyes_open_60s,fp1_fp2_ch1_only_eyes_open_60s,0,38.144,42.144,34.104193290561795,460.0,0.2600837936541536,0.6625920757220226,0.75,high_50hz_ratio,0.75,0.75,5.75,8.5,17.75,49.0,3.711998284846318e-10,0.5152479277330037,4.3834641811876436e-11,0.06084514760874382,2.041707468596188e-11,0.028340140848818744,6.368951065761817e-11,0.0884049125739977,2.2128848614932346e-10,0.307161871235436,0.3205720137452447,2.146959958079387,0.5760930753417475,0.39556678380943366
20260523-202208_fp1_fp2_ch1_only_eyes_open_60s,fp1_fp2_ch1_only_eyes_open_60s,0,38.4,42.4,34.149304531717775,460.0,0.244440363994464,0.6436832457912056,1.0,,0.75,0.75,5.75,8.75,17.75,49.25,3.956326462761134e-10,0.5481432536789717,4.161157090169163e-11,0.05765222379759813,1.863455054206918e-11,0.02581789764095043,6.045341476929975e-11,0.08375732331381432,2.0543652235348678e-10,0.28462930156866545,0.30824645081145063,2.233033246911416,0.6057954774765698,0.36838662488247975
20260523-202208_fp1_fp2_ch1_only_eyes_open_60s,fp1_fp2_ch1_only_eyes_open_60s,0,38.656,42.656,34.595389866281316,460.0,0.2444292962479734,0.6290891216158355,1.0,,0.75,0.75,5.75,9.0,18.0,49.25,4.2674918928840166e-10,0.5512284680886916,4.6891653401385143e-11,0.06056956854140162,2.0259589011231127e-11,0.026169146878496353,6.263851565696068e-11,0.08090966285492221,2.1763948135796806e-10,0.28112315363648815,0.3234366076326362,2.3145411970297243,0.6117980366300932,0.3620328164914104
20260523-202208_fp1_fp2_ch1_only_eyes_open_60s,fp1_fp2_ch1_only_eyes_open_60s,0,38.912,42.912,34.90697638008769,460.0,0.24436821056964028,0.6181605240289841,1.0,,0.75,0.75,5.75,8.5,21.5,49.25,4.5146362784188723e-10,0.5669078618142769,4.8638145397747576e-11,0.061075456159905304,2.2047182366804182e-11,0.027684890307424104,6.322041622108998e-11,0.07938657462669126,2.1099218575797866e-10,0.2649452170917025,0.34873516633775914,2.2060934857136507,0.6279833179741822,0.34433179171839373
20260523-202208_fp1_fp2_ch1_only_eyes_open_60s,fp1_fp2_ch1_only_eyes_open_60s,0,39.168,43.168,34.88210142752297,460.0,0.23774599070249636,0.6102164001514095,1.0,,1.0,1.0,5.5,8.25,21.5,49.25,4.727027231770224e-10,0.5966121311724215,4.859367514347692e-11,0.06133151908666504,2.3045550944676126e-11,0.029086473567864084,6.199696988685546e-11,0.07824821503424592,1.8597269919890547e-10,0.23472166113880347,0.37172060161543835,2.108592468027014,0.6579436502590865,0.3129698761730494
20260523-202208_fp1_fp2_ch1_only_eyes_open_60s,fp1_fp2_ch1_only_eyes_open_60s,0,39.424,43.424,34.36829934692725,460.0,0.22266907423148596,0.6039928393694247,1.0,,0.75,0.75,5.5,9.0,21.5,49.25,4.848456136555312e-10,0.6185058894637385,4.8729368146293554e-11,0.06216288306929479,2.227973230479603e-11,0.028421718704012555,6.133643493592501e-11,0.07824541499004284,1.667069866339077e-10,0.2126640937729114,0.3632381361595357,2.1871612943843077,0.6806687725330333,0.29090950876295424
20260523-202208_fp1_fp2_ch1_only_eyes_open_60s,fp1_fp2_ch1_only_eyes_open_60s,0,39.68,43.68,34.21460214586749,460.0,0.22515972668404835,0.6068667571558252,1.0,,0.75,0.75,5.5,9.0,21.5,49.25,4.64009375516576e-10,0.5991504020975421,4.8165641965347024e-11,0.062193708303191375,2.0882916104940837e-11,0.026964988729624426,6.098374678334081e-11,0.07874503907593579,1.8040389104582684e-10,0.2329458617937064,0.3424341272295442,2.306461498159789,0.6613441104007335,0.3116909008696422
20260523-202208_fp1_fp2_ch1_only_eyes_open_60s,fp1_fp2_ch1_only_eyes_open_60s,0,39.936,43.936,33.800073964416114,460.0,0.20806636481767074,0.6005809935058826,1.0,,1.0,1.0,5.75,8.5,21.5,49.25,4.707771203799712e-10,0.6082999727431404,4.457257576095629e-11,0.05759306356816484,2.0146261327797398e-11,0.02603136322063437,5.833483956864666e-11,0.07537554350760015,1.8009184224369347e-10,0.23270005696046012,0.34535556241806226,2.212449001614804,0.6658930363113053,0.30807560046806026
20260523-202208_fp1_fp2_ch1_only_eyes_open_60s,fp1_fp2_ch1_only_eyes_open_60s,0,40.192,44.192,29.973605055114742,409.0,0.15059962920130493,0.6223456452529057,1.0,,1.0,1.0,5.75,9.0,21.25,49.5,3.8768529028730437e-10,0.6384902126601022,4.1278128376928037e-11,0.06798215363307751,1.706056443578973e-11,0.02809754119542739,4.619116903065815e-11,0.07607358359030691,1.149755026361565e-10,0.18935650892108583,0.36934688586180264,2.4195054350215157,0.7064723662931797,0.2654300925113927
20260523-202208_fp1_fp2_ch1_only_eyes_open_60s,fp1_fp2_ch1_only_eyes_open_60s,0,40.448,44.448,29.939539074608344,409.0,0.12073742550695155,0.6097639052058638,1.0,,0.0,0.75,4.0,9.25,21.5,49.5,3.665449015115435e-10,0.6889583687416971,2.9387044369481825e-11,0.055235934444720296,1.3020271031810782e-11,0.0244729217448101,4.153310154763284e-11,0.07806568246629732,8.15423310200003e-11,0.15326709260247523,0.31349142121924833,2.2570224765432436,0.7441943031864174,0.23133277506877253
20260523-202208_fp1_fp2_ch1_only_eyes_open_60s,fp1_fp2_ch1_only_eyes_open_60s,0,40.704,44.704,29.857059466732487,409.0,0.13539795007146171,0.6063007462145887,1.0,,0.75,0.75,4.0,9.25,21.0,49.25,3.7353431828842043e-10,0.6794143616116419,2.821713503488616e-11,0.051323602270552014,1.1353383797767126e-11,0.020650450647846225,4.5663515980895754e-11,0.08305648782489675,9.10203169555165e-11,0.16555509764506315,0.24863139760234496,2.485350230160953,0.7307379638821939,0.2486115854699599
20260523-202208_fp1_fp2_ch1_only_eyes_open_60s,fp1_fp2_ch1_only_eyes_open_60s,0,40.96,44.96,34.33000145645205,499.0,0.15648013267944375,0.6290030012238544,1.0,,0.75,0.75,6.0,8.75,21.0,49.75,4.0578281204970457e-10,0.629923568861734,4.2136527222194504e-11,0.06541132551467735,1.8059762142678537e-11,0.0280353664174337,5.0272590299519974e-11,0.07804147577724015,1.2792616113708305e-10,0.19858826342891492,0.3592367537674099,2.3331717709957065,0.6953348943764113,0.2766297392061551
20260523-202208_fp1_fp2_ch1_only_eyes_open_60s,fp1_fp2_ch1_only_eyes_open_60s,0,41.216,45.216,34.40773168925845,499.0,0.19299905686977367,0.6072035976950129,1.0,,0.75,0.75,6.0,9.0,22.0,49.75,4.087829326255995e-10,0.6024338004649782,3.2911609513138524e-11,0.04850267566473671,1.4907252956645785e-11,0.02196919767535936,4.8536310288046995e-11,0.07152919442983725,1.7341434686955934e-10,0.2555651317650885,0.30713609807124104,2.207758170392234,0.650936476129715,0.32709432619492573
20260523-202208_fp1_fp2_ch1_only_eyes_open_60s,fp1_fp2_ch1_only_eyes_open_60s,0,41.472,45.472,33.2920861467106,476.0,0.2196858587121331,0.6472927337770013,1.0,,0.0,0.75,4.0,9.0,21.5,49.25,3.1950682537349907e-10,0.531700940852723,2.8085276051515584e-11,0.046737554614812535,1.374944527825857e-11,0.02288086641688211,5.615995000162633e-11,0.0934574659530366,1.834130415712326e-10,0.3052231721625458,0.24482652277753814,2.0426479383808793,0.5784384954675356,0.3986806381155824
20260523-202208_fp1_fp2_ch1_only_eyes_open_60s,fp1_fp2_ch1_only_eyes_open_60s,0,41.728,45.728,33.080946177520374,476.0,0.26358180697695677,0.6863939602742599,0.75,high_50hz_ratio,0.5,0.5,4.25,10.0,21.5,49.25,2.511703787861566e-10,0.4395369544294956,3.283457831307578e-11,0.057459046808992276,1.6842681320479793e-11,0.029473940708323137,5.981283811216055e-11,0.10466979755597078,2.1078266665541045e-10,0.3688602604972182,0.2815897364525076,1.9494864082686587,0.49699600123848786,0.473530058053189
20260523-202208_fp1_fp2_ch1_only_eyes_open_60s,fp1_fp2_ch1_only_eyes_open_60s,0,41.984,45.984,30.70574864744385,476.0,0.23858264694985662,0.7627040608129654,1.0,,0.75,0.75,4.25,8.0,21.75,49.25,1.631343764686647e-10,0.3870126043203522,2.940606306940827e-11,0.06976161185429992,1.429401977235556e-11,0.033910484951456744,5.0615811789997985e-11,0.12007865886193896,1.6407185672574924e-10,0.38923664001195213,0.2824022625906032,2.057228375063479,0.45677421617465214,0.509315298873891
20260523-202208_fp1_fp2_ch1_only_eyes_open_60s,fp1_fp2_ch1_only_eyes_open_60s,0,42.24,46.24,30.17956262108515,476.0,0.23875727269569422,0.7825099767134106,1.0,,0.0,0.75,4.25,9.75,22.5,49.25,1.4460874421334056e-10,0.3756131603463082,2.5154006111402624e-11,0.065336130137023,1.3162052878597938e-11,0.0341876994041368,4.617835759129642e-11,0.11994571233451483,1.5589065592896724e-10,0.40491729777801716,0.28502644020147405,1.9111005208240819,0.4409492904833312,0.524863010112532
20260523-202208_fp1_fp2_ch1_only_eyes_open_60s,fp1_fp2_ch1_only_eyes_open_60s,0,42.496,46.496,30.295412193927977,476.0,0.2403753169264471,0.7917375019651351,1.0,,0.0,0.75,4.25,10.0,25.25,49.25,1.4383827233586234e-10,0.36499634341692955,2.4265895268534437e-11,0.06157584416804058,1.2848810716657832e-11,0.03260445813674512,4.778596927211239e-11,0.12125913199394109,1.6534245878289125e-10,0.4195642222843436,0.2688824965230186,1.8885713085550349,0.4265721875849701,0.5408233542782847
20260523-202208_fp1_fp2_ch1_only_eyes_open_60s,fp1_fp2_ch1_only_eyes_open_60s,0,42.752,46.752,30.035096137685326,476.0,0.22775164812056023,0.8084671723959865,1.0,,2.0,2.0,4.25,10.0,25.75,49.25,1.2901660964147498e-10,0.361248362261394,2.3101495957441678e-11,0.06468452088149766,1.017793629080751e-11,0.02849836797349115,4.641823370183038e-11,0.12997172186163458,1.4842674737070447e-10,0.41559702702198265,0.21926591080966035,2.269762287498935,0.4259328831428917,0.5455687488836172
20260523-202208_fp1_fp2_ch1_only_eyes_open_60s,fp1_fp2_ch1_only_eyes_open_60s,0,43.008,47.008,30.0051495580342,476.0,0.2021608785240181,0.8238213303174474,1.0,,2.0,2.0,4.0,12.75,23.75,49.25,1.1840724136108924e-10,0.38524740648817757,2.267193104235413e-11,0.07376493644936806,8.411454636012183e-12,0.027367338737625004,5.2053877981153426e-11,0.16936144495366473,1.0580926133037337e-10,0.3442588733711647,0.16159131581046904,2.6953638845400407,0.4590123429375456,0.5136203183248294
20260523-202208_fp1_fp2_ch1_only_eyes_open_60s,fp1_fp2_ch1_only_eyes_open_60s,0,43.264,47.264,30.07563798159567,476.0,0.19159762641724545,0.8258523912602446,1.0,,1.75,1.75,4.0,8.0,24.0,49.25,1.231396958026773e-10,0.40327139344424306,2.3695957088330335e-11,0.0776021214906899,8.350543564989788e-12,0.027347276745482034,5.507387820078554e-11,0.18036198205328374,9.509184914562482e-11,0.3114172262663013,0.15162439686099102,2.8376544477508285,0.48087351493493297,0.49177920831958505
20260523-202208_fp1_fp2_ch1_only_eyes_open_60s,fp1_fp2_ch1_only_eyes_open_60s,0,43.52,47.52,33.228933175773186,476.0,0.16668927114500387,0.8354652470891712,1.0,,1.75,1.75,4.25,10.5,23.75,49.25,1.2319079387935824e-10,0.4061025132564448,2.642589789058511e-11,0.08711384357936978,1.0484225906499714e-11,0.034561596334442286,5.8479428334144e-11,0.19277936339588225,8.47686603561033e-11,0.2794426834338609,0.17928058131133198,2.5205387718899046,0.4932163568358146,0.47222204682974317
20260523-202208_fp1_fp2_ch1_only_eyes_open_60s,fp1_fp2_ch1_only_eyes_open_60s,0,43.776,47.776,34.85944635245947,476.0,0.2004723662600069,0.8009475389438981,1.0,,0.5,0.5,4.5,10.0,19.0,49.25,2.0624328386929666e-10,0.40078705634641965,3.7309615380915026e-11,0.07250277750334111,2.8109572384149655e-11,0.054624580057305354,7.091726849956295e-11,0.13781163077330047,1.720159300691339e-10,0.33427395531963344,0.3963713349213794,1.3272921718991737,0.47328983384976075,0.47208558609293394
20260523-202208_fp1_fp2_ch1_only_eyes_open_60s,fp1_fp2_ch1_only_eyes_open_60s,0,44.032,48.032,34.78575858020061,476.0,0.19787515175293305,0.7574285568741175,1.0,,0.75,0.75,4.5,10.0,25.0,49.25,2.3619218375962494e-10,0.4577791093300212,3.22409330869255e-11,0.06248820514535812,2.6867864988979636e-11,0.052074319769919754,6.13138962711872e-11,0.1188363661226939,1.5933742060193731e-10,0.308821999632007,0.43820188608052063,1.1999812080397803,0.5202673144753793,0.4276583657547009
20260523-202208_fp1_fp2_ch1_only_eyes_open_60s,fp1_fp2_ch1_only_eyes_open_60s,0,44.288,48.288,34.84964849177105,476.0,0.17900791591883483,0.7552167699251863,1.0,,1.0,1.0,4.5,10.0,19.0,49.25,2.5466298380880035e-10,0.478847510435636,3.170898975596489e-11,0.05962299889831169,2.8433414726772152e-11,0.053463874692213094,6.472838563789237e-11,0.12170997863000554,1.5229103095912092e-10,0.2863556373438337,0.4392727309133918,1.1152016055992227,0.5384705093339477,0.4080656159738392
20260523-202208_fp1_fp2_ch1_only_eyes_open_60s,fp1_fp2_ch1_only_eyes_open_60s,0,44.544,48.544,35.2156499301092,476.0,0.16927896714831023,0.7290152555078765,1.0,,0.75,0.75,4.5,10.0,19.0,49.25,2.8870816305265075e-10,0.5227910454582394,3.284439721381987e-11,0.0594744415097373,2.3912893094689065e-11,0.04330132632454789,6.37365168973729e-11,0.11541371033754837,1.4304192443096203e-10,0.25901947636992706,0.37518355659743796,1.3735016120284687,0.5822654869679766,0.37443318670747544
20260523-202208_fp1_fp2_ch1_only_eyes_open_60s,fp1_fp2_ch1_only_eyes_open_60s,0,44.8,48.8,31.831619500113405,456.0,0.15595132029948172,0.7119267766202456,1.0,,0.75,0.75,4.5,10.0,18.75,49.25,2.9784038370328446e-10,0.5568154815283441,3.3554474412243786e-11,0.06273041484494297,2.1337229544171103e-11,0.03989015725602366,5.825640615960953e-11,0.10891091545258463,1.2391111580679875e-10,0.23165303091810452,0.3662640892352999,1.572578780332341,0.6195458963732872,0.34056394637068915
20260523-202208_fp1_fp2_ch1_only_eyes_open_60s,fp1_fp2_ch1_only_eyes_open_60s,0,45.056,49.056,30.516208807779513,456.0,0.12984363523076883,0.6971552751834975,1.0,,1.0,1.0,4.5,10.0,19.25,49.25,2.8338526940729124e-10,0.5970836485464688,2.8415830505149404e-11,0.059871240978681996,2.0794010503834546e-11,0.04381231136505813,4.9723337255717424e-11,0.10476547242079919,9.229724494856394e-11,0.19446732668899191,0.4181941850945162,1.3665392012718924,0.6569548895251508,0.2992327991097911
20260523-202208_fp1_fp2_ch1_only_eyes_open_60s,fp1_fp2_ch1_only_eyes_open_60s,0,45.312,49.312,30.641426207015886,456.0,0.12203068716486236,0.6795797875857844,1.0,,1.0,1.0,5.0,10.0,19.0,49.5,3.055443998374353e-10,0.6193494324495232,2.7648143383525112e-11,0.056043776033794304,1.8177287400773986e-11,0.036846012039923166,5.2228172440842187e-11,0.1058683745351638,8.97331987260632e-11,0.18189240494159545,0.3480360608321694,1.521026915289234,0.6753932084833175,0.28776077947675927
20260523-202208_fp1_fp2_ch1_only_eyes_open_60s,fp1_fp2_ch1_only_eyes_open_60s,0,45.568,49.568,30.274923616749227,427.0,0.12103491551368299,0.7092088720443682,1.0,,1.0,1.0,4.25,10.5,19.0,49.5,2.961342556447554e-10,0.5865267332013789,2.9095228034938264e-11,0.05762632564721913,2.4992407749536583e-11,0.049500235088497185,5.815006622900326e-11,0.11517265473554525,9.65227707173958e-11,0.1911740513273595,0.42979156121874246,1.1641626659791415,0.6441530588485981,0.30634670606290476
20260523-202208_fp1_fp2_ch1_only_eyes_open_60s,fp1_fp2_ch1_only_eyes_open_60s,0,45.824,49.824,34.303206847173925,438.0,0.10559621653645025,0.7243962842619628,1.0,,0.75,0.75,5.0,10.0,19.5,49.25,2.804577401154626e-10,0.5428314477510966,3.328196394353304e-11,0.06441789292044492,2.4263494086080065e-11,0.04696246791700098,6.300467445568156e-11,0.12194678112924914,1.1564926153797877e-10,0.22384141028220836,0.38510625276141014,1.3716888353119292,0.6072493406715416,0.3457881914114575
20260523-202208_fp1_fp2_ch1_only_eyes_open_60s,fp1_fp2_ch1_only_eyes_open_60s,0,46.08,50.08,35.229135669215616,438.0,0.1201456756137757,0.7427345369283036,1.0,,1.0,1.0,4.5,12.0,15.5,48.75,2.8691244781150897e-10,0.49442811065861697,3.380370563000153e-11,0.05825297032383159,3.010798680057657e-11,0.05188424253841843,6.59137754956042e-11,0.11358734601183293,1.6355362033480085e-10,0.28184733046730004,0.4567783680148087,1.1227487860249157,0.5526810809824485,0.395434676479133
20260523-202208_fp1_fp2_ch1_only_eyes_open_60s,fp1_fp2_ch1_only_eyes_open_60s,0,46.336,50.336,35.50484473983797,438.0,0.12026579865451249,0.7437006861574126,1.0,,1.0,1.0,4.5,9.5,19.0,49.0,3.231434763680786e-10,0.4585929479920154,5.114278848507579e-11,0.07257990290723955,2.6510100572206974e-11,0.03762212782264343,9.52198062553092e-11,0.13513233238882247,2.0862500909410435e-10,0.29607268888927935,0.27840952019085674,1.9291812321034183,0.5311728508992549,0.4312050212781018
20260523-202208_fp1_fp2_ch1_only_eyes_open_60s,fp1_fp2_ch1_only_eyes_open_60s,0,46.592,50.592,35.294092990187465,438.0,0.13028190856247887,0.7181148096997371,1.0,,1.0,1.0,4.75,10.5,19.0,48.75,3.608520590755576e-10,0.48061204748147,5.091438410012619e-11,0.06781190732653114,2.803774859579496e-11,0.03734294822625408,9.233261692596254e-11,0.12297606998223422,2.186809474668385e-10,0.2912570269835106,0.303660283107509,1.8159226988632826,0.5484239548080012,0.4142330969657448
20260523-202208_fp1_fp2_ch1_only_eyes_open_60s,fp1_fp2_ch1_only_eyes_open_60s,0,46.848,50.848,34.9841678477565,438.0,0.12149508197330483,0.7209675784030813,1.0,,0.75,0.75,4.5,10.0,15.5,48.75,3.5483474542047984e-10,0.5045367105523085,5.188231558218749e-11,0.07377105308177871,3.1011857499642536e-11,0.04409551424408934,7.468205841037283e-11,0.10618982659940528,1.9087728338466564e-10,0.27140689552241815,0.4152517774648697,1.6729831672541873,0.5783077636340872,0.37759672212182344
20260523-202208_fp1_fp2_ch1_only_eyes_open_60s,fp1_fp2_ch1_only_eyes_open_60s,0,47.104,51.104,35.04013413216337,438.0,0.10990949800872347,0.7241949181300664,1.0,,1.0,1.0,4.5,9.5,15.5,49.0,3.5242006180784274e-10,0.507904322258455,5.43437694184705e-11,0.07831970527974004,2.961094115884613e-11,0.04267499677393237,7.041944112573396e-11,0.10148780502253785,1.8707675069111683e-10,0.2696131706653346,0.4204938392790675,1.835259782083473,0.5862240275381951,0.3711009756878724
20260523-202208_fp1_fp2_ch1_only_eyes_open_60s,fp1_fp2_ch1_only_eyes_open_60s,0,47.36,51.36,34.26663099868442,427.0,0.10232069832456746,0.7196779624034988,1.0,,1.0,1.0,4.75,9.75,15.75,48.75,3.590431826928805e-10,0.5172901559936116,5.737756542403162e-11,0.0826665181221933,2.611931624650261e-11,0.03763130962204375,6.794909644745713e-11,0.09789741288862253,1.8359553910619875e-10,0.2645146033735289,0.3843953431625076,2.196748371302197,0.5999566741158049,0.3624120162621514
20260523-202208_fp1_fp2_ch1_only_eyes_open_60s,fp1_fp2_ch1_only_eyes_open_60s,0,47.616,51.616,31.94343438016645,427.0,0.10967687007915784,0.7262647063549243,1.0,,0.75,0.75,4.75,9.0,15.5,48.75,3.1408076749424703e-10,0.4818845000415739,5.078597094029556e-11,0.0779193594403659,2.2151149518155516e-11,0.03398583012918179,6.64476337281438e-11,0.1019485688776493,1.9831051068199639e-10,0.3042617415112291,0.3333625033027087,2.2927013741959703,0.5598038594819398,0.4062103103888784
20260523-202208_fp1_fp2_ch1_only_eyes_open_60s,fp1_fp2_ch1_only_eyes_open_60s,0,47.872,51.872,30.066709164788886,427.0,0.12600722193186295,0.7535284176782613,1.0,,0.0,0.75,4.75,9.0,15.5,48.5,2.158375927108348e-10,0.41760497673755304,4.806959700516963e-11,0.09300559131986517,1.9338991812376484e-11,0.03741729660946965,4.671971525906198e-11,0.09039382509276049,1.8688041667610467e-10,0.36157831024035175,0.41393642288146015,2.4856309714349356,0.5106105680574182,0.45197213533311226
20260523-202208_fp1_fp2_ch1_only_eyes_open_60s,fp1_fp2_ch1_only_eyes_open_60s,0,48.128,52.128,30.16812887800634,427.0,0.13258857890447165,0.784601332746924,1.0,,0.0,0.75,4.75,9.0,24.5,49.0,2.0307570728696567e-10,0.37937832049443737,5.473173593039797e-11,0.10224774953351679,2.2480034538158352e-11,0.04199634639554376,5.57442421287637e-11,0.10413927514314274,1.9925376248671674e-10,0.37223830843335937,0.40327096897705933,2.4346820213952305,0.48162607002795416,0.4763775835765021
20260523-202208_fp1_fp2_ch1_only_eyes_open_60s,fp1_fp2_ch1_only_eyes_open_60s,0,48.384,52.384,30.18418460054868,427.0,0.13988069764922792,0.792500038817997,1.0,,0.0,0.75,4.75,10.5,15.5,49.0,2.0381723351541826e-10,0.368330726794528,4.924510883862876e-11,0.0889938815121619,2.0844760122939002e-11,0.03766985506335466,6.321828126323522e-11,0.11424566550515391,2.1622848735594983e-10,0.3907598711248015,0.32972677691352126,2.3624694430729414,0.45732460830668986,0.5050055366299554
20260523-202208_fp1_fp2_ch1_only_eyes_open_60s,fp1_fp2_ch1_only_eyes_open_60s,0,48.64,52.64,30.055215853492054,427.0,0.13182093324918723,0.775101597518613,1.0,,0.0,0.75,4.25,10.5,15.5,49.0,1.9595874513074986e-10,0.3942364970818519,4.1235697057391415e-11,0.0829593838835184,1.9700293486607702e-11,0.03963372336591837,5.209523260715857e-11,0.10480696844637868,1.8806889506849574e-10,0.37836342722233274,0.37815923839258614,2.093151408400262,0.47719588096537024,0.48317039566871145
20260523-202208_fp1_fp2_ch1_only_eyes_open_60s,fp1_fp2_ch1_only_eyes_open_60s,0,48.896,52.896,30.03226598177367,427.0,0.14366462325519866,0.7333398131263238,1.0,,0.0,0.75,4.5,8.75,19.0,49.0,2.0294332115741663e-10,0.42331918036141525,2.9677927163998974e-11,0.061905145388573425,1.1075765137504356e-11,0.023102922496508752,3.518119693426011e-11,0.07338440785046875,2.0053148936138966e-10,0.4182883439030338,0.31482058891289644,2.679537422069799,0.4852243257499887,0.49167275175350256
20260523-202208_fp1_fp2_ch1_only_eyes_open_60s,fp1_fp2_ch1_only_eyes_open_60s,0,49.152,53.152,29.867222837083464,427.0,0.14318731992655137,0.7133019519707624,1.0,,0.0,0.75,4.75,8.25,23.75,49.0,2.204405084587973e-10,0.469939029158036,2.9445598592029764e-11,0.06277265513521578,9.383431737767939e-12,0.020003768054461628,3.582339126204461e-11,0.07636894792401698,1.7399028028357868e-10,0.3709155997282698,0.2619358862238656,3.1380415411892866,0.5327116842932518,0.4472845476522868
20260523-202208_fp1_fp2_ch1_only_eyes_open_60s,fp1_fp2_ch1_only_eyes_open_60s,0,49.408,53.408,31.540149016769085,580.0,0.1510337049318719,0.6827606254233103,1.0,,0.0,0.75,4.0,8.5,20.0,49.25,2.650329846473968e-10,0.5295442019359046,3.0958533784060736e-11,0.06185611986220072,7.973306149373428e-12,0.015930915343529348,4.3363621291677024e-11,0.08664187312572474,1.5316421116819e-10,0.30602688973264064,0.18387085561287705,3.8827724916211293,0.5914003217981053,0.3926687628583654
20260523-202208_fp1_fp2_ch1_only_eyes_open_60s,fp1_fp2_ch1_only_eyes_open_60s,0,49.664,53.664,28.264341492417614,463.0,0.12152390347772032,0.7171467990134955,1.0,,0.75,0.75,4.0,8.75,23.5,49.25,2.5849925591100506e-10,0.5690072748710074,3.572703037298174e-11,0.07864216134828182,9.494365324461533e-12,0.020898949673423997,4.8010238680197784e-11,0.10567989830783478,1.0256779327318747e-10,0.22577171579945202,0.19775709485021914,3.762971947259463,0.6476494362192893,0.3314516141072868
20260523-202208_fp1_fp2_ch1_only_eyes_open_60s,fp1_fp2_ch1_only_eyes_open_60s,0,49.92,53.92,27.237565970548836,463.0,0.12165954723058252,0.7447604433154792,1.0,,0.0,1.75,4.0,8.75,23.5,49.25,2.3317931187862275e-10,0.5734794999264216,2.9064550982506963e-11,0.07148114482690583,8.867327636613099e-12,0.021808240953106687,4.372176887353823e-11,0.10752899966763287,9.17714823019437e-11,0.2257021146259331,0.2028126460816612,3.2777125390630375,0.6449606447533274,0.33323111429356594
20260523-202208_fp1_fp2_ch1_only_eyes_open_60s,fp1_fp2_ch1_only_eyes_open_60s,0,50.176,54.176,26.88185261472877,463.0,0.10365110623370472,0.7238844086738578,1.0,,0.0,1.75,4.0,8.25,23.75,49.25,2.4556022730889063e-10,0.623242278203976,2.8065193899266696e-11,0.07123065317093401,6.851805117259372e-12,0.0173901721703439,3.8899466719861675e-11,0.09872849738369899,7.462775096730056e-11,0.18940839907104703,0.17614136375193312,4.096029209670865,0.6944729313749101,0.28813689645474605
20260523-202208_fp1_fp2_ch1_only_eyes_open_60s,fp1_fp2_ch1_only_eyes_open_60s,0,50.432,54.432,30.169620481537383,526.0,0.10293180199459175,0.7187721920532804,1.0,,0.0,2.0,4.0,8.5,20.75,49.5,2.5178951066655517e-10,0.6233349785080466,2.455644358177394e-11,0.060792406291102545,7.209579569307522e-12,0.017848174508896593,4.0839578519965856e-11,0.10110324982017602,7.954421298184901e-11,0.19692119087177817,0.17653413258863254,3.4060853820540578,0.6841273847991491,0.2980244406919542
20260523-202208_fp1_fp2_ch1_only_eyes_open_60s,fp1_fp2_ch1_only_eyes_open_60s,0,50.688,54.688,32.26026968269174,526.0,0.11568794609121542,0.7296753510987709,1.0,,0.0,1.75,4.0,8.25,20.75,49.25,2.6136865143382333e-10,0.5877499468644154,2.7847810271832922e-11,0.06262246416228791,8.352130628549705e-12,0.018781764018772008,4.4719153296291356e-11,0.10056171552911627,1.024058742127674e-10,0.23028410942540858,0.18676853233807456,3.33421632279577,0.6503724110267033,0.33084582495452486
20260523-202208_fp1_fp2_ch1_only_eyes_open_60s,fp1_fp2_ch1_only_eyes_open_60s,0,50.944,54.944,32.457372043959445,526.0,0.12260961056848203,0.7289674045849223,1.0,,1.75,1.75,4.0,8.25,20.75,49.25,2.437259478773079e-10,0.5768847840493149,2.8369864476077718e-11,0.06714977738040914,7.12680014786201e-12,0.01686871094386577,4.044618798688933e-11,0.0957337149599698,1.0281755140786486e-10,0.24336301266644034,0.1762044954686995,3.9807296244428123,0.644034561429724,0.33909672762641013
20260523-202208_fp1_fp2_ch1_only_eyes_open_60s,fp1_fp2_ch1_only_eyes_open_60s,0,51.2,55.2,32.61616163805913,526.0,0.10367867160301643,0.7514984799271653,1.0,,2.0,2.0,4.0,8.0,20.75,49.25,2.0157608285409727e-10,0.5843204876106214,2.6076500424742618e-11,0.07558949071548779,1.0502593150011734e-11,0.03044448658640104,3.927453126659532e-11,0.1138474016135447,6.754550219043886e-11,0.19579813347394498,0.26741485668460774,2.4828630465147064,0.6599099783261092,0.3096455350874897
20260523-202208_fp1_fp2_ch1_only_eyes_open_60s,fp1_fp2_ch1_only_eyes_open_60s,0,51.456,55.456,32.89262835347762,526.0,0.08214114921685974,0.7621546497688494,1.0,,1.75,1.75,4.0,8.75,21.5,49.5,1.9024552278419227e-10,0.5900311316727739,2.8135263057246202e-11,0.08725924720136191,1.2147267863800542e-11,0.037673770712285524,3.601214911997883e-11,0.11168877347685652,5.589282243708439e-11,0.17334707693672216,0.3373102733560957,2.3161803438195907,0.6772903788741358,0.2850358504135787
20260523-202208_fp1_fp2_ch1_only_eyes_open_60s,fp1_fp2_ch1_only_eyes_open_60s,0,51.712,55.712,33.025989765637604,526.0,0.10422995144956446,0.7647349502493542,1.0,,1.75,1.75,4.0,8.75,21.5,49.5,1.9710758236417812e-10,0.5574508305820688,2.9517705420907215e-11,0.08348065156296085,1.2705267517437595e-11,0.03593246817505553,3.96005593325928e-11,0.11199652710813358,7.465627200195494e-11,0.21113952257178129,0.32083555716296835,2.3232651638696358,0.6409314821450296,0.3231360496799149
20260523-202208_fp1_fp2_ch1_only_eyes_open_60s,fp1_fp2_ch1_only_eyes_open_60s,0,51.968,55.968,33.423644325536976,526.0,0.11612481588145386,0.7303391048053008,1.0,,1.75,1.75,4.0,8.5,23.5,49.25,2.7718151447179813e-10,0.576109507507189,4.493198296126203e-11,0.09338913752766807,9.855901731870138e-12,0.020485055446815063,4.104608557661681e-11,0.08531247183530566,1.081109519165726e-10,0.22470382768302213,0.24011794531473815,4.55889112773614,0.6694986450348571,0.31001629951832776
20260523-202208_fp1_fp2_ch1_only_eyes_open_60s,fp1_fp2_ch1_only_eyes_open_60s,0,52.224,56.224,33.78808961749687,526.0,0.13241450500084864,0.7113706571626119,1.0,,0.75,0.75,4.0,10.0,16.0,49.25,3.481618002775769e-10,0.5807749090606246,4.3487138889913e-11,0.07254167204431985,1.0339509434577073e-11,0.01724752010935851,4.483605913676864e-11,0.0747918299682306,1.5265352556792662e-10,0.2546440688174665,0.23060700769970138,4.205918971792282,0.6533165811049444,0.32943589878569707
20260523-202208_fp1_fp2_ch1_only_eyes_open_60s,fp1_fp2_ch1_only_eyes_open_60s,0,52.48,56.48,33.40803795495928,526.0,0.13093421958379725,0.7031873737357205,1.0,,0.75,0.75,4.0,10.0,16.0,49.25,3.3941610751889946e-10,0.5951196448433667,4.0101094373046114e-11,0.07031177517050713,1.0004699559714336e-11,0.01754187004342524,4.133348013938463e-11,0.07247259477607802,1.3947717331601542e-10,0.24455411516662287,0.2420483231989303,4.008225747679635,0.6654314200138738,0.3170267099427009
20260523-202208_fp1_fp2_ch1_only_eyes_open_60s,fp1_fp2_ch1_only_eyes_open_60s,0,52.736,56.736,33.56112334234359,526.0,0.1273427736890308,0.6932827466209922,1.0,,0.0,0.75,4.0,8.25,15.75,49.25,3.39909205559089e-10,0.6087828862741731,3.940038194365371e-11,0.07056672148819636,9.614147988806396e-12,0.017219094587525477,3.588428848189682e-11,0.06426934121413962,1.3353422450757753e-10,0.23916195643596544,0.26792081982220756,4.098166783944554,0.6793496077623694,0.30343129765010507
20260523-202208_fp1_fp2_ch1_only_eyes_open_60s,fp1_fp2_ch1_only_eyes_open_60s,0,52.992,56.992,33.678049230915974,526.0,0.12985093534447098,0.6857437750785971,1.0,,0.0,0.75,4.0,10.0,16.0,49.25,3.280013210362016e-10,0.6071417358686667,3.7732653899377416e-11,0.06984444122062283,9.186011810674843e-12,0.017003624067195876,3.294125564525507e-11,0.06097539812026024,1.3237722526532974e-10,0.24503480072325434,0.27886040257843103,4.1076208780320975,0.6769861770892895,0.3060101988435146
20260523-202208_fp1_fp2_ch1_only_eyes_open_60s,fp1_fp2_ch1_only_eyes_open_60s,0,53.248,57.248,33.777936585883985,526.0,0.11202707172487407,0.6830866439944216,1.0,,0.0,0.75,4.0,8.5,21.5,49.25,3.206144336118461e-10,0.6183276076972493,4.20341033146696e-11,0.08106574071373421,1.0449127383735069e-11,0.02015188107697844,3.886766016423451e-11,0.07495903118084958,1.0655338570548789e-10,0.20549573933118861,0.2688386010267274,4.022738145588995,0.6993933484109834,0.2804547705120382
20260523-202208_fp1_fp2_ch1_only_eyes_open_60s,fp1_fp2_ch1_only_eyes_open_60s,0,53.504,57.504,33.317157741920305,392.0,0.1284448780288409,0.6833378104411115,1.0,,0.0,0.75,4.0,9.5,20.75,49.5,2.8255206521613745e-10,0.5399376483405027,5.313919177520875e-11,0.10154535667567477,1.3311334954299667e-11,0.02543704957880735,4.367783087398547e-11,0.08346534387803513,1.306245663482118e-10,0.24961460152698012,0.3047618136693666,3.9920257402916874,0.6414830050161775,0.33307994540501523
20260523-202208_fp1_fp2_ch1_only_eyes_open_60s,fp1_fp2_ch1_only_eyes_open_60s,0,53.76,57.76,31.56227178135313,392.0,0.17670521431168232,0.689901694358846,1.0,,0.0,0.75,4.5,9.5,18.0,49.25,1.7314771295698292e-10,0.46081207135119034,3.687548706325689e-11,0.09813972870623544,1.1074075474377635e-11,0.02947233648367731,3.3132128369996156e-11,0.08817722418455849,1.2151533834511252e-10,0.3233986392743385,0.33423978534400806,3.329893059567512,0.5589518000574258,0.41157586345889696
