capture,condition,channel,window_start_sec,window_end_sec,rms_uV,ptp_uV,line_50_ratio_1_50,spectral_entropy_0p5_40,quality_score,quality_warnings,peak_freq,peak_delta,peak_theta,peak_alpha,peak_beta,peak_gamma,delta_abs,delta_rel,theta_abs,theta_rel,alpha_abs,alpha_rel,beta_abs,beta_rel,gamma_abs,gamma_rel,alpha_beta_ratio,theta_alpha_ratio,slow_power_rel,fast_power_rel
20260524-114851_diag_atenuacion_mixed_states_ear_eeg,diag_atenuacion_mixed_states_ear_eeg,0,0.0,4.0,2877.3805287100977,60766.0,0.07328593091573726,0.6799812583608636,0.4,high_rms;possible_artifact_window,0.0,0.5,5.75,12.5,25.25,48.75,1.7775260280661792e-08,0.492251281977426,3.593017271757917e-09,0.09950162924556731,2.643374443548931e-09,0.07320311703108749,7.461269059237952e-09,0.20662534340406533,4.637214014948371e-09,0.1284186283418538,0.3542794694256621,1.3592539946531446,0.5917529112229933,0.33504397174591916
20260524-114851_diag_atenuacion_mixed_states_ear_eeg,diag_atenuacion_mixed_states_ear_eeg,0,0.256,4.256,2877.389803102805,60766.0,0.06326725349905607,0.6697145109158028,0.4,high_rms;possible_artifact_window,0.0,0.5,4.25,9.75,24.75,49.0,3.6563584014271124e-08,0.5726938269814894,7.044031836671533e-09,0.1103303644508244,2.4379060094854954e-09,0.03818481584979414,9.29446705041708e-09,0.14557883337637637,8.504917899112277e-09,0.13321215934151565,0.26229648201034794,2.8893779371576884,0.6830241914323139,0.278790992717892
20260524-114851_diag_atenuacion_mixed_states_ear_eeg,diag_atenuacion_mixed_states_ear_eeg,0,0.512,4.512,2877.393333904838,60766.0,0.05486548811286655,0.6290742888043036,0.4,high_rms;possible_artifact_window,0.0,0.5,4.0,13.0,25.0,50.0,5.461074175987121e-08,0.6468980486473631,6.727231983690266e-09,0.07968822804463635,1.11964268300081e-09,0.013262860812261383,1.2428420896670511e-08,0.14722234063724288,9.533357470212632e-09,0.1129285218584963,0.09008728400087855,6.008373998086851,0.7265862766919995,0.26015086249573915
20260524-114851_diag_atenuacion_mixed_states_ear_eeg,diag_atenuacion_mixed_states_ear_eeg,0,0.768,4.768,2877.390373585065,60766.0,0.05212500060724764,0.610288762411354,0.4,high_rms;possible_artifact_window,0.0,0.5,4.0,10.75,24.75,49.5,6.461137928054711e-08,0.6703329920067795,8.734228730252244e-09,0.09061626207048501,2.3342789642961274e-09,0.024217780516971807,1.2209795244284359e-08,0.12667472307552907,8.497307606556773e-09,0.08815824233023456,0.1911808443625497,3.7417244741722384,0.7609492540772645,0.21483296540576363
20260524-114851_diag_atenuacion_mixed_states_ear_eeg,diag_atenuacion_mixed_states_ear_eeg,0,1.024,5.024,2876.936480703041,60766.0,0.03783740388047791,0.6276438195215925,0.4,high_rms;possible_artifact_window,0.0,0.5,4.0,10.75,24.75,49.5,6.947901311168222e-08,0.6746254370355407,9.407907285352816e-09,0.09134864298905586,2.671549561984039e-09,0.02594013947662925,1.366257152999453e-08,0.13266046647260346,7.767979228896152e-09,0.07542531402617078,0.19553782800836383,3.5215170323720253,0.7659740800245965,0.20808578049877424
20260524-114851_diag_atenuacion_mixed_states_ear_eeg,diag_atenuacion_mixed_states_ear_eeg,0,1.28,5.28,2876.9185355167774,60766.0,0.046607776395251634,0.6235379043552955,0.4,high_rms;possible_artifact_window,0.0,0.5,4.0,11.0,24.75,49.5,7.393756811132012e-08,0.6734966295854645,9.393493771345903e-09,0.08556524858253908,1.5635123322935505e-09,0.014242019490411043,1.541420456773009e-08,0.1404078479897644,9.47286653427132e-09,0.08628825435182094,0.10143321541007645,6.007943511111538,0.7590618781680036,0.22669610234158535
20260524-114851_diag_atenuacion_mixed_states_ear_eeg,diag_atenuacion_mixed_states_ear_eeg,0,1.536,5.536,2877.059406060292,60766.0,0.029695195033244824,0.5991043265465815,0.4,high_rms;possible_artifact_window,0.0,0.5,4.0,10.75,25.0,48.75,5.438168787407088e-08,0.6512353012555715,8.410003425417386e-09,0.10071204716916214,1.2067014075862972e-09,0.014450573077369947,1.2253936713622453e-08,0.14674417950656463,7.2531067392037675e-09,0.08685789899133178,0.09847459112832137,6.969415443244973,0.7519473484247337,0.2336020784978964
20260524-114851_diag_atenuacion_mixed_states_ear_eeg,diag_atenuacion_mixed_states_ear_eeg,0,1.792,5.792,2877.4148771075747,60766.0,0.049305233666239734,0.6174054785042007,0.4,high_rms;possible_artifact_window,0.0,0.5,4.25,9.75,25.0,48.75,4.151759018736473e-08,0.6378882545292108,3.8100741785946126e-09,0.05853908081953637,4.309655203797897e-09,0.06621478807336974,7.991340825219352e-09,0.1227812699952554,7.457332163401066e-09,0.11457660658262762,0.539290626949277,0.8840786555817675,0.6964273353487472,0.23735787657788304
20260524-114851_diag_atenuacion_mixed_states_ear_eeg,diag_atenuacion_mixed_states_ear_eeg,0,2.048,6.048,2876.77662045561,60766.0,0.07667466975725955,0.5855816296686471,0.4,high_rms;possible_artifact_window,0.0,0.5,4.25,9.75,24.75,49.0,4.196163230715309e-08,0.6371847027356532,4.0712476762330695e-09,0.06182163556829917,3.1157002106342153e-09,0.04731170841959715,6.280716376511554e-09,0.09537227646533324,1.0425442450975283e-08,0.15830967681111732,0.4960740182897326,1.306687871425328,0.6990063383039524,0.25368195327645054
20260524-114851_diag_atenuacion_mixed_states_ear_eeg,diag_atenuacion_mixed_states_ear_eeg,0,2.304,6.304,1491.7471498213092,34904.0,0.10773334336556298,0.6896139595058575,0.4,high_rms;possible_artifact_window,0.0,0.5,4.0,9.75,24.75,49.0,2.4204706602608888e-08,0.5617371996455026,3.5575606757407523e-09,0.08256304050155992,7.508904988438329e-10,0.017426492003645502,5.172533149582913e-09,0.12004294595362122,9.403331160213459e-09,0.21823032189567074,0.14516881325436862,4.737788906929077,0.6443002401470626,0.33827326784929196
20260524-114851_diag_atenuacion_mixed_states_ear_eeg,diag_atenuacion_mixed_states_ear_eeg,0,2.56,6.56,1417.4620157168233,34686.0,0.22436909962582371,0.624667208691712,0.4,high_rms;possible_artifact_window,0.0,0.5,4.5,10.25,26.0,48.5,4.305331912760984e-09,0.4188212871387896,4.296209950385352e-10,0.04179339056079789,3.3930550501306296e-10,0.03300752908774338,9.804430982573885e-10,0.0953771854758504,4.224938146630324e-09,0.4110006077368187,0.346073633050337,1.266177496949232,0.46061467769958747,0.5063777932126691
20260524-114851_diag_atenuacion_mixed_states_ear_eeg,diag_atenuacion_mixed_states_ear_eeg,0,2.816,6.816,241.51318597542453,1733.0,0.22565649591744866,0.5602207156076545,0.4462170350614387,high_rms;possible_artifact_window,0.0,0.5,5.75,8.0,24.5,49.0,1.0025523544966375e-08,0.447933568991367,9.226733498647805e-10,0.041224417334859244,2.4924198645358703e-10,0.011135962329938114,2.408781253670365e-09,0.10762270708723219,8.775499474810502e-09,0.39208334425660346,0.10347223770269971,3.7019178148646215,0.48915798632622626,0.49970605134383567
20260524-114851_diag_atenuacion_mixed_states_ear_eeg,diag_atenuacion_mixed_states_ear_eeg,0,3.072,7.072,142.68935489376915,1293.0,0.30342681461656346,0.6593323931241932,0.6932766127655772,high_rms;high_50hz_ratio,0.0,0.5,5.0,10.25,16.0,48.5,1.4684452959393193e-09,0.28210991219313647,2.2897490553582048e-10,0.04398944289839677,2.639397446627539e-10,0.05070670211344753,3.3307386520864615e-10,0.06398838222143932,2.9107902253544482e-09,0.5592055605735798,0.7924360696910734,0.867527191967207,0.32609935509153326,0.6231939427950192
20260524-114851_diag_atenuacion_mixed_states_ear_eeg,diag_atenuacion_mixed_states_ear_eeg,0,3.328,7.328,96.3051348579088,1211.0,0.18587585084626687,0.7250203045465266,1.0,,0.25,0.5,7.75,8.25,16.0,49.0,6.891006674413141e-10,0.39205301214594745,1.658882860922325e-10,0.0943795374392482,1.3182416426331205e-10,0.07499928982067784,1.1370338630315727e-10,0.06468975753117152,6.571556629098536e-10,0.37387840306295506,1.159368850386223,1.2584057484398619,0.48643254958519566,0.43856816059412657
20260524-114851_diag_atenuacion_mixed_states_ear_eeg,diag_atenuacion_mixed_states_ear_eeg,0,3.584,7.584,84.74838051550012,1211.0,0.11720949899236474,0.7010144480808508,1.0,,0.25,0.75,4.0,8.0,16.0,49.5,3.302316606174136e-10,0.5988188568687285,5.147950072741762e-11,0.09334930430392399,2.4787607092694258e-11,0.04494810254112762,3.66178811308908e-11,0.0664002890539283,1.0835506316992545e-10,0.1964834472322916,0.6769263083270939,2.076824137759968,0.6921681611726525,0.2628837362862199
20260524-114851_diag_atenuacion_mixed_states_ear_eeg,diag_atenuacion_mixed_states_ear_eeg,0,3.84,7.84,80.55476398078514,1211.0,0.12045228145365466,0.7231840672509027,1.0,,0.25,0.5,4.0,9.75,23.0,49.5,1.3783488825611637e-10,0.6550361184554298,1.540820961622546e-11,0.07322481228849606,1.0991702645981336e-11,0.05223613794398237,1.628796156085122e-11,0.07740567902189151,2.9900578516348814e-11,0.14209725229020034,0.674835988832411,1.40180371617484,0.7282609307439258,0.21950293131209186
20260524-114851_diag_atenuacion_mixed_states_ear_eeg,diag_atenuacion_mixed_states_ear_eeg,0,4.096,8.096,79.37969513672877,1211.0,0.13750185007961044,0.7665676889153392,1.0,,0.5,0.5,4.0,8.25,14.75,49.5,8.408236092336011e-11,0.5579131573208577,1.611062173967026e-11,0.10689908968391383,8.08780812350147e-12,0.05366517443653705,1.5552331243284974e-11,0.10319465500677089,2.6875567700911416e-11,0.17832792355192054,0.5200383143198253,1.991963891039425,0.6648122470047715,0.28152257855869145
20260524-114851_diag_atenuacion_mixed_states_ear_eeg,diag_atenuacion_mixed_states_ear_eeg,0,4.352,8.352,78.97036152886727,1211.0,0.11905990343423446,0.7648932525211097,1.0,,0.5,0.5,4.0,8.0,14.75,49.25,8.441180677809818e-11,0.571494768268872,1.4667437714144827e-11,0.09930321642775491,7.4287345176496e-12,0.050294894443565906,1.647110610163192e-11,0.11151462483713251,2.4724466110461152e-11,0.1673924960226746,0.4510161292029792,1.9744194222174873,0.670797984696627,0.27890712085980707
20260524-114851_diag_atenuacion_mixed_states_ear_eeg,diag_atenuacion_mixed_states_ear_eeg,0,4.608,8.608,79.00260122299771,1211.0,0.14109779415775564,0.7744444477448634,1.0,,0.25,0.5,4.0,9.0,14.75,49.25,8.0144110663446e-11,0.5319033782549375,1.5604549883469748e-11,0.10356484999902756,7.573543162320467e-12,0.05026436952197914,1.5474364724780646e-11,0.10270083235465968,3.187762154082759e-11,0.2115665698693961,0.4894251426161744,2.0604028456726526,0.6354682282539651,0.3142674022240558
20260524-114851_diag_atenuacion_mixed_states_ear_eeg,diag_atenuacion_mixed_states_ear_eeg,0,4.864,8.864,79.01342923832632,1211.0,0.13892361851389537,0.7812409222152553,1.0,,0.25,2.0,4.0,8.0,15.25,49.5,7.667153596285481e-11,0.5304043046495729,1.5226885307040826e-11,0.10533772946941584,6.529131252540462e-12,0.045167731133588906,1.6635030669665226e-11,0.11507910679450505,2.949042154550182e-11,0.20401112795291731,0.39249288938472743,2.3321456895381143,0.6357420341189888,0.3190902347474224
20260524-114851_diag_atenuacion_mixed_states_ear_eeg,diag_atenuacion_mixed_states_ear_eeg,0,5.12,9.12,79.1149922581049,1211.0,0.15005277990628219,0.7768736585233098,1.0,,0.25,0.5,4.0,8.0,18.75,49.25,8.357964790148282e-11,0.5137269294957375,1.645021361642367e-11,0.10111214802765847,1.0342163628310618e-11,0.06356868087524271,1.4897520157577275e-11,0.0915684317870553,3.742320662868202e-11,0.23002380981430604,0.6942204822626349,1.5905969202994321,0.614839077523396,0.32159224160136135
20260524-114851_diag_atenuacion_mixed_states_ear_eeg,diag_atenuacion_mixed_states_ear_eeg,0,5.376,9.376,79.11376618515895,1211.0,0.1529436602160754,0.7635155877954867,1.0,,0.25,0.5,4.0,12.25,18.75,49.25,9.886291049336374e-11,0.536982597719334,1.431142731451443e-11,0.07773377678310665,1.1381184022784721e-11,0.06181790249930947,1.6256130362799458e-11,0.08829660251269005,4.3296568283799126e-11,0.23516912048555988,0.7001164341563987,1.2574638355608228,0.6147163745024407,0.32346572299824994
20260524-114851_diag_atenuacion_mixed_states_ear_eeg,diag_atenuacion_mixed_states_ear_eeg,0,5.632,9.632,60.736718712818195,872.0,0.16675520468135666,0.8315935970323715,1.0,,0.0,0.5,4.0,8.0,15.0,49.5,5.509043813116364e-11,0.42430889467991384,1.6543347420930848e-11,0.12741756458295758,8.489595470874225e-12,0.0653872249472734,1.8030517084764396e-11,0.13887180850747186,3.16817919329441e-11,0.2440145072823834,0.47084592366171507,1.9486614500875954,0.5517264592628714,0.38288631578985527
20260524-114851_diag_atenuacion_mixed_states_ear_eeg,diag_atenuacion_mixed_states_ear_eeg,0,5.888,9.888,57.944637370510826,807.0,0.14583823585087127,0.859028395994356,1.0,,1.0,1.0,6.25,8.0,18.5,49.5,3.474395084419952e-11,0.38672734171791723,1.3406819565999243e-11,0.14922838553682344,6.042534708103626e-12,0.06725813639853499,1.4193193015632091e-11,0.15798133695382763,2.145444946977051e-11,0.23880479939289664,0.42573469560010224,2.2187410107912817,0.5359557272547406,0.39678613634672427
20260524-114851_diag_atenuacion_mixed_states_ear_eeg,diag_atenuacion_mixed_states_ear_eeg,0,6.144,10.144,57.99886205780248,807.0,0.09905431353850729,0.8306570812159986,1.0,,1.5,1.5,4.0,8.0,18.5,49.5,3.780405186794907e-11,0.45005285422660307,1.4988858427977573e-11,0.17844062167391558,4.723227598338319e-12,0.05622947691478096,1.055073415144609e-11,0.1256052667484084,1.5932266084217587e-11,0.18967178043629201,0.44766814617264816,3.173435561998073,0.6284934759005186,0.3152770471847004
20260524-114851_diag_atenuacion_mixed_states_ear_eeg,diag_atenuacion_mixed_states_ear_eeg,0,6.4,10.4,75.13000066551311,1225.0,0.10544884712119713,0.8148803952642967,1.0,,3.75,3.75,4.0,8.25,18.75,49.25,4.7532221586940633e-11,0.43573230826607734,2.3283369526470813e-11,0.2134408199167483,6.083812705052732e-12,0.0557708784594122,1.1515149287182171e-11,0.1055604474483666,2.06712793773454e-11,0.1894955459093956,0.5283312055558663,3.827101631043555,0.6491731281828257,0.2950559933577622
20260524-114851_diag_atenuacion_mixed_states_ear_eeg,diag_atenuacion_mixed_states_ear_eeg,0,6.656,10.656,79.23435492259655,1225.0,0.10640994261523118,0.8080383027719753,1.0,,2.5,2.5,4.25,8.25,20.0,49.75,4.955193641185484e-11,0.40894882504563457,2.9408457546546077e-11,0.24270603796599968,6.6824876509917584e-12,0.05515012472047906,1.1758984056402777e-11,0.09704611084473783,2.376717402107819e-11,0.19614890142314886,0.5682878400836966,4.400824824896088,0.6516548630116342,0.2931950122678867
20260524-114851_diag_atenuacion_mixed_states_ear_eeg,diag_atenuacion_mixed_states_ear_eeg,0,6.912,10.912,79.62352667396742,1225.0,0.10576393252574826,0.8067799922874607,1.0,,2.5,2.5,4.0,8.25,23.25,49.5,5.1834044303884675e-11,0.4178304450104562,2.952854294489134e-11,0.23802742782024547,7.1394343505948985e-12,0.0575504588131943,1.160358896301948e-11,0.09353568306792322,2.3949601121831256e-11,0.19305598528818085,0.6152781155337544,4.135977935343134,0.6558578728307016,0.28659166835610406
20260524-114851_diag_atenuacion_mixed_states_ear_eeg,diag_atenuacion_mixed_states_ear_eeg,0,7.168,11.168,79.43354455140474,1225.0,0.11689427875397355,0.8091375683775662,1.0,,1.75,1.75,4.25,8.0,15.0,49.5,6.315538798402125e-11,0.4247632320517566,3.0944402684538764e-11,0.20812229831477358,8.411828563896008e-12,0.05657530738580463,1.437823235315254e-11,0.09670345857207634,3.1793893189000093e-11,0.2138357036755888,0.5850391311871969,3.6786772875226794,0.6328855303665302,0.31053916224766515
20260524-114851_diag_atenuacion_mixed_states_ear_eeg,diag_atenuacion_mixed_states_ear_eeg,0,7.424,11.424,79.32833667738156,1225.0,0.1180307040438858,0.8059062444174914,1.0,,1.75,1.75,4.25,8.0,23.5,49.25,6.186865505872199e-11,0.42940578242422867,3.096534261979338e-11,0.21491815464658592,7.218871060967196e-12,0.050103319252892665,1.3621290098662265e-11,0.09453996901810609,3.040553824800025e-11,0.21103277465818668,0.529969702478927,4.289499335598965,0.6443239370708146,0.3055727436762928
20260524-114851_diag_atenuacion_mixed_states_ear_eeg,diag_atenuacion_mixed_states_ear_eeg,0,7.68,11.68,79.84838758547352,1225.0,0.11480050719458935,0.7842783817801158,1.0,,0.75,0.75,4.0,8.25,20.0,49.25,8.5758917867323e-11,0.4634471602577093,3.974901534285572e-11,0.2148064451114749,9.758248184681905e-12,0.05273425228239701,1.3904928601724038e-11,0.07514320183033305,3.587461953088722e-11,0.19386894051808568,0.7017834081846348,4.073376141964916,0.6782536053691842,0.26901214234841875
20260524-114851_diag_atenuacion_mixed_states_ear_eeg,diag_atenuacion_mixed_states_ear_eeg,0,7.936,11.936,81.06552904903539,1225.0,0.0961087147021806,0.7880616269571541,1.0,,1.75,1.75,4.0,8.25,14.0,49.5,1.055416861916146e-10,0.4823356347953089,4.7163888127381534e-11,0.21554349508908,1.228728006481646e-11,0.05615404911393073,1.9101247734445187e-11,0.08729453530474364,3.4719683507189194e-11,0.15867228569693675,0.6432710698086422,3.8384319294903317,0.6978791298843889,0.24596682100168038
20260524-114851_diag_atenuacion_mixed_states_ear_eeg,diag_atenuacion_mixed_states_ear_eeg,0,8.192,12.192,81.13023480799251,1225.0,0.09412131011800655,0.7881944182886957,1.0,,1.75,1.75,4.0,8.25,13.25,49.25,1.0513627407787412e-10,0.48316616702516335,4.400330087629577e-11,0.2022223671832516,1.2881553991766311e-11,0.059198703036778474,2.0355621201692667e-11,0.09354666179394118,3.522183446601319e-11,0.16186610096086534,0.632825393247893,3.4159932027162245,0.685388534208415,0.2554127627548065
20260524-114851_diag_atenuacion_mixed_states_ear_eeg,diag_atenuacion_mixed_states_ear_eeg,0,8.448,12.448,80.92025086466305,1225.0,0.11549047344882621,0.7676760764050945,1.0,,2.5,2.5,4.0,8.25,13.25,49.5,1.0818545136671695e-10,0.4909785086167017,4.573357755567355e-11,0.20755289568352125,1.0496685759995559e-11,0.04763715504029685,1.6310214455675725e-11,0.07402071782759019,3.9620683734102484e-11,0.17981072283188995,0.6435651590309324,4.356954052103862,0.698531404300223,0.25383144065948016
20260524-114851_diag_atenuacion_mixed_states_ear_eeg,diag_atenuacion_mixed_states_ear_eeg,0,8.704,12.704,80.78604458692108,1225.0,0.11503769631390287,0.7735091018214035,1.0,,2.5,2.5,4.0,8.0,13.25,49.5,1.0469420623355327e-10,0.48043932905337994,4.561362627829221e-11,0.20931989260176426,1.0839385502247444e-11,0.04974169331236306,1.6963733602554136e-11,0.07784618732454165,3.980252861369657e-11,0.18265289770795107,0.6389740464101262,4.2081376540058155,0.6897592216551443,0.26049908503249275
20260524-114851_diag_atenuacion_mixed_states_ear_eeg,diag_atenuacion_mixed_states_ear_eeg,0,8.96,12.96,80.4269544369299,1225.0,0.10005129652924315,0.755112947481093,1.0,,1.75,1.75,4.0,8.5,13.25,49.5,1.4526094183313067e-10,0.5546370999661615,3.956872002245069e-11,0.15108176943968843,1.5326931180941438e-11,0.05852147558938268,1.9421832635473208e-11,0.0741566782717235,4.232425238901555e-11,0.16160297673304394,0.7891598835501962,2.58164661635939,0.7057188694058499,0.23575965500476742
20260524-114851_diag_atenuacion_mixed_states_ear_eeg,diag_atenuacion_mixed_states_ear_eeg,0,9.216,13.216,80.14815032176351,1225.0,0.10124213107516239,0.7491918125213416,1.0,,1.75,1.75,4.0,8.5,13.25,49.5,1.6288475868699038e-10,0.5681103165860373,3.973395133284551e-11,0.1385842840845243,1.786444988001215e-11,0.062307722090020806,1.9985238225738388e-11,0.06970461881758887,4.624485796491854e-11,0.16129305842182864,0.8938822584063602,2.2241911505655882,0.7066946006705616,0.2309976772394175
20260524-114851_diag_atenuacion_mixed_states_ear_eeg,diag_atenuacion_mixed_states_ear_eeg,0,9.472,13.472,80.21036716036151,1225.0,0.10480927791920054,0.7725969505563799,1.0,,2.5,2.5,4.0,8.5,13.25,49.5,1.6116749279790762e-10,0.536608977092898,3.994133464797647e-11,0.13298512222964876,2.064080337476883e-11,0.0687237866211575,2.7912765123315967e-11,0.09293586492307436,5.068198828724424e-11,0.16874624913322134,0.7394754078852348,1.9350668635698776,0.6695940993225468,0.2616821140562957
20260524-114851_diag_atenuacion_mixed_states_ear_eeg,diag_atenuacion_mixed_states_ear_eeg,0,9.728,13.728,80.82627666792526,1225.0,0.10951552230727038,0.766378447097658,1.0,,0.5,0.5,4.0,8.25,13.25,49.5,1.817407090076229e-10,0.5426746192233691,3.897937125631138e-11,0.11639172956675257,2.3375210470592096e-11,0.06979797487673835,3.2914185581659666e-11,0.09828118986167968,5.7888642316513454e-11,0.17285448647146026,0.7101865064410756,1.6675516699774993,0.6590663487901217,0.27113567633313995
20260524-114851_diag_atenuacion_mixed_states_ear_eeg,diag_atenuacion_mixed_states_ear_eeg,0,9.984,13.984,769.1773982638855,18438.0,0.16136022876540598,0.691066899049755,0.4,high_rms;possible_artifact_window,0.0,0.5,4.0,8.25,14.5,49.25,9.543500252939315e-10,0.47968653105211045,2.958224345556672e-10,0.14868971936758044,1.5878148460007427e-10,0.07980860011991456,1.6164615153280235e-10,0.08124847239650071,4.189284054760247e-10,0.2105666770638939,0.9822781618642695,1.863078905583736,0.6283762504196909,0.2918151494603946
20260524-114851_diag_atenuacion_mixed_states_ear_eeg,diag_atenuacion_mixed_states_ear_eeg,0,10.24,14.24,771.9820192206552,18438.0,0.076037661374847,0.742305260059202,0.4,high_rms;possible_artifact_window,0.0,0.5,6.0,8.25,16.5,49.25,3.460523607188349e-10,0.4066948796298242,2.996831388992441e-10,0.3521998747488455,4.0326979352432215e-11,0.047393914549530666,5.686021825980622e-11,0.06682445272981716,1.0796669934584206e-10,0.1268868783419825,0.7092301188182187,7.431331176089427,0.7588947543786697,0.19371133107179966
20260524-114851_diag_atenuacion_mixed_states_ear_eeg,diag_atenuacion_mixed_states_ear_eeg,0,10.496,14.496,772.2934992604819,18438.0,0.042222890299713524,0.780840975903611,0.4,high_rms;possible_artifact_window,0.25,0.5,6.5,8.0,18.25,49.25,1.9366797536063086e-10,0.2771030531348132,3.3719577736300994e-10,0.48246479180393714,5.427173657105151e-11,0.07765281727535318,5.498309997222209e-11,0.07867064673314389,5.878376193312663e-11,0.08410869105275257,0.9870621445220445,6.213100937383122,0.7595678449387504,0.16277933778589646
20260524-114851_diag_atenuacion_mixed_states_ear_eeg,diag_atenuacion_mixed_states_ear_eeg,0,10.752,14.752,773.4162579103183,18438.0,0.03226538787642365,0.8144735437460021,0.4,high_rms;possible_artifact_window,0.5,0.5,7.5,8.0,13.0,49.5,2.5934584506298493e-10,0.2484213439870486,4.4033447876591355e-10,0.42178614040374773,1.0189929621870719e-10,0.09760696228558376,1.625440711646146e-10,0.1556971795944271,7.985200306832375e-11,0.07648837372919277,0.6269025716447687,4.3212710500062785,0.6702074843907964,0.2321855533236199
20260524-114851_diag_atenuacion_mixed_states_ear_eeg,diag_atenuacion_mixed_states_ear_eeg,0,11.008,15.008,773.4034613317941,18438.0,0.05189439257248098,0.8545721850308551,0.4,high_rms;possible_artifact_window,0.25,0.5,6.25,8.0,14.0,48.75,2.9958121921677103e-10,0.21738697263902662,4.784754024914291e-10,0.34719906508755094,1.6399396041870611e-10,0.11899995159813785,1.9959113540319843e-10,0.14483054980656943,2.3645935071665194e-10,0.17158346086871518,0.8216495190902057,2.9176403891325955,0.5645860377265776,0.31641401067528463
20260524-114851_diag_atenuacion_mixed_states_ear_eeg,diag_atenuacion_mixed_states_ear_eeg,0,11.264,15.264,774.178134540107,18438.0,0.06330958987976903,0.8397189770820674,0.4,high_rms;possible_artifact_window,0.25,0.5,6.75,8.25,14.5,49.0,5.30278900896623e-10,0.23697332037741742,7.492021321819876e-10,0.33480667738582665,1.404805621897947e-10,0.06277855900793569,4.3650473706334356e-10,0.19506711794014508,3.812492892077145e-10,0.1703743252886752,0.3218305559176756,5.33313734301395,0.5717799977632441,0.3654414432288203
20260524-114851_diag_atenuacion_mixed_states_ear_eeg,diag_atenuacion_mixed_states_ear_eeg,0,11.52,15.52,774.1573373675405,18438.0,0.08073552230076703,0.8695236761495382,0.4,high_rms;possible_artifact_window,0.0,0.5,6.75,8.0,24.25,49.0,5.070005333698983e-10,0.19538123827756634,6.934821600277986e-10,0.26724508995886836,1.8719949406946884e-10,0.07214049404074711,6.13707800170028e-10,0.23650268992979412,5.935394837874538e-10,0.2287304877930241,0.3050303320531451,3.704508729977928,0.4626263282364347,0.46523317772281825
20260524-114851_diag_atenuacion_mixed_states_ear_eeg,diag_atenuacion_mixed_states_ear_eeg,0,11.776,15.776,773.9419538957686,18438.0,0.0822318672168912,0.856720902012778,0.4,high_rms;possible_artifact_window,0.0,0.5,6.75,8.5,14.5,49.25,4.413327221140424e-10,0.1704370067127662,8.406427039106291e-10,0.32464537295838786,2.797186423247968e-10,0.1080237329587312,4.879927765819807e-10,0.188456518111051,5.397315602967703e-10,0.20843736925906373,0.5732024237817899,3.005315258660924,0.4950823796711541,0.3968938873701147
20260524-114851_diag_atenuacion_mixed_states_ear_eeg,diag_atenuacion_mixed_states_ear_eeg,0,12.032,16.032,773.8887426497429,18438.0,0.101750432620004,0.8413894923185923,0.4,high_rms;possible_artifact_window,0.0,0.5,6.75,8.0,14.5,49.25,5.14974555496803e-10,0.21770414779489988,7.588570990333959e-10,0.3208048558511762,1.5961699584217403e-10,0.06747766794007806,4.389383541053065e-10,0.18556004232637274,4.930918378545437e-10,0.20845328608747318,0.3636433097023916,4.754237448396398,0.538509003646076,0.39401332841384595
20260524-114851_diag_atenuacion_mixed_states_ear_eeg,diag_atenuacion_mixed_states_ear_eeg,0,12.288,16.288,773.889957293671,18438.0,0.1011576226362797,0.8690640783473724,0.4,high_rms;possible_artifact_window,0.0,0.5,6.75,8.5,14.5,49.0,3.8821880226188295e-10,0.16967231954870407,6.946581916215167e-10,0.30360267452070117,1.6118569804947341e-10,0.07044674577014015,4.744820099571483e-10,0.20737394156209094,5.695056017450721e-10,0.2489043185983637,0.33970876591091514,4.30967635483579,0.4732749940694052,0.45627826016045464
20260524-114851_diag_atenuacion_mixed_states_ear_eeg,diag_atenuacion_mixed_states_ear_eeg,0,12.544,16.544,773.911549209598,18438.0,0.11482154389247251,0.8850966482858396,0.4,high_rms;possible_artifact_window,0.0,0.5,6.75,8.5,14.5,49.0,3.2003246895325243e-10,0.14211090988671357,7.149020309399957e-10,0.3174533459965352,1.8078051272201104e-10,0.0802758646231745,4.662611589889122e-10,0.20704398452279146,5.7001467982569e-10,0.25311589497078524,0.38772372357593277,3.954530387018602,0.4595642558832488,0.46015987949357673
20260524-114851_diag_atenuacion_mixed_states_ear_eeg,diag_atenuacion_mixed_states_ear_eeg,0,12.8,16.8,773.9824978641313,18438.0,0.14365531692380037,0.8963951828979778,0.4,high_rms;possible_artifact_window,0.0,0.5,6.75,9.75,24.0,49.0,4.616310992064329e-10,0.1726457938125959,6.025655376572668e-10,0.2253539801624847,1.6260212516284055e-10,0.06081170229348033,6.436706898904142e-10,0.24072692979538157,8.033929632168058e-10,0.3004615939360575,0.2526169479466648,3.7057666808094774,0.3979997739750806,0.5411885237314391
20260524-114851_diag_atenuacion_mixed_states_ear_eeg,diag_atenuacion_mixed_states_ear_eeg,0,13.056,17.056,774.0604369169116,18438.0,0.13773565255767564,0.901327346682444,0.4,high_rms;possible_artifact_window,0.0,0.5,6.75,10.5,24.0,49.0,4.5782075824154616e-10,0.178151359865473,5.589092576063182e-10,0.21748783228268168,1.8744555749086435e-10,0.07294051299902107,5.965198172129654e-10,0.23212319387039396,7.691461115690824e-10,0.2992971009824303,0.3142319032528366,2.9817151448551034,0.3956391921481547,0.5314202948528243
20260524-114851_diag_atenuacion_mixed_states_ear_eeg,diag_atenuacion_mixed_states_ear_eeg,0,13.312,17.312,774.0831234434711,18438.0,0.12033493932160585,0.883683529007638,0.4,high_rms;possible_artifact_window,0.25,0.5,6.5,10.25,24.0,49.0,3.0889709130611855e-10,0.14568695818211405,6.210975298145687e-10,0.29293189350053644,1.9310181657528824e-10,0.09107374937504643,4.239019795305722e-10,0.19992739233657708,5.732812231787783e-10,0.270380006605726,0.45553412321671305,3.2164251006536215,0.43861885168265047,0.47030739894230306
20260524-114851_diag_atenuacion_mixed_states_ear_eeg,diag_atenuacion_mixed_states_ear_eeg,0,13.568,17.568,774.050951165361,18438.0,0.11837983418179761,0.864594671384863,0.4,high_rms;possible_artifact_window,0.0,0.5,6.75,8.0,14.5,49.0,3.213139981652358e-10,0.17114904937872755,5.783476066885803e-10,0.3080589195006387,1.328170551960378e-10,0.07074547908863334,3.9301749361405404e-10,0.20934217247100656,4.518966763378258e-10,0.24070437956099391,0.3379418406409795,4.354467924581974,0.47920796887936623,0.4500465520320005
20260524-114851_diag_atenuacion_mixed_states_ear_eeg,diag_atenuacion_mixed_states_ear_eeg,0,13.824,17.824,158.68433445050587,1909.0,0.19647005127073838,0.8537638839105112,0.9032891638737353,high_rms,0.25,0.5,6.25,9.25,25.25,49.25,1.2806816582681296e-09,0.16825103673612954,4.805325440914732e-10,0.06313051975631018,1.8831672883530474e-10,0.024740328446761425,1.7314250985270763e-09,0.2274679784608463,3.930775125769441e-09,0.5164101365999525,0.10876400544008852,2.5517252081822757,0.23138155649243972,0.7438781150607988
20260524-114851_diag_atenuacion_mixed_states_ear_eeg,diag_atenuacion_mixed_states_ear_eeg,0,14.08,18.08,128.00641390180417,1005.0,0.1558996442551218,0.9159588998692351,0.9799839652454896,high_rms,0.25,0.5,6.0,8.25,13.75,49.0,2.3447167688782627e-10,0.11913734523802286,2.505984748805125e-10,0.12733152854212268,2.69015177129992e-10,0.13668923452676407,4.908535028345921e-10,0.24940745084735585,7.231399131759766e-10,0.36743444084573457,0.5480559384347407,0.9315402853996587,0.24646887378014554,0.6168418916930904
20260524-114851_diag_atenuacion_mixed_states_ear_eeg,diag_atenuacion_mixed_states_ear_eeg,0,14.336,18.336,126.84209080585198,989.0,0.13922581217695884,0.924818423903036,0.9828947729853701,high_rms,0.25,0.5,6.0,8.5,13.25,49.0,1.658702348132375e-10,0.173670018603755,1.429889708243514e-10,0.14971279959395742,1.2732111338446015e-10,0.1333081860951542,2.3762652607849536e-10,0.2488005352573629,2.812816390648574e-10,0.29450846044977036,0.5358034537878236,1.123057810471547,0.3233828181977124,0.5433089957071333
20260524-114851_diag_atenuacion_mixed_states_ear_eeg,diag_atenuacion_mixed_states_ear_eeg,0,14.592,18.592,805.383912181017,19511.0,0.17251176687304604,0.8895148520546172,0.4,high_rms;possible_artifact_window,0.0,0.5,5.75,12.0,24.5,49.25,8.60727482602387e-10,0.17771032816223548,6.101821285401685e-10,0.12598141513240904,3.283531836820899e-10,0.06779352722517236,1.2087196841053428e-09,0.249558630414665,1.8354472277363052e-09,0.3789560990655181,0.2716537076378688,1.8583103769474763,0.30369174329464454,0.628514729480183
20260524-114851_diag_atenuacion_mixed_states_ear_eeg,diag_atenuacion_mixed_states_ear_eeg,0,14.848,18.848,809.7718660215357,19511.0,0.10084915936694744,0.88983889082059,0.4,high_rms;possible_artifact_window,0.0,0.5,7.0,13.0,26.25,31.75,2.9650228746084387e-10,0.25492593735971414,1.6249842924112028e-10,0.13971246140637067,6.275098464823186e-11,0.053951872407757014,2.3347101189673566e-10,0.2007330771839534,4.078691656404774e-10,0.3506766516422048,0.26877420086732934,2.589575767648118,0.3946383987660848,0.5514097288261581
20260524-114851_diag_atenuacion_mixed_states_ear_eeg,diag_atenuacion_mixed_states_ear_eeg,0,15.104,19.104,811.735615825744,19511.0,0.04918058500370446,0.9078200890618418,0.4,high_rms;possible_artifact_window,0.25,0.5,4.0,12.75,13.0,49.25,1.6495768860698133e-10,0.18965015763207518,1.2246532988691616e-10,0.14079712994071855,2.1065062937058628e-10,0.24218286157373314,2.5694213255880983e-10,0.29540372657741965,1.1478412202130287e-10,0.13196612427605356,0.8198368530407204,0.5813670258324722,0.33044728757279374,0.42736985085347323
20260524-114851_diag_atenuacion_mixed_states_ear_eeg,diag_atenuacion_mixed_states_ear_eeg,0,15.36,19.36,813.7851491640776,19511.0,0.044900503575236374,0.9460165171500295,0.4,high_rms;possible_artifact_window,0.0,0.5,6.0,10.75,19.25,49.25,9.441668887964446e-11,0.09738298799738869,1.6196764340316248e-10,0.16705619801602706,1.676575576543804e-10,0.1729248729061077,3.529548734568774e-10,0.3640436941109597,1.925430999974368e-10,0.19859224696951697,0.47501131238768435,0.9660622859427104,0.26443918601341576,0.5626359410804767
20260524-114851_diag_atenuacion_mixed_states_ear_eeg,diag_atenuacion_mixed_states_ear_eeg,0,15.616,19.616,814.9181173590387,19511.0,0.04127726182183184,0.8983142702691514,0.4,high_rms;possible_artifact_window,0.75,0.75,4.0,12.75,24.5,31.75,6.550800043414829e-10,0.22920486908187968,3.0525057305424464e-10,0.10680362271841728,2.0422724253697107e-10,0.0714567351749581,8.737340783829885e-10,0.3057093846872407,8.197625878979817e-10,0.2868253883375042,0.233740731407584,1.4946613843595593,0.33600849180029696,0.5925347730247449
20260524-114851_diag_atenuacion_mixed_states_ear_eeg,diag_atenuacion_mixed_states_ear_eeg,0,15.872,19.872,816.452151690471,19511.0,0.050092923665085484,0.9050233102475399,0.4,high_rms;possible_artifact_window,0.75,0.75,6.75,12.25,24.75,31.0,1.2373340540782053e-09,0.20998358241215206,9.174882321743582e-10,0.15570368016460265,3.8683522866835655e-10,0.06564843734097331,1.549915922418876e-09,0.2630307448133811,1.8009541586966779e-09,0.3056335552688908,0.24958465364020666,2.371780448571667,0.3656872625767547,0.568664300082272
20260524-114851_diag_atenuacion_mixed_states_ear_eeg,diag_atenuacion_mixed_states_ear_eeg,0,16.128,20.128,816.5587002781858,19511.0,0.07730050236343589,0.9363343964920674,0.4,high_rms;possible_artifact_window,0.75,0.75,6.75,12.25,24.75,31.0,1.107376373154187e-09,0.1723459424823956,9.494111320129095e-10,0.14776110482109786,5.871101099951891e-10,0.09137457480680333,1.7269017354646469e-09,0.26876544812438313,2.0545121896624526e-09,0.31975292976532016,0.3399788754264116,1.6170921192630956,0.3201070473034935,0.5885183778897033
20260524-114851_diag_atenuacion_mixed_states_ear_eeg,diag_atenuacion_mixed_states_ear_eeg,0,16.384,20.384,816.6211398194391,19511.0,0.07802679261810326,0.9181860451738773,0.4,high_rms;possible_artifact_window,55.75,0.75,6.5,12.25,25.0,31.25,1.0794073832142512e-09,0.14028214544221299,1.2123415784924395e-09,0.15755856434230203,5.451230410775113e-10,0.07084538323669977,2.2995636150648625e-09,0.29885631923468114,2.5581101121982145e-09,0.33245758774410406,0.237054994915692,2.223977867631642,0.29784070978451505,0.6313139069787852
20260524-114851_diag_atenuacion_mixed_states_ear_eeg,diag_atenuacion_mixed_states_ear_eeg,0,16.64,20.64,816.6428533943097,19511.0,0.08992721353596088,0.9088297018294698,0.4,high_rms;possible_artifact_window,55.75,1.0,6.5,12.5,24.75,49.75,9.651287204314843e-10,0.10893641589922007,1.2550210253609597e-09,0.14165726238036333,3.733316591260361e-10,0.04213884845196346,3.173741152404993e-09,0.3582278496284833,3.0923375123262415e-09,0.3490396236399699,0.11763141390504812,3.3616785361813277,0.2505936782795834,0.7072674732684532
20260524-114851_diag_atenuacion_mixed_states_ear_eeg,diag_atenuacion_mixed_states_ear_eeg,0,16.896,20.896,816.5798301452222,19511.0,0.08664317602278275,0.9012573404360027,0.4,high_rms;possible_artifact_window,55.75,0.5,6.25,12.75,24.75,49.75,9.251112140918936e-10,0.09268055779295473,1.2805081885573192e-09,0.12828534706547162,3.4143016328455556e-10,0.034205550098767856,4.1921513832547135e-09,0.4199829411147532,3.2425172894798815e-09,0.32484560392805256,0.08144509395542751,3.750424907509167,0.22096590485842635,0.7448285450428058
20260524-114851_diag_atenuacion_mixed_states_ear_eeg,diag_atenuacion_mixed_states_ear_eeg,0,17.152,21.152,816.5473948277589,19511.0,0.08430253433765081,0.9101254660558012,0.4,high_rms;possible_artifact_window,55.75,0.75,6.5,12.25,24.75,31.5,9.980293013019034e-10,0.11549603931023207,1.272499295734434e-09,0.14725883146984767,4.604099824198526e-10,0.05328052929810823,2.853457870122131e-09,0.3302138343110871,3.0568462048222585e-09,0.353750765610725,0.16135159633534263,2.7638395002783165,0.26275487078007975,0.683964599921812
20260524-114851_diag_atenuacion_mixed_states_ear_eeg,diag_atenuacion_mixed_states_ear_eeg,0,17.408,21.408,816.5445695122833,19511.0,0.10151199122612113,0.9087677839833116,0.4,high_rms;possible_artifact_window,0.5,0.5,6.5,12.0,24.25,31.5,1.1964466919373522e-09,0.19711646633993424,9.24296724610671e-10,0.152279332988762,4.408771737087012e-10,0.07263520485871089,1.566870829993568e-09,0.25814442323321174,1.941253609949458e-09,0.31982457257938113,0.2813742940830107,2.096494851015756,0.34939579932869624,0.5779689958125929
20260524-114851_diag_atenuacion_mixed_states_ear_eeg,diag_atenuacion_mixed_states_ear_eeg,0,17.664,21.664,816.5270785466946,19511.0,0.12022624681434138,0.8767968206395808,0.4,high_rms;possible_artifact_window,0.5,0.5,6.75,12.0,24.75,50.0,1.340703921738504e-09,0.2402331952949904,6.208523259493111e-10,0.11124703646404382,5.004870532963389e-10,0.0896794602206023,1.405680229032538e-09,0.2518759343566276,1.713120200143949e-09,0.30696437366373597,0.3560461639563644,1.2404962762976883,0.3514802317590342,0.5588403080203636
20260524-114851_diag_atenuacion_mixed_states_ear_eeg,diag_atenuacion_mixed_states_ear_eeg,0,17.92,21.92,816.14578109551,19511.0,0.1308726633142471,0.8938595372766182,0.4,high_rms;possible_artifact_window,0.75,0.75,6.25,12.25,24.75,49.75,1.2858280190489102e-09,0.21897186996841161,5.978486610194536e-10,0.10181146881398076,5.903834832141618e-10,0.10054017598208204,1.4656900846308349e-09,0.2496017304578314,1.932364828942862e-09,0.3290747547776941,0.40280239963748027,1.0126446250912202,0.3207833387823924,0.5786764852355255
20260524-114851_diag_atenuacion_mixed_states_ear_eeg,diag_atenuacion_mixed_states_ear_eeg,0,18.176,22.176,814.009636306598,19511.0,0.16189017473928444,0.9018872442329368,0.4,high_rms;possible_artifact_window,1.0,1.0,6.25,12.25,24.75,49.75,8.913668044483334e-10,0.1896941373127096,4.841152485754487e-10,0.10302585196145331,5.828776758398854e-10,0.12404374644141594,1.4003813366409929e-09,0.29801887195848553,1.3402275851654485e-09,0.2852173923259355,0.41622782351412774,0.8305606281418703,0.2927199892741629,0.5832362642844211
20260524-114851_diag_atenuacion_mixed_states_ear_eeg,diag_atenuacion_mixed_states_ear_eeg,0,18.432,22.432,214.3542301891894,2933.0,0.13294579349184132,0.9029780333438787,0.5141144245270265,high_rms;possible_artifact_window,0.0,0.5,7.0,8.0,24.75,49.75,9.053013396241715e-10,0.12677286063969678,8.345176801527442e-10,0.1168607500473671,3.240921886861861e-10,0.04538388719029704,1.8320363987348755e-09,0.25654716821703377,3.245181298910272e-09,0.45443533390560525,0.17690270177491563,2.574939197194894,0.24363361068706388,0.710982502122639
20260524-114851_diag_atenuacion_mixed_states_ear_eeg,diag_atenuacion_mixed_states_ear_eeg,0,18.688,22.688,144.9325774282649,1244.0,0.18000687516421218,0.8686184113013645,0.9376685564293378,high_rms,0.0,0.5,6.5,12.25,24.25,49.75,3.402479202573766e-10,0.2536752393381658,2.7938964453548114e-10,0.20830174330685478,1.1723987636196856e-10,0.08740936218978862,1.4275171756622092e-10,0.10642997051136349,4.616445152294625e-10,0.3441836846538272,0.8212852241695956,2.383059870115253,0.46197698264502063,0.4506136551651907
20260524-114851_diag_atenuacion_mixed_states_ear_eeg,diag_atenuacion_mixed_states_ear_eeg,0,18.944,22.944,124.99545591740525,1244.0,0.20368318634740712,0.879261973186019,0.9875113602064869,high_rms,0.0,0.5,4.0,12.0,13.0,49.75,1.0120498808399415e-10,0.23685756295587554,6.237296188448868e-11,0.1459760830566826,7.517476959109785e-11,0.17593710604796683,6.611575146730865e-11,0.15473561196950286,1.2241359174958084e-10,0.2864936359699722,1.137017547600113,0.8297060599421491,0.38283364601255815,0.44122924793947504
20260524-114851_diag_atenuacion_mixed_states_ear_eeg,diag_atenuacion_mixed_states_ear_eeg,0,19.2,23.2,107.53426430677806,1244.0,0.24268457001265695,0.8072467950921084,1.0,,0.25,0.75,4.0,11.75,15.25,49.75,1.1999967292783662e-10,0.3899069960284209,3.7811071807204925e-11,0.12285701340059456,2.8817139950781846e-11,0.09363362581077088,3.521183436095357e-11,0.11441148317617547,8.592514321563208e-11,0.2791908815840382,0.8183936018606629,1.31210355614,0.5127640094290155,0.3936023647602137
20260524-114851_diag_atenuacion_mixed_states_ear_eeg,diag_atenuacion_mixed_states_ear_eeg,0,19.456,23.456,89.40742139218645,1244.0,0.253708889952439,0.740069805141078,0.75,high_50hz_ratio,0.25,0.75,4.0,9.25,16.75,49.75,1.2279933154047114e-10,0.4929682621076451,2.8854101253639217e-11,0.11583252100192967,1.191423965653941e-11,0.04782877841547968,1.7458169131750203e-11,0.07008444743548002,6.807606006021844e-11,0.27328599103946555,0.68244496697375,2.421816421814376,0.6088007831095748,0.3433704384749456
20260524-114851_diag_atenuacion_mixed_states_ear_eeg,diag_atenuacion_mixed_states_ear_eeg,0,19.712,23.712,74.47647950863413,1199.0,0.2469537630217145,0.7068403618577619,1.0,,0.0,0.5,4.0,8.0,14.25,49.75,1.1870633294640417e-10,0.5253833087273586,2.751480054882502e-11,0.12177797588812574,8.81711123003381e-12,0.03902372313652232,1.3647092696703742e-11,0.06040077675333812,5.725700024754875e-11,0.2534142154946552,0.6460798227129692,3.120613977863985,0.6471612846154844,0.3138149922479933
20260524-114851_diag_atenuacion_mixed_states_ear_eeg,diag_atenuacion_mixed_states_ear_eeg,0,19.968,23.968,71.7392570354614,1199.0,0.20754834242858572,0.7369255630405587,1.0,,0.0,0.5,4.0,9.0,14.5,49.5,1.0118045479902531e-10,0.5228745040800613,2.5485422590475366e-11,0.13170209330185742,8.18290953913832e-12,0.04228716678243443,1.493351273667204e-11,0.07717254366834385,4.372580602639965e-11,0.22596369216730303,0.5479561094184927,3.114469550051881,0.6545765973819188,0.30313623583564686
20260524-114851_diag_atenuacion_mixed_states_ear_eeg,diag_atenuacion_mixed_states_ear_eeg,0,20.224,24.224,70.56290810333712,1199.0,0.21902983155744982,0.7847241023371428,1.0,,0.0,0.75,4.25,8.25,17.0,49.5,6.390492667215994e-11,0.45500990282649667,2.290513880283732e-11,0.16308703450006118,7.309704656711694e-12,0.05204587781789504,1.2910498850289777e-11,0.09192413062999605,3.341706254899877e-11,0.23793305422555097,0.566182975690953,3.133524523703713,0.6180969373265579,0.32985718485554705
20260524-114851_diag_atenuacion_mixed_states_ear_eeg,diag_atenuacion_mixed_states_ear_eeg,0,20.48,24.48,73.34397044065722,1242.0,0.19884508404299606,0.761977407577948,1.0,,0.0,0.75,4.0,9.0,14.0,49.5,5.971782814978704e-11,0.5069887364876389,1.6644016842676832e-11,0.14130334827285237,5.407363029423452e-12,0.04590709734354502,7.588417120007614e-12,0.06442367592411424,2.843163495785692e-11,0.2413771419718496,0.7125811541337657,3.0780283757740348,0.6482920847604913,0.3058008178959638
20260524-114851_diag_atenuacion_mixed_states_ear_eeg,diag_atenuacion_mixed_states_ear_eeg,0,20.736,24.736,88.81944606897748,1327.0,0.18940336487803142,0.7644547968215288,1.0,,1.25,1.25,4.0,9.0,14.5,49.5,7.17136792642908e-11,0.4880985961619326,1.9505256464840224e-11,0.13275693557961984,7.965249198645138e-12,0.054213184873845396,9.488045087186053e-12,0.06457765847306973,3.8252345937923605e-11,0.2603536249115325,0.8395037255253449,2.448794253437545,0.6208555317415524,0.32493128338460225
20260524-114851_diag_atenuacion_mixed_states_ear_eeg,diag_atenuacion_mixed_states_ear_eeg,0,20.992,24.992,88.8393437616465,1327.0,0.16866508043090356,0.7535950819672097,1.0,,1.25,1.25,4.0,9.0,14.0,49.5,7.907386641023107e-11,0.5166845079996426,1.802910662926602e-11,0.11780579996035363,8.3918494291928e-12,0.054834027857382624,9.134539665296004e-12,0.05968691486870338,3.841154616877624e-11,0.25098874931391774,0.9186942896613786,2.148406829911415,0.6344903079599963,0.3106756641826211
20260524-114851_diag_atenuacion_mixed_states_ear_eeg,diag_atenuacion_mixed_states_ear_eeg,0,21.248,25.248,88.76610839729317,1327.0,0.16718363442264672,0.7317878480144838,1.0,,0.75,0.75,4.0,9.25,19.25,49.5,8.147928072430372e-11,0.5460706719644156,1.794702867952552e-11,0.12028022245255146,6.238387945100548e-12,0.04180941052587915,7.597654094436735e-12,0.05091915441350646,3.5947787294158026e-11,0.2409205406436472,0.8210939676325237,2.8768696075755607,0.666350894416967,0.2918396950571537
20260524-114851_diag_atenuacion_mixed_states_ear_eeg,diag_atenuacion_mixed_states_ear_eeg,0,21.504,25.504,88.81833707067477,1327.0,0.1832084887371364,0.7488176168597456,1.0,,1.25,1.25,4.0,9.0,14.5,49.5,8.831028387746247e-11,0.49565367170447877,2.1507574826167294e-11,0.12071423580565838,7.671526301673117e-12,0.04305750148281621,1.0510520121267354e-11,0.05899174661083267,5.01694274515112e-11,0.28158284439621395,0.7298902635798471,2.80355876789168,0.6163679075101371,0.3405745910070466
20260524-114851_diag_atenuacion_mixed_states_ear_eeg,diag_atenuacion_mixed_states_ear_eeg,0,21.76,25.76,89.29399755862653,1446.0,0.19463987951788247,0.7558476188581161,1.0,,0.0,1.0,4.0,9.5,14.5,49.75,9.770961143459129e-11,0.4839296387638538,2.3190143953638997e-11,0.11485459640660611,1.0037909289124087e-11,0.04971508682625304,1.365448072250133e-11,0.06762700031789062,5.731656943765657e-11,0.2838736776853964,0.7351366553678262,2.310256377666726,0.59878423517046,0.351500678003287
20260524-114851_diag_atenuacion_mixed_states_ear_eeg,diag_atenuacion_mixed_states_ear_eeg,0,22.016,26.016,91.1552192691126,1446.0,0.16539842599668061,0.7572491356204298,1.0,,1.0,1.0,4.0,9.5,19.25,49.5,8.57588420434599e-11,0.5125089834817886,1.8599815213265327e-11,0.11115556321374898,9.392383807151074e-12,0.056130434632435756,1.1907804902363145e-11,0.07116300594307066,4.167254686291129e-11,0.24904201272895599,0.7887586237902775,1.98030825775071,0.6236645466955376,0.32020501867202666
20260524-114851_diag_atenuacion_mixed_states_ear_eeg,diag_atenuacion_mixed_states_ear_eeg,0,22.272,26.272,90.98801569437592,1446.0,0.18426468640983507,0.7963525376565845,1.0,,1.0,1.0,5.25,9.75,19.25,49.5,7.839328892396157e-11,0.3610392811843729,4.265281701885629e-11,0.1964369987322923,1.4666043303895332e-11,0.0675442733037163,1.2561616952093686e-11,0.057852364879043924,6.885853216716581e-11,0.31712708190057454,1.1675283014780113,2.9082702222437606,0.5574762799166653,0.3749794467796185
20260524-114851_diag_atenuacion_mixed_states_ear_eeg,diag_atenuacion_mixed_states_ear_eeg,0,22.528,26.528,90.74418989665399,1446.0,0.18963410022607632,0.7844323231600848,1.0,,0.5,0.5,5.25,12.25,19.25,49.5,8.313916468462475e-11,0.36211130955636517,4.5824263260430625e-11,0.19958684985151,1.439619485594162e-11,0.06270239774104554,1.2451046144442922e-11,0.05423033346334261,7.378493464529401e-11,0.3213691093877367,1.15622371718274,3.1830816211492134,0.5616981594078752,0.3755994428510793
20260524-114851_diag_atenuacion_mixed_states_ear_eeg,diag_atenuacion_mixed_states_ear_eeg,0,22.784,26.784,90.79571025109061,1446.0,0.18440477787008752,0.7805186112596967,1.0,,1.0,1.0,5.25,12.0,21.75,49.5,9.178298859122279e-11,0.38366365245106504,4.742139329747384e-11,0.19822698341037837,1.5004563494881275e-11,0.06272083446224348,1.2923732569709557e-11,0.054022717249694416,7.209506229487008e-11,0.3013658124266186,1.1610085100374745,3.1604647021988606,0.5818906358614434,0.355388529676313
20260524-114851_diag_atenuacion_mixed_states_ear_eeg,diag_atenuacion_mixed_states_ear_eeg,0,23.04,27.04,90.74593654814524,1446.0,0.18573506040112067,0.7833290794659373,1.0,,0.5,0.5,5.25,9.75,22.0,49.5,8.990046315426035e-11,0.38423565076230765,4.603467882062444e-11,0.1967527658219658,1.482022591486093e-11,0.06334182215579773,1.2930758952332848e-11,0.055266217843335914,7.028607999479761e-11,0.30040354341659303,1.1461218919549347,3.106206280868048,0.5809884165842735,0.35566976125992894
20260524-114851_diag_atenuacion_mixed_states_ear_eeg,diag_atenuacion_mixed_states_ear_eeg,0,23.296,27.296,90.70201210557569,1446.0,0.18106824610191696,0.7735211269161765,1.0,,1.0,1.0,5.25,9.25,21.75,49.5,1.182964504678111e-10,0.4325639944267052,4.2485719377169625e-11,0.15535371016800903,1.6148278315889046e-11,0.05904795743077518,1.5861185949572443e-11,0.057998172587255155,8.068570564039452e-11,0.29503616538725547,1.0181003089699192,2.630975175561963,0.5879177045947142,0.3530343379745106
20260524-114851_diag_atenuacion_mixed_states_ear_eeg,diag_atenuacion_mixed_states_ear_eeg,0,23.552,27.552,90.70296577290073,1446.0,0.19190505943075145,0.7635386801089759,1.0,,1.0,1.0,5.25,12.25,13.0,49.5,1.3123422772145027e-10,0.44560205807563674,4.262154050272236e-11,0.1447202189254999,1.775061946286066e-11,0.06027171952089233,1.6948965817505802e-11,0.05754972754946723,8.595456929113723e-11,0.29185627592850366,1.0472980861479386,2.401129751662962,0.5903222770011367,0.3494060034779709
20260524-114851_diag_atenuacion_mixed_states_ear_eeg,diag_atenuacion_mixed_states_ear_eeg,0,23.808,27.808,89.76122213962998,1446.0,0.20292568922688553,0.7726688897612026,1.0,,1.0,1.0,5.25,12.0,13.0,49.5,1.2394335654408168e-10,0.4367075881941935,4.3988808781610074e-11,0.1549921442035514,1.7533929783233795e-11,0.06177983556931516,1.7750752666088915e-11,0.06254379905132151,8.059630293434993e-11,0.28397663298161846,0.987785144273384,2.5087820771172944,0.5916997323977449,0.34652043203294
20260524-114851_diag_atenuacion_mixed_states_ear_eeg,diag_atenuacion_mixed_states_ear_eeg,0,24.064,28.064,89.48624475303453,1446.0,0.18993435666196332,0.783315170560691,1.0,,1.25,1.25,5.25,9.75,13.0,49.25,1.1658873640667247e-10,0.4147088093808535,5.1037804691328596e-11,0.18154264184770844,1.8730151069830832e-11,0.06662357693455988,1.8043688521959448e-11,0.06418181390764713,7.673359517326198e-11,0.27294315792923096,1.0380444689585475,2.7249008564344464,0.5962514512285619,0.33712497183687806
20260524-114851_diag_atenuacion_mixed_states_ear_eeg,diag_atenuacion_mixed_states_ear_eeg,0,24.32,28.32,89.50439095374037,1446.0,0.18621163145093778,0.7951169507993515,1.0,,1.25,1.25,5.25,9.75,13.0,49.25,1.0664211757848165e-10,0.37846468534681393,5.720936242780783e-11,0.2030316336713576,1.9627311582225844e-11,0.06965582146007442,1.9634273503206306e-11,0.06968052878297,7.866254491204385e-11,0.27916733073878414,0.9996454199856528,2.914783422484394,0.5814963190181716,0.3488478595217541
20260524-114851_diag_atenuacion_mixed_states_ear_eeg,diag_atenuacion_mixed_states_ear_eeg,0,24.576,28.576,71.9538602161135,1381.0,0.1925999954283086,0.8064196974254739,1.0,,0.75,0.75,4.75,9.75,14.75,49.5,8.955588572092024e-11,0.3485932782905116,5.5853733620695435e-11,0.2174087828049357,1.9453273010703782e-11,0.07572121204198483,2.0300460939469897e-11,0.07901886261000038,7.174316584736029e-11,0.27925786425256754,0.9582675520870101,2.8711740995956316,0.5660020610954473,0.35827672686256795
20260524-114851_diag_atenuacion_mixed_states_ear_eeg,diag_atenuacion_mixed_states_ear_eeg,0,24.832,28.832,70.71085489512907,1381.0,0.1964321872318242,0.8154428559972048,1.0,,0.25,0.75,5.75,8.0,22.0,49.5,5.052571061244886e-11,0.2728047855781734,5.1691371472231965e-11,0.2790985686255641,1.3950888071194653e-11,0.07532539340376224,1.4640594528459076e-11,0.07904934344632815,5.439973547567307e-11,0.2937219089461721,0.9528908162900258,3.705238778236824,0.5519033542037375,0.37277125239250025
20260524-114851_diag_atenuacion_mixed_states_ear_eeg,diag_atenuacion_mixed_states_ear_eeg,0,25.088,29.088,70.63022724018379,1381.0,0.1880560814110666,0.8150024703826728,1.0,,0.25,0.75,5.75,8.25,22.0,49.5,4.963748129345351e-11,0.27076326233919473,5.290369597707562e-11,0.28857985818960386,1.3789197436876278e-11,0.07521751679894954,1.4336861727945562e-11,0.07820492402132524,5.265704790301277e-11,0.2872344386509266,0.9618002669299816,3.836604430334425,0.5593431205287986,0.36543936267225186
20260524-114851_diag_atenuacion_mixed_states_ear_eeg,diag_atenuacion_mixed_states_ear_eeg,0,25.344,29.344,83.38111296930498,1394.0,0.18653549700773353,0.8085248820075662,1.0,,0.75,0.75,5.25,8.25,22.0,49.5,5.6421242602207717e-11,0.28624675730197613,5.605049531476059e-11,0.2843658131058607,1.25234299016367e-11,0.06353619726024681,1.4973136865203706e-11,0.07596450692377216,5.713870583399466e-11,0.2898867254081442,0.8363932029994384,4.475650501100764,0.5706125704078369,0.36585123233191635
20260524-114851_diag_atenuacion_mixed_states_ear_eeg,diag_atenuacion_mixed_states_ear_eeg,0,25.6,29.6,89.9526820055967,1394.0,0.18702152695920815,0.7925098723722012,1.0,,1.25,1.25,5.25,8.0,21.75,49.5,6.926089123558108e-11,0.2972497122771412,6.528611793638314e-11,0.28019102015701314,1.0060668941446064e-11,0.04317777168053681,2.07002483379389e-11,0.08884007630783534,6.769782048443117e-11,0.29054141957747354,0.48601682343139435,6.489242247841949,0.5774407324341544,0.3793814958853089
20260524-114851_diag_atenuacion_mixed_states_ear_eeg,diag_atenuacion_mixed_states_ear_eeg,0,25.856,29.856,79.60414562068988,1257.0,0.18671499262353058,0.7857999729481824,1.0,,1.25,1.25,5.25,8.25,22.0,49.5,8.003827818287864e-11,0.35003428032734385,5.212940386418239e-11,0.22797939660570882,9.660459321039751e-12,0.04224843415978283,1.8841540391804227e-11,0.08240038617815469,6.798871737754153e-11,0.2973375027290099,0.5127213125972385,5.396162038656741,0.5780136769330526,0.3797378889071646
20260524-114851_diag_atenuacion_mixed_states_ear_eeg,diag_atenuacion_mixed_states_ear_eeg,0,26.112,30.112,79.17398562659329,1257.0,0.16425825468565797,0.7862351356648067,1.0,,1.0,1.0,5.75,8.0,21.75,49.25,8.016748778947867e-11,0.35868592369179264,4.6753255167125366e-11,0.2091837349232656,9.736345712736052e-12,0.04356242476409109,1.835797448173673e-11,0.08213737533329929,6.848823735302669e-11,0.3064305412875514,0.5303605646920454,4.801930472329853,0.5678696586150582,0.38856791662085066
20260524-114851_diag_atenuacion_mixed_states_ear_eeg,diag_atenuacion_mixed_states_ear_eeg,0,26.368,30.368,79.62054383135046,1257.0,0.16463244735120347,0.7772270235274882,1.0,,1.0,1.0,6.0,8.75,13.5,49.0,9.042333663319742e-11,0.3910622444455273,4.230176160622225e-11,0.18294637704903668,1.0657730592437818e-11,0.046092482332092365,1.8903985861423315e-11,0.08175583223524438,6.893810644786726e-11,0.29814306393809925,0.5637821923146201,3.9691153045506162,0.574008621494564,0.3798988961733436
20260524-114851_diag_atenuacion_mixed_states_ear_eeg,diag_atenuacion_mixed_states_ear_eeg,0,26.624,30.624,79.83598186281671,1257.0,0.17839882475498975,0.7691035944887048,1.0,,0.5,0.5,5.25,8.25,17.25,49.25,9.504538785076218e-11,0.3962686343974093,4.2293726420524124e-11,0.17633340860846755,9.705474464161156e-12,0.040464615896259166,1.9192204592214486e-11,0.08001723047071067,7.361410477658518e-11,0.30691611062715324,0.5056987808528407,4.357718582095056,0.5726020430058768,0.3869333410978639
20260524-114851_diag_atenuacion_mixed_states_ear_eeg,diag_atenuacion_mixed_states_ear_eeg,0,26.88,30.88,79.83766028635858,1257.0,0.18015386670795758,0.773290317189502,1.0,,0.75,0.75,5.25,8.25,19.75,49.25,8.825992532813381e-11,0.3762405704279842,4.4309362423426524e-11,0.18888504303069273,8.499177823243741e-12,0.03623088848645088,1.9016399763710396e-11,0.08106443629977025,7.449888842237228e-11,0.3175790617551019,0.44693937490013197,5.213370439461602,0.565125613458677,0.3986434980548722
20260524-114851_diag_atenuacion_mixed_states_ear_eeg,diag_atenuacion_mixed_states_ear_eeg,0,27.136,31.136,79.76001504513398,1257.0,0.1681886253375881,0.7543455344880217,1.0,,0.75,0.75,5.5,8.0,19.5,49.0,1.0043254232683995e-10,0.4058911599103617,4.592158616332086e-11,0.18558890814588813,6.0564227580142316e-12,0.024476612870736394,1.8886970993035984e-11,0.07633038441473394,7.61396043742585e-11,0.3077129346582799,0.3206667051189606,7.582295357858661,0.5914800680562498,0.38404331907301387
20260524-114851_diag_atenuacion_mixed_states_ear_eeg,diag_atenuacion_mixed_states_ear_eeg,0,27.392,31.392,79.64383215290435,1257.0,0.17599717991887598,0.7424589590382301,1.0,,0.0,0.5,5.25,8.0,19.5,49.25,1.061906655976283e-10,0.421987538889236,4.2176280464272614e-11,0.16760291210584585,5.128876259750504e-12,0.02038147004672211,1.885348788327915e-11,0.07492124572878364,7.929476885281949e-11,0.3151068332294123,0.27203858996823715,8.223298502101958,0.5895904509950819,0.3900280789581959
20260524-114851_diag_atenuacion_mixed_states_ear_eeg,diag_atenuacion_mixed_states_ear_eeg,0,27.648,31.648,79.60300245593756,1257.0,0.1684215339930444,0.7949575424821161,1.0,,0.0,0.75,5.25,8.0,19.75,49.5,9.795535167466733e-11,0.3958970228220823,4.1324289320779995e-11,0.16701653184474397,1.1303226278210338e-11,0.045683197041546386,3.101494190555103e-11,0.12535020244925474,6.582853158084508e-11,0.26605304584237255,0.36444454136434457,3.655972932298313,0.5629135546668262,0.3914032482916273
20260524-114851_diag_atenuacion_mixed_states_ear_eeg,diag_atenuacion_mixed_states_ear_eeg,0,27.904,31.904,81.28895989001212,1257.0,0.17071331437875892,0.8008398729169387,1.0,,0.0,0.75,5.25,8.75,17.25,49.25,8.536309687335901e-11,0.40301559012465854,3.102823240685682e-11,0.14649024990888188,1.3002801215174629e-11,0.06138872413194614,3.04275097209382e-11,0.14365412262865995,5.19892647835374e-11,0.24545131320585348,0.4273370162207839,2.3862729186881677,0.5495058400335404,0.3891054358345134
20260524-114851_diag_atenuacion_mixed_states_ear_eeg,diag_atenuacion_mixed_states_ear_eeg,0,28.16,32.16,81.21796599275311,1257.0,0.17307211469373826,0.8074185668560386,1.0,,0.0,0.75,5.25,11.25,17.25,49.25,8.748518213279809e-11,0.40304375901746486,2.9513976250879806e-11,0.1359707283188841,1.2749855985913856e-11,0.05873851729191903,3.0783851565978866e-11,0.14182103699977708,5.652838405393028e-11,0.260425958371955,0.41417351427215526,2.314847813456645,0.5390144873363489,0.40224699537173203
20260524-114851_diag_atenuacion_mixed_states_ear_eeg,diag_atenuacion_mixed_states_ear_eeg,0,28.416,32.416,81.06547353836898,1257.0,0.1985216936629502,0.7496925232544533,1.0,,0.75,0.75,5.5,10.75,13.25,49.25,9.699179456271489e-11,0.4569539188769288,2.1176497328392004e-11,0.09976806271007385,7.3274646706616e-12,0.03452161816148317,2.0232684048477627e-11,0.09532150948472759,6.652883644975791e-11,0.31343489076678654,0.36215979318932445,2.8900169813415104,0.5567219815870027,0.40875640025151416
20260524-114851_diag_atenuacion_mixed_states_ear_eeg,diag_atenuacion_mixed_states_ear_eeg,0,28.672,32.672,80.90757072116304,1257.0,0.1968938309539691,0.7521700252441398,1.0,,0.75,0.75,5.25,10.75,17.25,49.25,9.443059199672817e-11,0.4499738582663653,2.155338307803833e-11,0.102704629265206,7.188743934560576e-12,0.034255285029190875,2.010474376597667e-11,0.09580167751301003,6.658048844111847e-11,0.3172645499262278,0.3575645637785304,2.998212660548162,0.5526784875315713,0.4130662274392378
20260524-114851_diag_atenuacion_mixed_states_ear_eeg,diag_atenuacion_mixed_states_ear_eeg,0,28.928,32.928,80.78527093474403,1257.0,0.19506735875369718,0.7593719998609112,1.0,,0.75,0.75,5.25,10.75,19.5,49.25,9.353541150241525e-11,0.4295214043237932,2.3644039123884592e-11,0.1085751452337961,7.969765296313036e-12,0.0365977411893357,2.1212598965116118e-11,0.09740979539731696,7.140477499775179e-11,0.327895913855758,0.37570904486617723,2.9667171171054147,0.5380965495575893,0.425305709253075
20260524-114851_diag_atenuacion_mixed_states_ear_eeg,diag_atenuacion_mixed_states_ear_eeg,0,29.184,33.184,80.88833043152763,1257.0,0.21247286081906866,0.7748843306581602,1.0,,0.0,0.75,5.75,10.75,19.5,49.25,8.487159013551792e-11,0.41018827977850736,2.2121897241482012e-11,0.10691614190839786,9.280651665631221e-12,0.044853814284265374,2.2065042839117587e-11,0.10664136197949044,6.856968002270816e-11,0.3314004020493389,0.4206042894772085,2.383657747160732,0.5171044216869052,0.43804176402882933
20260524-114851_diag_atenuacion_mixed_states_ear_eeg,diag_atenuacion_mixed_states_ear_eeg,0,29.44,33.44,60.55991248342421,858.0,0.22383457195118417,0.8018582257347368,1.0,,0.25,0.5,6.0,10.75,20.75,49.25,7.040964007373744e-11,0.41295657298568045,1.769936620566501e-11,0.1038077968394025,9.894669188948894e-12,0.058032801684771394,1.9214837944796446e-11,0.11269612541476468,5.328280483606904e-11,0.312506703075381,0.5149493957417665,1.7887779639397126,0.516764369825083,0.4252028284901457
20260524-114851_diag_atenuacion_mixed_states_ear_eeg,diag_atenuacion_mixed_states_ear_eeg,0,29.696,33.696,58.160880323461406,858.0,0.20904180889770066,0.8330234217128502,1.0,,0.75,0.75,6.0,10.75,19.5,49.5,4.445600524396132e-11,0.4043727360868432,1.6785348602616616e-11,0.15267987538159508,7.473810575786479e-12,0.06798193438525574,1.4630680104375288e-11,0.13308096650049792,2.6592341895437718e-11,0.24188448764580806,0.5108313846293068,2.245888952149456,0.5570526114684383,0.374965454146306
20260524-114851_diag_atenuacion_mixed_states_ear_eeg,diag_atenuacion_mixed_states_ear_eeg,0,29.952,33.952,826.4550362844914,19818.0,0.2941848272959462,0.5212875704503666,0.15000000000000002,high_rms;possible_artifact_window;high_50hz_ratio,0.0,0.5,5.5,11.0,17.75,49.25,1.0131252165864115e-09,0.36921528428440736,1.8864250537366664e-10,0.06874737210108778,1.273516709325967e-10,0.046411028585292884,3.5932772157853153e-10,0.13095053276918436,1.0555487592369873e-09,0.3846757822600276,0.35441649303632655,1.481272322477098,0.43796265638549514,0.515626315029212
20260524-114851_diag_atenuacion_mixed_states_ear_eeg,diag_atenuacion_mixed_states_ear_eeg,0,30.208,34.208,830.2706540640829,19818.0,0.1171350297140836,0.7185315574290544,0.4,high_rms;possible_artifact_window,0.0,0.5,5.5,9.25,19.25,50.0,1.6475213531589448e-10,0.5106431800235498,3.430993019713781e-11,0.1063423659344961,4.476171562238537e-11,0.1387372902020258,3.2994244440821e-11,0.10226444635409668,4.581848806190774e-11,0.1420127174858316,1.3566522398374872,0.7665016793945088,0.6169855459580459,0.24427716383992829
20260524-114851_diag_atenuacion_mixed_states_ear_eeg,diag_atenuacion_mixed_states_ear_eeg,0,30.464,34.464,830.9787993685519,19818.0,0.0859038961352281,0.7817777106941693,0.4,high_rms;possible_artifact_window,0.0,0.5,8.0,8.5,19.25,49.25,1.3908830564687383e-10,0.47570561122730415,2.9267372801260256e-11,0.10009938220678738,5.6348811084197865e-11,0.19272249736649746,3.381710670465746e-11,0.115660244332264,3.386155494769134e-11,0.11581226486714703,1.6662812574807657,0.5193964564314975,0.5758049934340915,0.23147250919941104
20260524-114851_diag_atenuacion_mixed_states_ear_eeg,diag_atenuacion_mixed_states_ear_eeg,0,30.72,34.72,831.1439111249026,19818.0,0.08452118507033272,0.7214069586329084,0.4,high_rms;possible_artifact_window,0.0,0.5,4.0,12.25,14.0,49.5,2.6097687882508426e-10,0.6184598249142172,3.23463613929573e-11,0.07665401277600672,3.185307445615601e-11,0.0754850274086437,5.183834559038414e-11,0.12284587922886205,4.496404928422808e-11,0.10655525567227021,0.6144693487684271,1.0154863210293963,0.695113837690224,0.22940113490113226
20260524-114851_diag_atenuacion_mixed_states_ear_eeg,diag_atenuacion_mixed_states_ear_eeg,0,30.976,34.976,831.1975270656187,19818.0,0.09176360424928712,0.6772700113666403,0.4,high_rms;possible_artifact_window,0.0,0.5,4.0,12.25,14.0,49.5,2.9198585933042356e-10,0.6601332644695809,2.751704337617071e-11,0.06221162803609074,2.6434388108727223e-11,0.05976391787083964,4.838545002901743e-11,0.10939175326411762,4.799076620947561e-11,0.10849943635937113,0.5463292806592509,1.0409563203426695,0.7223448925056716,0.21789118962348875
20260524-114851_diag_atenuacion_mixed_states_ear_eeg,diag_atenuacion_mixed_states_ear_eeg,0,31.232,35.232,831.2293022987099,19818.0,0.09282694198723536,0.6630642216813376,0.4,high_rms;possible_artifact_window,0.0,0.5,4.0,12.25,14.25,49.25,3.1266899539084215e-10,0.664345197619381,2.8932579703593376e-11,0.06147466062887158,2.7985119183457272e-11,0.05946153858682335,5.0943559331402054e-11,0.10824261276417632,5.011211200313424e-11,0.10647599040074782,0.5493357659092147,1.033855868682388,0.7258198582482527,0.21471860316492414
20260524-114851_diag_atenuacion_mixed_states_ear_eeg,diag_atenuacion_mixed_states_ear_eeg,0,31.488,35.488,831.2579334959757,19818.0,0.08627458834797197,0.6655980631773514,0.4,high_rms;possible_artifact_window,0.0,0.5,4.0,12.75,13.25,49.75,3.5395067455438256e-10,0.6762780128441088,3.064571913613852e-11,0.05855342998190035,2.8793287179070853e-11,0.0550140695768613,5.834738586046537e-11,0.11148178828601528,5.164335941426116e-11,0.0986726993111142,0.4934803291432533,1.064335549655968,0.7348314428260092,0.21015448759712949
20260524-114851_diag_atenuacion_mixed_states_ear_eeg,diag_atenuacion_mixed_states_ear_eeg,0,31.744,35.744,831.2750393221247,19818.0,0.048059394339892064,0.6892026437588646,0.4,high_rms;possible_artifact_window,0.0,0.5,4.5,8.75,14.0,49.5,6.851782668908045e-10,0.6706619490339933,1.1866754934022604e-10,0.1161534359353622,9.629455093904328e-11,0.09425443615891,5.841840123066432e-11,0.05718073780505803,6.308599298421918e-11,0.061749441066676486,1.6483599158906366,1.2323391945131494,0.7868153849693555,0.11893017887173452
20260524-114851_diag_atenuacion_mixed_states_ear_eeg,diag_atenuacion_mixed_states_ear_eeg,0,32.0,36.0,831.2700319390806,19818.0,0.03414690769126713,0.65369954653419,0.4,high_rms;possible_artifact_window,0.0,0.5,4.25,12.5,13.0,50.0,5.500786623992966e-10,0.7613301057194659,5.108552444104793e-11,0.07070433809193162,3.427375287229455e-11,0.04743619718651393,5.223311998318425e-11,0.07229265462761943,3.4852137885422736e-11,0.04823670437446916,0.6561689763760717,1.4905144654393334,0.8320344438113976,0.12052935900208858
20260524-114851_diag_atenuacion_mixed_states_ear_eeg,diag_atenuacion_mixed_states_ear_eeg,0,32.256,36.256,831.2708968801927,19818.0,0.0426755247981346,0.6938739438380817,0.4,high_rms;possible_artifact_window,0.0,0.5,4.0,9.75,13.0,49.25,6.746103808346864e-10,0.6797376883865147,8.704835530423443e-11,0.08770995747076707,9.769371077070105e-11,0.0984362218781954,6.307394230988925e-11,0.06355332939007166,7.003054285968701e-11,0.07056280287445114,1.5488759255085252,0.8910333594405832,0.7674476458572818,0.1341161322645228
20260524-114851_diag_atenuacion_mixed_states_ear_eeg,diag_atenuacion_mixed_states_ear_eeg,0,32.512,36.512,831.2728523174566,19818.0,0.09183958447531045,0.7269415486477688,0.4,high_rms;possible_artifact_window,0.0,0.5,4.25,8.5,14.25,49.25,6.703353882626298e-10,0.49464003837347986,2.4119145836975844e-10,0.17797501715161032,1.5815059560097815e-10,0.11669921959454696,1.0376740971183535e-10,0.07656990279867085,1.8175354741382968e-10,0.13411582208169204,1.5240873414896474,1.5250746129233466,0.6726150555250902,0.21068572488036288
20260524-114851_diag_atenuacion_mixed_states_ear_eeg,diag_atenuacion_mixed_states_ear_eeg,0,32.768,36.768,831.2753184114154,19818.0,0.11588987791329716,0.6114745008705449,0.4,high_rms;possible_artifact_window,0.25,0.5,4.0,12.25,13.0,49.25,1.4137422759245417e-09,0.6179464316701764,1.7826507224650225e-10,0.07791962308979712,1.703274619405126e-10,0.0744500954056462,1.6988744908598758e-10,0.0742577658856388,3.555849089796396e-10,0.15542608394874155,1.0025900256722455,1.0466020582679842,0.6958660547599735,0.22968384983438034
20260524-114851_diag_atenuacion_mixed_states_ear_eeg,diag_atenuacion_mixed_states_ear_eeg,0,33.024,37.024,831.2573813206112,19818.0,0.10534498433308548,0.6288809286812057,0.4,high_rms;possible_artifact_window,0.0,0.5,4.0,12.25,13.25,49.25,1.415226756521257e-09,0.6022520220045591,2.138552837691157e-10,0.09100645989968194,1.9937932528858254e-10,0.08484619249010786,1.7724157301791877e-10,0.07542543641253363,3.441883109347773e-10,0.1464698891931175,1.1249015786405017,1.0726051131910521,0.693258481904241,0.22189532560565112
20260524-114851_diag_atenuacion_mixed_states_ear_eeg,diag_atenuacion_mixed_states_ear_eeg,0,33.28,37.28,831.2573668846491,19818.0,0.10247335069677782,0.7396592863362875,0.4,high_rms;possible_artifact_window,0.0,0.5,4.25,9.0,13.25,49.25,7.692736482417064e-10,0.45894311821186007,2.818375237141584e-10,0.1681422368465738,2.0605616318297625e-10,0.12293162293303155,1.4898855545982124e-10,0.08888549916781605,2.7002927857646336e-10,0.16109752284071846,1.3830334990968136,1.3677704144373923,0.6270853550584339,0.2499830220085345
20260524-114851_diag_atenuacion_mixed_states_ear_eeg,diag_atenuacion_mixed_states_ear_eeg,0,33.536,37.536,831.2495612028916,19818.0,0.0715509242427238,0.7198622768702002,0.4,high_rms;possible_artifact_window,0.0,0.5,4.0,8.25,13.5,49.25,8.793771920681512e-10,0.5817729282464329,2.353753795011368e-10,0.1557181889689941,1.1822164225849328e-10,0.0782123434849054,1.258141976095166e-10,0.08323537933263937,1.5275870492432194e-10,0.10106115996702826,0.9396526346367683,1.9909669245372623,0.737491117215427,0.18429653929966763
20260524-114851_diag_atenuacion_mixed_states_ear_eeg,diag_atenuacion_mixed_states_ear_eeg,0,33.792,37.792,175.58492532105367,2524.0,0.2925361293414233,0.5813902319992191,0.6110376866973658,high_rms;high_50hz_ratio,0.25,0.5,4.25,8.75,26.75,49.25,2.1375030117630094e-09,0.3826609159011538,1.3054460038407802e-10,0.023370407467973184,1.3461211069706743e-10,0.024098582920003137,4.870891654252652e-10,0.08719987066283776,2.6961443214650014e-09,0.48267022304803214,0.2763603057759271,0.9697834742214021,0.406031323369127,0.5698700937108699
20260524-114851_diag_atenuacion_mixed_states_ear_eeg,diag_atenuacion_mixed_states_ear_eeg,0,34.048,38.048,95.44155279541506,1146.0,0.2083672805445739,0.7022410159976463,1.0,,0.0,0.5,4.0,8.25,14.25,49.25,5.142625805589546e-10,0.3696581042737132,1.4961546901878153e-10,0.10754539167013134,1.3122452766592426e-10,0.0943257626842598,1.338185961758928e-10,0.09619041020869926,4.6226320645317676e-10,0.3322803311631964,0.9806150371914015,1.1401486572668604,0.47720349594384454,0.42847074137189567
20260524-114851_diag_atenuacion_mixed_states_ear_eeg,diag_atenuacion_mixed_states_ear_eeg,0,34.304,38.304,65.63201200633728,936.0,0.14456754793883772,0.7577350763027052,1.0,,0.0,0.5,4.25,8.25,16.75,49.25,1.3391268482696144e-10,0.3657706244550717,7.810653541739448e-11,0.21334107572078617,3.3199211359830005e-11,0.09068070202753525,3.15156965838653e-11,0.08608233069565101,8.937696951550476e-11,0.24412526710095586,1.0534182949592994,2.352662374140035,0.5791117001758579,0.33020759779660686
20260524-114851_diag_atenuacion_mixed_states_ear_eeg,diag_atenuacion_mixed_states_ear_eeg,0,34.56,38.56,60.48857743409081,936.0,0.15783036186632526,0.8370405729874637,1.0,,0.0,0.75,4.75,8.0,14.25,49.25,4.33309707060293e-11,0.260791361879022,4.660781223641493e-11,0.2805133286719814,1.201375964409587e-11,0.07230589778675424,1.9270675532749176e-11,0.11598230168001092,4.492864517030087e-11,0.27040710998223133,0.6234218216003543,3.8795359335593345,0.5413046905510035,0.3863894116622423
20260524-114851_diag_atenuacion_mixed_states_ear_eeg,diag_atenuacion_mixed_states_ear_eeg,0,34.816,38.816,59.09977157316261,936.0,0.17511383111972578,0.824915060140969,1.0,,0.25,0.5,4.75,9.25,20.75,49.75,4.265725050282157e-11,0.31168882953424076,2.946947685555082e-11,0.2153281479659705,1.1227631450417384e-11,0.08203827635330008,1.495998454134776e-11,0.10930990667658229,3.854410796672442e-11,0.2816348394699064,0.7505108992182071,2.6247278409245696,0.5270169775002113,0.3909447461464887
20260524-114851_diag_atenuacion_mixed_states_ear_eeg,diag_atenuacion_mixed_states_ear_eeg,0,35.072,39.072,76.2129910185921,1114.0,0.16860426907755335,0.8194183635527013,1.0,,0.0,0.75,4.75,9.0,20.75,49.75,4.795850357715959e-11,0.34036463031670194,2.926043853807516e-11,0.20766324224218796,1.1251122881223278e-11,0.07984995349060793,1.4330830944233976e-11,0.10170684263777521,3.8102415700518304e-11,0.270415331312727,0.7850991282365366,2.600668293020529,0.5480278725588899,0.3721221739505022
20260524-114851_diag_atenuacion_mixed_states_ear_eeg,diag_atenuacion_mixed_states_ear_eeg,0,35.328,39.328,76.12624383220283,1114.0,0.18282321260459558,0.8140015685165795,1.0,,0.75,0.75,4.25,9.25,21.0,49.25,5.419220927790332e-11,0.34452438701093496,3.0320581919610825e-11,0.1927616540986483,1.1855320573036597e-11,0.07536963537135177,1.5079672605444567e-11,0.09586829970474647,4.5847929138134815e-11,0.29147602381431853,0.7861789100617604,2.557550572573389,0.5372860411095832,0.387344323519065
20260524-114851_diag_atenuacion_mixed_states_ear_eeg,diag_atenuacion_mixed_states_ear_eeg,0,35.584,39.584,75.69348717029754,1114.0,0.20443909925170103,0.8281960173323826,1.0,,0.0,0.75,4.25,9.25,21.0,49.25,4.811859176540059e-11,0.32077837490425104,2.812795716651239e-11,0.18751256132433305,1.1315953768676407e-11,0.07543681407188899,1.482390038348638e-11,0.09882223274406911,4.7619319027844916e-11,0.3174500169554579,0.7633587298847625,2.4856903573053772,0.5082909362285841,0.416272249699527
20260524-114851_diag_atenuacion_mixed_states_ear_eeg,diag_atenuacion_mixed_states_ear_eeg,0,35.84,39.84,75.02760158768238,1114.0,0.20096167063207487,0.8341652701716007,1.0,,0.25,0.5,4.25,8.75,21.0,49.5,5.101510568827692e-11,0.31022022356005324,3.134675027815025e-11,0.19061796987325583,1.3401541227651809e-11,0.08149408022586486,1.6871046976546007e-11,0.10259196553931586,5.181358923878063e-11,0.31507576080151006,0.7943514854936106,2.3390406928325187,0.500838193433309,0.41766772634082594
20260524-114851_diag_atenuacion_mixed_states_ear_eeg,diag_atenuacion_mixed_states_ear_eeg,0,36.096,40.096,75.33462019549843,1114.0,0.18242376599204024,0.8102675712640476,1.0,,0.5,0.5,4.5,9.0,21.0,49.5,5.519129290111888e-11,0.3540821225339066,2.9008505503486426e-11,0.18610531952228926,1.2636031489642393e-11,0.08106700559223819,1.4194100551904193e-11,0.09106286493201617,4.484151685018488e-11,0.2876826874195498,0.8902312227136662,2.295697468565535,0.5401874420561958,0.37874555235156593
20260524-114851_diag_atenuacion_mixed_states_ear_eeg,diag_atenuacion_mixed_states_ear_eeg,0,36.352,40.352,75.95690225384392,1114.0,0.1519382252503278,0.793562076660539,1.0,,0.0,0.5,4.5,8.75,13.0,49.5,8.472566700228006e-11,0.3861158621267704,3.884281528788172e-11,0.1770163356979856,2.0220399805934873e-11,0.09214937314576017,1.6140533374777615e-11,0.07355641070397778,5.950126664511386e-11,0.27116201832550607,1.252771475169015,1.9209716751733563,0.563132197824756,0.34471842902948385
20260524-114851_diag_atenuacion_mixed_states_ear_eeg,diag_atenuacion_mixed_states_ear_eeg,0,36.608,40.608,76.40727059645567,1114.0,0.16987417300910596,0.7631173215361039,1.0,,0.0,0.5,4.0,9.5,13.0,49.5,1.00588428146612e-10,0.4163157628634419,3.392211160293214e-11,0.14039696245506122,2.532200818675466e-11,0.1048028222504654,1.4490226665663182e-11,0.05997220435323943,6.729293424067099e-11,0.2785122480777922,1.747523263163236,1.3396295962291012,0.5567127253185031,0.3384844524310316
20260524-114851_diag_atenuacion_mixed_states_ear_eeg,diag_atenuacion_mixed_states_ear_eeg,0,36.864,40.864,76.74522134960587,1114.0,0.1939202617553498,0.7652242990477446,1.0,,0.0,0.5,4.25,9.5,13.0,49.5,1.0164471578668159e-10,0.4013104266382777,3.681600406747534e-11,0.14535577363846597,2.1532643175396572e-11,0.08501449536740655,1.4577360751036005e-11,0.05755387102006998,7.87112969188112e-11,0.3107654333357797,1.4771290594469413,1.7097763506127155,0.5466662002767437,0.3683193043558497
20260524-114851_diag_atenuacion_mixed_states_ear_eeg,diag_atenuacion_mixed_states_ear_eeg,0,37.12,41.12,76.96568066352691,1114.0,0.1949221739382769,0.7594200706812037,1.0,,0.0,0.5,4.5,9.5,13.0,49.5,1.0438629070169719e-10,0.41098341451194664,3.683517258214397e-11,0.14502522218370417,2.1191821496336706e-11,0.08343516279528577,1.3944726211431483e-11,0.054902335874601325,7.763348116059484e-11,0.305653864634462,1.519701511168019,1.738178692591924,0.5560086366956508,0.3605562005090633
20260524-114851_diag_atenuacion_mixed_states_ear_eeg,diag_atenuacion_mixed_states_ear_eeg,0,37.376,41.376,76.84277454647248,1114.0,0.21159094952191237,0.7562898512574961,1.0,,0.0,0.5,4.5,9.5,13.0,49.5,1.1861490757168147e-10,0.40733462582556473,3.6581075920105034e-11,0.12562281737822653,2.1169060520522167e-11,0.07269652291382209,2.013880245395578e-11,0.06915852088153134,9.469385697296298e-11,0.3251875130008553,1.051157861492604,1.7280443732796655,0.5329574432037912,0.39434603388238665
20260524-114851_diag_atenuacion_mixed_states_ear_eeg,diag_atenuacion_mixed_states_ear_eeg,0,37.632,41.632,76.9426734653794,1114.0,0.22029468603132957,0.7527181568632498,1.0,,0.0,0.75,4.0,9.5,13.0,49.5,1.220654641211694e-10,0.4111973975000151,3.28789726895352e-11,0.11075817472000472,2.0711794750192135e-11,0.06977105408274502,2.1002102640441578e-11,0.07074900349541259,1.0019535422981208e-10,0.3375243702018225,0.9861771987681638,1.58745164704909,0.5219555722200199,0.4082733736972351
20260524-114851_diag_atenuacion_mixed_states_ear_eeg,diag_atenuacion_mixed_states_ear_eeg,0,37.888,41.888,77.089473989644,1114.0,0.20196186252748366,0.7623768928391119,1.0,,0.0,0.5,4.5,9.25,20.75,49.5,1.0863219459304448e-10,0.4267078612115345,2.8766235168451786e-11,0.11299393084915195,1.8883698325179358e-11,0.07417527146797646,2.109589944891243e-11,0.08286480971779409,7.720409871024548e-11,0.303258126753543,0.8951359656842166,1.5233369371345622,0.5397017920606865,0.3861229364713371
20260524-114851_diag_atenuacion_mixed_states_ear_eeg,diag_atenuacion_mixed_states_ear_eeg,0,38.144,42.144,77.02433381730737,1114.0,0.19291741543921173,0.7743624941702741,1.0,,0.0,0.5,4.25,9.5,21.0,49.5,1.044368781329988e-10,0.406719686676584,3.505407227000458e-11,0.13651481684695982,1.899818767567178e-11,0.07398667096341226,2.0866780566173917e-11,0.0812637317922823,7.742259873251375e-11,0.3015150937207615,0.9104513087403998,1.8451271704665406,0.5432345035235437,0.3827788255130438
20260524-114851_diag_atenuacion_mixed_states_ear_eeg,diag_atenuacion_mixed_states_ear_eeg,0,38.4,42.4,76.96116553171476,1114.0,0.2023239745725211,0.7657050618205915,1.0,,0.0,0.75,4.0,9.0,13.0,49.75,1.3198984031268848e-10,0.41050515684310346,4.533799399262889e-11,0.14100691606872595,2.413462721680754e-11,0.07506175405254274,2.015592683727851e-11,0.0626874908557619,9.991189722269821e-11,0.31073868217986594,1.197396051873457,1.8785454436625877,0.5515120729118295,0.37342617303562786
20260524-114851_diag_atenuacion_mixed_states_ear_eeg,diag_atenuacion_mixed_states_ear_eeg,0,38.656,42.656,76.84429712086643,1114.0,0.23232775011074736,0.7581377988237582,1.0,,0.0,0.5,4.0,9.0,13.0,49.75,1.3823030682028462e-10,0.4263666644773248,4.698227764685019e-11,0.14491523219924982,1.6458899387153014e-11,0.05076691352347146,2.034562522679273e-11,0.06275538674692692,1.0218813100197955e-10,0.31519580305302697,0.8089650332042209,2.854521225369552,0.5712818966765746,0.3779511897999539
20260524-114851_diag_atenuacion_mixed_states_ear_eeg,diag_atenuacion_mixed_states_ear_eeg,0,38.912,42.912,76.87731134736698,1114.0,0.22308925976898408,0.7374279765178843,1.0,,0.0,0.75,4.25,12.75,13.0,49.5,1.6414576177685365e-10,0.4796985032893523,4.5005106946121294e-11,0.13152263091495725,1.5514663484026574e-11,0.045339951344238544,2.1790316332280066e-11,0.06367987828407175,9.572942127349818e-11,0.2797590361673801,0.7119980842610911,2.900811029027938,0.6112211342043096,0.34343891445145186
20260524-114851_diag_atenuacion_mixed_states_ear_eeg,diag_atenuacion_mixed_states_ear_eeg,0,39.168,43.168,59.015489492166374,956.0,0.20843489327602158,0.7587351700090124,1.0,,0.0,0.75,4.25,8.0,13.0,49.5,1.0939167301771158e-10,0.4592446544706687,3.785490880227609e-11,0.1589212783143486,1.5797563040874175e-11,0.0663208284510853,1.4873822126208102e-11,0.062442808621298494,6.028115401042499e-11,0.25307043014259883,1.062105147340603,2.3962498965398242,0.6181659327850173,0.3155132387638973
20260524-114851_diag_atenuacion_mixed_states_ear_eeg,diag_atenuacion_mixed_states_ear_eeg,0,39.424,43.424,59.142201514654495,956.0,0.2679823106104854,0.7951035175340669,0.75,high_50hz_ratio,0.0,0.5,4.25,9.0,13.0,49.75,6.245477176489918e-11,0.35796526929585676,2.8548864043019258e-11,0.1636304403404089,1.472280568133443e-11,0.08438511504530764,1.2942321807740012e-11,0.07418010794533197,5.580283247472033e-11,0.3198390673730947,1.1375706693160434,1.9390912751917593,0.5215957096362657,0.3940191753184267
20260524-114851_diag_atenuacion_mixed_states_ear_eeg,diag_atenuacion_mixed_states_ear_eeg,0,39.68,43.68,59.21791958520664,956.0,0.30629294025169,0.8136000425208196,0.75,high_50hz_ratio,0.0,0.5,4.0,8.25,13.0,49.75,5.040686350017711e-11,0.34373013036742783,2.7736649101156926e-11,0.18913936217163702,1.0160504669630818e-11,0.06928563596659389,1.1539475036941381e-11,0.07868899160539125,4.680313260767815e-11,0.31915587988894994,0.8804997313226072,2.7298495500976663,0.5328694925390649,0.3978448714943412
20260524-114851_diag_atenuacion_mixed_states_ear_eeg,diag_atenuacion_mixed_states_ear_eeg,0,39.936,43.936,54.30272553012418,874.0,0.3302417470540337,0.8231966416892768,0.75,high_50hz_ratio,0.0,0.5,4.0,8.0,13.0,49.75,4.457816867410524e-11,0.33289318673310925,2.740389448467327e-11,0.2046420935456669,9.071670398575033e-12,0.06774386112743723,1.1839778304185556e-11,0.08841506161250955,4.101781600785624e-11,0.3063057969812771,0.7662027248743373,3.0208212248295356,0.5375352802787762,0.39472085859378664
20260524-114851_diag_atenuacion_mixed_states_ear_eeg,diag_atenuacion_mixed_states_ear_eeg,0,40.192,44.192,54.36347119160071,874.0,0.33050683755621224,0.8167000658750306,0.75,high_50hz_ratio,0.0,0.5,4.25,8.0,13.0,49.75,4.7147426646403534e-11,0.3366939781975138,2.777734344787111e-11,0.1983663782832522,9.992544756325632e-12,0.07135977264584442,1.2341404468492701e-11,0.08813368751183688,4.277178226221412e-11,0.30544618336155266,0.8096764660648107,2.77980675846231,0.535060356480766,0.3935798708733895
20260524-114851_diag_atenuacion_mixed_states_ear_eeg,diag_atenuacion_mixed_states_ear_eeg,0,40.448,44.448,53.44541140266393,874.0,0.349014267227007,0.8240130820457611,0.75,high_50hz_ratio,49.5,0.5,4.25,8.0,13.0,49.5,4.151585104530082e-11,0.32415237013938375,2.485321345428431e-11,0.1940518583611732,9.119200577040848e-12,0.07120197241286753,1.145802426387671e-11,0.0894633165100588,4.11288224578446e-11,0.3211304825765168,0.795878972415045,2.7253719494729105,0.5182042285005569,0.41059379908657556
20260524-114851_diag_atenuacion_mixed_states_ear_eeg,diag_atenuacion_mixed_states_ear_eeg,0,40.704,44.704,52.85807412307036,874.0,0.3300221224166213,0.8266168835597477,0.75,high_50hz_ratio,50.0,0.5,4.25,11.75,19.75,50.0,4.071810017084081e-11,0.3406121499365604,2.4122866731312825e-11,0.20179088576115956,8.070613140611246e-12,0.06751171792387405,1.1182714730333164e-11,0.09354484837074287,3.544959166320383e-11,0.296540398007663,0.7217042851607106,2.988975721054798,0.54240303569772,0.3900852463784059
20260524-114851_diag_atenuacion_mixed_states_ear_eeg,diag_atenuacion_mixed_states_ear_eeg,0,40.96,44.96,52.65283468152498,874.0,0.3123671115375065,0.8228712343567951,0.75,high_50hz_ratio,49.75,0.5,4.25,12.0,19.75,49.75,4.013074782532193e-11,0.3473894764731426,2.395677279857406e-11,0.20738040558594809,7.937943878138807e-12,0.06871434791354293,1.0302786474072431e-11,0.08918546983029926,3.319265723547045e-11,0.2873303001970671,0.7704657277053262,3.018007328642282,0.5547698820590907,0.37651577002736636
20260524-114851_diag_atenuacion_mixed_states_ear_eeg,diag_atenuacion_mixed_states_ear_eeg,0,41.216,45.216,52.78867302745921,874.0,0.31258523503224417,0.8223863129671846,0.75,high_50hz_ratio,49.75,0.5,4.25,11.5,19.75,49.75,4.060123698185551e-11,0.3533548853828031,2.30481905640032e-11,0.20058971943795584,7.427517135515376e-12,0.0646421060341521,1.0588346427995344e-11,0.09215098397444736,3.3236861546226705e-11,0.28926230517064166,0.7014803667433087,3.103081439394612,0.5539446048207589,0.38141328914508904
20260524-114851_diag_atenuacion_mixed_states_ear_eeg,diag_atenuacion_mixed_states_ear_eeg,0,41.472,45.472,52.80387296401657,874.0,0.3535719036001408,0.8351755783569801,0.75,high_50hz_ratio,49.5,0.5,4.0,11.75,19.75,49.5,3.9562451226351406e-11,0.33698285997994937,2.0988804995490656e-11,0.17877728289572858,7.300935963636786e-12,0.06218750874359533,1.3007071061996513e-11,0.11079091084008784,3.6542705590658994e-11,0.31126143754063895,0.5613051492405803,2.874810175027968,0.515760142875678,0.4220523483807268
20260524-114851_diag_atenuacion_mixed_states_ear_eeg,diag_atenuacion_mixed_states_ear_eeg,0,41.728,45.728,52.63047596212674,874.0,0.3906755746209129,0.8430573417354855,0.75,high_50hz_ratio,49.75,0.5,4.0,11.75,20.25,49.75,3.858131936129308e-11,0.33973804480496145,1.556737676936314e-11,0.1370826667911118,7.69603142374256e-12,0.06776944676710532,1.4864470163193984e-11,0.13089303616121736,3.685276553984001e-11,0.3245168054756041,0.5177467706046298,2.0227797824911637,0.47682071159607325,0.4554098416368214
20260524-114851_diag_atenuacion_mixed_states_ear_eeg,diag_atenuacion_mixed_states_ear_eeg,0,41.984,45.984,67.67061400637651,1359.0,0.36563143815870386,0.8409665882530943,0.75,high_50hz_ratio,49.75,0.5,6.5,11.75,20.5,49.75,3.28700813946926e-11,0.3388640949558497,1.3873128959229506e-11,0.1430207985348696,8.358344309045386e-12,0.0861678054764832,1.3604463925561064e-11,0.14025107818075327,2.8294761027781086e-11,0.2916962228520442,0.6143824817191891,1.6597939072952559,0.4818848934907193,0.4319473010327975
20260524-114851_diag_atenuacion_mixed_states_ear_eeg,diag_atenuacion_mixed_states_ear_eeg,0,42.24,46.24,67.89299669332618,1359.0,0.3288550601058203,0.8366358268643095,0.75,high_50hz_ratio,49.75,0.5,6.0,11.75,13.5,49.75,3.309853703568725e-11,0.34438995537286254,1.4336291126873504e-11,0.1491689694947212,8.166153138725423e-12,0.08496874384451823,1.2588660640549338e-11,0.1309848913119153,2.7918088609865037e-11,0.29048743997598275,0.6486911810476029,1.755574611855873,0.49355892486758374,0.42147233128789807
20260524-114851_diag_atenuacion_mixed_states_ear_eeg,diag_atenuacion_mixed_states_ear_eeg,0,42.496,46.496,68.14114028984253,1359.0,0.33340674749764904,0.8336369739370623,0.75,high_50hz_ratio,49.75,0.75,7.0,9.0,20.0,49.75,3.147432773087254e-11,0.33241780970165585,1.396219059809706e-11,0.14746242896568484,7.77013206156247e-12,0.0820646688019221,1.1842686263098086e-11,0.1250771696293136,2.963370021229671e-11,0.3129779229014236,0.6561122948747082,1.7969051860991732,0.4798802386673407,0.4380550925307372
20260524-114851_diag_atenuacion_mixed_states_ear_eeg,diag_atenuacion_mixed_states_ear_eeg,0,42.752,46.752,68.30049780199262,1359.0,0.3458333879424828,0.8333961121635252,0.75,high_50hz_ratio,49.75,0.5,6.75,9.0,20.0,49.75,3.084453019416279e-11,0.3254495238726494,1.342162836593018e-11,0.1416154674359171,7.767209904563607e-12,0.08195406930650982,1.1887557868604818e-11,0.1254290476785463,3.0854232121825056e-11,0.3255518917063773,0.6533898711927114,1.727985792947907,0.4670649913085665,0.4509809393849236
20260524-114851_diag_atenuacion_mixed_states_ear_eeg,diag_atenuacion_mixed_states_ear_eeg,0,43.008,47.008,68.19917154922045,1359.0,0.34202415085075993,0.830381203947319,0.75,high_50hz_ratio,49.75,0.5,6.5,9.0,20.0,49.75,3.297564895864e-11,0.33356348292370896,1.4077377716854687e-11,0.14239899107236015,8.07882925889938e-12,0.08172098232014853,1.2364235742387491e-11,0.1250697914419658,3.1362598338102446e-11,0.31724675224181653,0.6534030430367211,1.7425021950238022,0.4759624739960691,0.44231654368378237
20260524-114851_diag_atenuacion_mixed_states_ear_eeg,diag_atenuacion_mixed_states_ear_eeg,0,43.264,47.264,67.79286098107971,1359.0,0.3329192406004013,0.7926123209929941,0.75,high_50hz_ratio,1.0,1.0,6.5,12.25,14.5,49.75,5.27472102839197e-11,0.3739646285140567,1.580520800006335e-11,0.11205500170561562,1.1839293135845333e-11,0.08393764969908112,1.4451259545986317e-11,0.10245584323011124,4.6205690490510757e-11,0.32758687685113524,0.819256833507884,1.3349790243988964,0.4860196302196723,0.4300427200812465
20260524-114851_diag_atenuacion_mixed_states_ear_eeg,diag_atenuacion_mixed_states_ear_eeg,0,43.52,47.52,67.71179365516764,1359.0,0.33051131484336754,0.7664686481793044,0.75,high_50hz_ratio,1.0,1.0,6.5,9.0,15.0,49.75,5.7005552871590314e-11,0.41663303440210975,1.4120418052251328e-11,0.10320104487694054,1.0208735902077776e-11,0.07461197027372618,1.3353282133959673e-11,0.09759432501656733,4.213638204420193e-11,0.3079596254306562,0.7645113613015948,1.3831700797918978,0.5198340792790503,0.40555395044722353
20260524-114851_diag_atenuacion_mixed_states_ear_eeg,diag_atenuacion_mixed_states_ear_eeg,0,43.776,47.776,69.5060500963765,1359.0,0.3359195877088812,0.7562207111746321,0.75,high_50hz_ratio,0.75,0.75,6.25,9.0,13.25,49.75,5.093714279598534e-11,0.43167758007951423,1.302775504501865e-11,0.11040646300533326,6.855951236484384e-12,0.05810220747485649,1.2057763199712099e-11,0.10218606214469063,3.511950749219504e-11,0.2976276872956054,0.5685922938549732,1.900211158984127,0.5420840430848475,0.399813749440296
20260524-114851_diag_atenuacion_mixed_states_ear_eeg,diag_atenuacion_mixed_states_ear_eeg,0,44.032,48.032,71.15360848193154,1359.0,0.2571869152517619,0.7342767569395353,0.75,high_50hz_ratio,0.75,0.75,6.0,8.0,13.5,49.5,7.633782568079455e-11,0.5127661806894062,1.652650766692731e-11,0.11100963566789794,7.529011508225156e-12,0.05057286398989582,1.2832376469997874e-11,0.0861959141881198,3.564881165936143e-11,0.23945540546468017,0.5867199677182167,2.1950434859706,0.6237758163573041,0.3256513196528
20260524-114851_diag_atenuacion_mixed_states_ear_eeg,diag_atenuacion_mixed_states_ear_eeg,0,44.288,48.288,70.79812144400442,1359.0,0.21890726060190552,0.7345467396709108,1.0,,0.75,0.75,6.5,8.0,17.5,49.5,7.925828284373923e-11,0.5351330443070205,1.6329892540573422e-11,0.11025554421450406,6.6379469219480265e-12,0.044817836279568826,1.1309205779900645e-11,0.07635706326901376,3.457416297764706e-11,0.23343651192989281,0.5869507595082722,2.460081819361869,0.6453885885215245,0.3097935751989066
20260524-114851_diag_atenuacion_mixed_states_ear_eeg,diag_atenuacion_mixed_states_ear_eeg,0,44.544,48.544,70.60108356108991,1359.0,0.20049991725480149,0.7486474991318453,1.0,,0.75,0.75,7.0,9.0,14.5,49.5,8.557356930686504e-11,0.5192926516282702,1.8111419538066242e-11,0.10990691580186271,8.359016146676126e-12,0.050725658576248465,1.1795759303889192e-11,0.07158111057538942,4.0948951736868736e-11,0.24849366341822915,0.7086458727519191,2.166692732764735,0.6291995674301329,0.32007477399361856
20260524-114851_diag_atenuacion_mixed_states_ear_eeg,diag_atenuacion_mixed_states_ear_eeg,0,44.8,48.8,88.81738568546137,1516.0,0.17227950586382604,0.7247231830370648,1.0,,0.75,0.75,4.0,8.5,20.5,49.5,1.9195970357872613e-10,0.5556404967455622,3.745051519113007e-11,0.10840307875159111,1.545942781466536e-11,0.044748371612378296,1.8607208619441725e-11,0.053859838536970496,8.199779018824964e-11,0.23734821435349793,0.83083003640388,2.4225033190169682,0.6640435754971532,0.2912080528904684
20260524-114851_diag_atenuacion_mixed_states_ear_eeg,diag_atenuacion_mixed_states_ear_eeg,0,45.056,49.056,88.88454871348563,1516.0,0.1639294233853733,0.7376617798288214,1.0,,0.75,0.75,4.0,8.25,13.0,49.5,2.489268187276909e-10,0.5375386182135788,6.043513317159549e-11,0.13050509439945396,1.5958739384544836e-11,0.03446168942761881,2.270946881671001e-11,0.04903937852294061,1.1505623089208782e-10,0.24845521943640786,0.7027350359160373,3.786961596109754,0.6680437126130327,0.29749459795934846
20260524-114851_diag_atenuacion_mixed_states_ear_eeg,diag_atenuacion_mixed_states_ear_eeg,0,45.312,49.312,88.87149149192895,1516.0,0.17106831883463802,0.7454125246544195,1.0,,0.75,0.75,4.0,8.0,15.5,49.5,2.3692676968236276e-10,0.5139276826807424,6.055580064270402e-11,0.1313540987322996,1.4899481344441657e-11,0.0323190829417866,2.2621848718909965e-11,0.049069990299746104,1.2600798448711246e-10,0.27332914534542535,0.6586323482919829,4.0642891683806655,0.645281781413042,0.3223991356451715
20260524-114851_diag_atenuacion_mixed_states_ear_eeg,diag_atenuacion_mixed_states_ear_eeg,0,45.568,49.568,88.89661973326095,1516.0,0.21873507665683303,0.7646619771217108,1.0,,0.75,0.75,4.0,8.5,23.75,49.75,1.6844700637599886e-10,0.44533700748084115,4.367360593975089e-11,0.11546345283033421,1.9101923794044626e-11,0.05050130460958431,2.0459254522480393e-11,0.054089789901000586,1.2656435452610984e-10,0.33460844517823973,0.9336568824174728,2.28634594141596,0.5608004603111754,0.38869823507924034
20260524-114851_diag_atenuacion_mixed_states_ear_eeg,diag_atenuacion_mixed_states_ear_eeg,0,45.824,49.824,86.33561258252587,1305.0,0.20373910352911218,0.7519452353206268,1.0,,0.75,0.75,4.0,8.5,30.0,49.5,1.9835022549815098e-10,0.4723050106894225,5.442839204653495e-11,0.12960309080962656,1.9637211635601484e-11,0.046759480248484364,2.132804859244219e-11,0.050785645406447165,1.262182674702769e-10,0.3005467728460195,0.9207223788190415,2.7716965655072148,0.601908101499049,0.35133241825246664
20260524-114851_diag_atenuacion_mixed_states_ear_eeg,diag_atenuacion_mixed_states_ear_eeg,0,46.08,50.08,86.16866019615252,1305.0,0.17380011132575457,0.7494938878466201,1.0,,0.75,0.75,4.0,8.75,16.5,49.5,2.2439530955577055e-10,0.5000801444506691,5.0563638762341476e-11,0.11268449338928228,2.449856378729421e-11,0.05459670855793503,2.2551899306327557e-11,0.05025843492482755,1.2670928307325837e-10,0.28238021867728597,1.0863193141528644,2.0639429805499665,0.6127646378399514,0.33263865360211353
20260524-114851_diag_atenuacion_mixed_states_ear_eeg,diag_atenuacion_mixed_states_ear_eeg,0,46.336,50.336,86.05530198657141,1305.0,0.17022460144765614,0.7382898788374498,1.0,,0.75,0.75,4.25,8.75,16.5,49.5,2.0697151361592608e-10,0.4991982372396777,4.588756788127975e-11,0.11067703278268073,2.5134964350876685e-11,0.06062346299657291,1.7971516797049686e-11,0.04334581773537425,1.186422988737253e-10,0.28615544924569436,1.398600053335676,1.8256468257007585,0.6098752700223584,0.32950126698106863
20260524-114851_diag_atenuacion_mixed_states_ear_eeg,diag_atenuacion_mixed_states_ear_eeg,0,46.592,50.592,86.0444303833781,1305.0,0.1739812433911355,0.7263868795501902,1.0,,0.75,0.75,4.25,8.5,16.5,49.5,1.765378069682609e-10,0.5228056311799679,3.686397836433406e-11,0.10917035737299782,1.1907992777277259e-11,0.035264772951043896,1.5666033615631223e-11,0.04639397494033207,9.669807019083433e-11,0.2863652635556584,0.7601153597293271,3.0957340211591013,0.6319759885529658,0.33275923849599043
20260524-114851_diag_atenuacion_mixed_states_ear_eeg,diag_atenuacion_mixed_states_ear_eeg,0,46.848,50.848,85.93231638912104,1305.0,0.18230555141800575,0.7390091957347413,1.0,,0.75,0.75,4.25,8.75,16.5,49.5,1.6177254438673234e-10,0.5038039884002194,3.637693862833426e-11,0.11328774506341925,1.111751462124013e-11,0.03462298394645203,1.635741298477258e-11,0.050941461870917054,9.547774043656778e-11,0.29734382071899224,0.6796621587771632,3.2720387485558806,0.6170917334636387,0.3482852825899093
20260524-114851_diag_atenuacion_mixed_states_ear_eeg,diag_atenuacion_mixed_states_ear_eeg,0,47.104,51.104,86.08006157060996,1305.0,0.1774753645947996,0.7379234619432147,1.0,,0.75,0.75,4.0,8.0,14.0,49.5,1.3664186269761893e-10,0.4997910279634945,3.058914853241833e-11,0.1118850525579946,1.0822521378124534e-11,0.039585226503385564,1.5078312607903226e-11,0.0551515122048332,8.026614524886077e-11,0.2935871807702921,0.7177541452782961,2.826434567664417,0.6116760805214891,0.34873869297512533
20260524-114851_diag_atenuacion_mixed_states_ear_eeg,diag_atenuacion_mixed_states_ear_eeg,0,47.36,51.36,86.39058976532108,1305.0,0.18111160660125897,0.7352306204560556,1.0,,1.75,1.75,4.0,8.75,16.75,49.5,1.4318434565897076e-10,0.5015575954158102,3.255187283245659e-11,0.11402530764790539,9.195372594104282e-12,0.032210287696086796,1.3845801598240754e-11,0.048500182923334335,8.670197592247018e-11,0.3037066263168633,0.6641271383863138,3.540027606203537,0.6155829030637157,0.35220680924019765
20260524-114851_diag_atenuacion_mixed_states_ear_eeg,diag_atenuacion_mixed_states_ear_eeg,0,47.616,51.616,86.4099010530622,1305.0,0.20195355750968955,0.7385510423033618,1.0,,1.0,1.0,4.75,8.5,20.25,49.25,1.674520495089575e-10,0.49460095881978955,3.871001056167517e-11,0.1143372589100771,1.1130847738190452e-11,0.03287704139740366,1.8357939237040732e-11,0.054223608341742474,1.0290904962018674e-10,0.3039611325309872,0.6063233783741799,3.4777234827190515,0.6089382177298667,0.35818474087272967
20260524-114851_diag_atenuacion_mixed_states_ear_eeg,diag_atenuacion_mixed_states_ear_eeg,0,47.872,51.872,85.77330004144646,1305.0,0.20630344959539154,0.7276412591854295,1.0,,1.0,1.0,5.0,8.0,18.5,49.25,1.85921491447347e-10,0.5116030710960855,3.9991112375021625e-11,0.11004416836556997,1.1863875902518991e-11,0.032646012570044756,2.1218995286395245e-11,0.05838864065463624,1.0441417194220191e-10,0.28731810731366353,0.5591158178033823,3.3708303006212774,0.6216472394616555,0.34570674796829975
20260524-114851_diag_atenuacion_mixed_states_ear_eeg,diag_atenuacion_mixed_states_ear_eeg,0,48.128,52.128,85.76100512470688,1305.0,0.2275230337107823,0.7170379706790357,1.0,,1.0,1.0,5.5,9.5,17.25,49.25,1.7638397487635748e-10,0.5000023016684249,3.801400009208231e-11,0.10775971884627587,1.0997793542877755e-11,0.03117585987370837,2.0171349446979545e-11,0.05718048455545817,1.0719920789219078e-10,0.3038816350561328,0.5452185324430322,3.4565115215042774,0.6077620205147007,0.36106211961159096
20260524-114851_diag_atenuacion_mixed_states_ear_eeg,diag_atenuacion_mixed_states_ear_eeg,0,48.384,52.384,85.99639527329037,1305.0,0.23329863714574897,0.7019929584632119,1.0,,1.0,1.0,4.5,8.5,18.0,49.25,1.6726564080633002e-10,0.5152063951363466,3.30396871917482e-11,0.10176781108442039,9.206277758747827e-12,0.028356888801808797,1.8304116697768292e-11,0.05637976774280426,9.684181748542153e-11,0.29828913723462,0.502962142929863,3.588821460481551,0.6169742062207669,0.3546689049774243
20260524-114851_diag_atenuacion_mixed_states_ear_eeg,diag_atenuacion_mixed_states_ear_eeg,0,48.64,52.64,70.71552870480429,1230.0,0.22017553027202463,0.6907962787484081,1.0,,0.5,0.5,5.5,8.5,22.5,49.5,1.7146813710370175e-10,0.5129235298867025,3.777709479005243e-11,0.11300502318316688,1.180300941318023e-11,0.035307091765002234,1.7497427724163253e-11,0.05234116695854343,9.575004390212771e-11,0.28642318820658497,0.674556831966835,3.200632437678763,0.6259285530698694,0.3387643551651284
20260524-114851_diag_atenuacion_mixed_states_ear_eeg,diag_atenuacion_mixed_states_ear_eeg,0,48.896,52.896,67.86706123002527,1230.0,0.18887919444584175,0.6783199751831998,1.0,,0.5,0.5,5.5,9.0,19.0,49.5,1.460021265852003e-10,0.5538437994181399,2.936860039682423e-11,0.111406714462329,9.093806499072205e-12,0.03449640399368032,1.4880349239552577e-11,0.05644704876742547,6.427118870343807e-11,0.24380603335842524,0.611128566451955,3.229516748549748,0.6652505138804689,0.3002530821258507
20260524-114851_diag_atenuacion_mixed_states_ear_eeg,diag_atenuacion_mixed_states_ear_eeg,0,49.152,53.152,67.7897632390024,1230.0,0.18328189349969495,0.6781459987558506,1.0,,0.0,0.5,5.5,8.5,19.0,49.5,1.4474025126720442e-10,0.5591259476849647,2.8717975322922703e-11,0.11093641905028813,8.955184196497445e-12,0.03459352741703142,1.4290701979841718e-11,0.05520442459928811,6.216466602388457e-11,0.24013968124842758,0.6266441081151587,3.2068547885541974,0.6700623667352529,0.2953441058477157
20260524-114851_diag_atenuacion_mixed_states_ear_eeg,diag_atenuacion_mixed_states_ear_eeg,0,49.408,53.408,72.57296328523454,1273.0,0.18888026545221773,0.6970392047336568,1.0,,0.0,0.75,4.75,8.5,13.0,49.5,1.615876930699046e-10,0.49191388059399077,3.627429015470945e-11,0.11042813036557235,1.6697757204565325e-11,0.05083220378770177,1.8258239529580578e-11,0.05558270737812375,9.56697888246415e-11,0.2912430778746113,0.9145327060428208,2.1724049350047867,0.6023420109595631,0.34682578525273505
20260524-114851_diag_atenuacion_mixed_states_ear_eeg,diag_atenuacion_mixed_states_ear_eeg,0,49.664,53.664,83.78234897638046,1273.0,0.1866127037249635,0.6600229125744445,1.0,,0.0,0.5,4.75,8.75,18.5,49.5,2.820155880567101e-10,0.5827506933829537,4.5429325922632676e-11,0.09387414136842243,1.7356981570928377e-11,0.03586607788311223,1.8126518334817993e-11,0.03745623141267589,1.2101024334681915e-10,0.25005285595283583,0.9575463555838262,2.617351740392658,0.6766248347513761,0.28750908736551173
20260524-114851_diag_atenuacion_mixed_states_ear_eeg,diag_atenuacion_mixed_states_ear_eeg,0,49.92,53.92,75.38245153880311,1187.0,0.13936612921550798,0.6752027131925794,1.0,,0.0,0.75,4.0,8.75,18.5,49.5,2.7495615349318007e-10,0.5844647689355594,7.552881439292707e-11,0.16054898387001842,1.1907037917798956e-11,0.025310377952701198,1.4492831328875062e-11,0.030806909415333743,9.355609978448849e-11,0.19886895982638728,0.8215812112624086,6.343207682241828,0.7450137528055778,0.229675869241721
20260524-114851_diag_atenuacion_mixed_states_ear_eeg,diag_atenuacion_mixed_states_ear_eeg,0,50.176,54.176,75.50519187446649,1187.0,0.1330772748473482,0.6779865073960243,1.0,,0.0,0.5,4.5,8.5,19.0,49.5,2.3989436716603e-10,0.5520118137710158,7.501231119625424e-11,0.17260797928590824,1.0755285646418252e-11,0.024748579166078144,1.2516495356633856e-11,0.028801231915087374,9.640348468259015e-11,0.22183039586191042,0.8592889095522935,6.974460154969012,0.724619793056924,0.25063162777699777
20260524-114851_diag_atenuacion_mixed_states_ear_eeg,diag_atenuacion_mixed_states_ear_eeg,0,50.432,54.432,76.04544036298297,1187.0,0.1363430095055884,0.6736933379713486,1.0,,1.0,1.0,4.5,8.5,21.5,49.0,2.7712515196585305e-10,0.5580279743975037,8.104557362332909e-11,0.16319593137645888,1.1469492402143693e-11,0.02309533280228725,1.2547254662697484e-11,0.02526554899115564,1.1442768766130282e-10,0.23041521243259444,0.914103739062702,7.066186608936709,0.7212239057739627,0.25568076142375007
20260524-114851_diag_atenuacion_mixed_states_ear_eeg,diag_atenuacion_mixed_states_ear_eeg,0,50.688,54.688,76.20632519679715,1187.0,0.15680774644165604,0.6756329247067109,1.0,,1.0,1.0,4.5,8.25,13.0,49.25,2.460961300995906e-10,0.5487146660105094,7.082214921933281e-11,0.15791045531397127,1.0152932489664105e-11,0.022637751182185525,1.2254226030113996e-11,0.02732295522327061,1.0917019266605546e-10,0.24341417227006304,0.828524989233421,6.975536308493257,0.7066251213244807,0.2707371274933337
20260524-114851_diag_atenuacion_mixed_states_ear_eeg,diag_atenuacion_mixed_states_ear_eeg,0,50.944,54.944,76.32349572706953,1187.0,0.1281352034820193,0.6672879759965834,1.0,,1.0,1.0,4.5,8.25,13.0,49.25,3.094526219850078e-10,0.5783619858354867,9.393571093834055e-11,0.17556433670094734,1.0721556965679053e-11,0.020038417959240468,1.1572836926013798e-11,0.02162944654772989,1.093673448766185e-10,0.20440581295659568,0.9264415487942105,8.761387104414,0.7539263225364341,0.22603525950432557
20260524-114851_diag_atenuacion_mixed_states_ear_eeg,diag_atenuacion_mixed_states_ear_eeg,0,51.2,55.2,76.05005588426611,1187.0,0.14019581813770357,0.7283077811322025,1.0,,1.0,1.0,4.5,8.5,18.25,49.5,2.885567619413125e-10,0.4542955742686544,1.32963698780454e-10,0.20933427270242255,2.1403556259893395e-11,0.03369715135789237,2.670696238588622e-11,0.042046683406210206,1.655430753342727e-10,0.26062631826482047,0.8014223388880982,6.212224602581825,0.663629846971077,0.3026730016710307
20260524-114851_diag_atenuacion_mixed_states_ear_eeg,diag_atenuacion_mixed_states_ear_eeg,0,51.456,55.456,75.7936540879248,1187.0,0.1439964636691249,0.7430037098689214,1.0,,1.0,1.0,4.75,8.25,14.75,49.5,3.42984354537031e-10,0.4285018372062857,1.8009556684792363e-10,0.22499942124535235,4.7015686253538497e-11,0.0587382709171955,3.344014086651393e-11,0.04177788755723298,1.9689105193345732e-10,0.24598258307393345,1.4059655562222455,3.830542127508971,0.6535012584516381,0.28776047063116644
20260524-114851_diag_atenuacion_mixed_states_ear_eeg,diag_atenuacion_mixed_states_ear_eeg,0,51.712,55.712,75.94804144940144,1187.0,0.13919747518189146,0.7087206762497582,1.0,,1.0,1.0,4.5,8.25,18.0,49.25,3.263860138663069e-10,0.5048576570632474,1.3319773581313522e-10,0.2060317966207151,1.7484621949994243e-11,0.027045415236225494,2.3952824607867257e-11,0.03705050583609921,1.454699667667231e-10,0.22501462524371277,0.729960755620089,7.617993468436363,0.7108894536839625,0.262065131079812
20260524-114851_diag_atenuacion_mixed_states_ear_eeg,diag_atenuacion_mixed_states_ear_eeg,0,51.968,55.968,76.42379210690869,1187.0,0.12968487432148018,0.6952520899113104,1.0,,1.5,1.5,4.5,8.0,14.5,49.25,3.094959857379205e-10,0.5189955958562834,1.2778748064011852e-10,0.21428756014287037,1.472473755260997e-11,0.02469199696313822,2.0260539050764912e-11,0.033975014286373936,1.2406769649701274e-10,0.20804983275133412,0.7267692886016305,8.67842161420854,0.7332831559991537,0.24202484703770805
20260524-114851_diag_atenuacion_mixed_states_ear_eeg,diag_atenuacion_mixed_states_ear_eeg,0,52.224,56.224,76.81731575627984,1187.0,0.11980389177077716,0.6835187769124907,1.0,,1.5,1.5,4.5,8.0,13.0,49.25,2.941369006632588e-10,0.561835935012088,9.739543010907003e-11,0.18603668025957762,1.140954628400524e-11,0.0217935698991966,1.4616379252974217e-11,0.027918996513421244,1.0596984563904856e-10,0.20241481831571648,0.7806000437272155,8.536310531962718,0.7478726152716656,0.23033381482913773
20260524-114851_diag_atenuacion_mixed_states_ear_eeg,diag_atenuacion_mixed_states_ear_eeg,0,52.48,56.48,76.17195021791159,1187.0,0.1223598936716022,0.6918433204282116,1.0,,1.5,1.5,4.5,8.0,15.0,49.25,3.184635855967052e-10,0.5215994127265092,1.332975753781007e-10,0.21832303654061552,1.478331227547552e-11,0.02421302575800805,1.7023542931842243e-11,0.027882214474022102,1.2698402399757952e-10,0.20798231050084517,0.8684039705873206,9.016759769001974,0.7399224492671248,0.23586452497486726
20260524-114851_diag_atenuacion_mixed_states_ear_eeg,diag_atenuacion_mixed_states_ear_eeg,0,52.736,56.736,75.32978162718912,1187.0,0.11343885174943544,0.7412219061973422,1.0,,1.5,1.5,4.5,8.0,14.75,49.25,3.658655886888381e-10,0.4516586718384835,1.8669997528568234e-10,0.23047989610612313,4.399625242516538e-11,0.05431308532577252,3.488064195115803e-11,0.04305992392723311,1.7860639380464927e-10,0.22048842280238778,1.2613372336085893,4.243542688169776,0.6821385679446066,0.2635483467296209
20260524-114851_diag_atenuacion_mixed_states_ear_eeg,diag_atenuacion_mixed_states_ear_eeg,0,52.992,56.992,74.80466562989237,1187.0,0.11759548413346177,0.7304231974695903,1.0,,1.5,1.5,4.5,8.0,14.75,49.25,3.6680055337067097e-10,0.44938544614542414,1.878074684704162e-10,0.23009219106256956,4.2327856886208726e-11,0.051857944805133206,3.326841819895257e-11,0.040758779716945394,1.860227449525663e-10,0.22790563826992774,1.2723134785993937,4.4369708812639574,0.6794776372079937,0.2686644179868731
20260524-114851_diag_atenuacion_mixed_states_ear_eeg,diag_atenuacion_mixed_states_ear_eeg,0,53.248,57.248,74.56047210150966,1187.0,0.14924234302721945,0.697806533459035,1.0,,1.25,1.25,4.5,8.0,13.5,49.25,3.6324872285920195e-10,0.4656698631816495,1.5019801729557978e-10,0.19254765608989627,3.425976610680489e-11,0.04391960547036786,2.112391187659144e-11,0.027079982762241855,2.1122590841328944e-10,0.2707828924958446,1.6218476154868835,4.384093482347111,0.6582175192715458,0.2978628752580864
20260524-114851_diag_atenuacion_mixed_states_ear_eeg,diag_atenuacion_mixed_states_ear_eeg,0,53.504,57.504,56.85332883833628,897.0,0.18024144032812875,0.6693521647321324,1.0,,0.75,0.75,4.5,8.0,13.0,49.25,2.9055230451815507e-10,0.5366935929962147,7.222316543288598e-11,0.13340699609324067,1.9874863232688822e-11,0.03671184703335788,2.2649590038557515e-11,0.04183718273322161,1.3607472389447883e-10,0.2513503811439652,0.877493287907413,3.6338949650782113,0.6701005890894554,0.2931875638771868
20260524-114851_diag_atenuacion_mixed_states_ear_eeg,diag_atenuacion_mixed_states_ear_eeg,0,53.76,57.76,835.8847653833632,20692.0,0.3147304353700433,0.33238147267467516,0.15000000000000002,high_rms;possible_artifact_window;high_50hz_ratio,0.0,0.5,4.0,13.0,29.25,49.5,4.669031029334362e-09,0.516724631140559,1.3936461547594303e-10,0.015423570559589754,1.0179393431408818e-10,0.01126559939960226,4.910406775027813e-10,0.05434378383084084,3.6345902712785215e-09,0.40224241506940817,0.20730244759307465,1.3690856573627403,0.5321482017001488,0.456586198900249
20260524-114851_diag_atenuacion_mixed_states_ear_eeg,diag_atenuacion_mixed_states_ear_eeg,0,54.016,58.016,1273.1408606277625,21480.0,0.16559811734006036,0.404101358402215,0.4,high_rms;possible_artifact_window,0.0,0.5,5.75,8.0,15.75,49.25,1.3722015743916576e-08,0.641768845319502,1.3797560502785092e-09,0.06453020195683715,2.4307710379240117e-10,0.01136854199381149,1.088676924693769e-09,0.05091663979444521,4.948028991007352e-09,0.23141577093540422,0.22327753833927882,5.676207379272066,0.7062990472763391,0.28233241072984944
20260524-114851_diag_atenuacion_mixed_states_ear_eeg,diag_atenuacion_mixed_states_ear_eeg,0,54.272,58.272,1282.342511188021,21480.0,0.1000394114977179,0.5603613469749857,0.4,high_rms;possible_artifact_window,0.0,0.5,4.25,8.0,13.25,49.25,1.6234086895443813e-09,0.6200181338900029,2.78231704697574e-10,0.10626326164611065,1.5628039952405093e-10,0.05968717692627403,1.854084105108053e-10,0.07081185251305037,3.7499532658665086e-10,0.14321957502456206,0.842898113917778,1.780336533211609,0.7262813955361136,0.21403142753761245
20260524-114851_diag_atenuacion_mixed_states_ear_eeg,diag_atenuacion_mixed_states_ear_eeg,0,54.528,58.528,1285.3521968705697,21480.0,0.0821990942582353,0.5203202858507116,0.4,high_rms;possible_artifact_window,0.0,0.5,4.0,9.25,26.0,49.25,2.258581275977839e-09,0.7594130114063933,2.0203049807368862e-10,0.06792962935179261,6.204434227134807e-11,0.020861450197143902,1.7383266127584278e-10,0.058448542978875986,2.7762575830456355e-10,0.09334736606579429,0.356919935620696,3.2562275733396864,0.8273426407581859,0.15179590904467027
20260524-114851_diag_atenuacion_mixed_states_ear_eeg,diag_atenuacion_mixed_states_ear_eeg,0,54.784,58.784,1287.2081599337382,21480.0,0.10487276774503032,0.5460784521795118,0.4,high_rms;possible_artifact_window,0.0,0.5,6.75,8.5,25.25,50.0,5.077600544585601e-09,0.6502666571460782,4.0048297832017793e-10,0.051288147870131674,3.55342579336211e-10,0.045507209395000005,8.283075011934138e-10,0.10607781080069602,1.1467561734669218e-09,0.14686017478809416,0.42899838384203737,1.1270334646309215,0.7015548050162099,0.25293798558879016
20260524-114851_diag_atenuacion_mixed_states_ear_eeg,diag_atenuacion_mixed_states_ear_eeg,0,55.04,59.04,1288.601649851497,21480.0,0.07285397854100627,0.6455805092422768,0.4,high_rms;possible_artifact_window,0.0,0.5,6.75,8.25,25.5,50.0,5.0699752086465376e-09,0.5400886161232155,6.036358203337551e-10,0.06430343767568283,4.5141939645868444e-10,0.048088297692018445,1.7560924045931913e-09,0.1870710363560969,1.5061796556952419e-09,0.16044861215298634,0.25705902222341104,1.3371951339911068,0.6043920537988983,0.34751964850908323
20260524-114851_diag_atenuacion_mixed_states_ear_eeg,diag_atenuacion_mixed_states_ear_eeg,0,55.296,59.296,1289.85542988352,21480.0,0.052308828009939155,0.6555592444937451,0.4,high_rms;possible_artifact_window,0.0,0.5,6.0,11.75,25.25,49.5,7.380889445339157e-09,0.48163396319705337,1.6222964694673408e-09,0.10586164226637311,5.124267095867388e-10,0.0334379899352287,3.642759010302514e-09,0.23770528905722638,2.166314764795924e-09,0.1413611155441185,0.14066994498880783,3.1659092688117068,0.5874956054634265,0.3790664046013449
20260524-114851_diag_atenuacion_mixed_states_ear_eeg,diag_atenuacion_mixed_states_ear_eeg,0,55.552,59.552,1289.9247780394019,21480.0,0.049513857448523706,0.6536303126539482,0.4,high_rms;possible_artifact_window,0.0,0.5,6.0,9.25,25.25,49.5,9.026050753253104e-09,0.44932854820887475,2.5388516431349033e-09,0.12638733750930561,4.915174063885467e-10,0.02446837588990501,5.533243644019578e-09,0.2754520666258415,2.498200520968624e-09,0.12436367176607316,0.08882988677351791,5.165334147144993,0.5757158857181803,0.39981573839191464
20260524-114851_diag_atenuacion_mixed_states_ear_eeg,diag_atenuacion_mixed_states_ear_eeg,0,55.808,59.808,1289.9128625608785,21480.0,0.04632119106506797,0.6407580571393358,0.4,high_rms;possible_artifact_window,0.0,0.5,6.0,8.0,25.25,37.25,1.0740802643015738e-08,0.4552395361941571,2.313400069890164e-09,0.0980514408327897,5.077548765778967e-10,0.021520746837662984,7.452034985981733e-09,0.3158479923217769,2.579746080912608e-09,0.10934028381361342,0.06813640536216631,4.556135601260456,0.5532909770269467,0.42518827613539034
20260524-114851_diag_atenuacion_mixed_states_ear_eeg,diag_atenuacion_mixed_states_ear_eeg,0,56.064,60.064,1289.912884655394,21480.0,0.055316053373442614,0.642249761463182,0.4,high_rms;possible_artifact_window,0.0,0.5,6.0,8.25,25.25,48.75,1.21926613431805e-08,0.4534601880622472,2.58568878195276e-09,0.0961649707420553,6.986617581927683e-10,0.02598409677303073,8.300710046245499e-09,0.3087136952857254,3.1103305702143967e-09,0.11567704913694142,0.0841689149844212,3.7009164329262467,0.5496251588043025,0.42439074442266683
20260524-114851_diag_atenuacion_mixed_states_ear_eeg,diag_atenuacion_mixed_states_ear_eeg,0,56.32,60.32,1289.9046999681798,21480.0,0.05600838216267532,0.6132242751910814,0.4,high_rms;possible_artifact_window,0.0,0.5,6.0,9.25,25.25,48.75,1.6043810606309708e-08,0.49406200321626403,3.254449068777081e-09,0.10021930984730991,9.060332738812302e-10,0.02790089120712408,8.581142901730409e-09,0.264252474424411,3.6878377503214557e-09,0.11356532130489093,0.10558421928838015,3.5919752205521087,0.5942813130635739,0.37781779572930196
20260524-114851_diag_atenuacion_mixed_states_ear_eeg,diag_atenuacion_mixed_states_ear_eeg,0,56.576,60.576,1289.9190276912734,21480.0,0.05765096552091026,0.5845359974453778,0.4,high_rms;possible_artifact_window,0.25,0.5,6.0,8.0,25.25,48.75,1.9076528778151372e-08,0.5247435115325876,3.0605875040741583e-09,0.0841884523603704,5.889342600770215e-10,0.016199982464766328,9.895476404897495e-09,0.2721976884463867,3.732479074590815e-09,0.102670365195889,0.05951550344615491,5.196823672091842,0.608931963892958,0.3748680536422757
20260524-114851_diag_atenuacion_mixed_states_ear_eeg,diag_atenuacion_mixed_states_ear_eeg,0,56.832,60.832,1289.939172984525,21480.0,0.06144768260146686,0.6058995233683585,0.4,high_rms;possible_artifact_window,0.0,0.5,5.75,9.5,25.25,48.75,1.657189635565552e-08,0.4862818240459996,3.2505740544420156e-09,0.09538407955654497,8.603747319904079e-10,0.025246633520767874,9.469597822276206e-09,0.27787364844500606,3.926347432884809e-09,0.11521381443168144,0.09085652296304171,3.7780910265949736,0.5816659036025446,0.3930874628766875
20260524-114851_diag_atenuacion_mixed_states_ear_eeg,diag_atenuacion_mixed_states_ear_eeg,0,57.088,61.088,1289.9508948018138,21480.0,0.08310075943290468,0.6558445461934997,0.4,high_rms;possible_artifact_window,0.0,0.5,6.0,9.75,25.25,48.75,8.975085340415745e-09,0.42312182847711444,1.8720204840099317e-09,0.08825461821226578,7.053986452285541e-10,0.033255345576531245,6.1491863104132e-09,0.2898975170288409,3.5098958986878694e-09,0.16547069070524764,0.11471414421677431,2.6538475749459143,0.5113764466893802,0.4553682077340886
20260524-114851_diag_atenuacion_mixed_states_ear_eeg,diag_atenuacion_mixed_states_ear_eeg,0,57.344,61.344,1289.9545302063946,21480.0,0.10254061829092231,0.6726170182635592,0.4,high_rms;possible_artifact_window,0.0,0.5,6.0,8.0,25.25,48.75,6.603567927828774e-09,0.4001581986212464,1.4534596558043555e-09,0.08807568938365717,4.384277375048832e-10,0.026567524644700195,4.600808922096411e-09,0.27879646739273994,3.4061289367166757e-09,0.20640211995765628,0.09529362008477167,3.315163552552755,0.4882338880049036,0.4851985873503962
20260524-114851_diag_atenuacion_mixed_states_ear_eeg,diag_atenuacion_mixed_states_ear_eeg,0,57.6,61.6,1289.9610059997938,21480.0,0.09471011848459884,0.7096192928337018,0.4,high_rms;possible_artifact_window,0.0,0.5,5.5,8.5,25.25,48.5,3.844117641182562e-09,0.4113502124934316,8.64512804847477e-10,0.09250953253030622,4.96860626498003e-10,0.05316791611681757,1.8109975904868695e-09,0.19379069872656055,2.3286326580150237e-09,0.2491816401328841,0.2743574199700767,1.739950317538296,0.5038597450237379,0.44297233885944465
20260524-114851_diag_atenuacion_mixed_states_ear_eeg,diag_atenuacion_mixed_states_ear_eeg,0,57.856,61.856,319.78865833547,3449.0,0.0690338281214641,0.648824781308699,0.4,high_rms;possible_artifact_window,0.25,0.5,5.75,8.5,25.25,48.75,1.4781030171391206e-08,0.4160320740247851,3.108841965069592e-09,0.08750255939850075,5.117363758141347e-10,0.014403512022859439,1.230564853511084e-08,0.3463591118426331,4.821326189950458e-09,0.13570274271122157,0.041585486076092075,6.075084969528802,0.5035346334232859,0.4820618545538547
20260524-114851_diag_atenuacion_mixed_states_ear_eeg,diag_atenuacion_mixed_states_ear_eeg,0,58.112,62.112,183.59571618096103,1266.0,0.12107992312924633,0.7560100187353056,0.8410107095475974,high_rms,56.5,0.5,6.0,8.0,25.25,48.75,1.7807332670865659e-09,0.12806196648296453,1.897432140818741e-09,0.13645440095516392,2.125976890243319e-10,0.015289026509137599,6.247440401438411e-09,0.4492865484578109,3.767043437875492e-09,0.27090805759492304,0.034029566568635594,8.924989493190488,0.26451636743812845,0.720194606052734
20260524-114851_diag_atenuacion_mixed_states_ear_eeg,diag_atenuacion_mixed_states_ear_eeg,0,58.368,62.368,137.96763026159434,987.0,0.16703868671776578,0.7872721706060422,0.9550809243460141,high_rms,0.0,0.5,6.0,12.0,25.0,31.25,7.277964296987979e-10,0.23141354134110548,2.762640827789313e-10,0.08784221402086717,2.22045870799487e-10,0.07060273890481236,4.081444777106064e-10,0.12977551841648355,1.5107527783023255e-09,0.4803659873167314,0.5440374252887183,1.2441757272235192,0.31925575536197265,0.6101415057332149
20260524-114851_diag_atenuacion_mixed_states_ear_eeg,diag_atenuacion_mixed_states_ear_eeg,0,58.624,62.624,112.18705362028187,829.0,0.1443336646102958,0.8694853253265966,1.0,,0.0,0.5,6.75,8.75,23.75,49.75,1.9989117514127253e-10,0.18921822272253866,2.604310926422333e-10,0.24652568307042516,1.1501673838835006e-10,0.10887555594090464,2.0118069181103908e-10,0.19043888717784474,2.7988582292924377e-10,0.2649416510882869,0.5717086334327782,2.264288626955293,0.43574390579296385,0.4553805382661316
20260524-114851_diag_atenuacion_mixed_states_ear_eeg,diag_atenuacion_mixed_states_ear_eeg,0,58.88,62.88,104.69028130633713,1331.0,0.19688175360962784,0.8196739700107095,1.0,,0.25,0.5,5.5,8.5,14.5,49.75,1.5436001423540577e-10,0.29535486830753527,1.2800777615491019e-10,0.2449320833238297,4.571726333058978e-11,0.08747612752739753,4.206878881430302e-11,0.08049507925774724,1.524717539884957e-10,0.2917418415834903,1.0867263978621202,2.7999877251895606,0.540286951631365,0.37223692084123755
20260524-114851_diag_atenuacion_mixed_states_ear_eeg,diag_atenuacion_mixed_states_ear_eeg,0,59.136,63.136,89.31860948313067,1331.0,0.2069106098648259,0.7972171653313473,1.0,,1.0,1.0,5.0,12.25,14.25,49.5,1.2782102172504626e-10,0.40199492092272576,4.691830721376459e-11,0.1475572714384718,2.0894261173602847e-11,0.06571209300993573,2.5121947028846062e-11,0.07900809251086609,9.721122082585617e-11,0.3057276221180006,0.831713447592704,2.245511665808012,0.5495521923611976,0.3847357146288667
20260524-114851_diag_atenuacion_mixed_states_ear_eeg,diag_atenuacion_mixed_states_ear_eeg,0,59.392,63.392,78.12281996958379,1331.0,0.21270030627160247,0.7792173032509139,1.0,,1.0,1.0,4.5,8.0,13.0,49.5,1.0224555870617637e-10,0.4689756800288325,2.6136284008958402e-11,0.11988082144234534,1.3852238546358286e-11,0.06353687215763199,1.6623934572639133e-11,0.07624997231774439,5.916087738414798e-11,0.2713566540534457,0.8332707570419158,1.8867913602187825,0.5888565014711779,0.3476066263711901
20260524-114851_diag_atenuacion_mixed_states_ear_eeg,diag_atenuacion_mixed_states_ear_eeg,0,59.648,63.648,77.57952693849067,1331.0,0.2578338983534212,0.7951263020188551,0.75,high_50hz_ratio,49.25,1.0,4.75,8.0,13.0,49.25,6.432450576298252e-11,0.43024401736870027,1.6233401075405013e-11,0.10857951586872468,9.169568643749947e-12,0.06133202274980243,1.2295242999819096e-11,0.08223856025040494,4.7484312798525436e-11,0.31760588376236765,0.7457818152829401,1.7703560228506314,0.5388235332374249,0.3998444440127726
20260524-114851_diag_atenuacion_mixed_states_ear_eeg,diag_atenuacion_mixed_states_ear_eeg,0,59.904,63.904,78.26964929013033,1331.0,0.2750009335014237,0.808997085579423,0.75,high_50hz_ratio,49.5,1.75,5.0,8.0,21.5,49.5,5.862298899496396e-11,0.4009319517938307,1.5080728460239485e-11,0.10313950209116772,8.598135918194802e-12,0.05880401996845678,1.4314503382463078e-11,0.09789916683680762,4.960044819738764e-11,0.3392253593097372,0.6006590440803216,1.7539532526261479,0.5040714538849984,0.4371245261465448
20260524-114851_diag_atenuacion_mixed_states_ear_eeg,diag_atenuacion_mixed_states_ear_eeg,0,60.16,64.16,78.30404204126374,1331.0,0.2606659335870185,0.8098379531732224,0.75,high_50hz_ratio,49.5,1.75,4.5,8.0,13.0,49.5,5.76770344294291e-11,0.39689945252440134,1.5153247280875262e-11,0.10427574179641809,8.569715888036327e-12,0.058971748077876154,1.4069881788069022e-11,0.09682065719936349,4.9849127890082096e-11,0.3430324004019409,0.6090822948706843,1.7682321653194844,0.5011751943208195,0.4398530576013044
20260524-114851_diag_atenuacion_mixed_states_ear_eeg,diag_atenuacion_mixed_states_ear_eeg,0,60.416,64.416,78.35960056049291,1331.0,0.2608790082675906,0.8205816290992172,0.75,high_50hz_ratio,49.5,1.75,4.5,8.0,13.0,49.5,5.49469126561664e-11,0.3626742673997334,1.5624161216613035e-11,0.10312647151676757,9.019893535549478e-12,0.059535342786213474,1.4409924200525326e-11,0.0951119626213378,5.7503964388014285e-11,0.3795519556759477,0.6259501028617938,1.7321890945868281,0.465800738916501,0.4746639182972855
20260524-114851_diag_atenuacion_mixed_states_ear_eeg,diag_atenuacion_mixed_states_ear_eeg,0,60.672,64.672,78.37397527240786,1331.0,0.27269706663820953,0.8219643907442967,0.75,high_50hz_ratio,49.5,2.0,4.5,8.0,19.5,49.5,5.498162314288611e-11,0.35130587120705975,1.4505766898018202e-11,0.09268480605586055,9.385026140789622e-12,0.059965759397878335,1.4366168804603455e-11,0.09179284203183632,6.326783192604603e-11,0.40425072130736506,0.6532727178997305,1.5456288219563488,0.4439906772629203,0.4960435633392014
20260524-114851_diag_atenuacion_mixed_states_ear_eeg,diag_atenuacion_mixed_states_ear_eeg,0,60.928,64.928,78.42191020371794,1331.0,0.2769142863378336,0.8236224383688101,0.75,high_50hz_ratio,49.5,2.0,4.5,8.0,21.0,49.5,5.610213070281097e-11,0.3554207067824873,1.4651242717250195e-11,0.09281920270357792,9.698702219464183e-12,0.061443648477010906,1.497659652689577e-11,0.09488039858918822,6.241843587262943e-11,0.39543604344773575,0.6475905391486468,1.510639504721243,0.4482399094860652,0.490316442036924
20260524-114851_diag_atenuacion_mixed_states_ear_eeg,diag_atenuacion_mixed_states_ear_eeg,0,61.184,65.184,78.63275398967023,1331.0,0.2799279349099652,0.8200281024268072,0.75,high_50hz_ratio,49.5,1.75,4.5,8.0,20.75,49.5,5.620471224975915e-11,0.3569742390574664,1.4543014956622052e-11,0.09236737437017581,9.301626171182383e-12,0.059077625194479566,1.5130781246299702e-11,0.09610046747932535,6.226739547847334e-11,0.3954802938985529,0.61474857244778,1.563491661455731,0.44934161342764223,0.4915807613778782
20260524-114851_diag_atenuacion_mixed_states_ear_eeg,diag_atenuacion_mixed_states_ear_eeg,0,61.44,65.44,78.71182884420867,1331.0,0.301695703645987,0.821706694785697,0.75,high_50hz_ratio,50.0,2.0,4.5,8.0,21.0,50.0,5.406812916029345e-11,0.3366485839899413,1.3828269390927847e-11,0.08610002568585344,8.740477961073735e-12,0.054421515497001006,1.5223962440822488e-11,0.09479013751751429,6.87461908447828e-11,0.42803973730968997,0.5741263481862298,1.5820953330599206,0.42274860967579475,0.5228298748272042
20260524-114851_diag_atenuacion_mixed_states_ear_eeg,diag_atenuacion_mixed_states_ear_eeg,0,61.696,65.696,78.65532404103361,1331.0,0.3312294372891031,0.8303964679748047,0.75,high_50hz_ratio,49.5,2.0,4.5,8.0,19.75,49.5,5.169308333148439e-11,0.3186171573246073,1.2489279186016766e-11,0.07697932440525174,8.020993643890464e-12,0.04943845537994023,1.690996664911405e-11,0.10422681637396383,7.312867245913214e-11,0.4507382465162368,0.47433527282034593,1.5570738165999878,0.39559648172985906,0.5549650628902006
20260524-114851_diag_atenuacion_mixed_states_ear_eeg,diag_atenuacion_mixed_states_ear_eeg,0,61.952,65.952,89.75831437811208,1394.0,0.3076349963868863,0.839331664774283,0.75,high_50hz_ratio,49.5,1.5,5.25,8.5,19.75,49.5,5.1199465638631774e-11,0.3213032037170418,1.4415895632407075e-11,0.09046722252601,9.678154947916765e-12,0.06073544229511018,1.803012729720196e-11,0.11314840090139444,6.60257344119909e-11,0.41434573056044355,0.5367768506780698,1.4895293276442234,0.4117704262430518,0.527494131461838
20260524-114851_diag_atenuacion_mixed_states_ear_eeg,diag_atenuacion_mixed_states_ear_eeg,0,62.208,66.208,89.91917481827777,1394.0,0.2759192425713249,0.8454157245121028,0.75,high_50hz_ratio,49.5,2.0,4.5,8.5,19.75,49.5,5.1491919093337416e-11,0.30447667063990763,1.691802084713143e-11,0.1000378846244563,1.0256050206979622e-11,0.06064501140997371,1.8819130260748575e-11,0.11127932745611865,7.163101904878896e-11,0.42356110586954365,0.5449800317483782,1.6495649402747743,0.4045145552643639,0.5348404333256623
20260524-114851_diag_atenuacion_mixed_states_ear_eeg,diag_atenuacion_mixed_states_ear_eeg,0,62.464,66.464,89.98045898971621,1394.0,0.2876738164902917,0.8585954226235503,0.75,high_50hz_ratio,49.5,1.25,4.5,10.25,16.75,49.5,4.509774782932883e-11,0.26451658701702746,1.849285449554515e-11,0.1084680941025364,1.0246049306391234e-11,0.06009723596822742,1.9038599410346623e-11,0.11166910943464356,7.761593946518916e-11,0.4552489734775652,0.5381724298911907,1.804876586335551,0.37298468111956384,0.5669180829122088
20260524-114851_diag_atenuacion_mixed_states_ear_eeg,diag_atenuacion_mixed_states_ear_eeg,0,62.72,66.72,89.85276289575074,1394.0,0.32476192786813535,0.8774775981388989,0.75,high_50hz_ratio,49.5,1.5,4.5,10.25,21.25,49.5,3.8178708901072316e-11,0.2211372420285658,1.9056127770885893e-11,0.110376166724677,1.0568203750675835e-11,0.06121274128666932,2.109146721474382e-11,0.1221651811822627,8.375261661381684e-11,0.48510866877782516,0.5010653665330697,1.80315673509486,0.3315134087532428,0.6072738499600878
20260524-114851_diag_atenuacion_mixed_states_ear_eeg,diag_atenuacion_mixed_states_ear_eeg,0,62.976,66.976,71.1969872958119,1333.0,0.35223579148946815,0.9013810627882799,0.75,high_50hz_ratio,49.5,1.5,4.5,10.25,20.75,49.5,2.6040518795855428e-11,0.17024329241870992,1.901692881308715e-11,0.12432565565273848,1.0352428218398635e-11,0.06768035146477377,2.119991625612047e-11,0.13859722115126621,7.635082343265101e-11,0.4991534793125117,0.4883240147427404,1.836953457865056,0.2945689480714484,0.6377507004637779
20260524-114851_diag_atenuacion_mixed_states_ear_eeg,diag_atenuacion_mixed_states_ear_eeg,0,63.232,67.232,70.3938420602257,1333.0,0.357546516407237,0.8942949945609647,0.75,high_50hz_ratio,49.5,1.5,4.5,10.25,13.75,49.5,2.2918889914365147e-11,0.19204460557755057,1.5146683656589877e-11,0.12691883854350758,9.306821570960696e-12,0.07798479265156395,1.5800431375117302e-11,0.13239679682250483,5.6168666285846824e-11,0.4706549664048732,0.5890232582900985,1.6274819003569188,0.31896344412105815,0.603051763227378
20260524-114851_diag_atenuacion_mixed_states_ear_eeg,diag_atenuacion_mixed_states_ear_eeg,0,63.488,67.488,70.454992725853,1333.0,0.39575983020188266,0.8931374949781267,0.75,high_50hz_ratio,49.5,1.25,4.5,10.25,13.5,49.5,2.251295076837323e-11,0.18312172204004906,1.5887634513116223e-11,0.1292309933565847,9.900227483415426e-12,0.08052905743027379,1.5445655002225996e-11,0.1256359049128993,5.919334798803991e-11,0.48148232226019316,0.6409716831036706,1.6047746922715387,0.3123527153966338,0.6071182271730925
20260524-114851_diag_atenuacion_mixed_states_ear_eeg,diag_atenuacion_mixed_states_ear_eeg,0,63.744,67.744,69.48567478264854,1333.0,0.432703547967753,0.8737126241713716,0.75,high_50hz_ratio,49.5,0.75,4.5,10.25,20.75,49.5,2.996855149480528e-11,0.21843440182265642,1.734280019830839e-11,0.126407984313289,1.1336086836909409e-11,0.08262632739053859,1.696056556839836e-11,0.12362195734249015,6.158902734324815e-11,0.44890932913102577,0.6683790579502421,1.5298753836148815,0.3448423861359454,0.5725312864735159
20260524-114851_diag_atenuacion_mixed_states_ear_eeg,diag_atenuacion_mixed_states_ear_eeg,0,64.0,68.0,69.52378729614779,1333.0,0.38033407245983825,0.8538091432376774,0.75,high_50hz_ratio,49.75,1.25,4.5,10.25,20.5,49.75,3.951922630013856e-11,0.2797931256788548,2.108796918783264e-11,0.14930122286484107,1.031207740921834e-11,0.0730087261490084,1.650427038694552e-11,0.11684898291129397,5.382090725143146e-11,0.38104794239600165,0.624812679836786,2.0449777819725576,0.4290943485436959,0.4978969253072956
20260524-114851_diag_atenuacion_mixed_states_ear_eeg,diag_atenuacion_mixed_states_ear_eeg,0,64.256,68.256,69.53164027980355,1333.0,0.3220085214749481,0.8443641810197435,0.75,high_50hz_ratio,49.5,1.75,4.75,9.75,20.5,49.5,4.394650859053365e-11,0.3023129661543642,2.1830338278429355e-11,0.1501733477531985,1.0159088755980071e-11,0.0698855120405935,1.611392359334951e-11,0.11084948939355836,5.33177349989336e-11,0.3667786846582854,0.6304540726612914,2.1488480711992097,0.45248631390756267,0.47762817405184377
20260524-114851_diag_atenuacion_mixed_states_ear_eeg,diag_atenuacion_mixed_states_ear_eeg,0,64.512,68.512,69.40824158556389,1333.0,0.31492579764077977,0.831734293094875,0.75,high_50hz_ratio,49.5,1.75,4.25,9.75,20.5,49.5,4.767633979208197e-11,0.3352226545066313,1.930927590517903e-11,0.13576769428533317,8.961896145992444e-12,0.06301302970349403,1.4103374808339354e-11,0.09916387796067039,5.217201848663631e-11,0.36683274354387113,0.635443379175689,2.1545971511635624,0.47099034879196444,0.4659966215045415
20260524-114851_diag_atenuacion_mixed_states_ear_eeg,diag_atenuacion_mixed_states_ear_eeg,0,64.768,68.768,69.52820291076134,1333.0,0.3004984647352821,0.8614461565061101,0.75,high_50hz_ratio,49.5,1.25,4.25,12.0,20.5,49.5,4.143518546711599e-11,0.2721849769779779,2.1891733363690588e-11,0.14380534018203078,1.064463452933024e-11,0.06992389611973905,1.8354219824993252e-11,0.12056764906915358,5.990594043537757e-11,0.3935181376510988,0.5799557066890558,2.056597932354566,0.41599031716000867,0.5140857867202524
20260524-114851_diag_atenuacion_mixed_states_ear_eeg,diag_atenuacion_mixed_states_ear_eeg,0,65.024,69.024,69.53222993691486,1333.0,0.3084841292580106,0.863914811554844,0.75,high_50hz_ratio,49.75,1.75,4.25,9.75,14.0,49.75,4.062175524448421e-11,0.26364455913746127,2.2912623564656557e-11,0.14870821071196147,1.05807688917417e-11,0.0686716300910553,1.8783666173986584e-11,0.12191032508617088,6.117891629859714e-11,0.39706527497335103,0.5632962592997399,2.165497025697242,0.4123527698494227,0.5189756000595219
20260524-114851_diag_atenuacion_mixed_states_ear_eeg,diag_atenuacion_mixed_states_ear_eeg,0,65.28,69.28,69.43652497065214,1333.0,0.3184600853148344,0.8624168178096515,0.75,high_50hz_ratio,49.75,1.75,4.75,9.75,20.5,49.75,3.902827917613622e-11,0.2366941798788083,2.4181483501412283e-11,0.146653055846731,1.0074572102656544e-11,0.061099096137609554,1.7423060995717892e-11,0.1056653590784365,7.418165724650205e-11,0.4498883090584146,0.5782320400033379,2.4002491872618505,0.3833472357255393,0.5555536681368511
20260524-114851_diag_atenuacion_mixed_states_ear_eeg,diag_atenuacion_mixed_states_ear_eeg,0,65.536,69.536,69.36260519905521,1333.0,0.32844574998392817,0.8566614911141957,0.75,high_50hz_ratio,49.5,1.75,4.5,10.5,20.5,49.5,4.908976529973749e-11,0.27168407645019943,2.2286825244392406e-11,0.12334496807142242,1.3769123396358594e-11,0.07620430757057464,1.995802751471584e-11,0.11045639024744407,7.558320178099892e-11,0.4183102576603594,0.6899040191324557,1.6186088687596785,0.39502904452162185,0.5287666479078035
20260524-114851_diag_atenuacion_mixed_states_ear_eeg,diag_atenuacion_mixed_states_ear_eeg,0,65.792,69.792,71.4229794953977,1395.0,0.3599231485620464,0.8503776697979701,0.75,high_50hz_ratio,49.5,1.75,4.5,11.5,20.5,49.5,5.1593801608738566e-11,0.2962153869807981,1.8817521611463337e-11,0.10803699809581496,1.3015538956919588e-11,0.07472608702349605,1.9599819235600523e-11,0.11252840183507165,7.114996124792104e-11,0.4084931260648193,0.6640642344944974,1.4457735229979993,0.40425238507661304,0.521021527899891
20260524-114851_diag_atenuacion_mixed_states_ear_eeg,diag_atenuacion_mixed_states_ear_eeg,0,66.048,70.048,70.84830978929561,1395.0,0.34564174044024093,0.846103456357741,0.75,high_50hz_ratio,49.5,1.75,4.5,11.5,13.5,49.5,5.429048739930912e-11,0.3068913610732832,1.9382275867860754e-11,0.10956344852894676,1.3063821670191397e-11,0.07384671247646062,1.955503163462867e-11,0.11053999626200944,7.061296363333228e-11,0.39915848165930007,0.6680542335230779,1.4836604752563793,0.4164548096022299,0.5096984779213095
20260524-114851_diag_atenuacion_mixed_states_ear_eeg,diag_atenuacion_mixed_states_ear_eeg,0,66.304,70.304,70.4955814218168,1395.0,0.3491554865023006,0.8530364301750288,0.75,high_50hz_ratio,49.5,1.75,4.5,11.5,13.5,49.5,5.1677113059088966e-11,0.2832044043584412,1.673884618919713e-11,0.09173335513612588,1.2101293989609792e-11,0.06631832843245605,2.036141147922965e-11,0.11158598204351818,8.159417915038429e-11,0.44715793002945864,0.5943249072862227,1.3832277939507258,0.3749377594945671,0.5587439120729768
20260524-114851_diag_atenuacion_mixed_states_ear_eeg,diag_atenuacion_mixed_states_ear_eeg,0,66.56,70.56,70.4995815590419,1395.0,0.38062354760403766,0.8558453381904914,0.75,high_50hz_ratio,49.5,1.75,4.0,9.75,13.5,49.5,4.751005707052874e-11,0.2610466454942394,1.5140568369178052e-11,0.08319069324170211,1.1237844230111884e-11,0.06174695884920882,1.9705882060802628e-11,0.10827506270601046,8.840399182433224e-11,0.4857406397088393,0.5702786708779359,1.347284057257956,0.34423733873594153,0.5940157024148498
20260524-114851_diag_atenuacion_mixed_states_ear_eeg,diag_atenuacion_mixed_states_ear_eeg,0,66.816,70.816,70.33603628297517,1395.0,0.3915538225903443,0.8589611182672277,0.75,high_50hz_ratio,49.75,1.5,4.5,9.75,14.0,49.75,4.6920401489510226e-11,0.2553212855348943,1.538921080660056e-11,0.08374167657936972,1.1025724045182812e-11,0.059997398739190876,2.0191132756144188e-11,0.10987173613288406,9.024356555209283e-11,0.4910679030136611,0.5460676316848875,1.3957551217077826,0.339062962114264,0.6009396391465451
20260524-114851_diag_atenuacion_mixed_states_ear_eeg,diag_atenuacion_mixed_states_ear_eeg,0,67.072,71.072,70.19893873841683,1395.0,0.38514078889566955,0.8592402440057804,0.75,high_50hz_ratio,49.75,1.5,4.5,11.25,13.5,49.75,4.725777922379861e-11,0.2564096969204706,1.5580493245866554e-11,0.08453612540963923,1.0923181143858514e-11,0.059266635303372395,2.0835269280726694e-11,0.11304731558010146,8.970901823556474e-11,0.48674022678641626,0.5242639774261432,1.4263695750048586,0.34094582233010984,0.5997875423665178
20260524-114851_diag_atenuacion_mixed_states_ear_eeg,diag_atenuacion_mixed_states_ear_eeg,0,67.328,71.328,70.20007834753463,1395.0,0.453866424265492,0.8741171843370992,0.75,high_50hz_ratio,49.5,0.5,4.5,9.75,15.75,49.5,3.4809492561513055e-11,0.20287847405172005,1.3099269246776553e-11,0.07634583443818913,7.606260477408439e-12,0.04433119834107275,1.8808738794222786e-11,0.10962205837002996,9.725428693240318e-11,0.5668224347989881,0.4044003460638598,1.7221694268403047,0.2792243084899092,0.676444493169018
20260524-114851_diag_atenuacion_mixed_states_ear_eeg,diag_atenuacion_mixed_states_ear_eeg,0,67.584,71.584,69.95768721162814,1395.0,0.5414044307357049,0.8912551995604067,0.75,high_50hz_ratio,49.5,0.5,4.0,10.0,15.75,49.5,3.094246356741027e-11,0.1704683197270447,1.1346870609912992e-11,0.06251221603018418,9.68483158862805e-12,0.05335570531273653,2.1601964166659007e-11,0.11900961041035793,1.0793832164968722e-10,0.5946541485196767,0.4483310644305138,1.1716125888277202,0.23298053575722888,0.7136637589300346
20260524-114851_diag_atenuacion_mixed_states_ear_eeg,diag_atenuacion_mixed_states_ear_eeg,0,67.84,71.84,69.93569903847391,1395.0,0.6491866684656618,0.8991294231834533,0.75,high_50hz_ratio,49.75,0.5,5.0,10.0,15.75,49.75,1.9220577013089648e-11,0.1285544262058214,6.7264879197220884e-12,0.04498927343915682,8.809213217626968e-12,0.058919321191322156,2.0315371679456085e-11,0.13587682344977942,9.444149865024113e-11,0.6316601557139202,0.43362303956935644,0.7635741982340251,0.1735436996449782,0.7675369791636997
20260524-114851_diag_atenuacion_mixed_states_ear_eeg,diag_atenuacion_mixed_states_ear_eeg,0,68.096,72.096,69.84499982103229,1395.0,0.6177005889462522,0.9105837186075915,0.75,high_50hz_ratio,50.0,0.5,5.0,10.0,15.75,50.0,1.964503408126202e-11,0.13022165380366713,8.128668308409662e-12,0.053882758663789616,9.00929267672327e-12,0.0597201810447968,2.176203742638439e-11,0.14425470030128973,9.231339625118736e-11,0.6119207061864567,0.41399123162063695,0.9022537728640094,0.18410441246745674,0.7561754064877464
20260524-114851_diag_atenuacion_mixed_states_ear_eeg,diag_atenuacion_mixed_states_ear_eeg,0,68.352,72.352,69.90045779535353,1395.0,0.5703435285956384,0.8861371199833639,0.75,high_50hz_ratio,49.5,0.5,5.0,10.0,16.0,49.5,2.1247871951125937e-11,0.1309801742056063,6.965506863948942e-12,0.0429381024400438,8.885552607357466e-12,0.054774013656604705,1.9826437854620128e-11,0.12221789975241082,1.052966775326583e-10,0.6490898099453344,0.44816687054487087,0.7839137498529155,0.17391827664565007,0.7713077096977452
20260524-114851_diag_atenuacion_mixed_states_ear_eeg,diag_atenuacion_mixed_states_ear_eeg,0,68.608,72.608,86.22094873057243,1439.0,0.4848728598408782,0.8809821871221889,0.75,high_50hz_ratio,49.5,0.75,5.5,9.5,15.75,49.5,3.467127984197407e-11,0.17041139825142873,1.383355254509173e-11,0.06799273181544803,1.1740653952076347e-11,0.05770601101195396,2.2370630671086643e-11,0.10995297750188611,1.2084022568592878e-10,0.5939368814192832,0.524824450624487,1.1782608193341098,0.23840413006687677,0.7038898589211694
20260524-114851_diag_atenuacion_mixed_states_ear_eeg,diag_atenuacion_mixed_states_ear_eeg,0,68.864,72.864,86.72615522436124,1439.0,0.34524629596150636,0.873512283680188,0.75,high_50hz_ratio,49.5,0.5,5.5,9.5,21.5,49.5,5.862642203483354e-11,0.24129210059544667,2.5629505072240466e-11,0.10548481216247765,1.6227879045197774e-11,0.06679000503728626,2.693332898572981e-11,0.11085103442153851,1.1555154013217365e-10,0.47558204778325086,0.6025203588385176,1.5793502651121165,0.3467769127579243,0.5864330822047894
20260524-114851_diag_atenuacion_mixed_states_ear_eeg,diag_atenuacion_mixed_states_ear_eeg,0,69.12,73.12,86.6771134729347,1439.0,0.338085688808096,0.8643219792081084,0.75,high_50hz_ratio,49.25,3.0,5.5,10.25,16.0,49.25,4.9329740151310234e-11,0.23766808043544527,2.2809149267645205e-11,0.10989327545976932,1.0135363822164678e-11,0.04883164713091958,2.0349630639488558e-11,0.09804344472163429,1.0493339541802663e-10,0.5055635522522316,0.4980613162824172,2.2504519490227537,0.3475613558952146,0.6036069969738659
20260524-114851_diag_atenuacion_mixed_states_ear_eeg,diag_atenuacion_mixed_states_ear_eeg,0,69.376,73.376,86.55845423758444,1439.0,0.26643497822070394,0.8400458877210909,0.75,high_50hz_ratio,49.25,1.25,4.0,10.25,20.0,49.25,8.053315060011598e-11,0.3109638144775105,3.09696574499494e-11,0.11958358442373228,1.724629215284846e-11,0.06659335631947311,2.4115552155194677e-11,0.09311772891696461,1.0611451772774178e-10,0.40974151586231955,0.7151522818909818,1.7957284484963534,0.4305473989012428,0.5028592447792841
20260524-114851_diag_atenuacion_mixed_states_ear_eeg,diag_atenuacion_mixed_states_ear_eeg,0,69.632,73.632,86.46775121396415,1439.0,0.2784882243139651,0.8352361597991917,0.75,high_50hz_ratio,49.5,0.75,4.0,10.25,20.0,49.5,8.365745768161806e-11,0.3211359724384958,3.143507860368905e-11,0.12066986991757918,1.8064013920956095e-11,0.06934234959333946,2.4598561780198716e-11,0.09442652546215582,1.02749673716548e-10,0.3944252825884296,0.7343524423243808,1.740204516074977,0.44180584235607495,0.4888518080505855
20260524-114851_diag_atenuacion_mixed_states_ear_eeg,diag_atenuacion_mixed_states_ear_eeg,0,69.888,73.888,73.99502010270692,1215.0,0.25823292089777905,0.827888914795553,0.75,high_50hz_ratio,49.5,0.75,4.0,10.5,20.0,49.5,1.0321172870582876e-10,0.3549804229517662,3.937205847543066e-11,0.13541397034367036,2.1762037125893853e-11,0.07484708608320764,2.7878671881085162e-11,0.09588428427439212,9.85288018319538e-11,0.33887423634696373,0.7805980578529187,1.8092083129746748,0.49039439329543655,0.43475852062135584
20260524-114851_diag_atenuacion_mixed_states_ear_eeg,diag_atenuacion_mixed_states_ear_eeg,0,70.144,74.144,73.83923753669183,1215.0,0.19661440357736687,0.7886525189171918,1.0,,1.5,1.5,4.0,10.5,13.25,49.25,1.6178052495201067e-10,0.4447593833202304,4.188236458337341e-11,0.11514101990718446,1.9968692496395856e-11,0.05489698690891751,3.2038092533355684e-11,0.08807761182700166,1.0807874990717593e-10,0.29712499803666603,0.6232796935587203,2.0974014493403983,0.5599004032274149,0.3852026098636677
20260524-114851_diag_atenuacion_mixed_states_ear_eeg,diag_atenuacion_mixed_states_ear_eeg,0,70.4,74.4,73.75171862404292,1215.0,0.21713658004120917,0.7805369855053957,1.0,,1.5,1.5,4.0,10.5,13.25,49.25,1.5844688645278285e-10,0.44106477677660544,4.071651413474255e-11,0.11334157849364487,1.8366734447583515e-11,0.05112703575688554,3.17482275597584e-11,0.08837677543048857,1.0995886240130257e-10,0.30608983354237557,0.5785121204959413,2.2168619169043176,0.5544063552702503,0.3944666089728641
20260524-114851_diag_atenuacion_mixed_states_ear_eeg,diag_atenuacion_mixed_states_ear_eeg,0,70.656,74.656,73.73284207190171,1215.0,0.23017954451246872,0.7820029809467559,1.0,,1.5,1.5,4.0,10.5,13.25,49.5,1.5708523500802894e-10,0.436438030020413,4.0929340290159257e-11,0.11371610225085257,1.8086510520624638e-11,0.05025068728554553,3.1421939416958135e-11,0.08730119885460295,1.1240260956897275e-10,0.31229398158858596,0.5756013427631878,2.2629760585098047,0.5501541322712655,0.3995951804431889
20260524-114851_diag_atenuacion_mixed_states_ear_eeg,diag_atenuacion_mixed_states_ear_eeg,0,70.912,74.912,73.74058583982094,1215.0,0.2696761682742383,0.816753135000443,0.75,high_50hz_ratio,49.5,1.5,4.0,10.5,20.25,49.5,1.0149233376049193e-10,0.3421665509230086,4.061579017763977e-11,0.1369301928842379,1.9141110714544148e-11,0.06453145367104102,2.5005276774000602e-11,0.0843016313806117,1.1036224870581489e-10,0.3720701711411008,0.7654828573801767,2.1219139674469534,0.47909674380724654,0.4563718025217125
20260524-114851_diag_atenuacion_mixed_states_ear_eeg,diag_atenuacion_mixed_states_ear_eeg,0,71.168,75.168,73.74915592737317,1215.0,0.26815230669085394,0.816423937184051,0.75,high_50hz_ratio,49.5,1.5,4.0,10.5,20.0,49.5,9.91830652823529e-11,0.337264332366253,3.968712130888221e-11,0.13495298248420015,1.7948192553733443e-11,0.06103143880039863,2.5342105161820574e-11,0.08617386601054675,1.1192061400112448e-10,0.38057738033860145,0.708236053758213,2.2112043421679695,0.47221731485045315,0.4667512463491482
20260524-114851_diag_atenuacion_mixed_states_ear_eeg,diag_atenuacion_mixed_states_ear_eeg,0,71.424,75.424,73.63658058329433,1215.0,0.2846557330519962,0.8150805901369171,0.75,high_50hz_ratio,49.5,1.5,4.0,10.5,20.0,49.5,9.7665251142119e-11,0.3333756488033897,3.827790582423555e-11,0.1306597949604444,1.773922315641157e-11,0.06055198711803069,2.495943343082499e-11,0.08519782846468152,1.1431674983481547e-10,0.3902147406534538,0.7107221886897307,2.1578118436601654,0.4640354437638341,0.47541256911813534
20260524-114851_diag_atenuacion_mixed_states_ear_eeg,diag_atenuacion_mixed_states_ear_eeg,0,71.68,75.68,73.50263940839132,1215.0,0.3230699473635251,0.8165651377003234,0.75,high_50hz_ratio,49.5,1.5,4.0,10.5,20.25,49.5,9.18933255766473e-11,0.32782793197727716,3.7105851988700795e-11,0.13237451844709408,1.5881543763208005e-11,0.05665714692365211,2.448889904570739e-11,0.08736374573644497,1.1094000736977123e-10,0.3957766569155317,0.64852012062959,2.3364134206311924,0.46020245042437125,0.48314040265197666
20260524-114851_diag_atenuacion_mixed_states_ear_eeg,diag_atenuacion_mixed_states_ear_eeg,0,71.936,75.936,74.71946198949776,1215.0,0.2832025127137091,0.8178035938372137,0.75,high_50hz_ratio,49.5,1.5,4.0,8.0,22.0,49.5,1.1689507805076526e-10,0.32960696065866946,5.906286662531933e-11,0.16653850855641245,2.6130017075776902e-11,0.07367834175674752,2.7521872358690068e-11,0.07760293120163833,1.250400732129109e-10,0.3525732578265323,0.9494273040448251,2.260345504330799,0.4961454692150819,0.4301761890281707
20260524-114851_diag_atenuacion_mixed_states_ear_eeg,diag_atenuacion_mixed_states_ear_eeg,0,72.192,76.192,74.65135631721637,1215.0,0.2515402863895319,0.8054178859487497,0.75,high_50hz_ratio,1.5,1.5,4.0,8.0,22.0,49.25,1.5214490895264692e-10,0.36418138208338696,6.29762890759843e-11,0.15074307876652657,3.0625365242593464e-11,0.07330634930628858,3.4048161036812135e-11,0.08149931817727277,1.3797761782067242e-10,0.3302698716665251,0.8994719335790847,2.056344098335764,0.5149244608499135,0.41176918984379784
20260524-114851_diag_atenuacion_mixed_states_ear_eeg,diag_atenuacion_mixed_states_ear_eeg,0,72.448,76.448,74.57919280871843,1215.0,0.29113064434948255,0.8353993564667688,0.75,high_50hz_ratio,49.5,1.5,5.0,8.0,16.25,49.5,1.192528646923299e-10,0.2919470793361512,6.289074459952419e-11,0.15396501585498462,3.66782458990462e-11,0.08979328750740212,3.696395966468802e-11,0.09049275329902455,1.526884365857861e-10,0.3738018640024375,0.9922704772910256,1.7146606403323021,0.44591209519113584,0.46429461730146204
20260524-114851_diag_atenuacion_mixed_states_ear_eeg,diag_atenuacion_mixed_states_ear_eeg,0,72.704,76.704,54.10351190079994,895.0,0.3376304082493549,0.7934125698902755,0.75,high_50hz_ratio,49.5,1.0,4.5,8.0,16.25,49.5,9.477628378175237e-11,0.3549111244755925,3.8465564875008075e-11,0.14404296453335313,1.1803648173322495e-11,0.04420141705233995,2.3261896713003575e-11,0.08710940744267426,9.8734908728479e-11,0.36973508649604025,0.5074241502724998,3.2587861235939206,0.4989540890089456,0.4568444939387145
20260524-114851_diag_atenuacion_mixed_states_ear_eeg,diag_atenuacion_mixed_states_ear_eeg,0,72.96,76.96,53.61475543169063,895.0,0.3394134013175035,0.8173314293269712,0.75,high_50hz_ratio,49.75,1.0,5.0,8.0,13.0,49.75,7.979658662344451e-11,0.3280910553817192,3.642213292995169e-11,0.14975297237501425,1.5589473724719896e-11,0.0640975648660916,2.172772082764584e-11,0.08933553625572321,8.967884385405131e-11,0.3687228711214518,0.7174923614116128,2.3363285748509837,0.4778440277567334,0.458058407377175
20260524-114851_diag_atenuacion_mixed_states_ear_eeg,diag_atenuacion_mixed_states_ear_eeg,0,73.216,77.216,53.721131782567646,895.0,0.37185939528717254,0.837032867689454,0.75,high_50hz_ratio,49.75,1.0,5.0,8.0,16.75,49.75,6.107859447867086e-11,0.284442051722561,2.9330047278007253e-11,0.13658956785244028,1.567632910405502e-11,0.07300441753604248,2.0959020443405835e-11,0.0976058278338298,8.768724871042007e-11,0.40835813505512647,0.747951420076368,1.870976749934422,0.42103161957500124,0.5059639628889563
20260524-114851_diag_atenuacion_mixed_states_ear_eeg,diag_atenuacion_mixed_states_ear_eeg,0,73.472,77.472,73.78407687299476,1237.0,0.3167351116328981,0.8035081255709504,0.75,high_50hz_ratio,0.0,0.5,4.5,8.0,13.0,49.5,1.0478992622402273e-10,0.34597966465934027,4.7277655458367196e-11,0.15609427328345518,1.9754570215877413e-11,0.06522267764715567,2.5504814049696623e-11,0.08420797046128622,1.0555189349945865e-10,0.34849541394876266,0.7745428050322285,2.3932515332765147,0.5020739379427954,0.43270338441004885
20260524-114851_diag_atenuacion_mixed_states_ear_eeg,diag_atenuacion_mixed_states_ear_eeg,0,73.728,77.728,74.15292981399993,1237.0,0.2960327934636014,0.7856975878577543,0.75,high_50hz_ratio,0.0,0.75,4.5,8.0,16.25,49.5,1.289317818381293e-10,0.3870608024984609,4.53569263510652e-11,0.1361641641961318,1.8215273872554142e-11,0.05468332495157542,2.8824362346932016e-11,0.08653243337253333,1.1177637972220568e-10,0.33555927498129856,0.6319402196417686,2.490049102111318,0.5232249666945927,0.4220917083538319
20260524-114851_diag_atenuacion_mixed_states_ear_eeg,diag_atenuacion_mixed_states_ear_eeg,0,73.984,77.984,74.2826291941797,1237.0,0.22080788464390702,0.812295295875082,1.0,,49.5,0.75,5.0,8.0,16.25,49.5,1.308738196463208e-10,0.35668600743607526,6.853925230328333e-11,0.18679818716056876,2.8383033186597434e-11,0.0773556606937289,3.443015370559107e-11,0.09383659844150437,1.0468978753486772e-10,0.28532354626812273,0.8243655671507604,2.414796609392959,0.543484194596644,0.3791601447096271
20260524-114851_diag_atenuacion_mixed_states_ear_eeg,diag_atenuacion_mixed_states_ear_eeg,0,74.24,78.24,74.69771080829719,1237.0,0.2209558768226073,0.7743801435354302,1.0,,1.0,1.0,4.0,8.0,16.75,49.5,1.5032561793537093e-10,0.4219914873610978,5.23510138886248e-11,0.14695886515643716,2.105109742648023e-11,0.05909427837777444,2.5901336738044833e-11,0.07270978669402411,1.0659996335855083e-10,0.2992455824106664,0.8127417375937824,2.4868543823645184,0.568950352517535,0.3719553691046905
20260524-114851_diag_atenuacion_mixed_states_ear_eeg,diag_atenuacion_mixed_states_ear_eeg,0,74.496,78.496,74.9274782706585,1237.0,0.23067320125474947,0.7800447638788125,1.0,,0.75,0.75,4.5,8.0,16.75,49.5,1.4238485574435222e-10,0.4008107404693275,5.453750606381495e-11,0.15352207279709357,2.224536954694071e-11,0.06262030462096248,2.4844127945961932e-11,0.06993576154064192,1.1123025715925087e-10,0.31311112057197443,0.8953974796509766,2.4516340782171993,0.5543328132664211,0.38304688211261634
20260524-114851_diag_atenuacion_mixed_states_ear_eeg,diag_atenuacion_mixed_states_ear_eeg,0,74.752,78.752,75.13795312623309,1237.0,0.2218849372657095,0.8048339792591633,1.0,,0.75,0.75,4.5,8.0,16.25,49.5,1.2514380209462823e-10,0.3454154517553139,6.967737570673531e-11,0.1923198896311926,2.797342381734953e-11,0.07721079800425373,2.8584887528787534e-11,0.07889852852372949,1.1091988529761791e-10,0.3061553320855103,0.9786088466913784,2.490841884843584,0.5377353413865065,0.3850538606092398
20260524-114851_diag_atenuacion_mixed_states_ear_eeg,diag_atenuacion_mixed_states_ear_eeg,0,75.008,79.008,75.68497869458642,1237.0,0.198838226958182,0.793105525118455,1.0,,0.75,0.75,4.5,8.0,16.5,49.25,1.3727508533975895e-10,0.3798066992311599,7.097545218791558e-11,0.1963717753677745,2.4529434116855318e-11,0.0678669649548759,2.9435490497247584e-11,0.08144082706879786,9.921861897802369e-11,0.2745137333773918,0.8333285330899781,2.89348102568518,0.5761784745989345,0.35595456044618967
20260524-114851_diag_atenuacion_mixed_states_ear_eeg,diag_atenuacion_mixed_states_ear_eeg,0,75.264,79.264,75.7141004040859,1237.0,0.22152248953831533,0.8132834966715984,1.0,,49.25,0.75,7.0,8.0,16.5,49.25,1.3489806486956986e-10,0.3274383560071186,7.000741855624149e-11,0.16992915400618863,4.6179929840824375e-11,0.11209264063368049,2.442492166744006e-11,0.05928666363095714,1.3646969854323966e-10,0.33125318572205514,1.890688963903008,1.5159706564636857,0.49736751001330726,0.3905398493530123
20260524-114851_diag_atenuacion_mixed_states_ear_eeg,diag_atenuacion_mixed_states_ear_eeg,0,75.52,79.52,75.7703767972682,1237.0,0.22490637964397953,0.7816888194536438,1.0,,0.75,0.75,6.0,8.0,16.5,49.5,1.7878447143696269e-10,0.40076583159372087,7.044286395973439e-11,0.15790573268339056,3.859065013971856e-11,0.08650535402029988,2.3718770359126887e-11,0.05316833531992499,1.3457031547327285e-10,0.3016547463826637,1.627008886017948,1.8253868153216901,0.5586715642771114,0.3548230817025887
20260524-114851_diag_atenuacion_mixed_states_ear_eeg,diag_atenuacion_mixed_states_ear_eeg,0,75.776,79.776,75.22994749433234,1237.0,0.2444733748101047,0.7749378246839048,1.0,,0.75,0.75,4.0,8.5,16.5,49.25,2.0757253783022701e-10,0.42696519706012365,6.618609493277497e-11,0.13614112618657387,4.2062213175692573e-11,0.08651963947192863,2.7112404210164175e-11,0.05576871163869709,1.4322473007873682e-10,0.29460532564267683,1.5514010800976425,1.573528588624609,0.5631063232466975,0.3503740372813739
20260524-114851_diag_atenuacion_mixed_states_ear_eeg,diag_atenuacion_mixed_states_ear_eeg,0,76.032,80.032,74.98190448368193,1237.0,0.2421250993214044,0.7708463012722393,1.0,,1.0,1.0,4.0,8.75,16.75,49.25,1.894569911919745e-10,0.4410524847967549,5.495185354027303e-11,0.12792693157238028,3.570803055865908e-11,0.08312765607650052,2.2845095788667357e-11,0.05318297413897936,1.2659459582034895e-10,0.29470995341538486,1.5630501569782242,1.5389214325332592,0.5689794163691352,0.34789292755436424
20260524-114851_diag_atenuacion_mixed_states_ear_eeg,diag_atenuacion_mixed_states_ear_eeg,0,76.288,80.288,75.26949581337715,1237.0,0.1960079784166043,0.7573949130139702,1.0,,1.0,1.0,4.0,8.25,16.5,49.25,2.1900062270102324e-10,0.4790273245800017,6.546982745249789e-11,0.1432043247114378,3.152178888946675e-11,0.06894865417031677,2.06400105540658e-11,0.04514657955340573,1.2054547589707576e-10,0.26367311698483803,1.5272176730189404,2.0769705577964563,0.6222316492914395,0.30881969653824376
20260524-114851_diag_atenuacion_mixed_states_ear_eeg,diag_atenuacion_mixed_states_ear_eeg,0,76.544,80.544,75.27273078612201,1237.0,0.1894255380337408,0.7570776873742275,1.0,,0.75,0.75,4.0,8.0,16.0,49.25,2.2799410382988906e-10,0.46016819251458135,7.131206074080635e-11,0.1439315383351809,3.054732988982169e-11,0.06165470661484313,2.1592884207747914e-11,0.043581646762539616,1.4401182017859382e-10,0.290663915772855,1.41469428520627,2.334477710425597,0.6040997308497622,0.3342455625353946
20260524-114851_diag_atenuacion_mixed_states_ear_eeg,diag_atenuacion_mixed_states_ear_eeg,0,76.8,80.8,75.16647523996319,1237.0,0.19602498114776754,0.7452276010498202,1.0,,1.0,1.0,4.0,8.0,16.0,49.25,2.4694179002025464e-10,0.4727771118580439,6.884533333899347e-11,0.131806357515445,3.0472134727423384e-11,0.05833977249212771,2.2846805584958268e-11,0.04374086200133579,1.5321573200447185e-10,0.2933358961330476,1.3337590944217352,2.259288164574704,0.6045834693734888,0.3370767581343834
20260524-114851_diag_atenuacion_mixed_states_ear_eeg,diag_atenuacion_mixed_states_ear_eeg,0,77.056,81.056,74.95525998887604,1237.0,0.19709394200200067,0.7450252681700505,1.0,,1.0,1.0,4.0,8.0,16.25,49.25,2.5012444505623645e-10,0.4660873356655113,7.525333158149631e-11,0.1402286961951557,3.303374939965372e-11,0.06155580771509601,2.3448597590311142e-11,0.04369462718249557,1.5478703649968855e-10,0.28843353324174137,1.4087729243689664,2.2780741801681517,0.6063160318606671,0.33212816042423693
20260524-114851_diag_atenuacion_mixed_states_ear_eeg,diag_atenuacion_mixed_states_ear_eeg,0,77.312,81.312,68.77433387536371,1042.0,0.20620398165094517,0.7560114184172321,1.0,,0.75,0.75,4.0,8.0,16.25,49.5,2.405879668596308e-10,0.45184591408447844,8.348971524274822e-11,0.15680121991521895,2.906878379312354e-11,0.05459379933158197,2.5794304168471334e-11,0.04844403108479674,1.5351500603196704e-10,0.2883150355839239,1.1269458405726112,2.8721433905500513,0.6086471339996974,0.33675906666872063
20260524-114851_diag_atenuacion_mixed_states_ear_eeg,diag_atenuacion_mixed_states_ear_eeg,0,77.568,81.568,54.5404987142582,886.0,0.2277966905370908,0.7553023245665111,1.0,,0.0,0.5,4.0,8.0,15.75,49.5,1.8134750738322664e-10,0.45974719500696126,6.200417242453593e-11,0.15719126643780382,1.8685167548908806e-11,0.0473701210058125,1.999800636612253e-11,0.05069839373709842,1.1241563853193486e-10,0.28499302381232405,0.9343515151871475,3.318363202376364,0.616938461444765,0.33569141754942244
20260524-114851_diag_atenuacion_mixed_states_ear_eeg,diag_atenuacion_mixed_states_ear_eeg,0,77.824,81.824,52.82409488102944,786.0,0.22473800443442246,0.74745830859196,1.0,,0.75,0.75,4.0,11.5,16.5,49.5,1.873011769113816e-10,0.5159362786229665,4.5798727023260643e-11,0.12615630705422615,2.3962307802837544e-11,0.06600611976327,2.1136408910221095e-11,0.058221952133020075,8.483298746345633e-11,0.23367934242651728,1.1336981558513426,1.9112819766816156,0.6420925856771926,0.29190129455953734
20260524-114851_diag_atenuacion_mixed_states_ear_eeg,diag_atenuacion_mixed_states_ear_eeg,0,78.08,82.08,52.45316005733115,786.0,0.20590438811802364,0.7470797925744045,1.0,,1.0,1.0,4.0,8.0,15.75,49.5,1.8667147320254575e-10,0.47468095148908873,6.478395041164234e-11,0.16473704682907567,2.18218533676429e-11,0.05549009681071528,1.9665885108928912e-11,0.050007753703495014,1.0031355616800233e-10,0.2550841511676253,1.1096298613956161,2.9687648120531756,0.6394179983181644,0.3050919048711203
20260524-114851_diag_atenuacion_mixed_states_ear_eeg,diag_atenuacion_mixed_states_ear_eeg,0,78.336,82.336,70.71236101276777,1103.0,0.18890816667110893,0.7519915765572532,1.0,,0.0,0.5,5.0,8.0,18.0,49.5,2.5210587661029886e-10,0.44619530321821144,1.014297276165936e-10,0.17951770374311754,3.5439805376178594e-11,0.06272394328301201,2.943184124687325e-11,0.052090611714373646,1.4660514348045208e-10,0.2594724380412854,1.2041314397869558,2.8620283475024704,0.625713006961329,0.311563049755659
20260524-114851_diag_atenuacion_mixed_states_ear_eeg,diag_atenuacion_mixed_states_ear_eeg,0,78.592,82.592,70.6307227769899,1103.0,0.17731710386210361,0.7538957078095591,1.0,,0.0,0.5,5.5,8.0,16.25,49.25,2.5681923336339085e-10,0.42363787216413934,1.1018176502329941e-10,0.18175106231126031,4.018962852537374e-11,0.06629506866982002,3.229770528820495e-11,0.053276894276525155,1.667351672508985e-10,0.27503910257825526,1.2443493482507844,2.741547236589562,0.6053889344753997,0.3283159968547804
20260524-114851_diag_atenuacion_mixed_states_ear_eeg,diag_atenuacion_mixed_states_ear_eeg,0,78.848,82.848,70.5188769054074,1103.0,0.16938439604810654,0.7554046419122007,1.0,,0.0,0.5,5.0,8.0,16.0,49.25,2.723936008777137e-10,0.444781059238657,1.0459656543442056e-10,0.17079171836908374,3.900947830127958e-11,0.06369708033992993,2.9722397827809033e-11,0.048532562976398734,1.6669972152502313e-10,0.27219757907593056,1.312460674514669,2.6813115680911226,0.6155727776077408,0.3207301420523293
20260524-114851_diag_atenuacion_mixed_states_ear_eeg,diag_atenuacion_mixed_states_ear_eeg,0,79.104,83.104,70.0630715855364,1103.0,0.16887137403076613,0.7457988307734115,1.0,,0.0,0.5,5.0,8.0,15.75,49.25,2.344938480513892e-10,0.4476399916050989,9.206736541344065e-11,0.17575315951036946,2.2402692446245337e-11,0.04276590256803312,2.7947286253762295e-11,0.053350324914612765,1.4693353227670903e-10,0.28049062140188585,0.8016052879992761,4.109656267181003,0.6233931511154683,0.33384094631649863
20260524-114851_diag_atenuacion_mixed_states_ear_eeg,diag_atenuacion_mixed_states_ear_eeg,0,79.36,83.36,70.34622235770732,1103.0,0.17613593302552602,0.7473007285390952,1.0,,0.0,0.5,5.0,8.0,16.25,49.25,2.300035256308866e-10,0.4391864657558168,9.082725558132203e-11,0.17343256484284245,2.232081654564848e-11,0.042621088109750675,2.9262700864485824e-11,0.055876457266868004,1.512892841714998e-10,0.28888342402472206,0.7627736294409433,4.069172621690183,0.6126190305986593,0.3447598812915901
20260524-114851_diag_atenuacion_mixed_states_ear_eeg,diag_atenuacion_mixed_states_ear_eeg,0,79.616,83.616,70.6093478230751,1103.0,0.19518830940561005,0.7607259151901307,1.0,,0.0,0.5,5.0,8.0,16.0,49.25,2.449408750614639e-10,0.41647660699181666,1.0442165254963133e-10,0.17754968638630012,4.0731844513293277e-11,0.06925696005273854,3.0000859606832097e-11,0.051010907071986036,1.6803113827226137e-10,0.28570583949715866,1.3576892478113332,2.563636726923874,0.5940262933781167,0.3367167465691447
20260524-114851_diag_atenuacion_mixed_states_ear_eeg,diag_atenuacion_mixed_states_ear_eeg,0,79.872,83.872,71.18820126959243,1103.0,0.19539045464485896,0.7676075680995548,1.0,,0.25,0.5,4.75,8.0,16.25,49.5,2.4166204553638825e-10,0.41496274290308804,1.1261450183548745e-10,0.19337261864433827,4.443172771961834e-11,0.07629461037430377,3.073439623143997e-11,0.0527746478904495,1.5292779366318864e-10,0.2625953801878204,1.4456678239270757,2.53455149316113,0.6083353615474263,0.3153700280782699
20260524-114851_diag_atenuacion_mixed_states_ear_eeg,diag_atenuacion_mixed_states_ear_eeg,0,80.128,84.128,70.83615602218968,1103.0,0.18510604555447363,0.7780757097099094,1.0,,0.25,0.5,4.75,8.0,15.25,49.25,2.2294692418666716e-10,0.39161335756180227,1.1223950724475086e-10,0.19715226143419348,4.9574439602822334e-11,0.0870790786324158,2.936784346711244e-11,0.051585550356711876,1.5517496189707777e-10,0.2725697520148766,1.6880517515131213,2.264060030612246,0.5887656189959958,0.32415530237158846
20260524-114851_diag_atenuacion_mixed_states_ear_eeg,diag_atenuacion_mixed_states_ear_eeg,0,80.384,84.384,70.53402016048709,1103.0,0.1656172708946164,0.7528435081578029,1.0,,0.25,0.5,4.0,9.75,13.5,49.25,1.9434987772989032e-10,0.45193920380094277,8.217709327500341e-11,0.19109376624870908,3.022788802959541e-11,0.07029161946613542,1.8527158086663177e-11,0.043082862578477425,1.0475343033582904e-10,0.24359254790573528,1.6315447781144066,2.7185853406147915,0.6430329700496519,0.2866754104842127
20260524-114851_diag_atenuacion_mixed_states_ear_eeg,diag_atenuacion_mixed_states_ear_eeg,0,80.64,84.64,70.62001132823471,1103.0,0.16415812317314554,0.7512950076213841,1.0,,0.25,0.5,4.0,9.5,22.5,49.0,1.9563777068560462e-10,0.4601508768488466,7.785129815432535e-11,0.18311056696256733,2.728219103924982e-11,0.06416922501761205,1.8133166073436415e-11,0.042650211354874575,1.0625562595329164e-10,0.24991911981609943,1.5045464718495005,2.8535574009552143,0.6432614438114139,0.292569331170974
20260524-114851_diag_atenuacion_mixed_states_ear_eeg,diag_atenuacion_mixed_states_ear_eeg,0,80.896,84.896,71.15283550217798,1103.0,0.16346369100645278,0.7547838933763107,1.0,,0.25,0.5,4.0,9.5,13.5,49.25,1.9769474530397537e-10,0.45436225074628467,8.193984643697255e-11,0.18832252215739156,2.9563971060115846e-11,0.0679469371389617,1.887171705957618e-11,0.0433729071829997,1.0703352768337161e-10,0.24599538277436234,1.5665755779818686,2.771611644131121,0.6426847729036762,0.289368289957362
20260524-114851_diag_atenuacion_mixed_states_ear_eeg,diag_atenuacion_mixed_states_ear_eeg,0,81.152,85.152,71.87818862492293,1103.0,0.16266227248854054,0.7567455517228588,1.0,,0.25,0.5,4.0,9.75,22.25,49.25,1.971911926385562e-10,0.449938060543603,7.855384353945709e-11,0.17923906000798834,3.167548309954847e-11,0.07227506077675531,1.9522812971624192e-11,0.04454588710211271,1.1131964199290223e-10,0.25400193156954065,1.6224856093016826,2.479957236724098,0.6291771205515914,0.29854781867165336
20260524-114851_diag_atenuacion_mixed_states_ear_eeg,diag_atenuacion_mixed_states_ear_eeg,0,81.408,85.408,72.34018938321907,1103.0,0.15756093912280858,0.7581485051033204,1.0,,0.25,0.5,5.0,9.5,13.5,49.0,1.9052800116201854e-10,0.4558118072139794,7.542091133254098e-11,0.18043406578845667,2.817698508845018e-11,0.06740952729612816,1.892000291403191e-11,0.04526348184068293,1.0495117230053904e-10,0.2510811178607529,1.4892695955957218,2.6766849290578003,0.6362458730024361,0.2963445997014358
20260524-114851_diag_atenuacion_mixed_states_ear_eeg,diag_atenuacion_mixed_states_ear_eeg,0,81.664,85.664,72.17994181211287,1103.0,0.15785420781659337,0.7480564049512549,1.0,,0.25,0.5,4.75,9.5,14.5,49.25,2.361658384010333e-10,0.49001422294264174,7.587706170313621e-11,0.15743529920062518,2.937362490609202e-11,0.06094655383191243,2.3717400776275964e-11,0.049210604676324876,1.1682318350471167e-10,0.24239331934849587,1.2384841485443827,2.583169831633531,0.6474495221432669,0.2916039240248207
20260524-114851_diag_atenuacion_mixed_states_ear_eeg,diag_atenuacion_mixed_states_ear_eeg,0,81.92,85.92,74.68885459022651,1103.0,0.1523618010704978,0.7718998741400901,1.0,,1.5,1.5,4.0,9.75,13.75,49.5,2.5700363731706204e-10,0.47721492991680653,9.165204772982497e-11,0.1701832938658435,3.6926961504432534e-11,0.0685675017300951,3.419777763943492e-11,0.0634998408189067,1.1876860519913875e-10,0.2205344336683483,1.0798058836972633,2.4819818364644894,0.64739822378265,0.284034274487255
20260524-114851_diag_atenuacion_mixed_states_ear_eeg,diag_atenuacion_mixed_states_ear_eeg,0,82.176,86.176,63.51014879529098,923.0,0.15967074182920643,0.742464051261763,1.0,,0.75,0.75,4.0,8.0,13.75,49.5,3.5898417093788886e-10,0.5036908490284426,1.020942851923806e-10,0.14324853671166318,4.885718982671589e-11,0.0685515446563245,3.8519845326962435e-11,0.05404721201631737,1.642518601208374e-10,0.23046185758725232,1.2683641227530504,2.0896471032100545,0.6469393857401058,0.2845090696035697
20260524-114851_diag_atenuacion_mixed_states_ear_eeg,diag_atenuacion_mixed_states_ear_eeg,0,82.432,86.432,61.74936436919816,923.0,0.14938126774723365,0.7313091081651313,1.0,,0.75,0.75,4.5,8.0,13.25,49.75,3.3009583894737494e-10,0.5199088527056294,9.461253877911276e-11,0.14901701471025636,4.6220863238202125e-11,0.07279896666939967,2.993000059691993e-11,0.04714046781517962,1.3405173798709606e-10,0.21113469809953503,1.5442987743528036,2.046966070095253,0.6689258674158858,0.25827516591471467
20260524-114851_diag_atenuacion_mixed_states_ear_eeg,diag_atenuacion_mixed_states_ear_eeg,0,82.688,86.688,61.608976618671406,923.0,0.15144370024202025,0.71181422452728,1.0,,0.75,0.75,4.5,8.0,13.25,49.75,3.717024677831516e-10,0.5491597295832091,9.193676843911108e-11,0.13582899031014953,4.400250697016789e-11,0.06501007370986303,3.1575766892462296e-11,0.04665059048831269,1.3763923624874536e-10,0.20335061590846554,1.3935530725200558,2.08935296576263,0.6849887198933586,0.25000120639677825
20260524-114851_diag_atenuacion_mixed_states_ear_eeg,diag_atenuacion_mixed_states_ear_eeg,0,82.944,86.944,69.16362483271102,1156.0,0.15077276802352693,0.7052669395122776,1.0,,0.75,0.75,4.5,8.0,13.25,49.5,3.988986500517526e-10,0.5607228541909444,9.479168288990345e-11,0.13324653512037135,4.387523112520613e-11,0.061674424873639284,3.4072648779089083e-11,0.04789515550072112,1.3976252117141878e-10,0.19646103031432385,1.2876965160434797,2.160482815905807,0.6939693893113157,0.24435618581504498
20260524-114851_diag_atenuacion_mixed_states_ear_eeg,diag_atenuacion_mixed_states_ear_eeg,0,83.2,87.2,81.92779748046446,1172.0,0.17953446520785707,0.7130772381505257,1.0,,0.75,0.75,4.5,8.0,21.25,49.5,5.03687128306012e-10,0.5100642139623206,1.418957018178235e-10,0.1436922159511061,5.050875122495228e-11,0.05114823278970454,5.548215343791777e-11,0.05618460228956898,2.359237498794514e-10,0.2389107350072999,0.9103603248109229,2.809329044502774,0.6537564299134266,0.2950953372968689
20260524-114851_diag_atenuacion_mixed_states_ear_eeg,diag_atenuacion_mixed_states_ear_eeg,0,83.456,87.456,82.38233427137155,1172.0,0.23309308282499847,0.6909255880056584,1.0,,1.0,1.0,4.5,8.0,21.25,49.25,4.995992511247643e-10,0.5010131366140188,1.241583893853027e-10,0.12450976250030614,4.6102714064226785e-11,0.046233186554495556,5.372594571041509e-11,0.05387799224544375,2.7359164698667423e-10,0.2743659220857358,0.8581089351636951,2.693081999735085,0.6255228991143249,0.32824391433117955
20260524-114851_diag_atenuacion_mixed_states_ear_eeg,diag_atenuacion_mixed_states_ear_eeg,0,83.712,87.712,82.56418715157317,1172.0,0.26035866320205403,0.6858217817585104,0.75,high_50hz_ratio,0.75,0.75,4.75,8.0,21.0,49.25,4.719850655543131e-10,0.4957902327331071,1.1190048215633168e-10,0.11754432531901876,4.5179326258238825e-11,0.04745800304929269,6.505145497182826e-11,0.06833240785327056,2.578690761618354e-10,0.27087503104531097,0.6945167679616785,2.4768072351660115,0.6133345580521259,0.3392074388985815
20260524-114851_diag_atenuacion_mixed_states_ear_eeg,diag_atenuacion_mixed_states_ear_eeg,0,83.968,87.968,83.54564620613094,1172.0,0.24323045707472496,0.7111597901567199,1.0,,0.75,0.75,4.75,8.0,21.25,49.25,4.2561433600514347e-10,0.4706815688836454,1.076213444563893e-10,0.11901709827154029,5.85212791894187e-11,0.06471795043487573,6.968640267825837e-11,0.07706532080268963,2.428077580505586e-10,0.268518061607249,0.839780458457743,1.8390121669768362,0.5896986671551857,0.34558338240993863
20260524-114851_diag_atenuacion_mixed_states_ear_eeg,diag_atenuacion_mixed_states_ear_eeg,0,84.224,88.224,84.02641251416128,1172.0,0.22478042132689863,0.7257614139833158,1.0,,1.0,1.0,4.5,8.0,21.25,49.5,4.0702347867380143e-10,0.4530781540335664,1.1440713280091469e-10,0.1273522910929019,6.132197103825449e-11,0.06826054735279449,6.944421251221949e-11,0.07730181982589472,2.461547918925209e-10,0.27400718769484256,0.8830393321468537,1.865679313040086,0.5804304451264682,0.3513090075207373
20260524-114851_diag_atenuacion_mixed_states_ear_eeg,diag_atenuacion_mixed_states_ear_eeg,0,84.48,88.48,84.07145175385043,1172.0,0.23947038671199877,0.7194223669628369,1.0,,1.0,1.0,5.5,8.0,21.25,49.5,4.1649941751723296e-10,0.44152662834917544,1.135763742963184e-10,0.12040111340876618,5.658040315456756e-11,0.05998028708993243,7.134991708578813e-11,0.0756372926321747,2.8531053245852745e-10,0.30245467851995117,0.7929988634259753,2.0073447335828987,0.5619277417579416,0.3780919711521259
20260524-114851_diag_atenuacion_mixed_states_ear_eeg,diag_atenuacion_mixed_states_ear_eeg,0,84.736,88.736,84.21493335507664,1172.0,0.2395587374598316,0.7140819025499345,1.0,,1.0,1.0,4.75,8.0,21.0,49.5,4.248292205569737e-10,0.45898640278890634,1.1672137314420906e-10,0.1261060223630673,4.9562943857181317e-11,0.05354791104720009,6.475108267154927e-11,0.06995720885944982,2.6971665619922315e-10,0.29140245494137645,0.7654380716472343,2.3550129201475385,0.5850924251519737,0.3613596638008263
20260524-114851_diag_atenuacion_mixed_states_ear_eeg,diag_atenuacion_mixed_states_ear_eeg,0,84.992,88.992,83.69976702476536,1172.0,0.235900688601827,0.7229479623084598,1.0,,1.0,1.0,4.75,8.0,21.25,49.5,4.0675984050820225e-10,0.44160220271538814,1.1815910067310331e-10,0.1282804100397899,5.05356163714183e-11,0.05486441207498738,8.06001703010141e-11,0.0875042450102581,2.6504538896419887e-10,0.28774873015957647,0.6269914341704867,2.3381351442253546,0.569882612755178,0.3752529751698346
20260524-114851_diag_atenuacion_mixed_states_ear_eeg,diag_atenuacion_mixed_states_ear_eeg,0,85.248,89.248,83.35781906935905,1172.0,0.24848699831449658,0.7185886151755153,1.0,,1.0,1.0,4.75,8.0,20.25,49.5,4.037767574479082e-10,0.4271908306691271,1.1309364974430734e-10,0.11965168694462766,5.7528171044266485e-11,0.06086409562206251,7.423409197739131e-11,0.07853875397937289,2.9655792953625607e-10,0.3137546327848099,0.7749562163673697,1.9658829351151215,0.5468425176137548,0.3922933867641828
20260524-114851_diag_atenuacion_mixed_states_ear_eeg,diag_atenuacion_mixed_states_ear_eeg,0,85.504,89.504,83.35491587183085,1172.0,0.26426489509407947,0.7426146568650631,0.75,high_50hz_ratio,1.0,1.0,4.75,8.0,20.25,49.5,3.4922701807524166e-10,0.4185856054243888,1.0972206064708053e-10,0.13151352217105494,4.027638049591202e-11,0.04827551203541774,7.750136183364085e-11,0.09289359867729279,2.575756813506456e-10,0.3087317616918458,0.5196861002567484,2.7242284260924863,0.5500991275954437,0.4016253603691386
20260524-114851_diag_atenuacion_mixed_states_ear_eeg,diag_atenuacion_mixed_states_ear_eeg,0,85.76,89.76,83.01752826963713,1172.0,0.3182057500006709,0.7331110042138053,0.75,high_50hz_ratio,0.75,0.75,4.75,8.0,30.0,49.5,2.778115184921479e-10,0.39889277722637234,6.708654671151694e-11,0.09632551982555794,2.643741366692543e-11,0.037959885239892965,5.2086999099805445e-11,0.07478857551004027,2.7303414985791257e-10,0.39203324219813646,0.5075626187691848,2.5375608808302483,0.49521829705193027,0.4668218177081767
20260524-114851_diag_atenuacion_mixed_states_ear_eeg,diag_atenuacion_mixed_states_ear_eeg,0,86.016,90.016,82.06657663141554,1172.0,0.2743611133802015,0.7678669807786059,0.75,high_50hz_ratio,0.75,0.75,5.5,8.0,17.75,49.5,2.255202169246209e-10,0.38148085582859514,8.58989218032533e-11,0.14530313357764932,1.858104065947634e-11,0.03143093506039059,5.223835735207447e-11,0.08836428743064828,2.0893193349237716e-10,0.35342078810271677,0.3556972615782004,4.622933848403416,0.5267839894062445,0.44178507553336505
20260524-114851_diag_atenuacion_mixed_states_ear_eeg,diag_atenuacion_mixed_states_ear_eeg,0,86.272,90.272,80.45231506923837,1172.0,0.27053408795443196,0.820395649550108,0.75,high_50hz_ratio,0.0,0.75,5.5,8.0,20.75,49.5,1.44459790703708e-10,0.3071227166607976,7.849801028703179e-11,0.16688742282112157,2.138145503821919e-11,0.04545715126340704,4.442856849271076e-11,0.09445550617485013,1.8159722132825007e-10,0.38607720307982374,0.48125464680967994,3.6713128337953234,0.47401013948191917,0.48053270925467384
20260524-114851_diag_atenuacion_mixed_states_ear_eeg,diag_atenuacion_mixed_states_ear_eeg,0,86.528,90.528,80.41165338431986,1172.0,0.30031315273271864,0.8235942806339827,0.75,high_50hz_ratio,0.0,0.75,5.5,8.0,20.75,49.5,1.3209141697839424e-10,0.2889276585791018,7.450106864540643e-11,0.16295850114833016,1.99986689024573e-11,0.04374370956767615,4.0234246267186706e-11,0.08800561637229351,1.9035276493841315e-10,0.41636451433259836,0.49705588541787454,3.7253013692452424,0.45188615972743196,0.5043701307048919
20260524-114851_diag_atenuacion_mixed_states_ear_eeg,diag_atenuacion_mixed_states_ear_eeg,0,86.784,90.784,80.76697963895889,1172.0,0.32238261594978596,0.8483417308694015,0.75,high_50hz_ratio,0.0,0.75,5.0,8.5,18.0,49.5,1.110335608993104e-10,0.2591139602921024,6.791735674389939e-11,0.1584956398403016,2.0660816586767494e-11,0.048215205972911665,4.057886824557522e-11,0.09469705528779211,1.883218588914109e-10,0.4394781386068922,0.5091521148823657,3.287254231151638,0.417609600132404,0.5341751938946844
20260524-114851_diag_atenuacion_mixed_states_ear_eeg,diag_atenuacion_mixed_states_ear_eeg,0,87.04,91.04,62.13079751620769,928.0,0.2799102585742632,0.8358114013693574,0.75,high_50hz_ratio,0.0,0.75,4.5,8.0,17.75,49.5,1.1709657080595724e-10,0.31268523512126434,5.092481421534134e-11,0.13598551517633867,2.309013869010698e-11,0.06165804340472959,4.0666082847510005e-11,0.10859142662431902,1.4270944192786478e-10,0.38107977967334833,0.5677984470914142,2.2054789232236267,0.448670750297603,0.48967120629766736
20260524-114851_diag_atenuacion_mixed_states_ear_eeg,diag_atenuacion_mixed_states_ear_eeg,0,87.296,91.296,59.90690277422127,928.0,0.25215441884248657,0.8142001144615038,0.75,high_50hz_ratio,0.0,0.5,4.0,8.0,21.5,49.5,1.0530981156365316e-10,0.3540784978411629,3.8805051556862446e-11,0.1304724997594146,1.9940350710297636e-11,0.06704455473895284,3.1965011685928546e-11,0.10747453777740078,1.0139916652692416e-10,0.34092990988306887,0.623818032861088,1.946056622606074,0.4845509976005775,0.44840444766046966
20260524-114851_diag_atenuacion_mixed_states_ear_eeg,diag_atenuacion_mixed_states_ear_eeg,0,87.552,91.552,59.450105130268696,928.0,0.34362192601282365,0.8113390523006813,0.75,high_50hz_ratio,0.0,0.5,4.0,8.0,21.5,49.5,8.597634577786391e-11,0.33607918191159286,2.5898762919027586e-11,0.10123755523219843,1.5680229213507944e-11,0.06129358672532474,2.9039495426847036e-11,0.11351459262290446,9.922686108856409e-11,0.3878750835079795,0.5399621785098773,1.6516826741739685,0.43731673714379127,0.5013896761308839
20260524-114851_diag_atenuacion_mixed_states_ear_eeg,diag_atenuacion_mixed_states_ear_eeg,0,87.808,91.808,52.48627439626478,805.0,0.4275733100763553,0.8035445962396095,0.75,high_50hz_ratio,0.0,0.75,4.0,12.5,21.0,49.75,8.99935430174359e-11,0.3617414337252131,2.5391377248052902e-11,0.10206413595905246,7.760106979083442e-12,0.03119281817730859,3.2092844074161624e-11,0.12900160432018637,9.354077173213931e-11,0.37600000781823945,0.2418017848823566,3.272039588692876,0.46380556968426556,0.5050016121384258
20260524-114851_diag_atenuacion_mixed_states_ear_eeg,diag_atenuacion_mixed_states_ear_eeg,0,88.064,92.064,50.49734646493813,805.0,0.42177391714624063,0.8214901798406511,0.75,high_50hz_ratio,0.0,0.75,4.0,12.5,21.0,49.75,7.765228348019903e-11,0.34877062986797236,2.311554411903733e-11,0.10382209667012988,7.442302555345411e-12,0.033426660924372166,3.187143266368548e-11,0.14314865122727183,8.256414421731202e-11,0.3708319613102537,0.23351013535783785,3.105966728325854,0.45259272653810223,0.5139806125375255
20260524-114851_diag_atenuacion_mixed_states_ear_eeg,diag_atenuacion_mixed_states_ear_eeg,0,88.32,92.32,50.057077421679345,805.0,0.43619343819833684,0.8345372044290291,0.75,high_50hz_ratio,0.0,0.75,4.0,8.0,21.0,49.75,6.871438784472522e-11,0.32436186503992365,2.029702686764386e-11,0.09581081482427531,8.768404012463863e-12,0.041390689317254176,2.9784542075360695e-11,0.14059602246264769,8.428048056630794e-11,0.3978406083558992,0.29439445435414424,2.3147914761674553,0.42017267986419893,0.5384366308185469
20260524-114851_diag_atenuacion_mixed_states_ear_eeg,diag_atenuacion_mixed_states_ear_eeg,0,88.576,92.576,49.71306669277203,805.0,0.45145580196922525,0.8364441521050902,0.75,high_50hz_ratio,0.25,0.5,4.25,8.0,21.0,50.0,6.737642987109695e-11,0.30661918793145154,1.937846435510999e-11,0.08818824350429576,7.490647639006507e-12,0.03408872064825874,3.298085649060667e-11,0.15009052058384045,9.25133717663282e-11,0.4210133273321535,0.2271210767719125,2.5870212148545515,0.3948074314357473,0.571103847915994
20260524-114851_diag_atenuacion_mixed_states_ear_eeg,diag_atenuacion_mixed_states_ear_eeg,0,88.832,92.832,49.94915414699232,805.0,0.43635173641346453,0.8216563471108506,0.75,high_50hz_ratio,0.5,0.5,4.0,8.0,21.75,49.75,7.009248063155476e-11,0.3274617078941338,2.075921140421637e-11,0.09698396689216,7.962187436899782e-12,0.03719816267262539,2.915644833671868e-11,0.13621461649583502,8.607754081717725e-11,0.40214154604524577,0.2730849568831902,2.60722465638153,0.4244456747862938,0.5383561625410808
20260524-114851_diag_atenuacion_mixed_states_ear_eeg,diag_atenuacion_mixed_states_ear_eeg,0,89.088,93.088,50.15147056667431,805.0,0.4088072728489534,0.8299257232700435,0.75,high_50hz_ratio,49.75,0.75,4.0,8.0,21.75,49.75,6.959886590162087e-11,0.3345592140326014,2.2360217434684708e-11,0.10748475098890897,7.500710517755987e-12,0.03605564232977061,2.8143085690039172e-11,0.1352827881164136,8.04286526403297e-11,0.3866176045323055,0.2665205443485094,2.9810799099302248,0.4420439650215104,0.5219003926487191
20260524-114851_diag_atenuacion_mixed_states_ear_eeg,diag_atenuacion_mixed_states_ear_eeg,0,89.344,93.344,50.50252468936578,805.0,0.43877484237691305,0.8710662467897099,0.75,high_50hz_ratio,49.5,0.75,4.0,8.0,21.75,49.5,5.64497503529856e-11,0.2783314014572214,2.0439970781597653e-11,0.10078141493651156,7.364185510832783e-12,0.0363098873069267,3.200393677248207e-11,0.15779875939809385,8.655703861639415e-11,0.4267785369012465,0.23010248905268205,2.775591509954532,0.37911281639373295,0.5845772962993403
20260524-114851_diag_atenuacion_mixed_states_ear_eeg,diag_atenuacion_mixed_states_ear_eeg,0,89.6,93.6,50.93316208522695,805.0,0.4900402029511099,0.909734995353897,0.75,high_50hz_ratio,49.5,0.5,5.5,11.25,25.25,49.5,4.230232358996039e-11,0.21114477657287084,1.8869768073659878e-11,0.0941852036903332,9.82436725376382e-12,0.04903664037164377,3.506428162078795e-11,0.17501733427869193,9.428673798617071e-11,0.47061604508646027,0.2801816207162624,1.9207107782367023,0.305329980263204,0.6456333793651522
20260524-114851_diag_atenuacion_mixed_states_ear_eeg,diag_atenuacion_mixed_states_ear_eeg,0,89.856,93.856,53.16642737668199,946.0,0.4615433850271778,0.9173920402333813,0.75,high_50hz_ratio,49.75,0.75,4.0,8.0,25.25,49.75,4.4203670112682296e-11,0.20349392008771527,1.8628640816336005e-11,0.0857579277005468,1.1476763339641884e-11,0.05283388361077853,4.501382921173226e-11,0.20722353010742964,9.790063859707343e-11,0.45069073849352975,0.25496083182922413,1.623161536492682,0.2892518477882621,0.6579142686009594
20260524-114851_diag_atenuacion_mixed_states_ear_eeg,diag_atenuacion_mixed_states_ear_eeg,0,90.112,94.112,53.32724444409255,946.0,0.3730135242400699,0.8707492160377915,0.75,high_50hz_ratio,0.0,0.75,4.5,8.25,25.25,49.75,5.958686883993876e-11,0.23878503031920206,3.797335269299942e-11,0.15217225456965192,1.1460694362291775e-11,0.045926934978410626,4.396332218305007e-11,0.17617611773848071,9.655765640431997e-11,0.3869396623942547,0.26068763217149254,3.31335532495659,0.39095728488885395,0.5631157801327354
20260524-114851_diag_atenuacion_mixed_states_ear_eeg,diag_atenuacion_mixed_states_ear_eeg,0,90.368,94.368,53.33849454193472,946.0,0.353120755226998,0.8536044632430637,0.75,high_50hz_ratio,0.0,0.75,4.5,8.25,25.25,49.75,6.040116281002092e-11,0.24297308282377786,4.444506778173062e-11,0.17878720595503572,1.0830038014965005e-11,0.04356551432414126,3.8223134453672006e-11,0.15375851028907084,9.46925895506956e-11,0.3809156866079743,0.2833372555589718,4.103869969829855,0.42176028877881355,0.5346741968970452
20260524-114851_diag_atenuacion_mixed_states_ear_eeg,diag_atenuacion_mixed_states_ear_eeg,0,90.624,94.624,53.03431907736725,946.0,0.3533278073214688,0.8425707907790945,0.75,high_50hz_ratio,0.0,0.75,4.5,8.25,25.25,49.75,6.264354530019329e-11,0.25185460631970635,4.729401119044454e-11,0.19014272759579018,1.0365894872563939e-11,0.041675456900952215,3.635520900498677e-11,0.14616393129961203,9.207034330416458e-11,0.37016327788393916,0.2851281881268258,4.562462939463196,0.44199733391549656,0.5163272091835511
20260524-114851_diag_atenuacion_mixed_states_ear_eeg,diag_atenuacion_mixed_states_ear_eeg,0,90.88,94.88,52.6835458184052,946.0,0.36952621008258635,0.8722998181509077,0.75,high_50hz_ratio,0.0,0.75,4.5,8.0,25.25,50.0,5.497379354671206e-11,0.235649207429602,3.609048638291767e-11,0.15470452306801105,1.0001691352155883e-11,0.04287298525411663,3.932529176060202e-11,0.16857075412577152,9.289529941352458e-11,0.3982025301224988,0.25433228602708197,3.60843832429785,0.390353730497613,0.5667732842482703
20260524-114851_diag_atenuacion_mixed_states_ear_eeg,diag_atenuacion_mixed_states_ear_eeg,0,91.136,95.136,52.82747391272841,946.0,0.33676788485219816,0.8440685008461352,0.75,high_50hz_ratio,0.0,0.75,4.5,8.0,25.25,50.0,6.689218799312726e-11,0.26342755484423575,4.6182252304385615e-11,0.1818699337954653,1.0385750792220614e-11,0.04090003658868739,3.859201074127764e-11,0.15197886825202608,9.187790822403041e-11,0.3618236065195856,0.2691166019269402,4.446693669847939,0.44529748863970103,0.5138024747716117
20260524-114851_diag_atenuacion_mixed_states_ear_eeg,diag_atenuacion_mixed_states_ear_eeg,0,91.392,95.392,52.43401567684855,946.0,0.3612926250345137,0.8515988119017839,0.75,high_50hz_ratio,0.0,0.5,4.5,8.25,25.25,49.75,7.164673113509196e-11,0.24811052254111446,4.571732284508167e-11,0.15831774430694667,1.6990524136534758e-11,0.05883768533437427,4.0658763230287776e-11,0.14080010115075858,1.1375607641608702e-10,0.3939339466668059,0.41788098768036486,2.690754121397328,0.4064282668480611,0.5347340478175645
20260524-114851_diag_atenuacion_mixed_states_ear_eeg,diag_atenuacion_mixed_states_ear_eeg,0,91.648,95.648,52.29048670647463,946.0,0.3705021242150658,0.8128394515071949,0.75,high_50hz_ratio,0.0,0.5,4.5,8.25,17.0,49.75,8.644149653189922e-11,0.2955253788425748,4.657313584012503e-11,0.15922380066569686,1.6826014726750483e-11,0.0575246215768452,3.654078871980221e-11,0.12492530628089037,1.0611965789610624e-10,0.36280089263399284,0.46047212762082823,2.7679243478898017,0.45474917950827165,0.4877261989148832
20260524-114851_diag_atenuacion_mixed_states_ear_eeg,diag_atenuacion_mixed_states_ear_eeg,0,91.904,95.904,60.47134031919583,946.0,0.32976316068944866,0.7899603440170223,0.75,high_50hz_ratio,0.0,0.75,4.5,8.75,17.0,49.75,1.1192126836643752e-10,0.3584448373418369,5.261904908589451e-11,0.16852048556958238,1.79424957491124e-11,0.05746356402288427,3.4272308456186886e-11,0.10976226600368894,9.548614033522009e-11,0.30580884706200745,0.5235274936921676,2.9326493828762663,0.5269653229114193,0.4155711130656964
20260524-114851_diag_atenuacion_mixed_states_ear_eeg,diag_atenuacion_mixed_states_ear_eeg,0,92.16,96.16,60.70297356802219,946.0,0.28466878837916226,0.7919872708158353,0.75,high_50hz_ratio,0.0,0.5,4.5,8.0,17.25,49.5,1.171430785954676e-10,0.3636318523443771,5.983342603186808e-11,0.18573303519889123,1.6942017761949046e-11,0.05259087754133203,3.1288243188107666e-11,0.09712397833065943,9.694069713862782e-11,0.30092025658474014,0.5414819125539311,3.531658794872183,0.5493648875432684,0.3980442349153996
20260524-114851_diag_atenuacion_mixed_states_ear_eeg,diag_atenuacion_mixed_states_ear_eeg,0,92.416,96.416,60.66959699882636,946.0,0.259813990790832,0.7922275181798044,0.75,high_50hz_ratio,0.0,0.5,4.5,8.0,17.0,49.5,1.1991885436371572e-10,0.3716554301260402,5.937262444577607e-11,0.18400908175106273,1.5287610534705203e-11,0.047379734396415185,2.9206408168854417e-11,0.0905172105589814,9.887588354909916e-11,0.3064385431675005,0.5234334344134738,3.8837085959896203,0.5556645118771029,0.39695575372648195
20260524-114851_diag_atenuacion_mixed_states_ear_eeg,diag_atenuacion_mixed_states_ear_eeg,0,92.672,96.672,82.57011565935947,1363.0,0.2440873641188204,0.7947204490458243,1.0,,0.75,0.75,4.5,8.25,25.25,49.5,1.3422809175410009e-10,0.3796528954343809,6.326269751122436e-11,0.17893323200277178,1.5683970106422526e-11,0.044360793519421425,3.266872480457271e-11,0.09240074711727515,1.0771128484637575e-10,0.3046523319261507,0.4800912860922937,4.033589523695822,0.5585861274371526,0.39705307904342585
20260524-114851_diag_atenuacion_mixed_states_ear_eeg,diag_atenuacion_mixed_states_ear_eeg,0,92.928,96.928,84.66972304194694,1363.0,0.21102578655526114,0.7747015680040953,1.0,,0.75,0.75,4.5,8.0,14.5,49.5,2.091759422139053e-10,0.37976491572229226,1.0901373840161484e-10,0.19791756517738385,3.034198141376745e-11,0.055086736517067574,3.434016621596806e-11,0.06234555556852984,1.679319283789285e-10,0.30488522701472637,0.8835711866664911,3.5928351848554847,0.5776824808996761,0.3672307825832562
20260524-114851_diag_atenuacion_mixed_states_ear_eeg,diag_atenuacion_mixed_states_ear_eeg,0,93.184,97.184,84.68150329322219,1363.0,0.18928250639254046,0.7744235528009926,1.0,,0.75,0.75,4.5,8.0,15.0,49.5,1.9937909367838258e-10,0.3744299226685702,1.1293638014441332e-10,0.212092247505917,2.4560558250279905e-11,0.0461242337733944,3.5469594879615436e-11,0.066611184868175,1.6014144634904556e-10,0.30074241118394346,0.6924397736607639,4.59828229446398,0.5865221701744872,0.3673535960521185
20260524-114851_diag_atenuacion_mixed_states_ear_eeg,diag_atenuacion_mixed_states_ear_eeg,0,93.44,97.44,84.67885804614987,1363.0,0.1961643163692576,0.7717610538968701,1.0,,0.75,0.75,4.5,9.0,15.0,49.5,2.0416895390258357e-10,0.3689270007194443,1.1450706541163124e-10,0.20691073444817099,2.3179615928471294e-11,0.04188485084955592,3.557558874178625e-11,0.06428399128497247,1.759816558113513e-10,0.3179934226978563,0.6515595875788013,4.939989763634666,0.5758377351676153,0.3822774139828288
20260524-114851_diag_atenuacion_mixed_states_ear_eeg,diag_atenuacion_mixed_states_ear_eeg,0,93.696,97.696,84.30396194722998,1363.0,0.22478988436770364,0.7727166255332537,1.0,,0.75,0.75,4.25,9.0,22.25,49.75,1.8452071268007295e-10,0.3908741476659087,6.900221518945232e-11,0.14616885908087818,1.7227896591320674e-11,0.036494219529080024,3.367419308026702e-11,0.07133275894835661,1.6764691093492445e-10,0.35513001477577644,0.5116053278620705,4.005260585567671,0.5370430067467868,0.42646277372413305
20260524-114851_diag_atenuacion_mixed_states_ear_eeg,diag_atenuacion_mixed_states_ear_eeg,0,93.952,97.952,83.8631563918268,1363.0,0.19633022822628218,0.7649464985623983,1.0,,0.75,0.75,4.25,9.0,22.5,49.5,1.96897103595179e-10,0.4223182304845334,7.464642321788292e-11,0.16010669933566143,1.6158856163359225e-11,0.03465860805954006,3.15467238501198e-11,0.06766354786690233,1.4698012360302247e-10,0.31525291425336277,0.512219786756014,4.619536337426303,0.5824249298201948,0.3829164621202651
20260524-114851_diag_atenuacion_mixed_states_ear_eeg,diag_atenuacion_mixed_states_ear_eeg,0,94.208,98.208,83.24845343908798,1363.0,0.17470263426881252,0.7505137890782612,1.0,,1.5,1.5,4.5,8.5,15.0,49.5,2.2279379992950103e-10,0.46095030552810845,7.888266549559862e-11,0.16320467074296288,1.5012779800288215e-11,0.03106076308209124,2.634530146342649e-11,0.05450723836408045,1.4030128638813152e-10,0.290277022282757,0.5698465747727163,5.254367715037306,0.6241549762710713,0.3447842606468374
20260524-114851_diag_atenuacion_mixed_states_ear_eeg,diag_atenuacion_mixed_states_ear_eeg,0,94.464,98.464,83.12094200621165,1363.0,0.19662528121487113,0.7475838708575892,1.0,,1.5,1.5,4.0,11.0,15.0,49.5,2.2054289692764016e-10,0.45961401139080893,7.060993113592026e-11,0.14715193345835562,1.694853896087758e-11,0.03532095609308231,2.7358388476626206e-11,0.057015205876505125,1.4438396436350052e-10,0.3008978931812481,0.6195006323328458,4.16613675662012,0.6067659448491646,0.3579130990577532
20260524-114851_diag_atenuacion_mixed_states_ear_eeg,diag_atenuacion_mixed_states_ear_eeg,0,94.72,98.72,83.00863810471775,1363.0,0.2048560010592946,0.7470897372586562,1.0,,0.75,0.75,4.0,11.25,15.0,49.5,2.2821396173885213e-10,0.45388402368751346,7.855880690172062e-11,0.15624191921020852,1.546110053883047e-11,0.030749856274051347,2.773434242835376e-11,0.05515953029251261,1.5283415602078756e-10,0.3039646705357142,0.5574713220178626,5.0810617720530695,0.6101259428977219,0.3591242008282268
20260524-114851_diag_atenuacion_mixed_states_ear_eeg,diag_atenuacion_mixed_states_ear_eeg,0,94.976,98.976,82.96725860241496,1363.0,0.202847799389451,0.7506177473219573,1.0,,0.75,0.75,4.0,8.5,15.0,49.5,2.160751034086279e-10,0.4420655020160552,7.940180427562976e-11,0.16244721355845593,1.3520004335904862e-11,0.027660417187019493,2.7109136289431294e-11,0.05546226175046959,1.526792163699838e-10,0.3123646054879997,0.4987250125403567,5.872912633967405,0.6045127155745111,0.3678268672384693
20260524-114851_diag_atenuacion_mixed_states_ear_eeg,diag_atenuacion_mixed_states_ear_eeg,0,95.232,99.232,82.9928249910798,1363.0,0.19406610264022617,0.7476046690401011,1.0,,0.75,0.75,4.0,11.0,15.0,49.5,2.1362588121426282e-10,0.4689017467014797,6.147691094643275e-11,0.1349397870742125,1.502918658393376e-11,0.03298856768034001,2.4143233542881546e-11,0.05299359944090461,1.4131251524182373e-10,0.31017629910306316,0.6225009817860542,4.090501545316614,0.6038415337756922,0.36316989854396775
20260524-114851_diag_atenuacion_mixed_states_ear_eeg,diag_atenuacion_mixed_states_ear_eeg,0,95.488,99.488,83.09929000900068,1363.0,0.21628737681141935,0.7511316753877797,1.0,,1.0,1.0,4.0,11.25,20.25,49.5,2.065753086038544e-10,0.4623675535634998,5.801370870985539e-11,0.12984928717091046,1.3072745176013095e-11,0.029260095246830667,2.3821573924817475e-11,0.053318680398400736,1.4529392339048645e-10,0.32520438362035836,0.548777558412873,4.437760235417388,0.5922168407344103,0.3785230640187591
20260524-114851_diag_atenuacion_mixed_states_ear_eeg,diag_atenuacion_mixed_states_ear_eeg,0,95.744,99.744,81.89625754575114,1363.0,0.24823587488162016,0.7524549392390094,1.0,,0.75,0.75,4.0,11.25,20.25,49.5,1.944760756725424e-10,0.45619300322651013,4.874113049214644e-11,0.11433469450148344,1.4580706431164447e-11,0.034202748245480585,2.4199857831519675e-11,0.05676690967584258,1.4430441811360438e-10,0.3385026443506833,0.6025120698094955,3.342851097253308,0.5705276977279936,0.39526955402652586
20260524-114851_diag_atenuacion_mixed_states_ear_eeg,diag_atenuacion_mixed_states_ear_eeg,0,96.0,100.0,82.21442087614557,1363.0,0.2380753602038528,0.7537066345265957,1.0,,1.5,1.5,4.0,11.25,20.0,49.5,2.0220994776298157e-10,0.4490550400832097,5.67119393965034e-11,0.12594228177509859,1.53923308352141e-11,0.03418231306939919,2.5090838516065082e-11,0.05572014443502872,1.5089597501871646e-10,0.33510022063726386,0.6134641863546628,3.684428304175971,0.5749973218583082,0.39082036507229256
20260524-114851_diag_atenuacion_mixed_states_ear_eeg,diag_atenuacion_mixed_states_ear_eeg,0,96.256,100.256,82.30131226171306,1363.0,0.2337851966172815,0.7520767185287035,1.0,,1.5,1.5,4.0,11.25,19.75,49.25,2.1469156626837502e-10,0.4432242048686242,6.511091272004585e-11,0.13441949779498033,1.6845887847258764e-11,0.03477782279101633,2.836770667463076e-11,0.05856426711747212,1.593698510625852e-10,0.32901420742790705,0.5938403142868098,3.865092378057175,0.5776437026636045,0.3875784745453792
20260524-114851_diag_atenuacion_mixed_states_ear_eeg,diag_atenuacion_mixed_states_ear_eeg,0,96.512,100.512,82.555938611344,1363.0,0.2171981398507463,0.746747790296329,1.0,,0.75,0.75,4.0,11.25,20.0,49.5,2.3272374833301014e-10,0.474849549754397,6.422251227590533e-11,0.13103961781619453,1.8060962880413136e-11,0.036851589720972966,2.7817062612279e-11,0.05675793618633878,1.4727568020009814e-10,0.3005013065220967,0.6492764218908099,3.5558742189517347,0.6058891675705915,0.3572592427084355
20260524-114851_diag_atenuacion_mixed_states_ear_eeg,diag_atenuacion_mixed_states_ear_eeg,0,96.768,100.768,58.14341751221715,896.0,0.21860531540247227,0.7364173260989734,1.0,,0.0,0.75,4.0,11.25,20.0,49.5,1.8587794038825256e-10,0.5123796166433499,3.970923804180935e-11,0.1094600258780771,1.57478494213455e-11,0.04340954624638264,2.1485206306648846e-11,0.05922478884750843,9.995364354995554e-11,0.275526022384682,0.732962448513801,2.5215657693542126,0.621839642521427,0.3347508112321904
20260524-114851_diag_atenuacion_mixed_states_ear_eeg,diag_atenuacion_mixed_states_ear_eeg,0,97.024,101.024,57.11789561949915,896.0,0.20704029002016253,0.732478644378694,1.0,,0.0,0.5,4.0,11.5,20.5,49.75,1.8002049255614213e-10,0.5277042237953082,3.77180276435841e-11,0.11056498189804792,1.4709527261846057e-11,0.04311886694614844,2.060531316076375e-11,0.06040151670048905,8.808564194507656e-11,0.25821041066000633,0.7138705996400803,2.564190335430974,0.6382692056933561,0.3186119273604954
20260524-114851_diag_atenuacion_mixed_states_ear_eeg,diag_atenuacion_mixed_states_ear_eeg,0,97.28,101.28,57.416600386996095,896.0,0.20725808832019513,0.715785328482038,1.0,,1.0,1.0,4.0,11.25,20.5,49.75,1.871086215023029e-10,0.558202743768938,3.075428842570923e-11,0.0917495305350261,1.3224745616864581e-11,0.03945349620829303,2.0628713802969738e-11,0.061541817543133065,8.348194988462675e-11,0.24905241194460984,0.6410843518009701,2.3255107747774346,0.6499522743039641,0.3105942294877429
20260524-114851_diag_atenuacion_mixed_states_ear_eeg,diag_atenuacion_mixed_states_ear_eeg,0,97.536,101.536,57.23374004903052,896.0,0.25434022194084693,0.7240985215943011,0.75,high_50hz_ratio,1.0,1.0,4.0,11.25,20.5,49.5,1.6832446523335776e-10,0.5204867670649675,2.6243956180786046e-11,0.0811506033219525,9.98611433281109e-12,0.0308786982178746,2.4223627433018838e-11,0.07490341651594698,9.462000154675293e-11,0.29258051487925846,0.4122468594112861,2.6280448336703923,0.60163737038692,0.3674839313952054
20260524-114851_diag_atenuacion_mixed_states_ear_eeg,diag_atenuacion_mixed_states_ear_eeg,0,97.792,101.792,55.775756382141516,856.0,0.32018070938671933,0.8041390142379394,0.75,high_50hz_ratio,0.0,0.5,4.5,8.5,20.0,49.5,1.0766514602452472e-10,0.38672803230782055,3.071794579755691e-11,0.1103373856207976,1.415207235943856e-11,0.050833564052352564,3.0981609980060506e-11,0.11128445469797546,9.488338571828918e-11,0.3408165633210538,0.4567894427870828,2.1705616688053415,0.49706541792861814,0.45210101801902924
20260524-114851_diag_atenuacion_mixed_states_ear_eeg,diag_atenuacion_mixed_states_ear_eeg,0,98.048,102.048,56.25006666662716,856.0,0.26336335560678686,0.75346549782761,0.75,high_50hz_ratio,0.0,1.0,5.0,11.5,19.75,49.5,1.3175166486270325e-10,0.46307315067466465,3.00591959677522e-11,0.10565032781968739,1.2328816411389768e-11,0.04333261265169741,2.4168567085025994e-11,0.08494628526339938,8.620763544450061e-11,0.3029976235905511,0.5101178058267374,2.438125036883713,0.568723478494352,0.38794390885395047
20260524-114851_diag_atenuacion_mixed_states_ear_eeg,diag_atenuacion_mixed_states_ear_eeg,0,98.304,102.304,56.6835514060296,856.0,0.2890365055910723,0.7513310833549887,0.75,high_50hz_ratio,0.0,1.0,4.0,11.0,19.75,49.5,1.1210080125583952e-10,0.44168437022869267,2.8266850220526565e-11,0.11137320873834247,9.996783505579427e-12,0.039387970268806846,2.0253841181404436e-11,0.07980143751608178,8.318468543521566e-11,0.32775301324807626,0.4935746960807478,2.827594516251173,0.5530575789670351,0.407554450764158
20260524-114851_diag_atenuacion_mixed_states_ear_eeg,diag_atenuacion_mixed_states_ear_eeg,0,98.56,102.56,56.770494096845766,856.0,0.2991246319333095,0.7498932094664812,0.75,high_50hz_ratio,0.0,0.5,4.0,11.5,16.0,49.75,1.1780829572999207e-10,0.4288465852718509,3.013467511352096e-11,0.10969645592980143,9.777521509528757e-12,0.03559220244891461,2.0499679362332896e-11,0.07462307674710038,9.648947918533616e-11,0.35124167960233277,0.47695972881870774,3.0820361872027573,0.5385430412016523,0.42586475634943316
20260524-114851_diag_atenuacion_mixed_states_ear_eeg,diag_atenuacion_mixed_states_ear_eeg,0,98.816,102.816,56.80650490920912,856.0,0.3148805891369241,0.7429727095826237,0.75,high_50hz_ratio,0.5,0.5,4.0,11.5,20.25,49.75,1.2783109327875492e-10,0.4347496873208933,3.664046732701727e-11,0.12461312271636169,1.1515194733950878e-11,0.03916282949334956,1.9243835092626134e-11,0.06544770192280353,9.880318810008122e-11,0.33602665854659186,0.5983835695184937,3.181923378072641,0.559362810037255,0.4014743604693954
20260524-114851_diag_atenuacion_mixed_states_ear_eeg,diag_atenuacion_mixed_states_ear_eeg,0,99.072,103.072,56.68302214949376,856.0,0.29717303598379147,0.7381841699295771,0.75,high_50hz_ratio,0.0,1.0,4.0,11.5,20.0,49.5,1.3210285650218663e-10,0.44725414440810085,3.691652408583482e-11,0.12498646003357089,1.1633827683254589e-11,0.03938807823265488,1.9050292276352524e-11,0.06449763766193252,9.56606859084018e-11,0.3238736796637408,0.6106902463483918,3.1732053362773676,0.5722406044416717,0.3883713173256733
20260524-114851_diag_atenuacion_mixed_states_ear_eeg,diag_atenuacion_mixed_states_ear_eeg,0,99.328,103.328,56.39962765834541,856.0,0.3180410732666839,0.7469219537829509,0.75,high_50hz_ratio,0.0,0.5,4.0,8.0,20.0,49.5,1.1522733025138426e-10,0.42169644541886403,3.602316238895595e-11,0.1318336500466368,8.170159836236002e-12,0.029900261977156246,2.0047175252454456e-11,0.0733664706646061,9.377927099130801e-11,0.34320317189273675,0.4075466859220327,4.409113543799633,0.5535300954655008,0.41656964255734286
20260524-114851_diag_atenuacion_mixed_states_ear_eeg,diag_atenuacion_mixed_states_ear_eeg,0,99.584,103.584,56.38221350745287,856.0,0.37349791674587657,0.7677132601422586,0.75,high_50hz_ratio,0.0,0.5,4.0,8.75,20.0,49.5,1.0445003765733391e-10,0.3882692664998482,3.585198965333567e-11,0.1332716199770885,8.912176513315631e-12,0.03312898985344952,2.2435345536387708e-11,0.08339829597440325,9.73648864174708e-11,0.36193182769521043,0.3972382105219215,4.022809646977865,0.5215408864769367,0.44533012366961366
20260524-114851_diag_atenuacion_mixed_states_ear_eeg,diag_atenuacion_mixed_states_ear_eeg,0,99.84,103.84,57.41863808903865,847.0,0.4109248017001361,0.7818054272352275,0.75,high_50hz_ratio,0.0,0.5,4.25,8.0,14.5,49.5,9.449846159849527e-11,0.3732990405222825,3.592574911982205e-11,0.141918158768072,9.764659109715117e-12,0.03857351553691178,2.3728726239380466e-11,0.09373603112833834,8.922653595682833e-11,0.35247325404439533,0.4115121482378425,3.6791606052154524,0.5152171992903545,0.44620928517273367
20260524-114851_diag_atenuacion_mixed_states_ear_eeg,diag_atenuacion_mixed_states_ear_eeg,0,100.096,104.096,56.75340518418256,847.0,0.3827869379603175,0.7733042994407486,0.75,high_50hz_ratio,0.0,0.75,4.0,8.0,14.75,49.5,9.844205701690823e-11,0.3864714780103079,3.756644133966239e-11,0.14748125494404496,9.403530619814538e-12,0.03691711131687047,2.1505099723582567e-11,0.08442639179618644,8.780298033297521e-11,0.3447037639325902,0.4372697983586932,3.99492944283126,0.5339527329543529,0.42913015572877666
20260524-114851_diag_atenuacion_mixed_states_ear_eeg,diag_atenuacion_mixed_states_ear_eeg,0,100.352,104.352,56.30555034807848,847.0,0.32342089672218693,0.7803178008419589,0.75,high_50hz_ratio,0.0,0.75,4.0,12.0,16.0,49.5,9.836631404385459e-11,0.4005728660411414,3.08671680932386e-11,0.12569902725205076,1.1729983378551573e-11,0.04776750157037022,2.1358645165145544e-11,0.08697788253754979,8.324198609892454e-11,0.33898272259888795,0.5491913596510952,2.631475859520792,0.5262718932931921,0.42596060513643774
20260524-114851_diag_atenuacion_mixed_states_ear_eeg,diag_atenuacion_mixed_states_ear_eeg,0,100.608,104.608,56.57830856432525,847.0,0.3533662043459248,0.7890981909323888,0.75,high_50hz_ratio,0.0,0.75,4.0,8.25,14.5,49.5,9.25874289275828e-11,0.3554191517529111,3.840937355181334e-11,0.14744363382013398,1.2130352153180922e-11,0.0465652791387024,1.9508196117134266e-11,0.07488691063669557,9.786673100628242e-11,0.375685024651557,0.6218079867736566,3.1663856965390176,0.5028627855730451,0.45057193528825257
20260524-114851_diag_atenuacion_mixed_states_ear_eeg,diag_atenuacion_mixed_states_ear_eeg,0,100.864,104.864,57.385912905520634,847.0,0.32372716173660127,0.7541996826462806,0.75,high_50hz_ratio,0.75,0.75,4.5,8.0,16.25,49.5,1.1624610963690972e-10,0.3929294753344078,4.129691426827613e-11,0.1395898314967053,8.871634750754285e-12,0.02998747053867471,1.9319500569288913e-11,0.06530284106818122,1.1011055829813045e-10,0.37219038156203105,0.4592062159648685,4.654938512292222,0.5325193068311131,0.4374932226302123
20260524-114851_diag_atenuacion_mixed_states_ear_eeg,diag_atenuacion_mixed_states_ear_eeg,0,101.12,105.12,57.49966086856513,847.0,0.28612970838478385,0.7295266408057702,0.75,high_50hz_ratio,0.25,0.75,4.5,8.0,16.25,49.75,1.4165019033161267e-10,0.4377565343796552,4.391332235292327e-11,0.13570997512470115,1.0484482308679385e-11,0.03240130231712087,1.9295845532316466e-11,0.05963198812777651,1.0823828608360073e-10,0.3345002000507462,0.5433543863688218,4.188411126085876,0.5734665095043564,0.3941321881785227
20260524-114851_diag_atenuacion_mixed_states_ear_eeg,diag_atenuacion_mixed_states_ear_eeg,0,101.376,105.376,57.39103588540636,847.0,0.3006372025549695,0.727415539604326,0.75,high_50hz_ratio,0.25,0.5,4.0,11.25,16.25,49.75,1.4037244603662144e-10,0.4371633059755317,4.020909679113453e-11,0.12522359038266417,9.56308457594354e-12,0.029782409486918956,2.1534210496279774e-11,0.06706420610260416,1.0941958028354084e-10,0.340766488052281,0.4440880048792895,4.204615829947034,0.5623868963581959,0.40783069415488515
20260524-114851_diag_atenuacion_mixed_states_ear_eeg,diag_atenuacion_mixed_states_ear_eeg,0,101.632,105.632,57.24978602580101,847.0,0.3191587882705852,0.7427091702508162,0.75,high_50hz_ratio,0.0,0.75,4.25,8.75,16.25,49.5,1.270936722990876e-10,0.43410220568714736,3.226808611086184e-11,0.1102151436860204,9.098649508105519e-12,0.031077423043910576,2.3220398829496433e-11,0.07931178764823543,1.010928088527402e-10,0.34529343993468625,0.39183864045210437,3.5464698450155554,0.5443173493731678,0.4246052275829217
20260524-114851_diag_atenuacion_mixed_states_ear_eeg,diag_atenuacion_mixed_states_ear_eeg,0,101.888,105.888,58.657096757340454,927.0,0.27805288499803554,0.7688261592727212,0.75,high_50hz_ratio,0.0,0.75,4.25,11.5,16.0,49.5,9.946786923396674e-11,0.4434509544320594,2.2780686397055586e-11,0.10156161183698117,8.119096243617507e-12,0.036196824221589374,2.155019053537121e-11,0.09607577436513252,7.238626211347147e-11,0.32271483514423743,0.3767528751215124,2.805815538270492,0.5450125662690406,0.41879060950936997
20260524-114851_diag_atenuacion_mixed_states_ear_eeg,diag_atenuacion_mixed_states_ear_eeg,0,102.144,106.144,58.3672082594328,927.0,0.2695551255959109,0.7965482561077546,0.75,high_50hz_ratio,0.0,0.75,4.25,9.75,16.5,49.5,8.456172024673784e-11,0.4149476226212882,2.1179029195604737e-11,0.10392631309415755,8.490008538151823e-12,0.04166079933876985,2.0236378626238766e-11,0.09930069039419713,6.932176502029242e-11,0.3401645745515872,0.4195418901257146,2.4945827911046092,0.5188739357154457,0.43946526494578436
20260524-114851_diag_atenuacion_mixed_states_ear_eeg,diag_atenuacion_mixed_states_ear_eeg,0,102.4,106.4,57.97494286327499,927.0,0.33988020043323497,0.7962901006755643,0.75,high_50hz_ratio,0.0,0.75,4.25,9.75,16.5,49.5,7.784885851136534e-11,0.3884877238429854,1.612268799350485e-11,0.08045675274625781,1.2792916562594468e-11,0.06384025574363417,1.920256186182664e-11,0.09582619054800984,7.442246934165097e-11,0.3713890771191127,0.6662088451867404,1.2602824316580303,0.4689444765892432,0.4672152676671225
20260524-114851_diag_atenuacion_mixed_states_ear_eeg,diag_atenuacion_mixed_states_ear_eeg,0,102.656,106.656,58.0011810224585,927.0,0.38909426795011526,0.7842723124735915,0.75,high_50hz_ratio,0.0,0.75,4.0,9.75,16.0,49.75,7.981371699605582e-11,0.37432896427374773,1.6001191557447334e-11,0.07504611598456305,1.0635401521823816e-11,0.049880383800399705,1.9852428371953734e-11,0.09310854362489397,8.691537880663248e-11,0.4076359923163956,0.5357229514979056,1.5045216228661353,0.4493750802583108,0.5007445359412895
20260524-114851_diag_atenuacion_mixed_states_ear_eeg,diag_atenuacion_mixed_states_ear_eeg,0,102.912,106.912,57.998999991379165,927.0,0.3496552329254117,0.7863471459119215,0.75,high_50hz_ratio,0.0,0.75,4.25,9.75,16.0,49.5,8.399875260108718e-11,0.3784615444038716,2.1613922753711984e-11,0.09738285787222448,8.52125880434004e-12,0.03839305546203885,2.0008931122077826e-11,0.0901514693949664,8.780505477337301e-11,0.3956110728668986,0.4258727641346966,2.536470637730613,0.47584440227609603,0.485762542261865
20260524-114851_diag_atenuacion_mixed_states_ear_eeg,diag_atenuacion_mixed_states_ear_eeg,0,103.168,107.168,58.042673956322865,927.0,0.3712263259426289,0.7831878386942105,0.75,high_50hz_ratio,0.0,0.75,6.25,9.75,15.5,49.5,7.85925330382386e-11,0.371254555882252,1.6621054925101014e-11,0.07851435913779004,9.904442136639012e-12,0.046786496433577594,2.0502619811521214e-11,0.09685005328490379,8.607381091867297e-11,0.4065945352614766,0.48308178309355976,1.6781414536832486,0.449768915020042,0.5034445885463804
20260524-114851_diag_atenuacion_mixed_states_ear_eeg,diag_atenuacion_mixed_states_ear_eeg,0,103.424,107.424,58.19141689287175,927.0,0.40345153568082437,0.7878612232518073,0.75,high_50hz_ratio,0.0,0.5,6.25,9.25,21.25,49.5,7.486053436221067e-11,0.35536282381590956,1.5487310111726546e-11,0.07351823362610194,1.0408598520575286e-11,0.04940959871246775,2.2172453863578618e-11,0.10525259915679545,8.773054567546738e-11,0.41645674468872534,0.4694382761879539,1.4879342383234282,0.4288810574420115,0.5217093438455208
20260524-114851_diag_atenuacion_mixed_states_ear_eeg,diag_atenuacion_mixed_states_ear_eeg,0,103.68,107.68,58.40661777572812,927.0,0.4389538656995495,0.7846058328516063,0.75,high_50hz_ratio,0.0,0.75,5.5,9.5,21.25,49.5,6.900572888195458e-11,0.37734110569423723,1.3099050156452236e-11,0.0716289813855228,1.0673166499858501e-11,0.05836362449275563,2.113122618536983e-11,0.11555098949976654,6.89644347841873e-11,0.37711529892771783,0.5050897854308166,1.227288092678578,0.44897008707976005,0.4926662884274844
20260524-114851_diag_atenuacion_mixed_states_ear_eeg,diag_atenuacion_mixed_states_ear_eeg,0,103.936,107.936,59.53251212572841,1010.0,0.38608211689978594,0.8024744114124224,0.75,high_50hz_ratio,0.75,0.75,5.5,9.75,14.0,49.5,8.700229752287299e-11,0.40616316189313384,1.787922070297961e-11,0.08346769016069056,1.2374396896170209e-11,0.05776886717902739,2.6876318437001837e-11,0.1254699104187395,7.007305556014043e-11,0.3271303703484087,0.4604200878619528,1.4448559273634667,0.4896308520538244,0.4526002807671482
20260524-114851_diag_atenuacion_mixed_states_ear_eeg,diag_atenuacion_mixed_states_ear_eeg,0,104.192,108.192,59.54313562452015,1010.0,0.3538273378494919,0.8471364116040125,0.75,high_50hz_ratio,49.5,1.25,5.5,10.0,14.0,49.5,7.070696386123231e-11,0.35158968162316323,2.4821293951112565e-11,0.12342363978283423,1.2716141994041884e-11,0.06323089086294989,2.6447935916765414e-11,0.13151210094121712,6.641414594264548e-11,0.3302436867898355,0.48079903225949255,1.9519516188748536,0.47501332140599745,0.46175578773105264
20260524-114851_diag_atenuacion_mixed_states_ear_eeg,diag_atenuacion_mixed_states_ear_eeg,0,104.448,108.448,146.31000649306253,3193.0,0.31662426721702014,0.8283835639187669,0.6842249837673436,high_rms;high_50hz_ratio,0.0,0.5,6.5,8.25,14.75,49.5,1.3696290936797926e-10,0.3254174388722952,6.390007660219388e-11,0.15182358032247603,2.2754524314557952e-11,0.05406368088535928,4.497610440499926e-11,0.10686111132909086,1.5229012725910892e-10,0.36183418859077865,0.5059247486100352,2.808236099284735,0.47724101919477124,0.4686952999198695
20260524-114851_diag_atenuacion_mixed_states_ear_eeg,diag_atenuacion_mixed_states_ear_eeg,0,104.704,108.704,148.09165742876942,3193.0,0.25732349612469974,0.8213422735826593,0.6797708564280764,high_rms;high_50hz_ratio,1.0,1.0,6.5,9.0,21.25,49.5,1.4044337179112357e-10,0.38410791472847156,5.896223779351099e-11,0.16125974417840908,2.961195401559661e-11,0.08098770175414632,3.86074854250197e-11,0.10559017866339376,9.801014464266386e-11,0.26805446067557925,0.7670003288120519,1.9911633579619767,0.5453676589068807,0.373644639338973
20260524-114851_diag_atenuacion_mixed_states_ear_eeg,diag_atenuacion_mixed_states_ear_eeg,0,104.96,108.96,148.44018997562623,3193.0,0.20228548918578612,0.727328865407259,0.9288995250609344,high_rms,0.5,0.5,6.5,8.25,17.5,49.5,2.3253970298513977e-10,0.4951291526177903,7.64003949383557e-11,0.1626735663626006,2.794675037893333e-11,0.05950489596362143,3.268187647793094e-11,0.06958704083109334,1.0008591331897743e-10,0.21310534422489433,0.8551146198047994,2.7337845689546585,0.6578027189803909,0.28269238505598765
20260524-114851_diag_atenuacion_mixed_states_ear_eeg,diag_atenuacion_mixed_states_ear_eeg,0,105.216,109.216,148.50863274570943,3193.0,0.19202019100091458,0.6968279774472085,0.9287284181357264,high_rms,0.5,0.5,6.5,8.25,21.5,49.75,2.574115634833282e-10,0.5500433639221115,6.81650966063079e-11,0.1456568560170284,2.488005777821714e-11,0.05316431977537557,2.926333242996396e-11,0.06253060892655232,8.826407671326479e-11,0.18860485135893226,0.8502127308215041,2.739748324298003,0.6957002199391399,0.2511354602854846
20260524-114851_diag_atenuacion_mixed_states_ear_eeg,diag_atenuacion_mixed_states_ear_eeg,0,105.472,109.472,148.6004676977835,3193.0,0.20141586865476183,0.6964269894708229,0.9284988307555413,high_rms,0.25,0.5,6.5,8.25,17.5,49.5,2.661850618816923e-10,0.5566068620551311,7.141960854962878e-11,0.14934213033217852,2.3831377077778927e-11,0.04983265371822667,2.936189930852814e-11,0.061397264454165136,8.743018874446452e-11,0.18282108944029846,0.8116428990973729,2.9968729174371767,0.7059489923873097,0.24421835389446359
20260524-114851_diag_atenuacion_mixed_states_ear_eeg,diag_atenuacion_mixed_states_ear_eeg,0,105.728,109.728,148.5777035762769,3193.0,0.1736911683998885,0.6991825089979171,0.9285557410593077,high_rms,0.25,0.5,6.25,8.25,22.25,49.5,2.5875305208909753e-10,0.5617597125656879,7.275543877075615e-11,0.1579539798331622,2.441569078910066e-11,0.0530071097868832,2.975826118837111e-11,0.06460597127904712,7.492917864637242e-11,0.16267322653521965,0.820467655504072,2.9798640308483386,0.7197136923988501,0.22727919781426675
20260524-114851_diag_atenuacion_mixed_states_ear_eeg,diag_atenuacion_mixed_states_ear_eeg,0,105.984,109.984,148.0594036189529,3193.0,0.11604896630699836,0.6892144725038473,0.9298514909526178,high_rms,0.25,0.5,4.0,8.25,17.5,49.5,3.405626503044662e-10,0.596707734999,9.16937202618311e-11,0.1606586984278928,2.7023310170517282e-11,0.04734816982898416,3.438646503504484e-11,0.06024932460250716,7.706996225770541e-11,0.13503607214161592,0.7858705494437004,3.3931342860383515,0.7573664334268928,0.1952853967441231
20260524-114851_diag_atenuacion_mixed_states_ear_eeg,diag_atenuacion_mixed_states_ear_eeg,0,106.24,110.24,148.12614218968912,3193.0,0.11837516894398856,0.6866296492259331,0.9296846445257771,high_rms,0.0,0.75,4.0,8.25,17.5,49.5,3.248469040310243e-10,0.5971886674798557,8.846923249072212e-11,0.16263914603617133,2.3355275384478237e-11,0.04293562786779579,3.022273400678479e-11,0.05556055491107959,7.706611609578364e-11,0.14167600370509761,0.7727717611264137,3.7879764222141517,0.759827813516027,0.1972365586161772
20260524-114851_diag_atenuacion_mixed_states_ear_eeg,diag_atenuacion_mixed_states_ear_eeg,0,106.496,110.496,148.2098174885861,3193.0,0.13482247521805787,0.6880852539335524,0.9294754562785348,high_rms,0.0,0.75,4.0,8.0,14.0,49.75,3.0983690034913705e-10,0.5980703637453214,8.269359659041001e-11,0.15962136639149713,2.335926806671623e-11,0.04508980671360618,2.6615620467516365e-11,0.05137546172317713,7.555556375773265e-11,0.1458430014263982,0.8776525835730778,3.5400765278359514,0.7576917301368186,0.1972184631495753
20260524-114851_diag_atenuacion_mixed_states_ear_eeg,diag_atenuacion_mixed_states_ear_eeg,0,106.752,110.752,148.23739406775877,3193.0,0.14127015843234086,0.6979648677073935,0.9294065148306031,high_rms,0.0,0.5,4.0,8.0,14.0,49.75,3.1495584021555e-10,0.5727005326443012,9.184911774239844e-11,0.16701401256119225,2.3905321341918093e-11,0.043468285129052014,3.100023959117209e-11,0.05636934280632739,8.823805329086647e-11,0.16044782685912712,0.7711334382307674,3.8422038519658206,0.7397145452054934,0.2168171696654545
20260524-114851_diag_atenuacion_mixed_states_ear_eeg,diag_atenuacion_mixed_states_ear_eeg,0,107.008,111.008,150.13896562851363,3193.0,0.1332365876825526,0.6823488250151128,0.9246525859287159,high_rms,0.0,0.75,4.0,8.0,16.75,49.5,3.189919591433599e-10,0.6059532319563367,8.246226199090265e-11,0.15664430633927398,2.2794425033864814e-11,0.04330001156439598,2.5358584738807648e-11,0.0481708580416391,7.682276784641038e-11,0.14593159209835435,0.8988839585744406,3.6176504504233638,0.7625975382956106,0.19410245013999344
20260524-114851_diag_atenuacion_mixed_states_ear_eeg,diag_atenuacion_mixed_states_ear_eeg,0,107.264,111.264,157.72540378772217,3325.0,0.14253618219384961,0.6852670115468682,0.9056864905306946,high_rms,0.0,0.75,4.0,8.0,15.0,49.5,4.581948117691098e-10,0.6070235551908176,1.1450421289687278e-10,0.15169694769920558,2.5886690981860398e-11,0.034295087566057765,3.7401554698768545e-11,0.04955015665771213,1.1883485780799762e-10,0.1574342528862069,0.6921287414480853,4.42328503774814,0.7587205028900232,0.20698440954391906
20260524-114851_diag_atenuacion_mixed_states_ear_eeg,diag_atenuacion_mixed_states_ear_eeg,0,107.52,111.52,157.77536246195095,3325.0,0.1578475970438337,0.6827377646466265,0.9055615938451227,high_rms,0.0,0.75,4.0,8.0,16.0,49.25,4.662251839214624e-10,0.6126261896265397,1.0707600104036133e-10,0.14069931179190473,2.8705837128210973e-11,0.037719857756243313,3.2837736845279336e-11,0.043149229799802805,1.2618242504073481e-10,0.1658054110255095,0.874172214226074,3.730112470231054,0.7533255014184445,0.2089546408253123
20260524-114851_diag_atenuacion_mixed_states_ear_eeg,diag_atenuacion_mixed_states_ear_eeg,0,107.776,111.776,157.4854120228283,3325.0,0.16026530733910993,0.6976185749335168,0.9062864699429292,high_rms,0.0,0.75,4.0,10.5,22.25,49.5,5.080128232523618e-10,0.595798736534064,1.1812808585651922e-10,0.13854092078211017,4.0214659486073136e-11,0.047163855350256835,4.1795870176378695e-11,0.049018303286131513,1.4450700459432684e-10,0.1694781840474375,0.9621682552933376,2.937438420868105,0.7343396573161742,0.21849648733356902
20260524-114851_diag_atenuacion_mixed_states_ear_eeg,diag_atenuacion_mixed_states_ear_eeg,0,108.032,112.032,157.5474531688786,3325.0,0.18064844944516298,0.691785990111094,0.9061313670778035,high_rms,0.0,0.75,4.0,8.25,22.25,49.25,4.884928136000616e-10,0.5884598940920999,1.0310145541029484e-10,0.12420054060642952,3.572016483250685e-11,0.04303007911084381,4.3660710962606045e-11,0.052595609666585476,1.5914568161674317e-10,0.1917138765240413,0.818130626940546,2.8863656115177885,0.7126604346985294,0.24430948619062676
20260524-114851_diag_atenuacion_mixed_states_ear_eeg,diag_atenuacion_mixed_states_ear_eeg,0,108.288,112.288,157.6195736575886,3325.0,0.2199549386904841,0.7058107610704843,0.9059510658560285,high_rms,0.0,0.75,4.0,12.25,22.5,49.5,4.160423818205016e-10,0.5376363096220025,8.4298671367157e-11,0.10893608093857637,3.245046543925462e-11,0.04193454620641118,4.627660926446695e-11,0.059801564729772334,1.9476796609008787e-10,0.2516914985032376,0.7012282437073755,2.597764630678694,0.6465723905605789,0.3114930632330099
20260524-114851_diag_atenuacion_mixed_states_ear_eeg,diag_atenuacion_mixed_states_ear_eeg,0,108.544,112.544,81.59332693302804,1188.0,0.2492276835146108,0.7679187198219882,1.0,,0.0,0.75,4.0,8.5,18.5,49.5,1.664075871923175e-10,0.40168055096672584,5.1309804221893485e-11,0.12385342986810949,2.341276478239077e-11,0.0565145641260716,3.29274619896654e-11,0.079481478561786,1.402208097630668e-10,0.33846997647730703,0.711040674490463,2.1915311881698254,0.5255339808348354,0.41795145503909303
20260524-114851_diag_atenuacion_mixed_states_ear_eeg,diag_atenuacion_mixed_states_ear_eeg,0,108.8,112.8,79.19322572038595,1188.0,0.23265970191913274,0.7733705486665801,1.0,,0.0,0.75,4.75,8.5,16.75,49.5,1.2629581016656198e-10,0.41887914058665704,4.06972812447179e-11,0.1349786835328788,1.4255529461243493e-11,0.04728061779292829,2.589031378278648e-11,0.08586913827584579,9.437001608804693e-11,0.3129924198116901,0.5506124638289039,2.8548417900128924,0.5538578241195359,0.39886155808753593
20260524-114851_diag_atenuacion_mixed_states_ear_eeg,diag_atenuacion_mixed_states_ear_eeg,0,109.056,113.056,78.31163387390153,1188.0,0.19356840657623922,0.7283597668937575,1.0,,0.0,0.75,4.0,10.0,17.25,49.5,1.8820196936053218e-10,0.5046735985323875,4.2260910053470376e-11,0.1133248797895477,1.491326503750558e-11,0.03999071400749926,2.4943176360391052e-11,0.0668864550960772,1.0259887801568281e-10,0.27512435257448836,0.5978895719627495,2.833779856201028,0.6179984783219352,0.3420108076705656
20260524-114851_diag_atenuacion_mixed_states_ear_eeg,diag_atenuacion_mixed_states_ear_eeg,0,109.312,113.312,78.14718804921903,1188.0,0.21693144990835816,0.7429352226172471,1.0,,0.75,0.75,4.0,9.5,18.25,49.5,1.9004338439135953e-10,0.4631813699347718,4.8938602183861495e-11,0.11927512696540031,1.6201800162431032e-11,0.03948767813559,3.120578263826106e-11,0.07605598689250472,1.2391057809789967e-10,0.3019998380717331,0.5191922391514125,3.0205657206747327,0.5824564969001721,0.3780558249642378
20260524-114851_diag_atenuacion_mixed_states_ear_eeg,diag_atenuacion_mixed_states_ear_eeg,0,109.568,113.568,78.08143825519609,1188.0,0.263402710454919,0.7309998244939788,0.75,high_50hz_ratio,0.75,0.75,4.0,9.25,16.75,49.5,2.047075781010536e-10,0.4377463612559676,5.042251992385941e-11,0.10782343685943095,1.6019403099724427e-11,0.03425586625295942,3.266251607677693e-11,0.06984547272116867,1.638276851908872e-10,0.35032886291047344,0.4904522071131634,3.1475904320509165,0.5455697981153985,0.4201743356316421
20260524-114851_diag_atenuacion_mixed_states_ear_eeg,diag_atenuacion_mixed_states_ear_eeg,0,109.824,113.824,78.26136339216178,1188.0,0.2518160146910407,0.7226608132233653,0.75,high_50hz_ratio,0.75,0.75,4.0,9.25,16.75,49.5,2.0585169971967616e-10,0.4532127816433713,4.4560139251504196e-11,0.0981056978790632,1.8480885779218966e-11,0.04068838713811533,3.413147770453438e-11,0.07514546624164775,1.5118121287613447e-10,0.33284766709780245,0.5414616366511367,2.4111473759342386,0.5513184795224345,0.4079931333394502
20260524-114851_diag_atenuacion_mixed_states_ear_eeg,diag_atenuacion_mixed_states_ear_eeg,0,110.08,114.08,78.08390359094504,1188.0,0.20717980005430328,0.7223895649416947,1.0,,0.5,0.5,4.0,9.5,16.75,49.5,2.168087085610884e-10,0.4851224786737658,4.601893814951926e-11,0.1029701320080472,1.869430380783184e-11,0.04182962511296218,3.171905683574462e-11,0.07097329058170576,1.3367439667698526e-10,0.29910447362351905,0.5893713644967207,2.461655626364645,0.588092610681813,0.3700777642052248
20260524-114851_diag_atenuacion_mixed_states_ear_eeg,diag_atenuacion_mixed_states_ear_eeg,0,110.336,114.336,77.95888660056659,1188.0,0.2011786998707075,0.7222440886269933,1.0,,0.0,0.5,4.0,9.0,16.75,49.5,2.1559882880024436e-10,0.4907748626337918,4.5077183363775516e-11,0.10261070802834574,1.718954779440384e-11,0.039129145573197015,3.0101960843545746e-11,0.06852210552445356,1.3133539630998683e-10,0.2989631782402119,0.5710441218014375,2.6223600471008703,0.5933855706621375,0.3674852837646655
20260524-114851_diag_atenuacion_mixed_states_ear_eeg,diag_atenuacion_mixed_states_ear_eeg,0,110.592,114.592,77.86755421868597,1188.0,0.22013354163030532,0.7230338897507128,1.0,,0.0,0.5,4.0,9.25,17.5,49.5,2.1147551481931615e-10,0.483545818644535,4.437081698582298e-11,0.10145535307795778,1.64358637943702e-11,0.037581150803056886,2.9305203591696545e-11,0.06700732552134377,1.3575588176636637e-10,0.31041035195310657,0.5608513772286913,2.699634016255439,0.5850011717224928,0.3774176774744503
20260524-114851_diag_atenuacion_mixed_states_ear_eeg,diag_atenuacion_mixed_states_ear_eeg,0,110.848,114.848,77.7518810061853,1188.0,0.21998190664731396,0.721990927813616,1.0,,0.0,0.5,4.0,9.5,19.75,49.5,2.1012139846239617e-10,0.4879204153908993,4.1343761874926966e-11,0.09600386069887548,1.8942139276975643e-11,0.043985317687994734,2.7915481416185134e-11,0.06482220938987109,1.323240864387869e-10,0.3072681968323594,0.6785532011636083,2.1826342458151347,0.5839242760897748,0.3720904062222305
20260524-114851_diag_atenuacion_mixed_states_ear_eeg,diag_atenuacion_mixed_states_ear_eeg,0,111.104,115.104,57.67992718442006,898.0,0.2135524191687585,0.7156546804620053,1.0,,0.0,0.5,4.0,9.5,20.0,49.25,1.5848904418075624e-10,0.48897435932208294,2.718168419079155e-11,0.0838616112627254,1.323653372859381e-11,0.04083768460489063,2.5667849787562205e-11,0.07919109153522567,9.955035841402412e-11,0.30713525327507535,0.5156853354739437,2.0535349169301904,0.5728359705848083,0.38632634481030104
20260524-114851_diag_atenuacion_mixed_states_ear_eeg,diag_atenuacion_mixed_states_ear_eeg,0,111.36,115.36,55.90406067541069,898.0,0.17990252550489358,0.7041000528480225,1.0,,0.0,0.75,4.25,8.5,19.5,49.25,1.4014239869671166e-10,0.5342123208731573,2.6075822420058905e-11,0.09939908081523963,9.37019795329158e-12,0.03571849234935535,1.856518461494786e-11,0.07076909238619049,6.818103971604869e-11,0.2599010135760572,0.5047188136091635,2.782846483077654,0.6336114016883969,0.3306701059622477
20260524-114851_diag_atenuacion_mixed_states_ear_eeg,diag_atenuacion_mixed_states_ear_eeg,0,111.616,115.616,55.76682705695205,898.0,0.1935259945488146,0.6856016264940256,1.0,,0.75,0.75,4.0,8.5,19.5,49.5,1.484942239044463e-10,0.5805088142037168,2.335114418672652e-11,0.09128668217330399,8.28939412981145e-12,0.03240574771353117,1.776757183717381e-11,0.06945880982626079,5.789778520124648e-11,0.22633994608318717,0.4665462566172462,2.81699046046658,0.6717954963770207,0.29579875590944793
20260524-114851_diag_atenuacion_mixed_states_ear_eeg,diag_atenuacion_mixed_states_ear_eeg,0,111.872,115.872,54.50779760731486,915.0,0.1957227576114871,0.676238124288303,1.0,,0.5,0.5,4.0,8.0,13.25,49.5,1.585675077137858e-10,0.6127258943335318,2.2504925045730208e-11,0.08696201715198743,8.443690271955966e-12,0.03262753982800831,1.8598828717824105e-11,0.07186834253745533,5.0675331442931856e-11,0.19581620614901726,0.45399043133635575,2.6652949505355292,0.6996879114855192,0.2676845486864726
20260524-114851_diag_atenuacion_mixed_states_ear_eeg,diag_atenuacion_mixed_states_ear_eeg,0,112.128,116.128,54.847525012529054,915.0,0.19342313001307324,0.722333636400909,1.0,,0.75,0.75,4.0,8.0,13.25,49.5,1.5297684337187972e-10,0.5571100511769809,2.5078198092545942e-11,0.09132961508952765,1.0096067280276215e-11,0.03676779070102609,2.8950017386935042e-11,0.10542998085535465,5.7488863850939323e-11,0.2093625621771107,0.34874132009442266,2.4839571088773327,0.6484396662665085,0.31479254303246534
20260524-114851_diag_atenuacion_mixed_states_ear_eeg,diag_atenuacion_mixed_states_ear_eeg,0,112.384,116.384,55.103656865946746,915.0,0.195822125058582,0.7164024190332593,1.0,,0.75,0.75,4.0,13.0,13.25,49.5,1.3601537031019083e-10,0.5622102444028669,2.167057389008108e-11,0.08957383724580456,9.277865229351754e-12,0.0383494223206912,2.205027783982147e-11,0.09114331759127904,5.291563860144337e-11,0.21872317843935823,0.4207595612512642,2.335728462785098,0.6517840816486715,0.30986649603063726
20260524-114851_diag_atenuacion_mixed_states_ear_eeg,diag_atenuacion_mixed_states_ear_eeg,0,112.64,116.64,55.31784522195346,915.0,0.20367447987029422,0.728776533317155,1.0,,0.75,0.75,4.0,12.75,13.25,49.75,1.265034790915025e-10,0.5333140151733778,2.1732813852187912e-11,0.09162130796531187,9.855880918170233e-12,0.04155047326198889,2.3469004681803433e-11,0.09894075015851594,5.5641436599267826e-11,0.23457345344080546,0.4199530850071344,2.2050605148974,0.6249353231386897,0.3335142035993214
20260524-114851_diag_atenuacion_mixed_states_ear_eeg,diag_atenuacion_mixed_states_ear_eeg,0,112.896,116.896,55.49951351138134,915.0,0.2034856564663077,0.754973387025041,1.0,,0.5,0.5,4.0,12.75,13.25,49.75,1.1661244405713886e-10,0.49701800890333087,2.3506168491729396e-11,0.10018646942157405,1.0648472165600013e-11,0.0453852286211907,2.4940994736647228e-11,0.10630189294380016,5.891610311008378e-11,0.25110840011010427,0.42694657041700124,2.207468651480941,0.5972044783249049,0.3574102930539044
20260524-114851_diag_atenuacion_mixed_states_ear_eeg,diag_atenuacion_mixed_states_ear_eeg,0,113.152,117.152,55.71359798110332,915.0,0.20501456819524458,0.7814810211346406,1.0,,0.0,0.5,4.0,9.25,20.75,49.75,8.946627401314715e-11,0.47367422497823436,1.7566295258146995e-11,0.09300377582416001,9.8277875318094e-12,0.052032675929887175,2.1896610165358146e-11,0.11593038789345796,5.0120259815955776e-11,0.2653589353742605,0.44882689409877685,1.7874109713188775,0.5666780008023944,0.3812893232677184
20260524-114851_diag_atenuacion_mixed_states_ear_eeg,diag_atenuacion_mixed_states_ear_eeg,0,113.408,117.408,55.480897613502975,915.0,0.2213080203312977,0.7911962849949783,1.0,,0.0,0.5,4.0,13.0,20.75,49.75,7.835528587639995e-11,0.4571973908679645,1.542174578610654e-11,0.08998476436113138,8.583385610276165e-12,0.050083430389395917,2.294018182073016e-11,0.13385429147714345,4.608114420044318e-11,0.2688801229043648,0.374163800328718,1.7966973041084604,0.5471821552290959,0.40273441438150825
20260524-114851_diag_atenuacion_mixed_states_ear_eeg,diag_atenuacion_mixed_states_ear_eeg,0,113.664,117.664,55.307142395896754,915.0,0.2303315596957177,0.8088492968089951,1.0,,0.0,0.5,4.25,8.5,25.5,49.5,6.828470269582191e-11,0.4165176817478756,1.752785425161315e-11,0.10691503265991747,1.1814168793551528e-11,0.07206314157342396,2.3675562944534687e-11,0.14441434468362813,4.263961747623361e-11,0.2600897993351548,0.4990026560816681,1.4836299157313797,0.523432714407793,0.40450414401878293
20260524-114851_diag_atenuacion_mixed_states_ear_eeg,diag_atenuacion_mixed_states_ear_eeg,0,113.92,117.92,53.59179041607026,832.0,0.21677250720756486,0.8395297951553913,1.0,,0.0,0.5,6.0,8.5,13.0,50.0,5.2586383917025826e-11,0.34539571189838963,2.1459396997458174e-11,0.14094872380923426,1.2842458259502034e-11,0.08435130318268393,2.4698437190287267e-11,0.1622232536387608,4.066299583923097e-11,0.26708100747093133,0.519970480745736,1.6709726879260467,0.48634443570762387,0.4293042611096921
20260524-114851_diag_atenuacion_mixed_states_ear_eeg,diag_atenuacion_mixed_states_ear_eeg,0,114.176,118.176,53.45448531227291,832.0,0.22306995960392534,0.8044572195184008,1.0,,0.75,0.75,6.75,13.0,13.0,49.5,6.005309417098187e-11,0.3908446172397958,2.295129118647142e-11,0.14937429524272677,1.0746895645716201e-11,0.06994421142076018,2.036385367776882e-11,0.1325344298422622,3.953440153395438e-11,0.2573024462544551,0.5277437078350532,2.1356205496998557,0.5402189124825225,0.3898368760967173
20260524-114851_diag_atenuacion_mixed_states_ear_eeg,diag_atenuacion_mixed_states_ear_eeg,0,114.432,118.432,53.209256713470445,832.0,0.2676795377075072,0.7987199306033791,0.75,high_50hz_ratio,0.75,0.75,6.75,13.0,21.0,49.75,6.179782652212202e-11,0.3879077680980758,2.034320372118117e-11,0.12769521511606857,7.502710976773177e-12,0.04709485807956667,2.1759001551517403e-11,0.1365822424979657,4.790787589716539e-11,0.3007199162083232,0.34480952441726176,2.711447073485767,0.5156029832141444,0.4373021587062889
20260524-114851_diag_atenuacion_mixed_states_ear_eeg,diag_atenuacion_mixed_states_ear_eeg,0,114.688,118.688,53.32144971772617,832.0,0.2902288566676196,0.8118327862937594,0.75,high_50hz_ratio,0.5,0.5,7.5,8.0,21.0,49.75,6.248373530534352e-11,0.3729404966102402,2.185816544140739e-11,0.13046267216374519,8.069271276209709e-12,0.04816226210431181,2.1231856526626333e-11,0.12672448403257094,5.3900415708345755e-11,0.3217100850891319,0.3800549078734703,2.7088152936251992,0.5034031687739854,0.4484345691217029
20260524-114851_diag_atenuacion_mixed_states_ear_eeg,diag_atenuacion_mixed_states_ear_eeg,0,114.944,118.944,53.78530468445819,832.0,0.2970947512979237,0.8196329936076101,0.75,high_50hz_ratio,0.75,0.75,7.5,8.0,21.0,49.75,6.733722248676528e-11,0.3380038813478661,2.413936042881959e-11,0.12116920206799069,8.875065239507801e-12,0.04454900851841281,2.4309825430397476e-11,0.12202486302398899,7.455879044888441e-11,0.37425304504174145,0.36508140566119607,2.7199079417875156,0.4591730834158568,0.49627790806573047
20260524-114851_diag_atenuacion_mixed_states_ear_eeg,diag_atenuacion_mixed_states_ear_eeg,0,115.2,119.2,53.62966529822837,832.0,0.2757901957331186,0.8191939958098778,0.75,high_50hz_ratio,0.75,0.75,7.5,8.0,21.0,49.75,6.486259403882572e-11,0.32139459042535823,2.2857775600731193e-11,0.11326043208870633,8.35492736301671e-12,0.041398721368791365,2.2403459540092195e-11,0.1110092929476271,8.333731619515343e-11,0.412936963169517,0.37293023196105574,2.73584372521438,0.43465502251406457,0.5239462561171441
20260524-114851_diag_atenuacion_mixed_states_ear_eeg,diag_atenuacion_mixed_states_ear_eeg,0,115.456,119.456,53.45033208503012,832.0,0.2674969034575721,0.8191094096151671,0.75,high_50hz_ratio,0.75,0.75,7.5,8.0,21.0,49.75,6.215860701783763e-11,0.3095014421081064,2.2357522278136368e-11,0.11132304469213061,7.5262449348233e-12,0.03747483691708503,2.0709938433308106e-11,0.10311936059377186,8.80823154218152e-11,0.4385813156889062,0.36341223123670546,2.970607849166588,0.420824486800237,0.541700676282678
20260524-114851_diag_atenuacion_mixed_states_ear_eeg,diag_atenuacion_mixed_states_ear_eeg,0,115.712,119.712,53.71406705882548,832.0,0.28369616907732687,0.8110431016263985,0.75,high_50hz_ratio,0.5,0.5,7.0,8.0,21.0,49.75,6.189632178627712e-11,0.3125224653971186,2.0917317720087984e-11,0.10561421930609881,6.876616082412781e-12,0.03472091635890372,2.0959984229926572e-11,0.10582964798521625,8.740375194033979e-11,0.44131275095266265,0.3280830752054851,3.041803914804093,0.4181366847032174,0.5471423989378789
20260524-114851_diag_atenuacion_mixed_states_ear_eeg,diag_atenuacion_mixed_states_ear_eeg,0,115.968,119.968,52.5875080223431,776.0,0.24952229785630367,0.7977749729393595,1.0,,0.5,0.5,5.25,8.0,21.75,49.5,7.543693389088898e-11,0.362416988348513,2.5602935135062417e-11,0.12300259522679684,6.843830469902375e-12,0.032879390767091767,1.7969640713279493e-11,0.08633043170115026,8.229621214669106e-11,0.39537059395644814,0.38085516450224915,3.741024160031193,0.48541958357530984,0.4817010256575984
20260524-114851_diag_atenuacion_mixed_states_ear_eeg,diag_atenuacion_mixed_states_ear_eeg,0,116.224,120.224,52.09034459475191,776.0,0.23956734884103612,0.8013794852774,1.0,,0.5,0.5,5.25,8.0,21.75,50.0,6.970072955143386e-11,0.3510120652969486,2.458914483992637e-11,0.1238306481107816,5.934876371536539e-12,0.029887968545836346,1.645943822729636e-11,0.08288953993698894,8.188656239542818e-11,0.4123797781094445,0.36057587686644915,4.143160413223611,0.4748427134077302,0.4952693180464334
20260524-114851_diag_atenuacion_mixed_states_ear_eeg,diag_atenuacion_mixed_states_ear_eeg,0,116.48,120.48,51.835113581432424,776.0,0.23222892595147734,0.8132675136221432,1.0,,1.0,1.0,4.0,8.0,29.0,49.5,6.353680722719688e-11,0.33332331014665917,2.5422662280287397e-11,0.13337097524753708,6.225477181783958e-12,0.03265975663609487,1.5532413317654465e-11,0.08148529407676143,7.989879341853463e-11,0.4191606638929475,0.4008055319200108,4.083648777105042,0.4666942853941962,0.5006459579697089
20260524-114851_diag_atenuacion_mixed_states_ear_eeg,diag_atenuacion_mixed_states_ear_eeg,0,116.736,120.736,74.33234154794263,1304.0,0.22575209633075802,0.8175764114718952,1.0,,1.0,1.0,4.5,8.0,19.0,49.5,6.970335454591127e-11,0.33073903323502274,2.8249663966625042e-11,0.13404328400553128,7.87362906155722e-12,0.03735998763381423,1.600584814171287e-11,0.07594697235137912,8.891781658972713e-11,0.4219107227742527,0.4919220144940486,3.5878835217870835,0.464782317240554,0.4978576951256318
20260524-114851_diag_atenuacion_mixed_states_ear_eeg,diag_atenuacion_mixed_states_ear_eeg,0,116.992,120.992,76.03219055110803,1304.0,0.22326214422380514,0.7942912373313717,1.0,,49.5,1.0,4.25,8.0,21.75,49.5,9.083262086466311e-11,0.3329943495229213,4.189879858369027e-11,0.15360190036744442,7.381807251031091e-12,0.027061864784493565,1.501999499255366e-11,0.05506362598339071,1.1764204009493116e-10,0.43127825934174996,0.49146536032073984,5.675954025735072,0.4865962498903657,0.48634188532514067
20260524-114851_diag_atenuacion_mixed_states_ear_eeg,diag_atenuacion_mixed_states_ear_eeg,0,117.248,121.248,76.12353775278707,1304.0,0.20560789325209947,0.7896892282480239,1.0,,49.5,1.5,4.0,8.0,15.0,49.5,9.6926235240754e-11,0.3449666416199319,4.138578329789334e-11,0.14729463740774376,6.764097713767643e-12,0.024073854370920383,1.632702069364049e-11,0.058108906039261075,1.1956963997404685e-10,0.42555596056214295,0.41428854906776197,6.11844846854544,0.4922612790276757,0.483664866601404
20260524-114851_diag_atenuacion_mixed_states_ear_eeg,diag_atenuacion_mixed_states_ear_eeg,0,117.504,121.504,76.04340208065392,1304.0,0.22124823152514628,0.7901023511532077,1.0,,49.75,1.75,4.0,8.0,22.0,49.75,8.653355252070166e-11,0.3288386333822501,4.165066036522985e-11,0.15827786835278512,6.3521458005415995e-12,0.024138971338258437,1.4640294217640695e-11,0.05563500171440769,1.1397233184462445e-10,0.4331095252122987,0.43388102083957003,6.556943381507177,0.48711650173503523,0.48874452692670634
20260524-114851_diag_atenuacion_mixed_states_ear_eeg,diag_atenuacion_mixed_states_ear_eeg,0,117.76,121.76,76.20817541445274,1304.0,0.20359840614839633,0.7976739475452964,1.0,,1.75,1.75,4.25,8.0,30.0,49.75,9.057826890720016e-11,0.3371753758710104,3.658228948068572e-11,0.136176671895877,7.986905697529427e-12,0.029731059812700068,1.6668702777994117e-11,0.062048835689390826,1.168222788511191e-10,0.43486805673102175,0.4791558049780379,4.580283136684791,0.4733520477668874,0.4969168924204126
20260524-114851_diag_atenuacion_mixed_states_ear_eeg,diag_atenuacion_mixed_states_ear_eeg,0,118.016,122.016,76.11606269375736,1304.0,0.16936075658005809,0.7917973796253218,1.0,,1.75,1.75,4.25,8.0,25.75,49.5,8.659575241584924e-11,0.3633183646671707,3.361454399369602e-11,0.14103210390937201,7.106934248364599e-12,0.029817625655739984,1.5247806420228414e-11,0.06397320814023029,9.57817156250399e-11,0.401858697627487,0.46609551908635366,4.729823411751864,0.5043504685765428,0.46583190576771727
20260524-114851_diag_atenuacion_mixed_states_ear_eeg,diag_atenuacion_mixed_states_ear_eeg,0,118.272,122.272,76.2132993643498,1304.0,0.1450527654190877,0.7861321199388446,1.0,,1.75,1.75,4.5,8.0,25.75,49.5,9.278325994083287e-11,0.39761928997023377,3.453913142664111e-11,0.14801619303748673,7.0982153374978724e-12,0.030419143974371465,1.7196541819264914e-11,0.07369515527348229,8.172983005866527e-11,0.3502502177444256,0.41276992851818006,4.865889492557462,0.5456354830077205,0.4239453730179079
20260524-114851_diag_atenuacion_mixed_states_ear_eeg,diag_atenuacion_mixed_states_ear_eeg,0,118.528,122.528,76.33893502008002,1304.0,0.16035516733758579,0.7708879533991436,1.0,,1.75,1.75,4.5,8.0,25.75,49.5,9.80134299457171e-11,0.4315841679362815,3.515453592918603e-11,0.1547965533558684,8.21454908707153e-12,0.03617126076170366,1.4726053044027473e-11,0.06484347454743737,7.099297377295315e-11,0.312604543398709,0.5578242223161861,4.2795454207601,0.5863807212921499,0.3774480179461464
20260524-114851_diag_atenuacion_mixed_states_ear_eeg,diag_atenuacion_mixed_states_ear_eeg,0,118.784,122.784,76.00489457923088,1304.0,0.16929214115303876,0.7631239879391009,1.0,,1.75,1.75,4.0,8.25,28.5,49.5,9.561697425427118e-11,0.4692860141593024,3.1663898225647864e-11,0.15540571856566907,1.0121970875215932e-11,0.049678411228897934,1.2175882940402715e-11,0.059758966632607026,5.4171164750252866e-11,0.2658708894135236,0.8313130903738098,3.12823447291063,0.6246917327249715,0.32562985604613065
20260524-114851_diag_atenuacion_mixed_states_ear_eeg,diag_atenuacion_mixed_states_ear_eeg,0,119.04,123.04,75.91514341684405,1304.0,0.1734633833556794,0.7594406810767349,1.0,,1.75,1.75,4.0,8.25,25.75,50.0,9.354466339793192e-11,0.47572002937483354,3.028406055644956e-11,0.1540091508611054,9.905434466432026e-12,0.05037394335683407,1.1500918854370833e-11,0.058487756078235316,5.140298213312657e-11,0.2614091203289917,0.8612733114508971,3.057317744019964,0.6297291802359389,0.319896876407227
20260524-114851_diag_atenuacion_mixed_states_ear_eeg,diag_atenuacion_mixed_states_ear_eeg,0,119.296,123.296,76.07389171062566,1304.0,0.19260199899367614,0.7595903202595634,1.0,,1.75,1.75,4.5,8.0,25.75,49.5,9.240733667198921e-11,0.4671453194541224,2.968395454522547e-11,0.15006081690150394,9.511003660280461e-12,0.04808082348463383,1.1202804723075797e-11,0.056633358125229245,5.50077282791364e-11,0.27807968203451067,0.8489841513250227,3.1210117886076127,0.6172061363556264,0.3347130401597399
20260524-114851_diag_atenuacion_mixed_states_ear_eeg,diag_atenuacion_mixed_states_ear_eeg,0,119.552,123.552,76.19965223017753,1304.0,0.22029855140541216,0.769748554252488,1.0,,1.75,1.75,4.0,8.0,19.5,49.5,8.798914029599591e-11,0.4513253831961378,2.8986075015081827e-11,0.1486791593772297,9.650039186376691e-12,0.04949824056693734,1.2072853393028991e-11,0.06192565543372581,5.6259108282216167e-11,0.28857156142596935,0.7993171847799244,3.0037261461075215,0.6000045425733675,0.35049721685969515
20260524-114851_diag_atenuacion_mixed_states_ear_eeg,diag_atenuacion_mixed_states_ear_eeg,0,119.808,123.808,76.37390915751268,1304.0,0.220808376428265,0.7780503624888027,1.0,,1.75,1.75,4.0,8.25,17.0,49.5,9.152955605748536e-11,0.45191576216564655,3.088742261949766e-11,0.15250279511523074,1.1264677017432803e-11,0.055617937190537335,1.3452213796935916e-11,0.0664186270830312,5.540289448178855e-11,0.27354487844555414,0.8373846258672026,2.7419714361714425,0.6044185572808773,0.33996350552858534
20260524-114851_diag_atenuacion_mixed_states_ear_eeg,diag_atenuacion_mixed_states_ear_eeg,0,120.064,124.064,76.50542464426951,1304.0,0.20151952387459135,0.766335150386345,1.0,,0.0,1.0,4.0,8.25,17.25,49.5,9.74146822831771e-11,0.47718289034875266,3.1522869109757154e-11,0.15441382593799227,1.0879498253125649e-11,0.05329289487265764,1.2915433509844184e-11,0.06326586247460253,5.1412896432163004e-11,0.2518445263659949,0.8423641564050686,2.8974561488348716,0.631596716286745,0.31511038884059744
20260524-114851_diag_atenuacion_mixed_states_ear_eeg,diag_atenuacion_mixed_states_ear_eeg,0,120.32,124.32,76.61220529393472,1304.0,0.19788975280056884,0.75399652928379,1.0,,0.0,1.0,4.0,8.25,25.25,49.25,1.0025344319301972e-10,0.49628848641002093,2.935965181701892e-11,0.14534021673190828,1.0101262244596012e-11,0.05000466807458531,1.2806482356777009e-11,0.06339642353075833,4.9485545663045175e-11,0.24497020525272717,0.7887616570408632,2.906532976383797,0.6416287031419292,0.30836662878348553
20260524-114851_diag_atenuacion_mixed_states_ear_eeg,diag_atenuacion_mixed_states_ear_eeg,0,120.576,124.576,76.65267770926205,1304.0,0.23916674656763687,0.7746202870713595,1.0,,0.0,1.0,4.0,8.25,13.0,49.25,8.917716221439111e-11,0.434882659846772,3.1157640825025885e-11,0.1519438091555574,9.988555416005441e-12,0.04871033613848648,1.3373106168896283e-11,0.0652154860810806,6.136382047836185e-11,0.2992477087781036,0.7469136406945778,3.1193340305345427,0.5868264690023294,0.3644631948591842
20260524-114851_diag_atenuacion_mixed_states_ear_eeg,diag_atenuacion_mixed_states_ear_eeg,0,120.832,124.832,53.27603588856813,782.0,0.24126142159066466,0.7862227633786423,1.0,,0.0,0.5,4.0,9.75,20.5,49.5,7.124144760461489e-11,0.43490900608701044,2.4268973189381482e-11,0.14815525741594399,8.372953205913199e-12,0.05111452503052267,1.3584211218707104e-11,0.08292778990668939,4.6340123077867557e-11,0.28289342155983355,0.6163738969534446,2.8984962166326333,0.5830642635029544,0.3658212114665229
20260524-114851_diag_atenuacion_mixed_states_ear_eeg,diag_atenuacion_mixed_states_ear_eeg,0,121.088,125.088,52.80304915438123,782.0,0.2550925992927395,0.8063492961291948,0.75,high_50hz_ratio,0.0,0.5,4.0,9.75,20.75,49.75,5.3418108564172367e-11,0.382051851306675,2.4633718953807418e-11,0.17618291219660798,8.271336666420419e-12,0.05915745748261433,1.3179749224210375e-11,0.09426293304298133,4.031608859720192e-11,0.2883448459711214,0.6275792145746212,2.978202912935973,0.5582347635032829,0.38260777901410276
20260524-114851_diag_atenuacion_mixed_states_ear_eeg,diag_atenuacion_mixed_states_ear_eeg,0,121.344,125.344,52.771393765941035,782.0,0.26081924211807067,0.8056119352926577,0.75,high_50hz_ratio,0.0,0.5,4.0,10.5,20.75,49.75,5.325073624208505e-11,0.3727556397163625,2.528222702171639e-11,0.17697581990399155,8.571035836034874e-12,0.05999732908045798,1.3395116594647908e-11,0.09376593842034243,4.235784089671487e-11,0.2965052728788455,0.6398627272463965,2.949728306516151,0.5497314596203541,0.3902712112991879
20260524-114851_diag_atenuacion_mixed_states_ear_eeg,diag_atenuacion_mixed_states_ear_eeg,0,121.6,125.6,78.8329753339299,1424.0,0.2574731593095496,0.8025287778929716,0.75,high_50hz_ratio,0.0,0.75,4.25,10.75,22.0,49.75,7.225945472498909e-11,0.38783606500089896,3.034031578748039e-11,0.1628446925137356,1.1197705335965727e-11,0.060101117439496046,1.729889088642574e-11,0.09284783279648925,5.5218061565719086e-11,0.2963702922493801,0.6473077036836188,2.709511893479714,0.5506807575146345,0.3892181250458694
20260524-114851_diag_atenuacion_mixed_states_ear_eeg,diag_atenuacion_mixed_states_ear_eeg,0,121.856,125.856,89.49192142310947,1464.0,0.21997004490313493,0.8104892209388188,1.0,,0.0,0.5,4.0,9.5,13.25,49.5,8.308150781691252e-11,0.37897368550010485,3.885565938422859e-11,0.17723886850763543,1.5198050259579728e-11,0.06932542837307878,2.1789159104944045e-11,0.09939056412103134,6.030326639660495e-11,0.2750714534981496,0.6975051302521919,2.5566213244844915,0.5562125540077403,0.37446201761918096
20260524-114851_diag_atenuacion_mixed_states_ear_eeg,diag_atenuacion_mixed_states_ear_eeg,0,122.112,126.112,89.89057236440316,1464.0,0.16215249469105486,0.7822230714471452,1.0,,0.0,0.5,4.0,10.5,16.75,50.0,1.0187260049044337e-10,0.44342013177342116,3.9276691200370546e-11,0.17095936987812613,1.5751469798370137e-11,0.0685613087326024,1.9078913428747874e-11,0.0830446485702768,5.3763165315804305e-11,0.2340145410455735,0.825595747745048,2.4935254743296813,0.6143795016515473,0.31705918961585033
20260524-114851_diag_atenuacion_mixed_states_ear_eeg,diag_atenuacion_mixed_states_ear_eeg,0,122.368,126.368,89.91935831621576,1464.0,0.17328237380073586,0.7940805777650131,1.0,,0.0,0.5,4.0,10.5,22.0,49.0,8.107283681571013e-11,0.4111170138098617,3.0797265708493505e-11,0.15617166499755722,1.1059184510956787e-11,0.056080668814536855,1.7583699858243553e-11,0.08916621721135044,5.6688379365803334e-11,0.2874644351666938,0.6289452504372705,2.7847682329543733,0.567288678807419,0.3766306523780442
20260524-114851_diag_atenuacion_mixed_states_ear_eeg,diag_atenuacion_mixed_states_ear_eeg,0,122.624,126.624,89.9229114297352,1464.0,0.18764455650714418,0.8011544383308598,1.0,,0.0,0.5,4.0,10.75,22.0,49.0,7.186194540031867e-11,0.393213059747329,2.696424831864471e-11,0.14754254878708084,1.0340027201198862e-11,0.05657839780157114,1.7747792756594123e-11,0.09711209256451483,5.584173061743302e-11,0.3055539010995042,0.5826091921969883,2.607754099091574,0.5407556085344098,0.402665993664019
20260524-114851_diag_atenuacion_mixed_states_ear_eeg,diag_atenuacion_mixed_states_ear_eeg,0,122.88,126.88,89.97979773260218,1464.0,0.1821116052696263,0.8053013590968641,1.0,,0.0,0.5,4.0,10.75,14.75,49.5,7.023332124691376e-11,0.39393828171900797,2.736687862938204e-11,0.15350065968502294,1.0680843908234922e-11,0.05990879004179076,1.7421923459606142e-11,0.09771946520639452,5.2582120816968225e-11,0.29493280334778377,0.6130691558253686,2.5622393571618622,0.5474389414040309,0.3926522685541783
20260524-114851_diag_atenuacion_mixed_states_ear_eeg,diag_atenuacion_mixed_states_ear_eeg,0,123.136,127.136,89.9575566586821,1464.0,0.19475722599956174,0.8065134675575788,1.0,,0.0,0.5,4.0,10.75,20.25,49.0,5.855237525574159e-11,0.37381870770870257,2.4528240953615163e-11,0.1565968126075121,8.346439068907082e-12,0.05328656699375014,1.580667700827847e-11,0.10091531806515577,4.939934692619845e-11,0.31538259462487944,0.5280324931379176,2.938767149812428,0.5304155203162146,0.41629791269003524
20260524-114851_diag_atenuacion_mixed_states_ear_eeg,diag_atenuacion_mixed_states_ear_eeg,0,123.392,127.392,89.79270014873147,1464.0,0.2148253275091247,0.809506306145757,1.0,,0.0,0.5,4.0,10.75,22.0,49.0,5.5884673706280865e-11,0.35644005038168697,2.4054875594444223e-11,0.1534252685069407,8.120780615680677e-12,0.051795443362614234,1.5814000310707863e-11,0.10086384501608375,5.2911288129852255e-11,0.3374753927326743,0.5135184302596726,2.96213833778441,0.5098653188886276,0.43833923774875805
20260524-114851_diag_atenuacion_mixed_states_ear_eeg,diag_atenuacion_mixed_states_ear_eeg,0,123.648,127.648,89.63598049890457,1464.0,0.23136949170663765,0.8220086983096605,1.0,,0.25,0.5,4.0,10.75,22.0,49.5,6.143709723474186e-11,0.35217100622299485,2.6052951663072193e-11,0.1493412712388825,1.0719921780453542e-11,0.06144895852793109,1.7887574038768337e-11,0.10253552383915512,5.83549120415419e-11,0.3345032401710364,0.5992943345598402,2.430330388284786,0.5015122774618773,0.4370387640101915
20260524-114851_diag_atenuacion_mixed_states_ear_eeg,diag_atenuacion_mixed_states_ear_eeg,0,123.904,127.904,91.19157307558632,1464.0,0.25842454304196527,0.8298607191489278,0.75,high_50hz_ratio,49.5,3.25,4.0,10.75,22.0,49.5,5.387722272683031e-11,0.33049306771713594,2.5008931943407476e-11,0.1534095155611981,8.56035206365408e-12,0.05251081757870327,1.8889031315030303e-11,0.11586888836422174,5.668519669442506e-11,0.347717710778741,0.4531916920928852,2.92148404147903,0.483902583278334,0.46358659914296274
20260524-114851_diag_atenuacion_mixed_states_ear_eeg,diag_atenuacion_mixed_states_ear_eeg,0,124.16,128.16,91.05795407321646,1464.0,0.22214930848743475,0.8070227012946665,1.0,,0.25,3.25,4.25,10.75,22.0,49.5,6.175455966703193e-11,0.378773209223499,2.5204640750199557e-11,0.15459332421367922,7.01155211125293e-12,0.04300553852438659,1.6668660927707974e-11,0.10223766839385098,5.2398938156983677e-11,0.32139025964458423,0.42064279438294716,3.5947305746680973,0.5333665334371782,0.4236279280384352
20260524-114851_diag_atenuacion_mixed_states_ear_eeg,diag_atenuacion_mixed_states_ear_eeg,0,124.416,128.416,90.99221944759893,1464.0,0.20321481541000952,0.7991540425382798,1.0,,0.25,0.5,4.25,10.5,21.25,49.25,6.353794552608113e-11,0.3902863958313501,2.5109129985532927e-11,0.15423463512039293,6.184399104640483e-12,0.037988115872301685,1.524555463175029e-11,0.09364691477525582,5.272122917127412e-11,0.3238439384006994,0.4056526150751442,4.060075936349615,0.544521030951743,0.41749085317595525
20260524-114851_diag_atenuacion_mixed_states_ear_eeg,diag_atenuacion_mixed_states_ear_eeg,0,124.672,128.672,90.9637345319551,1464.0,0.19956819780788307,0.8009500478999756,1.0,,0.25,0.5,4.25,10.5,21.25,49.5,7.121689553194023e-11,0.39205002161832153,2.803328704118887e-11,0.15432364340568,8.27734060054163e-12,0.045566877594785636,1.470931304870583e-11,0.08097497729523215,5.941573769655336e-11,0.3270844800859806,0.5627278835614893,3.3867504545305898,0.5463736650240015,0.40805945738121274
20260524-114851_diag_atenuacion_mixed_states_ear_eeg,diag_atenuacion_mixed_states_ear_eeg,0,124.928,128.928,90.90327826871813,1464.0,0.22811798983395248,0.7950379236832595,1.0,,0.25,0.5,4.25,10.5,23.0,49.5,6.271420218362874e-11,0.38208885788924807,2.3898960304271758e-11,0.14560539924692556,6.407521221732453e-12,0.039038086753369804,1.4740541027379098e-11,0.08980735287566399,5.637389956385676e-11,0.3434603032347925,0.4346869772168549,3.7298292861229108,0.5276942571361736,0.4332676561104565
20260524-114851_diag_atenuacion_mixed_states_ear_eeg,diag_atenuacion_mixed_states_ear_eeg,0,125.184,129.184,90.86225288864458,1464.0,0.22529175154767284,0.7990099809601908,1.0,,0.25,2.75,4.25,8.0,21.5,49.5,6.644486223912007e-11,0.37842718017766325,2.604811731870379e-11,0.14835331511983235,6.999092950918587e-12,0.03986232975674774,1.517897797857781e-11,0.08644969138080519,6.091058243853268e-11,0.34690748356495155,0.4611043616241128,3.7216418615050886,0.5267804952974956,0.43335717494575676
20260524-114851_diag_atenuacion_mixed_states_ear_eeg,diag_atenuacion_mixed_states_ear_eeg,0,125.44,129.44,90.72226297883006,1464.0,0.25551610965177335,0.8073884383785546,0.75,high_50hz_ratio,0.25,0.5,4.25,8.0,21.5,49.5,6.720982172225545e-11,0.3641213382410196,2.6785216169639544e-11,0.14511374240908864,6.500106639115702e-12,0.03521550076304411,1.7341259479851462e-11,0.09394940273286569,6.674443392335375e-11,0.361600015853982,0.3748347486910091,4.120734882787016,0.5092350806501083,0.45554941858684767
20260524-114851_diag_atenuacion_mixed_states_ear_eeg,diag_atenuacion_mixed_states_ear_eeg,0,125.696,129.696,68.9613804966229,1279.0,0.30142927295904426,0.8180427065399869,0.75,high_50hz_ratio,0.0,0.5,4.5,8.0,21.0,49.5,5.102340182025527e-11,0.3635514583856838,2.0201352754305048e-11,0.14393848691358202,4.943120423931158e-12,0.03522067472935189,1.5060283221641106e-11,0.10730738707342576,4.911896635700405e-11,0.3499819928979565,0.3282222751845772,4.086761199768494,0.5074899452992658,0.45728937997138225
20260524-114851_diag_atenuacion_mixed_states_ear_eeg,diag_atenuacion_mixed_states_ear_eeg,0,125.952,129.952,55.52680433808523,943.0,0.25390024932576555,0.807050071835129,0.75,high_50hz_ratio,0.0,0.5,4.25,8.0,21.0,49.5,6.34637925898981e-11,0.41207281296304016,2.170312434686616e-11,0.14091920975304797,5.6841703334921595e-12,0.036907533620296314,1.5826277584786845e-11,0.10276062077221496,4.7333748213923813e-11,0.3073398228914006,0.3591602828296226,3.8181692443288386,0.5529920227160882,0.41010044366361553
20260524-114851_diag_atenuacion_mixed_states_ear_eeg,diag_atenuacion_mixed_states_ear_eeg,0,126.208,130.208,55.456180899878056,943.0,0.22231264139738008,0.7631966821766437,1.0,,0.0,2.0,4.5,8.0,21.0,49.75,7.396426976572592e-11,0.493969107583916,1.7302606230195036e-11,0.11555515907176431,5.418937457063008e-12,0.036190280904508536,1.2519922217467316e-11,0.08361408588729376,4.052887046210083e-11,0.2706713665525174,0.4328251695927243,3.192988730224766,0.6095242666556803,0.35428545243981113
20260524-114851_diag_atenuacion_mixed_states_ear_eeg,diag_atenuacion_mixed_states_ear_eeg,0,126.464,130.464,80.65444191115577,1514.0,0.2159945906915176,0.7375738220352642,1.0,,1.0,1.0,4.5,8.25,20.75,49.75,1.0976705715159403e-10,0.5218388812692286,2.1204114926954545e-11,0.10080557772906845,6.463406921325007e-12,0.030727406970143506,1.6008809295007302e-11,0.07610679697299075,5.69032552603407e-11,0.2705213370585687,0.4037406406821751,3.280640563878914,0.6226444589982971,0.34662813403155945
20260524-114851_diag_atenuacion_mixed_states_ear_eeg,diag_atenuacion_mixed_states_ear_eeg,0,126.72,130.72,80.8862534674465,1514.0,0.22005629453649175,0.7114182370872719,1.0,,1.0,1.0,4.5,8.0,21.0,49.75,1.255245997051953e-10,0.5446036346853678,2.0510325278392775e-11,0.0889865231311275,6.807984352065797e-12,0.02953726227148993,1.528981234267224e-11,0.06633669730899655,6.235527309555061e-11,0.2705358826030183,0.44526278017588466,3.012686900810689,0.6335901578164953,0.33687257991201486
20260524-114851_diag_atenuacion_mixed_states_ear_eeg,diag_atenuacion_mixed_states_ear_eeg,0,126.976,130.976,80.80727071247982,1514.0,0.20703507190827397,0.7087409446776961,1.0,,0.75,0.75,4.5,8.0,21.0,49.75,1.3041274482174472e-10,0.5595537480391914,2.0456813068852803e-11,0.08777275902949254,6.708261031204279e-12,0.028782712977679262,1.418396951438133e-11,0.06085826438738032,6.130383801836534e-11,0.2630325155662565,0.47294666168047506,3.0494956850509376,0.647326507068684,0.3238907799536368
20260524-114851_diag_atenuacion_mixed_states_ear_eeg,diag_atenuacion_mixed_states_ear_eeg,0,127.232,131.232,80.8252497676314,1514.0,0.19129138536055984,0.7156716497700047,1.0,,0.0,1.0,4.5,8.5,21.0,49.75,1.2673088986103396e-10,0.5587151515312413,2.002245974481465e-11,0.08827249333307115,6.724716029159687e-12,0.029647079250816107,1.3831210618572793e-11,0.060977295630845675,5.951630653884771e-11,0.2623879802540259,0.4861986571247509,2.977443160126515,0.6469876448643125,0.3233652758848716
20260524-114851_diag_atenuacion_mixed_states_ear_eeg,diag_atenuacion_mixed_states_ear_eeg,0,127.488,131.488,80.88356446151468,1514.0,0.20923173112028176,0.724648950549007,1.0,,1.0,1.0,4.5,8.25,17.5,49.25,1.1797023948307203e-10,0.5385348943549306,1.7458144234457852e-11,0.07969653958603688,6.956184614773371e-12,0.031755027056361275,1.5039268670529702e-11,0.06865435723576123,6.163390785208393e-11,0.2813591817669099,0.46253476596268334,2.5097298592939414,0.6182314339409675,0.3500135390026711
20260524-114851_diag_atenuacion_mixed_states_ear_eeg,diag_atenuacion_mixed_states_ear_eeg,0,127.744,131.744,80.22237219130334,1514.0,0.22052965640948116,0.7230363915562141,1.0,,0.5,0.5,4.5,8.5,17.5,49.25,1.3327429105548197e-10,0.5440930455019132,1.8373850949957156e-11,0.07501135021456339,9.258126203835124e-12,0.03779635248473168,1.7535809752905528e-11,0.0715900422972692,6.650553193152789e-11,0.2715092095015225,0.5279554428503728,1.9846187603649106,0.6191043957164766,0.34309925179879175
20260524-114851_diag_atenuacion_mixed_states_ear_eeg,diag_atenuacion_mixed_states_ear_eeg,0,128.0,132.0,80.4885395568835,1514.0,0.20928161037324358,0.7353092494962657,1.0,,1.0,1.0,4.0,8.25,17.25,49.75,1.1795184588794826e-10,0.5393141638747083,1.7481724975784072e-11,0.07993212668633541,1.016203113460201e-11,0.04646410815675594,1.5964546678146496e-11,0.07299509455360755,5.714696823015107e-11,0.26129450672859283,0.6365374062586182,1.7202983088940056,0.6192462905610437,0.33428960128220037
20260524-114851_diag_atenuacion_mixed_states_ear_eeg,diag_atenuacion_mixed_states_ear_eeg,0,128.256,132.256,80.62094020786411,1514.0,0.19796215041704887,0.7463665204895332,1.0,,1.0,1.0,4.0,8.25,17.25,49.5,1.095834920730722e-10,0.51662435511376,1.834248975118504e-11,0.08647449318888142,1.1356127279144133e-11,0.05353773475539086,1.5670559132154458e-11,0.07387784740901415,5.716178395464733e-11,0.2694855695329535,0.7246791376985693,1.615206425598238,0.6030988483026415,0.34336341694196765
20260524-114851_diag_atenuacion_mixed_states_ear_eeg,diag_atenuacion_mixed_states_ear_eeg,0,128.512,132.512,80.6790369302956,1514.0,0.1897626993899183,0.7499178361488616,1.0,,0.75,0.75,4.0,8.25,17.25,49.5,1.0537982203931172e-10,0.5045289601571841,1.859222340697469e-11,0.08901433842839183,1.1031178919874914e-11,0.05281418322832357,1.555661301697161e-11,0.07448068934954584,5.830789937965079e-11,0.27916182883655466,0.7090990119661884,1.6854248799715337,0.5935432985855759,0.3536425181861005
20260524-114851_diag_atenuacion_mixed_states_ear_eeg,diag_atenuacion_mixed_states_ear_eeg,0,128.768,132.768,80.65856433138393,1514.0,0.1819407482039057,0.7468281547984459,1.0,,0.75,0.75,4.0,8.5,17.25,49.25,1.0984589685207623e-10,0.5142911071586052,1.856546784140796e-11,0.08692227279033508,1.070496206061919e-11,0.050119912969172016,1.5445536314486328e-11,0.07231496304803008,5.902514110684945e-11,0.27635174403385765,0.6930780416202857,1.7342861876835187,0.6012133799489402,0.34866670708188774
20260524-114851_diag_atenuacion_mixed_states_ear_eeg,diag_atenuacion_mixed_states_ear_eeg,0,129.024,133.024,80.6601636497224,1514.0,0.1832344970381576,0.7553831761277683,1.0,,0.25,1.0,4.0,8.25,17.75,49.5,1.0292144142641956e-10,0.5027019920276603,1.7416159678015678e-11,0.08506622179275936,1.0806277116869926e-11,0.05278139285424906,1.5252599066981942e-11,0.07449868393120691,5.834001283637601e-11,0.28495170939412434,0.7084875875523936,1.6116706512020604,0.5877682138204197,0.35945039332533124
20260524-114851_diag_atenuacion_mixed_states_ear_eeg,diag_atenuacion_mixed_states_ear_eeg,0,129.28,133.28,80.77139964120964,1514.0,0.18142631281987306,0.767154735708294,1.0,,0.75,0.75,4.0,8.25,17.5,49.5,9.197387216959898e-11,0.47400681958301577,1.9705049721704545e-11,0.10155414497594362,9.936624048847176e-12,0.05121049545571933,1.46960537248721e-11,0.07573922378414667,5.7723313694469553e-11,0.2974893162011747,0.676142332824362,1.9830728852009527,0.5755609645589594,0.37322853998532135
20260524-114851_diag_atenuacion_mixed_states_ear_eeg,diag_atenuacion_mixed_states_ear_eeg,0,129.536,133.536,80.84323719396694,1514.0,0.19195292904785763,0.7699591027093917,1.0,,0.75,0.75,4.0,8.0,17.25,49.5,8.74227040400933e-11,0.45022386471574466,2.0526739870451914e-11,0.10571199159261056,9.985213601455413e-12,0.051423500416982494,1.5313458689914897e-11,0.07886377605497628,6.092796128186887e-11,0.31377686721968595,0.6520547580822778,2.0557136471732567,0.5559358563083552,0.39264064327466225
20260524-114851_diag_atenuacion_mixed_states_ear_eeg,diag_atenuacion_mixed_states_ear_eeg,0,129.792,133.792,81.00661084133813,1514.0,0.19397944846633808,0.8047155922156884,1.0,,1.0,1.0,6.75,8.0,17.25,49.5,7.844932638434056e-11,0.4070514639993361,2.2210451863946347e-11,0.11524378046298683,1.1088010481246175e-11,0.05753256410538366,1.802364530294276e-11,0.09351962018417119,6.295438400921655e-11,0.32665257124812214,0.6151924483021096,2.003105237094809,0.522295244462323,0.42017219143229334
20260524-114851_diag_atenuacion_mixed_states_ear_eeg,diag_atenuacion_mixed_states_ear_eeg,0,130.048,134.048,80.84878477750918,1514.0,0.17373082117949135,0.8183090978371151,1.0,,1.0,1.0,4.0,8.0,17.25,49.5,7.691537950192028e-11,0.40412318797351593,2.3408789964399015e-11,0.12299276020316842,1.276468772693993e-11,0.06706729305767241,1.9644334051803236e-11,0.10321382997834938,5.759337696700683e-11,0.30260292878729383,0.64978979146245,1.833870946564142,0.5271159481766844,0.4058167587656432
20260524-114851_diag_atenuacion_mixed_states_ear_eeg,diag_atenuacion_mixed_states_ear_eeg,0,130.304,134.304,64.06333584820572,922.0,0.1539633527359714,0.8205418135977299,1.0,,1.0,1.0,4.0,8.0,17.25,49.5,8.954334720941841e-11,0.43428006154819426,2.545647688370149e-11,0.1234624424079073,1.457239650811007e-11,0.07067528129863213,2.1898903526622724e-11,0.10620841712715616,5.4716898619955014e-11,0.26537379761811014,0.665439549993645,1.746897078290042,0.5577425039561016,0.3715822147452663
20260524-114851_diag_atenuacion_mixed_states_ear_eeg,diag_atenuacion_mixed_states_ear_eeg,0,130.56,134.56,55.34312965490839,922.0,0.18834443789185643,0.8737046526776922,1.0,,49.75,2.0,7.0,8.0,23.25,49.75,3.199789921169379e-11,0.315438736444811,1.6105479155881347e-11,0.15876954799935228,7.318834654910769e-12,0.0721498602305067,1.363527482925515e-11,0.13441800771864815,3.238185841349522e-11,0.3192238476066819,0.536757399213388,2.200552398744921,0.4742082844441633,0.45364185532533
20260524-114851_diag_atenuacion_mixed_states_ear_eeg,diag_atenuacion_mixed_states_ear_eeg,0,130.816,134.816,55.13037275404548,922.0,0.1970663676932265,0.8811610637510279,1.0,,49.75,0.5,7.0,8.0,21.5,49.75,2.9921590339790175e-11,0.29514674569195964,1.660720898285316e-11,0.16381360852324806,7.541479151828474e-12,0.07438919536325497,1.4374518377122214e-11,0.14179033506300726,3.2933892822385654e-11,0.32486011535853,0.5246422143667177,2.2021156126681922,0.4589603542152077,0.46665045042153724
20260524-114851_diag_atenuacion_mixed_states_ear_eeg,diag_atenuacion_mixed_states_ear_eeg,0,131.072,135.072,55.041057402633534,922.0,0.1892173827900438,0.8815541997786638,1.0,,49.5,0.5,7.0,8.0,22.5,49.5,2.9326956720424874e-11,0.2951100319592182,1.651662290612317e-11,0.1662027587843676,7.850179703687464e-12,0.0789944488726088,1.3943307176761515e-11,0.1403081085357047,3.173927975180322e-11,0.3193846518481007,0.5630070114765092,2.103980230970358,0.4613127907435858,0.4596927603838054
20260524-114851_diag_atenuacion_mixed_states_ear_eeg,diag_atenuacion_mixed_states_ear_eeg,0,131.328,135.328,77.65098196417094,1286.0,0.16134837465566787,0.8323212031137996,1.0,,0.0,1.5,8.0,8.0,22.5,49.5,7.149420307327972e-11,0.4204033672766429,2.0829505311632957e-11,0.12248257614315562,1.3027393403333488e-11,0.07660425346633189,1.9405770018210538e-11,0.11411066505475741,4.5304094965566235e-11,0.26639913805911225,0.6713154588098527,1.5989004604945023,0.5428859434197986,0.38050980311386967
20260524-114851_diag_atenuacion_mixed_states_ear_eeg,diag_atenuacion_mixed_states_ear_eeg,0,131.584,135.584,77.57994586231676,1286.0,0.1976972981292085,0.8035429302244044,1.0,,0.0,1.5,5.0,8.0,22.5,49.5,8.185774218802414e-11,0.4552403632732168,1.7399268733834008e-11,0.09676359507797107,1.072042291227824e-11,0.059620129881154546,1.8077828311228515e-11,0.10053730908789388,5.175687401817743e-11,0.2878386026797637,0.5930149754558496,1.623002084545228,0.5520039583511879,0.38837591176765757
20260524-114851_diag_atenuacion_mixed_states_ear_eeg,diag_atenuacion_mixed_states_ear_eeg,0,131.84,135.84,77.89596908698165,1286.0,0.21292794303500462,0.7862946559145317,1.0,,0.0,0.75,4.5,8.0,22.25,49.5,8.053263087215237e-11,0.48381627044834846,1.47246705737612e-11,0.08846147360921658,9.334740456383315e-12,0.056080364745322075,1.7529603952985982e-11,0.10531268524474609,4.4331273963894473e-11,0.26632920595236675,0.5325129125232314,1.5774054610904713,0.572277744057565,0.37164189119711283
20260524-114851_diag_atenuacion_mixed_states_ear_eeg,diag_atenuacion_mixed_states_ear_eeg,0,132.096,136.096,77.70886693293114,1286.0,0.20267837381773432,0.7961258968916506,1.0,,0.0,0.75,5.0,8.0,13.75,49.5,7.479137200406894e-11,0.46132761224321106,1.7086188593031875e-11,0.10539090773106496,9.679706443145377e-12,0.05970629687590891,1.7112157127917902e-11,0.10555108666442874,4.345261236113663e-11,0.2680240964853864,0.5656625503603673,1.7651556577039949,0.566718519974276,0.37357518314981514
20260524-114851_diag_atenuacion_mixed_states_ear_eeg,diag_atenuacion_mixed_states_ear_eeg,0,132.352,136.352,77.5036708808041,1286.0,0.1908527223562972,0.8037596353576938,1.0,,0.0,0.75,4.75,8.5,14.0,49.5,7.000427026989906e-11,0.4312327537390154,1.9417764915486425e-11,0.11961522066693953,9.951354397544093e-12,0.06130125981944597,1.715799929619167e-11,0.10569485627979379,4.5803845777627624e-11,0.28215590949480535,0.579983378350695,1.9512685549897166,0.5508479744059549,0.38785076577459915
20260524-114851_diag_atenuacion_mixed_states_ear_eeg,diag_atenuacion_mixed_states_ear_eeg,0,132.608,136.608,77.46900670590789,1286.0,0.19433851130100255,0.8209097347760898,1.0,,0.0,0.75,4.25,8.5,18.0,49.5,6.898899117573265e-11,0.40262914463037996,1.901003469024421e-11,0.11094515046944506,1.0438706855807601e-11,0.06092171433113384,1.919303660548577e-11,0.11201317456058946,5.371547347655276e-11,0.3134908160084517,0.5438799013608926,1.8211101195612105,0.513574295099825,0.42550399056904115
20260524-114851_diag_atenuacion_mixed_states_ear_eeg,diag_atenuacion_mixed_states_ear_eeg,0,132.864,136.864,77.40456058915392,1286.0,0.1981806977356178,0.8199804367712221,1.0,,0.0,0.5,5.0,8.5,18.0,49.5,7.134976898990522e-11,0.40848906763942777,1.8785693290591237e-11,0.10755115883163649,1.0437480982938303e-11,0.059756281422970715,2.0106618240474288e-11,0.11511366966857736,5.3987950168362854e-11,0.30908982243738764,0.5191067368021056,1.7998301813722482,0.5160402264710643,0.424203492105965
20260524-114851_diag_atenuacion_mixed_states_ear_eeg,diag_atenuacion_mixed_states_ear_eeg,0,133.12,137.12,77.27119773887293,1286.0,0.22641292146938313,0.8246870577475571,1.0,,0.0,0.75,4.75,8.5,18.0,49.5,7.088797203246571e-11,0.3763870101807669,2.022215655776269e-11,0.10737162917705972,1.1006994778974447e-11,0.05844277579327728,2.1130177777872943e-11,0.11219286164314671,6.509068638979596e-11,0.34560572320574934,0.5209134960757751,1.8372096075116742,0.48375863935782665,0.457798584848896
20260524-114851_diag_atenuacion_mixed_states_ear_eeg,diag_atenuacion_mixed_states_ear_eeg,0,133.376,137.376,77.14805895160292,1286.0,0.24191010854215952,0.823950347389012,1.0,,0.0,0.75,4.75,8.0,18.0,49.5,6.887592521705955e-11,0.3614499546758149,2.1248008865975915e-11,0.11150618764618879,1.040066234868856e-11,0.054581029912623334,2.134741626737528e-11,0.11202786195570995,6.868251449356416e-11,0.36043496580966305,0.4872094223685342,2.0429476656027696,0.4729561423220037,0.472462827765373
20260524-114851_diag_atenuacion_mixed_states_ear_eeg,diag_atenuacion_mixed_states_ear_eeg,0,133.632,137.632,77.07836920952596,1286.0,0.283928063420111,0.8310372601588594,0.75,high_50hz_ratio,0.0,0.5,5.0,8.25,18.0,49.5,6.043993518415281e-11,0.30833048410777153,2.2678637871338895e-11,0.11569362826861834,9.727958808315407e-12,0.0496265629605571,1.9917445431003333e-11,0.10160758070338854,8.32592455112326e-11,0.42474174395966446,0.48841398069919884,2.3312843236911442,0.4240241123763899,0.5263493246630531
20260524-114851_diag_atenuacion_mixed_states_ear_eeg,diag_atenuacion_mixed_states_ear_eeg,0,133.888,137.888,76.69518237803467,1286.0,0.2773899719233157,0.8371362176703016,0.75,high_50hz_ratio,0.0,0.75,5.0,8.5,18.0,49.5,7.102519205679826e-11,0.3294213182169251,2.4368040243728433e-11,0.11302119300195196,1.077358426347185e-11,0.04996886635879664,2.5419501986149906e-11,0.11789796845602118,8.401961867710752e-11,0.3896906539663052,0.4238314452164309,2.2618322415084253,0.44244251121887707,0.5075886224223264
20260524-114851_diag_atenuacion_mixed_states_ear_eeg,diag_atenuacion_mixed_states_ear_eeg,0,134.144,138.144,76.75693454014433,1286.0,0.2367058943379293,0.8113747421581607,1.0,,0.0,0.5,5.0,8.25,18.0,49.5,8.078396613721884e-11,0.38019581550449555,2.46434005917974e-11,0.11597991820416133,9.96283570585089e-12,0.046888369401043246,2.1226381987807454e-11,0.09989830898320169,7.586330841892254e-11,0.3570375879070982,0.4693609919756271,2.4735327691216495,0.49617573370865686,0.4569358968902999
20260524-114851_diag_atenuacion_mixed_states_ear_eeg,diag_atenuacion_mixed_states_ear_eeg,0,134.4,138.4,76.82608281046222,1286.0,0.22994428901403516,0.7755129809707259,1.0,,0.0,0.5,4.0,8.75,18.0,49.5,9.980372073774177e-11,0.4433405760901367,2.326504481965174e-11,0.10334623095075436,9.35418391712428e-12,0.04155245171238097,1.9826405147890375e-11,0.08807136462536914,7.286814221923085e-11,0.3236893766213588,0.4718043360533067,2.4871271535576156,0.5466868070408911,0.41176074124672796
20260524-114851_diag_atenuacion_mixed_states_ear_eeg,diag_atenuacion_mixed_states_ear_eeg,0,134.656,138.656,76.78412596363913,1286.0,0.251376617512063,0.7728636172347607,0.75,high_50hz_ratio,0.0,1.0,4.5,8.75,18.0,49.5,9.933912371729943e-11,0.43876837757412684,2.3201806612874792e-11,0.10247945284166911,8.998685572579323e-12,0.03974605896682324,1.9336521499660442e-11,0.0854069761122298,7.552833656293413e-11,0.333599134505151,0.46537251142804276,2.5783550748317103,0.5412478304157959,0.4190061106173808
20260524-114851_diag_atenuacion_mixed_states_ear_eeg,diag_atenuacion_mixed_states_ear_eeg,0,134.912,138.912,76.81486184326572,1286.0,0.26720094644259557,0.7926423988104456,0.75,high_50hz_ratio,0.0,1.25,5.0,8.75,18.0,49.5,9.322452248781695e-11,0.40665448057992554,2.5229217712579873e-11,0.11005231403237059,9.995221139611827e-12,0.043600131728661,2.183458945771027e-11,0.0952446137309146,7.896394785241391e-11,0.3444484599281282,0.4577700514576104,2.5241280167974023,0.5167067946122961,0.4396930736590428
20260524-114851_diag_atenuacion_mixed_states_ear_eeg,diag_atenuacion_mixed_states_ear_eeg,0,135.168,139.168,56.82524087058497,919.0,0.2637998639240711,0.811551386812414,0.75,high_50hz_ratio,0.0,1.5,5.0,8.75,17.75,49.5,8.401573470634203e-11,0.3857531646979192,2.6351562051392504e-11,0.12099160343700377,1.0266068811989073e-11,0.04713603406639559,2.2897362344068027e-11,0.10513185438813352,7.426589022188643e-11,0.3409873434105479,0.4483515899222638,2.566860064352796,0.506744768134923,0.4461191977986815
20260524-114851_diag_atenuacion_mixed_states_ear_eeg,diag_atenuacion_mixed_states_ear_eeg,0,135.424,139.424,53.823080551005255,919.0,0.2804355334029772,0.8166101918780302,0.75,high_50hz_ratio,1.0,1.0,4.5,8.75,18.0,49.5,5.931831924340604e-11,0.3875764478294255,1.699392719597021e-11,0.11103561296568881,7.552438487150025e-12,0.04934642988262408,1.8161408009092912e-11,0.11866374660518679,5.1023246299545986e-11,0.33337776271707487,0.41585093420998687,2.25012454254136,0.49861206079511433,0.45204150932226167
20260524-114851_diag_atenuacion_mixed_states_ear_eeg,diag_atenuacion_mixed_states_ear_eeg,0,135.68,139.68,54.15033702572866,919.0,0.31863586530126825,0.8052113682178514,0.75,high_50hz_ratio,50.25,1.0,4.25,8.75,24.5,49.75,6.658997844500809e-11,0.4146665655963328,1.605632245340502e-11,0.09998531675992549,7.043820635136922e-12,0.04386301031559753,2.0349186393492058e-11,0.12671767481404766,5.0547495952949803e-11,0.31476743251409656,0.34614753135239,2.279490532923388,0.5146518823562583,0.4414851073281442
20260524-114851_diag_atenuacion_mixed_states_ear_eeg,diag_atenuacion_mixed_states_ear_eeg,0,135.936,139.936,68.85995933777481,1318.0,0.2785929512685573,0.7796946452804095,0.75,high_50hz_ratio,1.25,1.25,4.25,9.0,24.5,49.75,9.767847083155237e-11,0.4954078966576784,1.9469841865819935e-11,0.09874758813164941,8.209652240662389e-12,0.041637901517227446,2.404528086709772e-11,0.12195340403572413,4.7764525420458574e-11,0.24225320965772054,0.3414246764693042,2.3715793671972913,0.5941554847893278,0.36420661369344465
20260524-114851_diag_atenuacion_mixed_states_ear_eeg,diag_atenuacion_mixed_states_ear_eeg,0,136.192,140.192,76.74505195776467,1318.0,0.21384765062003813,0.7201626338295744,1.0,,1.0,1.0,4.5,8.0,24.25,49.5,1.5849822575057226e-10,0.5582579356105536,3.314706728296923e-11,0.11674965612583657,9.343573341653453e-12,0.03290966785423733,2.485229013209988e-11,0.08753402833779368,5.807460292965158e-11,0.2045487120715788,0.37596427902574037,3.5475792901630365,0.6750075917363901,0.2920827404093725
20260524-114851_diag_atenuacion_mixed_states_ear_eeg,diag_atenuacion_mixed_states_ear_eeg,0,136.448,140.448,76.99331789187941,1318.0,0.18796363744245406,0.7046011329863893,1.0,,1.0,1.0,4.5,8.0,24.25,49.5,1.7119046284460616e-10,0.5588184331543166,3.4597482686264924e-11,0.11293684674111695,1.4093125955314262e-11,0.046004306745428526,1.9148208592783182e-11,0.06250565449574205,6.731434190626448e-11,0.2197347588633959,0.7360023203750692,2.454919000650728,0.6717552798954335,0.28224041335913796
20260524-114851_diag_atenuacion_mixed_states_ear_eeg,diag_atenuacion_mixed_states_ear_eeg,0,136.704,140.704,77.07404881021887,1318.0,0.1956231383177385,0.7053170693048759,1.0,,1.0,1.0,5.0,8.0,24.25,49.5,1.7090262520765727e-10,0.5598044530805092,3.12811438998662e-11,0.10246374876523966,1.4331266271790186e-11,0.04694314477312779,1.831250337236033e-11,0.059983987504247195,7.046232499844272e-11,0.2308046658768761,0.7825946010975672,2.1827201662870737,0.6622682018457489,0.2907886533811233
20260524-114851_diag_atenuacion_mixed_states_ear_eeg,diag_atenuacion_mixed_states_ear_eeg,0,136.96,140.96,77.17256636914442,1318.0,0.20742810046575413,0.7096479286619565,1.0,,1.0,1.0,5.0,8.0,24.5,50.0,1.6629976859366448e-10,0.5528184372571752,2.990094482638846e-11,0.09939757421927536,1.3674469015064942e-11,0.04545706019411658,1.7971134060459622e-11,0.05974015677265931,7.297535909607904e-11,0.24258677155677358,0.7609129712716198,2.186625659354456,0.6522160114764506,0.30232692832943286
20260524-114851_diag_atenuacion_mixed_states_ear_eeg,diag_atenuacion_mixed_states_ear_eeg,0,137.216,141.216,77.35462494253333,1318.0,0.21232443968444376,0.7044695450684908,1.0,,1.0,1.0,5.0,8.0,24.5,49.75,1.6547141087514054e-10,0.5509238604227669,2.9987711357905575e-11,0.0998416924057484,1.3825365248441497e-11,0.04603045054213922,1.715808573141442e-11,0.05712647749011101,7.391002133285138e-11,0.24607751913923454,0.8057638517989738,2.169035741119825,0.6507655528285152,0.30320399662934555
20260524-114851_diag_atenuacion_mixed_states_ear_eeg,diag_atenuacion_mixed_states_ear_eeg,0,137.472,141.472,77.40112402284608,1318.0,0.22092407581346513,0.7001949214764123,1.0,,1.0,1.0,5.0,8.0,24.5,49.75,1.6288313719854936e-10,0.5431641955057287,2.973942771037652e-11,0.09917166752146334,1.5035519865420783e-11,0.05013874482142781,1.7054364990096436e-11,0.05687096036476202,7.516581641415201e-11,0.2506544317866182,0.8816229671495828,1.977944758582794,0.642335863027192,0.30752539215138025
20260524-114851_diag_atenuacion_mixed_states_ear_eeg,diag_atenuacion_mixed_states_ear_eeg,0,137.728,141.728,77.47340188735744,1318.0,0.2404942590122432,0.7044896048769308,1.0,,1.0,1.0,4.25,8.0,24.5,49.75,1.6895996279051621e-10,0.5322760685276811,3.020851063614287e-11,0.09516613884094263,1.6886127933456483e-11,0.05319651851616161,2.0289217306941783e-11,0.0639173011362011,8.10853741536404e-11,0.25544397297901356,0.8322710372705722,1.788954267975831,0.6274422073686237,0.31936127411521464
20260524-114851_diag_atenuacion_mixed_states_ear_eeg,diag_atenuacion_mixed_states_ear_eeg,0,137.984,141.984,77.10516195430758,1318.0,0.2238079369780667,0.7183587157858858,1.0,,1.25,1.25,5.0,8.0,24.5,49.75,1.6506525979886605e-10,0.5359884898918109,3.4291920807776605e-11,0.11135035240998674,1.6175275674582145e-11,0.0525232359187344,1.9916459705139592e-11,0.0646713498307062,7.251527151360302e-11,0.23546657194876172,0.8121561720333255,2.1200207957916284,0.6473388423017976,0.3001379217794679
20260524-114851_diag_atenuacion_mixed_states_ear_eeg,diag_atenuacion_mixed_states_ear_eeg,0,138.24,142.24,76.94701423707095,1318.0,0.21236619866683054,0.7108483729179595,1.0,,1.0,1.0,4.0,8.0,24.5,49.5,1.8378156196530582e-10,0.5412404865521324,4.3075639896688513e-11,0.1268586470095917,1.5988831635989952e-11,0.04708743859570085,1.9206867053611907e-11,0.056564619203756106,7.750329772183793e-11,0.22824880863881897,0.8324539130385248,2.6941080422491717,0.6680991335617241,0.2848134278425751
20260524-114851_diag_atenuacion_mixed_states_ear_eeg,diag_atenuacion_mixed_states_ear_eeg,0,138.496,142.496,76.82476814153102,1318.0,0.2216653496735859,0.7087801445717179,1.0,,0.0,0.5,4.0,8.0,24.25,49.5,1.7783390676693308e-10,0.5286830433884061,4.678011557043996e-11,0.13907276918936962,1.470347532405867e-11,0.043712013215216,1.7800567621029875e-11,0.05291936973673389,7.925343176266746e-11,0.23561280447027436,0.8260115990170869,3.1815686114626005,0.6677558125777757,0.2885321742070083
20260524-114851_diag_atenuacion_mixed_states_ear_eeg,diag_atenuacion_mixed_states_ear_eeg,0,138.752,142.752,76.80610652806195,1318.0,0.23211100918594166,0.7162644980286487,1.0,,0.0,0.5,4.0,8.0,24.5,49.5,1.6864031004216888e-10,0.5140831695636354,4.8101718289513076e-11,0.14663329184787796,1.4089863803296684e-11,0.0429515448643772,1.7490256983027755e-11,0.05331730441001374,7.971875948694622e-11,0.2430146893140957,0.8055835781583567,3.4139235808836172,0.6607164614115134,0.29633199372410945
20260524-114851_diag_atenuacion_mixed_states_ear_eeg,diag_atenuacion_mixed_states_ear_eeg,0,139.008,143.008,76.74228299966062,1318.0,0.221368480073889,0.7122072229602339,1.0,,0.0,0.5,4.0,8.0,13.0,49.5,1.7116752225086076e-10,0.5229948711593447,4.8027201641355297e-11,0.14674501216271574,1.3765445887488203e-11,0.042059717309144026,1.6981402471003963e-11,0.051885931867445924,7.734179454680267e-11,0.23631446750134957,0.8106189056524005,3.4889681041867706,0.6697398833220605,0.2882003993687955
20260524-114851_diag_atenuacion_mixed_states_ear_eeg,diag_atenuacion_mixed_states_ear_eeg,0,139.264,143.264,76.79679680820027,1318.0,0.21685772781613533,0.71597206698442,1.0,,0.0,0.5,4.0,8.0,13.0,49.5,1.788123261823964e-10,0.513998357031014,5.192672112719932e-11,0.1492640351770989,1.6973518471332042e-11,0.048790599583168615,1.705262944680767e-11,0.049018005110996236,8.31198198436397e-11,0.2389290030977221,0.9953607755494601,3.059278558826951,0.6632623922081129,0.2879470082087183
20260524-114851_diag_atenuacion_mixed_states_ear_eeg,diag_atenuacion_mixed_states_ear_eeg,0,139.52,143.52,77.006577641134,1318.0,0.26075906580085645,0.7235310830168327,0.75,high_50hz_ratio,0.0,0.5,4.0,8.0,13.25,49.75,1.7947308006304964e-10,0.47756472975533854,5.612224044437803e-11,0.1493371740300432,1.6623843928121623e-11,0.044234831932673906,1.9043356792953405e-11,0.05067297857297802,1.0454638776483022e-10,0.27819028570896637,0.8729471441858889,3.3760086227373187,0.6269019037853818,0.3288632642819444
20260524-114851_diag_atenuacion_mixed_states_ear_eeg,diag_atenuacion_mixed_states_ear_eeg,0,139.776,143.776,77.6211955589451,1318.0,0.3296959878762302,0.699181798462798,0.75,high_50hz_ratio,0.0,0.5,4.25,8.25,22.5,49.75,2.0554643645307478e-10,0.46238012719904964,6.710582626895671e-11,0.15095567221434733,1.6524357376328194e-11,0.037171816731026035,2.3455375318024196e-11,0.05276325685911565,1.3190794988405348e-10,0.2967291269964614,0.7045019383522767,4.061024870176706,0.613335799413397,0.34949238385557707
20260524-114851_diag_atenuacion_mixed_states_ear_eeg,diag_atenuacion_mixed_states_ear_eeg,0,140.032,144.032,54.79492677246681,809.0,0.31858361835939997,0.689609004347332,0.75,high_50hz_ratio,0.0,0.5,4.25,12.5,22.5,49.5,1.3972729339666782e-10,0.4301248026405556,5.832999697631587e-11,0.17955817956222136,8.112161428324169e-12,0.024971798626634466,2.086234840917131e-11,0.06422090683914525,9.782110884957885e-11,0.30112431233144327,0.38884219883692367,7.19043839199904,0.609682982202777,0.3653452191705885
20260524-114851_diag_atenuacion_mixed_states_ear_eeg,diag_atenuacion_mixed_states_ear_eeg,0,140.288,144.288,53.641364635885246,809.0,0.30286278614175005,0.6840086816958566,0.75,high_50hz_ratio,0.0,0.5,4.0,11.0,22.5,49.5,1.1041959744695068e-10,0.4271234619135892,4.915762490796425e-11,0.19015080126720024,6.910595219795125e-12,0.026731462733148255,1.610552299574589e-11,0.062299147043864495,7.592581675293532e-11,0.2936951270421978,0.429082322978303,7.1133706062184325,0.6172742631807895,0.3559942740860623
20260524-114851_diag_atenuacion_mixed_states_ear_eeg,diag_atenuacion_mixed_states_ear_eeg,0,140.544,144.544,53.41691679608624,809.0,0.28571136163308736,0.6852129534844744,0.75,high_50hz_ratio,0.0,0.5,4.0,11.0,22.5,49.5,1.0737352254426882e-10,0.4133231109205851,4.940823988451471e-11,0.19019183622069008,6.9398436600235914e-12,0.026714200138873566,1.5889343441169424e-11,0.06116436069126881,8.017012659982957e-11,0.30860649202858237,0.43676088226794807,7.119503306555288,0.6035149471412752,0.36977085271985116
20260524-114851_diag_atenuacion_mixed_states_ear_eeg,diag_atenuacion_mixed_states_ear_eeg,0,140.8,144.8,76.69209216079582,1351.0,0.2662470768872988,0.7036906295658705,0.75,high_50hz_ratio,0.0,0.5,4.0,8.0,22.5,49.5,1.1166349901526474e-10,0.39826262041586313,5.333957896921832e-11,0.19024265475735938,5.960700767992421e-12,0.021259626720554283,1.7722569972881225e-11,0.06320988702797398,9.169020004205329e-11,0.3270252110782492,0.33633388256406294,8.948541630480676,0.5885052751732225,0.3902350981062232
20260524-114851_diag_atenuacion_mixed_states_ear_eeg,diag_atenuacion_mixed_states_ear_eeg,0,141.056,145.056,79.20553642265166,1351.0,0.20365153680502768,0.7069041815074304,1.0,,0.0,0.5,4.0,8.0,22.75,49.5,1.7663653097445994e-10,0.4840283719236489,6.344964138810361e-11,0.17386792217213412,5.9446125053815194e-12,0.016289728386439047,1.939648569576631e-11,0.053151232876734865,9.950284762845682e-11,0.27266274464104306,0.30647884357108335,10.673469688842482,0.657896294095783,0.3258139775177779
20260524-114851_diag_atenuacion_mixed_states_ear_eeg,diag_atenuacion_mixed_states_ear_eeg,0,141.312,145.312,79.09486076857333,1351.0,0.170172956598501,0.6865513556041346,1.0,,0.75,0.75,4.0,8.0,22.75,49.5,2.2236091339617875e-10,0.5288587488006011,6.716101687549046e-11,0.15973441919472853,5.310859179562844e-12,0.012631241245872935,1.9460838256169747e-11,0.04628526845647357,1.061606313938632e-10,0.25249032230232393,0.27289981601276203,12.645979606075477,0.6885931679953297,0.2987755907587975
20260524-114851_diag_atenuacion_mixed_states_ear_eeg,diag_atenuacion_mixed_states_ear_eeg,0,141.568,145.568,79.03900303014962,1351.0,0.1743695047246953,0.6982862894361619,1.0,,0.75,0.75,4.0,12.25,22.5,49.75,2.481736196246661e-10,0.5073094274760973,7.301410054619521e-11,0.14925333966515997,7.254231786151922e-12,0.01482889349713086,2.674886685716299e-11,0.05467926990574057,1.3400493861408322e-10,0.27392906945587125,0.27119772306202705,10.065035512868034,0.6565627671412573,0.3286083393616118
20260524-114851_diag_atenuacion_mixed_states_ear_eeg,diag_atenuacion_mixed_states_ear_eeg,0,141.824,145.824,80.83509757524884,1351.0,0.17785133356689445,0.6943265806409342,1.0,,0.75,0.75,4.0,8.0,22.75,49.5,2.2902652844229104e-10,0.5138326270660754,6.216199497121328e-11,0.13946358702186318,6.8237395002261635e-12,0.015309405498408223,2.491910114355301e-11,0.05590726669003951,1.2279067922752296e-10,0.27548711372361373,0.27383569980779904,9.109667062928324,0.6532962140879386,0.3313943804136532
20260524-114851_diag_atenuacion_mixed_states_ear_eeg,diag_atenuacion_mixed_states_ear_eeg,0,142.08,146.08,80.70558840625598,1351.0,0.1831621126813333,0.7180504673011721,1.0,,0.25,0.5,4.0,8.0,15.25,49.5,2.0622838930325358e-10,0.4902396278030023,5.4046679669961456e-11,0.12847806364054254,8.031288560256158e-12,0.01909172606090064,2.6325840503728046e-11,0.06258095839157692,1.2603634364610245e-10,0.29960962410397757,0.3050724461814936,6.729515352918367,0.6187176914435448,0.36219058249555447
20260524-114851_diag_atenuacion_mixed_states_ear_eeg,diag_atenuacion_mixed_states_ear_eeg,0,142.336,146.336,80.74617638006148,1351.0,0.2259740449767351,0.7470659033968132,1.0,,0.75,0.75,4.0,8.0,15.25,49.75,1.530027919284325e-10,0.4267354763479302,4.532920869984954e-11,0.12642633002444198,8.704629770634508e-12,0.02427782058605567,2.6440127264134754e-11,0.07374336219980919,1.2506571281035446e-10,0.348817010841763,0.3292204187852787,5.2074826723555585,0.5531618063723722,0.4225603730415722
20260524-114851_diag_atenuacion_mixed_states_ear_eeg,diag_atenuacion_mixed_states_ear_eeg,0,142.592,146.592,80.79217783919431,1351.0,0.240980981822081,0.7485348259467091,1.0,,0.75,0.75,4.0,8.0,15.25,49.5,1.4583326642553532e-10,0.421021862543558,4.383250382916483e-11,0.12654480595842466,9.170791612829302e-12,0.02647615225572535,2.6581638148500923e-11,0.07674141214175764,1.2096111991880492e-10,0.34921576710053437,0.34500475710322204,4.779576908916586,0.5475666685019827,0.42595717924229204
20260524-114851_diag_atenuacion_mixed_states_ear_eeg,diag_atenuacion_mixed_states_ear_eeg,0,142.848,146.848,80.70671595350662,1351.0,0.23462564407185968,0.7546837584715645,1.0,,1.25,1.25,4.0,8.0,15.25,49.5,1.4300697862003229e-10,0.4165130964345812,4.524702162453972e-11,0.13178361827609136,9.451161789233807e-12,0.027526857078753384,2.6613237605311902e-11,0.07751203548317576,1.1902489459147174e-10,0.34666439272739835,0.3551301021468876,4.787456043349337,0.5482967147106725,0.4241764282105741
20260524-114851_diag_atenuacion_mixed_states_ear_eeg,diag_atenuacion_mixed_states_ear_eeg,0,143.104,147.104,80.97006236875454,1351.0,0.21134668487527633,0.7396688058569757,1.0,,1.25,1.25,4.0,8.0,15.25,49.5,1.808322776895815e-10,0.45021968206370805,5.255330893618207e-11,0.13084242671133983,9.005202498089934e-12,0.022420330360318996,2.5637826691780016e-11,0.063830718328903,1.336248100423523e-10,0.33268684253573017,0.35124671862210444,5.835883085064328,0.5810621087750478,0.3965175608646332
20260524-114851_diag_atenuacion_mixed_states_ear_eeg,diag_atenuacion_mixed_states_ear_eeg,0,143.36,147.36,80.98510974247056,1351.0,0.2337016794488878,0.71000566586624,1.0,,1.25,1.25,4.0,8.25,15.25,49.75,1.933923092983324e-10,0.4634291148595219,4.8359651793225766e-11,0.11588501480106456,8.588163274646866e-12,0.02057995438949427,2.1735642566759174e-11,0.05208547140350533,1.452314394926721e-10,0.34802044454641395,0.3951189042729726,5.630965579798464,0.5793141296605864,0.4001059159499193
20260524-114851_diag_atenuacion_mixed_states_ear_eeg,diag_atenuacion_mixed_states_ear_eeg,0,143.616,147.616,80.55954319632157,1351.0,0.23772991931613469,0.7264921517609955,1.0,,0.75,0.75,4.0,8.25,15.25,49.5,1.975542603796484e-10,0.48903519006398666,4.320824755412534e-11,0.10695974622038712,1.1020805598855716e-11,0.0272814251149902,2.6253195761400188e-11,0.06498840649799525,1.2593086236648396e-10,0.3117352321026408,0.41978910678217307,3.9206069979686085,0.5959949362843737,0.37672363860063607
20260524-114851_diag_atenuacion_mixed_states_ear_eeg,diag_atenuacion_mixed_states_ear_eeg,0,143.872,147.872,81.48259323315624,1351.0,0.22953140779115258,0.7460545523801559,1.0,,1.25,1.25,4.0,8.5,15.0,49.5,2.0881719782762154e-10,0.5018835186244847,4.564032514134121e-11,0.1096946382357398,1.6005649954648086e-11,0.038468919230215025,3.121815488347712e-11,0.07503154711815192,1.1438572775179582e-10,0.2749213767914086,0.5127032655962451,2.851513388751022,0.6115781568602244,0.3499529239095605
20260524-114851_diag_atenuacion_mixed_states_ear_eeg,diag_atenuacion_mixed_states_ear_eeg,0,144.128,148.128,81.65793286631741,1351.0,0.22488050465892856,0.7487203076199219,1.0,,1.0,1.0,4.0,10.0,23.0,49.75,2.1425426580854484e-10,0.47580869639731843,4.6983580210224535e-11,0.10433956107031321,2.0230484667364374e-11,0.044927182666533796,2.9860261852784085e-11,0.06631266926069829,1.3896638405737867e-10,0.30861189060513633,0.6775052666016103,2.3224149585510427,0.5801482574676317,0.3749245598658346
20260524-114851_diag_atenuacion_mixed_states_ear_eeg,diag_atenuacion_mixed_states_ear_eeg,0,144.384,148.384,81.73911548334739,1351.0,0.22877059346649253,0.760144031477502,1.0,,0.75,0.75,4.25,10.0,23.0,49.25,2.0017842170851541e-10,0.44155911261596664,4.617034326213548e-11,0.10184382325528084,2.395734943001251e-11,0.05284578559796365,3.265019994495213e-11,0.07202071627590248,1.5038824584833258e-10,0.33173056225488634,0.7337581230866681,1.9271891240312127,0.5434029358712474,0.40375127853078885
20260524-114851_diag_atenuacion_mixed_states_ear_eeg,diag_atenuacion_mixed_states_ear_eeg,0,144.64,148.64,81.67774482684986,1351.0,0.2614585466621955,0.7659492091873566,0.75,high_50hz_ratio,0.75,0.75,4.25,10.25,13.0,49.5,1.7376164981169845e-10,0.3717888895967319,3.59346304563097e-11,0.07688748564426225,3.490084603269013e-11,0.0746755501374549,3.0519119876231774e-11,0.06530019542603267,1.9225019395572806e-10,0.41134787919551824,1.1435731493643377,1.0296206121379199,0.44867637524099413,0.4766480746215509
20260524-114851_diag_atenuacion_mixed_states_ear_eeg,diag_atenuacion_mixed_states_ear_eeg,0,144.896,148.896,56.83089828605563,1024.0,0.2677266832994905,0.8113869459299101,0.75,high_50hz_ratio,0.75,0.75,6.75,8.0,18.0,49.5,1.0640713337114192e-10,0.3534461445459771,3.0448053012513197e-11,0.10113745766148932,2.607004056824706e-11,0.08659527829647473,2.9719326426825403e-11,0.09871689060005812,1.0841159057165642e-10,0.36010422889600074,0.8772083254456128,1.1679327054672286,0.4545836022074664,0.45882111949605886
20260524-114851_diag_atenuacion_mixed_states_ear_eeg,diag_atenuacion_mixed_states_ear_eeg,0,145.152,149.152,57.18625709031848,1024.0,0.27913634985516794,0.7998604594134746,0.75,high_50hz_ratio,0.75,0.75,6.75,8.0,18.0,49.75,1.0400046105779787e-10,0.34465830926539553,2.7688322466004687e-11,0.09175930866522554,2.586934536585539e-11,0.08573120488997865,3.027222214609438e-11,0.10032237161699632,1.1391911578970846e-10,0.37752880556240404,0.8545571990390858,1.070313998070865,0.43641761793062106,0.47785117717940034
20260524-114851_diag_atenuacion_mixed_states_ear_eeg,diag_atenuacion_mixed_states_ear_eeg,0,145.408,149.408,59.58312680616888,1024.0,0.2451307300613766,0.8091038755850632,1.0,,0.5,0.5,4.75,10.25,15.0,49.25,1.4328905404092842e-10,0.3268201128194709,2.279360640471968e-11,0.05198868166597907,2.898579550170414e-11,0.06611210479010626,5.6871109846080585e-11,0.1297141827089987,1.8649444857849944e-10,0.42536491801544507,0.5096752213936576,0.7863716006476204,0.37880879448544996,0.5550791007244438
20260524-114851_diag_atenuacion_mixed_states_ear_eeg,diag_atenuacion_mixed_states_ear_eeg,0,145.664,149.664,127.12158746648817,1740.0,0.2566504631981301,0.62878223243967,0.7321960313337796,high_rms;high_50hz_ratio,0.0,0.5,7.75,8.25,15.75,49.5,9.451194833696928e-10,0.43968712000548277,1.3000691314042174e-10,0.06048162822303745,1.3245380524805103e-10,0.06161996783268322,2.784144218004179e-10,0.12952355489801443,6.635327116017175e-10,0.3086877290407822,0.47574333395344326,0.9815264491416694,0.5001687482285202,0.4382112839387966
20260524-114851_diag_atenuacion_mixed_states_ear_eeg,diag_atenuacion_mixed_states_ear_eeg,0,145.92,149.92,190.7809765149555,1740.0,0.11763624744756786,0.5121944925252951,0.8230475587126113,high_rms,0.25,0.5,4.5,10.0,15.75,48.75,1.0080775287350796e-08,0.6542147919929026,5.527732161311571e-10,0.03587347245645517,3.840524116392877e-10,0.02492395291364518,7.280958080018712e-10,0.047251429974889084,3.663272029543305e-09,0.23773635266210794,0.5274751034389977,1.4393171332311188,0.6900882644493578,0.28498778263699703
20260524-114851_diag_atenuacion_mixed_states_ear_eeg,diag_atenuacion_mixed_states_ear_eeg,0,146.176,150.176,231.95320002103873,1740.0,0.1573736810007092,0.47284752038290306,0.4701169999474032,high_rms;possible_artifact_window,0.75,0.75,4.0,11.0,15.5,49.0,1.4910590793125807e-08,0.6224390999674461,8.491340806298209e-10,0.03544690215377511,5.404414786913862e-10,0.022560602208788944,7.434796081787659e-10,0.03103638109177341,6.911453893971463e-09,0.28851701457821644,0.7269082739407695,1.5711859916561113,0.6578860021212212,0.31955339566998986
20260524-114851_diag_atenuacion_mixed_states_ear_eeg,diag_atenuacion_mixed_states_ear_eeg,0,146.432,150.432,252.12287480512356,1740.0,0.16618303215153973,0.4771283650947815,0.4196928129871911,high_rms;possible_artifact_window,0.0,0.75,5.0,10.5,17.5,49.0,1.4189820290660543e-08,0.5917938343188154,7.421953814263661e-10,0.03095364434439773,5.359447070018333e-10,0.022351852711499323,8.576364980307252e-10,0.035768176144938164,7.65204443608168e-09,0.31913249248034936,0.6249089308027943,1.3848357334814154,0.6227474786632131,0.3549006686252875
20260524-114851_diag_atenuacion_mixed_states_ear_eeg,diag_atenuacion_mixed_states_ear_eeg,0,146.688,150.688,259.3754267466369,1740.0,0.16911963251391937,0.4529207489542209,0.40156143313340775,high_rms;possible_artifact_window,0.0,0.75,4.5,10.5,15.75,49.0,1.5092873387156387e-08,0.6377520684313344,7.443127701754428e-10,0.03145106942612998,4.798310486822016e-10,0.020275346910089306,6.892477031854235e-10,0.029124285157133254,6.65947313267004e-09,0.2813972300753131,0.6961663368113045,1.5511975980287405,0.6692031378574643,0.31052151523244637
20260524-114851_diag_atenuacion_mixed_states_ear_eeg,diag_atenuacion_mixed_states_ear_eeg,0,146.944,150.944,263.32475196988224,1740.0,0.153210850913266,0.44131781396838976,0.4,high_rms;possible_artifact_window,0.0,0.75,5.0,10.5,26.5,49.0,1.6596952206732963e-08,0.6821743365624496,7.722620702044049e-10,0.031741813727722695,2.8329659868373484e-10,0.011644166160765084,7.673682618154671e-10,0.03154066652615197,5.909608674090909e-09,0.24289901702291058,0.36917945760944254,2.7259842645217875,0.7139161502901723,0.27443968354906256
20260524-114851_diag_atenuacion_mixed_states_ear_eeg,diag_atenuacion_mixed_states_ear_eeg,0,147.2,151.2,265.64171735629174,1740.0,0.12450165265787923,0.40518833714339536,0.4,high_rms;possible_artifact_window,0.0,0.75,4.5,10.0,15.5,49.0,1.7417004111390925e-08,0.7610584060597616,5.316985623982316e-10,0.023233252849634265,3.245653046715301e-10,0.014182298623565584,7.966196385250164e-10,0.034809320159443616,3.81535216581129e-09,0.1667167223075949,0.4074281990743789,1.638186690768832,0.7842916589093959,0.20152604246703854
20260524-114851_diag_atenuacion_mixed_states_ear_eeg,diag_atenuacion_mixed_states_ear_eeg,0,147.456,151.456,266.07055455273513,1740.0,0.09115172961401254,0.3802299640554899,0.4,high_rms;possible_artifact_window,0.0,0.75,4.5,8.0,14.0,49.5,1.9450544173234987e-08,0.8507279069055305,8.276538349712024e-10,0.036199923683177856,2.608432606344413e-10,0.011408762612169365,5.252382492230341e-10,0.022972870702666837,1.7991342895133358e-09,0.07869053609645545,0.49661893630233,3.172992980374975,0.8869278305887083,0.10166340679912228
20260524-114851_diag_atenuacion_mixed_states_ear_eeg,diag_atenuacion_mixed_states_ear_eeg,0,147.712,151.712,266.07352931097824,1740.0,0.0659062704425369,0.3292950823026262,0.4,high_rms;possible_artifact_window,0.0,0.75,4.5,10.25,15.75,49.5,2.3334402334961146e-08,0.8996524498364383,8.269569295858305e-10,0.03188313190676586,3.29200978700684e-10,0.012692267096675851,4.271357577313547e-10,0.016468119703242298,1.0194337641913761e-09,0.039304031456877705,0.770717442269803,2.5120123665783995,0.9315355817432042,0.055772151160120007
20260524-114851_diag_atenuacion_mixed_states_ear_eeg,diag_atenuacion_mixed_states_ear_eeg,0,147.968,151.968,273.32330489733215,2207.0,0.1317433801049432,0.35624200928474437,0.4,high_rms;possible_artifact_window,0.0,0.5,4.25,10.5,15.5,49.5,2.899255731595755e-08,0.8091816413404396,8.68849400162278e-10,0.024249567778348576,5.138521323118128e-10,0.01434160178762501,1.1951818137860154e-09,0.033357498313793366,4.25903919094646e-09,0.11886969077979351,0.42993637150825365,1.6908549084993345,0.8334312091187881,0.15222718909358687
20260524-114851_diag_atenuacion_mixed_states_ear_eeg,diag_atenuacion_mixed_states_ear_eeg,0,148.224,152.224,273.2495544369652,2207.0,0.21727951685574615,0.37091971128049583,0.4,high_rms;possible_artifact_window,0.0,0.5,5.25,9.75,15.75,49.25,3.008472248153213e-08,0.7287523840845738,1.0717076562666352e-09,0.02596033618144337,3.7757952508226627e-10,0.009146236241804596,1.2265241342967504e-09,0.02971050796811287,8.521969201866556e-09,0.20643053552406535,0.30784516547549085,2.8383627423471487,0.7547127202660171,0.2361410434921782
20260524-114851_diag_atenuacion_mixed_states_ear_eeg,diag_atenuacion_mixed_states_ear_eeg,0,148.48,152.48,273.2756319176666,2207.0,0.2575661312594637,0.3802585285008015,0.15000000000000002,high_rms;possible_artifact_window;high_50hz_ratio,0.0,0.5,5.25,10.75,15.75,49.25,2.8621513942281078e-08,0.6535471455879182,1.0210386640745604e-09,0.0233145215793448,6.725689656522998e-10,0.015357521918634308,8.792809657320183e-10,0.0200776089791339,1.2599704950150186e-08,0.2877032019349688,0.7649079098310438,1.5181174217342794,0.6768616671672629,0.3077808109141027
20260524-114851_diag_atenuacion_mixed_states_ear_eeg,diag_atenuacion_mixed_states_ear_eeg,0,148.736,152.736,273.34905889722756,2207.0,0.24121584979220745,0.39561921847263704,0.4,high_rms;possible_artifact_window,0.0,0.5,4.25,11.25,26.25,49.25,2.538418258333072e-08,0.6731716504156785,1.0399249520198946e-09,0.027578118537462188,3.8001899487100234e-10,0.01007785116289742,9.093684087500512e-10,0.02411584578485285,9.994840769545137e-09,0.2650565340991091,0.4178933325750206,2.736507822123201,0.7007497689531407,0.289172379883962
20260524-114851_diag_atenuacion_mixed_states_ear_eeg,diag_atenuacion_mixed_states_ear_eeg,0,148.992,152.992,274.8161094259214,2207.0,0.23534102447991181,0.4277906274924758,0.4,high_rms;possible_artifact_window,0.75,0.75,4.25,11.25,17.25,49.25,2.105272127453641e-08,0.6200828290460826,9.99313783570667e-10,0.029433597202976742,6.077493916645842e-10,0.017900534435432956,7.950759681309374e-10,0.023418015618792778,1.0496605883661186e-08,0.3091650236967149,0.7643916003313241,1.6442859462740302,0.6495164262490594,0.33258303931550764
20260524-114851_diag_atenuacion_mixed_states_ear_eeg,diag_atenuacion_mixed_states_ear_eeg,0,149.248,153.248,276.03271907511254,2207.0,0.27166856221222807,0.47261996407696016,0.15000000000000002,high_rms;possible_artifact_window;high_50hz_ratio,0.75,0.75,4.75,10.75,21.25,49.25,1.6126513936062522e-08,0.5334817544630556,7.266174864764279e-10,0.02403725771396484,4.751109641606055e-10,0.015717161919181634,1.0607528417888593e-09,0.03509080073553466,1.1839806040064263e-08,0.39167302516826336,0.44789977970681266,1.5293637513926193,0.5575190121770204,0.426763825903798
20260524-114851_diag_atenuacion_mixed_states_ear_eeg,diag_atenuacion_mixed_states_ear_eeg,0,149.504,153.504,275.3521563380247,2207.0,0.36040717074982814,0.3953744354988792,0.15000000000000002,high_rms;possible_artifact_window;high_50hz_ratio,0.0,0.5,5.0,9.75,27.25,49.25,1.3380690246679787e-08,0.5303475789166622,5.169944696555208e-10,0.020491227301457374,3.527388959393972e-10,0.013980909504845263,7.907165079999123e-10,0.031340280500944076,1.018889915700924e-08,0.40384000377609114,0.4461003309917443,1.4656576737268685,0.5508388062181195,0.4351802842770352
20260524-114851_diag_atenuacion_mixed_states_ear_eeg,diag_atenuacion_mixed_states_ear_eeg,0,149.76,153.76,239.5286913920752,1865.0,0.3896949666738056,0.36250656544916654,0.20117827151981205,high_rms;possible_artifact_window;high_50hz_ratio,0.0,0.5,4.5,11.0,20.0,49.5,1.236053305781039e-08,0.5867595066478185,2.3116275650113638e-10,0.01097338960428168,2.1552974790706392e-10,0.010231284359533927,5.998544384110398e-10,0.028475332956628636,7.658676783485603e-09,0.3635604864317372,0.35930341447165537,1.0725329507684174,0.5977328962521002,0.39203581938836585
20260524-114851_diag_atenuacion_mixed_states_ear_eeg,diag_atenuacion_mixed_states_ear_eeg,0,150.016,154.016,192.86615306994642,1647.0,0.3664533505645552,0.49014633082965076,0.567834617325134,high_rms;high_50hz_ratio,0.0,0.5,4.0,12.75,19.5,49.25,8.024648082329876e-09,0.4826759806660966,3.297885767306454e-10,0.019836511589393452,1.75409497139116e-10,0.010550736952091707,6.722708906356262e-10,0.04043654102730558,7.42321423908412e-09,0.4465002297651126,0.2609208573247428,1.8801067337254407,0.5025124922554901,0.4869367707924182
20260524-114851_diag_atenuacion_mixed_states_ear_eeg,diag_atenuacion_mixed_states_ear_eeg,0,150.272,154.272,150.95898449578945,1647.0,0.39972359182798683,0.5879508129291402,0.6726025387605263,high_rms;high_50hz_ratio,0.0,0.5,6.75,10.75,14.25,49.25,4.89779896146922e-09,0.43977824819163686,3.3915441828752283e-10,0.030453013101256053,2.557227901878812e-10,0.02296160409527472,8.163062725840838e-10,0.07329695346196567,4.827991661144935e-09,0.4335101811498667,0.3132681920700792,1.3262580861030957,0.4702312612928929,0.5068071346118324
20260524-114851_diag_atenuacion_mixed_states_ear_eeg,diag_atenuacion_mixed_states_ear_eeg,0,150.528,154.528,147.7822215288429,2031.0,0.4056203990218353,0.6491021379826769,0.6805444461778927,high_rms;high_50hz_ratio,0.0,0.5,6.25,11.25,14.25,49.25,3.944068471572154e-09,0.3618412681248696,3.652816558656986e-10,0.033512089998911816,3.496561797716243e-10,0.03207855959098739,9.488836329113844e-10,0.08705357412284655,5.292106326228382e-09,0.48551450816238473,0.36849216030716214,1.0446881164928359,0.3953533581237814,0.5725680822852313
20260524-114851_diag_atenuacion_mixed_states_ear_eeg,diag_atenuacion_mixed_states_ear_eeg,0,150.784,154.784,138.15971192789885,2031.0,0.3463016050630901,0.6967717364068524,0.7046007201802529,high_rms;high_50hz_ratio,0.0,0.75,5.75,12.0,13.75,49.25,2.953477148260827e-09,0.3410299334189749,2.9668953832186e-10,0.03425793003327986,4.700700191462804e-10,0.05427770024430715,1.1799496190718484e-09,0.13624555729736113,3.7602767572838604e-09,0.43418887900607706,0.39838143218016275,0.631160308544446,0.3752878634522548,0.5704344363034382
20260524-114851_diag_atenuacion_mixed_states_ear_eeg,diag_atenuacion_mixed_states_ear_eeg,0,151.04,155.04,131.21609657355305,2031.0,0.2101020774812957,0.7408909744576573,0.9719597585661174,high_rms,0.0,0.75,5.25,9.0,13.25,49.25,2.401941215164803e-09,0.40740802192985254,7.557163208379515e-10,0.1281816929860088,5.900616680533997e-10,0.10008398851750029,4.335137024462529e-10,0.07353092526912507,1.714432092402226e-09,0.29079537129751326,1.3611142271253942,1.280741254267614,0.5355897149158613,0.36432629656663834
20260524-114851_diag_atenuacion_mixed_states_ear_eeg,diag_atenuacion_mixed_states_ear_eeg,0,151.296,155.296,127.92150327446906,2031.0,0.21354297968337232,0.7026116103538826,0.9801962418138274,high_rms,0.0,0.75,5.75,8.25,13.0,49.25,1.743675076400532e-09,0.4337361098716913,5.740353991274924e-10,0.14279029637802204,4.112647448394796e-10,0.10230138227489044,2.1760421484069943e-10,0.05412866589314514,1.0735494789288957e-09,0.26704354558225096,1.889966814937626,1.395780713835667,0.5765264062497133,0.3211722114753961
20260524-114851_diag_atenuacion_mixed_states_ear_eeg,diag_atenuacion_mixed_states_ear_eeg,0,151.552,155.552,127.70967856822756,2031.0,0.22362531872905014,0.6755986542585571,0.9807258035794311,high_rms,0.0,0.75,5.75,8.75,20.25,49.25,1.8753682561155077e-09,0.4707694449441161,5.162454666331211e-10,0.12959193000589095,3.2881435961948235e-10,0.08254152381162226,2.1480949247111415e-10,0.05392314027369628,1.0483859934620861e-09,0.2631739609646743,1.530725462068203,1.5700210514849224,0.6003613749500071,0.3170971012383706
20260524-114851_diag_atenuacion_mixed_states_ear_eeg,diag_atenuacion_mixed_states_ear_eeg,0,151.808,155.808,117.71270109890436,2001.0,0.22154911730498103,0.6643670677522958,1.0,,0.0,0.75,5.75,8.75,20.25,49.25,1.947010224168185e-09,0.5062061201779311,4.48149231900033e-10,0.11651499366817887,2.1782981596185866e-10,0.056633901881144026,2.5860381367539867e-10,0.06723479494811953,9.746864169678874e-10,0.2534101893246266,0.8423302536260358,2.0573365033669337,0.62272111384611,0.3206449842727461
20260524-114851_diag_atenuacion_mixed_states_ear_eeg,diag_atenuacion_mixed_states_ear_eeg,0,152.064,156.064,115.1188125373086,2001.0,0.21353631080989902,0.6832203900893188,1.0,,0.75,0.75,5.25,8.75,13.5,49.25,1.6327661443087384e-09,0.480462975015282,3.9509431523411085e-10,0.11626171376144856,2.1485425287726804e-10,0.06322369795081832,2.410549214883596e-10,0.07093359029036345,9.145487157142076e-10,0.2691180229820876,0.891308302484267,1.8388945526705585,0.5967246887767306,0.34005161327245104
20260524-114851_diag_atenuacion_mixed_states_ear_eeg,diag_atenuacion_mixed_states_ear_eeg,0,152.32,156.32,115.22918033206693,2001.0,0.2137387495862988,0.686426541589547,1.0,,0.75,0.75,5.5,8.75,13.5,49.5,1.3408592552547734e-09,0.47611842229013446,3.543984613181652e-10,0.12584142265758907,1.6873365902337656e-10,0.0599147175265512,1.7254973085335917e-10,0.06126974572352025,7.796894624185218e-10,0.27685569180220504,0.9778842203281923,2.100342417567478,0.6019598449477235,0.33812543752572527
20260524-114851_diag_atenuacion_mixed_states_ear_eeg,diag_atenuacion_mixed_states_ear_eeg,0,152.576,156.576,115.3999783362198,2001.0,0.23785543384370164,0.7306178377128719,1.0,,0.75,0.75,5.75,8.75,13.5,49.5,1.0444039736224523e-09,0.39701467216593,3.6298119040928214e-10,0.13798191308379196,1.681603413429784e-10,0.06392365835035368,1.9289522566016613e-10,0.07332625757083543,8.622025344259747e-10,0.327753498829089,0.8717703653237923,2.1585421836706957,0.5349965852497219,0.40107975639992444
20260524-114851_diag_atenuacion_mixed_states_ear_eeg,diag_atenuacion_mixed_states_ear_eeg,0,152.832,156.832,115.17199312332838,2001.0,0.22920667069233386,0.7590927793881735,1.0,,0.0,0.75,5.75,8.75,17.25,49.25,9.509504890725583e-10,0.36988428732633044,3.973621015290674e-10,0.15455904321361313,1.4947745642149654e-10,0.058141157794387804,2.1292701511873273e-10,0.08282067062873756,8.602234229120074e-10,0.334594841036931,0.7020126419287128,2.658341338165307,0.5244433305399436,0.41741551166566854
20260524-114851_diag_atenuacion_mixed_states_ear_eeg,diag_atenuacion_mixed_states_ear_eeg,0,153.088,157.088,110.14853153810087,2001.0,0.1834928054115107,0.8235451891354736,1.0,,0.0,0.75,4.5,8.0,19.5,49.25,4.6248774926722513e-10,0.3365297834691516,2.2944866761156198e-10,0.16695860712191266,1.0627174638298964e-10,0.07732876785562573,1.1833569962909984e-10,0.08610711837437567,4.5774088688557126e-10,0.3330757231789344,0.8980531379463482,2.1590749697916762,0.5034883905910642,0.4191828415533101
20260524-114851_diag_atenuacion_mixed_states_ear_eeg,diag_atenuacion_mixed_states_ear_eeg,0,153.344,157.344,108.0587340292306,2001.0,0.2078788755251251,0.7567515940891204,1.0,,0.0,0.75,5.25,8.0,13.25,49.5,3.4179280277405873e-10,0.42222299392603135,1.5618045080093586e-10,0.19293261003357,2.5166916768018583e-11,0.031089159454022706,5.223467775327157e-11,0.0645264670547407,2.341329420785368e-10,0.2892287695316353,0.4818047674553199,6.205784055335918,0.6151556039596013,0.353755236586376
20260524-114851_diag_atenuacion_mixed_states_ear_eeg,diag_atenuacion_mixed_states_ear_eeg,0,153.6,157.6,107.66446953382533,2001.0,0.19845829762920103,0.7552190530504469,1.0,,0.75,0.75,5.25,9.5,13.25,49.5,2.937449977660742e-10,0.4368901786096301,1.1584062039074181e-10,0.17229103377979857,2.4867412010533563e-11,0.036985576460754406,4.6708724062670285e-11,0.06947040104022083,1.9119256305148874e-10,0.2843628101095961,0.5323933057380956,4.658330361907905,0.6091812123894287,0.3538332111498169
20260524-114851_diag_atenuacion_mixed_states_ear_eeg,diag_atenuacion_mixed_states_ear_eeg,0,153.856,157.856,106.57147836076967,2001.0,0.19689249760682842,0.7063817610905446,1.0,,0.75,0.75,5.25,10.75,21.5,49.5,3.566426891643374e-10,0.5219214595671661,7.278635080885971e-11,0.10651769853951218,1.797577212246417e-11,0.026306276584517816,4.3008233801198536e-11,0.06293952137789133,1.929133102566202e-10,0.2823150439309127,0.4179611793768483,4.049136265913119,0.6284391581066783,0.34525456530880405
20260524-114851_diag_atenuacion_mixed_states_ear_eeg,diag_atenuacion_mixed_states_ear_eeg,0,154.112,158.112,106.46128873914687,2001.0,0.17772721544033668,0.7601420086321913,1.0,,0.75,0.75,5.25,11.75,15.75,49.5,3.142361498496534e-10,0.4588940071271788,1.064435843086321e-10,0.15544463283342302,2.6295542121637992e-11,0.03840063181640107,4.931040754723798e-11,0.07201033529481832,1.8848279205002598e-10,0.2752503929281788,0.5332655605502268,4.047970709873372,0.6143386399606019,0.34726072822299714
20260524-114851_diag_atenuacion_mixed_states_ear_eeg,diag_atenuacion_mixed_states_ear_eeg,0,154.368,158.368,91.21385311453518,1346.0,0.20359444851838446,0.7386274160939319,1.0,,0.75,0.75,4.0,8.0,15.75,49.75,3.500417878897759e-10,0.4911921745540327,9.68905183681438e-11,0.13596052259309716,2.4498967277362785e-11,0.03437789837562248,4.6332334136584185e-11,0.06501532315301475,1.9487353522966422e-10,0.2734540813242329,0.5287660924904344,3.954881741389618,0.6271526971471298,0.3384694044772476
20260524-114851_diag_atenuacion_mixed_states_ear_eeg,diag_atenuacion_mixed_states_ear_eeg,0,154.624,158.624,73.23977744368152,1346.0,0.19183090240403136,0.7535715355691873,1.0,,0.75,0.75,4.75,11.0,14.0,49.75,2.226796482431149e-10,0.48194429528103766,6.200845119224254e-11,0.1342045379858281,2.0777989363690934e-11,0.04496968411908089,3.232342474253901e-11,0.0699574041971044,1.2425485636482066e-10,0.268924078416949,0.6428152192779935,2.984333570821868,0.6161488332668658,0.3388814826140534
20260524-114851_diag_atenuacion_mixed_states_ear_eeg,diag_atenuacion_mixed_states_ear_eeg,0,154.88,158.88,73.4277808462165,1346.0,0.20918349418633003,0.7518022236343843,1.0,,0.75,0.75,4.75,8.0,14.0,49.5,1.9651815515449967e-10,0.4675270391385614,5.8014977433048766e-11,0.13802068619888885,1.6668706919800477e-11,0.03965573148371951,2.9088535194123186e-11,0.06920315693730378,1.200450042246169e-10,0.2855933862415264,0.5730335614551016,3.4804725832772156,0.6055477253374503,0.3547965431788302
20260524-114851_diag_atenuacion_mixed_states_ear_eeg,diag_atenuacion_mixed_states_ear_eeg,0,155.136,159.136,73.78695684197852,1346.0,0.1987004692913811,0.7590798285314573,1.0,,0.75,0.75,4.25,10.75,13.25,49.5,2.0561915374325244e-10,0.4669297098638679,5.5178782755575863e-11,0.1253025924563116,2.6557900768582294e-11,0.060308938514316124,3.1129620494667216e-11,0.07069061612760513,1.2187879707019694e-10,0.27676814303789926,0.8531392399445378,2.077678625143888,0.5922323023201794,0.3474587591655044
20260524-114851_diag_atenuacion_mixed_states_ear_eeg,diag_atenuacion_mixed_states_ear_eeg,0,155.392,159.392,75.19524586036007,1346.0,0.2242925630420514,0.7711829366219178,1.0,,0.75,0.75,4.25,11.25,14.25,49.5,1.7042818379643826e-10,0.4345599333670105,5.5963813148730044e-11,0.14269723687206368,1.8846876116032067e-11,0.04805600251506265,2.7359272752379306e-11,0.06976101886085045,1.1958753609212421e-10,0.3049258083850127,0.688866121793864,2.969394652152699,0.5772571702390742,0.37468682724586316
20260524-114851_diag_atenuacion_mixed_states_ear_eeg,diag_atenuacion_mixed_states_ear_eeg,0,155.648,159.648,75.99957894620206,1346.0,0.26014891763703657,0.777037253852725,0.75,high_50hz_ratio,0.75,0.75,4.0,10.75,14.0,49.5,1.614851765936954e-10,0.42695853724607663,5.329013061544835e-11,0.14089637635577562,1.8693945831113567e-11,0.04942583545913682,2.6860287709674025e-11,0.07101722518708833,1.1789261083249213e-10,0.3117020257519226,0.695969679594338,2.8506625137831563,0.5678549136018523,0.38271925093901094
20260524-114851_diag_atenuacion_mixed_states_ear_eeg,diag_atenuacion_mixed_states_ear_eeg,0,155.904,159.904,74.40699563885106,1217.0,0.2464575989635172,0.7635743899601942,1.0,,0.75,0.75,4.0,10.75,14.0,49.5,1.8575274678342338e-10,0.47197424738248756,5.5434179509656877e-11,0.14085124234443275,1.9160583126566552e-11,0.04868461951259751,2.599440004365158e-11,0.06604848439235364,1.0722351876416485e-10,0.2724414063681286,0.7371042645489331,2.893136348903506,0.6128254897269203,0.3384898907604822
20260524-114851_diag_atenuacion_mixed_states_ear_eeg,diag_atenuacion_mixed_states_ear_eeg,0,156.16,160.16,74.39903225177059,1217.0,0.19693844152528064,0.7331454926027585,1.0,,0.75,0.75,4.0,11.5,13.25,49.5,2.3827745536110985e-10,0.5292045750624382,6.308534759432884e-11,0.1401100012408975,2.1020720905020787e-11,0.0466861695211106,2.7233163975575935e-11,0.06048375389714938,1.0063916139390875e-10,0.2235155002784043,0.7718794967736111,3.001102953574772,0.6693145763033357,0.28399925417555366
20260524-114851_diag_atenuacion_mixed_states_ear_eeg,diag_atenuacion_mixed_states_ear_eeg,0,156.416,160.416,75.12499584026611,1217.0,0.18839523264715005,0.7268230995423244,1.0,,1.0,1.0,4.0,12.5,13.0,49.5,2.504452168305084e-10,0.5212292804103519,6.766368577853764e-11,0.14082239099869714,1.9937594293662415e-11,0.041494335800520164,2.8863713865193716e-11,0.0600714719103892,1.1357932856369216e-10,0.2363825208800416,0.6907494436363866,3.3937738315823776,0.662051671409049,0.29645399279043083
20260524-114851_diag_atenuacion_mixed_states_ear_eeg,diag_atenuacion_mixed_states_ear_eeg,0,156.672,160.672,74.66637797563239,1217.0,0.17439474484600967,0.7213947656588532,1.0,,1.5,1.5,4.0,12.75,13.0,49.5,2.9623957139858783e-10,0.5480893117432616,6.585759847351172e-11,0.12184680679221095,2.2227085304400602e-11,0.04112356708130777,3.2247334569714925e-11,0.0596625877036831,1.2392348113258672e-10,0.2292777266795367,0.6892689148105644,2.962943524604775,0.6699361185354725,0.28894031438321977
20260524-114851_diag_atenuacion_mixed_states_ear_eeg,diag_atenuacion_mixed_states_ear_eeg,0,156.928,160.928,74.78282556844185,1217.0,0.1625034802050869,0.7227494415594911,1.0,,1.25,1.25,4.0,11.5,13.0,49.5,3.011016035682078e-10,0.5658545929362645,6.58196577799507e-11,0.12369364765552093,2.29555077980148e-11,0.04313985500827277,3.113408405599366e-11,0.05850969988592876,1.1110748130806047e-10,0.20880220451401296,0.7373111653687981,2.8672708248973175,0.6895482405917854,0.26731190439994174
20260524-114851_diag_atenuacion_mixed_states_ear_eeg,diag_atenuacion_mixed_states_ear_eeg,0,157.184,161.184,75.09380134205486,1217.0,0.16648618194325165,0.7159372486744764,1.0,,1.0,1.0,4.0,12.5,13.0,49.5,3.0946000270879465e-10,0.5683827873403523,6.478202357904427e-11,0.11898464037064774,2.211389730130173e-11,0.040616423696279394,3.1679250153943534e-11,0.05818503310844505,1.1642185346011195e-10,0.21383111548427547,0.6980562101009491,2.929471123809139,0.687367427711,0.2720161485927205
20260524-114851_diag_atenuacion_mixed_states_ear_eeg,diag_atenuacion_mixed_states_ear_eeg,0,157.44,161.44,75.56773782507983,1217.0,0.1847258179619592,0.7134530468606207,1.0,,0.75,0.75,4.0,12.75,13.5,49.5,2.8215401181630595e-10,0.5535801780862627,6.422799836587349e-11,0.12601396855789687,1.873160715850622e-11,0.036751015375952656,2.7064090720474928e-11,0.05309917113826928,1.1751180573559018e-10,0.2305556668416185,0.6921203210546107,3.4288567885488077,0.6795941466441595,0.2836548379798878
20260524-114851_diag_atenuacion_mixed_states_ear_eeg,diag_atenuacion_mixed_states_ear_eeg,0,157.696,161.696,75.27241858742151,1217.0,0.18498197011778128,0.7045368144499862,1.0,,1.5,1.5,4.5,8.0,13.0,49.5,2.9225552927815554e-10,0.5718214379876118,6.193409027466118e-11,0.12117902661682305,1.7672908534765714e-11,0.03457846630561119,2.6230502693087645e-11,0.05132208723696644,1.1300275867884847e-10,0.22109898185298762,0.6737540923843195,3.504465049022687,0.6930004646044348,0.27242106908995406
20260524-114851_diag_atenuacion_mixed_states_ear_eeg,diag_atenuacion_mixed_states_ear_eeg,0,157.952,161.952,73.11871169543402,1162.0,0.15204180990724073,0.7077970830717013,1.0,,0.75,0.75,4.5,8.0,13.0,49.5,2.543825883240017e-10,0.5992241466397673,5.1310551352029796e-11,0.1208672399715299,1.528904251975683e-11,0.03601489990805312,2.27689783597935e-11,0.05363465210963602,8.076876199841974e-11,0.19025906137101364,0.6714856625607286,3.356034315800038,0.7200913866112972,0.24389371348064967
20260524-114851_diag_atenuacion_mixed_states_ear_eeg,diag_atenuacion_mixed_states_ear_eeg,0,158.208,162.208,73.11092941551215,1162.0,0.15788147233579328,0.7126675843848698,1.0,,1.0,1.0,4.5,11.0,13.0,49.5,2.329052634124188e-10,0.5908432801822722,4.68876972875022e-11,0.11894656419372293,1.4362061167670186e-11,0.036434244577197544,2.2780015549666393e-11,0.05778924405900903,7.725623330442807e-11,0.19598666698779835,0.6304675752462563,3.2646913796084553,0.7097898443759951,0.25377591104680736
20260524-114851_diag_atenuacion_mixed_states_ear_eeg,diag_atenuacion_mixed_states_ear_eeg,0,158.464,162.464,72.74565966434011,1162.0,0.1904580667079948,0.7162644724740163,1.0,,0.75,0.75,4.5,8.0,13.0,49.75,2.2464157709697055e-10,0.5652813440011798,4.4200339915621357e-11,0.11122441302139695,1.3751923696165735e-11,0.034604929372511396,2.469484931379125e-11,0.062141380017024406,9.010913582273794e-11,0.2267479335878874,0.5568741692416703,3.2141205035878104,0.6765057570225768,0.28888931360491177
20260524-114851_diag_atenuacion_mixed_states_ear_eeg,diag_atenuacion_mixed_states_ear_eeg,0,158.72,162.72,72.60752715800201,1162.0,0.18104423984425896,0.7013527970183238,1.0,,1.0,1.0,4.5,10.0,18.75,49.75,2.2643708819091724e-10,0.6011740077800299,3.54806806648354e-11,0.09419862781515002,1.4172083425248415e-11,0.03762585122171374,2.1844562075369698e-11,0.05799572426923838,7.872373330221989e-11,0.20900578891386792,0.6487693997412657,2.5035613748663406,0.6953726355951799,0.2670015131831063
20260524-114851_diag_atenuacion_mixed_states_ear_eeg,diag_atenuacion_mixed_states_ear_eeg,0,158.976,162.976,72.51487433623532,1162.0,0.21252109169798938,0.7468060551911437,1.0,,1.5,1.5,4.0,8.0,19.75,49.5,1.4528145448315978e-10,0.5192563086868548,3.2340866785315384e-11,0.11559079695628148,1.1363287225205071e-11,0.04061398338899771,1.8606357164549147e-11,0.0665017319226585,7.219559214836038e-11,0.2580371790452077,0.6107206867368772,2.8460837207018437,0.6348471056431363,0.3245389109678662
20260524-114851_diag_atenuacion_mixed_states_ear_eeg,diag_atenuacion_mixed_states_ear_eeg,0,159.232,163.232,72.10315527076467,1162.0,0.16978205712690028,0.7410979592886703,1.0,,1.25,1.25,4.75,8.0,17.75,49.5,1.57441008045005e-10,0.5325509860172082,3.934477202918774e-11,0.13308538479870946,1.0523103529315854e-11,0.03559485060522717,1.945104923382565e-11,0.06579401121200934,6.887562540744504e-11,0.23297476736684578,0.5410044158962916,3.7388943213928147,0.6656363708159176,0.2987687785788551
20260524-114851_diag_atenuacion_mixed_states_ear_eeg,diag_atenuacion_mixed_states_ear_eeg,0,159.488,163.488,71.03484356286005,1162.0,0.1818665747800268,0.7497506180817648,1.0,,1.5,1.5,5.25,8.0,19.5,49.5,1.3557335798521533e-10,0.5205149712547645,3.1050313953497514e-11,0.1192133433525981,9.383439454582564e-12,0.036026405117925195,2.0822268054605365e-11,0.07994418976539522,6.363067544427514e-11,0.244301090509317,0.4506444461273363,3.309054649287854,0.6397283146073627,0.3242452802747122
20260524-114851_diag_atenuacion_mixed_states_ear_eeg,diag_atenuacion_mixed_states_ear_eeg,0,159.744,163.744,69.8269145816998,1150.0,0.22455700546997612,0.7486798481795626,1.0,,1.5,1.5,4.5,8.0,19.5,49.5,1.3933675325340897e-10,0.5353682549196663,1.9398144109654536e-11,0.07453274400458211,1.1373798398784735e-11,0.04370110870526189,2.5003419100609497e-11,0.09606967679642602,6.515126828176115e-11,0.25032821557406365,0.4548897234021679,1.705511512471259,0.6099009989242484,0.3463978923704897
20260524-114851_diag_atenuacion_mixed_states_ear_eeg,diag_atenuacion_mixed_states_ear_eeg,0,160.0,164.0,78.14005374966158,1426.0,0.2253751934783083,0.7526097435000881,1.0,,1.5,1.5,4.5,11.0,17.75,49.5,1.3609815184834535e-10,0.5410359858000917,1.9936450411373123e-11,0.0792541041533845,1.0691591368586254e-11,0.042502676173887685,2.609038307659312e-11,0.10371805888647125,5.87344391616003e-11,0.23348917498616478,0.4097905092922216,1.864685033693849,0.6202900899534762,0.337207233872636
20260524-114851_diag_atenuacion_mixed_states_ear_eeg,diag_atenuacion_mixed_states_ear_eeg,0,160.256,164.256,98.27250887201365,1642.0,0.2267510683538684,0.7732098673308708,1.0,,0.0,0.75,4.0,10.5,17.0,49.5,1.4736920915610602e-10,0.48942964771425157,2.4265714573344795e-11,0.08058915565317494,1.4979845798157896e-11,0.049749745511899944,2.8706837815351054e-11,0.09533862330817347,8.578236100949692e-11,0.2848928278125001,0.5218215219144543,1.61989081198211,0.5700188033674265,0.3802314511206736
20260524-114851_diag_atenuacion_mixed_states_ear_eeg,diag_atenuacion_mixed_states_ear_eeg,0,160.512,164.512,98.18745337363629,1642.0,0.20137274666443808,0.7248557722844851,1.0,,0.0,0.5,4.0,8.0,17.0,49.5,1.572008212910414e-10,0.5228776507217702,2.6276371402945543e-11,0.08739984457986957,1.1453799326608456e-11,0.03809735620049793,2.4276577605901082e-11,0.08074817778869763,8.143794672717523e-11,0.2708769707091647,0.4718045316166929,2.294118366636876,0.6102774953016398,0.35162514849786236
20260524-114851_diag_atenuacion_mixed_states_ear_eeg,diag_atenuacion_mixed_states_ear_eeg,0,160.768,164.768,98.29989318407218,1642.0,0.2236706509751086,0.744159634728882,1.0,,0.0,0.5,4.0,10.5,17.0,49.5,1.2215097250620243e-10,0.4891717240359479,2.2459930238815694e-11,0.08994412873864527,9.678951979295818e-12,0.038760801731094474,2.2833786139528103e-11,0.09144129025721784,7.258615736077056e-11,0.29068205523709445,0.4238873010437965,2.320491958928981,0.5791158527745932,0.38212334549431226
20260524-114851_diag_atenuacion_mixed_states_ear_eeg,diag_atenuacion_mixed_states_ear_eeg,0,161.024,165.024,98.35400347723524,1642.0,0.2371202406427737,0.7550972592500165,1.0,,0.0,0.75,4.0,10.5,17.0,49.5,1.1855392578036108e-10,0.4675573442152053,2.2226428374683352e-11,0.08765740783235983,9.349804019234392e-12,0.036874101868755255,2.3819039439880487e-11,0.09393840607944338,7.961098542468007e-11,0.31397274000423625,0.3925348896975211,2.37720794242951,0.5552147520475651,0.4079111460836796
20260524-114851_diag_atenuacion_mixed_states_ear_eeg,diag_atenuacion_mixed_states_ear_eeg,0,161.28,165.28,98.09237483107441,1642.0,0.2457998655760973,0.747962031587059,1.0,,0.0,0.5,4.0,10.5,17.0,49.75,1.1297696458152768e-10,0.48130571108604286,2.4637680652018177e-11,0.10496171896327736,1.0575693255501154e-11,0.04505468509816128,1.9399836266508967e-11,0.08264739651831282,6.713998110858423e-11,0.28603048833420563,0.5451434285431866,2.3296515941593148,0.5862674300493202,0.36867788485251846
20260524-114851_diag_atenuacion_mixed_states_ear_eeg,diag_atenuacion_mixed_states_ear_eeg,0,161.536,165.536,98.14286015803697,1642.0,0.22460840607365815,0.7402312100205313,1.0,,0.0,0.5,4.0,10.5,17.0,49.5,1.0346495010533474e-10,0.48041632041702753,2.465308907169435e-11,0.11447109699157879,6.806762706310405e-12,0.03160567796136099,1.693550578588878e-11,0.07863622768652419,6.35048781252958e-11,0.29487067694350855,0.4019226111322889,3.621852286526604,0.5948874174086063,0.3735069046300327
20260524-114851_diag_atenuacion_mixed_states_ear_eeg,diag_atenuacion_mixed_states_ear_eeg,0,161.792,165.792,97.8234941105663,1642.0,0.2264028906050471,0.7199700600720217,1.0,,0.0,0.5,4.0,10.5,17.25,49.5,1.2370880541903631e-10,0.513505391236711,2.7629337967677102e-11,0.11468717974153296,8.123645533027733e-12,0.033720605122453555,1.7433646052519454e-11,0.07236567523675862,6.401499660295562e-11,0.2657211486625438,0.4659751327149222,3.401100879567732,0.628192570978244,0.33808682389930245
20260524-114851_diag_atenuacion_mixed_states_ear_eeg,diag_atenuacion_mixed_states_ear_eeg,0,162.048,166.048,98.01655982536828,1642.0,0.2046243499590255,0.7158177200700923,1.0,,0.0,0.5,4.0,10.5,17.5,49.5,1.2999958600871675e-10,0.5387579099327541,2.7625874129716824e-11,0.11449004310824187,8.225339810555715e-12,0.03408831536220841,1.7440899447191183e-11,0.07228040351517734,5.800329342340125e-11,0.24038332808161833,0.47161213419416775,3.358630131519196,0.6532479530409959,0.31266373159679567
20260524-114851_diag_atenuacion_mixed_states_ear_eeg,diag_atenuacion_mixed_states_ear_eeg,0,162.304,166.304,98.01288690779391,1642.0,0.22294755002874592,0.7134247287808225,1.0,,0.0,0.5,4.0,10.25,19.5,49.5,1.2799010746055029e-10,0.528559412555648,2.682434310109119e-11,0.11077621007603262,8.306319967133101e-12,0.03430252297960095,1.6495411982411157e-11,0.06812093090846096,6.253276880859646e-11,0.25824092348025746,0.5035533502279314,3.229389574111184,0.6393356226316806,0.3263618543887184
20260524-114851_diag_atenuacion_mixed_states_ear_eeg,diag_atenuacion_mixed_states_ear_eeg,0,162.56,166.56,98.05910972469616,1642.0,0.2605837345374773,0.726562249316859,0.75,high_50hz_ratio,0.25,0.5,4.0,10.25,17.0,49.5,1.1847701628646316e-10,0.4975394257046262,2.6443569585575502e-11,0.11104869819962544,8.179035269321966e-12,0.03434752695727104,1.582369016164408e-11,0.06645094519021809,6.920257413546766e-11,0.2906134039482592,0.5168854537576566,3.2330915217789062,0.6085881239042517,0.3570643491384773
20260524-114851_diag_atenuacion_mixed_states_ear_eeg,diag_atenuacion_mixed_states_ear_eeg,0,162.816,166.816,98.10309882975156,1642.0,0.28137485826755554,0.7316300806347154,0.75,high_50hz_ratio,0.25,0.5,4.0,9.75,13.75,49.5,1.1241230316855999e-10,0.4903229039044797,2.4878450093625073e-11,0.10851546984370165,7.740051692969449e-12,0.03376075852459718,1.5098649823153865e-11,0.065857682990666,6.91323281680154e-11,0.3015431847365555,0.5126320421777075,3.21424857100412,0.5988383737481814,0.36740086772722147
20260524-114851_diag_atenuacion_mixed_states_ear_eeg,diag_atenuacion_mixed_states_ear_eeg,0,163.072,167.072,98.20935800625111,1642.0,0.27633665853854517,0.7216446147852175,0.75,high_50hz_ratio,0.25,0.5,4.0,10.0,13.75,49.5,1.1864211533103285e-10,0.508009132193855,2.409659033553501e-11,0.103178267776418,7.822548645012246e-12,0.033495071607657356,1.5018275944733892e-11,0.06430618089069513,6.796374251650558e-11,0.2910113475313745,0.5208686185950123,3.0804014687590717,0.611187399970273,0.3553175284220696
20260524-114851_diag_atenuacion_mixed_states_ear_eeg,diag_atenuacion_mixed_states_ear_eeg,0,163.328,167.328,98.16470343254748,1642.0,0.29556289225653987,0.7190446814382209,0.75,high_50hz_ratio,0.25,0.5,4.0,10.25,13.75,49.5,1.1652877092287482e-10,0.48918020683728547,2.319279175797691e-11,0.09736183244230975,7.885164417074174e-12,0.03310140774627495,1.661813881806167e-11,0.06976186670372184,7.398749283064388e-11,0.31059468627040804,0.47449142791514454,2.94131999426116,0.5865420392795953,0.38035655297412985
20260524-114851_diag_atenuacion_mixed_states_ear_eeg,diag_atenuacion_mixed_states_ear_eeg,0,163.584,167.584,98.27478822159831,1642.0,0.3536401887664162,0.7487393690775942,0.75,high_50hz_ratio,0.25,0.5,4.0,8.0,13.75,49.5,1.0080597285697284e-10,0.4238878318643406,2.249136415583662e-11,0.09457589979530133,8.461998931759486e-12,0.03558259772475161,1.929591122796752e-11,0.08113906093515934,8.675760160306697e-11,0.36481460968044715,0.4385384463986678,2.65792566711658,0.5184637316596419,0.4459536706156065
20260524-114851_diag_atenuacion_mixed_states_ear_eeg,diag_atenuacion_mixed_states_ear_eeg,0,163.84,167.84,98.33527342718888,1642.0,0.41554987296460194,0.7890232680280417,0.75,high_50hz_ratio,49.75,0.5,7.0,10.0,13.75,49.75,8.109571877738335e-11,0.36327087267622465,2.338387990765334e-11,0.1047488398731393,8.772659149030838e-12,0.039297407961914194,2.1453926533378902e-11,0.09610355184724874,8.853141841625429e-11,0.3965793276414732,0.4089069259830817,2.6655406884509674,0.4680197125493639,0.4926828794887219
20260524-114851_diag_atenuacion_mixed_states_ear_eeg,diag_atenuacion_mixed_states_ear_eeg,0,164.096,168.096,72.28902406313146,1133.0,0.372433694854387,0.778077826663547,0.75,high_50hz_ratio,49.5,0.5,6.75,9.25,14.0,49.5,9.308914317571035e-11,0.4094606372893264,2.6304883002059147e-11,0.11570430009774463,8.42558731563701e-12,0.03706067360922692,2.1093929253295132e-11,0.09278346991213758,7.843222555955248e-11,0.3449909190915645,0.3994318561735401,3.1220236663193828,0.525164937387071,0.4377743890037021
20260524-114851_diag_atenuacion_mixed_states_ear_eeg,diag_atenuacion_mixed_states_ear_eeg,0,164.352,168.352,69.67561266325542,1133.0,0.32297860650565646,0.7370550103526132,0.75,high_50hz_ratio,1.0,1.0,6.25,9.75,28.75,49.5,8.206258792649174e-11,0.5018868955506717,1.551210787670262e-11,0.09487055992749302,4.6871799171341095e-12,0.028666341592896213,1.3665860320920861e-11,0.08357908743555383,4.75803942845135e-11,0.2909971154933853,0.3429846205846679,3.3094756657404387,0.5967574554781647,0.3745762029289391
20260524-114851_diag_atenuacion_mixed_states_ear_eeg,diag_atenuacion_mixed_states_ear_eeg,0,164.608,168.608,69.38892562938268,1133.0,0.3037553135664914,0.7359508909989375,0.75,high_50hz_ratio,0.0,1.5,6.25,9.5,20.25,49.5,8.171035645810122e-11,0.5061262908051276,1.4499199315533752e-11,0.08981023076283215,4.320302386335895e-12,0.026760605591948,1.3118959657173492e-11,0.08126081782438506,4.779380617324211e-11,0.2960420550157071,0.32931745345931746,3.356061224184521,0.5959365215679597,0.3773028728400921
20260524-114851_diag_atenuacion_mixed_states_ear_eeg,diag_atenuacion_mixed_states_ear_eeg,0,164.864,168.864,69.5506506080281,1133.0,0.2966350336311935,0.7495404724853492,0.75,high_50hz_ratio,1.5,1.5,6.25,9.75,20.25,49.75,8.976248784827152e-11,0.4900948829589918,1.7037230933137095e-11,0.0930217053947433,6.397622020038298e-12,0.03493042461597631,1.4257942504665957e-11,0.07784704758709352,5.569800184210672e-11,0.30410593944319514,0.4487058366201614,2.663056817013254,0.583116588353735,0.3819529870302887
20260524-114851_diag_atenuacion_mixed_states_ear_eeg,diag_atenuacion_mixed_states_ear_eeg,0,165.12,169.12,69.99012787529396,1133.0,0.27711430370000467,0.7423730487791825,0.75,high_50hz_ratio,1.0,1.0,6.25,9.5,20.75,49.75,1.0388848600442532e-10,0.5021277662984106,2.1287580761528645e-11,0.10288999088145415,7.749642061254646e-12,0.037456609557908555,1.6373292859737874e-11,0.07913759538530271,5.759751544906309e-11,0.278388037876924,0.47330992779779263,2.7469114822681555,0.6050177571798647,0.35752563326222675
20260524-114851_diag_atenuacion_mixed_states_ear_eeg,diag_atenuacion_mixed_states_ear_eeg,0,165.376,169.376,69.78722662493473,1133.0,0.265203609198147,0.7408149192934075,0.75,high_50hz_ratio,1.0,1.0,4.0,9.5,20.75,49.75,1.0326084500091519e-10,0.5127589724784611,2.2237304148432675e-11,0.11042304782359956,7.46112850139238e-12,0.03704947973135229,1.5375454914709655e-11,0.07634938938748326,5.3048081862537024e-11,0.2634191105791038,0.4852622925812972,2.980421010612911,0.6231820203020607,0.33976849996658703
20260524-114851_diag_atenuacion_mixed_states_ear_eeg,diag_atenuacion_mixed_states_ear_eeg,0,165.632,169.632,69.62957704883752,1133.0,0.25394700310684165,0.7381727096597043,0.75,high_50hz_ratio,1.0,1.0,4.0,9.5,20.75,49.75,1.0421911137027922e-10,0.5233749028013535,2.3756917029159068e-11,0.1193041657860629,6.7639369492045614e-12,0.03396761684876508,1.52952251415338e-11,0.07681064313946877,4.9093791072463373e-11,0.24654267142434982,0.4422253929977965,3.51229131903024,0.6426790685874164,0.3233533145638186
20260524-114851_diag_atenuacion_mixed_states_ear_eeg,diag_atenuacion_mixed_states_ear_eeg,0,165.888,169.888,69.76908341092063,1054.0,0.220884699359567,0.7398023335440698,1.0,,1.0,1.0,4.25,12.75,20.75,50.0,1.1031565111271178e-10,0.5371870505795916,2.5856311687628643e-11,0.1259084787538668,7.37804704949233e-12,0.03592773367674515,1.6696167139519787e-11,0.08130274073711222,4.511180956986926e-11,0.2196739962526842,0.4419006462883635,3.5044926542461887,0.6630955293334584,0.30097673698979643
20260524-114851_diag_atenuacion_mixed_states_ear_eeg,diag_atenuacion_mixed_states_ear_eeg,0,166.144,170.144,70.2346709254055,1054.0,0.1985469044897998,0.7468755770425968,1.0,,1.0,1.0,4.0,11.5,20.75,50.0,1.127745155291137e-10,0.5102081719084326,2.398688925877728e-11,0.10852014624998634,8.843685934977106e-12,0.04001011055243367,1.8760890548893595e-11,0.08487697442472372,5.66702971306027e-11,0.2563845968644236,0.47138945307149366,2.7123180803954425,0.6187283181584189,0.34126157128914736
20260524-114851_diag_atenuacion_mixed_states_ear_eeg,diag_atenuacion_mixed_states_ear_eeg,0,166.4,170.4,70.35227075226499,1054.0,0.20167937018921664,0.7646305281623089,1.0,,1.0,1.0,4.0,8.25,20.75,49.75,9.985834075201253e-11,0.46815972477244155,2.838661725043954e-11,0.1330832339002046,9.182561366683927e-12,0.04305003838195822,1.887476839043206e-11,0.08848941719102384,5.6997437671855336e-11,0.26721758575437177,0.4864992871297283,3.091361562083491,0.6012429586726462,0.3557070029453956
20260524-114851_diag_atenuacion_mixed_states_ear_eeg,diag_atenuacion_mixed_states_ear_eeg,0,166.656,170.656,70.67735846789975,1054.0,0.2138958738030828,0.7663453646450074,1.0,,0.75,0.75,4.75,12.25,20.75,49.75,9.45203554367101e-11,0.4510533569161803,2.768698028267323e-11,0.13212292041933657,8.98442498311352e-12,0.042873887110046194,1.8490270243436882e-11,0.08823600403379792,5.987267912858834e-11,0.28571383152063895,0.48590014449910696,3.081664139297917,0.5831762773355169,0.37394983555443684
20260524-114851_diag_atenuacion_mixed_states_ear_eeg,diag_atenuacion_mixed_states_ear_eeg,0,166.912,170.912,70.45664624433951,1054.0,0.21580779240613182,0.771009678789937,1.0,,0.75,0.75,4.75,8.5,20.75,49.75,9.736866781915369e-11,0.44962250201403603,3.0142463796385104e-11,0.13918984712998375,9.345652763881309e-12,0.043155728354579724,2.0306808728047628e-11,0.09377141900702037,5.939289012680352e-11,0.27426050349438014,0.4602226223253462,3.2252925031495336,0.5888123491440198,0.3680319225014005
20260524-114851_diag_atenuacion_mixed_states_ear_eeg,diag_atenuacion_mixed_states_ear_eeg,0,167.168,171.168,70.13591091587818,1054.0,0.21084738647504594,0.7715455813851266,1.0,,0.75,0.75,4.75,8.25,20.75,49.5,9.844581463162237e-11,0.4516889950377023,3.113569807122498e-11,0.1428567809024099,9.580403968918212e-12,0.04395680057063455,2.0429214449607107e-11,0.09373330271766243,5.835930759455205e-11,0.26776412077159073,0.46895606253242206,3.249935824443186,0.5945457759401123,0.3614974234892532
20260524-114851_diag_atenuacion_mixed_states_ear_eeg,diag_atenuacion_mixed_states_ear_eeg,0,167.424,171.424,70.14016680904031,1054.0,0.2283822663884426,0.7812031994424612,1.0,,0.25,0.75,4.75,12.25,20.75,49.5,9.206636880802301e-11,0.4222062659605993,3.2689474932293115e-11,0.14991034539610687,9.653109307068297e-12,0.044268100156586714,2.1557272495649017e-11,0.09885928643131141,6.209394132482337e-11,0.2847560020553957,0.4477889913492822,3.3864192243588187,0.5721166113567062,0.3836152884867071
20260524-114851_diag_atenuacion_mixed_states_ear_eeg,diag_atenuacion_mixed_states_ear_eeg,0,167.68,171.68,69.98321227265865,1054.0,0.2740481760791962,0.7941645158533701,0.75,high_50hz_ratio,0.25,0.75,4.75,8.0,20.75,49.5,7.92961992104277e-11,0.38347167135496535,3.5120154069290563e-11,0.1698389621860175,8.363180847387499e-12,0.04044384181492753,2.1759513125605238e-11,0.10522770257882502,6.224597791027212e-11,0.3010178220652646,0.3843459547606435,4.199377570588044,0.5533106335409829,0.40624552464408964
20260524-114851_diag_atenuacion_mixed_states_ear_eeg,diag_atenuacion_mixed_states_ear_eeg,0,167.936,171.936,70.97563666498526,1069.0,0.2691038204582674,0.7990614208825193,0.75,high_50hz_ratio,0.75,0.75,4.75,8.0,20.75,49.5,8.197366031542459e-11,0.3809960495149322,3.8631012920637426e-11,0.17954868984609315,9.297026989259917e-12,0.04321059400680717,2.2911833918127583e-11,0.10648930615467815,6.234266083492344e-11,0.28975536047748934,0.4057740215157642,4.155200685688514,0.5605447393610253,0.3962446666321675
20260524-114851_diag_atenuacion_mixed_states_ear_eeg,diag_atenuacion_mixed_states_ear_eeg,0,168.192,172.192,70.96300444597875,1069.0,0.23600040609241407,0.7798372138873454,1.0,,1.25,1.25,4.5,8.0,14.25,49.5,9.023299373084345e-11,0.41681618293527567,3.865987427827323e-11,0.1785828061683759,9.080208356723482e-12,0.04194449980010761,1.954338151964382e-11,0.09027737360642706,5.896504505283899e-11,0.27237913748981374,0.4646180778693088,4.257597706956509,0.5953989891036515,0.3626565110962408
20260524-114851_diag_atenuacion_mixed_states_ear_eeg,diag_atenuacion_mixed_states_ear_eeg,0,168.448,172.448,70.93230575696803,1069.0,0.2204945714060846,0.7686109159880693,1.0,,1.25,1.25,4.5,8.0,14.25,49.5,8.939614234675332e-11,0.4226538183682712,3.671705885546246e-11,0.17359367772626666,8.666695028525678e-12,0.04097505384775391,1.7391774910129742e-11,0.08222614400357058,5.933982706795304e-11,0.2805513060541377,0.498321480890246,4.236569849822964,0.5962474960945379,0.3627774500577083
20260524-114851_diag_atenuacion_mixed_states_ear_eeg,diag_atenuacion_mixed_states_ear_eeg,0,168.704,172.704,70.91639443739368,1069.0,0.24186402467717608,0.7786228214014517,1.0,,1.0,1.0,4.5,8.0,13.0,49.5,8.297334320270758e-11,0.39136418044601495,3.4604735213223634e-11,0.16322174464138847,9.585831927031966e-12,0.04521393391189388,1.751623392856075e-11,0.08261962542842505,6.733042631300861e-11,0.3175805155722777,0.5472541624031395,3.60998768564245,0.5545859250874035,0.4002001410007027
20260524-114851_diag_atenuacion_mixed_states_ear_eeg,diag_atenuacion_mixed_states_ear_eeg,0,168.96,172.96,71.1334520461365,1069.0,0.23246425299013435,0.7857449952921505,1.0,,1.0,1.0,4.0,8.0,14.0,49.5,8.776259634110406e-11,0.40063230939957917,3.451373794549491e-11,0.15755366312743666,1.007929523308153e-11,0.0460115299079679,1.920151994441232e-11,0.08765407588231353,6.750305681989953e-11,0.3081484216827028,0.5249217386051059,3.4242213515302566,0.5581859725270159,0.3958024975650163
20260524-114851_diag_atenuacion_mixed_states_ear_eeg,diag_atenuacion_mixed_states_ear_eeg,0,169.216,173.216,71.03092988269265,1069.0,0.2194693707479837,0.7594824782240666,1.0,,1.25,1.25,4.5,8.0,18.25,49.75,9.911664018210486e-11,0.4388788924493925,3.581041931121574e-11,0.15856507178390258,1.0867673265145438e-11,0.048121005689315474,1.5898263214517447e-11,0.07039597123789595,6.414753062179706e-11,0.28403905883949343,0.6835761314620616,3.2951321260334656,0.597443964233295,0.3544350300773894
20260524-114851_diag_atenuacion_mixed_states_ear_eeg,diag_atenuacion_mixed_states_ear_eeg,0,169.472,173.472,71.02995142895706,1069.0,0.20525820211881862,0.7219393812762875,1.0,,1.25,1.25,4.5,8.5,18.25,49.75,1.2116176017516054e-10,0.4919974242819605,3.4688542287017246e-11,0.14085857974195395,9.775138262583561e-12,0.039693570316561955,1.494950903318896e-11,0.06070496110303908,6.56900796819671e-11,0.2667454645564845,0.65387687588148,3.548649784299735,0.6328560040239145,0.3274504256595236
20260524-114851_diag_atenuacion_mixed_states_ear_eeg,diag_atenuacion_mixed_states_ear_eeg,0,169.728,173.728,104.03693094281473,1917.0,0.17851780777213647,0.7160553600116668,1.0,,1.25,1.25,4.5,8.75,18.25,49.5,1.6497282065114507e-10,0.5185713447348087,4.7683372362938546e-11,0.1498866930330807,1.3331647409758764e-11,0.04190635946892229,2.0495336909332284e-11,0.06442451780793765,7.164628031263918e-11,0.2252110849552506,0.6504722254011045,3.5767051810891974,0.6684580377678894,0.2896356027631882
20260524-114851_diag_atenuacion_mixed_states_ear_eeg,diag_atenuacion_mixed_states_ear_eeg,0,169.984,173.984,104.2155650562813,1917.0,0.11496997661588611,0.7367872751867759,1.0,,1.25,1.25,4.75,8.0,14.25,49.5,1.7198670519810585e-10,0.5174410687290314,7.095155666600684e-11,0.2134656237931776,1.5591773469505128e-11,0.046909578959307516,2.1451526650328628e-11,0.06453929600564026,5.2397747645553056e-11,0.1576444325128432,0.7268374751904322,4.550576418056361,0.730906692522209,0.22218372851848348
20260524-114851_diag_atenuacion_mixed_states_ear_eeg,diag_atenuacion_mixed_states_ear_eeg,0,170.24,174.24,104.03287461182643,1917.0,0.09678769665564083,0.744976976311783,1.0,,1.25,1.25,4.75,8.0,18.25,50.0,1.608899920384603e-10,0.5086261219934742,7.230037932932505e-11,0.22856525189050328,1.6783305597356593e-11,0.05305754280958784,1.769624842653097e-11,0.05594365502155011,4.865278215602272e-11,0.1538074282848846,0.9484103744946498,4.307874805110652,0.7371913738839775,0.20975108330643472
20260524-114851_diag_atenuacion_mixed_states_ear_eeg,diag_atenuacion_mixed_states_ear_eeg,0,170.496,174.496,103.95785684593541,1917.0,0.10954784015090746,0.7329579794810499,1.0,,1.25,1.25,4.25,8.0,14.25,50.0,1.5451985367096863e-10,0.5307353051798337,5.533941391851515e-11,0.19007642084011664,1.2519264478494552e-11,0.043000400891974294,1.5626365348522532e-11,0.05367248017047449,5.313807378382528e-11,0.18251539291760085,0.8011629191607403,4.420340668860903,0.7208117260199504,0.23618787308807535
20260524-114851_diag_atenuacion_mixed_states_ear_eeg,diag_atenuacion_mixed_states_ear_eeg,0,170.752,174.752,103.9299764264382,1917.0,0.10791663261493684,0.7371079648048391,1.0,,1.25,1.25,4.25,8.0,14.25,49.75,1.5019755741135897e-10,0.5279591766665146,5.446850792564167e-11,0.1914621588679743,1.3282555194824874e-11,0.04668948700331482,1.6170658593868317e-11,0.056841454312015025,5.0367787392767765e-11,0.17704772315018116,0.8213985297952818,4.10075524827208,0.719421335534489,0.23388917746219617
20260524-114851_diag_atenuacion_mixed_states_ear_eeg,diag_atenuacion_mixed_states_ear_eeg,0,171.008,175.008,103.91351211464273,1917.0,0.0984627158989354,0.7356073954032227,1.0,,1.25,1.25,4.25,8.0,13.75,49.25,1.5701338005268688e-10,0.5293329480031331,5.774347392724247e-11,0.19466827140204768,1.3311980674411003e-11,0.04487814969515479,1.644766931783229e-11,0.05544937179791552,5.210848535639172e-11,0.17567125910174886,0.8093536182648307,4.337707163160178,0.7240012194051808,0.2311206308996644
20260524-114851_diag_atenuacion_mixed_states_ear_eeg,diag_atenuacion_mixed_states_ear_eeg,0,171.264,175.264,103.6638413334177,1917.0,0.07532524546485903,0.7283312602818024,1.0,,1.25,1.25,4.75,8.0,14.5,49.0,2.1205750628766013e-10,0.5576912491212982,7.568830466790086e-11,0.19905310551400796,1.5366752875467743e-11,0.040413111311573505,2.0539008249559464e-11,0.05401565531413595,5.65901954238854e-11,0.14882687873898442,0.7481740446643689,4.925458571584988,0.7567443546353061,0.20284253405312036
20260524-114851_diag_atenuacion_mixed_states_ear_eeg,diag_atenuacion_mixed_states_ear_eeg,0,171.52,175.52,103.40889710271549,1917.0,0.09731908081917039,0.7350076816097835,1.0,,1.25,1.25,4.75,8.5,18.5,49.5,2.092146504485679e-10,0.5148976408910342,8.591702547975656e-11,0.2114501715680607,1.4437201573788155e-11,0.035531359852063994,2.0717231419941517e-11,0.050987125237407185,7.603668969578451e-11,0.18713370245143388,0.6968692525146736,5.951085814008824,0.7263478124590949,0.23812082768884107
20260524-114851_diag_atenuacion_mixed_states_ear_eeg,diag_atenuacion_mixed_states_ear_eeg,0,171.776,175.776,103.07976523062128,1917.0,0.09243937549054808,0.7358790402284686,1.0,,0.75,0.75,4.5,8.0,18.25,49.5,2.1070242436454378e-10,0.5213446978007364,8.618510217179429e-11,0.213249307321405,1.5718329823343315e-11,0.03889213869464234,2.2984378630023566e-11,0.05687065047849425,6.856161551031971e-11,0.16964320570472194,0.6838701222408118,5.483095414106953,0.7345940051221415,0.22651385618321618
20260524-114851_diag_atenuacion_mixed_states_ear_eeg,diag_atenuacion_mixed_states_ear_eeg,0,172.032,176.032,102.96713553362548,1917.0,0.08934673526492289,0.7423787708439804,1.0,,0.75,0.75,4.5,8.0,18.25,49.5,1.9219986438952986e-10,0.5084382668926578,8.046283167917928e-11,0.2128533379468199,1.663246305588141e-11,0.04399888999479012,2.1714842356352247e-11,0.05744362436767909,6.701005897628354e-11,0.1772658807980532,0.7659490583875186,4.837697904924959,0.7212916048394777,0.23470950516573227
20260524-114851_diag_atenuacion_mixed_states_ear_eeg,diag_atenuacion_mixed_states_ear_eeg,0,172.288,176.288,102.8757308601013,1917.0,0.10921008890663164,0.7473525967470573,1.0,,1.5,1.5,4.5,8.0,18.25,49.25,1.8232305925631911e-10,0.48563856455868787,7.356812382733687e-11,0.1959572102317354,1.7022314234938333e-11,0.045340903582034735,2.0582060649479335e-11,0.054822700048165016,8.193397453209081e-11,0.218240621579377,0.8270461604809695,4.321863808408503,0.6815957747904233,0.273063321627542
20260524-114851_diag_atenuacion_mixed_states_ear_eeg,diag_atenuacion_mixed_states_ear_eeg,0,172.544,176.544,102.86626269093284,1917.0,0.12568647348435416,0.7682195780224833,1.0,,1.0,1.0,4.5,8.5,14.5,49.25,1.5289320482875333e-10,0.44461492005214803,6.524542797264238e-11,0.18973433629255104,2.231837906030861e-11,0.06490206240824704,2.1209320678147345e-11,0.06167690989430706,8.221147707306185e-11,0.2390717713527468,1.052291084612812,2.923394561779622,0.6343492563446991,0.30074868124705384
20260524-114851_diag_atenuacion_mixed_states_ear_eeg,diag_atenuacion_mixed_states_ear_eeg,0,172.8,176.8,102.54745730636132,1917.0,0.10856392881453733,0.7798616205235303,1.0,,0.0,1.5,4.5,8.0,19.5,49.25,1.3830136122631432e-10,0.44338393411062843,6.667047264852488e-11,0.21374060377862406,1.9502050216427085e-11,0.06252213045128904,2.309438295550298e-11,0.07403888349234895,6.435408869606837e-11,0.2063144481671095,0.8444499363331157,3.418639164018079,0.6571245378892525,0.28035333165945847
20260524-114851_diag_atenuacion_mixed_states_ear_eeg,diag_atenuacion_mixed_states_ear_eeg,0,173.056,177.056,101.88367386387281,1917.0,0.0947654156438019,0.7804263389009194,1.0,,0.0,0.75,4.5,8.0,14.5,49.25,1.2800344762105072e-10,0.455623404716835,6.309075696184044e-11,0.22456915049832424,1.6873631060013237e-11,0.06006104817003882,2.1612124018452466e-11,0.07692753368332259,5.136137543226825e-11,0.1828188629314793,0.7807483913014058,3.739014841408471,0.6801925552151592,0.2597463966148019
20260524-114851_diag_atenuacion_mixed_states_ear_eeg,diag_atenuacion_mixed_states_ear_eeg,0,173.312,177.312,102.2426623284038,1917.0,0.10969612784154967,0.7650499739569856,1.0,,0.0,0.5,4.5,8.5,14.5,49.25,1.5564206923327774e-10,0.48687276753156317,5.848898031918709e-11,0.1829626903470464,1.748224125263712e-11,0.05468718851693364,2.3179341444615436e-11,0.07250861013537628,6.488445715164805e-11,0.20296874346908048,0.7542164773925554,3.3456225362617213,0.6698354578786095,0.27547735360445674
20260524-114851_diag_atenuacion_mixed_states_ear_eeg,diag_atenuacion_mixed_states_ear_eeg,0,173.568,177.568,102.33679201538418,1917.0,0.158324446931644,0.7211899169244738,1.0,,0.0,0.5,4.0,9.0,15.25,49.25,1.8322459401361396e-10,0.5172077991394415,4.1976309032106604e-11,0.1184910493450447,1.2780955592754923e-11,0.036078180162519784,2.3683029394470404e-11,0.06685263829351755,9.259232602777215e-11,0.26137033305947655,0.5396672604620026,3.2842856488681886,0.6356988484844862,0.3282229713529941
20260524-114851_diag_atenuacion_mixed_states_ear_eeg,diag_atenuacion_mixed_states_ear_eeg,0,173.824,177.824,68.51412263176111,1090.0,0.16328354369763504,0.6884949183250869,1.0,,0.25,0.5,5.0,9.75,25.5,49.5,1.5893529814728536e-10,0.5534565007240076,3.002939531101979e-11,0.10457062868622938,1.3020064678113807e-11,0.045339452720384886,2.2141093706130056e-11,0.07710138897805562,6.304269336267153e-11,0.2195320288913225,0.5880497526871957,2.3063937125825476,0.658027129410237,0.29663341786937814
20260524-114851_diag_atenuacion_mixed_states_ear_eeg,diag_atenuacion_mixed_states_ear_eeg,0,174.08,178.08,68.036637189091,1090.0,0.13492519221916832,0.6833316405599917,1.0,,0.25,0.5,5.0,9.0,20.25,49.5,1.690173578410979e-10,0.5859975399086105,3.1059718386370325e-11,0.10768668258190905,9.998837598468778e-12,0.03466681948819158,2.1231338413845505e-11,0.07361085416550864,5.7119483932961637e-11,0.19803810385578025,0.470947116171832,3.106332919251215,0.6936842224905195,0.27164895802128886
20260524-114851_diag_atenuacion_mixed_states_ear_eeg,diag_atenuacion_mixed_states_ear_eeg,0,174.336,178.336,67.66767322732473,1090.0,0.15559969471325083,0.6644506066960432,1.0,,0.25,0.75,4.25,8.0,19.75,49.25,2.1060668882270333e-10,0.5800325955703752,4.048783576005082e-11,0.11150768570650324,1.1166196130009756e-11,0.03075285861119927,1.9837536340657147e-11,0.05463462607818475,8.099631802921408e-11,0.22307223403373758,0.5628822016131394,3.6259291247121817,0.6915402812768785,0.2777068601119223
20260524-114851_diag_atenuacion_mixed_states_ear_eeg,diag_atenuacion_mixed_states_ear_eeg,0,174.592,178.592,104.82894161442249,2036.0,0.1604092054058753,0.6317318540869628,1.0,,0.75,0.75,4.0,8.0,19.75,49.25,3.021139389485072e-10,0.6311943185038381,4.571234459173137e-11,0.09550493529763388,1.2489785369617096e-11,0.026094398663208795,2.2743258821516116e-11,0.04751656213667794,9.557923109569117e-11,0.19968978539864132,0.5491642806175698,3.659978393458397,0.726699253801472,0.24720634753531925
20260524-114851_diag_atenuacion_mixed_states_ear_eeg,diag_atenuacion_mixed_states_ear_eeg,0,174.848,178.848,105.42048188089447,2036.0,0.1430877775435699,0.606875761152133,1.0,,0.25,0.75,4.0,9.25,19.5,49.25,3.225663385599837e-10,0.690715902921611,3.285874813543211e-11,0.07036090618928076,9.370696693412698e-12,0.020065606524505643,2.1871738000659534e-11,0.04683426463230034,8.033539137910887e-11,0.17202331973230242,0.4284385947349098,3.506542705467222,0.7610768091108917,0.21885758436460276
20260524-114851_diag_atenuacion_mixed_states_ear_eeg,diag_atenuacion_mixed_states_ear_eeg,0,175.104,179.104,105.58967752578847,2036.0,0.12424592568313753,0.6020134554006519,1.0,,0.0,0.5,4.0,8.0,19.25,49.5,3.151971728809685e-10,0.7161143209147438,2.6446822141438192e-11,0.06008603410069656,1.0202849333488413e-11,0.02318043164874992,1.650147570920566e-11,0.03749063788732496,7.180091822738957e-11,0.16312857544848466,0.618299206282294,2.592101605836011,0.7762003550154404,0.20061921333580962
20260524-114851_diag_atenuacion_mixed_states_ear_eeg,diag_atenuacion_mixed_states_ear_eeg,0,175.36,179.36,105.6657891656519,2036.0,0.1418209564581574,0.6158263886705017,1.0,,0.0,0.75,4.0,8.0,22.0,49.25,3.5154451418174256e-10,0.7079034925042266,3.0839349027137003e-11,0.06210104837983819,7.820705618646149e-12,0.015748517180458294,1.8763001108285676e-11,0.03778296482689339,8.763192124362174e-11,0.17646397710858358,0.41681528309416094,3.9432949571212266,0.7700045408840648,0.21424694193547697
20260524-114851_diag_atenuacion_mixed_states_ear_eeg,diag_atenuacion_mixed_states_ear_eeg,0,175.616,179.616,105.65329147736004,2036.0,0.12584095570915874,0.6156640288116921,1.0,,0.75,0.75,4.0,11.5,22.0,49.25,4.3637664661283205e-10,0.7190287380293442,3.7275776844639026e-11,0.061420231792202656,1.3016958198597154e-11,0.021448368282691716,2.071504496168513e-11,0.03413269878815644,9.951293858188786e-11,0.16396996310760503,0.6283818462703569,2.863631908156259,0.7804489698215469,0.19810266189576148
20260524-114851_diag_atenuacion_mixed_states_ear_eeg,diag_atenuacion_mixed_states_ear_eeg,0,175.872,179.872,105.76310793466689,2036.0,0.10915668663396641,0.6132547340715193,1.0,,0.25,0.5,4.0,11.5,22.5,49.5,4.853835242033698e-10,0.74327113803674,4.556553846950808e-11,0.06977482329890133,1.2019320888647495e-11,0.018405268967454095,2.1697992215909657e-11,0.03322628511938175,8.837058390520669e-11,0.13532248457752286,0.5539370080442073,3.7910243758069306,0.8130459613356413,0.1685487696969046
20260524-114851_diag_atenuacion_mixed_states_ear_eeg,diag_atenuacion_mixed_states_ear_eeg,0,176.128,180.128,106.01258887509539,2036.0,0.10526968576253566,0.6217567093403759,1.0,,0.25,0.5,4.0,11.25,22.5,49.25,4.674191412586227e-10,0.7340829504012594,4.9766153802255556e-11,0.07815787114518105,1.1281295156990877e-11,0.017717302742228103,2.0474619082267227e-11,0.032155441353516424,8.779765107405604e-11,0.13788643435781503,0.5509892570729896,4.411386557102542,0.8122408215464404,0.17004187571133145
20260524-114851_diag_atenuacion_mixed_states_ear_eeg,diag_atenuacion_mixed_states_ear_eeg,0,176.384,180.384,106.15908816488582,2036.0,0.11154679755339302,0.6248543355120061,1.0,,0.5,0.5,4.0,8.0,22.75,50.0,4.748171387651752e-10,0.721983378364308,5.620852359749903e-11,0.08546789162946004,1.0124465972706396e-11,0.01539476053058842,1.9214923597558266e-11,0.0292172592801839,9.729155484504371e-11,0.14793671019545954,0.5269063871788155,5.55175193921599,0.807451269993768,0.17715396947564344
20260524-114851_diag_atenuacion_mixed_states_ear_eeg,diag_atenuacion_mixed_states_ear_eeg,0,176.64,180.64,106.17778957955379,2036.0,0.11776796725063024,0.6261056212210572,1.0,,0.25,0.5,4.0,8.0,18.0,49.5,4.705663243418327e-10,0.7176777731477781,5.147462991659381e-11,0.07850582555778299,9.65050457328807e-12,0.01471833463985541,1.8934552010934032e-11,0.028877772207274558,1.050531002407284e-10,0.16022029444730887,0.5096769423282498,5.333879645948464,0.7961835987055611,0.18909806665458342
20260524-114851_diag_atenuacion_mixed_states_ear_eeg,diag_atenuacion_mixed_states_ear_eeg,0,176.896,180.896,106.28137183909512,2036.0,0.12930707330608848,0.6433661435503639,1.0,,0.25,0.5,4.0,8.0,13.25,49.5,5.003713144017282e-10,0.6820560306458344,7.026656504289555e-11,0.09578033964152673,8.520508619665692e-12,0.011614303460144011,2.4233486881515796e-11,0.03303266073691109,1.3023013251292203e-10,0.17751666551558382,0.3516006037977452,8.24675711033463,0.7778363702873612,0.2105493262524949
20260524-114851_diag_atenuacion_mixed_states_ear_eeg,diag_atenuacion_mixed_states_ear_eeg,0,177.152,181.152,106.38287456165114,2036.0,0.13050916182732314,0.6446593950525596,1.0,,0.5,0.5,4.25,8.0,13.75,50.0,5.013774974235595e-10,0.6752128472356317,7.410400216833039e-11,0.09979700834751229,8.404229802312998e-12,0.011318106542082039,2.4735263543707832e-11,0.03331136281603269,1.33926337842648e-10,0.18036067505874126,0.33976714205864483,8.817465004102532,0.775009855583144,0.21367203787477396
20260524-114851_diag_atenuacion_mixed_states_ear_eeg,diag_atenuacion_mixed_states_ear_eeg,0,177.408,181.408,105.83245721422138,2036.0,0.12582041017523254,0.6353711638147488,1.0,,0.5,0.5,4.25,8.0,13.25,50.0,4.785541713524379e-10,0.6985525233126079,6.066752540056258e-11,0.08855727415754525,9.401606183719563e-12,0.013723662055370489,2.2704854075641564e-11,0.03314260757807344,1.1373725379323513e-10,0.166023932896403,0.41407912829556054,6.452889454742153,0.7871097974701531,0.19916654047447643
20260524-114851_diag_atenuacion_mixed_states_ear_eeg,diag_atenuacion_mixed_states_ear_eeg,0,177.664,181.664,105.64988878366128,2036.0,0.13530846994828377,0.6381068216978274,1.0,,0.5,0.5,4.75,8.25,22.5,49.5,4.6318956438226375e-10,0.6999542455260496,5.245311083565932e-11,0.07926512262734829,9.32829135716257e-12,0.01409655493352457,2.5463568178317354e-11,0.03847956435811647,1.1130809677268244e-10,0.1682045125549611,0.36633873508370923,5.623013778979372,0.7792193681533979,0.20668407691307758
20260524-114851_diag_atenuacion_mixed_states_ear_eeg,diag_atenuacion_mixed_states_ear_eeg,0,177.92,181.92,105.65051348668402,2036.0,0.10920288082359375,0.6556110451472873,1.0,,0.25,0.5,4.25,8.25,22.25,49.5,4.4223681849129935e-10,0.6923655091606775,5.681313590573283e-11,0.08894658726648146,1.4633427200665202e-11,0.022910078607020375,2.573820973086572e-11,0.040295714739422464,9.931158159826636e-11,0.15548211022639818,0.5685487589727942,3.882421740762836,0.7813120964271589,0.19577782496582063
20260524-114851_diag_atenuacion_mixed_states_ear_eeg,diag_atenuacion_mixed_states_ear_eeg,0,178.176,182.176,105.8588258011584,2036.0,0.1168737666755375,0.6961666977357726,1.0,,0.25,1.0,4.25,8.0,22.25,49.25,3.739114479304259e-10,0.6244595863608831,6.817356316388454e-11,0.11385485865623517,1.7889268979711473e-11,0.029876393379236216,3.0672563545680305e-11,0.05122543439196167,1.0812921186443565e-10,0.1805837272116839,0.5832335778869342,3.8108635540782214,0.7383144450171182,0.23180916160364556
20260524-114851_diag_atenuacion_mixed_states_ear_eeg,diag_atenuacion_mixed_states_ear_eeg,0,178.432,182.432,97.13902923130331,1670.0,0.12299773752718023,0.6998652120381242,1.0,,1.25,1.25,4.25,8.0,13.5,49.25,2.6444378477628427e-10,0.6220782176456455,4.334155060735161e-11,0.10195677154836204,1.1878888505171089e-11,0.027943926892287044,2.4586873836632366e-11,0.0578382232227917,8.084622488636031e-11,0.19018286069091375,0.4831394419681183,3.6486200361662013,0.7240349891940075,0.24802108391370545
20260524-114851_diag_atenuacion_mixed_states_ear_eeg,diag_atenuacion_mixed_states_ear_eeg,0,178.688,182.688,68.62948346009898,1031.0,0.13292797958649566,0.7164187478961888,1.0,,0.75,0.75,4.25,8.0,13.5,49.75,1.7200966835284697e-10,0.5870068929122982,3.478071123099145e-11,0.11869400963615223,9.225958092211232e-12,0.03148486387834114,1.9367489685243442e-11,0.06609424954139545,5.7644534706928935e-11,0.19671998403181293,0.4763631344149217,3.769875267518734,0.7057009025484504,0.2628142335732084
20260524-114851_diag_atenuacion_mixed_states_ear_eeg,diag_atenuacion_mixed_states_ear_eeg,0,178.944,182.944,68.43142552950361,1031.0,0.13708654999880282,0.7246048471321169,1.0,,0.75,0.75,4.25,10.5,17.0,49.75,1.4475774753099308e-10,0.5750894330002136,3.1400924583740744e-11,0.12474869374904847,6.229089827933737e-12,0.02474674964451787,1.777821603133688e-11,0.0706287874162164,5.154747601140258e-11,0.20478633619000364,0.3503776653942102,5.041013286231065,0.6998381267492622,0.27541512360622
20260524-114851_diag_atenuacion_mixed_states_ear_eeg,diag_atenuacion_mixed_states_ear_eeg,0,179.2,183.2,68.45191012674519,1031.0,0.1327402212834381,0.7159282137279542,1.0,,0.75,0.75,4.25,8.25,17.5,49.75,1.4130325797628256e-10,0.5896024458238115,2.8483740663695284e-11,0.11885135135627761,5.9973775525159484e-12,0.025024677591550994,1.6732103624914838e-11,0.06981643142780981,4.714205446639864e-11,0.19670509380055,0.3584353579776776,4.749365937741593,0.708453797180089,0.2665215252283598
20260524-114851_diag_atenuacion_mixed_states_ear_eeg,diag_atenuacion_mixed_states_ear_eeg,0,179.456,183.456,2024.4556418948773,50185.0,0.3530902761909655,0.4534705726948883,0.15000000000000002,high_rms;possible_artifact_window;high_50hz_ratio,0.0,0.5,4.25,11.25,13.75,49.75,7.725985929459175e-09,0.3681675718063133,1.7691428660764833e-09,0.08430523160782342,1.2742227766316314e-09,0.060720730000812385,1.2679748313895612e-09,0.06042299572462366,8.947644900552692e-09,0.42638347086042716,1.0049274994167061,1.3884093884690698,0.45247280341413676,0.48680646658505083
