t_capture_sec,timestamp_unix,block_idx,sample_idx,sample_in_block,status,ch1_uV,ch2_uV,ch3_uV,ch4_uV
0.04403725300107908,1779567055.6165676,3726,31276,0,12582912,7,0,0,0
0.04403725300107908,1779567055.6165676,3726,31277,1,12582912,13,0,0,0
0.04403725300107908,1779567055.6165676,3726,31278,2,12582912,11,0,0,0
0.04403725300107908,1779567055.6165676,3726,31279,3,12582912,-2,0,0,0
0.04403725300107908,1779567055.6165676,3726,31280,4,12582912,-13,0,0,0
0.04403725300107908,1779567055.6165676,3726,31281,5,12582912,-12,0,0,0
0.04403725300107908,1779567055.6165676,3726,31282,6,12582912,-6,0,0,0
0.04403725300107908,1779567055.6165676,3726,31283,7,12582912,-10,0,0,0
0.08676942599959148,1779567055.6592994,3727,31284,0,12582912,-25,0,0,0
0.08676942599959148,1779567055.6592994,3727,31285,1,12582912,-41,0,0,0
0.08676942599959148,1779567055.6592994,3727,31286,2,12582912,-42,0,0,0
0.08676942599959148,1779567055.6592994,3727,31287,3,12582912,-13,0,0,0
0.08676942599959148,1779567055.6592994,3727,31288,4,12582912,28,0,0,0
0.08676942599959148,1779567055.6592994,3727,31289,5,12582912,43,0,0,0
0.08676942599959148,1779567055.6592994,3727,31290,6,12582912,30,0,0,0
0.08676942599959148,1779567055.6592994,3727,31291,7,12582912,16,0,0,0
0.10862042500048119,1779567055.6811514,3728,31292,0,12582912,16,0,0,0
0.10862042500048119,1779567055.6811514,3728,31293,1,12582912,17,0,0,0
0.10862042500048119,1779567055.6811514,3728,31294,2,12582912,7,0,0,0
0.10862042500048119,1779567055.6811514,3728,31295,3,12582912,-8,0,0,0
0.10862042500048119,1779567055.6811514,3728,31296,4,12582912,-12,0,0,0
0.10862042500048119,1779567055.6811514,3728,31297,5,12582912,4,0,0,0
0.10862042500048119,1779567055.6811514,3728,31298,6,12582912,18,0,0,0
0.10862042500048119,1779567055.6811514,3728,31299,7,12582912,8,0,0,0
0.15147884600082762,1779567055.7240098,3729,31300,0,12582912,-12,0,0,0
0.15147884600082762,1779567055.7240098,3729,31301,1,12582912,-13,0,0,0
0.15147884600082762,1779567055.7240098,3729,31302,2,12582912,4,0,0,0
0.15147884600082762,1779567055.7240098,3729,31303,3,12582912,15,0,0,0
0.15147884600082762,1779567055.7240098,3729,31304,4,12582912,12,0,0,0
0.15147884600082762,1779567055.7240098,3729,31305,5,12582912,7,0,0,0
0.15147884600082762,1779567055.7240098,3729,31306,6,12582912,2,0,0,0
0.15147884600082762,1779567055.7240098,3729,31307,7,12582912,-1,0,0,0
0.18820180799957598,1779567055.7607334,3730,31308,0,12582912,6,0,0,0
0.18820180799957598,1779567055.7607334,3730,31309,1,12582912,14,0,0,0
0.18820180799957598,1779567055.7607334,3730,31310,2,12582912,10,0,0,0
0.18820180799957598,1779567055.7607334,3730,31311,3,12582912,2,0,0,0
0.18820180799957598,1779567055.7607334,3730,31312,4,12582912,1,0,0,0
0.18820180799957598,1779567055.7607334,3730,31313,5,12582912,2,0,0,0
0.18820180799957598,1779567055.7607334,3730,31314,6,12582912,-5,0,0,0
0.18820180799957598,1779567055.7607334,3730,31315,7,12582912,-10,0,0,0
0.2101324930008559,1779567055.7826643,3731,31316,0,12582912,-5,0,0,0
0.2101324930008559,1779567055.7826643,3731,31317,1,12582912,6,0,0,0
0.2101324930008559,1779567055.7826643,3731,31318,2,12582912,10,0,0,0
0.2101324930008559,1779567055.7826643,3731,31319,3,12582912,4,0,0,0
0.2101324930008559,1779567055.7826643,3731,31320,4,12582912,-12,0,0,0
0.2101324930008559,1779567055.7826643,3731,31321,5,12582912,-29,0,0,0
0.2101324930008559,1779567055.7826643,3731,31322,6,12582912,-34,0,0,0
0.2101324930008559,1779567055.7826643,3731,31323,7,12582912,-27,0,0,0
0.2529470080007741,1779567055.8254778,3732,31324,0,12582912,-14,0,0,0
0.2529470080007741,1779567055.8254778,3732,31325,1,12582912,-3,0,0,0
0.2529470080007741,1779567055.8254778,3732,31326,2,12582912,0,0,0,0
0.2529470080007741,1779567055.8254778,3732,31327,3,12582912,0,0,0,0
0.2529470080007741,1779567055.8254778,3732,31328,4,12582912,-5,0,0,0
0.2529470080007741,1779567055.8254778,3732,31329,5,12582912,-19,0,0,0
0.2529470080007741,1779567055.8254778,3732,31330,6,12582912,-23,0,0,0
0.2529470080007741,1779567055.8254778,3732,31331,7,12582912,-11,0,0,0
0.27465816699987045,1779567055.8471894,3733,31332,0,12582912,-5,0,0,0
0.27465816699987045,1779567055.8471894,3733,31333,1,12582912,-5,0,0,0
0.27465816699987045,1779567055.8471894,3733,31334,2,12582912,6,0,0,0
0.27465816699987045,1779567055.8471894,3733,31335,3,12582912,14,0,0,0
0.27465816699987045,1779567055.8471894,3733,31336,4,12582912,5,0,0,0
0.27465816699987045,1779567055.8471894,3733,31337,5,12582912,-10,0,0,0
0.27465816699987045,1779567055.8471894,3733,31338,6,12582912,-17,0,0,0
0.27465816699987045,1779567055.8471894,3733,31339,7,12582912,-11,0,0,0
0.3096498070008238,1779567055.882181,3734,31340,0,12582912,-2,0,0,0
0.3096498070008238,1779567055.882181,3734,31341,1,12582912,3,0,0,0
0.3096498070008238,1779567055.882181,3734,31342,2,12582912,3,0,0,0
0.3096498070008238,1779567055.882181,3734,31343,3,12582912,-11,0,0,0
0.3096498070008238,1779567055.882181,3734,31344,4,12582912,-20,0,0,0
0.3096498070008238,1779567055.882181,3734,31345,5,12582912,-11,0,0,0
0.3096498070008238,1779567055.882181,3734,31346,6,12582912,1,0,0,0
0.3096498070008238,1779567055.882181,3734,31347,7,12582912,2,0,0,0
0.3526753070000268,1779567055.9252062,3735,31348,0,12582912,-6,0,0,0
0.3526753070000268,1779567055.9252062,3735,31349,1,12582912,-23,0,0,0
0.3526753070000268,1779567055.9252062,3735,31350,2,12582912,-41,0,0,0
0.3526753070000268,1779567055.9252062,3735,31351,3,12582912,-37,0,0,0
0.3526753070000268,1779567055.9252062,3735,31352,4,12582912,-16,0,0,0
0.3526753070000268,1779567055.9252062,3735,31353,5,12582912,-5,0,0,0
0.3526753070000268,1779567055.9252062,3735,31354,6,12582912,-11,0,0,0
0.3526753070000268,1779567055.9252062,3735,31355,7,12582912,-21,0,0,0
0.3904880410009355,1779567055.9630194,3736,31356,0,12582912,-26,0,0,0
0.3904880410009355,1779567055.9630194,3736,31357,1,12582912,-26,0,0,0
0.3904880410009355,1779567055.9630194,3736,31358,2,12582912,-24,0,0,0
0.3904880410009355,1779567055.9630194,3736,31359,3,12582912,-14,0,0,0
0.3904880410009355,1779567055.9630194,3736,31360,4,12582912,-8,0,0,0
0.3904880410009355,1779567055.9630194,3736,31361,5,12582912,-14,0,0,0
0.3904880410009355,1779567055.9630194,3736,31362,6,12582912,-14,0,0,0
0.3904880410009355,1779567055.9630194,3736,31363,7,12582912,-9,0,0,0
0.49218443000063417,1779567056.0647159,3737,31364,0,12582912,-23,0,0,0
0.49218443000063417,1779567056.0647159,3737,31365,1,12582912,-39,0,0,0
0.49218443000063417,1779567056.0647159,3737,31366,2,12582912,-30,0,0,0
0.49218443000063417,1779567056.0647159,3737,31367,3,12582912,-22,0,0,0
0.49218443000063417,1779567056.0647159,3737,31368,4,12582912,-45,0,0,0
0.49218443000063417,1779567056.0647159,3737,31369,5,12582912,-65,0,0,0
0.49218443000063417,1779567056.0647159,3737,31370,6,12582912,-53,0,0,0
0.49218443000063417,1779567056.0647159,3737,31371,7,12582912,-22,0,0,0
0.49251931900107593,1779567056.065049,3738,31372,0,12582912,5,0,0,0
0.49251931900107593,1779567056.065049,3738,31373,1,12582912,10,0,0,0
0.49251931900107593,1779567056.065049,3738,31374,2,12582912,-9,0,0,0
0.49251931900107593,1779567056.065049,3738,31375,3,12582912,-34,0,0,0
0.49251931900107593,1779567056.065049,3738,31376,4,12582912,-47,0,0,0
0.49251931900107593,1779567056.065049,3738,31377,5,12582912,-46,0,0,0
0.49251931900107593,1779567056.065049,3738,31378,6,12582912,-35,0,0,0
0.49251931900107593,1779567056.065049,3738,31379,7,12582912,-22,0,0,0
0.4928057720007928,1779567056.065335,3739,31380,0,12582912,-13,0,0,0
0.4928057720007928,1779567056.065335,3739,31381,1,12582912,-13,0,0,0
0.4928057720007928,1779567056.065335,3739,31382,2,12582912,-20,0,0,0
0.4928057720007928,1779567056.065335,3739,31383,3,12582912,-24,0,0,0
0.4928057720007928,1779567056.065335,3739,31384,4,12582912,-33,0,0,0
0.4928057720007928,1779567056.065335,3739,31385,5,12582912,-34,0,0,0
0.4928057720007928,1779567056.065335,3739,31386,6,12582912,-10,0,0,0
0.4928057720007928,1779567056.065335,3739,31387,7,12582912,15,0,0,0
0.4930974859998969,1779567056.0656269,3740,31388,0,12582912,20,0,0,0
0.4930974859998969,1779567056.0656269,3740,31389,1,12582912,7,0,0,0
0.4930974859998969,1779567056.0656269,3740,31390,2,12582912,-8,0,0,0
0.4930974859998969,1779567056.0656269,3740,31391,3,12582912,-10,0,0,0
0.4930974859998969,1779567056.0656269,3740,31392,4,12582912,12,0,0,0
0.4930974859998969,1779567056.0656269,3740,31393,5,12582912,35,0,0,0
0.4930974859998969,1779567056.0656269,3740,31394,6,12582912,34,0,0,0
0.4930974859998969,1779567056.0656269,3740,31395,7,12582912,33,0,0,0
0.5408611809998547,1779567056.1133912,3741,31396,0,12582912,40,0,0,0
0.5408611809998547,1779567056.1133912,3741,31397,1,12582912,30,0,0,0
0.5408611809998547,1779567056.1133912,3741,31398,2,12582912,20,0,0,0
0.5408611809998547,1779567056.1133912,3741,31399,3,12582912,36,0,0,0
0.5408611809998547,1779567056.1133912,3741,31400,4,12582912,48,0,0,0
0.5408611809998547,1779567056.1133912,3741,31401,5,12582912,28,0,0,0
0.5408611809998547,1779567056.1133912,3741,31402,6,12582912,12,0,0,0
0.5408611809998547,1779567056.1133912,3741,31403,7,12582912,33,0,0,0
0.5688769099997444,1779567056.141407,3742,31404,0,12582912,67,0,0,0
0.5688769099997444,1779567056.141407,3742,31405,1,12582912,71,0,0,0
0.5688769099997444,1779567056.141407,3742,31406,2,12582912,56,0,0,0
0.5688769099997444,1779567056.141407,3742,31407,3,12582912,55,0,0,0
0.5688769099997444,1779567056.141407,3742,31408,4,12582912,66,0,0,0
0.5688769099997444,1779567056.141407,3742,31409,5,12582912,76,0,0,0
0.5688769099997444,1779567056.141407,3742,31410,6,12582912,76,0,0,0
0.5688769099997444,1779567056.141407,3742,31411,7,12582912,59,0,0,0
0.6003004930007592,1779567056.172831,3743,31412,0,12582912,56,0,0,0
0.6003004930007592,1779567056.172831,3743,31413,1,12582912,77,0,0,0
0.6003004930007592,1779567056.172831,3743,31414,2,12582912,93,0,0,0
0.6003004930007592,1779567056.172831,3743,31415,3,12582912,92,0,0,0
0.6003004930007592,1779567056.172831,3743,31416,4,12582912,82,0,0,0
0.6003004930007592,1779567056.172831,3743,31417,5,12582912,71,0,0,0
0.6003004930007592,1779567056.172831,3743,31418,6,12582912,61,0,0,0
0.6003004930007592,1779567056.172831,3743,31419,7,12582912,56,0,0,0
0.6216455640005734,1779567056.1941764,3744,31420,0,12582912,73,0,0,0
0.6216455640005734,1779567056.1941764,3744,31421,1,12582912,103,0,0,0
0.6216455640005734,1779567056.1941764,3744,31422,2,12582912,113,0,0,0
0.6216455640005734,1779567056.1941764,3744,31423,3,12582912,102,0,0,0
0.6216455640005734,1779567056.1941764,3744,31424,4,12582912,94,0,0,0
0.6216455640005734,1779567056.1941764,3744,31425,5,12582912,90,0,0,0
0.6216455640005734,1779567056.1941764,3744,31426,6,12582912,79,0,0,0
0.6216455640005734,1779567056.1941764,3744,31427,7,12582912,80,0,0,0
0.6647019510000973,1779567056.237233,3745,31428,0,12582912,90,0,0,0
0.6647019510000973,1779567056.237233,3745,31429,1,12582912,91,0,0,0
0.6647019510000973,1779567056.237233,3745,31430,2,12582912,95,0,0,0
0.6647019510000973,1779567056.237233,3745,31431,3,12582912,111,0,0,0
0.6647019510000973,1779567056.237233,3745,31432,4,12582912,123,0,0,0
0.6647019510000973,1779567056.237233,3745,31433,5,12582912,127,0,0,0
0.6647019510000973,1779567056.237233,3745,31434,6,12582912,125,0,0,0
0.6647019510000973,1779567056.237233,3745,31435,7,12582912,126,0,0,0
0.6863935269993817,1779567056.2589245,3746,31436,0,12582912,132,0,0,0
0.6863935269993817,1779567056.2589245,3746,31437,1,12582912,119,0,0,0
0.6863935269993817,1779567056.2589245,3746,31438,2,12582912,96,0,0,0
0.6863935269993817,1779567056.2589245,3746,31439,3,12582912,92,0,0,0
0.6863935269993817,1779567056.2589245,3746,31440,4,12582912,85,0,0,0
0.6863935269993817,1779567056.2589245,3746,31441,5,12582912,64,0,0,0
0.6863935269993817,1779567056.2589245,3746,31442,6,12582912,65,0,0,0
0.6863935269993817,1779567056.2589245,3746,31443,7,12582912,94,0,0,0
0.7292582509999193,1779567056.3017898,3747,31444,0,12582912,118,0,0,0
0.7292582509999193,1779567056.3017898,3747,31445,1,12582912,130,0,0,0
0.7292582509999193,1779567056.3017898,3747,31446,2,12582912,135,0,0,0
0.7292582509999193,1779567056.3017898,3747,31447,3,12582912,129,0,0,0
0.7292582509999193,1779567056.3017898,3747,31448,4,12582912,117,0,0,0
0.7292582509999193,1779567056.3017898,3747,31449,5,12582912,104,0,0,0
0.7292582509999193,1779567056.3017898,3747,31450,6,12582912,105,0,0,0
0.7292582509999193,1779567056.3017898,3747,31451,7,12582912,121,0,0,0
0.7509217019996868,1779567056.3234527,3748,31452,0,12582912,129,0,0,0
0.7509217019996868,1779567056.3234527,3748,31453,1,12582912,120,0,0,0
0.7509217019996868,1779567056.3234527,3748,31454,2,12582912,113,0,0,0
0.7509217019996868,1779567056.3234527,3748,31455,3,12582912,118,0,0,0
0.7509217019996868,1779567056.3234527,3748,31456,4,12582912,126,0,0,0
0.7509217019996868,1779567056.3234527,3748,31457,5,12582912,132,0,0,0
0.7509217019996868,1779567056.3234527,3748,31458,6,12582912,128,0,0,0
0.7509217019996868,1779567056.3234527,3748,31459,7,12582912,117,0,0,0
0.8106356440002855,1779567056.383167,3749,31460,0,12582912,114,0,0,0
0.8106356440002855,1779567056.383167,3749,31461,1,12582912,116,0,0,0
0.8106356440002855,1779567056.383167,3749,31462,2,12582912,113,0,0,0
0.8106356440002855,1779567056.383167,3749,31463,3,12582912,104,0,0,0
0.8106356440002855,1779567056.383167,3749,31464,4,12582912,97,0,0,0
0.8106356440002855,1779567056.383167,3749,31465,5,12582912,91,0,0,0
0.8106356440002855,1779567056.383167,3749,31466,6,12582912,92,0,0,0
0.8106356440002855,1779567056.383167,3749,31467,7,12582912,115,0,0,0
0.8467706490009732,1779567056.419302,3750,31468,0,12582912,140,0,0,0
0.8467706490009732,1779567056.419302,3750,31469,1,12582912,133,0,0,0
0.8467706490009732,1779567056.419302,3750,31470,2,12582912,109,0,0,0
0.8467706490009732,1779567056.419302,3750,31471,3,12582912,99,0,0,0
0.8467706490009732,1779567056.419302,3750,31472,4,12582912,109,0,0,0
0.8467706490009732,1779567056.419302,3750,31473,5,12582912,109,0,0,0
0.8467706490009732,1779567056.419302,3750,31474,6,12582912,95,0,0,0
0.8467706490009732,1779567056.419302,3750,31475,7,12582912,99,0,0,0
0.8470843939994666,1779567056.4196138,3751,31476,0,12582912,120,0,0,0
0.8470843939994666,1779567056.4196138,3751,31477,1,12582912,136,0,0,0
0.8470843939994666,1779567056.4196138,3751,31478,2,12582912,129,0,0,0
0.8470843939994666,1779567056.4196138,3751,31479,3,12582912,106,0,0,0
0.8470843939994666,1779567056.4196138,3751,31480,4,12582912,89,0,0,0
0.8470843939994666,1779567056.4196138,3751,31481,5,12582912,88,0,0,0
0.8470843939994666,1779567056.4196138,3751,31482,6,12582912,101,0,0,0
0.8470843939994666,1779567056.4196138,3751,31483,7,12582912,111,0,0,0
0.9019137390005199,1779567056.474445,3752,31484,0,12582912,105,0,0,0
0.9019137390005199,1779567056.474445,3752,31485,1,12582912,91,0,0,0
0.9019137390005199,1779567056.474445,3752,31486,2,12582912,86,0,0,0
0.9019137390005199,1779567056.474445,3752,31487,3,12582912,95,0,0,0
0.9019137390005199,1779567056.474445,3752,31488,4,12582912,101,0,0,0
0.9019137390005199,1779567056.474445,3752,31489,5,12582912,102,0,0,0
0.9019137390005199,1779567056.474445,3752,31490,6,12582912,108,0,0,0
0.9019137390005199,1779567056.474445,3752,31491,7,12582912,115,0,0,0
0.9234491200004413,1779567056.4959807,3753,31492,0,12582912,113,0,0,0
0.9234491200004413,1779567056.4959807,3753,31493,1,12582912,103,0,0,0
0.9234491200004413,1779567056.4959807,3753,31494,2,12582912,97,0,0,0
0.9234491200004413,1779567056.4959807,3753,31495,3,12582912,104,0,0,0
0.9234491200004413,1779567056.4959807,3753,31496,4,12582912,116,0,0,0
0.9234491200004413,1779567056.4959807,3753,31497,5,12582912,112,0,0,0
0.9234491200004413,1779567056.4959807,3753,31498,6,12582912,97,0,0,0
0.9234491200004413,1779567056.4959807,3753,31499,7,12582912,97,0,0,0
0.9663840499997605,1779567056.5389152,3754,31500,0,12582912,107,0,0,0
0.9663840499997605,1779567056.5389152,3754,31501,1,12582912,109,0,-6812,26938
0.9663840499997605,1779567056.5389152,3754,31502,2,12582912,127,0,-17898,70784
0.9663840499997605,1779567056.5389152,3754,31503,3,12582912,149,0,-16971,67117
0.9663840499997605,1779567056.5389152,3754,31504,4,12582912,107,0,-7915,31302
0.9663840499997605,1779567056.5389152,3754,31505,5,12582912,30,0,-2046,8092
0.9663840499997605,1779567056.5389152,3754,31506,6,12582912,30,0,1427,-5642
0.9663840499997605,1779567056.5389152,3754,31507,7,12582912,117,0,3316,-13114
1.02590122500078,1779567056.5984325,3755,31508,0,12582912,169,0,2670,-10558
1.02590122500078,1779567056.5984325,3755,31509,1,12582912,124,0,206,-815
1.02590122500078,1779567056.5984325,3755,31510,2,12582912,69,0,-1265,5002
1.02590122500078,1779567056.5984325,3755,31511,3,12582912,74,0,-223,881
1.02590122500078,1779567056.5984325,3755,31512,4,12582912,99,0,1651,-6531
1.02590122500078,1779567056.5984325,3755,31513,5,12582912,85,0,1842,-7286
1.02590122500078,1779567056.5984325,3755,31514,6,12582912,40,0,295,-1167
1.02590122500078,1779567056.5984325,3755,31515,7,12582912,24,0,-777,3073
1.0321564210007637,1779567056.6046882,3756,31516,0,12582912,40,0,-18,70
1.0321564210007637,1779567056.6046882,3756,31517,1,12582912,36,0,1384,-5472
1.0321564210007637,1779567056.6046882,3756,31518,2,12582912,24,0,1510,-5971
1.0321564210007637,1779567056.6046882,3756,31519,3,12582912,48,0,310,-1225
1.0321564210007637,1779567056.6046882,3756,31520,4,12582912,91,0,-517,2045
1.0321564210007637,1779567056.6046882,3756,31521,5,12582912,91,0,72,-287
1.0321564210007637,1779567056.6046882,3756,31522,6,12582912,40,0,1157,-4575
1.0321564210007637,1779567056.6046882,3756,31523,7,12582912,3,0,1253,-4956
1.075046457001008,1779567056.6475773,3757,31524,0,12582912,28,0,323,-1279
1.075046457001008,1779567056.6475773,3757,31525,1,12582912,80,0,-318,1256
1.075046457001008,1779567056.6475773,3757,31526,2,12582912,94,0,137,-544
1.075046457001008,1779567056.6475773,3757,31527,3,12582912,62,0,975,-3858
1.075046457001008,1779567056.6475773,3757,31528,4,12582912,27,0,1049,-4149
1.075046457001008,1779567056.6475773,3757,31529,5,12582912,29,0,329,-1300
1.075046457001008,1779567056.6475773,3757,31530,6,12582912,54,0,-168,666
1.075046457001008,1779567056.6475773,3757,31531,7,12582912,58,0,183,-723
1.1096362309999677,1779567056.6821673,3758,31532,0,12582912,35,0,830,-3284
1.1096362309999677,1779567056.6821673,3758,31533,1,12582912,17,0,886,-3506
1.1096362309999677,1779567056.6821673,3758,31534,2,12582912,24,0,328,-1297
1.1096362309999677,1779567056.6821673,3758,31535,3,12582912,43,0,-58,227
1.1096362309999677,1779567056.6821673,3758,31536,4,12582912,45,0,213,-844
1.1096362309999677,1779567056.6821673,3758,31537,5,12582912,21,0,713,-2822
1.1096362309999677,1779567056.6821673,3758,31538,6,12582912,-6,0,756,-2990
1.1096362309999677,1779567056.6821673,3758,31539,7,12582912,-9,0,323,-1277
1.13136999299968,1779567056.7039008,3759,31540,0,12582912,7,1,227,-94
1.13136999299968,1779567056.7039008,3759,31541,1,12582912,4,2,12686,5812
1.13136999299968,1779567056.7039008,3759,31542,2,12582912,9,2,32446,15242
1.13136999299968,1779567056.7039008,3759,31543,3,12582912,66,1,30586,14199
1.13136999299968,1779567056.7039008,3759,31544,4,12582912,85,0,14227,6577
1.13136999299968,1779567056.7039008,3759,31545,5,12582912,-5,0,3621,1696
1.13136999299968,1779567056.7039008,3759,31546,6,12582912,-95,0,-2352,-2372
1.13136999299968,1779567056.7039008,3759,31547,7,12582912,-69,0,-5341,-5418
1.1741603949994897,1779567056.7466912,3760,31548,0,12582912,6,0,-4113,-4874
1.1741603949994897,1779567056.7466912,3760,31549,1,12582912,-11,0,-18,-1408
1.1741603949994897,1779567056.7466912,3760,31550,2,12582912,-89,0,2344,759
1.1741603949994897,1779567056.7466912,3760,31551,3,12582912,-92,0,588,-760
1.1741603949994897,1779567056.7466912,3760,31552,4,12582912,-5,0,-2467,-3521
1.1741603949994897,1779567056.7466912,3760,31553,5,12582912,59,0,-2738,-3780
1.1741603949994897,1779567056.7466912,3760,31554,6,12582912,23,0,-200,-1451
1.1741603949994897,1779567056.7466912,3760,31555,7,12582912,-54,0,1513,164
1.2330211759999656,1779567056.8055522,3761,31556,0,12582912,-73,0,397,-751
1.2330211759999656,1779567056.8055522,3761,31557,1,12582912,-39,0,-1622,-2494
1.2330211759999656,1779567056.8055522,3761,31558,2,12582912,-36,0,-1816,-2699
1.2330211759999656,1779567056.8055522,3761,31559,3,12582912,-60,0,-61,-1171
1.2330211759999656,1779567056.8055522,3761,31560,4,12582912,-49,0,1122,-103
1.2330211759999656,1779567056.8055522,3761,31561,5,12582912,-3,0,49,-1081
1.2330211759999656,1779567056.8055522,3761,31562,6,12582912,18,0,-1759,-2750
1.2330211759999656,1779567056.8055522,3761,31563,7,12582912,-12,0,-1875,-2863
1.2811655410005187,1779567056.853697,3762,31564,0,12582912,-99,210,17799,-1384
1.2811655410005187,1779567056.853697,3762,31565,1,12582912,-176,553,48306,-368
1.2811655410005187,1779567056.853697,3762,31566,2,12582912,-152,524,45053,-1071
1.2811655410005187,1779567056.853697,3762,31567,3,12582912,-107,244,19590,-2372
1.2811655410005187,1779567056.853697,3762,31568,4,12582912,-89,63,3896,-2477
1.2811655410005187,1779567056.853697,3762,31569,5,12582912,-40,-44,-4112,-1340
1.2811655410005187,1779567056.853697,3762,31570,6,12582912,21,-102,-8313,-553
1.2811655410005187,1779567056.853697,3762,31571,7,12582912,25,-83,-7205,-1092
1.2814801710010215,1779567056.8540094,3763,31572,0,12582912,-21,-6,-1748,-2094
1.2814801710010215,1779567056.8540094,3763,31573,1,12582912,-30,39,2079,-2172
1.2814801710010215,1779567056.8540094,3763,31574,2,12582912,23,7,254,-1289
1.2814801710010215,1779567056.8540094,3763,31575,3,12582912,47,-51,-4091,-676
1.2814801710010215,1779567056.8540094,3763,31576,4,12582912,-10,-57,-5068,-1090
1.2814801710010215,1779567056.8540094,3763,31577,5,12582912,-79,-9,-1799,-1863
1.2814801710010215,1779567056.8540094,3763,31578,6,12582912,-77,24,989,-1920
1.2814801710010215,1779567056.8540094,3763,31579,7,12582912,-22,1,-297,-1234
1.3242084909998084,1779567056.8967395,3764,31580,0,12582912,-2,-43,-3528,-757
1.3242084909998084,1779567056.8967395,3764,31581,1,12582912,-39,-47,-4226,-1074
1.3242084909998084,1779567056.8967395,3764,31582,2,12582912,-54,-10,-1688,-1669
1.3242084909998084,1779567056.8967395,3764,31583,3,12582912,-17,16,462,-1710
1.3242084909998084,1779567056.8967395,3764,31584,4,12582912,7,-2,-537,-1177
1.3242084909998084,1779567056.8967395,3764,31585,5,12582912,-25,-36,-3036,-805
1.3242084909998084,1779567056.8967395,3764,31586,6,12582912,-66,-39,-3572,-1048
1.3242084909998084,1779567056.8967395,3764,31587,7,12582912,-63,-10,-1604,-1505
1.3462843830002384,1779567056.9188154,3765,31588,0,12582912,-33,10,64,-1535
1.3462843830002384,1779567056.9188154,3765,31589,1,12582912,-33,-4,-705,-1119
1.3462843830002384,1779567056.9188154,3765,31590,2,12582912,-54,-30,-2635,-829
1.3462843830002384,1779567056.9188154,3765,31591,3,12582912,-48,-32,-3047,-1014
1.3462843830002384,1779567056.9188154,3765,31592,4,12582912,-20,-10,-1520,-1366
1.3462843830002384,1779567056.9188154,3765,31593,5,12582912,-8,5,-226,-1386
1.3462843830002384,1779567056.9188154,3765,31594,6,12582912,-30,-6,-818,-1062
1.3462843830002384,1779567056.9188154,3765,31595,7,12582912,-51,-26,-2308,-835
1.402850414000568,1779567056.9753811,3766,31596,0,12582912,-43,-27,-2623,-976
1.402850414000568,1779567056.9753811,3766,31597,1,12582912,-30,-10,-1438,-1245
1.402850414000568,1779567056.9753811,3766,31598,2,12582912,-41,2,-433,-1258
1.402850414000568,1779567056.9753811,3766,31599,3,12582912,-55,-7,-888,-1005
1.402850414000568,1779567056.9753811,3766,31600,4,12582912,-42,-22,-2038,-827
1.402850414000568,1779567056.9753811,3766,31601,5,12582912,-19,-23,-2279,-934
1.402850414000568,1779567056.9753811,3766,31602,6,12582912,-17,-10,-1359,-1141
1.402850414000568,1779567056.9753811,3766,31603,7,12582912,-39,-1,-578,-1149
1.4920304240004043,1779567057.0645611,3767,31604,0,12582912,-47,-7,-927,-951
1.4920304240004043,1779567057.0645611,3767,31605,1,12582912,-27,-19,-1814,-811
1.4920304240004043,1779567057.0645611,3767,31606,2,12582912,-16,-20,-1997,-891
1.4920304240004043,1779567057.0645611,3767,31607,3,12582912,-32,-10,-1282,-1049
1.4920304240004043,1779567057.0645611,3767,31608,4,12582912,-45,-3,-676,-1053
1.4920304240004043,1779567057.0645611,3767,31609,5,12582912,-28,-8,-943,-898
1.4920304240004043,1779567057.0645611,3767,31610,6,12582912,3,-17,-1626,-788
1.4920304240004043,1779567057.0645611,3767,31611,7,12582912,14,-17,-1765,-848
1.4923508350002521,1779567057.0648801,3768,31612,0,12582912,2,-9,-1209,-968
1.4923508350002521,1779567057.0648801,3768,31613,1,12582912,-2,-4,-737,-969
1.4923508350002521,1779567057.0648801,3768,31614,2,12582912,11,-8,-941,-847
1.4923508350002521,1779567057.0648801,3768,31615,3,12582912,16,-15,-1467,-760
1.4923508350002521,1779567057.0648801,3768,31616,4,12582912,-4,-15,-1572,-805
1.4923508350002521,1779567057.0648801,3768,31617,5,12582912,-23,-9,-1140,-896
1.4923508350002521,1779567057.0648801,3768,31618,6,12582912,-16,-5,-772,-895
1.4923508350002521,1779567057.0648801,3768,31619,7,12582912,0,-8,-927,-798
1.4926418190007098,1779567057.0651712,3769,31620,0,12582912,-6,-13,-1332,-729
1.4926418190007098,1779567057.0651712,3769,31621,1,12582912,-25,-14,-1410,-762
1.4926418190007098,1779567057.0651712,3769,31622,2,12582912,-27,-9,-1073,-831
1.4926418190007098,1779567057.0651712,3769,31623,3,12582912,-14,-5,-786,-828
1.4926418190007098,1779567057.0651712,3769,31624,4,12582912,-16,-8,-904,-752
1.4926418190007098,1779567057.0651712,3769,31625,5,12582912,-35,-12,-1215,-697
1.4926418190007098,1779567057.0651712,3769,31626,6,12582912,-52,-12,-1273,-721
1.4926418190007098,1779567057.0651712,3769,31627,7,12582912,-50,-8,-1010,-772
1.5394875120000506,1779567057.112019,3770,31628,0,12582912,-43,-6,-786,-769
1.5394875120000506,1779567057.112019,3770,31629,1,12582912,-49,-7,-875,-708
1.5394875120000506,1779567057.112019,3770,31630,2,12582912,-54,-11,-1113,-664
1.5394875120000506,1779567057.112019,3770,31631,3,12582912,-39,-11,-1156,-681
1.5394875120000506,1779567057.112019,3770,31632,4,12582912,-18,-8,-950,-719
1.5394875120000506,1779567057.112019,3770,31633,5,12582912,-19,-6,-775,-715
1.5394875120000506,1779567057.112019,3770,31634,6,12582912,-37,-7,-841,-666
1.5394875120000506,1779567057.112019,3770,31635,7,12582912,-43,-10,-1024,-631
1.567106270000295,1779567057.1396372,3771,31636,0,12582912,-30,-10,-1055,-642
1.567106270000295,1779567057.1396372,3771,31637,1,12582912,-23,-7,-894,-670
1.567106270000295,1779567057.1396372,3771,31638,2,12582912,-34,-6,-756,-666
1.567106270000295,1779567057.1396372,3771,31639,3,12582912,-45,-7,-806,-627
1.567106270000295,1779567057.1396372,3771,31640,4,12582912,-38,-9,-945,-598
1.567106270000295,1779567057.1396372,3771,31641,5,12582912,-20,-9,-967,-605
1.567106270000295,1779567057.1396372,3771,31642,6,12582912,-16,-7,-841,-626
1.567106270000295,1779567057.1396372,3771,31643,7,12582912,-27,-6,-732,-621
1.6098738620003132,1779567057.1824055,3772,31644,0,12582912,-26,-7,-769,-590
1.6098738620003132,1779567057.1824055,3772,31645,1,12582912,-10,-8,-874,-566
1.6098738620003132,1779567057.1824055,3772,31646,2,12582912,-4,-8,-890,-570
1.6098738620003132,1779567057.1824055,3772,31647,3,12582912,-16,-7,-790,-585
1.6098738620003132,1779567057.1824055,3772,31648,4,12582912,-25,-6,-704,-580
1.6098738620003132,1779567057.1824055,3772,31649,5,12582912,-17,-6,-731,-554
1.6098738620003132,1779567057.1824055,3772,31650,6,12582912,-5,-7,-811,-535
1.6098738620003132,1779567057.1824055,3772,31651,7,12582912,-2,-7,-822,-537
1.677834371001154,1779567057.2503653,3773,31652,0,12582912,-3,-6,-743,-547
1.677834371001154,1779567057.2503653,3773,31653,1,12582912,0,-6,-675,-542
1.677834371001154,1779567057.2503653,3773,31654,2,12582912,6,-6,-694,-521
1.677834371001154,1779567057.2503653,3773,31655,3,12582912,-1,-7,-754,-505
1.677834371001154,1779567057.2503653,3773,31656,4,12582912,-19,-7,-761,-505
1.677834371001154,1779567057.2503653,3773,31657,5,12582912,-29,-6,-698,-512
1.677834371001154,1779567057.2503653,3773,31658,6,12582912,-24,-5,-644,-507
1.677834371001154,1779567057.2503653,3773,31659,7,12582912,-16,-6,-657,-490
1.7282613509996736,1779567057.3007927,3774,31660,0,12582912,-17,-6,-702,-476
1.7282613509996736,1779567057.3007927,3774,31661,1,12582912,-21,-6,-706,-475
1.7282613509996736,1779567057.3007927,3774,31662,2,12582912,-17,-6,-656,-479
1.7282613509996736,1779567057.3007927,3774,31663,3,12582912,-10,-5,-612,-475
1.7282613509996736,1779567057.3007927,3774,31664,4,12582912,-14,-5,-621,-460
1.7282613509996736,1779567057.3007927,3774,31665,5,12582912,-28,-6,-655,-449
1.7282613509996736,1779567057.3007927,3774,31666,6,12582912,-35,-6,-656,-447
1.7282613509996736,1779567057.3007927,3774,31667,7,12582912,-27,-5,-616,-449
1.728575200000705,1779567057.3011043,3775,31668,0,12582912,-12,18,-568,25019
1.728575200000705,1779567057.3011043,3775,31669,1,12582912,-5,56,-552,66476
1.728575200000705,1779567057.3011043,3775,31670,2,12582912,-7,53,-579,63020
1.728575200000705,1779567057.3011043,3775,31671,3,12582912,-4,22,-596,29168
1.728575200000705,1779567057.3011043,3775,31672,4,12582912,-2,2,-575,7228
1.728575200000705,1779567057.3011043,3775,31673,5,12582912,-7,-10,-553,-5750
1.728575200000705,1779567057.3011043,3775,31674,6,12582912,-19,-16,-560,-12802
1.728575200000705,1779567057.3011043,3775,31675,7,12582912,-26,-14,-577,-10377
1.7502314120010851,1779567057.3227625,3776,31676,0,12582912,-20,-6,-570,-1165
1.7502314120010851,1779567057.3227625,3776,31677,1,12582912,-14,0,-541,4333
1.7502314120010851,1779567057.3227625,3776,31678,2,12582912,-21,-4,-520,442
1.7502314120010851,1779567057.3227625,3776,31679,3,12582912,-27,-10,-525,-6555
1.7502314120010851,1779567057.3227625,3776,31680,4,12582912,-20,-11,-538,-7262
1.7502314120010851,1779567057.3227625,3776,31681,5,12582912,-10,-6,-533,-1475
1.7502314120010851,1779567057.3227625,3776,31682,6,12582912,-11,-2,-509,2535
1.7502314120010851,1779567057.3227625,3776,31683,7,12582912,-19,-4,-492,-300
1.792889161999483,1779567057.3654203,3777,31684,0,12632064,832,-15974,-494,-5530
1.792889161999483,1779567057.3654203,3777,31685,1,12582912,2226,-41959,-503,-5996
1.792889161999483,1779567057.3654203,3777,31686,2,12582912,2111,-39781,-498,-1507
1.792889161999483,1779567057.3654203,3777,31687,3,12582912,968,-18553,-479,1586
1.792889161999483,1779567057.3654203,3777,31688,4,12582912,230,-4800,-464,-614
1.792889161999483,1779567057.3654203,3777,31689,5,12582912,-197,3336,-465,-4661
1.792889161999483,1779567057.3654203,3777,31690,6,12582912,-425,7763,-471,-5016
1.792889161999483,1779567057.3654203,3777,31691,7,12582912,-345,6252,-466,-1537
1.8152489550011524,1779567057.3877804,3778,31692,0,12582912,-40,480,-450,861
1.8152489550011524,1779567057.3877804,3778,31693,1,12582912,144,-2969,-438,-836
1.8152489550011524,1779567057.3877804,3778,31694,2,12582912,8,-529,-437,-3963
1.8152489550011524,1779567057.3877804,3778,31695,3,12582912,-239,3863,-441,-4233
1.8152489550011524,1779567057.3877804,3778,31696,4,12582912,-270,4313,-436,-1537
1.8152489550011524,1779567057.3877804,3778,31697,5,12582912,-74,689,-423,323
1.8152489550011524,1779567057.3877804,3778,31698,6,12582912,68,-1826,-413,-986
1.8152489550011524,1779567057.3877804,3778,31699,7,12582912,-25,-48,-411,-3401
1.851833484999588,1779567057.4243643,3779,31700,0,12582912,-205,3236,-413,-3606
1.851833484999588,1779567057.4243643,3779,31701,1,12582912,-222,3534,-409,-1515
1.851833484999588,1779567057.4243643,3779,31702,2,12582912,-69,723,-397,-72
1.851833484999588,1779567057.4243643,3779,31703,3,12582912,37,-1216,-389,-1081
1.851833484999588,1779567057.4243643,3779,31704,4,12582912,-36,164,-387,-2946
1.851833484999588,1779567057.4243643,3779,31705,5,12582912,-169,2705,-387,-3101
1.851833484999588,1779567057.4243643,3779,31706,6,12582912,-178,2933,-383,-1479
1.851833484999588,1779567057.4243643,3779,31707,7,12582912,-60,755,-373,-359
1.8946610750008404,1779567057.4671922,3780,31708,0,12582912,15,-748,-366,-1135
1.8946610750008404,1779567057.4671922,3780,31709,1,12582912,-45,317,-364,-2575
1.8946610750008404,1779567057.4671922,3780,31710,2,12582912,-142,2281,-363,-2691
1.8946610750008404,1779567057.4671922,3780,31711,3,12582912,-144,2455,-359,-1432
1.8946610750008404,1779567057.4671922,3780,31712,4,12582912,-53,767,-351,-562
1.8946610750008404,1779567057.4671922,3780,31713,5,12582912,6,-398,-344,-1159
1.8946610750008404,1779567057.4671922,3780,31714,6,12582912,-36,424,-342,-2270
1.8946610750008404,1779567057.4671922,3780,31715,7,12582912,-109,1941,-341,-2356
1.937350439000511,1779567057.5098815,3781,31716,0,12582912,-114,2074,-337,-1379
1.937350439000511,1779567057.5098815,3781,31717,1,12582912,-54,765,-330,-702
1.937350439000511,1779567057.5098815,3781,31718,2,12582912,-11,-138,-324,-1161
1.937350439000511,1779567057.5098815,3781,31719,3,12582912,-37,496,-321,-2016
1.937350439000511,1779567057.5098815,3781,31720,4,12582912,-91,1668,-320,-2080
1.937350439000511,1779567057.5098815,3781,31721,5,12582912,-99,1768,-316,-1321
1.937350439000511,1779567057.5098815,3781,31722,6,12582912,-53,754,-310,-794
1.937350439000511,1779567057.5098815,3781,31723,7,12582912,-15,52,-304,-1146
1.9729676940005447,1779567057.5454986,3782,31724,0,12582912,-38,541,-302,-1805
1.9729676940005447,1779567057.5454986,3782,31725,1,12582912,-92,1446,-300,-1851
1.9729676940005447,1779567057.5454986,3782,31726,2,12582912,-106,1522,-296,-1260
1.9729676940005447,1779567057.5454986,3782,31727,3,12582912,-60,735,-291,-849
1.9729676940005447,1779567057.5454986,3782,31728,4,12582912,-15,190,-286,-1119
1.9729676940005447,1779567057.5454986,3782,31729,5,12582912,-27,566,-283,-1626
1.9729676940005447,1779567057.5454986,3782,31730,6,12582912,-69,1265,-281,-1659
1.9729676940005447,1779567057.5454986,3782,31731,7,12582912,-79,1322,-278,-1199
1.9953175919999921,1779567057.5678487,3783,31732,0,12582912,-44,711,-273,-878
1.9953175919999921,1779567057.5678487,3783,31733,1,12582912,-14,288,-269,-1084
1.9953175919999921,1779567057.5678487,3783,31734,2,12582912,-37,577,-266,-1474
1.9953175919999921,1779567057.5678487,3783,31735,3,12582912,-82,1116,-264,-1497
1.9953175919999921,1779567057.5678487,3783,31736,4,12582912,-89,1158,-261,-1138
1.9953175919999921,1779567057.5678487,3783,31737,5,12582912,-53,684,-257,-887
1.9953175919999921,1779567057.5678487,3783,31738,6,12582912,-23,355,-253,-1044
1.9953175919999921,1779567057.5678487,3783,31739,7,12582912,-34,577,-250,-1343
2.0811483939996833,1779567057.6536796,3784,31740,0,12582912,-62,992,-248,-1358
2.0811483939996833,1779567057.6536796,3784,31741,1,12582912,-64,1023,-245,-1078
2.0811483939996833,1779567057.6536796,3784,31742,2,12582912,-41,655,-241,-882
2.0811483939996833,1779567057.6536796,3784,31743,3,12582912,-26,399,-237,-1000
2.0811483939996833,1779567057.6536796,3784,31744,4,12582912,-36,569,-235,-1229
2.0811483939996833,1779567057.6536796,3784,31745,5,12582912,-57,889,-233,-1239
2.0811483939996833,1779567057.6536796,3784,31746,6,12582912,-63,911,-230,-1020
2.0811483939996833,1779567057.6536796,3784,31747,7,12582912,-48,625,-226,-865
2.1093091210004786,1779567057.6818411,3785,31748,0,12582912,-34,425,-223,-955
2.1093091210004786,1779567057.6818411,3785,31749,1,12582912,-42,555,-221,-1130
2.1093091210004786,1779567057.6818411,3785,31750,2,12582912,-57,801,-218,-1135
2.1093091210004786,1779567057.6818411,3785,31751,3,12582912,-57,817,-216,-963
2.1093091210004786,1779567057.6818411,3785,31752,4,12582912,-46,594,-213,-841
2.1093091210004786,1779567057.6818411,3785,31753,5,12582912,-46,438,-210,-909
2.1093091210004786,1779567057.6818411,3785,31754,6,12582912,-60,538,-207,-1042
2.1093091210004786,1779567057.6818411,3785,31755,7,12582912,-67,727,-205,-1044
2.1096377610010677,1779567057.682167,3786,31756,0,12582912,-57,738,-203,-909
2.1096377610010677,1779567057.682167,3786,31757,1,12582912,-41,564,-200,-813
2.1096377610010677,1779567057.682167,3786,31758,2,12582912,-42,442,-197,-863
2.1096377610010677,1779567057.682167,3786,31759,3,12582912,-55,517,-195,-964
2.1096377610010677,1779567057.682167,3786,31760,4,12582912,-64,662,-193,-963
2.1096377610010677,1779567057.682167,3786,31761,5,12582912,-59,670,-190,-857
2.1096377610010677,1779567057.682167,3786,31762,6,12582912,-48,534,-187,-780
2.1096377610010677,1779567057.682167,3786,31763,7,12582912,-39,438,-185,-817
2.152586287000304,1779567057.7251177,3787,31764,0,12582912,-36,496,-183,-894
2.152586287000304,1779567057.7251177,3787,31765,1,12582912,-32,607,-181,-891
2.152586287000304,1779567057.7251177,3787,31766,2,12582912,-29,611,-179,-807
2.152586287000304,1779567057.7251177,3787,31767,3,12582912,-32,505,-176,-746
2.152586287000304,1779567057.7251177,3787,31768,4,12582912,-38,430,-174,-773
2.152586287000304,1779567057.7251177,3787,31769,5,12582912,-36,473,-172,-830
2.152586287000304,1779567057.7251177,3787,31770,6,12582912,-26,558,-170,-827
2.152586287000304,1779567057.7251177,3787,31771,7,12582912,-19,560,-168,-760
2.1743212479996146,1779567057.7468524,3788,31772,0,12582912,-23,477,-165,-711
2.1743212479996146,1779567057.7468524,3788,31773,1,12582912,-28,418,-163,-730
2.1743212479996146,1779567057.7468524,3788,31774,2,12582912,-24,450,-161,-773
2.1743212479996146,1779567057.7468524,3788,31775,3,12582912,-23,514,-159,-769
2.1743212479996146,1779567057.7468524,3788,31776,4,12582912,-32,515,-157,-715
2.1743212479996146,1779567057.7468524,3788,31777,5,12582912,-38,450,-155,-676
2.1743212479996146,1779567057.7468524,3788,31778,6,12582912,-31,403,-153,-689
2.1743212479996146,1779567057.7468524,3788,31779,7,12582912,-18,427,-151,-721
2.2171094639998046,1779567057.7896407,3789,31780,0,12582912,-20,476,-150,-716
2.2171094639998046,1779567057.7896407,3789,31781,1,12582912,-35,476,-148,-673
2.2171094639998046,1779567057.7896407,3789,31782,2,12582912,-35,424,-146,-641
2.2171094639998046,1779567057.7896407,3789,31783,3,12582912,-19,387,-144,-650
2.2171094639998046,1779567057.7896407,3789,31784,4,12582912,-13,405,-142,-673
2.2171094639998046,1779567057.7896407,3789,31785,5,12582912,-22,441,-141,-667
2.2171094639998046,1779567057.7896407,3789,31786,6,12582912,-33,440,-139,-633
2.2171094639998046,1779567057.7896407,3789,31787,7,12582912,-32,399,-137,-607
2.266779843999757,1779567057.839311,3790,31788,0,12582912,-27,370,-135,-612
2.266779843999757,1779567057.839311,3790,31789,1,12582912,-34,383,-134,-628
2.266779843999757,1779567057.839311,3790,31790,2,12582912,-42,410,-132,-623
2.266779843999757,1779567057.839311,3790,31791,3,12582912,-36,409,-130,-595
2.266779843999757,1779567057.839311,3790,31792,4,12582912,-23,376,-129,-573
2.266779843999757,1779567057.839311,3790,31793,5,12582912,-20,352,-127,-576
2.266779843999757,1779567057.839311,3790,31794,6,12582912,-31,361,-125,-588
2.266779843999757,1779567057.839311,3790,31795,7,12582912,-39,382,-124,-582
2.288413035999838,1779567057.8609443,3791,31796,0,12582912,-37,380,-122,-559
2.288413035999838,1779567057.8609443,3791,31797,1,12582912,-37,354,-121,-541
2.288413035999838,1779567057.8609443,3791,31798,2,12582912,-42,335,-119,-542
2.288413035999838,1779567057.8609443,3791,31799,3,12582912,-44,341,-118,-550
2.288413035999838,1779567057.8609443,3791,31800,4,12582912,-38,356,-116,-545
2.288413035999838,1779567057.8609443,3791,31801,5,12582912,-27,354,-115,-526
2.288413035999838,1779567057.8609443,3791,31802,6,12582912,-22,333,-113,-511
2.288413035999838,1779567057.8609443,3791,31803,7,12582912,-29,317,-112,-510
2.3312009920009586,1779567057.9037328,3792,31804,0,12582912,-33,321,-111,-515
2.3312009920009586,1779567057.9037328,3792,31805,1,12582912,-26,333,-109,-510
2.3312009920009586,1779567057.9037328,3792,31806,2,12582912,-25,330,-108,-494
2.3312009920009586,1779567057.9037328,3792,31807,3,12582912,-33,313,-107,-481
2.3312009920009586,1779567057.9037328,3792,31808,4,12582912,-39,300,-105,-480
2.3312009920009586,1779567057.9037328,3792,31809,5,12582912,-36,303,-104,-483
2.3312009920009586,1779567057.9037328,3792,31810,6,12582912,-29,311,-103,-477
2.3312009920009586,1779567057.9037328,3792,31811,7,12582912,-26,308,-101,-464
2.353554223000174,1779567057.9260857,3793,31812,0,12582912,-29,294,-100,-453
2.353554223000174,1779567057.9260857,3793,31813,1,12582912,-28,284,-99,-451
2.353554223000174,1779567057.9260857,3793,31814,2,12582912,-21,285,-98,-452
2.353554223000174,1779567057.9260857,3793,31815,3,12582912,-20,291,-96,-447
2.353554223000174,1779567057.9260857,3793,31816,4,12582912,-26,288,-95,-436
2.353554223000174,1779567057.9260857,3793,31817,5,12582912,-32,277,-94,-427
2.353554223000174,1779567057.9260857,3793,31818,6,12582912,-32,268,-93,-424
2.353554223000174,1779567057.9260857,3793,31819,7,12582912,-29,268,-92,-424
2.396383479999713,1779567057.9689145,3794,31820,0,12582912,-30,272,-90,-419
2.396383479999713,1779567057.9689145,3794,31821,1,12582912,-36,269,-89,-410
2.396383479999713,1779567057.9689145,3794,31822,2,12582912,-37,260,-88,-402
2.396383479999713,1779567057.9689145,3794,31823,3,12582912,-33,253,-87,-399
2.396383479999713,1779567057.9689145,3794,31824,4,12582912,-30,252,-86,-398
2.396383479999713,1779567057.9689145,3794,31825,5,12582912,-36,255,-85,-393
2.396383479999713,1779567057.9689145,3794,31826,6,12582912,-39,252,-84,-385
2.396383479999713,1779567057.9689145,3794,31827,7,12582912,-31,244,-83,-378
2.512889861000076,1779567058.0854216,3795,31828,0,12582912,-24,238,-82,-375
2.512889861000076,1779567058.0854216,3795,31829,1,12582912,-30,237,-81,-373
2.512889861000076,1779567058.0854216,3795,31830,2,12582912,-35,239,-80,-369
2.512889861000076,1779567058.0854216,3795,31831,3,12582912,-26,236,-79,-362
2.512889861000076,1779567058.0854216,3795,31832,4,12582912,-13,230,-78,-355
2.512889861000076,1779567058.0854216,3795,31833,5,12582912,-15,224,-77,-352
2.512889861000076,1779567058.0854216,3795,31834,6,12582912,-29,223,-76,-350
2.512889861000076,1779567058.0854216,3795,31835,7,12582912,-39,224,-75,-346
2.5132348549996095,1779567058.0857646,3796,31836,0,12582912,-34,221,-74,-340
2.5132348549996095,1779567058.0857646,3796,31837,1,12582912,-23,216,-73,-334
2.5132348549996095,1779567058.0857646,3796,31838,2,12582912,-23,211,-72,-331
2.5132348549996095,1779567058.0857646,3796,31839,3,12582912,-28,210,-71,-328
2.5132348549996095,1779567058.0857646,3796,31840,4,12582912,-23,210,-70,-325
2.5132348549996095,1779567058.0857646,3796,31841,5,12582912,-5,207,-69,-319
2.5132348549996095,1779567058.0857646,3796,31842,6,12582912,3,203,-69,-314
2.5132348549996095,1779567058.0857646,3796,31843,7,12582912,-8,199,-68,-311
2.5135324010007025,1779567058.0860617,3797,31844,0,12582912,-17,197,-67,-308
2.5135324010007025,1779567058.0860617,3797,31845,1,12582912,-10,197,-66,-305
2.5135324010007025,1779567058.0860617,3797,31846,2,12582912,-6,194,-65,-300
2.5135324010007025,1779567058.0860617,3797,31847,3,12582912,-17,190,-64,-295
2.5135324010007025,1779567058.0860617,3797,31848,4,12582912,-26,187,-64,-292
2.5135324010007025,1779567058.0860617,3797,31849,5,12582912,-21,185,-63,-289
2.5135324010007025,1779567058.0860617,3797,31850,6,12582912,-12,185,-62,-286
2.5135324010007025,1779567058.0860617,3797,31851,7,12582912,-12,182,-61,-281
2.5655211249995773,1779567058.138052,3798,31852,0,12582912,-21,179,-61,-277
2.5655211249995773,1779567058.138052,3798,31853,1,12582912,-22,176,-60,-274
2.5655211249995773,1779567058.138052,3798,31854,2,12582912,-15,174,-59,-272
2.5655211249995773,1779567058.138052,3798,31855,3,12582912,-16,173,-58,-268
2.5655211249995773,1779567058.138052,3798,31856,4,12582912,-28,171,-58,-264
2.5655211249995773,1779567058.138052,3798,31857,5,12582912,-38,168,-57,-260
2.5655211249995773,1779567058.138052,3798,31858,6,12582912,-34,165,-56,-258
2.5655211249995773,1779567058.138052,3798,31859,7,12582912,-19,164,-55,-255
2.587324002000969,1779567058.159855,3799,31860,0,12582912,-16,162,-55,-252
2.587324002000969,1779567058.159855,3799,31861,1,12582912,-26,161,-54,-248
2.587324002000969,1779567058.159855,3799,31862,2,12582912,-25,158,-53,-245
2.587324002000969,1779567058.159855,3799,31863,3,12582912,-11,155,-53,-242
2.587324002000969,1779567058.159855,3799,31864,4,12582912,-7,154,-52,-239
2.587324002000969,1779567058.159855,3799,31865,5,12582912,-22,152,-51,-236
2.587324002000969,1779567058.159855,3799,31866,6,12582912,-38,151,-51,-233
2.587324002000969,1779567058.159855,3799,31867,7,12582912,-34,148,-50,-230
2.61488260599981,1779567058.1874137,3800,31868,0,12582912,-22,146,-49,-227
2.61488260599981,1779567058.1874137,3800,31869,1,12582912,-24,144,-49,-225
2.61488260599981,1779567058.1874137,3800,31870,2,12582912,-32,143,-48,-222
2.61488260599981,1779567058.1874137,3800,31871,3,12582912,-29,141,-48,-219
2.61488260599981,1779567058.1874137,3800,31872,4,12582912,-22,139,-47,-216
2.61488260599981,1779567058.1874137,3800,31873,5,12582912,-21,137,-46,-213
2.61488260599981,1779567058.1874137,3800,31874,6,12582912,-24,136,-46,-211
2.61488260599981,1779567058.1874137,3800,31875,7,12582912,-22,134,-45,-208
2.658043629000531,1779567058.2305746,3801,31876,0,12582912,-14,133,115,5
2.658043629000531,1779567058.2305746,3801,31877,1,12582912,-9,131,375,350
2.658043629000531,1779567058.2305746,3801,31878,2,12582912,-11,129,354,324
2.658043629000531,1779567058.2305746,3801,31879,3,12582912,-8,127,142,46
2.658043629000531,1779567058.2305746,3801,31880,4,12582912,-7,126,5,-133
2.658043629000531,1779567058.2305746,3801,31881,5,12582912,-15,125,-75,-237
2.658043629000531,1779567058.2305746,3801,31882,6,12582912,-19,123,-119,-293
2.658043629000531,1779567058.2305746,3801,31883,7,12582912,-9,121,-104,-271
2.6797895279996737,1779567058.2523205,3802,31884,0,12582912,4,120,-45,-192
2.6797895279996737,1779567058.2523205,3802,31885,1,12582912,-2,118,-10,-145
2.6797895279996737,1779567058.2523205,3802,31886,2,12582912,-26,117,-34,-174
2.6797895279996737,1779567058.2523205,3802,31887,3,12582912,-33,115,-78,-230
2.6797895279996737,1779567058.2523205,3802,31888,4,12582912,-7,114,-82,-234
2.6797895279996737,1779567058.2523205,3802,31889,5,12582912,20,112,-45,-184
2.6797895279996737,1779567058.2523205,3802,31890,6,12582912,10,111,-19,-149
2.6797895279996737,1779567058.2523205,3802,31891,7,12582912,-25,110,-37,-170
2.72272534700096,1779567058.2952564,3803,31892,0,12582912,-37,108,-69,-211
2.72272534700096,1779567058.2952564,3803,31893,1,12582912,-6,107,-72,-213
2.72272534700096,1779567058.2952564,3803,31894,2,12582912,27,106,-43,-174
2.72272534700096,1779567058.2952564,3803,31895,3,12582912,15,104,-23,-146
2.72272534700096,1779567058.2952564,3803,31896,4,12582912,-26,103,-37,-162
2.72272534700096,1779567058.2952564,3803,31897,5,12582912,-42,102,-61,-194
2.72272534700096,1779567058.2952564,3803,31898,6,12582912,-11,100,-63,-195
2.72272534700096,1779567058.2952564,3803,31899,7,12582912,25,99,-41,-164
2.7444757249995746,1779567058.3170068,3804,31900,0,12582912,17,98,-26,-142
2.7444757249995746,1779567058.3170068,3804,31901,1,12582912,-22,97,-36,-154
2.7444757249995746,1779567058.3170068,3804,31902,2,12582912,-40,96,-55,-178
2.7444757249995746,1779567058.3170068,3804,31903,3,12582912,-14,94,-56,-179
2.7444757249995746,1779567058.3170068,3804,31904,4,12582912,21,93,-39,-155
2.7444757249995746,1779567058.3170068,3804,31905,5,12582912,22,92,-27,-138
2.7444757249995746,1779567058.3170068,3804,31906,6,12582912,-7,91,-35,-147
2.7444757249995746,1779567058.3170068,3804,31907,7,12582912,-26,90,-50,-165
2.781594412001141,1779567058.3541245,3805,31908,0,12582912,-12,89,-51,-165
2.781594412001141,1779567058.3541245,3805,31909,1,12582912,11,87,-37,-146
2.781594412001141,1779567058.3541245,3805,31910,2,12582912,7,86,-28,-132
2.781594412001141,1779567058.3541245,3805,31911,3,12582912,-21,85,-34,-139
2.781594412001141,1779567058.3541245,3805,31912,4,12582912,-37,84,-45,-153
2.781594412001141,1779567058.3541245,3805,31913,5,12582912,-22,83,-46,-152
2.781594412001141,1779567058.3541245,3805,31914,6,12582912,3,82,-35,-138
2.781594412001141,1779567058.3541245,3805,31915,7,12582912,8,81,-28,-127
2.8119321310005034,1779567058.384462,3806,31916,0,12582912,-9,80,-33,-132
2.8119321310005034,1779567058.384462,3806,31917,1,12582912,-20,79,-41,-142
2.8119321310005034,1779567058.384462,3806,31918,2,12582912,-9,78,-42,-141
2.8119321310005034,1779567058.384462,3806,31919,3,12582912,10,77,-33,-130
2.8119321310005034,1779567058.384462,3806,31920,4,12582912,13,76,-28,-121
2.8119321310005034,1779567058.384462,3806,31921,5,12582912,-1,75,-31,-124
2.8119321310005034,1779567058.384462,3806,31922,6,12582912,-12,74,-38,-132
2.8119321310005034,1779567058.384462,3806,31923,7,12582912,-6,73,-38,-131
2.8332618399999774,1779567058.4057925,3807,31924,0,12582912,4,72,-32,-122
2.8332618399999774,1779567058.4057925,3807,31925,1,12582912,0,72,-27,-115
2.8332618399999774,1779567058.4057925,3807,31926,2,12582912,-15,71,-30,-117
2.8332618399999774,1779567058.4057925,3807,31927,3,12582912,-25,70,-35,-123
2.8332618399999774,1779567058.4057925,3807,31928,4,12582912,-18,69,-35,-122
2.8332618399999774,1779567058.4057925,3807,31929,5,12582912,-6,68,-30,-115
2.8332618399999774,1779567058.4057925,3807,31930,6,12582912,-3,67,-26,-109
2.8332618399999774,1779567058.4057925,3807,31931,7,12582912,-8,66,-28,-111
2.884064126999874,1779567058.4565952,3808,31932,0,12582912,-12,66,-32,-115
2.884064126999874,1779567058.4565952,3808,31933,1,12582912,-10,65,-32,-114
2.884064126999874,1779567058.4565952,3808,31934,2,12582912,-5,64,-28,-108
2.884064126999874,1779567058.4565952,3808,31935,3,12582912,-4,63,-25,-103
2.884064126999874,1779567058.4565952,3808,31936,4,12582912,-9,62,-27,-104
2.884064126999874,1779567058.4565952,3808,31937,5,12582912,-15,62,-30,-107
2.884064126999874,1779567058.4565952,3808,31938,6,12582912,-13,61,-30,-106
2.884064126999874,1779567058.4565952,3808,31939,7,12582912,-3,60,-27,-101
2.905595498999901,1779567058.4781263,3809,31940,0,12582912,5,59,-24,-98
2.905595498999901,1779567058.4781263,3809,31941,1,12582912,2,59,-25,-98
2.905595498999901,1779567058.4781263,3809,31942,2,12582912,-6,58,-28,-100
2.905595498999901,1779567058.4781263,3809,31943,3,12582912,-8,57,-27,-99
2.905595498999901,1779567058.4781263,3809,31944,4,12582912,0,56,-25,-95
2.905595498999901,1779567058.4781263,3809,31945,5,12582912,12,56,-23,-92
2.905595498999901,1779567058.4781263,3809,31946,6,12582912,16,55,-24,-92
2.905595498999901,1779567058.4781263,3809,31947,7,12582912,14,54,-26,-94
2.9485234010007844,1779567058.5210545,3810,31948,0,12582912,14,54,-26,-93
2.9485234010007844,1779567058.5210545,3810,31949,1,12582912,13,53,-24,-90
2.9485234010007844,1779567058.5210545,3810,31950,2,12582912,8,52,-22,-87
2.9485234010007844,1779567058.5210545,3810,31951,3,12582912,3,52,-23,-87
2.9485234010007844,1779567058.5210545,3810,31952,4,12582912,-6,51,-24,-88
2.9485234010007844,1779567058.5210545,3810,31953,5,12582912,-11,50,-24,-87
2.9485234010007844,1779567058.5210545,3810,31954,6,12582912,-8,50,-22,-84
2.9485234010007844,1779567058.5210545,3810,31955,7,12582912,-7,49,-21,-82
2.986520770000425,1779567058.5590508,3811,31956,0,12582912,-13,48,-21,-82
2.986520770000425,1779567058.5590508,3811,31957,1,12582912,-21,48,-22,-82
2.986520770000425,1779567058.5590508,3811,31958,2,12582912,-24,47,-22,-81
2.986520770000425,1779567058.5590508,3811,31959,3,12582912,-19,47,-21,-79
2.986520770000425,1779567058.5590508,3811,31960,4,12582912,-14,46,-20,-77
2.986520770000425,1779567058.5590508,3811,31961,5,12582912,-11,46,-20,-77
2.986520770000425,1779567058.5590508,3811,31962,6,12582912,-6,45,-21,-77
2.986520770000425,1779567058.5590508,3811,31963,7,12582912,1,44,-21,-76
3.007738762000372,1779567058.5802689,3812,31964,0,12582912,7,44,-20,-74
3.007738762000372,1779567058.5802689,3812,31965,1,12582912,9,43,-19,-73
3.007738762000372,1779567058.5802689,3812,31966,2,12582912,4,43,-19,-72
3.007738762000372,1779567058.5802689,3812,31967,3,12582912,1,42,-19,-72
3.007738762000372,1779567058.5802689,3812,31968,4,12582912,4,42,-19,-72
3.007738762000372,1779567058.5802689,3812,31969,5,12582912,11,41,-18,-70
3.007738762000372,1779567058.5802689,3812,31970,6,12582912,16,41,-18,-68
3.007738762000372,1779567058.5802689,3812,31971,7,12582912,13,40,-18,-68
3.0289868060008303,1779567058.6015167,3813,31972,0,12582912,9,40,-18,-68
3.0289868060008303,1779567058.6015167,3813,31973,1,12582912,10,39,-18,-67
3.0289868060008303,1779567058.6015167,3813,31974,2,12582912,12,39,-17,-66
3.0289868060008303,1779567058.6015167,3813,31975,3,12582912,8,38,-17,-64
3.0289868060008303,1779567058.6015167,3813,31976,4,12582912,1,38,-17,-64
3.0289868060008303,1779567058.6015167,3813,31977,5,12582912,-6,37,-17,-64
3.0289868060008303,1779567058.6015167,3813,31978,6,12582912,-10,37,-17,-63
3.0289868060008303,1779567058.6015167,3813,31979,7,12582912,-7,36,-16,-62
3.056737697999779,1779567058.629268,3814,31980,0,12582912,-1,36,-16,-61
3.056737697999779,1779567058.629268,3814,31981,1,12582912,4,35,-16,-60
3.056737697999779,1779567058.629268,3814,31982,2,12582912,3,35,-16,-60
3.056737697999779,1779567058.629268,3814,31983,3,12582912,-13,35,-16,-59
3.056737697999779,1779567058.629268,3814,31984,4,12582912,-29,34,-15,-58
3.056737697999779,1779567058.629268,3814,31985,5,12582912,-17,34,-15,-57
3.056737697999779,1779567058.629268,3814,31986,6,12582912,28,33,-15,-56
3.056737697999779,1779567058.629268,3814,31987,7,12582912,51,33,-15,-56
3.0996079449996614,1779567058.6721387,3815,31988,0,12582912,10,32,-15,-55
3.0996079449996614,1779567058.6721387,3815,31989,1,12582912,-51,32,-14,-54
3.0996079449996614,1779567058.6721387,3815,31990,2,12582912,-53,32,-14,-54
3.0996079449996614,1779567058.6721387,3815,31991,3,12582912,3,31,-14,-53
3.0996079449996614,1779567058.6721387,3815,31992,4,12582912,40,31,-14,-53
3.0996079449996614,1779567058.6721387,3815,31993,5,12582912,14,30,-14,-52
3.0996079449996614,1779567058.6721387,3815,31994,6,12582912,-30,30,-14,-51
3.0996079449996614,1779567058.6721387,3815,31995,7,12582912,-27,30,-13,-50
3.148165066000729,1779567058.720696,3816,31996,0,12582912,17,29,-13,-50
3.148165066000729,1779567058.720696,3816,31997,1,12582912,37,29,-13,-49
3.148165066000729,1779567058.720696,3816,31998,2,12582912,10,29,-13,-49
3.148165066000729,1779567058.720696,3816,31999,3,12582912,-24,28,-13,-48
3.148165066000729,1779567058.720696,3816,32000,4,12582912,-19,28,-12,-47
3.148165066000729,1779567058.720696,3816,32001,5,12582912,20,28,-12,-47
3.148165066000729,1779567058.720696,3816,32002,6,12582912,49,27,-12,-46
3.148165066000729,1779567058.720696,3816,32003,7,12582912,39,27,-12,-46
3.1699419540000235,1779567058.742473,3817,32004,0,12582912,7,27,-12,-45
3.1699419540000235,1779567058.742473,3817,32005,1,12582912,-11,26,-12,-44
3.1699419540000235,1779567058.742473,3817,32006,2,12582912,0,26,-12,-44
3.1699419540000235,1779567058.742473,3817,32007,3,12582912,13,26,-12,-43
3.1699419540000235,1779567058.742473,3817,32008,4,12582912,8,25,-11,-43
3.1699419540000235,1779567058.742473,3817,32009,5,12582912,-5,25,-11,-42
3.1699419540000235,1779567058.742473,3817,32010,6,12582912,-6,25,-11,-42
3.1699419540000235,1779567058.742473,3817,32011,7,12582912,8,24,-11,-41
3.204816462999588,1779567058.7773473,3818,32012,0,12582912,20,24,-11,-41
3.204816462999588,1779567058.7773473,3818,32013,1,12582912,16,24,-11,-40
3.204816462999588,1779567058.7773473,3818,32014,2,12582912,3,23,-11,-40
3.204816462999588,1779567058.7773473,3818,32015,3,12582912,0,23,-10,-39
3.204816462999588,1779567058.7773473,3818,32016,4,12582912,12,23,-10,-39
3.204816462999588,1779567058.7773473,3818,32017,5,12582912,20,23,-10,-38
3.204816462999588,1779567058.7773473,3818,32018,6,12582912,17,22,-10,-38
3.204816462999588,1779567058.7773473,3818,32019,7,12582912,12,22,-10,-37
3.22650814500048,1779567058.7990391,3819,32020,0,12582912,8,22,-10,-37
3.22650814500048,1779567058.7990391,3819,32021,1,12582912,3,21,-10,-36
3.22650814500048,1779567058.7990391,3819,32022,2,12582912,-3,21,-10,-36
3.22650814500048,1779567058.7990391,3819,32023,3,12582912,-6,21,-9,-36
3.22650814500048,1779567058.7990391,3819,32024,4,12582912,-4,21,-9,-35
3.22650814500048,1779567058.7990391,3819,32025,5,12582912,0,20,-9,-35
3.22650814500048,1779567058.7990391,3819,32026,6,12582912,5,20,-9,-34
3.22650814500048,1779567058.7990391,3819,32027,7,12582912,9,20,-9,-34
3.27485037400038,1779567058.8473816,3820,32028,0,12582912,6,20,-9,-33
3.27485037400038,1779567058.8473816,3820,32029,1,12582912,-3,19,-9,-33
3.27485037400038,1779567058.8473816,3820,32030,2,12582912,-6,19,-9,-32
3.27485037400038,1779567058.8473816,3820,32031,3,12582912,-2,19,-8,-32
3.27485037400038,1779567058.8473816,3820,32032,4,12582912,1,19,-8,-32
3.27485037400038,1779567058.8473816,3820,32033,5,12582912,-1,18,-8,-31
3.27485037400038,1779567058.8473816,3820,32034,6,12582912,-5,18,-8,-31
3.27485037400038,1779567058.8473816,3820,32035,7,12582912,-8,18,-8,-31
3.3012389989999065,1779567058.8737688,3821,32036,0,12582912,-5,18,-8,-30
3.3012389989999065,1779567058.8737688,3821,32037,1,12582912,-3,18,-8,-30
3.3012389989999065,1779567058.8737688,3821,32038,2,12582912,-6,17,-8,-29
3.3012389989999065,1779567058.8737688,3821,32039,3,12582912,-10,17,-8,-29
3.3012389989999065,1779567058.8737688,3821,32040,4,12582912,-7,17,-8,-29
3.3012389989999065,1779567058.8737688,3821,32041,5,12582912,0,17,-7,-28
3.3012389989999065,1779567058.8737688,3821,32042,6,12582912,5,16,-7,-28
3.3012389989999065,1779567058.8737688,3821,32043,7,12582912,4,16,-7,-28
3.336316369999622,1779567058.9088478,3822,32044,0,12582912,-2,16,-7,-27
3.336316369999622,1779567058.9088478,3822,32045,1,12582912,-9,16,-7,-27
3.336316369999622,1779567058.9088478,3822,32046,2,12582912,-12,16,-7,-27
3.336316369999622,1779567058.9088478,3822,32047,3,12582912,-11,15,-7,-26
3.336316369999622,1779567058.9088478,3822,32048,4,12582912,-11,15,-7,-26
3.336316369999622,1779567058.9088478,3822,32049,5,12582912,-14,15,-7,-26
3.336316369999622,1779567058.9088478,3822,32050,6,12582912,-13,15,-7,-25
3.336316369999622,1779567058.9088478,3822,32051,7,12582912,-5,15,-7,-25
3.358024405000833,1779567058.9305553,3823,32052,0,12582912,3,15,-7,-25
3.358024405000833,1779567058.9305553,3823,32053,1,12582912,2,14,-6,-24
3.358024405000833,1779567058.9305553,3823,32054,2,12582912,-7,14,-6,-24
3.358024405000833,1779567058.9305553,3823,32055,3,12582912,-12,14,-6,-24
3.358024405000833,1779567058.9305553,3823,32056,4,12582912,-9,14,-6,-23
3.358024405000833,1779567058.9305553,3823,32057,5,12582912,-7,14,-6,-23
3.358024405000833,1779567058.9305553,3823,32058,6,12582912,-10,13,-6,-23
3.358024405000833,1779567058.9305553,3823,32059,7,12582912,-11,13,-6,-23
3.4171607050011517,1779567058.9896917,3824,32060,0,12582912,-8,13,-6,-22
3.4171607050011517,1779567058.9896917,3824,32061,1,12582912,-2,13,-6,-22
3.4171607050011517,1779567058.9896917,3824,32062,2,12582912,0,13,-6,-22
3.4171607050011517,1779567058.9896917,3824,32063,3,12582912,-3,13,-6,-21
3.4171607050011517,1779567058.9896917,3824,32064,4,12582912,-8,12,-6,-21
3.4171607050011517,1779567058.9896917,3824,32065,5,12582912,-10,12,-6,-21
3.4171607050011517,1779567058.9896917,3824,32066,6,12582912,-7,12,-5,-21
3.4171607050011517,1779567058.9896917,3824,32067,7,12582912,-6,12,-5,-20
3.4175129899995227,1779567058.9900427,3825,32068,0,12582912,-11,12,-5,-20
3.4175129899995227,1779567058.9900427,3825,32069,1,12582912,-18,12,-5,-20
3.4175129899995227,1779567058.9900427,3825,32070,2,12582912,-21,12,-5,-20
3.4175129899995227,1779567058.9900427,3825,32071,3,12582912,-16,11,-5,-19
3.4175129899995227,1779567058.9900427,3825,32072,4,12582912,-7,11,-5,-19
3.4175129899995227,1779567058.9900427,3825,32073,5,12582912,-3,11,-5,-19
3.4175129899995227,1779567058.9900427,3825,32074,6,12582912,-5,11,-5,-19
3.4175129899995227,1779567058.9900427,3825,32075,7,12582912,-10,11,-5,-18
3.5139691730000777,1779567059.0865006,3826,32076,0,12582912,-11,11,-5,-18
3.5139691730000777,1779567059.0865006,3826,32077,1,12582912,-11,11,-5,-18
3.5139691730000777,1779567059.0865006,3826,32078,2,12582912,-13,10,-5,-18
3.5139691730000777,1779567059.0865006,3826,32079,3,12582912,-15,10,-5,-18
3.5139691730000777,1779567059.0865006,3826,32080,4,12582912,-16,10,-5,-17
3.5139691730000777,1779567059.0865006,3826,32081,5,12582912,-17,10,-5,-17
3.5139691730000777,1779567059.0865006,3826,32082,6,12582912,-14,10,-4,-17
3.5139691730000777,1779567059.0865006,3826,32083,7,12582912,-8,10,-4,-17
3.514293386000645,1779567059.086823,3827,32084,0,12582912,-2,10,-4,-16
3.514293386000645,1779567059.086823,3827,32085,1,12582912,1,10,-4,-16
3.514293386000645,1779567059.086823,3827,32086,2,12582912,-3,9,-4,-16
3.514293386000645,1779567059.086823,3827,32087,3,12582912,-7,9,-4,-16
3.514293386000645,1779567059.086823,3827,32088,4,12582912,-7,9,-4,-16
3.514293386000645,1779567059.086823,3827,32089,5,12582912,-3,9,-4,-15
3.514293386000645,1779567059.086823,3827,32090,6,12582912,1,9,-4,-15
3.514293386000645,1779567059.086823,3827,32091,7,12582912,1,9,-4,-15
3.5145837449999817,1779567059.0871131,3828,32092,0,12582912,-5,9,-4,-15
3.5145837449999817,1779567059.0871131,3828,32093,1,12582912,-12,9,-4,-15
3.5145837449999817,1779567059.0871131,3828,32094,2,12582912,-11,9,-4,-15
3.5145837449999817,1779567059.0871131,3828,32095,3,12582912,-7,8,-4,-14
3.5145837449999817,1779567059.0871131,3828,32096,4,12582912,-8,8,-4,-14
3.5145837449999817,1779567059.0871131,3828,32097,5,12582912,-13,8,-4,-14
3.5145837449999817,1779567059.0871131,3828,32098,6,12582912,-11,8,-4,-14
3.5145837449999817,1779567059.0871131,3828,32099,7,12582912,-9,8,-4,-14
3.561341108999841,1779567059.1338723,3829,32100,0,12582912,-11,8,-4,-13
3.561341108999841,1779567059.1338723,3829,32101,1,12582912,-15,8,-4,-13
3.561341108999841,1779567059.1338723,3829,32102,2,12582912,-15,8,-3,-13
3.561341108999841,1779567059.1338723,3829,32103,3,12582912,-9,8,-3,-13
3.561341108999841,1779567059.1338723,3829,32104,4,12582912,-1,8,-3,-13
3.561341108999841,1779567059.1338723,3829,32105,5,12582912,1,7,-3,-13
3.561341108999841,1779567059.1338723,3829,32106,6,12582912,-5,7,-3,-13
3.561341108999841,1779567059.1338723,3829,32107,7,12582912,-12,7,-3,-12
3.5968883160003315,1779567059.1694193,3830,32108,0,12582912,-10,7,-3,-12
3.5968883160003315,1779567059.1694193,3830,32109,1,12582912,-1,7,-3,-12
3.5968883160003315,1779567059.1694193,3830,32110,2,12582912,0,7,-3,-12
3.5968883160003315,1779567059.1694193,3830,32111,3,12582912,-6,7,-3,-12
3.5968883160003315,1779567059.1694193,3830,32112,4,12582912,-9,7,-3,-12
3.5968883160003315,1779567059.1694193,3830,32113,5,12582912,-5,7,-3,-11
3.5968883160003315,1779567059.1694193,3830,32114,6,12582912,4,7,-3,-11
3.5968883160003315,1779567059.1694193,3830,32115,7,12582912,6,7,-3,-11
3.6354053640006896,1779567059.2079368,3831,32116,0,12582912,-1,6,-3,-11
3.6354053640006896,1779567059.2079368,3831,32117,1,12582912,-8,6,-3,-11
3.6354053640006896,1779567059.2079368,3831,32118,2,12582912,-8,6,-3,-11
3.6354053640006896,1779567059.2079368,3831,32119,3,12582912,-7,6,-3,-11
3.6354053640006896,1779567059.2079368,3831,32120,4,12582912,-5,6,-3,-10
3.6354053640006896,1779567059.2079368,3831,32121,5,12582912,-6,6,-3,-10
3.6354053640006896,1779567059.2079368,3831,32122,6,12582912,-7,6,-3,-10
3.6354053640006896,1779567059.2079368,3831,32123,7,12582912,-6,6,-3,-10
3.642156332000013,1779567059.214688,3832,32124,0,12582912,-5,6,-3,-10
3.642156332000013,1779567059.214688,3832,32125,1,12582912,-6,6,-3,-10
3.642156332000013,1779567059.214688,3832,32126,2,12582912,-8,6,-3,-10
3.642156332000013,1779567059.214688,3832,32127,3,12582912,-8,6,-3,-10
3.642156332000013,1779567059.214688,3832,32128,4,12582912,-9,6,-3,-9
3.642156332000013,1779567059.214688,3832,32129,5,12582912,-12,6,-2,-9
3.642156332000013,1779567059.214688,3832,32130,6,12582912,-15,5,-2,-9
3.642156332000013,1779567059.214688,3832,32131,7,12582912,-15,5,-2,-9
3.691736091999701,1779567059.264266,3833,32132,0,12582912,-12,5,-2,-9
3.691736091999701,1779567059.264266,3833,32133,1,12582912,-8,5,-2,-9
3.691736091999701,1779567059.264266,3833,32134,2,12582912,-6,5,-2,-9
3.691736091999701,1779567059.264266,3833,32135,3,12582912,-6,5,-2,-9
3.691736091999701,1779567059.264266,3833,32136,4,12582912,-8,5,-2,-9
3.691736091999701,1779567059.264266,3833,32137,5,12582912,-11,5,-2,-8
3.691736091999701,1779567059.264266,3833,32138,6,12582912,-14,5,-2,-8
3.691736091999701,1779567059.264266,3833,32139,7,12582912,-17,5,-2,-8
3.713317359000939,1779567059.285848,3834,32140,0,12582912,-15,5,-2,-8
3.713317359000939,1779567059.285848,3834,32141,1,12582912,-10,5,-2,-8
3.713317359000939,1779567059.285848,3834,32142,2,12582912,-8,5,-2,-8
3.713317359000939,1779567059.285848,3834,32143,3,12582912,-12,5,-2,-8
3.713317359000939,1779567059.285848,3834,32144,4,12582912,-16,5,-2,-8
3.713317359000939,1779567059.285848,3834,32145,5,12582912,-15,5,-2,-8
3.713317359000939,1779567059.285848,3834,32146,6,12582912,-11,4,-2,-8
3.713317359000939,1779567059.285848,3834,32147,7,12582912,-8,4,-2,-7
3.735198047999802,1779567059.3077285,3835,32148,0,12582912,-7,4,-2,-7
3.735198047999802,1779567059.3077285,3835,32149,1,12582912,-6,4,-2,-7
3.735198047999802,1779567059.3077285,3835,32150,2,12582912,-5,4,-2,-7
3.735198047999802,1779567059.3077285,3835,32151,3,12582912,-5,4,-2,-7
3.735198047999802,1779567059.3077285,3835,32152,4,12582912,-9,4,-2,-7
3.735198047999802,1779567059.3077285,3835,32153,5,12582912,-12,4,-2,-7
3.735198047999802,1779567059.3077285,3835,32154,6,12582912,-11,4,-2,-7
3.735198047999802,1779567059.3077285,3835,32155,7,12582912,-6,4,-2,-7
3.7779268930007674,1779567059.3504581,3836,32156,0,12582912,-3,4,-2,-7
3.7779268930007674,1779567059.3504581,3836,32157,1,12582912,-5,4,-2,-7
3.7779268930007674,1779567059.3504581,3836,32158,2,12582912,-10,4,-2,-7
3.7779268930007674,1779567059.3504581,3836,32159,3,12582912,-16,4,-2,-6
3.7779268930007674,1779567059.3504581,3836,32160,4,12582912,-19,4,-2,-6
3.7779268930007674,1779567059.3504581,3836,32161,5,12582912,-17,4,-2,-6
3.7779268930007674,1779567059.3504581,3836,32162,6,12582912,-12,4,-2,-6
3.7779268930007674,1779567059.3504581,3836,32163,7,12582912,-7,4,-2,-6
3.8002015849997406,1779567059.3727329,3837,32164,0,12582912,-6,4,-2,-6
3.8002015849997406,1779567059.3727329,3837,32165,1,12582912,-5,4,-2,-6
3.8002015849997406,1779567059.3727329,3837,32166,2,12582912,-2,3,-2,-6
3.8002015849997406,1779567059.3727329,3837,32167,3,12582912,2,3,-2,-6
3.8002015849997406,1779567059.3727329,3837,32168,4,12582912,0,3,-2,-6
3.8002015849997406,1779567059.3727329,3837,32169,5,12582912,-6,3,-2,-6
3.8002015849997406,1779567059.3727329,3837,32170,6,12582912,-10,3,-1,-6
3.8002015849997406,1779567059.3727329,3837,32171,7,12582912,-11,3,-1,-6
3.850753827000517,1779567059.4232848,3838,32172,0,12582912,-13,3,-1,-5
3.850753827000517,1779567059.4232848,3838,32173,1,12582912,-13,3,-1,-5
3.850753827000517,1779567059.4232848,3838,32174,2,12582912,-14,3,-1,-5
3.850753827000517,1779567059.4232848,3838,32175,3,12582912,-16,3,-1,-5
3.850753827000517,1779567059.4232848,3838,32176,4,12582912,-17,3,-1,-5
3.850753827000517,1779567059.4232848,3838,32177,5,12582912,-17,3,-1,-5
3.850753827000517,1779567059.4232848,3838,32178,6,12582912,-17,3,-1,-5
3.850753827000517,1779567059.4232848,3838,32179,7,12582912,-18,3,-1,-5
3.8724197800002003,1779567059.4449508,3839,32180,0,12582912,-17,3,-1,-5
3.8724197800002003,1779567059.4449508,3839,32181,1,12582912,-14,3,-1,-5
3.8724197800002003,1779567059.4449508,3839,32182,2,12582912,-10,3,-1,-5
3.8724197800002003,1779567059.4449508,3839,32183,3,12582912,-4,3,-1,-5
3.8724197800002003,1779567059.4449508,3839,32184,4,12582912,1,3,-1,-5
3.8724197800002003,1779567059.4449508,3839,32185,5,12582912,0,3,-1,-5
3.8724197800002003,1779567059.4449508,3839,32186,6,12582912,-8,3,-1,-5
3.8724197800002003,1779567059.4449508,3839,32187,7,12582912,-13,3,-1,-5
3.9154702850009926,1779567059.488001,3840,32188,0,12582912,-11,3,-1,-4
3.9154702850009926,1779567059.488001,3840,32189,1,12582912,-7,3,-1,-4
3.9154702850009926,1779567059.488001,3840,32190,2,12582912,-7,3,-1,-4
3.9154702850009926,1779567059.488001,3840,32191,3,12582912,-10,3,-1,-4
3.9154702850009926,1779567059.488001,3840,32192,4,12582912,-11,2,-1,-4
3.9154702850009926,1779567059.488001,3840,32193,5,12582912,-12,2,-1,-4
3.9154702850009926,1779567059.488001,3840,32194,6,12582912,-10,2,-1,-4
3.9154702850009926,1779567059.488001,3840,32195,7,12582912,-6,2,-1,-4
3.9371330610010773,1779567059.5096645,3841,32196,0,12582912,-1,2,-1,-4
3.9371330610010773,1779567059.5096645,3841,32197,1,12582912,0,2,-1,-4
3.9371330610010773,1779567059.5096645,3841,32198,2,12582912,-3,2,-1,-4
3.9371330610010773,1779567059.5096645,3841,32199,3,12582912,-8,2,-1,-4
3.9371330610010773,1779567059.5096645,3841,32200,4,12582912,-12,2,-1,-4
3.9371330610010773,1779567059.5096645,3841,32201,5,12582912,-13,2,-1,-4
3.9371330610010773,1779567059.5096645,3841,32202,6,12582912,-12,2,-1,-4
3.9371330610010773,1779567059.5096645,3841,32203,7,12582912,-11,2,-1,-4
3.95973264299937,1779567059.532264,3842,32204,0,12582912,-11,2,-1,-4
3.95973264299937,1779567059.532264,3842,32205,1,12582912,-7,2,-1,-4
3.95973264299937,1779567059.532264,3842,32206,2,12582912,-3,2,-1,-4
3.95973264299937,1779567059.532264,3842,32207,3,12582912,-8,2,-1,-4
3.95973264299937,1779567059.532264,3842,32208,4,12582912,-14,2,-1,-3
3.95973264299937,1779567059.532264,3842,32209,5,12582912,-11,2,-1,-3
3.95973264299937,1779567059.532264,3842,32210,6,12582912,-7,2,-1,-3
3.95973264299937,1779567059.532264,3842,32211,7,12582912,-9,2,-1,-3
4.002654870000697,1779567059.5751858,3843,32212,0,12582912,-8,2,-1,-3
4.002654870000697,1779567059.5751858,3843,32213,1,12582912,-3,2,-1,-3
4.002654870000697,1779567059.5751858,3843,32214,2,12582912,-2,2,-1,-3
4.002654870000697,1779567059.5751858,3843,32215,3,12582912,-3,2,-1,-3
4.002654870000697,1779567059.5751858,3843,32216,4,12582912,-5,2,-1,-3
4.002654870000697,1779567059.5751858,3843,32217,5,12582912,-3,2,-1,-3
4.002654870000697,1779567059.5751858,3843,32218,6,12582912,1,2,-1,-3
4.002654870000697,1779567059.5751858,3843,32219,7,12582912,2,2,-1,-3
4.024391447001108,1779567059.5969224,3844,32220,0,12582912,0,2,-1,-3
4.024391447001108,1779567059.5969224,3844,32221,1,12582912,-2,2,-1,-3
4.024391447001108,1779567059.5969224,3844,32222,2,12582912,-5,2,-1,-3
4.024391447001108,1779567059.5969224,3844,32223,3,12582912,-6,2,-1,-3
4.024391447001108,1779567059.5969224,3844,32224,4,12582912,-5,2,-1,-3
4.024391447001108,1779567059.5969224,3844,32225,5,12582912,2,2,-1,-3
4.024391447001108,1779567059.5969224,3844,32226,6,12582912,9,2,-1,-3
4.024391447001108,1779567059.5969224,3844,32227,7,12582912,9,2,-1,-3
4.100648473000547,1779567059.6731796,3845,32228,0,12582912,4,2,-1,-3
4.100648473000547,1779567059.6731796,3845,32229,1,12582912,18,2,-1,-3
4.100648473000547,1779567059.6731796,3845,32230,2,12582912,59,2,-1,-3
4.100648473000547,1779567059.6731796,3845,32231,3,12582912,83,2,-1,-3
4.100648473000547,1779567059.6731796,3845,32232,4,12582912,67,2,-1,-3
4.100648473000547,1779567059.6731796,3845,32233,5,12582912,37,1,-1,-3
4.100648473000547,1779567059.6731796,3845,32234,6,12582912,13,1,-1,-3
4.100648473000547,1779567059.6731796,3845,32235,7,12582912,-4,1,-1,-2
4.100961800999357,1779567059.673491,3846,32236,0,12582912,-12,1,-1,-2
4.100961800999357,1779567059.673491,3846,32237,1,12582912,-10,1,-1,-2
4.100961800999357,1779567059.673491,3846,32238,2,12582912,-7,1,-1,-2
4.100961800999357,1779567059.673491,3846,32239,3,12582912,-8,1,-1,-2
4.100961800999357,1779567059.673491,3846,32240,4,12582912,-11,1,-1,-2
4.100961800999357,1779567059.673491,3846,32241,5,12582912,-10,1,-1,-2
4.100961800999357,1779567059.673491,3846,32242,6,12582912,-5,1,-1,-2
4.100961800999357,1779567059.673491,3846,32243,7,12582912,-2,1,-1,-2
4.134737894000864,1779567059.707269,3847,32244,0,12582912,-4,1,-1,-2
4.134737894000864,1779567059.707269,3847,32245,1,12582912,-10,1,-1,-2
4.134737894000864,1779567059.707269,3847,32246,2,12582912,-14,1,-1,-2
4.134737894000864,1779567059.707269,3847,32247,3,12582912,-13,1,-1,-2
4.134737894000864,1779567059.707269,3847,32248,4,12582912,-11,1,-1,-2
4.134737894000864,1779567059.707269,3847,32249,5,12582912,-8,1,-1,-2
4.134737894000864,1779567059.707269,3847,32250,6,12582912,-6,1,-1,-2
4.134737894000864,1779567059.707269,3847,32251,7,12582912,-6,1,-1,-2
4.156428481999683,1779567059.7289598,3848,32252,0,12582912,-5,1,-1,-2
4.156428481999683,1779567059.7289598,3848,32253,1,12582912,-4,1,-1,-2
4.156428481999683,1779567059.7289598,3848,32254,2,12582912,-7,1,-1,-2
4.156428481999683,1779567059.7289598,3848,32255,3,12582912,-7,1,-1,-2
4.156428481999683,1779567059.7289598,3848,32256,4,12582912,-6,1,-1,-2
4.156428481999683,1779567059.7289598,3848,32257,5,12582912,-5,1,0,-2
4.156428481999683,1779567059.7289598,3848,32258,6,12582912,-1,1,0,-2
4.156428481999683,1779567059.7289598,3848,32259,7,12582912,0,1,0,-2
4.183815267000682,1779567059.7563465,3849,32260,0,12582912,-6,1,0,-2
4.183815267000682,1779567059.7563465,3849,32261,1,12582912,-13,1,0,-2
4.183815267000682,1779567059.7563465,3849,32262,2,12582912,-12,1,0,-2
4.183815267000682,1779567059.7563465,3849,32263,3,12582912,-5,1,0,-2
4.183815267000682,1779567059.7563465,3849,32264,4,12582912,-2,1,0,-2
4.183815267000682,1779567059.7563465,3849,32265,5,12582912,-5,1,0,-2
4.183815267000682,1779567059.7563465,3849,32266,6,12582912,-7,1,0,-2
4.183815267000682,1779567059.7563465,3849,32267,7,12582912,-8,1,0,-2
4.226578486001017,1779567059.7991097,3850,32268,0,12582912,-12,1,0,-2
4.226578486001017,1779567059.7991097,3850,32269,1,12582912,-17,1,0,-2
4.226578486001017,1779567059.7991097,3850,32270,2,12582912,-19,1,0,-2
4.226578486001017,1779567059.7991097,3850,32271,3,12582912,-15,1,0,-2
4.226578486001017,1779567059.7991097,3850,32272,4,12582912,-9,1,0,-2
4.226578486001017,1779567059.7991097,3850,32273,5,12582912,-5,1,0,-2
4.226578486001017,1779567059.7991097,3850,32274,6,12582912,-4,1,0,-2
4.226578486001017,1779567059.7991097,3850,32275,7,12582912,-6,1,0,-1
4.263096196000333,1779567059.8356273,3851,32276,0,12582912,-10,1,0,-1
4.263096196000333,1779567059.8356273,3851,32277,1,12582912,-10,1,0,-1
4.263096196000333,1779567059.8356273,3851,32278,2,12582912,-6,1,0,-1
4.263096196000333,1779567059.8356273,3851,32279,3,12582912,-3,1,0,-1
4.263096196000333,1779567059.8356273,3851,32280,4,12582912,-3,1,0,-1
4.263096196000333,1779567059.8356273,3851,32281,5,12582912,-4,1,0,-1
4.263096196000333,1779567059.8356273,3851,32282,6,12582912,-3,1,0,-1
4.263096196000333,1779567059.8356273,3851,32283,7,12582912,-1,1,0,-1
4.284866261999923,1779567059.8573976,3852,32284,0,12582912,-2,1,0,-1
4.284866261999923,1779567059.8573976,3852,32285,1,12582912,-5,1,0,-1
4.284866261999923,1779567059.8573976,3852,32286,2,12582912,-6,1,0,-1
4.284866261999923,1779567059.8573976,3852,32287,3,12582912,-5,1,0,-1
4.284866261999923,1779567059.8573976,3852,32288,4,12582912,-2,1,0,-1
4.284866261999923,1779567059.8573976,3852,32289,5,12582912,-2,1,0,-1
4.284866261999923,1779567059.8573976,3852,32290,6,12582912,-7,1,0,-1
4.284866261999923,1779567059.8573976,3852,32291,7,12582912,-11,1,0,-1
4.3276227099995594,1779567059.9001539,3853,32292,0,12582912,-8,1,0,-1
4.3276227099995594,1779567059.9001539,3853,32293,1,12582912,-3,1,0,-1
4.3276227099995594,1779567059.9001539,3853,32294,2,12582912,-2,1,0,-1
4.3276227099995594,1779567059.9001539,3853,32295,3,12582912,-4,1,0,-1
4.3276227099995594,1779567059.9001539,3853,32296,4,12582912,-6,1,0,-1
4.3276227099995594,1779567059.9001539,3853,32297,5,12582912,-9,1,0,-1
4.3276227099995594,1779567059.9001539,3853,32298,6,12582912,-10,1,0,-1
4.3276227099995594,1779567059.9001539,3853,32299,7,12582912,-7,1,0,-1
4.362621177000619,1779567059.9351518,3854,32300,0,12582912,-5,1,0,-1
4.362621177000619,1779567059.9351518,3854,32301,1,12582912,-8,1,0,-1
4.362621177000619,1779567059.9351518,3854,32302,2,12582912,-9,1,0,-1
4.362621177000619,1779567059.9351518,3854,32303,3,12582912,-4,1,0,-1
4.362621177000619,1779567059.9351518,3854,32304,4,12582912,3,1,0,-1
4.362621177000619,1779567059.9351518,3854,32305,5,12582912,8,1,0,-1
4.362621177000619,1779567059.9351518,3854,32306,6,12582912,12,1,0,-1
4.362621177000619,1779567059.9351518,3854,32307,7,12582912,10,1,0,-1
4.384265048000088,1779567059.9567962,3855,32308,0,12582912,4,1,0,-1
4.384265048000088,1779567059.9567962,3855,32309,1,12582912,1,1,0,-1
4.384265048000088,1779567059.9567962,3855,32310,2,12582912,3,1,0,-1
4.384265048000088,1779567059.9567962,3855,32311,3,12582912,6,1,0,-1
4.384265048000088,1779567059.9567962,3855,32312,4,12582912,4,1,0,-1
4.384265048000088,1779567059.9567962,3855,32313,5,12582912,-1,1,0,-1
4.384265048000088,1779567059.9567962,3855,32314,6,12582912,-5,1,0,-1
4.384265048000088,1779567059.9567962,3855,32315,7,12582912,-6,1,0,-1
4.406605883999873,1779567059.979137,3856,32316,0,12582912,-1,1,0,-1
4.406605883999873,1779567059.979137,3856,32317,1,12582912,7,1,0,-1
4.406605883999873,1779567059.979137,3856,32318,2,12582912,12,1,0,-1
4.406605883999873,1779567059.979137,3856,32319,3,12582912,12,1,0,-1
4.406605883999873,1779567059.979137,3856,32320,4,12582912,11,0,0,-1
4.406605883999873,1779567059.979137,3856,32321,5,12582912,9,0,0,-1
4.406605883999873,1779567059.979137,3856,32322,6,12582912,3,0,0,-1
4.406605883999873,1779567059.979137,3856,32323,7,12582912,-1,0,0,-1
4.497198168000978,1779567060.0697293,3857,32324,0,12582912,2,0,0,-1
4.497198168000978,1779567060.0697293,3857,32325,1,12582912,7,0,0,-1
4.497198168000978,1779567060.0697293,3857,32326,2,12582912,9,0,0,-1
4.497198168000978,1779567060.0697293,3857,32327,3,12582912,5,0,0,-1
4.497198168000978,1779567060.0697293,3857,32328,4,12582912,1,0,0,-1
4.497198168000978,1779567060.0697293,3857,32329,5,12582912,2,0,0,-1
4.497198168000978,1779567060.0697293,3857,32330,6,12582912,2,0,0,-1
4.497198168000978,1779567060.0697293,3857,32331,7,12582912,-1,0,0,-1
4.57126549700115,1779567060.1437967,3858,32332,0,12582912,-2,0,0,-1
4.57126549700115,1779567060.1437967,3858,32333,1,12582912,0,0,0,-1
4.57126549700115,1779567060.1437967,3858,32334,2,12582912,0,0,0,-1
4.57126549700115,1779567060.1437967,3858,32335,3,12582912,0,0,0,-1
4.57126549700115,1779567060.1437967,3858,32336,4,12582912,-2,0,0,-1
4.57126549700115,1779567060.1437967,3858,32337,5,12582912,-6,0,0,-1
4.57126549700115,1779567060.1437967,3858,32338,6,12582912,-7,0,0,-1
4.57126549700115,1779567060.1437967,3858,32339,7,12582912,-4,0,0,-1
4.5715868980005325,1779567060.1441162,3859,32340,0,12582912,-4,0,0,-1
4.5715868980005325,1779567060.1441162,3859,32341,1,12582912,-7,0,0,-1
4.5715868980005325,1779567060.1441162,3859,32342,2,12582912,-11,0,0,-1
4.5715868980005325,1779567060.1441162,3859,32343,3,12582912,-11,0,0,-1
4.5715868980005325,1779567060.1441162,3859,32344,4,12582912,-10,0,0,-1
4.5715868980005325,1779567060.1441162,3859,32345,5,12582912,-10,0,0,-1
4.5715868980005325,1779567060.1441162,3859,32346,6,12582912,-12,0,0,-1
4.5715868980005325,1779567060.1441162,3859,32347,7,12582912,-14,0,0,-1
4.57188095499987,1779567060.1444104,3860,32348,0,12582912,-16,0,0,-1
4.57188095499987,1779567060.1444104,3860,32349,1,12582912,-16,0,0,-1
4.57188095499987,1779567060.1444104,3860,32350,2,12582912,-12,0,0,-1
4.57188095499987,1779567060.1444104,3860,32351,3,12582912,-11,0,0,-1
4.57188095499987,1779567060.1444104,3860,32352,4,12582912,-14,0,0,-1
4.57188095499987,1779567060.1444104,3860,32353,5,12582912,-16,0,0,-1
4.57188095499987,1779567060.1444104,3860,32354,6,12582912,-12,0,0,-1
4.57188095499987,1779567060.1444104,3860,32355,7,12582912,-8,0,0,-1
4.57217235600001,1779567060.1447017,3861,32356,0,12582912,-6,0,0,-1
4.57217235600001,1779567060.1447017,3861,32357,1,12582912,-5,0,0,-1
4.57217235600001,1779567060.1447017,3861,32358,2,12582912,-2,0,0,-1
4.57217235600001,1779567060.1447017,3861,32359,3,12582912,0,0,0,-1
4.57217235600001,1779567060.1447017,3861,32360,4,12582912,0,0,0,-1
4.57217235600001,1779567060.1447017,3861,32361,5,12582912,-3,0,0,-1
4.57217235600001,1779567060.1447017,3861,32362,6,12582912,-7,0,0,-1
4.57217235600001,1779567060.1447017,3861,32363,7,12582912,-10,0,0,0
4.607278842000596,1779567060.1798098,3862,32364,0,12582912,-13,0,0,0
4.607278842000596,1779567060.1798098,3862,32365,1,12582912,-14,0,0,0
4.607278842000596,1779567060.1798098,3862,32366,2,12582912,-14,0,0,0
4.607278842000596,1779567060.1798098,3862,32367,3,12582912,-11,0,0,0
4.607278842000596,1779567060.1798098,3862,32368,4,12582912,-9,0,0,0
4.607278842000596,1779567060.1798098,3862,32369,5,12582912,-10,0,0,0
4.607278842000596,1779567060.1798098,3862,32370,6,12582912,-10,0,0,0
4.607278842000596,1779567060.1798098,3862,32371,7,12582912,-6,0,0,0
4.666436916000748,1779567060.2389681,3863,32372,0,12582912,-2,0,0,0
4.666436916000748,1779567060.2389681,3863,32373,1,12582912,-2,0,0,0
4.666436916000748,1779567060.2389681,3863,32374,2,12582912,-4,0,0,0
4.666436916000748,1779567060.2389681,3863,32375,3,12582912,-4,0,0,0
4.666436916000748,1779567060.2389681,3863,32376,4,12582912,-3,0,0,0
4.666436916000748,1779567060.2389681,3863,32377,5,12582912,-4,0,0,0
4.666436916000748,1779567060.2389681,3863,32378,6,12582912,-8,0,0,0
4.666436916000748,1779567060.2389681,3863,32379,7,12582912,-12,0,0,0
4.672673258999566,1779567060.2452052,3864,32380,0,12582912,-12,0,0,0
4.672673258999566,1779567060.2452052,3864,32381,1,12582912,-7,0,0,0
4.672673258999566,1779567060.2452052,3864,32382,2,12582912,-2,0,0,0
4.672673258999566,1779567060.2452052,3864,32383,3,12582912,2,0,0,0
4.672673258999566,1779567060.2452052,3864,32384,4,12582912,4,0,0,0
4.672673258999566,1779567060.2452052,3864,32385,5,12582912,3,0,0,0
4.672673258999566,1779567060.2452052,3864,32386,6,12582912,1,0,0,0
4.672673258999566,1779567060.2452052,3864,32387,7,12582912,-1,0,0,0
4.694465357000809,1779567060.2669961,3865,32388,0,12582912,-3,0,0,0
4.694465357000809,1779567060.2669961,3865,32389,1,12582912,-3,0,0,0
4.694465357000809,1779567060.2669961,3865,32390,2,12582912,-3,0,0,0
4.694465357000809,1779567060.2669961,3865,32391,3,12582912,-5,0,0,0
4.694465357000809,1779567060.2669961,3865,32392,4,12582912,-6,0,0,0
4.694465357000809,1779567060.2669961,3865,32393,5,12582912,-4,0,0,0
4.694465357000809,1779567060.2669961,3865,32394,6,12582912,-2,0,0,0
4.694465357000809,1779567060.2669961,3865,32395,7,12582912,0,0,0,0
4.737186651000229,1779567060.3097174,3866,32396,0,12582912,4,0,0,0
4.737186651000229,1779567060.3097174,3866,32397,1,12582912,6,0,0,0
4.737186651000229,1779567060.3097174,3866,32398,2,12582912,1,0,0,0
4.737186651000229,1779567060.3097174,3866,32399,3,12582912,-4,0,0,0
4.737186651000229,1779567060.3097174,3866,32400,4,12582912,-6,0,0,0
4.737186651000229,1779567060.3097174,3866,32401,5,12582912,-7,0,0,0
4.737186651000229,1779567060.3097174,3866,32402,6,12582912,-9,0,0,0
4.737186651000229,1779567060.3097174,3866,32403,7,12582912,-10,0,0,0
4.759345147000204,1779567060.3318765,3867,32404,0,12582912,-9,0,0,0
4.759345147000204,1779567060.3318765,3867,32405,1,12582912,-7,0,0,0
4.759345147000204,1779567060.3318765,3867,32406,2,12582912,-8,0,0,0
4.759345147000204,1779567060.3318765,3867,32407,3,12582912,-10,0,0,0
4.759345147000204,1779567060.3318765,3867,32408,4,12582912,-9,0,0,0
4.759345147000204,1779567060.3318765,3867,32409,5,12582912,-8,0,0,0
4.759345147000204,1779567060.3318765,3867,32410,6,12582912,-8,0,0,0
4.759345147000204,1779567060.3318765,3867,32411,7,12582912,-7,0,0,0
4.802051598000617,1779567060.3745828,3868,32412,0,12582912,-7,0,0,0
4.802051598000617,1779567060.3745828,3868,32413,1,12582912,-7,0,0,0
4.802051598000617,1779567060.3745828,3868,32414,2,12582912,-5,0,0,0
4.802051598000617,1779567060.3745828,3868,32415,3,12582912,-5,0,0,0
4.802051598000617,1779567060.3745828,3868,32416,4,12582912,-9,0,0,0
4.802051598000617,1779567060.3745828,3868,32417,5,12582912,-13,0,0,0
4.802051598000617,1779567060.3745828,3868,32418,6,12582912,-16,0,0,0
4.802051598000617,1779567060.3745828,3868,32419,7,12582912,-13,0,0,0
4.8237000000008265,1779567060.396231,3869,32420,0,12582912,-9,0,0,0
4.8237000000008265,1779567060.396231,3869,32421,1,12582912,-7,0,0,0
4.8237000000008265,1779567060.396231,3869,32422,2,12582912,-8,0,0,0
4.8237000000008265,1779567060.396231,3869,32423,3,12582912,-8,0,0,0
4.8237000000008265,1779567060.396231,3869,32424,4,12582912,-2,0,0,0
4.8237000000008265,1779567060.396231,3869,32425,5,12582912,4,0,0,0
4.8237000000008265,1779567060.396231,3869,32426,6,12582912,9,0,0,0
4.8237000000008265,1779567060.396231,3869,32427,7,12582912,10,0,0,0
4.907697250000638,1779567060.480228,3870,32428,0,12582912,5,0,0,0
4.907697250000638,1779567060.480228,3870,32429,1,12582912,-6,0,0,0
4.907697250000638,1779567060.480228,3870,32430,2,12582912,-15,0,0,0
4.907697250000638,1779567060.480228,3870,32431,3,12582912,-17,0,0,0
4.907697250000638,1779567060.480228,3870,32432,4,12582912,-16,0,0,0
4.907697250000638,1779567060.480228,3870,32433,5,12582912,-15,0,0,0
4.907697250000638,1779567060.480228,3870,32434,6,12582912,-12,0,0,0
4.907697250000638,1779567060.480228,3870,32435,7,12582912,-10,0,0,0
5.094086932000209,1779567060.6666179,3871,32436,0,12582912,-5,0,0,0
5.094086932000209,1779567060.6666179,3871,32437,1,12582912,-2,0,0,0
5.094086932000209,1779567060.6666179,3871,32438,2,12582912,-2,0,0,0
5.094086932000209,1779567060.6666179,3871,32439,3,12582912,-3,0,0,0
5.094086932000209,1779567060.6666179,3871,32440,4,12582912,-1,0,0,0
5.094086932000209,1779567060.6666179,3871,32441,5,12582912,3,0,0,0
5.094086932000209,1779567060.6666179,3871,32442,6,12582912,3,0,0,0
5.094086932000209,1779567060.6666179,3871,32443,7,12582912,-14,0,0,0
5.094397341999866,1779567060.6669266,3872,32444,0,12582912,-34,0,0,0
5.094397341999866,1779567060.6669266,3872,32445,1,12582912,-31,0,0,0
5.094397341999866,1779567060.6669266,3872,32446,2,12582912,-9,0,0,0
5.094397341999866,1779567060.6669266,3872,32447,3,12582912,6,0,0,0
5.094397341999866,1779567060.6669266,3872,32448,4,12582912,-4,0,0,0
5.094397341999866,1779567060.6669266,3872,32449,5,12582912,-21,0,0,0
5.094397341999866,1779567060.6669266,3872,32450,6,12582912,-24,0,0,0
5.094397341999866,1779567060.6669266,3872,32451,7,12582912,-9,0,0,0
5.136875829000928,1779567060.7094061,3873,32452,0,12582912,2,0,0,0
5.136875829000928,1779567060.7094061,3873,32453,1,12582912,-10,0,0,0
5.136875829000928,1779567060.7094061,3873,32454,2,12582912,-28,0,0,0
5.136875829000928,1779567060.7094061,3873,32455,3,12582912,-29,0,0,0
5.136875829000928,1779567060.7094061,3873,32456,4,12582912,-15,0,0,0
5.136875829000928,1779567060.7094061,3873,32457,5,12582912,-7,0,0,0
5.136875829000928,1779567060.7094061,3873,32458,6,12582912,-15,0,0,0
5.136875829000928,1779567060.7094061,3873,32459,7,12582912,-28,0,0,0
5.158566469001016,1779567060.7310975,3874,32460,0,12582912,-30,0,0,0
5.158566469001016,1779567060.7310975,3874,32461,1,12582912,-20,0,0,0
5.158566469001016,1779567060.7310975,3874,32462,2,12582912,-11,0,0,0
5.158566469001016,1779567060.7310975,3874,32463,3,12582912,-11,0,0,0
5.158566469001016,1779567060.7310975,3874,32464,4,12582912,-15,0,0,0
5.158566469001016,1779567060.7310975,3874,32465,5,12582912,-12,0,0,0
5.158566469001016,1779567060.7310975,3874,32466,6,12582912,-3,0,0,0
5.158566469001016,1779567060.7310975,3874,32467,7,12582912,0,0,0,0
5.207849620999696,1779567060.780381,3875,32468,0,12582912,-7,0,0,0
5.207849620999696,1779567060.780381,3875,32469,1,12582912,-14,0,0,0
5.207849620999696,1779567060.780381,3875,32470,2,12582912,-13,0,0,0
5.207849620999696,1779567060.780381,3875,32471,3,12582912,-4,0,0,0
5.207849620999696,1779567060.780381,3875,32472,4,12582912,0,0,0,0
5.207849620999696,1779567060.780381,3875,32473,5,12582912,-6,0,0,0
5.207849620999696,1779567060.780381,3875,32474,6,12582912,-16,0,0,0
5.207849620999696,1779567060.780381,3875,32475,7,12582912,-23,0,0,0
5.229477398999734,1779567060.8020089,3876,32476,0,12582912,-25,0,0,0
5.229477398999734,1779567060.8020089,3876,32477,1,12582912,-24,0,0,0
5.229477398999734,1779567060.8020089,3876,32478,2,12582912,-23,0,0,0
5.229477398999734,1779567060.8020089,3876,32479,3,12582912,-22,0,0,0
5.229477398999734,1779567060.8020089,3876,32480,4,12582912,-21,0,0,0
5.229477398999734,1779567060.8020089,3876,32481,5,12582912,-20,0,0,0
5.229477398999734,1779567060.8020089,3876,32482,6,12582912,-14,0,0,0
5.229477398999734,1779567060.8020089,3876,32483,7,12582912,-7,0,0,0
5.2761828900002,1779567060.8487139,3877,32484,0,12582912,-7,0,0,0
5.2761828900002,1779567060.8487139,3877,32485,1,12582912,-9,0,0,0
5.2761828900002,1779567060.8487139,3877,32486,2,12582912,-8,0,0,0
5.2761828900002,1779567060.8487139,3877,32487,3,12582912,-6,0,0,0
5.2761828900002,1779567060.8487139,3877,32488,4,12582912,-6,0,0,0
5.2761828900002,1779567060.8487139,3877,32489,5,12582912,-7,0,0,0
5.2761828900002,1779567060.8487139,3877,32490,6,12582912,-7,0,0,0
5.2761828900002,1779567060.8487139,3877,32491,7,12582912,-5,0,0,0
5.3489091510000435,1779567060.9214406,3878,32492,0,12582912,-4,0,0,0
5.3489091510000435,1779567060.9214406,3878,32493,1,12582912,-4,0,0,0
5.3489091510000435,1779567060.9214406,3878,32494,2,12582912,-5,0,0,0
5.3489091510000435,1779567060.9214406,3878,32495,3,12582912,-8,0,0,0
5.3489091510000435,1779567060.9214406,3878,32496,4,12582912,-10,0,0,0
5.3489091510000435,1779567060.9214406,3878,32497,5,12582912,-14,0,0,0
5.3489091510000435,1779567060.9214406,3878,32498,6,12582912,-18,0,0,0
5.3489091510000435,1779567060.9214406,3878,32499,7,12582912,-19,0,0,0
5.349221800999658,1779567060.921751,3879,32500,0,12582912,-16,0,0,0
5.349221800999658,1779567060.921751,3879,32501,1,12582912,-13,0,0,0
5.349221800999658,1779567060.921751,3879,32502,2,12582912,-8,0,0,0
5.349221800999658,1779567060.921751,3879,32503,3,12582912,5,0,0,0
5.349221800999658,1779567060.921751,3879,32504,4,12582912,12,0,0,0
5.349221800999658,1779567060.921751,3879,32505,5,12582912,-2,0,0,0
5.349221800999658,1779567060.921751,3879,32506,6,12582912,-22,0,0,0
5.349221800999658,1779567060.921751,3879,32507,7,12582912,-23,0,0,0
5.370888953000758,1779567060.94342,3880,32508,0,12582912,-5,0,0,0
5.370888953000758,1779567060.94342,3880,32509,1,12582912,9,0,0,0
5.370888953000758,1779567060.94342,3880,32510,2,12582912,2,0,0,0
5.370888953000758,1779567060.94342,3880,32511,3,12582912,-16,0,0,0
5.370888953000758,1779567060.94342,3880,32512,4,12582912,-22,0,0,0
5.370888953000758,1779567060.94342,3880,32513,5,12582912,-13,0,0,0
5.370888953000758,1779567060.94342,3880,32514,6,12582912,-7,0,0,0
5.370888953000758,1779567060.94342,3880,32515,7,12582912,-15,0,0,0
5.392527146999782,1779567060.965058,3881,32516,0,12582912,-28,0,0,0
5.392527146999782,1779567060.965058,3881,32517,1,12582912,-27,0,0,0
5.392527146999782,1779567060.965058,3881,32518,2,12582912,-13,0,0,0
5.392527146999782,1779567060.965058,3881,32519,3,12582912,-2,0,0,0
5.392527146999782,1779567060.965058,3881,32520,4,12582912,-6,0,0,0
5.392527146999782,1779567060.965058,3881,32521,5,12582912,-15,0,0,0
5.392527146999782,1779567060.965058,3881,32522,6,12582912,-14,0,0,0
5.392527146999782,1779567060.965058,3881,32523,7,12582912,-1,0,0,0
5.4352758360000735,1779567061.007807,3882,32524,0,12582912,9,0,0,0
5.4352758360000735,1779567061.007807,3882,32525,1,12582912,7,0,0,0
5.4352758360000735,1779567061.007807,3882,32526,2,12582912,-1,0,0,0
5.4352758360000735,1779567061.007807,3882,32527,3,12582912,-4,0,0,0
5.4352758360000735,1779567061.007807,3882,32528,4,12582912,2,0,0,0
5.4352758360000735,1779567061.007807,3882,32529,5,12582912,9,0,0,0
5.4352758360000735,1779567061.007807,3882,32530,6,12582912,7,0,0,0
5.4352758360000735,1779567061.007807,3882,32531,7,12582912,-2,0,0,0
5.456900958000915,1779567061.0294318,3883,32532,0,12582912,-5,0,0,0
5.456900958000915,1779567061.0294318,3883,32533,1,12582912,-2,0,0,0
5.456900958000915,1779567061.0294318,3883,32534,2,12582912,1,0,0,0
5.456900958000915,1779567061.0294318,3883,32535,3,12582912,-4,0,0,0
5.456900958000915,1779567061.0294318,3883,32536,4,12582912,-12,0,0,0
5.456900958000915,1779567061.0294318,3883,32537,5,12582912,-16,0,0,0
5.456900958000915,1779567061.0294318,3883,32538,6,12582912,-12,0,0,0
5.456900958000915,1779567061.0294318,3883,32539,7,12582912,-6,0,0,0
5.49974667800052,1779567061.0722778,3884,32540,0,12582912,-1,0,0,0
5.49974667800052,1779567061.0722778,3884,32541,1,12582912,3,0,0,0
5.49974667800052,1779567061.0722778,3884,32542,2,12582912,6,0,0,0
5.49974667800052,1779567061.0722778,3884,32543,3,12582912,7,0,0,0
5.49974667800052,1779567061.0722778,3884,32544,4,12582912,6,0,0,0
5.49974667800052,1779567061.0722778,3884,32545,5,12582912,5,0,0,0
5.49974667800052,1779567061.0722778,3884,32546,6,12582912,2,0,0,0
5.49974667800052,1779567061.0722778,3884,32547,7,12582912,0,0,0,0
5.577368059000946,1779567061.149899,3885,32548,0,12582912,2,0,0,0
5.577368059000946,1779567061.149899,3885,32549,1,12582912,2,0,0,0
5.577368059000946,1779567061.149899,3885,32550,2,12582912,-4,0,0,0
5.577368059000946,1779567061.149899,3885,32551,3,12582912,-12,0,0,0
5.577368059000946,1779567061.149899,3885,32552,4,12582912,-17,0,0,0
5.577368059000946,1779567061.149899,3885,32553,5,12582912,-16,0,0,0
5.577368059000946,1779567061.149899,3885,32554,6,12582912,-12,0,0,0
5.577368059000946,1779567061.149899,3885,32555,7,12582912,-11,0,0,0
5.577679407000687,1779567061.1502087,3886,32556,0,12582912,-12,0,0,0
5.577679407000687,1779567061.1502087,3886,32557,1,12582912,-13,0,0,0
5.577679407000687,1779567061.1502087,3886,32558,2,12582912,-10,0,0,0
5.577679407000687,1779567061.1502087,3886,32559,3,12582912,-7,0,0,0
5.577679407000687,1779567061.1502087,3886,32560,4,12582912,-7,0,0,0
5.577679407000687,1779567061.1502087,3886,32561,5,12582912,-8,0,0,0
5.577679407000687,1779567061.1502087,3886,32562,6,12582912,-8,0,0,0
5.577679407000687,1779567061.1502087,3886,32563,7,12582912,-7,0,0,0
5.632452251000359,1779567061.204983,3887,32564,0,12582912,-4,0,0,0
5.632452251000359,1779567061.204983,3887,32565,1,12582912,-4,0,0,0
5.632452251000359,1779567061.204983,3887,32566,2,12582912,-8,0,0,0
5.632452251000359,1779567061.204983,3887,32567,3,12582912,-11,0,0,0
5.632452251000359,1779567061.204983,3887,32568,4,12582912,-11,0,0,0
5.632452251000359,1779567061.204983,3887,32569,5,12582912,-11,0,0,0
5.632452251000359,1779567061.204983,3887,32570,6,12582912,-9,0,0,0
5.632452251000359,1779567061.204983,3887,32571,7,12582912,-5,0,0,0
5.632681152999794,1779567061.20521,3888,32572,0,12582912,-1,0,0,0
5.632681152999794,1779567061.20521,3888,32573,1,12582912,1,0,0,0
5.632681152999794,1779567061.20521,3888,32574,2,12582912,4,0,0,0
5.632681152999794,1779567061.20521,3888,32575,3,12582912,4,0,0,0
5.632681152999794,1779567061.20521,3888,32576,4,12582912,4,0,0,0
5.632681152999794,1779567061.20521,3888,32577,5,12582912,3,0,0,0
5.632681152999794,1779567061.20521,3888,32578,6,12582912,2,0,0,0
5.632681152999794,1779567061.20521,3888,32579,7,12582912,0,0,0,0
5.680243609000172,1779567061.252775,3889,32580,0,12582912,1,0,0,0
5.680243609000172,1779567061.252775,3889,32581,1,12582912,3,0,0,0
5.680243609000172,1779567061.252775,3889,32582,2,12582912,6,0,0,0
5.680243609000172,1779567061.252775,3889,32583,3,12582912,7,0,0,0
5.680243609000172,1779567061.252775,3889,32584,4,12582912,6,0,0,0
5.680243609000172,1779567061.252775,3889,32585,5,12582912,3,0,0,0
5.680243609000172,1779567061.252775,3889,32586,6,12582912,0,0,0,0
5.680243609000172,1779567061.252775,3889,32587,7,12582912,-3,0,0,0
5.713297113999943,1779567061.2858288,3890,32588,0,12582912,-7,0,0,0
5.713297113999943,1779567061.2858288,3890,32589,1,12582912,-10,0,0,0
5.713297113999943,1779567061.2858288,3890,32590,2,12582912,-12,0,0,0
5.713297113999943,1779567061.2858288,3890,32591,3,12582912,-14,0,0,0
5.713297113999943,1779567061.2858288,3890,32592,4,12582912,-14,0,0,0
5.713297113999943,1779567061.2858288,3890,32593,5,12582912,-13,0,0,0
5.713297113999943,1779567061.2858288,3890,32594,6,12582912,-12,0,0,0
5.713297113999943,1779567061.2858288,3890,32595,7,12582912,-13,0,0,0
5.713616900000488,1779567061.286147,3891,32596,0,12582912,-14,0,0,0
5.713616900000488,1779567061.286147,3891,32597,1,12582912,-14,0,0,0
5.713616900000488,1779567061.286147,3891,32598,2,12582912,-12,0,0,0
5.713616900000488,1779567061.286147,3891,32599,3,12582912,-14,0,0,0
5.713616900000488,1779567061.286147,3891,32600,4,12582912,-17,0,0,0
5.713616900000488,1779567061.286147,3891,32601,5,12582912,-17,0,0,0
5.713616900000488,1779567061.286147,3891,32602,6,12582912,-15,0,0,0
5.713616900000488,1779567061.286147,3891,32603,7,12582912,-15,0,0,0
5.756686885999443,1779567061.3292181,3892,32604,0,12582912,-15,0,0,0
5.756686885999443,1779567061.3292181,3892,32605,1,12582912,-15,0,0,0
5.756686885999443,1779567061.3292181,3892,32606,2,12582912,-17,0,0,0
5.756686885999443,1779567061.3292181,3892,32607,3,12582912,-18,0,0,0
5.756686885999443,1779567061.3292181,3892,32608,4,12582912,-19,0,0,0
5.756686885999443,1779567061.3292181,3892,32609,5,12582912,-19,0,0,0
5.756686885999443,1779567061.3292181,3892,32610,6,12582912,-17,0,0,0
5.756686885999443,1779567061.3292181,3892,32611,7,12582912,-15,0,0,0
5.778380756999468,1779567061.3509123,3893,32612,0,12582912,-15,0,0,0
5.778380756999468,1779567061.3509123,3893,32613,1,12582912,-13,0,0,0
5.778380756999468,1779567061.3509123,3893,32614,2,12582912,-8,0,0,0
5.778380756999468,1779567061.3509123,3893,32615,3,12582912,-3,0,0,0
5.778380756999468,1779567061.3509123,3893,32616,4,12582912,2,0,0,0
5.778380756999468,1779567061.3509123,3893,32617,5,12582912,5,0,0,0
5.778380756999468,1779567061.3509123,3893,32618,6,12582912,1,0,0,0
5.778380756999468,1779567061.3509123,3893,32619,7,12582912,-1,0,0,0
5.813411569000891,1779567061.385943,3894,32620,0,12582912,0,0,0,0
5.813411569000891,1779567061.385943,3894,32621,1,12582912,2,0,0,0
5.813411569000891,1779567061.385943,3894,32622,2,12582912,3,0,0,0
5.813411569000891,1779567061.385943,3894,32623,3,12582912,3,0,0,0
5.813411569000891,1779567061.385943,3894,32624,4,12582912,1,0,0,0
5.813411569000891,1779567061.385943,3894,32625,5,12582912,1,0,0,0
5.813411569000891,1779567061.385943,3894,32626,6,12582912,-3,0,0,0
5.813411569000891,1779567061.385943,3894,32627,7,12582912,-6,0,0,0
5.848802843000158,1779567061.4213338,3895,32628,0,12582912,-4,0,0,0
5.848802843000158,1779567061.4213338,3895,32629,1,12582912,1,0,0,0
5.848802843000158,1779567061.4213338,3895,32630,2,12582912,1,0,0,0
5.848802843000158,1779567061.4213338,3895,32631,3,12582912,1,0,0,0
5.848802843000158,1779567061.4213338,3895,32632,4,12582912,4,0,0,0
5.848802843000158,1779567061.4213338,3895,32633,5,12582912,6,0,0,0
5.848802843000158,1779567061.4213338,3895,32634,6,12582912,6,0,0,0
5.848802843000158,1779567061.4213338,3895,32635,7,12582912,6,0,0,0
5.870518432000608,1779567061.4430497,3896,32636,0,12582912,3,0,0,0
5.870518432000608,1779567061.4430497,3896,32637,1,12582912,-3,0,0,0
5.870518432000608,1779567061.4430497,3896,32638,2,12582912,-4,0,0,0
5.870518432000608,1779567061.4430497,3896,32639,3,12582912,0,0,0,0
5.870518432000608,1779567061.4430497,3896,32640,4,12582912,1,0,0,0
5.870518432000608,1779567061.4430497,3896,32641,5,12582912,-2,0,0,0
5.870518432000608,1779567061.4430497,3896,32642,6,12582912,-5,0,0,0
5.870518432000608,1779567061.4430497,3896,32643,7,12582912,-6,0,0,0
5.913167594000697,1779567061.4856982,3897,32644,0,12582912,-7,0,0,0
5.913167594000697,1779567061.4856982,3897,32645,1,12582912,-9,0,0,0
5.913167594000697,1779567061.4856982,3897,32646,2,12582912,-12,0,0,0
5.913167594000697,1779567061.4856982,3897,32647,3,12582912,-14,0,0,0
5.913167594000697,1779567061.4856982,3897,32648,4,12582912,-14,0,0,0
5.913167594000697,1779567061.4856982,3897,32649,5,12582912,-14,0,0,0
5.913167594000697,1779567061.4856982,3897,32650,6,12582912,-13,0,0,0
5.913167594000697,1779567061.4856982,3897,32651,7,12582912,-12,0,0,0
5.934680894999474,1779567061.507211,3898,32652,0,12582912,-10,0,0,0
5.934680894999474,1779567061.507211,3898,32653,1,12582912,-9,0,0,0
5.934680894999474,1779567061.507211,3898,32654,2,12582912,-11,0,0,0
5.934680894999474,1779567061.507211,3898,32655,3,12582912,-16,0,0,0
5.934680894999474,1779567061.507211,3898,32656,4,12582912,-20,0,0,0
5.934680894999474,1779567061.507211,3898,32657,5,12582912,-20,0,0,0
5.934680894999474,1779567061.507211,3898,32658,6,12582912,-19,0,0,0
5.934680894999474,1779567061.507211,3898,32659,7,12582912,-16,0,0,0
5.976841992000118,1779567061.5493722,3899,32660,0,12582912,-9,0,0,0
5.976841992000118,1779567061.5493722,3899,32661,1,12582912,-7,0,0,0
5.976841992000118,1779567061.5493722,3899,32662,2,12582912,-11,0,0,0
5.976841992000118,1779567061.5493722,3899,32663,3,12582912,-14,0,0,0
5.976841992000118,1779567061.5493722,3899,32664,4,12582912,-13,0,0,0
5.976841992000118,1779567061.5493722,3899,32665,5,12582912,-11,0,0,0
5.976841992000118,1779567061.5493722,3899,32666,6,12582912,-11,0,0,0
5.976841992000118,1779567061.5493722,3899,32667,7,12582912,-11,0,0,0
5.998715285999424,1779567061.571247,3900,32668,0,12582912,-9,0,0,0
5.998715285999424,1779567061.571247,3900,32669,1,12582912,-8,0,0,0
5.998715285999424,1779567061.571247,3900,32670,2,12582912,-7,0,0,0
5.998715285999424,1779567061.571247,3900,32671,3,12582912,-7,0,0,0
5.998715285999424,1779567061.571247,3900,32672,4,12582912,-8,0,0,0
5.998715285999424,1779567061.571247,3900,32673,5,12582912,-8,0,0,0
5.998715285999424,1779567061.571247,3900,32674,6,12582912,-4,0,0,0
5.998715285999424,1779567061.571247,3900,32675,7,12582912,-1,0,0,0
6.092469598999742,1779567061.6650007,3901,32676,0,12582912,-2,0,0,0
6.092469598999742,1779567061.6650007,3901,32677,1,12582912,-4,0,0,0
6.092469598999742,1779567061.6650007,3901,32678,2,12582912,-4,0,0,0
6.092469598999742,1779567061.6650007,3901,32679,3,12582912,-3,0,0,0
6.092469598999742,1779567061.6650007,3901,32680,4,12582912,-1,0,0,0
6.092469598999742,1779567061.6650007,3901,32681,5,12582912,-1,0,0,0
6.092469598999742,1779567061.6650007,3901,32682,6,12582912,-2,0,0,0
6.092469598999742,1779567061.6650007,3901,32683,7,12582912,-4,0,0,0
6.092792145000203,1779567061.6653223,3902,32684,0,12582912,-3,0,0,0
6.092792145000203,1779567061.6653223,3902,32685,1,12582912,1,0,0,0
6.092792145000203,1779567061.6653223,3902,32686,2,12582912,1,0,0,0
6.092792145000203,1779567061.6653223,3902,32687,3,12582912,-3,0,0,0
6.092792145000203,1779567061.6653223,3902,32688,4,12582912,-7,0,0,0
6.092792145000203,1779567061.6653223,3902,32689,5,12582912,-8,0,0,0
6.092792145000203,1779567061.6653223,3902,32690,6,12582912,-7,0,0,0
6.092792145000203,1779567061.6653223,3902,32691,7,12582912,-6,0,0,0
6.1286647119995905,1779567061.701195,3903,32692,0,12582912,-6,0,0,0
6.1286647119995905,1779567061.701195,3903,32693,1,12582912,-4,0,0,0
6.1286647119995905,1779567061.701195,3903,32694,2,12582912,-3,0,0,0
6.1286647119995905,1779567061.701195,3903,32695,3,12582912,-3,0,0,0
6.1286647119995905,1779567061.701195,3903,32696,4,12582912,-3,0,0,0
6.1286647119995905,1779567061.701195,3903,32697,5,12582912,-4,0,0,0
6.1286647119995905,1779567061.701195,3903,32698,6,12582912,-5,0,0,0
6.1286647119995905,1779567061.701195,3903,32699,7,12582912,-7,0,0,0
6.128820230000201,1779567061.7013488,3904,32700,0,12582912,-9,0,0,0
6.128820230000201,1779567061.7013488,3904,32701,1,12582912,-10,0,0,0
6.128820230000201,1779567061.7013488,3904,32702,2,12582912,-9,0,0,0
6.128820230000201,1779567061.7013488,3904,32703,3,12582912,-8,0,0,0
6.128820230000201,1779567061.7013488,3904,32704,4,12582912,-9,0,0,0
6.128820230000201,1779567061.7013488,3904,32705,5,12582912,-12,0,0,0
6.128820230000201,1779567061.7013488,3904,32706,6,12582912,-13,0,0,0
6.128820230000201,1779567061.7013488,3904,32707,7,12582912,-10,0,0,0
6.171054190999712,1779567061.7435842,3905,32708,0,12582912,-7,0,0,0
6.171054190999712,1779567061.7435842,3905,32709,1,12582912,-6,0,0,0
6.171054190999712,1779567061.7435842,3905,32710,2,12582912,-8,0,0,0
6.171054190999712,1779567061.7435842,3905,32711,3,12582912,-9,0,0,0
6.171054190999712,1779567061.7435842,3905,32712,4,12582912,-7,0,0,0
6.171054190999712,1779567061.7435842,3905,32713,5,12582912,-2,0,0,0
6.171054190999712,1779567061.7435842,3905,32714,6,12582912,2,0,0,0
6.171054190999712,1779567061.7435842,3905,32715,7,12582912,1,0,0,0
6.192380308000793,1779567061.764911,3906,32716,0,12582912,-4,0,0,0
6.192380308000793,1779567061.764911,3906,32717,1,12582912,-9,0,0,0
6.192380308000793,1779567061.764911,3906,32718,2,12582912,-8,0,0,0
6.192380308000793,1779567061.764911,3906,32719,3,12582912,-4,0,0,0
6.192380308000793,1779567061.764911,3906,32720,4,12582912,-1,0,0,0
6.192380308000793,1779567061.764911,3906,32721,5,12582912,-2,0,0,0
6.192380308000793,1779567061.764911,3906,32722,6,12582912,-5,0,0,0
6.192380308000793,1779567061.764911,3906,32723,7,12582912,-8,0,0,0
6.240018595999572,1779567061.8125494,3907,32724,0,12582912,-10,0,0,0
6.240018595999572,1779567061.8125494,3907,32725,1,12582912,-8,0,0,0
6.240018595999572,1779567061.8125494,3907,32726,2,12582912,-6,0,0,0
6.240018595999572,1779567061.8125494,3907,32727,3,12582912,-6,0,0,0
6.240018595999572,1779567061.8125494,3907,32728,4,12582912,-10,0,0,0
6.240018595999572,1779567061.8125494,3907,32729,5,12582912,-14,0,0,0
6.240018595999572,1779567061.8125494,3907,32730,6,12582912,-13,0,0,0
6.240018595999572,1779567061.8125494,3907,32731,7,12582912,-11,0,0,0
6.271584472000541,1779567061.8441155,3908,32732,0,12582912,-11,0,0,0
6.271584472000541,1779567061.8441155,3908,32733,1,12582912,-11,0,0,0
6.271584472000541,1779567061.8441155,3908,32734,2,12582912,-8,0,0,0
6.271584472000541,1779567061.8441155,3908,32735,3,12582912,-2,0,0,0
6.271584472000541,1779567061.8441155,3908,32736,4,12582912,1,0,0,0
6.271584472000541,1779567061.8441155,3908,32737,5,12582912,-3,0,0,0
6.271584472000541,1779567061.8441155,3908,32738,6,12582912,-10,0,0,0
6.271584472000541,1779567061.8441155,3908,32739,7,12582912,-12,0,0,0
6.2932408430006035,1779567061.8657718,3909,32740,0,12582912,-10,0,0,0
6.2932408430006035,1779567061.8657718,3909,32741,1,12582912,-7,0,0,0
6.2932408430006035,1779567061.8657718,3909,32742,2,12582912,-9,0,0,0
6.2932408430006035,1779567061.8657718,3909,32743,3,12582912,-14,0,0,0
6.2932408430006035,1779567061.8657718,3909,32744,4,12582912,-16,0,0,0
6.2932408430006035,1779567061.8657718,3909,32745,5,12582912,-14,0,0,0
6.2932408430006035,1779567061.8657718,3909,32746,6,12582912,-12,0,0,0
6.2932408430006035,1779567061.8657718,3909,32747,7,12582912,-9,0,0,0
6.328562119000708,1779567061.9010928,3910,32748,0,12582912,-6,0,0,0
6.328562119000708,1779567061.9010928,3910,32749,1,12582912,-8,0,0,0
6.328562119000708,1779567061.9010928,3910,32750,2,12582912,-11,0,0,0
6.328562119000708,1779567061.9010928,3910,32751,3,12582912,-16,0,0,0
6.328562119000708,1779567061.9010928,3910,32752,4,12582912,-19,0,0,0
6.328562119000708,1779567061.9010928,3910,32753,5,12582912,-18,0,0,0
6.328562119000708,1779567061.9010928,3910,32754,6,12582912,-13,0,0,0
6.328562119000708,1779567061.9010928,3910,32755,7,12582912,-6,0,0,0
6.350375050000366,1779567061.9229062,3911,32756,0,12582912,0,0,0,0
6.350375050000366,1779567061.9229062,3911,32757,1,12582912,2,0,0,0
6.350375050000366,1779567061.9229062,3911,32758,2,12582912,2,0,0,0
6.350375050000366,1779567061.9229062,3911,32759,3,12582912,-2,0,0,0
6.350375050000366,1779567061.9229062,3911,32760,4,12582912,-8,0,0,0
6.350375050000366,1779567061.9229062,3911,32761,5,12582912,-15,0,0,0
6.350375050000366,1779567061.9229062,3911,32762,6,12582912,-16,0,0,0
6.350375050000366,1779567061.9229062,3911,32763,7,12582912,-11,0,0,0
6.393152333001126,1779567061.9656835,3912,32764,0,12582912,-5,0,0,0
6.393152333001126,1779567061.9656835,3912,32765,1,12582912,-3,0,0,0
6.393152333001126,1779567061.9656835,3912,32766,2,12582912,-2,0,0,0
6.393152333001126,1779567061.9656835,3912,32767,3,12582912,-4,0,0,0
6.393152333001126,1779567061.9656835,3912,32768,4,12582912,-7,0,0,0
6.393152333001126,1779567061.9656835,3912,32769,5,12582912,-8,0,0,0
6.393152333001126,1779567061.9656835,3912,32770,6,12582912,-7,0,0,0
6.393152333001126,1779567061.9656835,3912,32771,7,12582912,-4,0,0,0
6.414840527000706,1779567061.9873714,3913,32772,0,12582912,0,0,0,0
6.414840527000706,1779567061.9873714,3913,32773,1,12582912,3,0,0,0
6.414840527000706,1779567061.9873714,3913,32774,2,12582912,4,0,0,0
6.414840527000706,1779567061.9873714,3913,32775,3,12582912,3,0,0,0
6.414840527000706,1779567061.9873714,3913,32776,4,12582912,4,0,0,0
6.414840527000706,1779567061.9873714,3913,32777,5,12582912,6,0,0,0
6.414840527000706,1779567061.9873714,3913,32778,6,12582912,9,0,0,0
6.414840527000706,1779567061.9873714,3913,32779,7,12582912,8,0,0,0
6.493134137001107,1779567062.0656643,3914,32780,0,12582912,5,0,0,0
6.493134137001107,1779567062.0656643,3914,32781,1,12582912,0,0,0,0
6.493134137001107,1779567062.0656643,3914,32782,2,12582912,-1,0,0,0
6.493134137001107,1779567062.0656643,3914,32783,3,12582912,2,0,0,0
6.493134137001107,1779567062.0656643,3914,32784,4,12582912,5,0,0,0
6.493134137001107,1779567062.0656643,3914,32785,5,12582912,3,0,0,0
6.493134137001107,1779567062.0656643,3914,32786,6,12582912,-3,0,0,0
6.493134137001107,1779567062.0656643,3914,32787,7,12582912,-7,0,0,0
6.528300989000854,1779567062.1008317,3915,32788,0,12582912,-7,0,0,0
6.528300989000854,1779567062.1008317,3915,32789,1,12582912,-7,0,0,0
6.528300989000854,1779567062.1008317,3915,32790,2,12582912,-8,0,0,0
6.528300989000854,1779567062.1008317,3915,32791,3,12582912,-10,0,0,0
6.528300989000854,1779567062.1008317,3915,32792,4,12582912,-12,0,0,0
6.528300989000854,1779567062.1008317,3915,32793,5,12582912,-14,0,0,0
6.528300989000854,1779567062.1008317,3915,32794,6,12582912,-15,0,0,0
6.528300989000854,1779567062.1008317,3915,32795,7,12582912,-14,0,0,0
6.5286136390004685,1779567062.1011438,3916,32796,0,12582912,-12,0,0,0
6.5286136390004685,1779567062.1011438,3916,32797,1,12582912,-10,0,0,0
6.5286136390004685,1779567062.1011438,3916,32798,2,12582912,-8,0,0,0
6.5286136390004685,1779567062.1011438,3916,32799,3,12582912,-3,0,0,0
6.5286136390004685,1779567062.1011438,3916,32800,4,12582912,-2,0,0,0
6.5286136390004685,1779567062.1011438,3916,32801,5,12582912,-6,0,0,0
6.5286136390004685,1779567062.1011438,3916,32802,6,12582912,-12,0,0,0
6.5286136390004685,1779567062.1011438,3916,32803,7,12582912,-14,0,0,0
6.6046692180007085,1779567062.1772,3917,32804,0,12582912,-16,0,0,0
6.6046692180007085,1779567062.1772,3917,32805,1,12582912,-17,0,0,0
6.6046692180007085,1779567062.1772,3917,32806,2,12582912,-15,0,0,0
6.6046692180007085,1779567062.1772,3917,32807,3,12582912,-12,0,0,0
6.6046692180007085,1779567062.1772,3917,32808,4,12582912,-6,0,0,0
6.6046692180007085,1779567062.1772,3917,32809,5,12582912,0,0,0,0
6.6046692180007085,1779567062.1772,3917,32810,6,12582912,4,0,0,0
6.6046692180007085,1779567062.1772,3917,32811,7,12582912,4,0,0,0
6.604980149999392,1779567062.1775095,3918,32812,0,12582912,1,0,0,0
6.604980149999392,1779567062.1775095,3918,32813,1,12582912,-3,0,0,0
6.604980149999392,1779567062.1775095,3918,32814,2,12582912,-3,0,0,0
6.604980149999392,1779567062.1775095,3918,32815,3,12582912,-1,0,0,0
6.604980149999392,1779567062.1775095,3918,32816,4,12582912,-1,0,0,0
6.604980149999392,1779567062.1775095,3918,32817,5,12582912,-4,0,0,0
6.604980149999392,1779567062.1775095,3918,32818,6,12582912,-5,0,0,0
6.604980149999392,1779567062.1775095,3918,32819,7,12582912,-7,0,0,0
6.605266446000314,1779567062.177796,3919,32820,0,12582912,-9,0,0,0
6.605266446000314,1779567062.177796,3919,32821,1,12582912,-8,0,0,0
6.605266446000314,1779567062.177796,3919,32822,2,12582912,-6,0,0,0
6.605266446000314,1779567062.177796,3919,32823,3,12582912,-5,0,0,0
6.605266446000314,1779567062.177796,3919,32824,4,12582912,-3,0,0,0
6.605266446000314,1779567062.177796,3919,32825,5,12582912,1,0,0,0
6.605266446000314,1779567062.177796,3919,32826,6,12582912,0,0,0,0
6.605266446000314,1779567062.177796,3919,32827,7,12582912,-7,0,0,0
6.640465120999579,1779567062.212996,3920,32828,0,12582912,-14,0,0,0
6.640465120999579,1779567062.212996,3920,32829,1,12582912,-17,0,0,0
6.640465120999579,1779567062.212996,3920,32830,2,12582912,-17,0,0,0
6.640465120999579,1779567062.212996,3920,32831,3,12582912,-14,0,0,0
6.640465120999579,1779567062.212996,3920,32832,4,12582912,-10,0,0,0
6.640465120999579,1779567062.212996,3920,32833,5,12582912,-9,0,0,0
6.640465120999579,1779567062.212996,3920,32834,6,12582912,-9,0,0,0
6.640465120999579,1779567062.212996,3920,32835,7,12582912,-7,0,0,0
6.68313746000058,1779567062.2556686,3921,32836,0,12582912,-6,0,0,0
6.68313746000058,1779567062.2556686,3921,32837,1,12582912,-7,0,0,0
6.68313746000058,1779567062.2556686,3921,32838,2,12582912,-9,0,0,0
6.68313746000058,1779567062.2556686,3921,32839,3,12582912,-11,0,0,0
6.68313746000058,1779567062.2556686,3921,32840,4,12582912,-11,0,0,0
6.68313746000058,1779567062.2556686,3921,32841,5,12582912,-11,0,0,0
6.68313746000058,1779567062.2556686,3921,32842,6,12582912,-12,0,0,0
6.68313746000058,1779567062.2556686,3921,32843,7,12582912,-14,0,0,0
6.704816227000265,1779567062.277347,3922,32844,0,12582912,-11,0,0,0
6.704816227000265,1779567062.277347,3922,32845,1,12582912,-6,0,0,0
6.704816227000265,1779567062.277347,3922,32846,2,12582912,-3,0,0,0
6.704816227000265,1779567062.277347,3922,32847,3,12582912,-4,0,0,0
6.704816227000265,1779567062.277347,3922,32848,4,12582912,-6,0,0,0
6.704816227000265,1779567062.277347,3922,32849,5,12582912,-9,0,0,0
6.704816227000265,1779567062.277347,3922,32850,6,12582912,-13,0,0,0
6.704816227000265,1779567062.277347,3922,32851,7,12582912,-13,0,0,0
6.7477844990007725,1779567062.3203158,3923,32852,0,12582912,-9,0,0,0
6.7477844990007725,1779567062.3203158,3923,32853,1,12582912,-7,0,0,0
6.7477844990007725,1779567062.3203158,3923,32854,2,12582912,-11,0,0,0
6.7477844990007725,1779567062.3203158,3923,32855,3,12582912,-12,0,0,0
6.7477844990007725,1779567062.3203158,3923,32856,4,12582912,-9,0,0,0
6.7477844990007725,1779567062.3203158,3923,32857,5,12582912,-9,0,0,0
6.7477844990007725,1779567062.3203158,3923,32858,6,12582912,-10,0,0,0
6.7477844990007725,1779567062.3203158,3923,32859,7,12582912,-9,0,0,0
6.7695711810010835,1779567062.342102,3924,32860,0,12582912,-7,0,0,0
6.7695711810010835,1779567062.342102,3924,32861,1,12582912,-6,0,0,0
6.7695711810010835,1779567062.342102,3924,32862,2,12582912,-7,0,0,0
6.7695711810010835,1779567062.342102,3924,32863,3,12582912,-8,0,0,0
6.7695711810010835,1779567062.342102,3924,32864,4,12582912,-8,0,0,0
6.7695711810010835,1779567062.342102,3924,32865,5,12582912,-8,0,0,0
6.7695711810010835,1779567062.342102,3924,32866,6,12582912,-8,0,0,0
6.7695711810010835,1779567062.342102,3924,32867,7,12582912,-7,0,0,0
6.812341799000933,1779567062.3848722,3925,32868,0,12582912,-5,0,0,0
6.812341799000933,1779567062.3848722,3925,32869,1,12582912,-2,0,0,0
6.812341799000933,1779567062.3848722,3925,32870,2,12582912,-2,0,0,0
6.812341799000933,1779567062.3848722,3925,32871,3,12582912,-8,0,0,0
6.812341799000933,1779567062.3848722,3925,32872,4,12582912,-14,0,0,0
6.812341799000933,1779567062.3848722,3925,32873,5,12582912,-13,0,0,0
6.812341799000933,1779567062.3848722,3925,32874,6,12582912,-7,0,0,0
6.812341799000933,1779567062.3848722,3925,32875,7,12582912,0,0,0,0
6.840213004999896,1779567062.4127429,3926,32876,0,12582912,3,0,0,0
6.840213004999896,1779567062.4127429,3926,32877,1,12582912,2,0,0,0
6.840213004999896,1779567062.4127429,3926,32878,2,12582912,2,0,0,0
6.840213004999896,1779567062.4127429,3926,32879,3,12582912,3,0,0,0
6.840213004999896,1779567062.4127429,3926,32880,4,12582912,4,0,0,0
6.840213004999896,1779567062.4127429,3926,32881,5,12582912,2,0,0,0
6.840213004999896,1779567062.4127429,3926,32882,6,12582912,1,0,0,0
6.840213004999896,1779567062.4127429,3926,32883,7,12582912,0,0,0,0
6.872012575000554,1779567062.4445424,3927,32884,0,12582912,-4,0,0,0
6.872012575000554,1779567062.4445424,3927,32885,1,12582912,-7,0,0,0
6.872012575000554,1779567062.4445424,3927,32886,2,12582912,-9,0,0,0
6.872012575000554,1779567062.4445424,3927,32887,3,12582912,-9,0,0,0
6.872012575000554,1779567062.4445424,3927,32888,4,12582912,-7,0,0,0
6.872012575000554,1779567062.4445424,3927,32889,5,12582912,-5,0,0,0
6.872012575000554,1779567062.4445424,3927,32890,6,12582912,-3,0,0,0
6.872012575000554,1779567062.4445424,3927,32891,7,12582912,-1,0,0,0
6.893141561000448,1779567062.4656718,3928,32892,0,12582912,-2,0,0,0
6.893141561000448,1779567062.4656718,3928,32893,1,12582912,-2,0,0,0
6.893141561000448,1779567062.4656718,3928,32894,2,12582912,0,0,0,0
6.893141561000448,1779567062.4656718,3928,32895,3,12582912,2,0,0,0
6.893141561000448,1779567062.4656718,3928,32896,4,12582912,2,0,0,0
6.893141561000448,1779567062.4656718,3928,32897,5,12582912,-1,0,0,0
6.893141561000448,1779567062.4656718,3928,32898,6,12582912,-2,0,0,0
6.893141561000448,1779567062.4656718,3928,32899,7,12582912,0,0,0,0
6.945940900999631,1779567062.5184722,3929,32900,0,12582912,2,0,0,0
6.945940900999631,1779567062.5184722,3929,32901,1,12582912,1,0,0,0
6.945940900999631,1779567062.5184722,3929,32902,2,12582912,1,0,0,0
6.945940900999631,1779567062.5184722,3929,32903,3,12582912,2,0,0,0
6.945940900999631,1779567062.5184722,3929,32904,4,12582912,4,0,0,0
6.945940900999631,1779567062.5184722,3929,32905,5,12582912,5,0,0,0
6.945940900999631,1779567062.5184722,3929,32906,6,12582912,6,0,0,0
6.945940900999631,1779567062.5184722,3929,32907,7,12582912,5,0,0,0
6.967598940000244,1779567062.54013,3930,32908,0,12582912,3,0,0,0
6.967598940000244,1779567062.54013,3930,32909,1,12582912,0,0,0,0
6.967598940000244,1779567062.54013,3930,32910,2,12582912,1,0,0,0
6.967598940000244,1779567062.54013,3930,32911,3,12582912,6,0,0,0
6.967598940000244,1779567062.54013,3930,32912,4,12582912,10,0,0,0
6.967598940000244,1779567062.54013,3930,32913,5,12582912,13,0,0,0
6.967598940000244,1779567062.54013,3930,32914,6,12582912,12,0,0,0
6.967598940000244,1779567062.54013,3930,32915,7,12582912,7,0,0,0
6.989248697000221,1779567062.5617797,3931,32916,0,12582912,3,0,0,0
6.989248697000221,1779567062.5617797,3931,32917,1,12582912,2,0,0,0
6.989248697000221,1779567062.5617797,3931,32918,2,12582912,2,0,0,0
6.989248697000221,1779567062.5617797,3931,32919,3,12582912,2,0,0,0
6.989248697000221,1779567062.5617797,3931,32920,4,12582912,0,0,0,0
6.989248697000221,1779567062.5617797,3931,32921,5,12582912,-3,0,0,0
6.989248697000221,1779567062.5617797,3931,32922,6,12582912,-6,0,0,0
6.989248697000221,1779567062.5617797,3931,32923,7,12582912,-9,0,0,0
7.031972337999832,1779567062.6045036,3932,32924,0,12582912,-11,0,0,0
7.031972337999832,1779567062.6045036,3932,32925,1,12582912,-8,0,0,0
7.031972337999832,1779567062.6045036,3932,32926,2,12582912,-4,0,0,0
7.031972337999832,1779567062.6045036,3932,32927,3,12582912,-3,0,0,0
7.031972337999832,1779567062.6045036,3932,32928,4,12582912,-3,0,0,0
7.031972337999832,1779567062.6045036,3932,32929,5,12582912,-3,0,0,0
7.031972337999832,1779567062.6045036,3932,32930,6,12582912,-2,0,0,0
7.031972337999832,1779567062.6045036,3932,32931,7,12582912,0,0,0,0
7.053590325000187,1779567062.6261215,3933,32932,0,12582912,-1,0,0,0
7.053590325000187,1779567062.6261215,3933,32933,1,12582912,-5,0,0,0
7.053590325000187,1779567062.6261215,3933,32934,2,12582912,-6,0,0,0
7.053590325000187,1779567062.6261215,3933,32935,3,12582912,-3,0,0,0
7.053590325000187,1779567062.6261215,3933,32936,4,12582912,3,0,0,0
7.053590325000187,1779567062.6261215,3933,32937,5,12582912,8,0,0,0
7.053590325000187,1779567062.6261215,3933,32938,6,12582912,11,0,0,0
7.053590325000187,1779567062.6261215,3933,32939,7,12582912,7,0,0,0
7.0887043660004565,1779567062.6612356,3934,32940,0,12582912,0,0,0,0
7.0887043660004565,1779567062.6612356,3934,32941,1,12582912,-4,0,0,0
7.0887043660004565,1779567062.6612356,3934,32942,2,12582912,-6,0,0,0
7.0887043660004565,1779567062.6612356,3934,32943,3,12582912,-8,0,0,0
7.0887043660004565,1779567062.6612356,3934,32944,4,12582912,-10,0,0,0
7.0887043660004565,1779567062.6612356,3934,32945,5,12582912,-11,0,0,0
7.0887043660004565,1779567062.6612356,3934,32946,6,12582912,-12,0,0,0
7.0887043660004565,1779567062.6612356,3934,32947,7,12582912,-13,0,0,0
7.131563263999851,1779567062.7040942,3935,32948,0,12582912,-11,0,0,0
7.131563263999851,1779567062.7040942,3935,32949,1,12582912,-5,0,0,0
7.131563263999851,1779567062.7040942,3935,32950,2,12582912,-1,0,0,0
7.131563263999851,1779567062.7040942,3935,32951,3,12582912,-2,0,0,0
7.131563263999851,1779567062.7040942,3935,32952,4,12582912,-6,0,0,0
7.131563263999851,1779567062.7040942,3935,32953,5,12582912,-4,0,0,0
7.131563263999851,1779567062.7040942,3935,32954,6,12582912,0,0,0,0
7.131563263999851,1779567062.7040942,3935,32955,7,12582912,4,0,0,0
7.16821774500022,1779567062.740749,3936,32956,0,12582912,6,0,0,0
7.16821774500022,1779567062.740749,3936,32957,1,12582912,7,0,0,0
7.16821774500022,1779567062.740749,3936,32958,2,12582912,8,0,0,0
7.16821774500022,1779567062.740749,3936,32959,3,12582912,11,0,0,0
7.16821774500022,1779567062.740749,3936,32960,4,12582912,13,0,0,0
7.16821774500022,1779567062.740749,3936,32961,5,12582912,13,0,0,0
7.16821774500022,1779567062.740749,3936,32962,6,12582912,13,0,0,0
7.16821774500022,1779567062.740749,3936,32963,7,12582912,11,0,0,0
7.189920730999802,1779567062.7624521,3937,32964,0,12582912,9,0,0,0
7.189920730999802,1779567062.7624521,3937,32965,1,12582912,8,0,0,0
7.189920730999802,1779567062.7624521,3937,32966,2,12582912,7,0,0,0
7.189920730999802,1779567062.7624521,3937,32967,3,12582912,2,0,0,0
7.189920730999802,1779567062.7624521,3937,32968,4,12582912,-4,0,0,0
7.189920730999802,1779567062.7624521,3937,32969,5,12582912,-6,0,0,0
7.189920730999802,1779567062.7624521,3937,32970,6,12582912,-6,0,0,0
7.189920730999802,1779567062.7624521,3937,32971,7,12582912,-7,0,0,0
7.211623821000103,1779567062.784155,3938,32972,0,12582912,-7,0,0,0
7.211623821000103,1779567062.784155,3938,32973,1,12582912,-5,0,0,0
7.211623821000103,1779567062.784155,3938,32974,2,12582912,-5,0,0,0
7.211623821000103,1779567062.784155,3938,32975,3,12582912,-6,0,0,0
7.211623821000103,1779567062.784155,3938,32976,4,12582912,-9,0,0,0
7.211623821000103,1779567062.784155,3938,32977,5,12582912,-10,0,0,0
7.211623821000103,1779567062.784155,3938,32978,6,12582912,-11,0,0,0
7.211623821000103,1779567062.784155,3938,32979,7,12582912,-10,0,0,0
7.286678844000562,1779567062.8592103,3939,32980,0,12582912,-9,0,0,0
7.286678844000562,1779567062.8592103,3939,32981,1,12582912,-11,0,0,0
7.286678844000562,1779567062.8592103,3939,32982,2,12582912,-12,0,0,0
7.286678844000562,1779567062.8592103,3939,32983,3,12582912,-8,0,0,0
7.286678844000562,1779567062.8592103,3939,32984,4,12582912,-3,0,0,0
7.286678844000562,1779567062.8592103,3939,32985,5,12582912,0,0,0,0
7.286678844000562,1779567062.8592103,3939,32986,6,12582912,2,0,0,0
7.286678844000562,1779567062.8592103,3939,32987,7,12582912,3,0,0,0
7.286990974000219,1779567062.8595202,3940,32988,0,12582912,1,0,0,0
7.286990974000219,1779567062.8595202,3940,32989,1,12582912,0,0,0,0
7.286990974000219,1779567062.8595202,3940,32990,2,12582912,0,0,0,0
7.286990974000219,1779567062.8595202,3940,32991,3,12582912,-1,0,0,0
7.286990974000219,1779567062.8595202,3940,32992,4,12582912,-4,0,0,0
7.286990974000219,1779567062.8595202,3940,32993,5,12582912,-6,0,0,0
7.286990974000219,1779567062.8595202,3940,32994,6,12582912,-5,0,0,0
7.286990974000219,1779567062.8595202,3940,32995,7,12582912,-6,0,0,0
7.330021432000649,1779567062.9025526,3941,32996,0,12582912,-8,0,0,0
7.330021432000649,1779567062.9025526,3941,32997,1,12582912,-9,0,0,0
7.330021432000649,1779567062.9025526,3941,32998,2,12582912,-11,0,0,0
7.330021432000649,1779567062.9025526,3941,32999,3,12582912,-12,0,0,0
7.330021432000649,1779567062.9025526,3941,33000,4,12582912,-11,0,0,0
7.330021432000649,1779567062.9025526,3941,33001,5,12582912,-2,0,0,0
7.330021432000649,1779567062.9025526,3941,33002,6,12582912,11,0,0,0
7.330021432000649,1779567062.9025526,3941,33003,7,12582912,6,0,0,0
7.381910527999935,1779567062.9544418,3942,33004,0,12582912,-20,0,0,0
7.381910527999935,1779567062.9544418,3942,33005,1,12582912,-32,0,0,0
7.381910527999935,1779567062.9544418,3942,33006,2,12582912,-13,0,0,0
7.381910527999935,1779567062.9544418,3942,33007,3,12582912,13,0,0,0
7.381910527999935,1779567062.9544418,3942,33008,4,12582912,11,0,0,0
7.381910527999935,1779567062.9544418,3942,33009,5,12582912,-13,0,0,0
7.381910527999935,1779567062.9544418,3942,33010,6,12582912,-26,0,0,0
7.381910527999935,1779567062.9544418,3942,33011,7,12582912,-10,0,0,0
7.3822343760002695,1779567062.9547634,3943,33012,0,12582912,12,0,0,0
7.3822343760002695,1779567062.9547634,3943,33013,1,12582912,12,0,0,0
7.3822343760002695,1779567062.9547634,3943,33014,2,12582912,-4,0,0,0
7.3822343760002695,1779567062.9547634,3943,33015,3,12582912,-14,0,0,0
7.3822343760002695,1779567062.9547634,3943,33016,4,12582912,-7,0,0,0
7.3822343760002695,1779567062.9547634,3943,33017,5,12582912,5,0,0,0
7.3822343760002695,1779567062.9547634,3943,33018,6,12582912,4,0,0,0
7.3822343760002695,1779567062.9547634,3943,33019,7,12582912,-11,0,0,0
7.424970308000411,1779567062.9975014,3944,33020,0,12582912,-23,0,0,0
7.424970308000411,1779567062.9975014,3944,33021,1,12582912,-20,0,0,0
7.424970308000411,1779567062.9975014,3944,33022,2,12582912,-11,0,0,0
7.424970308000411,1779567062.9975014,3944,33023,3,12582912,-11,0,0,0
7.424970308000411,1779567062.9975014,3944,33024,4,12582912,-21,0,0,0
7.424970308000411,1779567062.9975014,3944,33025,5,12582912,-26,0,0,0
7.424970308000411,1779567062.9975014,3944,33026,6,12582912,-17,0,0,0
7.424970308000411,1779567062.9975014,3944,33027,7,12582912,-6,0,0,0
7.446671419000268,1779567063.0192022,3945,33028,0,12582912,-4,0,0,0
7.446671419000268,1779567063.0192022,3945,33029,1,12582912,-9,0,0,0
7.446671419000268,1779567063.0192022,3945,33030,2,12582912,-11,0,0,0
7.446671419000268,1779567063.0192022,3945,33031,3,12582912,-5,0,0,0
7.446671419000268,1779567063.0192022,3945,33032,4,12582912,3,0,0,0
7.446671419000268,1779567063.0192022,3945,33033,5,12582912,5,0,0,0
7.446671419000268,1779567063.0192022,3945,33034,6,12582912,1,0,0,0
7.446671419000268,1779567063.0192022,3945,33035,7,12582912,-1,0,0,0
7.489446882000266,1779567063.0619779,3946,33036,0,12582912,3,0,0,0
7.489446882000266,1779567063.0619779,3946,33037,1,12582912,6,0,0,0
7.489446882000266,1779567063.0619779,3946,33038,2,12582912,4,0,0,0
7.489446882000266,1779567063.0619779,3946,33039,3,12582912,-1,0,0,0
7.489446882000266,1779567063.0619779,3946,33040,4,12582912,-3,0,0,0
7.489446882000266,1779567063.0619779,3946,33041,5,12582912,-1,0,0,0
7.489446882000266,1779567063.0619779,3946,33042,6,12582912,0,0,0,0
7.489446882000266,1779567063.0619779,3946,33043,7,12582912,-3,0,0,0
7.511158671000885,1779567063.08369,3947,33044,0,12582912,-10,0,0,0
7.511158671000885,1779567063.08369,3947,33045,1,12582912,-14,0,0,0
7.511158671000885,1779567063.08369,3947,33046,2,12582912,-13,0,0,0
7.511158671000885,1779567063.08369,3947,33047,3,12582912,-9,0,0,0
7.511158671000885,1779567063.08369,3947,33048,4,12582912,-6,0,0,0
7.511158671000885,1779567063.08369,3947,33049,5,12582912,-6,0,0,0
7.511158671000885,1779567063.08369,3947,33050,6,12582912,-7,0,0,0
7.511158671000885,1779567063.08369,3947,33051,7,12582912,-6,0,0,0
7.610884076999355,1779567063.1834154,3948,33052,0,12582912,-4,0,0,0
7.610884076999355,1779567063.1834154,3948,33053,1,12582912,-5,0,0,0
7.610884076999355,1779567063.1834154,3948,33054,2,12582912,-10,0,0,0
7.610884076999355,1779567063.1834154,3948,33055,3,12582912,-13,0,0,0
7.610884076999355,1779567063.1834154,3948,33056,4,12582912,-11,0,0,0
7.610884076999355,1779567063.1834154,3948,33057,5,12582912,-5,0,0,0
7.610884076999355,1779567063.1834154,3948,33058,6,12582912,-3,0,0,0
7.610884076999355,1779567063.1834154,3948,33059,7,12582912,-4,0,0,0
7.6111940709997725,1779567063.1837234,3949,33060,0,12582912,-7,0,0,0
7.6111940709997725,1779567063.1837234,3949,33061,1,12582912,-6,0,0,0
7.6111940709997725,1779567063.1837234,3949,33062,2,12582912,-3,0,0,0
7.6111940709997725,1779567063.1837234,3949,33063,3,12582912,0,0,0,0
7.6111940709997725,1779567063.1837234,3949,33064,4,12582912,1,0,0,0
7.6111940709997725,1779567063.1837234,3949,33065,5,12582912,-1,0,0,0
7.6111940709997725,1779567063.1837234,3949,33066,6,12582912,-3,0,0,0
7.6111940709997725,1779567063.1837234,3949,33067,7,12582912,-5,0,0,0
7.611519586000213,1779567063.184049,3950,33068,0,12582912,-7,0,0,0
7.611519586000213,1779567063.184049,3950,33069,1,12582912,-10,0,0,0
7.611519586000213,1779567063.184049,3950,33070,2,12582912,-14,0,0,0
7.611519586000213,1779567063.184049,3950,33071,3,12582912,-15,0,0,0
7.611519586000213,1779567063.184049,3950,33072,4,12582912,-14,0,0,0
7.611519586000213,1779567063.184049,3950,33073,5,12582912,-13,0,0,0
7.611519586000213,1779567063.184049,3950,33074,6,12582912,-12,0,0,0
7.611519586000213,1779567063.184049,3950,33075,7,12582912,-9,0,0,0
7.721987762999561,1779567063.2945187,3951,33076,0,12582912,-6,0,0,0
7.721987762999561,1779567063.2945187,3951,33077,1,12582912,-5,0,0,0
7.721987762999561,1779567063.2945187,3951,33078,2,12582912,-7,0,0,0
7.721987762999561,1779567063.2945187,3951,33079,3,12582912,-8,0,0,0
7.721987762999561,1779567063.2945187,3951,33080,4,12582912,-8,0,0,0
7.721987762999561,1779567063.2945187,3951,33081,5,12582912,-6,0,0,0
7.721987762999561,1779567063.2945187,3951,33082,6,12582912,-6,0,0,0
7.721987762999561,1779567063.2945187,3951,33083,7,12582912,-5,0,0,0
7.728416133999417,1779567063.300948,3952,33084,0,12582912,-3,0,0,0
7.728416133999417,1779567063.300948,3952,33085,1,12582912,-4,0,0,0
7.728416133999417,1779567063.300948,3952,33086,2,12582912,-5,0,0,0
7.728416133999417,1779567063.300948,3952,33087,3,12582912,-2,0,0,0
7.728416133999417,1779567063.300948,3952,33088,4,12582912,2,0,0,0
7.728416133999417,1779567063.300948,3952,33089,5,12582912,3,0,0,0
7.728416133999417,1779567063.300948,3952,33090,6,12582912,-4,0,0,0
7.728416133999417,1779567063.300948,3952,33091,7,12582912,-10,0,0,0
7.728788315000202,1779567063.3013184,3953,33092,0,12582912,-13,0,0,0
7.728788315000202,1779567063.3013184,3953,33093,1,12582912,-13,0,0,0
7.728788315000202,1779567063.3013184,3953,33094,2,12582912,-12,0,0,0
7.728788315000202,1779567063.3013184,3953,33095,3,12582912,-8,0,0,0
7.728788315000202,1779567063.3013184,3953,33096,4,12582912,-6,0,0,0
7.728788315000202,1779567063.3013184,3953,33097,5,12582912,-7,0,0,0
7.728788315000202,1779567063.3013184,3953,33098,6,12582912,-10,0,0,0
7.728788315000202,1779567063.3013184,3953,33099,7,12582912,-11,0,0,0
7.750549112000954,1779567063.3230803,3954,33100,0,12582912,-10,0,0,0
7.750549112000954,1779567063.3230803,3954,33101,1,12582912,-9,0,0,0
7.750549112000954,1779567063.3230803,3954,33102,2,12582912,-9,0,0,0
7.750549112000954,1779567063.3230803,3954,33103,3,12582912,-7,0,0,0
7.750549112000954,1779567063.3230803,3954,33104,4,12582912,-5,0,0,0
7.750549112000954,1779567063.3230803,3954,33105,5,12582912,-5,0,0,0
7.750549112000954,1779567063.3230803,3954,33106,6,12582912,-4,0,0,0
7.750549112000954,1779567063.3230803,3954,33107,7,12582912,-1,0,0,0
7.7721896519997244,1779567063.3447208,3955,33108,0,12582912,2,0,0,0
7.7721896519997244,1779567063.3447208,3955,33109,1,12582912,5,0,0,0
7.7721896519997244,1779567063.3447208,3955,33110,2,12582912,7,0,0,0
7.7721896519997244,1779567063.3447208,3955,33111,3,12582912,8,0,0,0
7.7721896519997244,1779567063.3447208,3955,33112,4,12582912,9,0,0,0
7.7721896519997244,1779567063.3447208,3955,33113,5,12582912,6,0,0,0
7.7721896519997244,1779567063.3447208,3955,33114,6,12582912,2,0,0,0
7.7721896519997244,1779567063.3447208,3955,33115,7,12582912,0,0,0,0
7.794670593000774,1779567063.3672018,3956,33116,0,12582912,0,0,0,0
7.794670593000774,1779567063.3672018,3956,33117,1,12582912,0,0,0,0
7.794670593000774,1779567063.3672018,3956,33118,2,12582912,-3,0,0,0
7.794670593000774,1779567063.3672018,3956,33119,3,12582912,-7,0,0,0
7.794670593000774,1779567063.3672018,3956,33120,4,12582912,-11,0,0,0
7.794670593000774,1779567063.3672018,3956,33121,5,12582912,-14,0,0,0
7.794670593000774,1779567063.3672018,3956,33122,6,12582912,-15,0,0,0
7.794670593000774,1779567063.3672018,3956,33123,7,12582912,-12,0,0,0
7.837388922000173,1779567063.40992,3957,33124,0,12582912,-12,0,0,0
7.837388922000173,1779567063.40992,3957,33125,1,12582912,-15,0,0,0
7.837388922000173,1779567063.40992,3957,33126,2,12582912,-15,0,0,0
7.837388922000173,1779567063.40992,3957,33127,3,12582912,-13,0,0,0
7.837388922000173,1779567063.40992,3957,33128,4,12582912,-10,0,0,0
7.837388922000173,1779567063.40992,3957,33129,5,12582912,-7,0,0,0
7.837388922000173,1779567063.40992,3957,33130,6,12582912,-3,0,0,0
7.837388922000173,1779567063.40992,3957,33131,7,12582912,1,0,0,0
7.888476680000167,1779567063.461008,3958,33132,0,12582912,2,0,0,0
7.888476680000167,1779567063.461008,3958,33133,1,12582912,0,0,0,0
7.888476680000167,1779567063.461008,3958,33134,2,12582912,-1,0,0,0
7.888476680000167,1779567063.461008,3958,33135,3,12582912,-2,0,0,0
7.888476680000167,1779567063.461008,3958,33136,4,12582912,-7,0,0,0
7.888476680000167,1779567063.461008,3958,33137,5,12582912,-12,0,0,0
7.888476680000167,1779567063.461008,3958,33138,6,12582912,-14,0,0,0
7.888476680000167,1779567063.461008,3958,33139,7,12582912,-10,0,0,0
7.9103591950006376,1779567063.4828901,3959,33140,0,12582912,-6,0,0,0
7.9103591950006376,1779567063.4828901,3959,33141,1,12582912,-4,0,0,0
7.9103591950006376,1779567063.4828901,3959,33142,2,12582912,-5,0,0,0
7.9103591950006376,1779567063.4828901,3959,33143,3,12582912,-8,0,0,0
7.9103591950006376,1779567063.4828901,3959,33144,4,12582912,-11,0,0,0
7.9103591950006376,1779567063.4828901,3959,33145,5,12582912,-13,0,0,0
7.9103591950006376,1779567063.4828901,3959,33146,6,12582912,-13,0,0,0
7.9103591950006376,1779567063.4828901,3959,33147,7,12582912,-13,0,0,0
7.931980724000823,1779567063.5045116,3960,33148,0,12582912,-15,0,0,0
7.931980724000823,1779567063.5045116,3960,33149,1,12582912,-17,0,0,0
7.931980724000823,1779567063.5045116,3960,33150,2,12582912,-19,0,0,0
7.931980724000823,1779567063.5045116,3960,33151,3,12582912,-20,0,0,0
7.931980724000823,1779567063.5045116,3960,33152,4,12582912,-20,0,0,0
7.931980724000823,1779567063.5045116,3960,33153,5,12582912,-21,0,0,0
7.931980724000823,1779567063.5045116,3960,33154,6,12582912,-22,0,0,0
7.931980724000823,1779567063.5045116,3960,33155,7,12582912,-22,0,0,0
7.975189721000788,1779567063.547721,3961,33156,0,12582912,-19,0,0,0
7.975189721000788,1779567063.547721,3961,33157,1,12582912,-15,0,0,0
7.975189721000788,1779567063.547721,3961,33158,2,12582912,-12,0,0,0
7.975189721000788,1779567063.547721,3961,33159,3,12582912,-10,0,0,0
7.975189721000788,1779567063.547721,3961,33160,4,12582912,-9,0,0,0
7.975189721000788,1779567063.547721,3961,33161,5,12582912,-9,0,0,0
7.975189721000788,1779567063.547721,3961,33162,6,12582912,-7,0,0,0
7.975189721000788,1779567063.547721,3961,33163,7,12582912,-4,0,0,0
7.996836823000194,1779567063.569368,3962,33164,0,12582912,-3,0,0,0
7.996836823000194,1779567063.569368,3962,33165,1,12582912,-6,0,0,0
7.996836823000194,1779567063.569368,3962,33166,2,12582912,-12,0,0,0
7.996836823000194,1779567063.569368,3962,33167,3,12582912,-14,0,0,0
7.996836823000194,1779567063.569368,3962,33168,4,12582912,-10,0,0,0
7.996836823000194,1779567063.569368,3962,33169,5,12582912,-6,0,0,0
7.996836823000194,1779567063.569368,3962,33170,6,12582912,-5,0,0,0
7.996836823000194,1779567063.569368,3962,33171,7,12582912,-9,0,0,0
8.018644338999366,1779567063.5911753,3963,33172,0,12582912,-12,0,0,0
8.018644338999366,1779567063.5911753,3963,33173,1,12582912,-13,0,0,0
8.018644338999366,1779567063.5911753,3963,33174,2,12582912,-14,0,0,0
8.018644338999366,1779567063.5911753,3963,33175,3,12582912,-16,0,0,0
8.018644338999366,1779567063.5911753,3963,33176,4,12582912,-17,0,0,0
8.018644338999366,1779567063.5911753,3963,33177,5,12582912,-17,0,0,0
8.018644338999366,1779567063.5911753,3963,33178,6,12582912,-16,0,0,0
8.018644338999366,1779567063.5911753,3963,33179,7,12582912,-14,0,0,0
8.062504314000762,1779567063.6350353,3964,33180,0,12582912,-13,0,0,0
8.062504314000762,1779567063.6350353,3964,33181,1,12582912,-12,0,0,0
8.062504314000762,1779567063.6350353,3964,33182,2,12582912,-13,0,0,0
8.062504314000762,1779567063.6350353,3964,33183,3,12582912,-14,0,0,0
8.062504314000762,1779567063.6350353,3964,33184,4,12582912,-11,0,0,0
8.062504314000762,1779567063.6350353,3964,33185,5,12582912,-7,0,0,0
8.062504314000762,1779567063.6350353,3964,33186,6,12582912,-6,0,0,0
8.062504314000762,1779567063.6350353,3964,33187,7,12582912,-4,0,0,0
8.130715351000617,1779567063.7032468,3965,33188,0,12582912,1,0,0,0
8.130715351000617,1779567063.7032468,3965,33189,1,12582912,4,0,0,0
8.130715351000617,1779567063.7032468,3965,33190,2,12582912,4,0,0,0
8.130715351000617,1779567063.7032468,3965,33191,3,12582912,3,0,0,0
8.130715351000617,1779567063.7032468,3965,33192,4,12582912,2,0,0,0
8.130715351000617,1779567063.7032468,3965,33193,5,12582912,1,0,0,0
8.130715351000617,1779567063.7032468,3965,33194,6,12582912,-2,0,0,0
8.130715351000617,1779567063.7032468,3965,33195,7,12582912,-4,0,0,0
8.131027688999893,1779567063.7035568,3966,33196,0,12582912,-7,0,0,0
8.131027688999893,1779567063.7035568,3966,33197,1,12582912,-9,0,0,0
8.131027688999893,1779567063.7035568,3966,33198,2,12582912,-11,0,0,0
8.131027688999893,1779567063.7035568,3966,33199,3,12582912,-13,0,0,0
8.131027688999893,1779567063.7035568,3966,33200,4,12582912,-15,0,0,0
8.131027688999893,1779567063.7035568,3966,33201,5,12582912,-14,0,0,0
8.131027688999893,1779567063.7035568,3966,33202,6,12582912,-12,0,0,0
8.131027688999893,1779567063.7035568,3966,33203,7,12582912,-11,0,0,0
8.166488339000352,1779567063.739019,3967,33204,0,12582912,-11,0,0,0
8.166488339000352,1779567063.739019,3967,33205,1,12582912,-12,0,0,0
8.166488339000352,1779567063.739019,3967,33206,2,12582912,-12,0,0,0
8.166488339000352,1779567063.739019,3967,33207,3,12582912,-12,0,0,0
8.166488339000352,1779567063.739019,3967,33208,4,12582912,-13,0,0,0
8.166488339000352,1779567063.739019,3967,33209,5,12582912,-12,0,0,0
8.166488339000352,1779567063.739019,3967,33210,6,12582912,-9,0,0,0
8.166488339000352,1779567063.739019,3967,33211,7,12582912,-7,0,0,0
8.188134919999356,1779567063.760666,3968,33212,0,12582912,-4,0,0,0
8.188134919999356,1779567063.760666,3968,33213,1,12582912,-2,0,0,0
8.188134919999356,1779567063.760666,3968,33214,2,12582912,-2,0,0,0
8.188134919999356,1779567063.760666,3968,33215,3,12582912,-7,0,0,0
8.188134919999356,1779567063.760666,3968,33216,4,12582912,-14,0,0,0
8.188134919999356,1779567063.760666,3968,33217,5,12582912,-16,0,0,0
8.188134919999356,1779567063.760666,3968,33218,6,12582912,-14,0,0,0
8.188134919999356,1779567063.760666,3968,33219,7,12582912,-9,0,0,0
8.210623986000428,1779567063.783155,3969,33220,0,12582912,-6,0,0,0
8.210623986000428,1779567063.783155,3969,33221,1,12582912,-7,0,0,0
8.210623986000428,1779567063.783155,3969,33222,2,12582912,-9,0,0,0
8.210623986000428,1779567063.783155,3969,33223,3,12582912,-8,0,0,0
8.210623986000428,1779567063.783155,3969,33224,4,12582912,-6,0,0,0
8.210623986000428,1779567063.783155,3969,33225,5,12582912,-5,0,0,0
8.210623986000428,1779567063.783155,3969,33226,6,12582912,-6,0,0,0
8.210623986000428,1779567063.783155,3969,33227,7,12582912,-8,0,0,0
8.25935611100067,1779567063.8318868,3970,33228,0,12582912,-11,0,0,0
8.25935611100067,1779567063.8318868,3970,33229,1,12582912,-12,0,0,0
8.25935611100067,1779567063.8318868,3970,33230,2,12582912,-9,0,0,0
8.25935611100067,1779567063.8318868,3970,33231,3,12582912,-4,0,0,0
8.25935611100067,1779567063.8318868,3970,33232,4,12582912,-3,0,0,0
8.25935611100067,1779567063.8318868,3970,33233,5,12582912,-7,0,0,0
8.25935611100067,1779567063.8318868,3970,33234,6,12582912,-11,0,0,0
8.25935611100067,1779567063.8318868,3970,33235,7,12582912,-14,0,0,0
8.280984618999355,1779567063.8535159,3971,33236,0,12582912,-14,0,0,0
8.280984618999355,1779567063.8535159,3971,33237,1,12582912,-10,0,0,0
8.280984618999355,1779567063.8535159,3971,33238,2,12582912,-5,0,0,0
8.280984618999355,1779567063.8535159,3971,33239,3,12582912,-3,0,0,0
8.280984618999355,1779567063.8535159,3971,33240,4,12582912,-4,0,0,0
8.280984618999355,1779567063.8535159,3971,33241,5,12582912,-4,0,0,0
8.280984618999355,1779567063.8535159,3971,33242,6,12582912,-3,0,0,0
8.280984618999355,1779567063.8535159,3971,33243,7,12582912,1,0,0,0
8.317051664000246,1779567063.8895826,3972,33244,0,12582912,4,0,0,0
8.317051664000246,1779567063.8895826,3972,33245,1,12582912,6,0,0,0
8.317051664000246,1779567063.8895826,3972,33246,2,12582912,6,0,0,0
8.317051664000246,1779567063.8895826,3972,33247,3,12582912,6,0,0,0
8.317051664000246,1779567063.8895826,3972,33248,4,12582912,4,0,0,0
8.317051664000246,1779567063.8895826,3972,33249,5,12582912,3,0,0,0
8.317051664000246,1779567063.8895826,3972,33250,6,12582912,2,0,0,0
8.317051664000246,1779567063.8895826,3972,33251,7,12582912,-1,0,0,0
8.338762827999744,1779567063.9112937,3973,33252,0,12582912,-3,0,0,0
8.338762827999744,1779567063.9112937,3973,33253,1,12582912,-1,0,0,0
8.338762827999744,1779567063.9112937,3973,33254,2,12582912,2,0,0,0
8.338762827999744,1779567063.9112937,3973,33255,3,12582912,0,0,0,0
8.338762827999744,1779567063.9112937,3973,33256,4,12582912,-5,0,0,0
8.338762827999744,1779567063.9112937,3973,33257,5,12582912,-7,0,0,0
8.338762827999744,1779567063.9112937,3973,33258,6,12582912,-6,0,0,0
8.338762827999744,1779567063.9112937,3973,33259,7,12582912,-4,0,0,0
8.373258079000152,1779567063.945789,3974,33260,0,12582912,-3,0,0,0
8.373258079000152,1779567063.945789,3974,33261,1,12582912,-2,0,0,0
8.373258079000152,1779567063.945789,3974,33262,2,12582912,-1,0,0,0
8.373258079000152,1779567063.945789,3974,33263,3,12582912,1,0,0,0
8.373258079000152,1779567063.945789,3974,33264,4,12582912,0,0,0,0
8.373258079000152,1779567063.945789,3974,33265,5,12582912,-3,0,0,0
8.373258079000152,1779567063.945789,3974,33266,6,12582912,-6,0,0,0
8.373258079000152,1779567063.945789,3974,33267,7,12582912,-5,0,0,0
8.415979896999488,1779567063.988511,3975,33268,0,12582912,-3,0,0,0
8.415979896999488,1779567063.988511,3975,33269,1,12582912,-1,0,0,0
8.415979896999488,1779567063.988511,3975,33270,2,12582912,0,0,0,0
8.415979896999488,1779567063.988511,3975,33271,3,12582912,0,0,0,0
8.415979896999488,1779567063.988511,3975,33272,4,12582912,-1,0,0,0
8.415979896999488,1779567063.988511,3975,33273,5,12582912,-2,0,0,0
8.415979896999488,1779567063.988511,3975,33274,6,12582912,-2,0,0,0
8.415979896999488,1779567063.988511,3975,33275,7,12582912,-2,0,0,0
8.437611426999865,1779567064.0101426,3976,33276,0,12582912,-2,0,0,0
8.437611426999865,1779567064.0101426,3976,33277,1,12582912,-1,0,0,0
8.437611426999865,1779567064.0101426,3976,33278,2,12582912,-1,0,0,0
8.437611426999865,1779567064.0101426,3976,33279,3,12582912,-2,0,0,0
8.437611426999865,1779567064.0101426,3976,33280,4,12582912,-3,0,0,0
8.437611426999865,1779567064.0101426,3976,33281,5,12582912,-4,0,0,0
8.437611426999865,1779567064.0101426,3976,33282,6,12582912,-3,0,0,0
8.437611426999865,1779567064.0101426,3976,33283,7,12582912,-2,0,0,0
8.485527318000095,1779567064.0580583,3977,33284,0,12582912,-3,0,0,0
8.485527318000095,1779567064.0580583,3977,33285,1,12582912,-5,0,0,0
8.485527318000095,1779567064.0580583,3977,33286,2,12582912,-5,0,0,0
8.485527318000095,1779567064.0580583,3977,33287,3,12582912,-3,0,0,0
8.485527318000095,1779567064.0580583,3977,33288,4,12582912,1,0,0,0
8.485527318000095,1779567064.0580583,3977,33289,5,12582912,4,0,0,0
8.485527318000095,1779567064.0580583,3977,33290,6,12582912,3,0,0,0
8.485527318000095,1779567064.0580583,3977,33291,7,12582912,-2,0,0,0
8.536612264999349,1779567064.109143,3978,33292,0,12582912,-4,0,0,0
8.536612264999349,1779567064.109143,3978,33293,1,12582912,-4,0,0,0
8.536612264999349,1779567064.109143,3978,33294,2,12582912,-5,0,0,0
8.536612264999349,1779567064.109143,3978,33295,3,12582912,-6,0,0,0
8.536612264999349,1779567064.109143,3978,33296,4,12582912,-6,0,0,0
8.536612264999349,1779567064.109143,3978,33297,5,12582912,-5,0,0,0
8.536612264999349,1779567064.109143,3978,33298,6,12582912,-2,0,0,0
8.536612264999349,1779567064.109143,3978,33299,7,12582912,1,0,0,0
8.53694908199941,1779567064.1094785,3979,33300,0,12582912,4,0,0,0
8.53694908199941,1779567064.1094785,3979,33301,1,12582912,4,0,0,0
8.53694908199941,1779567064.1094785,3979,33302,2,12582912,2,0,0,0
8.53694908199941,1779567064.1094785,3979,33303,3,12582912,1,0,0,0
8.53694908199941,1779567064.1094785,3979,33304,4,12582912,2,0,0,0
8.53694908199941,1779567064.1094785,3979,33305,5,12582912,5,0,0,0
8.53694908199941,1779567064.1094785,3979,33306,6,12582912,6,0,0,0
8.53694908199941,1779567064.1094785,3979,33307,7,12582912,6,0,0,0
8.61400417799996,1779567064.186535,3980,33308,0,12582912,6,0,0,0
8.61400417799996,1779567064.186535,3980,33309,1,12582912,7,0,0,0
8.61400417799996,1779567064.186535,3980,33310,2,12582912,6,0,0,0
8.61400417799996,1779567064.186535,3980,33311,3,12582912,1,0,0,0
8.61400417799996,1779567064.186535,3980,33312,4,12582912,-3,0,0,0
8.61400417799996,1779567064.186535,3980,33313,5,12582912,-1,0,0,0
8.61400417799996,1779567064.186535,3980,33314,6,12582912,3,0,0,0
8.61400417799996,1779567064.186535,3980,33315,7,12582912,7,0,0,0
8.614314328000546,1779567064.1868436,3981,33316,0,12582912,8,0,0,0
8.614314328000546,1779567064.1868436,3981,33317,1,12582912,7,0,0,0
8.614314328000546,1779567064.1868436,3981,33318,2,12582912,6,0,0,0
8.614314328000546,1779567064.1868436,3981,33319,3,12582912,8,0,0,0
8.614314328000546,1779567064.1868436,3981,33320,4,12582912,10,0,0,0
8.614314328000546,1779567064.1868436,3981,33321,5,12582912,13,0,0,0
8.614314328000546,1779567064.1868436,3981,33322,6,12582912,16,0,0,0
8.614314328000546,1779567064.1868436,3981,33323,7,12582912,16,0,0,0
8.650110077000136,1779567064.2226415,3982,33324,0,12582912,14,0,0,0
8.650110077000136,1779567064.2226415,3982,33325,1,12582912,11,0,0,0
8.650110077000136,1779567064.2226415,3982,33326,2,12582912,11,0,0,0
8.650110077000136,1779567064.2226415,3982,33327,3,12582912,14,0,0,0
8.650110077000136,1779567064.2226415,3982,33328,4,12582912,14,0,0,0
8.650110077000136,1779567064.2226415,3982,33329,5,12582912,12,0,0,0
8.650110077000136,1779567064.2226415,3982,33330,6,12582912,9,0,0,0
8.650110077000136,1779567064.2226415,3982,33331,7,12582912,7,0,0,0
8.671742024000196,1779567064.244273,3983,33332,0,12582912,8,0,0,0
8.671742024000196,1779567064.244273,3983,33333,1,12582912,8,0,0,0
8.671742024000196,1779567064.244273,3983,33334,2,12582912,3,0,0,0
8.671742024000196,1779567064.244273,3983,33335,3,12582912,-3,0,0,0
8.671742024000196,1779567064.244273,3983,33336,4,12582912,-6,0,0,0
8.671742024000196,1779567064.244273,3983,33337,5,12582912,-3,0,0,0
8.671742024000196,1779567064.244273,3983,33338,6,12582912,4,0,0,0
8.671742024000196,1779567064.244273,3983,33339,7,12582912,9,0,0,0
8.693384127000172,1779567064.2659152,3984,33340,0,12582912,12,0,0,0
8.693384127000172,1779567064.2659152,3984,33341,1,12582912,13,0,0,0
8.693384127000172,1779567064.2659152,3984,33342,2,12582912,12,0,0,0
8.693384127000172,1779567064.2659152,3984,33343,3,12582912,12,0,0,0
8.693384127000172,1779567064.2659152,3984,33344,4,12582912,13,0,0,0
8.693384127000172,1779567064.2659152,3984,33345,5,12582912,12,0,0,0
8.693384127000172,1779567064.2659152,3984,33346,6,12582912,8,0,0,0
8.693384127000172,1779567064.2659152,3984,33347,7,12582912,1,0,0,0
8.729418778000763,1779567064.30195,3985,33348,0,12582912,-5,0,0,0
8.729418778000763,1779567064.30195,3985,33349,1,12582912,-6,0,0,0
8.729418778000763,1779567064.30195,3985,33350,2,12582912,-2,0,0,0
8.729418778000763,1779567064.30195,3985,33351,3,12582912,1,0,0,0
8.729418778000763,1779567064.30195,3985,33352,4,12582912,2,0,0,0
8.729418778000763,1779567064.30195,3985,33353,5,12582912,0,0,0,0
8.729418778000763,1779567064.30195,3985,33354,6,12582912,-2,0,0,0
8.729418778000763,1779567064.30195,3985,33355,7,12582912,-2,0,0,0
8.778444544001104,1779567064.3509758,3986,33356,0,12582912,-1,0,0,0
8.778444544001104,1779567064.3509758,3986,33357,1,12582912,0,0,0,0
8.778444544001104,1779567064.3509758,3986,33358,2,12582912,3,0,0,0
8.778444544001104,1779567064.3509758,3986,33359,3,12582912,4,0,0,0
8.778444544001104,1779567064.3509758,3986,33360,4,12582912,3,0,0,0
8.778444544001104,1779567064.3509758,3986,33361,5,12582912,3,0,0,0
8.778444544001104,1779567064.3509758,3986,33362,6,12582912,4,0,0,0
8.778444544001104,1779567064.3509758,3986,33363,7,12582912,5,0,0,0
8.800089459000446,1779567064.372621,3987,33364,0,12582912,7,0,0,0
8.800089459000446,1779567064.372621,3987,33365,1,12582912,7,0,0,0
8.800089459000446,1779567064.372621,3987,33366,2,12582912,4,0,0,0
8.800089459000446,1779567064.372621,3987,33367,3,12582912,-2,0,0,0
8.800089459000446,1779567064.372621,3987,33368,4,12582912,-6,0,0,0
8.800089459000446,1779567064.372621,3987,33369,5,12582912,-7,0,0,0
8.800089459000446,1779567064.372621,3987,33370,6,12582912,-7,0,0,0
8.800089459000446,1779567064.372621,3987,33371,7,12582912,-6,0,0,0
8.821843591000288,1779567064.3943748,3988,33372,0,12582912,-4,0,0,0
8.821843591000288,1779567064.3943748,3988,33373,1,12582912,-5,0,0,0
8.821843591000288,1779567064.3943748,3988,33374,2,12582912,-8,0,0,0
8.821843591000288,1779567064.3943748,3988,33375,3,12582912,-9,0,0,0
8.821843591000288,1779567064.3943748,3988,33376,4,12582912,-8,0,0,0
8.821843591000288,1779567064.3943748,3988,33377,5,12582912,-6,0,0,0
8.821843591000288,1779567064.3943748,3988,33378,6,12582912,-1,0,0,0
8.821843591000288,1779567064.3943748,3988,33379,7,12582912,3,0,0,0
8.898640202000024,1779567064.4711707,3989,33380,0,12582912,3,0,0,0
8.898640202000024,1779567064.4711707,3989,33381,1,12582912,1,0,0,0
8.898640202000024,1779567064.4711707,3989,33382,2,12582912,-1,0,0,0
8.898640202000024,1779567064.4711707,3989,33383,3,12582912,0,0,0,0
8.898640202000024,1779567064.4711707,3989,33384,4,12582912,3,0,0,0
8.898640202000024,1779567064.4711707,3989,33385,5,12582912,7,0,0,0
8.898640202000024,1779567064.4711707,3989,33386,6,12582912,10,0,0,0
8.898640202000024,1779567064.4711707,3989,33387,7,12582912,12,0,0,0
8.941194524999446,1779567064.5137258,3990,33388,0,12582912,12,0,0,0
8.941194524999446,1779567064.5137258,3990,33389,1,12582912,10,0,0,0
8.941194524999446,1779567064.5137258,3990,33390,2,12582912,7,0,0,0
8.941194524999446,1779567064.5137258,3990,33391,3,12582912,6,0,0,0
8.941194524999446,1779567064.5137258,3990,33392,4,12582912,9,0,0,0
8.941194524999446,1779567064.5137258,3990,33393,5,12582912,14,0,0,0
8.941194524999446,1779567064.5137258,3990,33394,6,12582912,20,0,0,0
8.941194524999446,1779567064.5137258,3990,33395,7,12582912,22,0,0,0
8.941509259000668,1779567064.514039,3991,33396,0,12582912,24,0,0,0
8.941509259000668,1779567064.514039,3991,33397,1,12582912,25,0,0,0
8.941509259000668,1779567064.514039,3991,33398,2,12582912,21,0,0,0
8.941509259000668,1779567064.514039,3991,33399,3,12582912,13,0,0,0
8.941509259000668,1779567064.514039,3991,33400,4,12582912,4,0,0,0
8.941509259000668,1779567064.514039,3991,33401,5,12582912,-2,0,0,0
8.941509259000668,1779567064.514039,3991,33402,6,12582912,-3,0,0,0
8.941509259000668,1779567064.514039,3991,33403,7,12582912,-1,0,0,0
8.963167871999758,1779567064.535699,3992,33404,0,12582912,2,0,0,0
8.963167871999758,1779567064.535699,3992,33405,1,12582912,4,0,0,0
8.963167871999758,1779567064.535699,3992,33406,2,12582912,1,0,0,0
8.963167871999758,1779567064.535699,3992,33407,3,12582912,-4,0,0,0
8.963167871999758,1779567064.535699,3992,33408,4,12582912,-6,0,0,0
8.963167871999758,1779567064.535699,3992,33409,5,12582912,-6,0,0,0
8.963167871999758,1779567064.535699,3992,33410,6,12582912,-4,0,0,0
8.963167871999758,1779567064.535699,3992,33411,7,12582912,-3,0,0,0
8.984832108999399,1779567064.5573633,3993,33412,0,12582912,-3,0,0,0
8.984832108999399,1779567064.5573633,3993,33413,1,12582912,-3,0,0,0
8.984832108999399,1779567064.5573633,3993,33414,2,12582912,0,0,0,0
8.984832108999399,1779567064.5573633,3993,33415,3,12582912,3,0,0,0
8.984832108999399,1779567064.5573633,3993,33416,4,12582912,5,0,0,0
8.984832108999399,1779567064.5573633,3993,33417,5,12582912,3,0,0,0
8.984832108999399,1779567064.5573633,3993,33418,6,12582912,-2,0,0,0
8.984832108999399,1779567064.5573633,3993,33419,7,12582912,-5,0,0,0
9.027607678001004,1779567064.6001387,3994,33420,0,12582912,-5,0,0,0
9.027607678001004,1779567064.6001387,3994,33421,1,12582912,-4,0,0,0
9.027607678001004,1779567064.6001387,3994,33422,2,12582912,-5,0,0,0
9.027607678001004,1779567064.6001387,3994,33423,3,12582912,-6,0,0,0
9.027607678001004,1779567064.6001387,3994,33424,4,12582912,-4,0,0,0
9.027607678001004,1779567064.6001387,3994,33425,5,12582912,-1,0,0,0
9.027607678001004,1779567064.6001387,3994,33426,6,12582912,2,0,0,0
9.027607678001004,1779567064.6001387,3994,33427,7,12582912,0,0,0,0
9.049099678999482,1779567064.6216304,3995,33428,0,12582912,-1,0,0,0
9.049099678999482,1779567064.6216304,3995,33429,1,12582912,-1,0,0,0
9.049099678999482,1779567064.6216304,3995,33430,2,12582912,0,0,0,0
9.049099678999482,1779567064.6216304,3995,33431,3,12582912,-2,0,0,0
9.049099678999482,1779567064.6216304,3995,33432,4,12582912,-3,0,0,0
9.049099678999482,1779567064.6216304,3995,33433,5,12582912,-3,0,0,0
9.049099678999482,1779567064.6216304,3995,33434,6,12582912,-2,0,0,0
9.049099678999482,1779567064.6216304,3995,33435,7,12582912,1,0,0,0
9.091359997000836,1779567064.66389,3996,33436,0,12582912,4,0,0,0
9.091359997000836,1779567064.66389,3996,33437,1,12582912,3,0,0,0
9.091359997000836,1779567064.66389,3996,33438,2,12582912,0,0,0,0
9.091359997000836,1779567064.66389,3996,33439,3,12582912,-3,0,0,0
9.091359997000836,1779567064.66389,3996,33440,4,12582912,-6,0,0,0
9.091359997000836,1779567064.66389,3996,33441,5,12582912,-9,0,0,0
9.091359997000836,1779567064.66389,3996,33442,6,12582912,-10,0,0,0
9.091359997000836,1779567064.66389,3996,33443,7,12582912,-8,0,0,0
9.112656897999841,1779567064.685187,3997,33444,0,12582912,-4,0,0,0
9.112656897999841,1779567064.685187,3997,33445,1,12582912,-1,0,0,0
9.112656897999841,1779567064.685187,3997,33446,2,12582912,1,0,0,0
9.112656897999841,1779567064.685187,3997,33447,3,12582912,1,0,0,0
9.112656897999841,1779567064.685187,3997,33448,4,12582912,-1,0,0,0
9.112656897999841,1779567064.685187,3997,33449,5,12582912,-4,0,0,0
9.112656897999841,1779567064.685187,3997,33450,6,12582912,-7,0,0,0
9.112656897999841,1779567064.685187,3997,33451,7,12582912,-9,0,0,0
9.15426873800061,1779567064.7268002,3998,33452,0,12582912,-8,0,0,0
9.15426873800061,1779567064.7268002,3998,33453,1,12582912,-4,0,0,0
9.15426873800061,1779567064.7268002,3998,33454,2,12582912,-3,0,0,0
9.15426873800061,1779567064.7268002,3998,33455,3,12582912,-7,0,0,0
9.15426873800061,1779567064.7268002,3998,33456,4,12582912,-9,0,0,0
9.15426873800061,1779567064.7268002,3998,33457,5,12582912,-7,0,0,0
9.15426873800061,1779567064.7268002,3998,33458,6,12582912,-5,0,0,0
9.15426873800061,1779567064.7268002,3998,33459,7,12582912,-6,0,0,0
9.175951101000464,1779567064.748482,3999,33460,0,12582912,-9,0,0,0
9.175951101000464,1779567064.748482,3999,33461,1,12582912,-11,0,0,0
9.175951101000464,1779567064.748482,3999,33462,2,12582912,-10,0,0,0
9.175951101000464,1779567064.748482,3999,33463,3,12582912,-8,0,0,0
9.175951101000464,1779567064.748482,3999,33464,4,12582912,-6,0,0,0
9.175951101000464,1779567064.748482,3999,33465,5,12582912,-4,0,0,0
9.175951101000464,1779567064.748482,3999,33466,6,12582912,-3,0,0,0
9.175951101000464,1779567064.748482,3999,33467,7,12582912,-5,0,0,0
9.218820574000347,1779567064.7913518,4000,33468,0,12582912,-8,0,0,0
9.218820574000347,1779567064.7913518,4000,33469,1,12582912,-7,0,0,0
9.218820574000347,1779567064.7913518,4000,33470,2,12582912,-5,0,0,0
9.218820574000347,1779567064.7913518,4000,33471,3,12582912,-5,0,0,0
9.218820574000347,1779567064.7913518,4000,33472,4,12582912,-10,0,0,0
9.218820574000347,1779567064.7913518,4000,33473,5,12582912,-14,0,0,0
9.218820574000347,1779567064.7913518,4000,33474,6,12582912,-13,0,0,0
9.218820574000347,1779567064.7913518,4000,33475,7,12582912,-10,0,0,0
9.240480800999649,1779567064.8130116,4001,33476,0,12582912,-5,0,0,0
9.240480800999649,1779567064.8130116,4001,33477,1,12582912,-2,0,0,0
9.240480800999649,1779567064.8130116,4001,33478,2,12582912,-1,0,0,0
9.240480800999649,1779567064.8130116,4001,33479,3,12582912,-1,0,0,0
9.240480800999649,1779567064.8130116,4001,33480,4,12582912,-3,0,0,0
9.240480800999649,1779567064.8130116,4001,33481,5,12582912,-6,0,0,0
9.240480800999649,1779567064.8130116,4001,33482,6,12582912,-8,0,0,0
9.240480800999649,1779567064.8130116,4001,33483,7,12582912,-6,0,0,0
9.275627396000345,1779567064.8481574,4002,33484,0,12582912,-6,0,0,0
9.275627396000345,1779567064.8481574,4002,33485,1,12582912,-10,0,0,0
9.275627396000345,1779567064.8481574,4002,33486,2,12582912,-15,0,0,0
9.275627396000345,1779567064.8481574,4002,33487,3,12582912,-16,0,0,0
9.275627396000345,1779567064.8481574,4002,33488,4,12582912,-12,0,0,0
9.275627396000345,1779567064.8481574,4002,33489,5,12582912,-7,0,0,0
9.275627396000345,1779567064.8481574,4002,33490,6,12582912,-3,0,0,0
9.275627396000345,1779567064.8481574,4002,33491,7,12582912,-1,0,0,0
9.322885277999376,1779567064.8954153,4003,33492,0,12582912,-1,0,0,0
9.322885277999376,1779567064.8954153,4003,33493,1,12582912,-4,0,0,0
9.322885277999376,1779567064.8954153,4003,33494,2,12582912,-6,0,0,0
9.322885277999376,1779567064.8954153,4003,33495,3,12582912,-7,0,0,0
9.322885277999376,1779567064.8954153,4003,33496,4,12582912,-8,0,0,0
9.322885277999376,1779567064.8954153,4003,33497,5,12582912,-9,0,0,0
9.322885277999376,1779567064.8954153,4003,33498,6,12582912,-9,0,0,0
9.322885277999376,1779567064.8954153,4003,33499,7,12582912,-7,0,0,0
9.354029758000252,1779567064.926561,4004,33500,0,12582912,-9,0,0,0
9.354029758000252,1779567064.926561,4004,33501,1,12582912,-19,0,0,0
9.354029758000252,1779567064.926561,4004,33502,2,12582912,-34,0,0,0
9.354029758000252,1779567064.926561,4004,33503,3,12582912,-37,0,0,0
9.354029758000252,1779567064.926561,4004,33504,4,12582912,-12,0,0,0
9.354029758000252,1779567064.926561,4004,33505,5,12582912,23,0,0,0
9.354029758000252,1779567064.926561,4004,33506,6,12582912,32,0,0,0
9.354029758000252,1779567064.926561,4004,33507,7,12582912,10,0,0,0
9.375708266999936,1779567064.9482393,4005,33508,0,12582912,-11,0,0,0
9.375708266999936,1779567064.9482393,4005,33509,1,12582912,-4,0,0,0
9.375708266999936,1779567064.9482393,4005,33510,2,12582912,18,0,0,0
9.375708266999936,1779567064.9482393,4005,33511,3,12582912,26,0,0,0
9.375708266999936,1779567064.9482393,4005,33512,4,12582912,13,0,0,0
9.375708266999936,1779567064.9482393,4005,33513,5,12582912,-1,0,0,0
9.375708266999936,1779567064.9482393,4005,33514,6,12582912,5,0,0,0
9.375708266999936,1779567064.9482393,4005,33515,7,12582912,20,0,0,0
9.410478929999954,1779567064.98301,4006,33516,0,12582912,22,0,0,0
9.410478929999954,1779567064.98301,4006,33517,1,12582912,6,0,0,0
9.410478929999954,1779567064.98301,4006,33518,2,12582912,-5,0,0,0
9.410478929999954,1779567064.98301,4006,33519,3,12582912,1,0,0,0
9.410478929999954,1779567064.98301,4006,33520,4,12582912,13,0,0,0
9.410478929999954,1779567064.98301,4006,33521,5,12582912,15,0,0,0
9.410478929999954,1779567064.98301,4006,33522,6,12582912,5,0,0,0
9.410478929999954,1779567064.98301,4006,33523,7,12582912,-1,0,0,0
9.453199813000538,1779567065.0257306,4007,33524,0,12582912,5,0,0,0
9.453199813000538,1779567065.0257306,4007,33525,1,12582912,15,0,0,0
9.453199813000538,1779567065.0257306,4007,33526,2,12582912,14,0,0,0
9.453199813000538,1779567065.0257306,4007,33527,3,12582912,5,0,0,0
9.453199813000538,1779567065.0257306,4007,33528,4,12582912,0,0,0,0
9.453199813000538,1779567065.0257306,4007,33529,5,12582912,7,0,0,0
9.453199813000538,1779567065.0257306,4007,33530,6,12582912,17,0,0,0
9.453199813000538,1779567065.0257306,4007,33531,7,12582912,19,0,0,0
9.474914467000417,1779567065.0474458,4008,33532,0,12582912,12,0,0,0
9.474914467000417,1779567065.0474458,4008,33533,1,12582912,8,0,0,0
9.474914467000417,1779567065.0474458,4008,33534,2,12582912,11,0,0,0
9.474914467000417,1779567065.0474458,4008,33535,3,12582912,15,0,0,0
9.474914467000417,1779567065.0474458,4008,33536,4,12582912,15,0,0,0
9.474914467000417,1779567065.0474458,4008,33537,5,12582912,10,0,0,0
9.474914467000417,1779567065.0474458,4008,33538,6,12582912,6,0,0,0
9.474914467000417,1779567065.0474458,4008,33539,7,12582912,10,0,0,0
9.517655089999607,1779567065.0901859,4009,33540,0,12582912,18,0,0,0
9.517655089999607,1779567065.0901859,4009,33541,1,12582912,21,0,0,0
9.517655089999607,1779567065.0901859,4009,33542,2,12582912,15,0,0,0
9.517655089999607,1779567065.0901859,4009,33543,3,12582912,6,0,0,0
9.517655089999607,1779567065.0901859,4009,33544,4,12582912,3,0,0,0
9.517655089999607,1779567065.0901859,4009,33545,5,12582912,5,0,0,0
9.517655089999607,1779567065.0901859,4009,33546,6,12582912,8,0,0,0
9.517655089999607,1779567065.0901859,4009,33547,7,12582912,6,0,0,0
9.539404379000189,1779567065.1119351,4010,33548,0,12582912,3,0,0,0
9.539404379000189,1779567065.1119351,4010,33549,1,12582912,1,0,0,0
9.539404379000189,1779567065.1119351,4010,33550,2,12582912,1,0,0,0
9.539404379000189,1779567065.1119351,4010,33551,3,12582912,4,0,0,0
9.539404379000189,1779567065.1119351,4010,33552,4,12582912,5,0,0,0
9.539404379000189,1779567065.1119351,4010,33553,5,12582912,5,0,0,0
9.539404379000189,1779567065.1119351,4010,33554,6,12582912,4,0,0,0
9.539404379000189,1779567065.1119351,4010,33555,7,12582912,4,0,0,0
9.627983640999446,1779567065.2005146,4011,33556,0,12582912,2,0,0,0
9.627983640999446,1779567065.2005146,4011,33557,1,12582912,0,0,0,0
9.627983640999446,1779567065.2005146,4011,33558,2,12582912,1,0,0,0
9.627983640999446,1779567065.2005146,4011,33559,3,12582912,6,0,0,0
9.627983640999446,1779567065.2005146,4011,33560,4,12582912,11,0,0,0
9.627983640999446,1779567065.2005146,4011,33561,5,12582912,12,0,0,0
9.627983640999446,1779567065.2005146,4011,33562,6,12582912,9,0,0,0
9.627983640999446,1779567065.2005146,4011,33563,7,12582912,6,0,0,0
9.628301083001134,1779567065.2008307,4012,33564,0,12582912,6,0,0,0
9.628301083001134,1779567065.2008307,4012,33565,1,12582912,9,0,0,0
9.628301083001134,1779567065.2008307,4012,33566,2,12582912,11,0,0,0
9.628301083001134,1779567065.2008307,4012,33567,3,12582912,12,0,0,0
9.628301083001134,1779567065.2008307,4012,33568,4,12582912,11,0,0,0
9.628301083001134,1779567065.2008307,4012,33569,5,12582912,10,0,0,0
9.628301083001134,1779567065.2008307,4012,33570,6,12582912,10,0,0,0
9.628301083001134,1779567065.2008307,4012,33571,7,12582912,7,0,0,0
9.69367978000082,1779567065.2662108,4013,33572,0,12582912,4,0,0,0
9.69367978000082,1779567065.2662108,4013,33573,1,12582912,4,0,0,0
9.69367978000082,1779567065.2662108,4013,33574,2,12582912,5,0,0,0
9.69367978000082,1779567065.2662108,4013,33575,3,12582912,5,0,0,0
9.69367978000082,1779567065.2662108,4013,33576,4,12582912,6,0,0,0
9.69367978000082,1779567065.2662108,4013,33577,5,12582912,6,0,0,0
9.69367978000082,1779567065.2662108,4013,33578,6,12582912,3,0,0,0
9.69367978000082,1779567065.2662108,4013,33579,7,12582912,1,0,0,0
9.694093054000405,1779567065.2666228,4014,33580,0,12582912,1,0,0,0
9.694093054000405,1779567065.2666228,4014,33581,1,12582912,0,0,0,0
9.694093054000405,1779567065.2666228,4014,33582,2,12582912,-1,0,0,0
9.694093054000405,1779567065.2666228,4014,33583,3,12582912,-1,0,0,0
9.694093054000405,1779567065.2666228,4014,33584,4,12582912,-1,0,0,0
9.694093054000405,1779567065.2666228,4014,33585,5,12582912,0,0,0,0
9.694093054000405,1779567065.2666228,4014,33586,6,12582912,1,0,0,0
9.694093054000405,1779567065.2666228,4014,33587,7,12582912,1,0,0,0
9.730862587999582,1779567065.3033936,4015,33588,0,12582912,0,0,0,0
9.730862587999582,1779567065.3033936,4015,33589,1,12582912,0,0,0,0
9.730862587999582,1779567065.3033936,4015,33590,2,12582912,2,0,0,0
9.730862587999582,1779567065.3033936,4015,33591,3,12582912,3,0,0,0
9.730862587999582,1779567065.3033936,4015,33592,4,12582912,3,0,0,0
9.730862587999582,1779567065.3033936,4015,33593,5,12582912,2,0,0,0
9.730862587999582,1779567065.3033936,4015,33594,6,12582912,3,0,0,0
9.730862587999582,1779567065.3033936,4015,33595,7,12582912,5,0,0,0
9.731173103000401,1779567065.3037026,4016,33596,0,12582912,8,0,0,0
9.731173103000401,1779567065.3037026,4016,33597,1,12582912,10,0,0,0
9.731173103000401,1779567065.3037026,4016,33598,2,12582912,10,0,0,0
9.731173103000401,1779567065.3037026,4016,33599,3,12582912,8,0,0,0
9.731173103000401,1779567065.3037026,4016,33600,4,12582912,6,0,0,0
9.731173103000401,1779567065.3037026,4016,33601,5,12582912,8,0,0,0
9.731173103000401,1779567065.3037026,4016,33602,6,12582912,13,0,0,0
9.731173103000401,1779567065.3037026,4016,33603,7,12582912,15,0,0,0
9.790540713000155,1779567065.3630717,4017,33604,0,12582912,13,0,0,0
9.790540713000155,1779567065.3630717,4017,33605,1,12582912,10,0,0,0
9.790540713000155,1779567065.3630717,4017,33606,2,12582912,8,0,0,0
9.790540713000155,1779567065.3630717,4017,33607,3,12582912,8,0,0,0
9.790540713000155,1779567065.3630717,4017,33608,4,12582912,10,0,0,0
9.790540713000155,1779567065.3630717,4017,33609,5,12582912,13,0,0,0
9.790540713000155,1779567065.3630717,4017,33610,6,12582912,17,0,0,0
9.790540713000155,1779567065.3630717,4017,33611,7,12582912,19,0,0,0
9.796854608001013,1779567065.369386,4018,33612,0,12582912,19,0,0,0
9.796854608001013,1779567065.369386,4018,33613,1,12582912,18,0,0,0
9.796854608001013,1779567065.369386,4018,33614,2,12582912,17,0,0,0
9.796854608001013,1779567065.369386,4018,33615,3,12582912,14,0,0,0
9.796854608001013,1779567065.369386,4018,33616,4,12582912,13,0,0,0
9.796854608001013,1779567065.369386,4018,33617,5,12582912,16,0,0,0
9.796854608001013,1779567065.369386,4018,33618,6,12582912,20,0,0,0
9.796854608001013,1779567065.369386,4018,33619,7,12582912,21,0,0,0
9.839732988000833,1779567065.4122639,4019,33620,0,12582912,18,0,0,0
9.839732988000833,1779567065.4122639,4019,33621,1,12582912,15,0,0,0
9.839732988000833,1779567065.4122639,4019,33622,2,12582912,13,0,0,0
9.839732988000833,1779567065.4122639,4019,33623,3,12582912,11,0,0,0
9.839732988000833,1779567065.4122639,4019,33624,4,12582912,10,0,0,0
9.839732988000833,1779567065.4122639,4019,33625,5,12582912,11,0,0,0
9.839732988000833,1779567065.4122639,4019,33626,6,12582912,11,0,0,0
9.839732988000833,1779567065.4122639,4019,33627,7,12582912,11,0,0,0
9.861392696000621,1779567065.4339235,4020,33628,0,12582912,11,0,0,0
9.861392696000621,1779567065.4339235,4020,33629,1,12582912,10,0,0,0
9.861392696000621,1779567065.4339235,4020,33630,2,12582912,11,0,0,0
9.861392696000621,1779567065.4339235,4020,33631,3,12582912,11,0,0,0
9.861392696000621,1779567065.4339235,4020,33632,4,12582912,9,0,0,0
9.861392696000621,1779567065.4339235,4020,33633,5,12582912,8,0,0,0
9.861392696000621,1779567065.4339235,4020,33634,6,12582912,11,0,0,0
9.861392696000621,1779567065.4339235,4020,33635,7,12582912,14,0,0,0
10.096743382000568,1779567065.6692743,4021,33636,0,12582912,14,0,0,0
10.096743382000568,1779567065.6692743,4021,33637,1,12582912,11,0,0,0
10.096743382000568,1779567065.6692743,4021,33638,2,12582912,7,0,0,0
10.096743382000568,1779567065.6692743,4021,33639,3,12582912,4,0,0,0
10.096743382000568,1779567065.6692743,4021,33640,4,12582912,2,0,0,0
10.096743382000568,1779567065.6692743,4021,33641,5,12582912,4,0,0,0
10.096743382000568,1779567065.6692743,4021,33642,6,12582912,7,0,0,0
10.096743382000568,1779567065.6692743,4021,33643,7,12582912,7,0,0,0
10.134485086000495,1779567065.707016,4022,33644,0,12582912,4,0,0,0
10.134485086000495,1779567065.707016,4022,33645,1,12582912,1,0,0,0
10.134485086000495,1779567065.707016,4022,33646,2,12582912,0,0,0,0
10.134485086000495,1779567065.707016,4022,33647,3,12582912,2,0,0,0
10.134485086000495,1779567065.707016,4022,33648,4,12582912,2,0,0,0
10.134485086000495,1779567065.707016,4022,33649,5,12582912,1,0,0,0
10.134485086000495,1779567065.707016,4022,33650,6,12582912,2,0,0,0
10.134485086000495,1779567065.707016,4022,33651,7,12582912,5,0,0,0
10.134796173999348,1779567065.7073255,4023,33652,0,12582912,8,0,0,0
10.134796173999348,1779567065.7073255,4023,33653,1,12582912,7,0,0,0
10.134796173999348,1779567065.7073255,4023,33654,2,12582912,3,0,0,0
10.134796173999348,1779567065.7073255,4023,33655,3,12582912,0,0,0,0
10.134796173999348,1779567065.7073255,4023,33656,4,12582912,-2,0,0,0
10.134796173999348,1779567065.7073255,4023,33657,5,12582912,-4,0,0,0
10.134796173999348,1779567065.7073255,4023,33658,6,12582912,-6,0,0,0
10.134796173999348,1779567065.7073255,4023,33659,7,12582912,-6,0,0,0
10.177495026000543,1779567065.7500257,4024,33660,0,12582912,-3,0,0,0
10.177495026000543,1779567065.7500257,4024,33661,1,12582912,2,0,0,0
10.177495026000543,1779567065.7500257,4024,33662,2,12582912,4,0,0,0
10.177495026000543,1779567065.7500257,4024,33663,3,12582912,4,0,0,0
10.177495026000543,1779567065.7500257,4024,33664,4,12582912,4,0,0,0
10.177495026000543,1779567065.7500257,4024,33665,5,12582912,4,0,0,0
10.177495026000543,1779567065.7500257,4024,33666,6,12582912,7,0,0,0
10.177495026000543,1779567065.7500257,4024,33667,7,12582912,9,0,0,0
10.214739811999607,1779567065.787271,4025,33668,0,12582912,9,0,0,0
10.214739811999607,1779567065.787271,4025,33669,1,12582912,6,0,0,0
10.214739811999607,1779567065.787271,4025,33670,2,12582912,5,0,0,0
10.214739811999607,1779567065.787271,4025,33671,3,12582912,6,0,0,0
10.214739811999607,1779567065.787271,4025,33672,4,12582912,7,0,0,0
10.214739811999607,1779567065.787271,4025,33673,5,12582912,7,0,0,0
10.214739811999607,1779567065.787271,4025,33674,6,12582912,5,0,0,0
10.214739811999607,1779567065.787271,4025,33675,7,12582912,2,0,0,0
10.236355979001019,1779567065.808887,4026,33676,0,12582912,1,0,0,0
10.236355979001019,1779567065.808887,4026,33677,1,12582912,3,0,0,0
10.236355979001019,1779567065.808887,4026,33678,2,12582912,4,0,0,0
10.236355979001019,1779567065.808887,4026,33679,3,12582912,4,0,0,0
10.236355979001019,1779567065.808887,4026,33680,4,12582912,5,0,0,0
10.236355979001019,1779567065.808887,4026,33681,5,12582912,6,0,0,0
10.236355979001019,1779567065.808887,4026,33682,6,12582912,4,0,0,0
10.236355979001019,1779567065.808887,4026,33683,7,12582912,1,0,0,0
10.258086256999377,1779567065.8306174,4027,33684,0,12582912,-4,0,0,0
10.258086256999377,1779567065.8306174,4027,33685,1,12582912,-8,0,0,0
10.258086256999377,1779567065.8306174,4027,33686,2,12582912,-9,0,0,0
10.258086256999377,1779567065.8306174,4027,33687,3,12582912,-8,0,0,0
10.258086256999377,1779567065.8306174,4027,33688,4,12582912,-5,0,0,0
10.258086256999377,1779567065.8306174,4027,33689,5,12582912,-2,0,0,0
10.258086256999377,1779567065.8306174,4027,33690,6,12582912,0,0,0,0
10.258086256999377,1779567065.8306174,4027,33691,7,12582912,-2,0,0,0
10.30080912000085,1779567065.87334,4028,33692,0,12582912,-3,0,0,0
10.30080912000085,1779567065.87334,4028,33693,1,12582912,-1,0,0,0
10.30080912000085,1779567065.87334,4028,33694,2,12582912,2,0,0,0
10.30080912000085,1779567065.87334,4028,33695,3,12582912,3,0,0,0
10.30080912000085,1779567065.87334,4028,33696,4,12582912,4,0,0,0
10.30080912000085,1779567065.87334,4028,33697,5,12582912,5,0,0,0
10.30080912000085,1779567065.87334,4028,33698,6,12582912,3,0,0,0
10.30080912000085,1779567065.87334,4028,33699,7,12582912,2,0,0,0
10.328882668000006,1779567065.9014137,4029,33700,0,12582912,1,0,0,0
10.328882668000006,1779567065.9014137,4029,33701,1,12582912,0,0,0,0
10.328882668000006,1779567065.9014137,4029,33702,2,12582912,1,0,0,0
10.328882668000006,1779567065.9014137,4029,33703,3,12582912,2,0,0,0
10.328882668000006,1779567065.9014137,4029,33704,4,12582912,3,0,0,0
10.328882668000006,1779567065.9014137,4029,33705,5,12582912,3,0,0,0
10.328882668000006,1779567065.9014137,4029,33706,6,12582912,3,0,0,0
10.328882668000006,1779567065.9014137,4029,33707,7,12582912,2,0,0,0
10.36408785599997,1779567065.9366188,4030,33708,0,12582912,1,0,0,0
10.36408785599997,1779567065.9366188,4030,33709,1,12582912,1,0,0,0
10.36408785599997,1779567065.9366188,4030,33710,2,12582912,1,0,0,0
10.36408785599997,1779567065.9366188,4030,33711,3,12582912,0,0,0,0
10.36408785599997,1779567065.9366188,4030,33712,4,12582912,-2,0,0,0
10.36408785599997,1779567065.9366188,4030,33713,5,12582912,-4,0,0,0
10.36408785599997,1779567065.9366188,4030,33714,6,12582912,-6,0,0,0
10.36408785599997,1779567065.9366188,4030,33715,7,12582912,-6,0,0,0
10.385712459999922,1779567065.9582436,4031,33716,0,12582912,-6,0,0,0
10.385712459999922,1779567065.9582436,4031,33717,1,12582912,-6,0,0,0
10.385712459999922,1779567065.9582436,4031,33718,2,12582912,-9,0,0,0
10.385712459999922,1779567065.9582436,4031,33719,3,12582912,-13,0,0,0
10.385712459999922,1779567065.9582436,4031,33720,4,12582912,-17,0,0,0
10.385712459999922,1779567065.9582436,4031,33721,5,12582912,-18,0,0,0
10.385712459999922,1779567065.9582436,4031,33722,6,12582912,-17,0,0,0
10.385712459999922,1779567065.9582436,4031,33723,7,12582912,-13,0,0,0
10.422360538001158,1779567065.9948914,4032,33724,0,12582912,-8,0,0,0
10.422360538001158,1779567065.9948914,4032,33725,1,12582912,-4,0,0,0
10.422360538001158,1779567065.9948914,4032,33726,2,12582912,-1,0,0,0
10.422360538001158,1779567065.9948914,4032,33727,3,12582912,-2,0,0,0
10.422360538001158,1779567065.9948914,4032,33728,4,12582912,-2,0,0,0
10.422360538001158,1779567065.9948914,4032,33729,5,12582912,0,0,0,0
10.422360538001158,1779567065.9948914,4032,33730,6,12582912,3,0,0,0
10.422360538001158,1779567065.9948914,4032,33731,7,12582912,5,0,0,0
10.485991300000023,1779567066.0585227,4033,33732,0,12582912,4,0,0,0
10.485991300000023,1779567066.0585227,4033,33733,1,12582912,0,0,0,0
10.485991300000023,1779567066.0585227,4033,33734,2,12582912,-3,0,0,0
10.485991300000023,1779567066.0585227,4033,33735,3,12582912,-5,0,0,0
10.485991300000023,1779567066.0585227,4033,33736,4,12582912,-8,0,0,0
10.485991300000023,1779567066.0585227,4033,33737,5,12582912,-11,0,0,0
10.485991300000023,1779567066.0585227,4033,33738,6,12582912,-12,0,0,0
10.485991300000023,1779567066.0585227,4033,33739,7,12582912,-12,0,0,0
10.507690902999457,1779567066.0802217,4034,33740,0,12582912,-11,0,0,0
10.507690902999457,1779567066.0802217,4034,33741,1,12582912,-7,0,0,0
10.507690902999457,1779567066.0802217,4034,33742,2,12582912,-5,0,0,0
10.507690902999457,1779567066.0802217,4034,33743,3,12582912,-7,0,0,0
10.507690902999457,1779567066.0802217,4034,33744,4,12582912,-9,0,0,0
10.507690902999457,1779567066.0802217,4034,33745,5,12582912,-9,0,0,0
10.507690902999457,1779567066.0802217,4034,33746,6,12582912,-10,0,0,0
10.507690902999457,1779567066.0802217,4034,33747,7,12582912,-10,0,0,0
10.5293505059999,1779567066.1018817,4035,33748,0,12582912,-11,0,0,0
10.5293505059999,1779567066.1018817,4035,33749,1,12582912,-10,0,0,0
10.5293505059999,1779567066.1018817,4035,33750,2,12582912,-10,0,0,0
10.5293505059999,1779567066.1018817,4035,33751,3,12582912,-10,0,0,0
10.5293505059999,1779567066.1018817,4035,33752,4,12582912,-11,0,0,0
10.5293505059999,1779567066.1018817,4035,33753,5,12582912,-13,0,0,0
10.5293505059999,1779567066.1018817,4035,33754,6,12582912,-14,0,0,0
10.5293505059999,1779567066.1018817,4035,33755,7,12582912,-13,0,0,0
10.551076932000797,1779567066.123608,4036,33756,0,12582912,-10,0,0,0
10.551076932000797,1779567066.123608,4036,33757,1,12582912,-6,0,0,0
10.551076932000797,1779567066.123608,4036,33758,2,12582912,-3,0,0,0
10.551076932000797,1779567066.123608,4036,33759,3,12582912,-4,0,0,0
10.551076932000797,1779567066.123608,4036,33760,4,12582912,-9,0,0,0
10.551076932000797,1779567066.123608,4036,33761,5,12582912,-11,0,0,0
10.551076932000797,1779567066.123608,4036,33762,6,12582912,-10,0,0,0
10.551076932000797,1779567066.123608,4036,33763,7,12582912,-9,0,0,0
10.628084897000008,1779567066.200616,4037,33764,0,12582912,-9,0,0,0
10.628084897000008,1779567066.200616,4037,33765,1,12582912,-9,0,0,0
10.628084897000008,1779567066.200616,4037,33766,2,12582912,-11,0,0,0
10.628084897000008,1779567066.200616,4037,33767,3,12582912,-12,0,0,0
10.628084897000008,1779567066.200616,4037,33768,4,12582912,-15,0,0,0
10.628084897000008,1779567066.200616,4037,33769,5,12582912,-17,0,0,0
10.628084897000008,1779567066.200616,4037,33770,6,12582912,-18,0,0,0
10.628084897000008,1779567066.200616,4037,33771,7,12582912,-16,0,0,0
10.628395308000108,1779567066.2009246,4038,33772,0,12582912,-14,0,0,0
10.628395308000108,1779567066.2009246,4038,33773,1,12582912,-12,0,0,0
10.628395308000108,1779567066.2009246,4038,33774,2,12582912,-11,0,0,0
10.628395308000108,1779567066.2009246,4038,33775,3,12582912,-10,0,0,0
10.628395308000108,1779567066.2009246,4038,33776,4,12582912,-10,0,0,0
10.628395308000108,1779567066.2009246,4038,33777,5,12582912,-10,0,0,0
10.628395308000108,1779567066.2009246,4038,33778,6,12582912,-9,0,0,0
10.628395308000108,1779567066.2009246,4038,33779,7,12582912,-8,0,0,0
10.678722929000287,1779567066.251254,4039,33780,0,12582912,-8,0,0,0
10.678722929000287,1779567066.251254,4039,33781,1,12582912,-9,0,0,0
10.678722929000287,1779567066.251254,4039,33782,2,12582912,-12,0,0,0
10.678722929000287,1779567066.251254,4039,33783,3,12582912,-16,0,0,0
10.678722929000287,1779567066.251254,4039,33784,4,12582912,-17,0,0,0
10.678722929000287,1779567066.251254,4039,33785,5,12582912,-10,0,0,0
10.678722929000287,1779567066.251254,4039,33786,6,12582912,-1,0,0,0
10.678722929000287,1779567066.251254,4039,33787,7,12582912,2,0,0,0
10.679030527000577,1779567066.25156,4040,33788,0,12582912,-1,0,0,0
10.679030527000577,1779567066.25156,4040,33789,1,12582912,-6,0,0,0
10.679030527000577,1779567066.25156,4040,33790,2,12582912,-10,0,0,0
10.679030527000577,1779567066.25156,4040,33791,3,12582912,-11,0,0,0
10.679030527000577,1779567066.25156,4040,33792,4,12582912,-13,0,0,0
10.679030527000577,1779567066.25156,4040,33793,5,12582912,-16,0,0,0
10.679030527000577,1779567066.25156,4040,33794,6,12582912,-17,0,0,0
10.679030527000577,1779567066.25156,4040,33795,7,12582912,-16,0,0,0
10.721729798000524,1779567066.2942607,4041,33796,0,12582912,-14,0,0,0
10.721729798000524,1779567066.2942607,4041,33797,1,12582912,-13,0,0,0
10.721729798000524,1779567066.2942607,4041,33798,2,12582912,-14,0,0,0
10.721729798000524,1779567066.2942607,4041,33799,3,12582912,-16,0,0,0
10.721729798000524,1779567066.2942607,4041,33800,4,12582912,-16,0,0,0
10.721729798000524,1779567066.2942607,4041,33801,5,12582912,-14,0,0,0
10.721729798000524,1779567066.2942607,4041,33802,6,12582912,-10,0,0,0
10.721729798000524,1779567066.2942607,4041,33803,7,12582912,-6,0,0,0
10.743448410999918,1779567066.3159795,4042,33804,0,12582912,-7,0,0,0
10.743448410999918,1779567066.3159795,4042,33805,1,12582912,-10,0,0,0
10.743448410999918,1779567066.3159795,4042,33806,2,12582912,-13,0,0,0
10.743448410999918,1779567066.3159795,4042,33807,3,12582912,-14,0,0,0
10.743448410999918,1779567066.3159795,4042,33808,4,12582912,-14,0,0,0
10.743448410999918,1779567066.3159795,4042,33809,5,12582912,-12,0,0,0
10.743448410999918,1779567066.3159795,4042,33810,6,12582912,-8,0,0,0
10.743448410999918,1779567066.3159795,4042,33811,7,12582912,-5,0,0,0
10.786313407999842,1779567066.3588445,4043,33812,0,12582912,-4,0,0,0
10.786313407999842,1779567066.3588445,4043,33813,1,12582912,-6,0,0,0
10.786313407999842,1779567066.3588445,4043,33814,2,12582912,-6,0,0,0
10.786313407999842,1779567066.3588445,4043,33815,3,12582912,-4,0,0,0
10.786313407999842,1779567066.3588445,4043,33816,4,12582912,-2,0,0,0
10.786313407999842,1779567066.3588445,4043,33817,5,12582912,0,0,0,0
10.786313407999842,1779567066.3588445,4043,33818,6,12582912,4,0,0,0
10.786313407999842,1779567066.3588445,4043,33819,7,12582912,7,0,0,0
10.807984105000287,1779567066.3805153,4044,33820,0,12582912,5,0,0,0
10.807984105000287,1779567066.3805153,4044,33821,1,12582912,1,0,0,0
10.807984105000287,1779567066.3805153,4044,33822,2,12582912,-4,0,0,0
10.807984105000287,1779567066.3805153,4044,33823,3,12582912,-6,0,0,0
10.807984105000287,1779567066.3805153,4044,33824,4,12582912,-6,0,0,0
10.807984105000287,1779567066.3805153,4044,33825,5,12582912,-7,0,0,0
10.807984105000287,1779567066.3805153,4044,33826,6,12582912,-9,0,0,0
10.807984105000287,1779567066.3805153,4044,33827,7,12582912,-11,0,0,0
10.835444436001126,1779567066.4079754,4045,33828,0,12582912,-12,0,0,0
10.835444436001126,1779567066.4079754,4045,33829,1,12582912,-11,0,0,0
10.835444436001126,1779567066.4079754,4045,33830,2,12582912,-10,0,0,0
10.835444436001126,1779567066.4079754,4045,33831,3,12582912,-6,0,0,0
10.835444436001126,1779567066.4079754,4045,33832,4,12582912,-3,0,0,0
10.835444436001126,1779567066.4079754,4045,33833,5,12582912,-3,0,0,0
10.835444436001126,1779567066.4079754,4045,33834,6,12582912,-3,0,0,0
10.835444436001126,1779567066.4079754,4045,33835,7,12582912,-1,0,0,0
10.94143874600013,1779567066.5139697,4046,33836,0,12582912,4,0,0,0
10.94143874600013,1779567066.5139697,4046,33837,1,12582912,9,0,0,0
10.94143874600013,1779567066.5139697,4046,33838,2,12582912,12,0,0,0
10.94143874600013,1779567066.5139697,4046,33839,3,12582912,12,0,0,0
10.94143874600013,1779567066.5139697,4046,33840,4,12582912,7,0,0,0
10.94143874600013,1779567066.5139697,4046,33841,5,12582912,2,0,0,0
10.94143874600013,1779567066.5139697,4046,33842,6,12582912,0,0,0,0
10.94143874600013,1779567066.5139697,4046,33843,7,12582912,-2,0,0,0
10.941840666000644,1779567066.5143704,4047,33844,0,12582912,-6,0,0,0
10.941840666000644,1779567066.5143704,4047,33845,1,12582912,-8,0,0,0
10.941840666000644,1779567066.5143704,4047,33846,2,12582912,-6,0,0,0
10.941840666000644,1779567066.5143704,4047,33847,3,12582912,-5,0,0,0
10.941840666000644,1779567066.5143704,4047,33848,4,12582912,-6,0,0,0
10.941840666000644,1779567066.5143704,4047,33849,5,12582912,-7,0,0,0
10.941840666000644,1779567066.5143704,4047,33850,6,12582912,-5,0,0,0
10.941840666000644,1779567066.5143704,4047,33851,7,12582912,-4,0,0,0
10.942138211999918,1779567066.5146675,4048,33852,0,12582912,-4,0,0,0
10.942138211999918,1779567066.5146675,4048,33853,1,12582912,-4,0,0,0
10.942138211999918,1779567066.5146675,4048,33854,2,12582912,-5,0,0,0
10.942138211999918,1779567066.5146675,4048,33855,3,12582912,-6,0,0,0
10.942138211999918,1779567066.5146675,4048,33856,4,12582912,-9,0,0,0
10.942138211999918,1779567066.5146675,4048,33857,5,12582912,-9,0,0,0
10.942138211999918,1779567066.5146675,4048,33858,6,12582912,-5,0,0,0
10.942138211999918,1779567066.5146675,4048,33859,7,12582912,-4,0,0,0
10.963792504000594,1779567066.5363233,4049,33860,0,12582912,-5,0,0,0
10.963792504000594,1779567066.5363233,4049,33861,1,12582912,-6,0,0,0
10.963792504000594,1779567066.5363233,4049,33862,2,12582912,-8,0,0,0
10.963792504000594,1779567066.5363233,4049,33863,3,12582912,-11,0,0,0
10.963792504000594,1779567066.5363233,4049,33864,4,12582912,-14,0,0,0
10.963792504000594,1779567066.5363233,4049,33865,5,12582912,-15,0,0,0
10.963792504000594,1779567066.5363233,4049,33866,6,12582912,-15,0,0,0
10.963792504000594,1779567066.5363233,4049,33867,7,12582912,-16,0,0,0
11.006677396000669,1779567066.5792081,4050,33868,0,12582912,-18,0,0,0
11.006677396000669,1779567066.5792081,4050,33869,1,12582912,-17,0,0,0
11.006677396000669,1779567066.5792081,4050,33870,2,12582912,-15,0,0,0
11.006677396000669,1779567066.5792081,4050,33871,3,12582912,-12,0,0,0
11.006677396000669,1779567066.5792081,4050,33872,4,12582912,-13,0,0,0
11.006677396000669,1779567066.5792081,4050,33873,5,12582912,-17,0,0,0
11.006677396000669,1779567066.5792081,4050,33874,6,12582912,-17,0,0,0
11.006677396000669,1779567066.5792081,4050,33875,7,12582912,-12,0,0,0
11.028330332999758,1779567066.6008615,4051,33876,0,12582912,-10,0,0,0
11.028330332999758,1779567066.6008615,4051,33877,1,12582912,-10,0,0,0
11.028330332999758,1779567066.6008615,4051,33878,2,12582912,-10,0,0,0
11.028330332999758,1779567066.6008615,4051,33879,3,12582912,-10,0,0,0
11.028330332999758,1779567066.6008615,4051,33880,4,12582912,-9,0,0,0
11.028330332999758,1779567066.6008615,4051,33881,5,12582912,-8,0,0,0
11.028330332999758,1779567066.6008615,4051,33882,6,12582912,-6,0,0,0
11.028330332999758,1779567066.6008615,4051,33883,7,12582912,-4,0,0,0
11.071113300000434,1779567066.643644,4052,33884,0,12582912,0,0,0,0
11.071113300000434,1779567066.643644,4052,33885,1,12582912,1,0,0,0
11.071113300000434,1779567066.643644,4052,33886,2,12582912,2,0,0,0
11.071113300000434,1779567066.643644,4052,33887,3,12582912,0,0,0,0
11.071113300000434,1779567066.643644,4052,33888,4,12582912,-5,0,0,0
11.071113300000434,1779567066.643644,4052,33889,5,12582912,-9,0,0,0
11.071113300000434,1779567066.643644,4052,33890,6,12582912,-9,0,0,0
11.071113300000434,1779567066.643644,4052,33891,7,12582912,-6,0,0,0
11.092756758000178,1779567066.6652877,4053,33892,0,12582912,-4,0,0,0
11.092756758000178,1779567066.6652877,4053,33893,1,12582912,-3,0,0,0
11.092756758000178,1779567066.6652877,4053,33894,2,12582912,-4,0,0,0
11.092756758000178,1779567066.6652877,4053,33895,3,12582912,-4,0,0,0
11.092756758000178,1779567066.6652877,4053,33896,4,12582912,-3,0,0,0
11.092756758000178,1779567066.6652877,4053,33897,5,12582912,-3,0,0,0
11.092756758000178,1779567066.6652877,4053,33898,6,12582912,-5,0,0,0
11.092756758000178,1779567066.6652877,4053,33899,7,12582912,-6,0,0,0
11.143205783000667,1779567066.7157369,4054,33900,0,12582912,-7,0,0,0
11.143205783000667,1779567066.7157369,4054,33901,1,12582912,-5,0,0,0
11.143205783000667,1779567066.7157369,4054,33902,2,12582912,-1,0,0,0
11.143205783000667,1779567066.7157369,4054,33903,3,12582912,4,0,0,0
11.143205783000667,1779567066.7157369,4054,33904,4,12582912,4,0,0,0
11.143205783000667,1779567066.7157369,4054,33905,5,12582912,1,0,0,0
11.143205783000667,1779567066.7157369,4054,33906,6,12582912,-3,0,0,0
11.143205783000667,1779567066.7157369,4054,33907,7,12582912,-5,0,0,0
11.164837366000938,1779567066.7373688,4055,33908,0,12582912,-2,0,0,0
11.164837366000938,1779567066.7373688,4055,33909,1,12582912,3,0,0,0
11.164837366000938,1779567066.7373688,4055,33910,2,12582912,6,0,0,0
11.164837366000938,1779567066.7373688,4055,33911,3,12582912,7,0,0,0
11.164837366000938,1779567066.7373688,4055,33912,4,12582912,9,0,0,0
11.164837366000938,1779567066.7373688,4055,33913,5,12582912,9,0,0,0
11.164837366000938,1779567066.7373688,4055,33914,6,12582912,5,0,0,0
11.164837366000938,1779567066.7373688,4055,33915,7,12582912,-2,0,0,0
11.186489834000895,1779567066.7590213,4056,33916,0,12582912,-5,0,0,0
11.186489834000895,1779567066.7590213,4056,33917,1,12582912,-6,0,0,0
11.186489834000895,1779567066.7590213,4056,33918,2,12582912,-8,0,0,0
11.186489834000895,1779567066.7590213,4056,33919,3,12582912,-9,0,0,0
11.186489834000895,1779567066.7590213,4056,33920,4,12582912,-7,0,0,0
11.186489834000895,1779567066.7590213,4056,33921,5,12582912,-5,0,0,0
11.186489834000895,1779567066.7590213,4056,33922,6,12582912,-4,0,0,0
11.186489834000895,1779567066.7590213,4056,33923,7,12582912,-4,0,0,0
11.229276342999583,1779567066.8018074,4057,33924,0,12582912,-5,0,0,0
11.229276342999583,1779567066.8018074,4057,33925,1,12582912,-8,0,0,0
11.229276342999583,1779567066.8018074,4057,33926,2,12582912,-9,0,0,0
11.229276342999583,1779567066.8018074,4057,33927,3,12582912,-8,0,0,0
11.229276342999583,1779567066.8018074,4057,33928,4,12582912,-10,0,0,0
11.229276342999583,1779567066.8018074,4057,33929,5,12582912,-12,0,0,0
11.229276342999583,1779567066.8018074,4057,33930,6,12582912,-12,0,0,0
11.229276342999583,1779567066.8018074,4057,33931,7,12582912,-11,0,0,0
11.290467515000273,1779567066.8629985,4058,33932,0,12582912,-11,0,0,0
11.290467515000273,1779567066.8629985,4058,33933,1,12582912,-11,0,0,0
11.290467515000273,1779567066.8629985,4058,33934,2,12582912,-9,0,0,0
11.290467515000273,1779567066.8629985,4058,33935,3,12582912,-6,0,0,0
11.290467515000273,1779567066.8629985,4058,33936,4,12582912,-5,0,0,0
11.290467515000273,1779567066.8629985,4058,33937,5,12582912,-7,0,0,0
11.290467515000273,1779567066.8629985,4058,33938,6,12582912,-9,0,0,0
11.290467515000273,1779567066.8629985,4058,33939,7,12582912,-10,0,0,0
11.312189305001084,1779567066.8847203,4059,33940,0,12582912,-10,0,0,0
11.312189305001084,1779567066.8847203,4059,33941,1,12582912,-8,0,0,0
11.312189305001084,1779567066.8847203,4059,33942,2,12582912,-5,0,0,0
11.312189305001084,1779567066.8847203,4059,33943,3,12582912,-6,0,0,0
11.312189305001084,1779567066.8847203,4059,33944,4,12582912,-7,0,0,0
11.312189305001084,1779567066.8847203,4059,33945,5,12582912,-7,0,0,0
11.312189305001084,1779567066.8847203,4059,33946,6,12582912,-5,0,0,0
11.312189305001084,1779567066.8847203,4059,33947,7,12582912,-4,0,0,0
11.318223256999772,1779567066.8907545,4060,33948,0,12582912,-4,0,0,0
11.318223256999772,1779567066.8907545,4060,33949,1,12582912,-4,0,0,0
11.318223256999772,1779567066.8907545,4060,33950,2,12582912,-4,0,0,0
11.318223256999772,1779567066.8907545,4060,33951,3,12582912,-3,0,0,0
11.318223256999772,1779567066.8907545,4060,33952,4,12582912,-3,0,0,0
11.318223256999772,1779567066.8907545,4060,33953,5,12582912,-2,0,0,0
11.318223256999772,1779567066.8907545,4060,33954,6,12582912,0,0,0,0
11.318223256999772,1779567066.8907545,4060,33955,7,12582912,-1,0,0,0
11.354552226999658,1779567066.9270833,4061,33956,0,12582912,-3,0,0,0
11.354552226999658,1779567066.9270833,4061,33957,1,12582912,-4,0,0,0
11.354552226999658,1779567066.9270833,4061,33958,2,12582912,-4,0,0,0
11.354552226999658,1779567066.9270833,4061,33959,3,12582912,-2,0,0,0
11.354552226999658,1779567066.9270833,4061,33960,4,12582912,2,0,0,0
11.354552226999658,1779567066.9270833,4061,33961,5,12582912,7,0,0,0
11.354552226999658,1779567066.9270833,4061,33962,6,12582912,8,0,0,0
11.354552226999658,1779567066.9270833,4061,33963,7,12582912,5,0,0,0
11.389106386001004,1779567066.9616373,4062,33964,0,12582912,0,0,0,0
11.389106386001004,1779567066.9616373,4062,33965,1,12582912,-2,0,0,0
11.389106386001004,1779567066.9616373,4062,33966,2,12582912,-2,0,0,0
11.389106386001004,1779567066.9616373,4062,33967,3,12582912,-1,0,0,0
11.389106386001004,1779567066.9616373,4062,33968,4,12582912,-3,0,0,0
11.389106386001004,1779567066.9616373,4062,33969,5,12582912,-5,0,0,0
11.389106386001004,1779567066.9616373,4062,33970,6,12582912,-2,0,0,0
11.389106386001004,1779567066.9616373,4062,33971,7,12582912,2,0,0,0
11.410787500000879,1779567066.9833188,4063,33972,0,12582912,1,0,0,0
11.410787500000879,1779567066.9833188,4063,33973,1,12582912,-6,0,0,0
11.410787500000879,1779567066.9833188,4063,33974,2,12582912,-11,0,0,0
11.410787500000879,1779567066.9833188,4063,33975,3,12582912,-13,0,0,0
11.410787500000879,1779567066.9833188,4063,33976,4,12582912,-11,0,0,0
11.410787500000879,1779567066.9833188,4063,33977,5,12582912,-7,0,0,0
11.410787500000879,1779567066.9833188,4063,33978,6,12582912,-3,0,0,0
11.410787500000879,1779567066.9833188,4063,33979,7,12582912,-1,0,0,0
11.453424844999972,1779567067.0259562,4064,33980,0,12582912,-2,0,0,0
11.453424844999972,1779567067.0259562,4064,33981,1,12582912,-6,0,0,0
11.453424844999972,1779567067.0259562,4064,33982,2,12582912,-11,0,0,0
11.453424844999972,1779567067.0259562,4064,33983,3,12582912,-12,0,0,0
11.453424844999972,1779567067.0259562,4064,33984,4,12582912,-11,0,0,0
11.453424844999972,1779567067.0259562,4064,33985,5,12582912,-9,0,0,0
11.453424844999972,1779567067.0259562,4064,33986,6,12582912,-7,0,0,0
11.453424844999972,1779567067.0259562,4064,33987,7,12582912,-4,0,0,0
11.475153667000995,1779567067.047685,4065,33988,0,12582912,-5,0,0,0
11.475153667000995,1779567067.047685,4065,33989,1,12582912,-9,0,0,0
11.475153667000995,1779567067.047685,4065,33990,2,12582912,-12,0,0,0
11.475153667000995,1779567067.047685,4065,33991,3,12582912,-10,0,0,0
11.475153667000995,1779567067.047685,4065,33992,4,12582912,-7,0,0,0
11.475153667000995,1779567067.047685,4065,33993,5,12582912,-7,0,0,0
11.475153667000995,1779567067.047685,4065,33994,6,12582912,-10,0,0,0
11.475153667000995,1779567067.047685,4065,33995,7,12582912,-12,0,0,0
11.518224077999548,1779567067.090755,4066,33996,0,12582912,-12,0,0,0
11.518224077999548,1779567067.090755,4066,33997,1,12582912,-9,0,0,0
11.518224077999548,1779567067.090755,4066,33998,2,12582912,-4,0,0,0
11.518224077999548,1779567067.090755,4066,33999,3,12582912,-1,0,0,0
11.518224077999548,1779567067.090755,4066,34000,4,12582912,-1,0,0,0
11.518224077999548,1779567067.090755,4066,34001,5,12582912,-6,0,0,0
11.518224077999548,1779567067.090755,4066,34002,6,12582912,-5,0,0,0
11.518224077999548,1779567067.090755,4066,34003,7,12582912,6,0,0,0
11.576651969000523,1779567067.1491833,4067,34004,0,12582912,7,0,0,0
11.576651969000523,1779567067.1491833,4067,34005,1,12582912,-15,0,0,0
11.576651969000523,1779567067.1491833,4067,34006,2,12582912,-31,0,0,0
11.576651969000523,1779567067.1491833,4067,34007,3,12582912,-19,0,0,0
11.576651969000523,1779567067.1491833,4067,34008,4,12582912,10,0,0,0
11.576651969000523,1779567067.1491833,4067,34009,5,12582912,20,0,0,0
11.576651969000523,1779567067.1491833,4067,34010,6,12582912,2,0,0,0
11.576651969000523,1779567067.1491833,4067,34011,7,12582912,-20,0,0,0
11.576964619000137,1779567067.149494,4068,34012,0,12582912,-18,0,0,0
11.576964619000137,1779567067.149494,4068,34013,1,12582912,1,0,0,0
11.576964619000137,1779567067.149494,4068,34014,2,12582912,9,0,0,0
11.576964619000137,1779567067.149494,4068,34015,3,12582912,-2,0,0,0
11.576964619000137,1779567067.149494,4068,34016,4,12582912,-16,0,0,0
11.576964619000137,1779567067.149494,4068,34017,5,12582912,-14,0,0,0
11.576964619000137,1779567067.149494,4068,34018,6,12582912,-1,0,0,0
11.576964619000137,1779567067.149494,4068,34019,7,12582912,3,0,0,0
11.680888606000735,1779567067.2534199,4069,34020,0,12582912,-5,0,0,0
11.680888606000735,1779567067.2534199,4069,34021,1,12582912,-13,0,0,0
11.680888606000735,1779567067.2534199,4069,34022,2,12582912,-9,0,0,0
11.680888606000735,1779567067.2534199,4069,34023,3,12582912,2,0,0,0
11.680888606000735,1779567067.2534199,4069,34024,4,12582912,7,0,0,0
11.680888606000735,1779567067.2534199,4069,34025,5,12582912,1,0,0,0
11.680888606000735,1779567067.2534199,4069,34026,6,12582912,-7,0,0,0
11.680888606000735,1779567067.2534199,4069,34027,7,12582912,-6,0,0,0
11.681202506000773,1779567067.2537317,4070,34028,0,12582912,0,0,0,0
11.681202506000773,1779567067.2537317,4070,34029,1,12582912,3,0,0,0
11.681202506000773,1779567067.2537317,4070,34030,2,12582912,-1,0,0,0
11.681202506000773,1779567067.2537317,4070,34031,3,12582912,-6,0,0,0
11.681202506000773,1779567067.2537317,4070,34032,4,12582912,-4,0,0,0
11.681202506000773,1779567067.2537317,4070,34033,5,12582912,5,0,0,0
11.681202506000773,1779567067.2537317,4070,34034,6,12582912,11,0,0,0
11.681202506000773,1779567067.2537317,4070,34035,7,12582912,10,0,0,0
11.681490885999665,1779567067.2540202,4071,34036,0,12582912,4,0,0,0
11.681490885999665,1779567067.2540202,4071,34037,1,12582912,-2,0,0,0
11.681490885999665,1779567067.2540202,4071,34038,2,12582912,-3,0,0,0
11.681490885999665,1779567067.2540202,4071,34039,3,12582912,-1,0,0,0
11.681490885999665,1779567067.2540202,4071,34040,4,12582912,-1,0,0,0
11.681490885999665,1779567067.2540202,4071,34041,5,12582912,-3,0,0,0
11.681490885999665,1779567067.2540202,4071,34042,6,12582912,-3,0,0,0
11.681490885999665,1779567067.2540202,4071,34043,7,12582912,1,0,0,0
11.738903796000159,1779567067.311435,4072,34044,0,12582912,5,0,0,0
11.738903796000159,1779567067.311435,4072,34045,1,12582912,3,0,0,0
11.738903796000159,1779567067.311435,4072,34046,2,12582912,1,0,0,0
11.738903796000159,1779567067.311435,4072,34047,3,12582912,4,0,0,0
11.738903796000159,1779567067.311435,4072,34048,4,12582912,9,0,0,0
11.738903796000159,1779567067.311435,4072,34049,5,12582912,9,0,0,0
11.738903796000159,1779567067.311435,4072,34050,6,12582912,2,0,0,0
11.738903796000159,1779567067.311435,4072,34051,7,12582912,-6,0,0,0
11.739219831999435,1779567067.31175,4073,34052,0,12582912,-11,0,0,0
11.739219831999435,1779567067.31175,4073,34053,1,12582912,-13,0,0,0
11.739219831999435,1779567067.31175,4073,34054,2,12582912,-14,0,0,0
11.739219831999435,1779567067.31175,4073,34055,3,12582912,-15,0,0,0
11.739219831999435,1779567067.31175,4073,34056,4,12582912,-13,0,0,0
11.739219831999435,1779567067.31175,4073,34057,5,12582912,-7,0,0,0
11.739219831999435,1779567067.31175,4073,34058,6,12582912,1,0,0,0
11.739219831999435,1779567067.31175,4073,34059,7,12582912,7,0,0,0
11.795877390000896,1779567067.3684087,4074,34060,0,12582912,11,0,0,0
11.795877390000896,1779567067.3684087,4074,34061,1,12582912,11,0,0,0
11.795877390000896,1779567067.3684087,4074,34062,2,12582912,9,0,0,0
11.795877390000896,1779567067.3684087,4074,34063,3,12582912,8,0,0,0
11.795877390000896,1779567067.3684087,4074,34064,4,12582912,8,0,0,0
11.795877390000896,1779567067.3684087,4074,34065,5,12582912,6,0,0,0
11.795877390000896,1779567067.3684087,4074,34066,6,12582912,4,0,0,0
11.795877390000896,1779567067.3684087,4074,34067,7,12582912,4,0,0,0
11.84414734100028,1779567067.4166784,4075,34068,0,12582912,3,0,0,0
11.84414734100028,1779567067.4166784,4075,34069,1,12582912,2,0,0,0
11.84414734100028,1779567067.4166784,4075,34070,2,12582912,1,0,0,0
11.84414734100028,1779567067.4166784,4075,34071,3,12582912,0,0,0,0
11.84414734100028,1779567067.4166784,4075,34072,4,12582912,-1,0,0,0
11.84414734100028,1779567067.4166784,4075,34073,5,12582912,-1,0,0,0
11.84414734100028,1779567067.4166784,4075,34074,6,12582912,2,0,0,0
11.84414734100028,1779567067.4166784,4075,34075,7,12582912,7,0,0,0
11.873442119000174,1779567067.4459739,4076,34076,0,12582912,8,0,0,0
11.873442119000174,1779567067.4459739,4076,34077,1,12582912,6,0,0,0
11.873442119000174,1779567067.4459739,4076,34078,2,12582912,3,0,0,0
11.873442119000174,1779567067.4459739,4076,34079,3,12582912,1,0,0,0
11.873442119000174,1779567067.4459739,4076,34080,4,12582912,-1,0,0,0
11.873442119000174,1779567067.4459739,4076,34081,5,12582912,0,0,0,0
11.873442119000174,1779567067.4459739,4076,34082,6,12582912,2,0,0,0
11.873442119000174,1779567067.4459739,4076,34083,7,12582912,2,0,0,0
11.873758883999471,1779567067.4462883,4077,34084,0,12582912,2,0,0,0
11.873758883999471,1779567067.4462883,4077,34085,1,12582912,4,0,0,0
11.873758883999471,1779567067.4462883,4077,34086,2,12582912,5,0,0,0
11.873758883999471,1779567067.4462883,4077,34087,3,12582912,7,0,0,0
11.873758883999471,1779567067.4462883,4077,34088,4,12582912,9,0,0,0
11.873758883999471,1779567067.4462883,4077,34089,5,12582912,10,0,0,0
11.873758883999471,1779567067.4462883,4077,34090,6,12582912,9,0,0,0
11.873758883999471,1779567067.4462883,4077,34091,7,12582912,2,0,0,0
11.908433353999499,1779567067.4809644,4078,34092,0,12582912,-6,0,0,0
11.908433353999499,1779567067.4809644,4078,34093,1,12582912,-7,0,0,0
11.908433353999499,1779567067.4809644,4078,34094,2,12582912,-4,0,0,0
11.908433353999499,1779567067.4809644,4078,34095,3,12582912,-4,0,0,0
11.908433353999499,1779567067.4809644,4078,34096,4,12582912,-6,0,0,0
11.908433353999499,1779567067.4809644,4078,34097,5,12582912,-7,0,0,0
11.908433353999499,1779567067.4809644,4078,34098,6,12582912,-6,0,0,0
11.908433353999499,1779567067.4809644,4078,34099,7,12582912,-5,0,0,0
11.93024441399939,1779567067.5027757,4079,34100,0,12582912,-4,0,0,0
11.93024441399939,1779567067.5027757,4079,34101,1,12582912,-5,0,0,0
11.93024441399939,1779567067.5027757,4079,34102,2,12582912,-5,0,0,0
11.93024441399939,1779567067.5027757,4079,34103,3,12582912,-4,0,0,0
11.93024441399939,1779567067.5027757,4079,34104,4,12582912,-3,0,0,0
11.93024441399939,1779567067.5027757,4079,34105,5,12582912,-2,0,0,0
11.93024441399939,1779567067.5027757,4079,34106,6,12582912,-4,0,0,0
11.93024441399939,1779567067.5027757,4079,34107,7,12582912,-4,0,0,0
11.973359928000718,1779567067.5458908,4080,34108,0,12582912,-1,0,0,0
11.973359928000718,1779567067.5458908,4080,34109,1,12582912,3,0,0,0
11.973359928000718,1779567067.5458908,4080,34110,2,12582912,6,0,0,0
11.973359928000718,1779567067.5458908,4080,34111,3,12582912,11,0,0,0
11.973359928000718,1779567067.5458908,4080,34112,4,12582912,14,0,0,0
11.973359928000718,1779567067.5458908,4080,34113,5,12582912,16,0,0,0
11.973359928000718,1779567067.5458908,4080,34114,6,12582912,18,0,0,0
11.973359928000718,1779567067.5458908,4080,34115,7,12582912,20,0,0,0
12.009906188000969,1779567067.582437,4081,34116,0,12582912,19,0,0,0
12.009906188000969,1779567067.582437,4081,34117,1,12582912,17,0,0,0
12.009906188000969,1779567067.582437,4081,34118,2,12582912,14,0,0,0
12.009906188000969,1779567067.582437,4081,34119,3,12582912,11,0,0,0
12.009906188000969,1779567067.582437,4081,34120,4,12582912,7,0,0,0
12.009906188000969,1779567067.582437,4081,34121,5,12582912,2,0,0,0
12.009906188000969,1779567067.582437,4081,34122,6,12582912,-1,0,0,0
12.009906188000969,1779567067.582437,4081,34123,7,12582912,0,0,0,0
12.031529907000731,1779567067.604061,4082,34124,0,12582912,3,0,0,0
12.031529907000731,1779567067.604061,4082,34125,1,12582912,6,0,0,0
12.031529907000731,1779567067.604061,4082,34126,2,12582912,6,0,0,0
12.031529907000731,1779567067.604061,4082,34127,3,12582912,3,0,0,0
12.031529907000731,1779567067.604061,4082,34128,4,12582912,2,0,0,0
12.031529907000731,1779567067.604061,4082,34129,5,12582912,2,0,0,0
12.031529907000731,1779567067.604061,4082,34130,6,12582912,1,0,0,0
12.031529907000731,1779567067.604061,4082,34131,7,12582912,0,0,0,0
12.094032359000266,1779567067.6665626,4083,34132,0,12582912,2,0,0,0
12.094032359000266,1779567067.6665626,4083,34133,1,12582912,5,0,0,0
12.094032359000266,1779567067.6665626,4083,34134,2,12582912,6,0,0,0
12.094032359000266,1779567067.6665626,4083,34135,3,12582912,4,0,0,0
12.094032359000266,1779567067.6665626,4083,34136,4,12582912,4,0,0,0
12.094032359000266,1779567067.6665626,4083,34137,5,12582912,4,0,0,0
12.094032359000266,1779567067.6665626,4083,34138,6,12582912,4,0,0,0
12.094032359000266,1779567067.6665626,4083,34139,7,12582912,4,0,0,0
12.1155722780004,1779567067.6881032,4084,34140,0,12582912,5,0,0,0
12.1155722780004,1779567067.6881032,4084,34141,1,12582912,4,0,0,0
12.1155722780004,1779567067.6881032,4084,34142,2,12582912,2,0,0,0
12.1155722780004,1779567067.6881032,4084,34143,3,12582912,3,0,0,0
12.1155722780004,1779567067.6881032,4084,34144,4,12582912,4,0,0,0
12.1155722780004,1779567067.6881032,4084,34145,5,12582912,4,0,0,0
12.1155722780004,1779567067.6881032,4084,34146,6,12582912,4,0,0,0
12.1155722780004,1779567067.6881032,4084,34147,7,12582912,3,0,0,0
12.13720500800082,1779567067.7097359,4085,34148,0,12582912,2,0,0,0
12.13720500800082,1779567067.7097359,4085,34149,1,12582912,-2,0,0,0
12.13720500800082,1779567067.7097359,4085,34150,2,12582912,-5,0,0,0
12.13720500800082,1779567067.7097359,4085,34151,3,12582912,-8,0,0,0
12.13720500800082,1779567067.7097359,4085,34152,4,12582912,-9,0,0,0
12.13720500800082,1779567067.7097359,4085,34153,5,12582912,-9,0,0,0
12.13720500800082,1779567067.7097359,4085,34154,6,12582912,-7,0,0,0
12.13720500800082,1779567067.7097359,4085,34155,7,12582912,-7,0,0,0
12.17263295399971,1779567067.7451637,4086,34156,0,12582912,-9,0,0,0
12.17263295399971,1779567067.7451637,4086,34157,1,12582912,-12,0,0,0
12.17263295399971,1779567067.7451637,4086,34158,2,12582912,-14,0,0,0
12.17263295399971,1779567067.7451637,4086,34159,3,12582912,-14,0,0,0
12.17263295399971,1779567067.7451637,4086,34160,4,12582912,-11,0,0,0
12.17263295399971,1779567067.7451637,4086,34161,5,12582912,-6,0,0,0
12.17263295399971,1779567067.7451637,4086,34162,6,12582912,-6,0,0,0
12.17263295399971,1779567067.7451637,4086,34163,7,12582912,-6,0,0,0
12.194336880000265,1779567067.7668672,4087,34164,0,12582912,-3,0,0,0
12.194336880000265,1779567067.7668672,4087,34165,1,12582912,1,0,0,0
12.194336880000265,1779567067.7668672,4087,34166,2,12582912,3,0,0,0
12.194336880000265,1779567067.7668672,4087,34167,3,12582912,1,0,0,0
12.194336880000265,1779567067.7668672,4087,34168,4,12582912,-1,0,0,0
12.194336880000265,1779567067.7668672,4087,34169,5,12582912,-2,0,0,0
12.194336880000265,1779567067.7668672,4087,34170,6,12582912,-5,0,0,0
12.194336880000265,1779567067.7668672,4087,34171,7,12582912,-7,0,0,0
12.223498118000862,1779567067.796028,4088,34172,0,12582912,-8,0,0,0
12.223498118000862,1779567067.796028,4088,34173,1,12582912,-9,0,0,0
12.223498118000862,1779567067.796028,4088,34174,2,12582912,-10,0,0,0
12.223498118000862,1779567067.796028,4088,34175,3,12582912,-10,0,0,0
12.223498118000862,1779567067.796028,4088,34176,4,12582912,-10,0,0,0
12.223498118000862,1779567067.796028,4088,34177,5,12582912,-9,0,0,0
12.223498118000862,1779567067.796028,4088,34178,6,12582912,-7,0,0,0
12.223498118000862,1779567067.796028,4088,34179,7,12582912,-5,0,0,0
12.244610544999887,1779567067.8171406,4089,34180,0,12582912,-5,0,0,0
12.244610544999887,1779567067.8171406,4089,34181,1,12582912,-7,0,0,0
12.244610544999887,1779567067.8171406,4089,34182,2,12582912,-7,0,0,0
12.244610544999887,1779567067.8171406,4089,34183,3,12582912,-5,0,0,0
12.244610544999887,1779567067.8171406,4089,34184,4,12582912,-1,0,0,0
12.244610544999887,1779567067.8171406,4089,34185,5,12582912,2,0,0,0
12.244610544999887,1779567067.8171406,4089,34186,6,12582912,3,0,0,0
12.244610544999887,1779567067.8171406,4089,34187,7,12582912,2,0,0,0
12.287267891000738,1779567067.8597987,4090,34188,0,12582912,-1,0,0,0
12.287267891000738,1779567067.8597987,4090,34189,1,12582912,-2,0,0,0
12.287267891000738,1779567067.8597987,4090,34190,2,12582912,-2,0,0,0
12.287267891000738,1779567067.8597987,4090,34191,3,12582912,-3,0,0,0
12.287267891000738,1779567067.8597987,4090,34192,4,12582912,-6,0,0,0
12.287267891000738,1779567067.8597987,4090,34193,5,12582912,-7,0,0,0
12.287267891000738,1779567067.8597987,4090,34194,6,12582912,-5,0,0,0
12.287267891000738,1779567067.8597987,4090,34195,7,12582912,-4,0,0,0
12.308900672000163,1779567067.8814313,4091,34196,0,12582912,-6,0,0,0
12.308900672000163,1779567067.8814313,4091,34197,1,12582912,-8,0,0,0
12.308900672000163,1779567067.8814313,4091,34198,2,12582912,-5,0,0,0
12.308900672000163,1779567067.8814313,4091,34199,3,12582912,0,0,0,0
12.308900672000163,1779567067.8814313,4091,34200,4,12582912,2,0,0,0
12.308900672000163,1779567067.8814313,4091,34201,5,12582912,1,0,0,0
12.308900672000163,1779567067.8814313,4091,34202,6,12582912,0,0,0,0
12.308900672000163,1779567067.8814313,4091,34203,7,12582912,0,0,0,0
12.351808741999776,1779567067.92434,4092,34204,0,12582912,2,0,0,0
12.351808741999776,1779567067.92434,4092,34205,1,12582912,4,0,0,0
12.351808741999776,1779567067.92434,4092,34206,2,12582912,6,0,0,0
12.351808741999776,1779567067.92434,4092,34207,3,12582912,5,0,0,0
12.351808741999776,1779567067.92434,4092,34208,4,12582912,3,0,0,0
12.351808741999776,1779567067.92434,4092,34209,5,12582912,1,0,0,0
12.351808741999776,1779567067.92434,4092,34210,6,12582912,-2,0,0,0
12.351808741999776,1779567067.92434,4092,34211,7,12582912,-5,0,0,0
12.379457143999389,1779567067.9519877,4093,34212,0,12582912,-8,0,0,0
12.379457143999389,1779567067.9519877,4093,34213,1,12582912,-12,0,0,0
12.379457143999389,1779567067.9519877,4093,34214,2,12582912,-13,0,0,0
12.379457143999389,1779567067.9519877,4093,34215,3,12582912,-9,0,0,0
12.379457143999389,1779567067.9519877,4093,34216,4,12582912,-6,0,0,0
12.379457143999389,1779567067.9519877,4093,34217,5,12582912,-5,0,0,0
12.379457143999389,1779567067.9519877,4093,34218,6,12582912,-5,0,0,0
12.379457143999389,1779567067.9519877,4093,34219,7,12582912,-5,0,0,0
12.412086964000991,1779567067.984617,4094,34220,0,12582912,-6,0,0,0
12.412086964000991,1779567067.984617,4094,34221,1,12582912,-8,0,0,0
12.412086964000991,1779567067.984617,4094,34222,2,12582912,-10,0,0,0
12.412086964000991,1779567067.984617,4094,34223,3,12582912,-10,0,0,0
12.412086964000991,1779567067.984617,4094,34224,4,12582912,-9,0,0,0
12.412086964000991,1779567067.984617,4094,34225,5,12582912,-6,0,0,0
12.412086964000991,1779567067.984617,4094,34226,6,12582912,-2,0,0,0
12.412086964000991,1779567067.984617,4094,34227,7,12582912,1,0,0,0
12.4419260020004,1779567068.0144563,4095,34228,0,12582912,3,0,0,0
12.4419260020004,1779567068.0144563,4095,34229,1,12582912,3,0,0,0
12.4419260020004,1779567068.0144563,4095,34230,2,12582912,1,0,0,0
12.4419260020004,1779567068.0144563,4095,34231,3,12582912,-3,0,0,0
12.4419260020004,1779567068.0144563,4095,34232,4,12582912,-7,0,0,0
12.4419260020004,1779567068.0144563,4095,34233,5,12582912,-11,0,0,0
12.4419260020004,1779567068.0144563,4095,34234,6,12582912,-11,0,0,0
12.4419260020004,1779567068.0144563,4095,34235,7,12582912,-9,0,0,0
12.471100001001105,1779567068.0436304,4096,34236,0,12582912,-6,0,0,0
12.471100001001105,1779567068.0436304,4096,34237,1,12582912,-4,0,0,0
12.471100001001105,1779567068.0436304,4096,34238,2,12582912,-5,0,0,0
12.471100001001105,1779567068.0436304,4096,34239,3,12582912,-5,0,0,0
12.471100001001105,1779567068.0436304,4096,34240,4,12582912,-1,0,0,0
12.471100001001105,1779567068.0436304,4096,34241,5,12582912,6,0,0,0
12.471100001001105,1779567068.0436304,4096,34242,6,12582912,8,0,0,0
12.471100001001105,1779567068.0436304,4096,34243,7,12582912,6,0,0,0
12.513600215999759,1779567068.086131,4097,34244,0,12582912,4,0,0,0
12.513600215999759,1779567068.086131,4097,34245,1,12582912,5,0,0,0
12.513600215999759,1779567068.086131,4097,34246,2,12582912,6,0,0,0
12.513600215999759,1779567068.086131,4097,34247,3,12582912,6,0,0,0
12.513600215999759,1779567068.086131,4097,34248,4,12582912,9,0,0,0
12.513600215999759,1779567068.086131,4097,34249,5,12582912,13,0,0,0
12.513600215999759,1779567068.086131,4097,34250,6,12582912,16,0,0,0
12.513600215999759,1779567068.086131,4097,34251,7,12582912,15,0,0,0
12.535480128999552,1779567068.1080112,4098,34252,0,12582912,11,0,0,0
12.535480128999552,1779567068.1080112,4098,34253,1,12582912,9,0,0,0
12.535480128999552,1779567068.1080112,4098,34254,2,12582912,9,0,0,0
12.535480128999552,1779567068.1080112,4098,34255,3,12582912,8,0,0,0
12.535480128999552,1779567068.1080112,4098,34256,4,12582912,8,0,0,0
12.535480128999552,1779567068.1080112,4098,34257,5,12582912,10,0,0,0
12.535480128999552,1779567068.1080112,4098,34258,6,12582912,13,0,0,0
12.535480128999552,1779567068.1080112,4098,34259,7,12582912,13,0,0,0
12.57822627600035,1779567068.150757,4099,34260,0,12582912,12,0,0,0
12.57822627600035,1779567068.150757,4099,34261,1,12582912,10,0,0,0
12.57822627600035,1779567068.150757,4099,34262,2,12582912,9,0,0,0
12.57822627600035,1779567068.150757,4099,34263,3,12582912,11,0,0,0
12.57822627600035,1779567068.150757,4099,34264,4,12582912,12,0,0,0
12.57822627600035,1779567068.150757,4099,34265,5,12582912,12,0,0,0
12.57822627600035,1779567068.150757,4099,34266,6,12582912,10,0,0,0
12.57822627600035,1779567068.150757,4099,34267,7,12582912,11,0,0,0
12.653236469999683,1779567068.2257676,4100,34268,0,12582912,13,0,0,0
12.653236469999683,1779567068.2257676,4100,34269,1,12582912,15,0,0,0
12.653236469999683,1779567068.2257676,4100,34270,2,12582912,12,0,0,0
12.653236469999683,1779567068.2257676,4100,34271,3,12582912,5,0,0,0
12.653236469999683,1779567068.2257676,4100,34272,4,12582912,0,0,0,0
12.653236469999683,1779567068.2257676,4100,34273,5,12582912,1,0,0,0
12.653236469999683,1779567068.2257676,4100,34274,6,12582912,5,0,0,0
12.653236469999683,1779567068.2257676,4100,34275,7,12582912,9,0,0,0
12.653551151999636,1779567068.2260804,4101,34276,0,12582912,12,0,0,0
12.653551151999636,1779567068.2260804,4101,34277,1,12582912,11,0,0,0
12.653551151999636,1779567068.2260804,4101,34278,2,12582912,9,0,0,0
12.653551151999636,1779567068.2260804,4101,34279,3,12582912,8,0,0,0
12.653551151999636,1779567068.2260804,4101,34280,4,12582912,8,0,0,0
12.653551151999636,1779567068.2260804,4101,34281,5,12582912,8,0,0,0
12.653551151999636,1779567068.2260804,4101,34282,6,12582912,7,0,0,0
12.653551151999636,1779567068.2260804,4101,34283,7,12582912,5,0,0,0
12.703436648000206,1779567068.2759671,4102,34284,0,12582912,5,0,0,0
12.703436648000206,1779567068.2759671,4102,34285,1,12582912,5,0,0,0
12.703436648000206,1779567068.2759671,4102,34286,2,12582912,6,0,0,0
12.703436648000206,1779567068.2759671,4102,34287,3,12582912,7,0,0,0
12.703436648000206,1779567068.2759671,4102,34288,4,12582912,9,0,0,0
12.703436648000206,1779567068.2759671,4102,34289,5,12582912,11,0,0,0
12.703436648000206,1779567068.2759671,4102,34290,6,12582912,11,0,0,0
12.703436648000206,1779567068.2759671,4102,34291,7,12582912,11,0,0,0
12.703667529000086,1779567068.2761962,4103,34292,0,12582912,12,0,0,0
12.703667529000086,1779567068.2761962,4103,34293,1,12582912,14,0,0,0
12.703667529000086,1779567068.2761962,4103,34294,2,12582912,16,0,0,0
12.703667529000086,1779567068.2761962,4103,34295,3,12582912,20,0,0,0
12.703667529000086,1779567068.2761962,4103,34296,4,12582912,22,0,0,0
12.703667529000086,1779567068.2761962,4103,34297,5,12582912,19,0,0,0
12.703667529000086,1779567068.2761962,4103,34298,6,12582912,14,0,0,0
12.703667529000086,1779567068.2761962,4103,34299,7,12582912,11,0,0,0
12.725192032999985,1779567068.2977228,4104,34300,0,12582912,10,0,0,0
12.725192032999985,1779567068.2977228,4104,34301,1,12582912,10,0,0,0
12.725192032999985,1779567068.2977228,4104,34302,2,12582912,9,0,0,0
12.725192032999985,1779567068.2977228,4104,34303,3,12582912,9,0,0,0
12.725192032999985,1779567068.2977228,4104,34304,4,12582912,10,0,0,0
12.725192032999985,1779567068.2977228,4104,34305,5,12582912,13,0,0,0
12.725192032999985,1779567068.2977228,4104,34306,6,12582912,17,0,0,0
12.725192032999985,1779567068.2977228,4104,34307,7,12582912,19,0,0,0
12.767947398000615,1779567068.3404782,4105,34308,0,12582912,17,0,0,0
12.767947398000615,1779567068.3404782,4105,34309,1,12582912,13,0,0,0
12.767947398000615,1779567068.3404782,4105,34310,2,12582912,9,0,0,0
12.767947398000615,1779567068.3404782,4105,34311,3,12582912,6,0,0,0
12.767947398000615,1779567068.3404782,4105,34312,4,12582912,3,0,0,0
12.767947398000615,1779567068.3404782,4105,34313,5,12582912,3,0,0,0
12.767947398000615,1779567068.3404782,4105,34314,6,12582912,6,0,0,0
12.767947398000615,1779567068.3404782,4105,34315,7,12582912,9,0,0,0
12.78954299399993,1779567068.3620741,4106,34316,0,12582912,11,0,0,0
12.78954299399993,1779567068.3620741,4106,34317,1,12582912,10,0,0,0
12.78954299399993,1779567068.3620741,4106,34318,2,12582912,7,0,0,0
12.78954299399993,1779567068.3620741,4106,34319,3,12582912,4,0,0,0
12.78954299399993,1779567068.3620741,4106,34320,4,12582912,6,0,0,0
12.78954299399993,1779567068.3620741,4106,34321,5,12582912,9,0,0,0
12.78954299399993,1779567068.3620741,4106,34322,6,12582912,11,0,0,0
12.78954299399993,1779567068.3620741,4106,34323,7,12582912,13,0,0,0
12.832274246000452,1779567068.4048052,4107,34324,0,12582912,15,0,0,0
12.832274246000452,1779567068.4048052,4107,34325,1,12582912,16,0,0,0
12.832274246000452,1779567068.4048052,4107,34326,2,12582912,16,0,0,0
12.832274246000452,1779567068.4048052,4107,34327,3,12582912,13,0,0,0
12.832274246000452,1779567068.4048052,4107,34328,4,12582912,9,0,0,0
12.832274246000452,1779567068.4048052,4107,34329,5,12582912,7,0,0,0
12.832274246000452,1779567068.4048052,4107,34330,6,12582912,7,0,0,0
12.832274246000452,1779567068.4048052,4107,34331,7,12582912,8,0,0,0
12.882841917000405,1779567068.4553728,4108,34332,0,12582912,7,0,0,0
12.882841917000405,1779567068.4553728,4108,34333,1,12582912,6,0,0,0
12.882841917000405,1779567068.4553728,4108,34334,2,12582912,8,0,0,0
12.882841917000405,1779567068.4553728,4108,34335,3,12582912,11,0,0,0
12.882841917000405,1779567068.4553728,4108,34336,4,12582912,11,0,0,0
12.882841917000405,1779567068.4553728,4108,34337,5,12582912,10,0,0,0
12.882841917000405,1779567068.4553728,4108,34338,6,12582912,7,0,0,0
12.882841917000405,1779567068.4553728,4108,34339,7,12582912,5,0,0,0
12.906997518000935,1779567068.4795291,4109,34340,0,12582912,3,0,0,0
12.906997518000935,1779567068.4795291,4109,34341,1,12582912,3,0,0,0
12.906997518000935,1779567068.4795291,4109,34342,2,12582912,3,0,0,0
12.906997518000935,1779567068.4795291,4109,34343,3,12582912,3,0,0,0
12.906997518000935,1779567068.4795291,4109,34344,4,12582912,4,0,0,0
12.906997518000935,1779567068.4795291,4109,34345,5,12582912,5,0,0,0
12.906997518000935,1779567068.4795291,4109,34346,6,12582912,7,0,0,0
12.906997518000935,1779567068.4795291,4109,34347,7,12582912,9,0,0,0
12.957535814999574,1779567068.5300665,4110,34348,0,12582912,11,0,0,0
12.957535814999574,1779567068.5300665,4110,34349,1,12582912,12,0,0,0
12.957535814999574,1779567068.5300665,4110,34350,2,12582912,12,0,0,0
12.957535814999574,1779567068.5300665,4110,34351,3,12582912,11,0,0,0
12.957535814999574,1779567068.5300665,4110,34352,4,12582912,8,0,0,0
12.957535814999574,1779567068.5300665,4110,34353,5,12582912,5,0,0,0
12.957535814999574,1779567068.5300665,4110,34354,6,12582912,5,0,0,0
12.957535814999574,1779567068.5300665,4110,34355,7,12582912,4,0,0,0
12.957914869999513,1779567068.5304444,4111,34356,0,12582912,0,0,0,0
12.957914869999513,1779567068.5304444,4111,34357,1,12582912,-2,0,0,0
12.957914869999513,1779567068.5304444,4111,34358,2,12582912,-2,0,0,0
12.957914869999513,1779567068.5304444,4111,34359,3,12582912,1,0,0,0
12.957914869999513,1779567068.5304444,4111,34360,4,12582912,4,0,0,0
12.957914869999513,1779567068.5304444,4111,34361,5,12582912,5,0,0,0
12.957914869999513,1779567068.5304444,4111,34362,6,12582912,5,0,0,0
12.957914869999513,1779567068.5304444,4111,34363,7,12582912,3,0,0,0
13.000764608999816,1779567068.5732956,4112,34364,0,12582912,1,0,0,0
13.000764608999816,1779567068.5732956,4112,34365,1,12582912,0,0,0,0
13.000764608999816,1779567068.5732956,4112,34366,2,12582912,1,0,0,0
13.000764608999816,1779567068.5732956,4112,34367,3,12582912,2,0,0,0
13.000764608999816,1779567068.5732956,4112,34368,4,12582912,4,0,0,0
13.000764608999816,1779567068.5732956,4112,34369,5,12582912,8,0,0,0
13.000764608999816,1779567068.5732956,4112,34370,6,12582912,11,0,0,0
13.000764608999816,1779567068.5732956,4112,34371,7,12582912,12,0,0,0
13.022467859000244,1779567068.5949988,4113,34372,0,12582912,11,0,0,0
13.022467859000244,1779567068.5949988,4113,34373,1,12582912,9,0,0,0
13.022467859000244,1779567068.5949988,4113,34374,2,12582912,6,0,0,0
13.022467859000244,1779567068.5949988,4113,34375,3,12582912,6,0,0,0
13.022467859000244,1779567068.5949988,4113,34376,4,12582912,9,0,0,0
13.022467859000244,1779567068.5949988,4113,34377,5,12582912,12,0,0,0
13.022467859000244,1779567068.5949988,4113,34378,6,12582912,13,0,0,0
13.022467859000244,1779567068.5949988,4113,34379,7,12582912,13,0,0,0
13.044615372000408,1779567068.6171463,4114,34380,0,12582912,13,0,0,0
13.044615372000408,1779567068.6171463,4114,34381,1,12582912,11,0,0,0
13.044615372000408,1779567068.6171463,4114,34382,2,12582912,7,0,0,0
13.044615372000408,1779567068.6171463,4114,34383,3,12582912,3,0,0,0
13.044615372000408,1779567068.6171463,4114,34384,4,12582912,-2,0,0,0
13.044615372000408,1779567068.6171463,4114,34385,5,12582912,-4,0,0,0
13.044615372000408,1779567068.6171463,4114,34386,6,12582912,-5,0,0,0
13.044615372000408,1779567068.6171463,4114,34387,7,12582912,-6,0,0,0
13.087099648999356,1779567068.6596308,4115,34388,0,12582912,-5,0,0,0
13.087099648999356,1779567068.6596308,4115,34389,1,12582912,-3,0,0,0
13.087099648999356,1779567068.6596308,4115,34390,2,12582912,-1,0,0,0
13.087099648999356,1779567068.6596308,4115,34391,3,12582912,-1,0,0,0
13.087099648999356,1779567068.6596308,4115,34392,4,12582912,-2,0,0,0
13.087099648999356,1779567068.6596308,4115,34393,5,12582912,-3,0,0,0
13.087099648999356,1779567068.6596308,4115,34394,6,12582912,-3,0,0,0
13.087099648999356,1779567068.6596308,4115,34395,7,12582912,-3,0,0,0
13.10824983600105,1779567068.68078,4116,34396,0,12582912,-4,0,0,0
13.10824983600105,1779567068.68078,4116,34397,1,12582912,-5,0,0,0
13.10824983600105,1779567068.68078,4116,34398,2,12582912,-5,0,0,0
13.10824983600105,1779567068.68078,4116,34399,3,12582912,-2,0,0,0
13.10824983600105,1779567068.68078,4116,34400,4,12582912,1,0,0,0
13.10824983600105,1779567068.68078,4116,34401,5,12582912,1,0,0,0
13.10824983600105,1779567068.68078,4116,34402,6,12582912,-1,0,0,0
13.10824983600105,1779567068.68078,4116,34403,7,12582912,1,0,0,0
13.159812177000276,1779567068.7323432,4117,34404,0,12582912,5,0,0,0
13.159812177000276,1779567068.7323432,4117,34405,1,12582912,9,0,0,0
13.159812177000276,1779567068.7323432,4117,34406,2,12582912,12,0,0,0
13.159812177000276,1779567068.7323432,4117,34407,3,12582912,11,0,0,0
13.159812177000276,1779567068.7323432,4117,34408,4,12582912,8,0,0,0
13.159812177000276,1779567068.7323432,4117,34409,5,12582912,5,0,0,0
13.159812177000276,1779567068.7323432,4117,34410,6,12582912,4,0,0,0
13.159812177000276,1779567068.7323432,4117,34411,7,12582912,2,0,0,0
13.1961212540009,1779567068.768652,4118,34412,0,12582912,-3,0,0,0
13.1961212540009,1779567068.768652,4118,34413,1,12582912,-6,0,0,0
13.1961212540009,1779567068.768652,4118,34414,2,12582912,-8,0,0,0
13.1961212540009,1779567068.768652,4118,34415,3,12582912,-10,0,0,0
13.1961212540009,1779567068.768652,4118,34416,4,12582912,-13,0,0,0
13.1961212540009,1779567068.768652,4118,34417,5,12582912,-20,0,0,0
13.1961212540009,1779567068.768652,4118,34418,6,12582912,-25,0,0,0
13.1961212540009,1779567068.768652,4118,34419,7,12582912,-25,0,0,0
13.217844971999511,1779567068.7903774,4119,34420,0,12582912,-24,0,0,0
13.217844971999511,1779567068.7903774,4119,34421,1,12582912,-23,0,0,0
13.217844971999511,1779567068.7903774,4119,34422,2,12582912,-23,0,0,0
13.217844971999511,1779567068.7903774,4119,34423,3,12582912,-25,0,0,0
13.217844971999511,1779567068.7903774,4119,34424,4,12582912,-24,0,0,0
13.217844971999511,1779567068.7903774,4119,34425,5,12582912,-22,0,0,0
13.217844971999511,1779567068.7903774,4119,34426,6,12582912,-17,0,0,0
13.217844971999511,1779567068.7903774,4119,34427,7,12582912,-13,0,0,0
13.239444942000773,1779567068.811975,4120,34428,0,12582912,-11,0,0,0
13.239444942000773,1779567068.811975,4120,34429,1,12582912,-10,0,0,0
13.239444942000773,1779567068.811975,4120,34430,2,12582912,-9,0,0,0
13.239444942000773,1779567068.811975,4120,34431,3,12582912,-8,0,0,0
13.239444942000773,1779567068.811975,4120,34432,4,12582912,-8,0,0,0
13.239444942000773,1779567068.811975,4120,34433,5,12582912,-9,0,0,0
13.239444942000773,1779567068.811975,4120,34434,6,12582912,-9,0,0,0
13.239444942000773,1779567068.811975,4120,34435,7,12582912,-8,0,0,0
13.290726559000177,1779567068.863257,4121,34436,0,12582912,-10,0,0,0
13.290726559000177,1779567068.863257,4121,34437,1,12582912,-14,0,0,0
13.290726559000177,1779567068.863257,4121,34438,2,12582912,-15,0,0,0
13.290726559000177,1779567068.863257,4121,34439,3,12582912,-10,0,0,0
13.290726559000177,1779567068.863257,4121,34440,4,12582912,-4,0,0,0
13.290726559000177,1779567068.863257,4121,34441,5,12582912,-2,0,0,0
13.290726559000177,1779567068.863257,4121,34442,6,12582912,-4,0,0,0
13.290726559000177,1779567068.863257,4121,34443,7,12582912,-8,0,0,0
13.312245958000858,1779567068.8847766,4122,34444,0,12582912,-13,0,0,0
13.312245958000858,1779567068.8847766,4122,34445,1,12582912,-16,0,0,0
13.312245958000858,1779567068.8847766,4122,34446,2,12582912,-17,0,0,0
13.312245958000858,1779567068.8847766,4122,34447,3,12582912,-19,0,0,0
13.312245958000858,1779567068.8847766,4122,34448,4,12582912,-20,0,0,0
13.312245958000858,1779567068.8847766,4122,34449,5,12582912,-21,0,0,0
13.312245958000858,1779567068.8847766,4122,34450,6,12582912,-21,0,0,0
13.312245958000858,1779567068.8847766,4122,34451,7,12582912,-21,0,0,0
13.333984988999873,1779567068.9065156,4123,34452,0,12582912,-20,0,0,0
13.333984988999873,1779567068.9065156,4123,34453,1,12582912,-19,0,0,0
13.333984988999873,1779567068.9065156,4123,34454,2,12582912,-16,0,0,0
13.333984988999873,1779567068.9065156,4123,34455,3,12582912,-15,0,0,0
13.333984988999873,1779567068.9065156,4123,34456,4,12582912,-17,0,0,0
13.333984988999873,1779567068.9065156,4123,34457,5,12582912,-17,0,0,0
13.333984988999873,1779567068.9065156,4123,34458,6,12582912,-13,0,0,0
13.333984988999873,1779567068.9065156,4123,34459,7,12582912,-10,0,0,0
13.370036362000974,1779567068.9425673,4124,34460,0,12582912,-7,0,0,0
13.370036362000974,1779567068.9425673,4124,34461,1,12582912,-4,0,0,0
13.370036362000974,1779567068.9425673,4124,34462,2,12582912,-3,0,0,0
13.370036362000974,1779567068.9425673,4124,34463,3,12582912,-5,0,0,0
13.370036362000974,1779567068.9425673,4124,34464,4,12582912,-7,0,0,0
13.370036362000974,1779567068.9425673,4124,34465,5,12582912,-9,0,0,0
13.370036362000974,1779567068.9425673,4124,34466,6,12582912,-10,0,0,0
13.370036362000974,1779567068.9425673,4124,34467,7,12582912,-10,0,0,0
13.41967405000105,1779567068.9922051,4125,34468,0,12582912,-12,0,0,0
13.41967405000105,1779567068.9922051,4125,34469,1,12582912,-14,0,0,0
13.41967405000105,1779567068.9922051,4125,34470,2,12582912,-14,0,0,0
13.41967405000105,1779567068.9922051,4125,34471,3,12582912,-15,0,0,0
13.41967405000105,1779567068.9922051,4125,34472,4,12582912,-16,0,0,0
13.41967405000105,1779567068.9922051,4125,34473,5,12582912,-18,0,0,0
13.41967405000105,1779567068.9922051,4125,34474,6,12582912,-20,0,0,0
13.41967405000105,1779567068.9922051,4125,34475,7,12582912,-18,0,0,0
13.455716779000795,1779567069.0282476,4126,34476,0,12582912,-14,0,0,0
13.455716779000795,1779567069.0282476,4126,34477,1,12582912,-10,0,0,0
13.455716779000795,1779567069.0282476,4126,34478,2,12582912,-6,0,0,0
13.455716779000795,1779567069.0282476,4126,34479,3,12582912,-3,0,0,0
13.455716779000795,1779567069.0282476,4126,34480,4,12582912,-1,0,0,0
13.455716779000795,1779567069.0282476,4126,34481,5,12582912,-1,0,0,0
13.455716779000795,1779567069.0282476,4126,34482,6,12582912,-2,0,0,0
13.455716779000795,1779567069.0282476,4126,34483,7,12582912,-5,0,0,0
13.477590599000905,1779567069.0501218,4127,34484,0,12582912,-6,0,0,0
13.477590599000905,1779567069.0501218,4127,34485,1,12582912,-2,0,0,0
13.477590599000905,1779567069.0501218,4127,34486,2,12582912,2,0,0,0
13.477590599000905,1779567069.0501218,4127,34487,3,12582912,6,0,0,0
13.477590599000905,1779567069.0501218,4127,34488,4,12582912,8,0,0,0
13.477590599000905,1779567069.0501218,4127,34489,5,12582912,9,0,0,0
13.477590599000905,1779567069.0501218,4127,34490,6,12582912,8,0,0,0
13.477590599000905,1779567069.0501218,4127,34491,7,12582912,7,0,0,0
13.52056242100116,1779567069.0930934,4128,34492,0,12582912,6,0,0,0
13.52056242100116,1779567069.0930934,4128,34493,1,12582912,4,0,0,0
13.52056242100116,1779567069.0930934,4128,34494,2,12582912,3,0,0,0
13.52056242100116,1779567069.0930934,4128,34495,3,12582912,1,0,0,0
13.52056242100116,1779567069.0930934,4128,34496,4,12582912,-1,0,0,0
13.52056242100116,1779567069.0930934,4128,34497,5,12582912,-5,0,0,0
13.52056242100116,1779567069.0930934,4128,34498,6,12582912,-8,0,0,0
13.52056242100116,1779567069.0930934,4128,34499,7,12582912,-10,0,0,0
13.542304472999604,1779567069.1148353,4129,34500,0,12582912,-13,0,0,0
13.542304472999604,1779567069.1148353,4129,34501,1,12582912,-7,0,0,0
13.542304472999604,1779567069.1148353,4129,34502,2,12582912,8,0,0,0
13.542304472999604,1779567069.1148353,4129,34503,3,12582912,1,0,0,0
13.542304472999604,1779567069.1148353,4129,34504,4,12582912,-25,0,0,0
13.542304472999604,1779567069.1148353,4129,34505,5,12582912,-30,0,0,0
13.542304472999604,1779567069.1148353,4129,34506,6,12582912,-2,0,0,0
13.542304472999604,1779567069.1148353,4129,34507,7,12582912,23,0,0,0
13.5783149100007,1779567069.150846,4130,34508,0,12582912,14,0,0,0
13.5783149100007,1779567069.150846,4130,34509,1,12582912,-13,0,0,0
13.5783149100007,1779567069.150846,4130,34510,2,12582912,-20,0,0,0
13.5783149100007,1779567069.150846,4130,34511,3,12582912,3,0,0,0
13.5783149100007,1779567069.150846,4130,34512,4,12582912,23,0,0,0
13.5783149100007,1779567069.150846,4130,34513,5,12582912,17,0,0,0
13.5783149100007,1779567069.150846,4130,34514,6,12582912,-5,0,0,0
13.5783149100007,1779567069.150846,4130,34515,7,12582912,-12,0,0,0
13.6879980169997,1779567069.260529,4131,34516,0,12582912,0,0,0,0
13.6879980169997,1779567069.260529,4131,34517,1,12582912,10,0,0,0
13.6879980169997,1779567069.260529,4131,34518,2,12582912,1,0,0,0
13.6879980169997,1779567069.260529,4131,34519,3,12582912,-16,0,0,0
13.6879980169997,1779567069.260529,4131,34520,4,12582912,-19,0,0,0
13.6879980169997,1779567069.260529,4131,34521,5,12582912,-6,0,0,0
13.6879980169997,1779567069.260529,4131,34522,6,12582912,6,0,0,0
13.6879980169997,1779567069.260529,4131,34523,7,12582912,2,0,0,0
13.688345718999699,1779567069.2608752,4132,34524,0,12582912,-9,0,0,0
13.688345718999699,1779567069.2608752,4132,34525,1,12582912,-10,0,0,0
13.688345718999699,1779567069.2608752,4132,34526,2,12582912,2,0,0,0
13.688345718999699,1779567069.2608752,4132,34527,3,12582912,9,0,0,0
13.688345718999699,1779567069.2608752,4132,34528,4,12582912,2,0,0,0
13.688345718999699,1779567069.2608752,4132,34529,5,12582912,-10,0,0,0
13.688345718999699,1779567069.2608752,4132,34530,6,12582912,-12,0,0,0
13.688345718999699,1779567069.2608752,4132,34531,7,12582912,-2,0,0,0
13.688667951999378,1779567069.2611973,4133,34532,0,12582912,6,0,0,0
13.688667951999378,1779567069.2611973,4133,34533,1,12582912,4,0,0,0
13.688667951999378,1779567069.2611973,4133,34534,2,12582912,-3,0,0,0
13.688667951999378,1779567069.2611973,4133,34535,3,12582912,-5,0,0,0
13.688667951999378,1779567069.2611973,4133,34536,4,12582912,-2,0,0,0
13.688667951999378,1779567069.2611973,4133,34537,5,12582912,-1,0,0,0
13.688667951999378,1779567069.2611973,4133,34538,6,12582912,-5,0,0,0
13.688667951999378,1779567069.2611973,4133,34539,7,12582912,-10,0,0,0
13.73267610900075,1779567069.3052073,4134,34540,0,12582912,-12,0,0,0
13.73267610900075,1779567069.3052073,4134,34541,1,12582912,-7,0,0,0
13.73267610900075,1779567069.3052073,4134,34542,2,12582912,-2,0,0,0
13.73267610900075,1779567069.3052073,4134,34543,3,12582912,-2,0,0,0
13.73267610900075,1779567069.3052073,4134,34544,4,12582912,-3,0,0,0
13.73267610900075,1779567069.3052073,4134,34545,5,12582912,1,0,0,0
13.73267610900075,1779567069.3052073,4134,34546,6,12582912,9,0,0,0
13.73267610900075,1779567069.3052073,4134,34547,7,12582912,13,0,0,0
13.732993498999349,1779567069.3055232,4135,34548,0,12582912,10,0,0,0
13.732993498999349,1779567069.3055232,4135,34549,1,12582912,2,0,0,0
13.732993498999349,1779567069.3055232,4135,34550,2,12582912,-1,0,0,0
13.732993498999349,1779567069.3055232,4135,34551,3,12582912,3,0,0,0
13.732993498999349,1779567069.3055232,4135,34552,4,12582912,7,0,0,0
13.732993498999349,1779567069.3055232,4135,34553,5,12582912,7,0,0,0
13.732993498999349,1779567069.3055232,4135,34554,6,12582912,3,0,0,0
13.732993498999349,1779567069.3055232,4135,34555,7,12582912,2,0,0,0
13.795331895000345,1779567069.367863,4136,34556,0,12582912,6,0,0,0
13.795331895000345,1779567069.367863,4136,34557,1,12582912,10,0,0,0
13.795331895000345,1779567069.367863,4136,34558,2,12582912,11,0,0,0
13.795331895000345,1779567069.367863,4136,34559,3,12582912,8,0,0,0
13.795331895000345,1779567069.367863,4136,34560,4,12582912,3,0,0,0
13.795331895000345,1779567069.367863,4136,34561,5,12582912,3,0,0,0
13.795331895000345,1779567069.367863,4136,34562,6,12582912,6,0,0,0
13.795331895000345,1779567069.367863,4136,34563,7,12582912,8,0,0,0
13.795645223000975,1779567069.3681753,4137,34564,0,12582912,8,0,0,0
13.795645223000975,1779567069.3681753,4137,34565,1,12582912,9,0,0,0
13.795645223000975,1779567069.3681753,4137,34566,2,12582912,13,0,0,0
13.795645223000975,1779567069.3681753,4137,34567,3,12582912,18,0,0,0
13.795645223000975,1779567069.3681753,4137,34568,4,12582912,20,0,0,0
13.795645223000975,1779567069.3681753,4137,34569,5,12582912,18,0,0,0
13.795645223000975,1779567069.3681753,4137,34570,6,12582912,17,0,0,0
13.795645223000975,1779567069.3681753,4137,34571,7,12582912,17,0,0,0
13.838434651999705,1779567069.4109654,4138,34572,0,12582912,16,0,0,0
13.838434651999705,1779567069.4109654,4138,34573,1,12582912,12,0,0,0
13.838434651999705,1779567069.4109654,4138,34574,2,12582912,8,0,0,0
13.838434651999705,1779567069.4109654,4138,34575,3,12582912,6,0,0,0
13.838434651999705,1779567069.4109654,4138,34576,4,12582912,3,0,0,0
13.838434651999705,1779567069.4109654,4138,34577,5,12582912,1,0,0,0
13.838434651999705,1779567069.4109654,4138,34578,6,12582912,1,0,0,0
13.838434651999705,1779567069.4109654,4138,34579,7,12582912,2,0,0,0
13.860101653001038,1779567069.4326327,4139,34580,0,12582912,5,0,0,0
13.860101653001038,1779567069.4326327,4139,34581,1,12582912,9,0,0,0
13.860101653001038,1779567069.4326327,4139,34582,2,12582912,10,0,0,0
13.860101653001038,1779567069.4326327,4139,34583,3,12582912,11,0,0,0
13.860101653001038,1779567069.4326327,4139,34584,4,12582912,14,0,0,0
13.860101653001038,1779567069.4326327,4139,34585,5,12582912,18,0,0,0
13.860101653001038,1779567069.4326327,4139,34586,6,12582912,22,0,0,0
13.860101653001038,1779567069.4326327,4139,34587,7,12582912,24,0,0,0
13.902805822999653,1779567069.4753368,4140,34588,0,12582912,25,0,0,0
13.902805822999653,1779567069.4753368,4140,34589,1,12582912,26,0,0,0
13.902805822999653,1779567069.4753368,4140,34590,2,12582912,26,0,0,0
13.902805822999653,1779567069.4753368,4140,34591,3,12582912,25,0,0,0
13.902805822999653,1779567069.4753368,4140,34592,4,12582912,23,0,0,0
13.902805822999653,1779567069.4753368,4140,34593,5,12582912,21,0,0,0
13.902805822999653,1779567069.4753368,4140,34594,6,12582912,19,0,0,0
13.902805822999653,1779567069.4753368,4140,34595,7,12582912,18,0,0,0
13.930273500000112,1779567069.5028045,4141,34596,0,12582912,20,0,0,0
13.930273500000112,1779567069.5028045,4141,34597,1,12582912,24,0,0,0
13.930273500000112,1779567069.5028045,4141,34598,2,12582912,27,0,0,0
13.930273500000112,1779567069.5028045,4141,34599,3,12582912,27,0,0,0
13.930273500000112,1779567069.5028045,4141,34600,4,12582912,26,0,0,0
13.930273500000112,1779567069.5028045,4141,34601,5,12582912,27,0,0,0
13.930273500000112,1779567069.5028045,4141,34602,6,12582912,29,0,0,0
13.930273500000112,1779567069.5028045,4141,34603,7,12582912,32,0,0,0
13.964924326999608,1779567069.5374553,4142,34604,0,12582912,32,0,0,0
13.964924326999608,1779567069.5374553,4142,34605,1,12582912,28,0,0,0
13.964924326999608,1779567069.5374553,4142,34606,2,12582912,25,0,0,0
13.964924326999608,1779567069.5374553,4142,34607,3,12582912,23,0,0,0
13.964924326999608,1779567069.5374553,4142,34608,4,12582912,22,0,0,0
13.964924326999608,1779567069.5374553,4142,34609,5,12582912,19,0,0,0
13.964924326999608,1779567069.5374553,4142,34610,6,12582912,17,0,0,0
13.964924326999608,1779567069.5374553,4142,34611,7,12582912,16,0,0,0
14.001268351999897,1779567069.573799,4143,34612,0,12582912,18,0,0,0
14.001268351999897,1779567069.573799,4143,34613,1,12582912,20,0,0,0
14.001268351999897,1779567069.573799,4143,34614,2,12582912,18,0,0,0
14.001268351999897,1779567069.573799,4143,34615,3,12582912,15,0,0,0
14.001268351999897,1779567069.573799,4143,34616,4,12582912,15,0,0,0
14.001268351999897,1779567069.573799,4143,34617,5,12582912,17,0,0,0
14.001268351999897,1779567069.573799,4143,34618,6,12582912,17,0,0,0
14.001268351999897,1779567069.573799,4143,34619,7,12582912,14,0,0,0
14.022917124999367,1779567069.595448,4144,34620,0,12582912,10,0,0,0
14.022917124999367,1779567069.595448,4144,34621,1,12582912,8,0,0,0
14.022917124999367,1779567069.595448,4144,34622,2,12582912,10,0,0,0
14.022917124999367,1779567069.595448,4144,34623,3,12582912,11,0,0,0
14.022917124999367,1779567069.595448,4144,34624,4,12582912,10,0,0,0
14.022917124999367,1779567069.595448,4144,34625,5,12582912,7,0,0,0
14.022917124999367,1779567069.595448,4144,34626,6,12582912,7,0,0,0
14.022917124999367,1779567069.595448,4144,34627,7,12582912,9,0,0,0
14.071184839000125,1779567069.6437156,4145,34628,0,12582912,10,0,0,0
14.071184839000125,1779567069.6437156,4145,34629,1,12582912,8,0,0,0
14.071184839000125,1779567069.6437156,4145,34630,2,12582912,6,0,0,0
14.071184839000125,1779567069.6437156,4145,34631,3,12582912,6,0,0,0
14.071184839000125,1779567069.6437156,4145,34632,4,12582912,5,0,0,0
14.071184839000125,1779567069.6437156,4145,34633,5,12582912,3,0,0,0
14.071184839000125,1779567069.6437156,4145,34634,6,12582912,2,0,0,0
14.071184839000125,1779567069.6437156,4145,34635,7,12582912,-1,0,0,0
14.094743525000013,1779567069.6672764,4146,34636,0,12582912,-3,0,0,0
14.094743525000013,1779567069.6672764,4146,34637,1,12582912,0,0,0,0
14.094743525000013,1779567069.6672764,4146,34638,2,12582912,5,0,0,0
14.094743525000013,1779567069.6672764,4146,34639,3,12582912,5,0,0,0
14.094743525000013,1779567069.6672764,4146,34640,4,12582912,3,0,0,0
14.094743525000013,1779567069.6672764,4146,34641,5,12582912,3,0,0,0
14.094743525000013,1779567069.6672764,4146,34642,6,12582912,6,0,0,0
14.094743525000013,1779567069.6672764,4146,34643,7,12582912,10,0,0,0
14.116390786999546,1779567069.6889217,4147,34644,0,12582912,12,0,0,0
14.116390786999546,1779567069.6889217,4147,34645,1,12582912,13,0,0,0
14.116390786999546,1779567069.6889217,4147,34646,2,12582912,13,0,0,0
14.116390786999546,1779567069.6889217,4147,34647,3,12582912,13,0,0,0
14.116390786999546,1779567069.6889217,4147,34648,4,12582912,12,0,0,0
14.116390786999546,1779567069.6889217,4147,34649,5,12582912,9,0,0,0
14.116390786999546,1779567069.6889217,4147,34650,6,12582912,4,0,0,0
14.116390786999546,1779567069.6889217,4147,34651,7,12582912,0,0,0,0
14.15913386200009,1779567069.7316651,4148,34652,0,12582912,-1,0,0,0
14.15913386200009,1779567069.7316651,4148,34653,1,12582912,0,0,0,0
14.15913386200009,1779567069.7316651,4148,34654,2,12582912,0,0,0,0
14.15913386200009,1779567069.7316651,4148,34655,3,12582912,-1,0,0,0
14.15913386200009,1779567069.7316651,4148,34656,4,12582912,-3,0,0,0
14.15913386200009,1779567069.7316651,4148,34657,5,12582912,-4,0,0,0
14.15913386200009,1779567069.7316651,4148,34658,6,12582912,-6,0,0,0
14.15913386200009,1779567069.7316651,4148,34659,7,12582912,-4,0,0,0
14.180744510000295,1779567069.7532754,4149,34660,0,12582912,0,0,0,0
14.180744510000295,1779567069.7532754,4149,34661,1,12582912,5,0,0,0
14.180744510000295,1779567069.7532754,4149,34662,2,12582912,7,0,0,0
14.180744510000295,1779567069.7532754,4149,34663,3,12582912,6,0,0,0
14.180744510000295,1779567069.7532754,4149,34664,4,12582912,4,0,0,0
14.180744510000295,1779567069.7532754,4149,34665,5,12582912,3,0,0,0
14.180744510000295,1779567069.7532754,4149,34666,6,12582912,2,0,0,0
14.180744510000295,1779567069.7532754,4149,34667,7,12582912,3,0,0,0
14.230350117000853,1779567069.8028812,4150,34668,0,12582912,7,0,0,0
14.230350117000853,1779567069.8028812,4150,34669,1,12582912,10,0,0,0
14.230350117000853,1779567069.8028812,4150,34670,2,12582912,9,0,0,0
14.230350117000853,1779567069.8028812,4150,34671,3,12582912,4,0,0,0
14.230350117000853,1779567069.8028812,4150,34672,4,12582912,0,0,0,0
14.230350117000853,1779567069.8028812,4150,34673,5,12582912,-3,0,0,0
14.230350117000853,1779567069.8028812,4150,34674,6,12582912,-4,0,0,0
14.230350117000853,1779567069.8028812,4150,34675,7,12582912,-5,0,0,0
14.25213503300074,1779567069.8246663,4151,34676,0,12582912,-7,0,0,0
14.25213503300074,1779567069.8246663,4151,34677,1,12582912,-8,0,0,0
14.25213503300074,1779567069.8246663,4151,34678,2,12582912,-5,0,0,0
14.25213503300074,1779567069.8246663,4151,34679,3,12582912,-2,0,0,0
14.25213503300074,1779567069.8246663,4151,34680,4,12582912,-1,0,0,0
14.25213503300074,1779567069.8246663,4151,34681,5,12582912,-2,0,0,0
14.25213503300074,1779567069.8246663,4151,34682,6,12582912,-1,0,0,0
14.25213503300074,1779567069.8246663,4151,34683,7,12582912,1,0,0,0
14.273880886999905,1779567069.846412,4152,34684,0,12582912,2,0,0,0
14.273880886999905,1779567069.846412,4152,34685,1,12582912,0,0,0,0
14.273880886999905,1779567069.846412,4152,34686,2,12582912,-2,0,0,0
14.273880886999905,1779567069.846412,4152,34687,3,12582912,-3,0,0,0
14.273880886999905,1779567069.846412,4152,34688,4,12582912,-3,0,0,0
14.273880886999905,1779567069.846412,4152,34689,5,12582912,-3,0,0,0
14.273880886999905,1779567069.846412,4152,34690,6,12582912,0,0,0,0
14.273880886999905,1779567069.846412,4152,34691,7,12582912,4,0,0,0
14.316609483999855,1779567069.8891401,4153,34692,0,12582912,8,0,0,0
14.316609483999855,1779567069.8891401,4153,34693,1,12582912,10,0,0,0
14.316609483999855,1779567069.8891401,4153,34694,2,12582912,13,0,0,0
14.316609483999855,1779567069.8891401,4153,34695,3,12582912,16,0,0,0
14.316609483999855,1779567069.8891401,4153,34696,4,12582912,19,0,0,0
14.316609483999855,1779567069.8891401,4153,34697,5,12582912,19,0,0,0
14.316609483999855,1779567069.8891401,4153,34698,6,12582912,18,0,0,0
14.316609483999855,1779567069.8891401,4153,34699,7,12582912,15,0,0,0
14.338274141000511,1779567069.9108052,4154,34700,0,12582912,9,0,0,0
14.338274141000511,1779567069.9108052,4154,34701,1,12582912,3,0,0,0
14.338274141000511,1779567069.9108052,4154,34702,2,12582912,1,0,0,0
14.338274141000511,1779567069.9108052,4154,34703,3,12582912,1,0,0,0
14.338274141000511,1779567069.9108052,4154,34704,4,12582912,-1,0,0,0
14.338274141000511,1779567069.9108052,4154,34705,5,12582912,-1,0,0,0
14.338274141000511,1779567069.9108052,4154,34706,6,12582912,3,0,0,0
14.338274141000511,1779567069.9108052,4154,34707,7,12582912,4,0,0,0
14.38102961200093,1779567069.9535608,4155,34708,0,12582912,1,0,0,0
14.38102961200093,1779567069.9535608,4155,34709,1,12582912,-5,0,0,0
14.38102961200093,1779567069.9535608,4155,34710,2,12582912,-9,0,0,0
14.38102961200093,1779567069.9535608,4155,34711,3,12582912,-9,0,0,0
14.38102961200093,1779567069.9535608,4155,34712,4,12582912,-5,0,0,0
14.38102961200093,1779567069.9535608,4155,34713,5,12582912,-1,0,0,0
14.38102961200093,1779567069.9535608,4155,34714,6,12582912,3,0,0,0
14.38102961200093,1779567069.9535608,4155,34715,7,12582912,4,0,0,0
14.402855152000484,1779567069.9753861,4156,34716,0,12582912,4,0,0,0
14.402855152000484,1779567069.9753861,4156,34717,1,12582912,4,0,0,0
14.402855152000484,1779567069.9753861,4156,34718,2,12582912,5,0,0,0
14.402855152000484,1779567069.9753861,4156,34719,3,12582912,3,0,0,0
14.402855152000484,1779567069.9753861,4156,34720,4,12582912,1,0,0,0
14.402855152000484,1779567069.9753861,4156,34721,5,12582912,-2,0,0,0
14.402855152000484,1779567069.9753861,4156,34722,6,12582912,0,0,0,0
14.402855152000484,1779567069.9753861,4156,34723,7,12582912,4,0,0,0
14.445323076999557,1779567070.0178535,4157,34724,0,12582912,5,0,0,0
14.445323076999557,1779567070.0178535,4157,34725,1,12582912,5,0,0,0
14.445323076999557,1779567070.0178535,4157,34726,2,12582912,3,0,0,0
14.445323076999557,1779567070.0178535,4157,34727,3,12582912,0,0,0,0
14.445323076999557,1779567070.0178535,4157,34728,4,12582912,-3,0,0,0
14.445323076999557,1779567070.0178535,4157,34729,5,12582912,-5,0,0,0
14.445323076999557,1779567070.0178535,4157,34730,6,12582912,-6,0,0,0
14.445323076999557,1779567070.0178535,4157,34731,7,12582912,-5,0,0,0
14.502469433000442,1779567070.0749998,4158,34732,0,12582912,-4,0,0,0
14.502469433000442,1779567070.0749998,4158,34733,1,12582912,-5,0,0,0
14.502469433000442,1779567070.0749998,4158,34734,2,12582912,-7,0,0,0
14.502469433000442,1779567070.0749998,4158,34735,3,12582912,-7,0,0,0
14.502469433000442,1779567070.0749998,4158,34736,4,12582912,-4,0,0,0
14.502469433000442,1779567070.0749998,4158,34737,5,12582912,-1,0,0,0
14.502469433000442,1779567070.0749998,4158,34738,6,12582912,2,0,0,0
14.502469433000442,1779567070.0749998,4158,34739,7,12582912,5,0,0,0
14.502697293999518,1779567070.0752263,4159,34740,0,12582912,7,0,0,0
14.502697293999518,1779567070.0752263,4159,34741,1,12582912,7,0,0,0
14.502697293999518,1779567070.0752263,4159,34742,2,12582912,5,0,0,0
14.502697293999518,1779567070.0752263,4159,34743,3,12582912,5,0,0,0
14.502697293999518,1779567070.0752263,4159,34744,4,12582912,6,0,0,0
14.502697293999518,1779567070.0752263,4159,34745,5,12582912,8,0,0,0
14.502697293999518,1779567070.0752263,4159,34746,6,12582912,7,0,0,0
14.502697293999518,1779567070.0752263,4159,34747,7,12582912,6,0,0,0
14.545250114000737,1779567070.1177797,4160,34748,0,12582912,7,0,0,0
14.545250114000737,1779567070.1177797,4160,34749,1,12582912,7,0,0,0
14.545250114000737,1779567070.1177797,4160,34750,2,12582912,7,0,0,0
14.545250114000737,1779567070.1177797,4160,34751,3,12582912,7,0,0,0
14.545250114000737,1779567070.1177797,4160,34752,4,12582912,5,0,0,0
14.545250114000737,1779567070.1177797,4160,34753,5,12582912,4,0,0,0
14.545250114000737,1779567070.1177797,4160,34754,6,12582912,5,0,0,0
14.545250114000737,1779567070.1177797,4160,34755,7,12582912,5,0,0,0
14.566751233000105,1779567070.1392822,4161,34756,0,12582912,5,0,0,0
14.566751233000105,1779567070.1392822,4161,34757,1,12582912,5,0,0,0
14.566751233000105,1779567070.1392822,4161,34758,2,12582912,5,0,0,0
14.566751233000105,1779567070.1392822,4161,34759,3,12582912,5,0,0,0
14.566751233000105,1779567070.1392822,4161,34760,4,12582912,4,0,0,0
14.566751233000105,1779567070.1392822,4161,34761,5,12582912,3,0,0,0
14.566751233000105,1779567070.1392822,4161,34762,6,12582912,2,0,0,0
14.566751233000105,1779567070.1392822,4161,34763,7,12582912,0,0,0,0
14.665891304999604,1779567070.238422,4162,34764,0,12582912,-3,0,0,0
14.665891304999604,1779567070.238422,4162,34765,1,12582912,-5,0,0,0
14.665891304999604,1779567070.238422,4162,34766,2,12582912,-6,0,0,0
14.665891304999604,1779567070.238422,4162,34767,3,12582912,-3,0,0,0
14.665891304999604,1779567070.238422,4162,34768,4,12582912,3,0,0,0
14.665891304999604,1779567070.238422,4162,34769,5,12582912,6,0,0,0
14.665891304999604,1779567070.238422,4162,34770,6,12582912,4,0,0,0
14.665891304999604,1779567070.238422,4162,34771,7,12582912,0,0,0,0
14.666204997000023,1779567070.2387342,4163,34772,0,12582912,-1,0,0,0
14.666204997000023,1779567070.2387342,4163,34773,1,12582912,-1,0,0,0
14.666204997000023,1779567070.2387342,4163,34774,2,12582912,0,0,0,0
14.666204997000023,1779567070.2387342,4163,34775,3,12582912,-1,0,0,0
14.666204997000023,1779567070.2387342,4163,34776,4,12582912,-3,0,0,0
14.666204997000023,1779567070.2387342,4163,34777,5,12582912,-2,0,0,0
14.666204997000023,1779567070.2387342,4163,34778,6,12582912,1,0,0,0
14.666204997000023,1779567070.2387342,4163,34779,7,12582912,3,0,0,0
14.666486763000648,1779567070.2390163,4164,34780,0,12582912,0,0,0,0
14.666486763000648,1779567070.2390163,4164,34781,1,12582912,-4,0,0,0
14.666486763000648,1779567070.2390163,4164,34782,2,12582912,-4,0,0,0
14.666486763000648,1779567070.2390163,4164,34783,3,12582912,-3,0,0,0
14.666486763000648,1779567070.2390163,4164,34784,4,12582912,-3,0,0,0
14.666486763000648,1779567070.2390163,4164,34785,5,12582912,-3,0,0,0
14.666486763000648,1779567070.2390163,4164,34786,6,12582912,-2,0,0,0
14.666486763000648,1779567070.2390163,4164,34787,7,12582912,-1,0,0,0
14.702423610000551,1779567070.2749543,4165,34788,0,12582912,-2,0,0,0
14.702423610000551,1779567070.2749543,4165,34789,1,12582912,-2,0,0,0
14.702423610000551,1779567070.2749543,4165,34790,2,12582912,-1,0,0,0
14.702423610000551,1779567070.2749543,4165,34791,3,12582912,1,0,0,0
14.702423610000551,1779567070.2749543,4165,34792,4,12582912,3,0,0,0
14.702423610000551,1779567070.2749543,4165,34793,5,12582912,5,0,0,0
14.702423610000551,1779567070.2749543,4165,34794,6,12582912,4,0,0,0
14.702423610000551,1779567070.2749543,4165,34795,7,12582912,4,0,0,0
14.737134228000286,1779567070.3096647,4166,34796,0,12582912,3,0,0,0
14.737134228000286,1779567070.3096647,4166,34797,1,12582912,2,0,0,0
14.737134228000286,1779567070.3096647,4166,34798,2,12582912,1,0,0,0
14.737134228000286,1779567070.3096647,4166,34799,3,12582912,0,0,0,0
14.737134228000286,1779567070.3096647,4166,34800,4,12582912,-1,0,0,0
14.737134228000286,1779567070.3096647,4166,34801,5,12582912,-2,0,0,0
14.737134228000286,1779567070.3096647,4166,34802,6,12582912,-2,0,0,0
14.737134228000286,1779567070.3096647,4166,34803,7,12582912,-2,0,0,0
14.758832270999847,1779567070.3313637,4167,34804,0,12582912,-1,0,0,0
14.758832270999847,1779567070.3313637,4167,34805,1,12582912,-1,0,0,0
14.758832270999847,1779567070.3313637,4167,34806,2,12582912,-2,0,0,0
14.758832270999847,1779567070.3313637,4167,34807,3,12582912,1,0,0,0
14.758832270999847,1779567070.3313637,4167,34808,4,12582912,5,0,0,0
14.758832270999847,1779567070.3313637,4167,34809,5,12582912,6,0,0,0
14.758832270999847,1779567070.3313637,4167,34810,6,12582912,4,0,0,0
14.758832270999847,1779567070.3313637,4167,34811,7,12582912,0,0,0,0
14.801528578000216,1779567070.3740594,4168,34812,0,12582912,-2,0,0,0
14.801528578000216,1779567070.3740594,4168,34813,1,12582912,-2,0,0,0
14.801528578000216,1779567070.3740594,4168,34814,2,12582912,0,0,0,0
14.801528578000216,1779567070.3740594,4168,34815,3,12582912,2,0,0,0
14.801528578000216,1779567070.3740594,4168,34816,4,12582912,4,0,0,0
14.801528578000216,1779567070.3740594,4168,34817,5,12582912,5,0,0,0
14.801528578000216,1779567070.3740594,4168,34818,6,12582912,3,0,0,0
14.801528578000216,1779567070.3740594,4168,34819,7,12582912,-1,0,0,0
14.823234953999417,1779567070.3957658,4169,34820,0,12582912,-6,0,0,0
14.823234953999417,1779567070.3957658,4169,34821,1,12582912,-11,0,0,0
14.823234953999417,1779567070.3957658,4169,34822,2,12582912,-12,0,0,0
14.823234953999417,1779567070.3957658,4169,34823,3,12582912,-11,0,0,0
14.823234953999417,1779567070.3957658,4169,34824,4,12582912,-8,0,0,0
14.823234953999417,1779567070.3957658,4169,34825,5,12582912,-4,0,0,0
14.823234953999417,1779567070.3957658,4169,34826,6,12582912,-1,0,0,0
14.823234953999417,1779567070.3957658,4169,34827,7,12582912,1,0,0,0
14.862742360999619,1779567070.4352732,4170,34828,0,12582912,-1,0,0,0
14.862742360999619,1779567070.4352732,4170,34829,1,12582912,-2,0,0,0
14.862742360999619,1779567070.4352732,4170,34830,2,12582912,-2,0,0,0
14.862742360999619,1779567070.4352732,4170,34831,3,12582912,-2,0,0,0
14.862742360999619,1779567070.4352732,4170,34832,4,12582912,-1,0,0,0
14.862742360999619,1779567070.4352732,4170,34833,5,12582912,0,0,0,0
14.862742360999619,1779567070.4352732,4170,34834,6,12582912,-2,0,0,0
14.862742360999619,1779567070.4352732,4170,34835,7,12582912,-5,0,0,0
14.89996220499961,1779567070.472492,4171,34836,0,12582912,-5,0,0,0
14.89996220499961,1779567070.472492,4171,34837,1,12582912,-4,0,0,0
14.89996220499961,1779567070.472492,4171,34838,2,12582912,-4,0,0,0
14.89996220499961,1779567070.472492,4171,34839,3,12582912,-5,0,0,0
14.89996220499961,1779567070.472492,4171,34840,4,12582912,-8,0,0,0
14.89996220499961,1779567070.472492,4171,34841,5,12582912,-10,0,0,0
14.89996220499961,1779567070.472492,4171,34842,6,12582912,-9,0,0,0
14.89996220499961,1779567070.472492,4171,34843,7,12582912,-7,0,0,0
15.08359162600027,1779567070.6561227,4172,34844,0,12582912,-10,0,0,0
15.08359162600027,1779567070.6561227,4172,34845,1,12582912,-16,0,0,0
15.08359162600027,1779567070.6561227,4172,34846,2,12582912,-18,0,0,0
15.08359162600027,1779567070.6561227,4172,34847,3,12582912,-16,0,0,0
15.08359162600027,1779567070.6561227,4172,34848,4,12582912,-3,0,0,0
15.08359162600027,1779567070.6561227,4172,34849,5,12582912,21,0,0,0
15.08359162600027,1779567070.6561227,4172,34850,6,12582912,23,0,0,0
15.08359162600027,1779567070.6561227,4172,34851,7,12582912,-9,0,0,0
15.142073531000278,1779567070.7146046,4173,34852,0,12582912,-40,0,0,0
15.142073531000278,1779567070.7146046,4173,34853,1,12582912,-32,0,0,0
15.142073531000278,1779567070.7146046,4173,34854,2,12582912,0,0,0,0
15.142073531000278,1779567070.7146046,4173,34855,3,12582912,13,0,0,0
15.142073531000278,1779567070.7146046,4173,34856,4,12582912,-6,0,0,0
15.142073531000278,1779567070.7146046,4173,34857,5,12582912,-27,0,0,0
15.142073531000278,1779567070.7146046,4173,34858,6,12582912,-19,0,0,0
15.142073531000278,1779567070.7146046,4173,34859,7,12582912,6,0,0,0
15.178244435999659,1779567070.7507758,4174,34860,0,12582912,14,0,0,0
15.178244435999659,1779567070.7507758,4174,34861,1,12582912,-6,0,0,0
15.178244435999659,1779567070.7507758,4174,34862,2,12582912,-28,0,0,0
15.178244435999659,1779567070.7507758,4174,34863,3,12582912,-24,0,0,0
15.178244435999659,1779567070.7507758,4174,34864,4,12582912,0,0,0,0
15.178244435999659,1779567070.7507758,4174,34865,5,12582912,13,0,0,0
15.178244435999659,1779567070.7507758,4174,34866,6,12582912,1,0,0,0
15.178244435999659,1779567070.7507758,4174,34867,7,12582912,-15,0,0,0
15.17855177400088,1779567070.7510812,4175,34868,0,12582912,-14,0,0,0
15.17855177400088,1779567070.7510812,4175,34869,1,12582912,1,0,0,0
15.17855177400088,1779567070.7510812,4175,34870,2,12582912,8,0,0,0
15.17855177400088,1779567070.7510812,4175,34871,3,12582912,1,0,0,0
15.17855177400088,1779567070.7510812,4175,34872,4,12582912,-8,0,0,0
15.17855177400088,1779567070.7510812,4175,34873,5,12582912,-5,0,0,0
15.17855177400088,1779567070.7510812,4175,34874,6,12582912,4,0,0,0
15.17855177400088,1779567070.7510812,4175,34875,7,12582912,9,0,0,0
15.221284589999414,1779567070.7938154,4176,34876,0,12582912,2,0,0,0
15.221284589999414,1779567070.7938154,4176,34877,1,12582912,-7,0,0,0
15.221284589999414,1779567070.7938154,4176,34878,2,12582912,-7,0,0,0
15.221284589999414,1779567070.7938154,4176,34879,3,12582912,0,0,0,0
15.221284589999414,1779567070.7938154,4176,34880,4,12582912,3,0,0,0
15.221284589999414,1779567070.7938154,4176,34881,5,12582912,-2,0,0,0
15.221284589999414,1779567070.7938154,4176,34882,6,12582912,-8,0,0,0
15.221284589999414,1779567070.7938154,4176,34883,7,12582912,-6,0,0,0
15.267878691000078,1779567070.8404098,4177,34884,0,12582912,1,0,0,0
15.267878691000078,1779567070.8404098,4177,34885,1,12582912,4,0,0,0
15.267878691000078,1779567070.8404098,4177,34886,2,12582912,-2,0,0,0
15.267878691000078,1779567070.8404098,4177,34887,3,12582912,-11,0,0,0
15.267878691000078,1779567070.8404098,4177,34888,4,12582912,-11,0,0,0
15.267878691000078,1779567070.8404098,4177,34889,5,12582912,-5,0,0,0
15.267878691000078,1779567070.8404098,4177,34890,6,12582912,-4,0,0,0
15.267878691000078,1779567070.8404098,4177,34891,7,12582912,-9,0,0,0
15.29460039300102,1779567070.86713,4178,34892,0,12582912,-12,0,0,0
15.29460039300102,1779567070.86713,4178,34893,1,12582912,-9,0,0,0
15.29460039300102,1779567070.86713,4178,34894,2,12582912,-4,0,0,0
15.29460039300102,1779567070.86713,4178,34895,3,12582912,-1,0,0,0
15.29460039300102,1779567070.86713,4178,34896,4,12582912,-3,0,0,0
15.29460039300102,1779567070.86713,4178,34897,5,12582912,-5,0,0,0
15.29460039300102,1779567070.86713,4178,34898,6,12582912,-3,0,0,0
15.29460039300102,1779567070.86713,4178,34899,7,12582912,1,0,0,0
15.315920160999667,1779567070.88845,4179,34900,0,12582912,3,0,0,0
15.315920160999667,1779567070.88845,4179,34901,1,12582912,1,0,0,0
15.315920160999667,1779567070.88845,4179,34902,2,12582912,-5,0,0,0
15.315920160999667,1779567070.88845,4179,34903,3,12582912,-8,0,0,0
15.315920160999667,1779567070.88845,4179,34904,4,12582912,-8,0,0,0
15.315920160999667,1779567070.88845,4179,34905,5,12582912,-9,0,0,0
15.315920160999667,1779567070.88845,4179,34906,6,12582912,-12,0,0,0
15.315920160999667,1779567070.88845,4179,34907,7,12582912,-17,0,0,0
15.347140322000996,1779567070.9196703,4180,34908,0,12582912,-21,0,0,0
15.347140322000996,1779567070.9196703,4180,34909,1,12582912,-20,0,0,0
15.347140322000996,1779567070.9196703,4180,34910,2,12582912,-15,0,0,0
15.347140322000996,1779567070.9196703,4180,34911,3,12582912,-10,0,0,0
15.347140322000996,1779567070.9196703,4180,34912,4,12582912,-11,0,0,0
15.347140322000996,1779567070.9196703,4180,34913,5,12582912,-14,0,0,0
15.347140322000996,1779567070.9196703,4180,34914,6,12582912,-14,0,0,0
15.347140322000996,1779567070.9196703,4180,34915,7,12582912,-11,0,0,0
15.36866946200098,1779567070.9411993,4181,34916,0,12582912,-10,0,0,0
15.36866946200098,1779567070.9411993,4181,34917,1,12582912,-13,0,0,0
15.36866946200098,1779567070.9411993,4181,34918,2,12582912,-14,0,0,0
15.36866946200098,1779567070.9411993,4181,34919,3,12582912,-13,0,0,0
15.36866946200098,1779567070.9411993,4181,34920,4,12582912,-11,0,0,0
15.36866946200098,1779567070.9411993,4181,34921,5,12582912,-11,0,0,0
15.36866946200098,1779567070.9411993,4181,34922,6,12582912,-11,0,0,0
15.36866946200098,1779567070.9411993,4181,34923,7,12582912,-10,0,0,0
15.418527878000532,1779567070.991058,4182,34924,0,12582912,-9,0,0,0
15.418527878000532,1779567070.991058,4182,34925,1,12582912,-8,0,0,0
15.418527878000532,1779567070.991058,4182,34926,2,12582912,-8,0,0,0
15.418527878000532,1779567070.991058,4182,34927,3,12582912,-8,0,0,0
15.418527878000532,1779567070.991058,4182,34928,4,12582912,-5,0,0,0
15.418527878000532,1779567070.991058,4182,34929,5,12582912,-3,0,0,0
15.418527878000532,1779567070.991058,4182,34930,6,12582912,-5,0,0,0
15.418527878000532,1779567070.991058,4182,34931,7,12582912,-10,0,0,0
15.440075194999736,1779567071.012606,4183,34932,0,12582912,-13,0,0,0
15.440075194999736,1779567071.012606,4183,34933,1,12582912,-13,0,0,0
15.440075194999736,1779567071.012606,4183,34934,2,12582912,-10,0,0,0
15.440075194999736,1779567071.012606,4183,34935,3,12582912,-8,0,0,0
15.440075194999736,1779567071.012606,4183,34936,4,12582912,-7,0,0,0
15.440075194999736,1779567071.012606,4183,34937,5,12582912,-5,0,0,0
15.440075194999736,1779567071.012606,4183,34938,6,12582912,-1,0,0,0
15.440075194999736,1779567071.012606,4183,34939,7,12582912,2,0,0,0
15.467429021000498,1779567071.03996,4184,34940,0,12582912,4,0,0,0
15.467429021000498,1779567071.03996,4184,34941,1,12582912,5,0,0,0
15.467429021000498,1779567071.03996,4184,34942,2,12582912,5,0,0,0
15.467429021000498,1779567071.03996,4184,34943,3,12582912,5,0,0,0
15.467429021000498,1779567071.03996,4184,34944,4,12582912,7,0,0,0
15.467429021000498,1779567071.03996,4184,34945,5,12582912,12,0,0,0
15.467429021000498,1779567071.03996,4184,34946,6,12582912,13,0,0,0
15.467429021000498,1779567071.03996,4184,34947,7,12582912,13,0,0,0
15.510345482000048,1779567071.0828767,4185,34948,0,12582912,13,0,0,0
15.510345482000048,1779567071.0828767,4185,34949,1,12582912,16,0,0,0
15.510345482000048,1779567071.0828767,4185,34950,2,12582912,19,0,0,0
15.510345482000048,1779567071.0828767,4185,34951,3,12582912,17,0,0,0
15.510345482000048,1779567071.0828767,4185,34952,4,12582912,11,0,0,0
15.510345482000048,1779567071.0828767,4185,34953,5,12582912,3,0,0,0
15.510345482000048,1779567071.0828767,4185,34954,6,12582912,-1,0,0,0
15.510345482000048,1779567071.0828767,4185,34955,7,12582912,-1,0,0,0
15.531970453999747,1779567071.1045015,4186,34956,0,12582912,1,0,0,0
15.531970453999747,1779567071.1045015,4186,34957,1,12582912,1,0,0,0
15.531970453999747,1779567071.1045015,4186,34958,2,12582912,1,0,0,0
15.531970453999747,1779567071.1045015,4186,34959,3,12582912,2,0,0,0
15.531970453999747,1779567071.1045015,4186,34960,4,12582912,3,0,0,0
15.531970453999747,1779567071.1045015,4186,34961,5,12582912,2,0,0,0
15.531970453999747,1779567071.1045015,4186,34962,6,12582912,0,0,0,0
15.531970453999747,1779567071.1045015,4186,34963,7,12582912,1,0,0,0
15.563435403000767,1779567071.1359663,4187,34964,0,12582912,0,0,0,0
15.563435403000767,1779567071.1359663,4187,34965,1,12582912,-2,0,0,0
15.563435403000767,1779567071.1359663,4187,34966,2,12582912,-4,0,0,0
15.563435403000767,1779567071.1359663,4187,34967,3,12582912,-5,0,0,0
15.563435403000767,1779567071.1359663,4187,34968,4,12582912,-4,0,0,0
15.563435403000767,1779567071.1359663,4187,34969,5,12582912,-1,0,0,0
15.563435403000767,1779567071.1359663,4187,34970,6,12582912,5,0,0,0
15.563435403000767,1779567071.1359663,4187,34971,7,12582912,11,0,0,0
15.606475820000924,1779567071.1790078,4188,34972,0,12582912,10,0,0,0
15.606475820000924,1779567071.1790078,4188,34973,1,12582912,6,0,0,0
15.606475820000924,1779567071.1790078,4188,34974,2,12582912,3,0,0,0
15.606475820000924,1779567071.1790078,4188,34975,3,12582912,2,0,0,0
15.606475820000924,1779567071.1790078,4188,34976,4,12582912,3,0,0,0
15.606475820000924,1779567071.1790078,4188,34977,5,12582912,6,0,0,0
15.606475820000924,1779567071.1790078,4188,34978,6,12582912,10,0,0,0
15.606475820000924,1779567071.1790078,4188,34979,7,12582912,11,0,0,0
15.701555863999602,1779567071.274087,4189,34980,0,12582912,10,0,0,0
15.701555863999602,1779567071.274087,4189,34981,1,12582912,6,0,0,0
15.701555863999602,1779567071.274087,4189,34982,2,12582912,2,0,0,0
15.701555863999602,1779567071.274087,4189,34983,3,12582912,-2,0,0,0
15.701555863999602,1779567071.274087,4189,34984,4,12582912,-4,0,0,0
15.701555863999602,1779567071.274087,4189,34985,5,12582912,-5,0,0,0
15.701555863999602,1779567071.274087,4189,34986,6,12582912,-5,0,0,0
15.701555863999602,1779567071.274087,4189,34987,7,12582912,-6,0,0,0
15.701961794000454,1779567071.2744913,4190,34988,0,12582912,-7,0,0,0
15.701961794000454,1779567071.2744913,4190,34989,1,12582912,-9,0,0,0
15.701961794000454,1779567071.2744913,4190,34990,2,12582912,-11,0,0,0
15.701961794000454,1779567071.2744913,4190,34991,3,12582912,-12,0,0,0
15.701961794000454,1779567071.2744913,4190,34992,4,12582912,-14,0,0,0
15.701961794000454,1779567071.2744913,4190,34993,5,12582912,-15,0,0,0
15.701961794000454,1779567071.2744913,4190,34994,6,12582912,-14,0,0,0
15.701961794000454,1779567071.2744913,4190,34995,7,12582912,-12,0,0,0
15.702250435000678,1779567071.2747798,4191,34996,0,12582912,-9,0,0,0
15.702250435000678,1779567071.2747798,4191,34997,1,12582912,-7,0,0,0
15.702250435000678,1779567071.2747798,4191,34998,2,12582912,-5,0,0,0
15.702250435000678,1779567071.2747798,4191,34999,3,12582912,-3,0,0,0
15.702250435000678,1779567071.2747798,4191,35000,4,12582912,-3,0,0,0
15.702250435000678,1779567071.2747798,4191,35001,5,12582912,7,0,0,0
15.702250435000678,1779567071.2747798,4191,35002,6,12582912,26,0,0,0
15.702250435000678,1779567071.2747798,4191,35003,7,12582912,19,0,0,0
15.736464657000397,1779567071.3089957,4192,35004,0,12582912,-15,0,0,0
15.736464657000397,1779567071.3089957,4192,35005,1,12582912,-35,0,0,0
15.736464657000397,1779567071.3089957,4192,35006,2,12582912,-17,0,0,0
15.736464657000397,1779567071.3089957,4192,35007,3,12582912,10,0,0,0
15.736464657000397,1779567071.3089957,4192,35008,4,12582912,6,0,0,0
15.736464657000397,1779567071.3089957,4192,35009,5,12582912,-23,0,0,0
15.736464657000397,1779567071.3089957,4192,35010,6,12582912,-41,0,0,0
15.736464657000397,1779567071.3089957,4192,35011,7,12582912,-28,0,0,0
15.777074179999545,1779567071.349605,4193,35012,0,12582912,-3,0,0,0
15.777074179999545,1779567071.349605,4193,35013,1,12582912,3,0,0,0
15.777074179999545,1779567071.349605,4193,35014,2,12582912,-17,0,0,0
15.777074179999545,1779567071.349605,4193,35015,3,12582912,-32,0,0,0
15.777074179999545,1779567071.349605,4193,35016,4,12582912,-22,0,0,0
15.777074179999545,1779567071.349605,4193,35017,5,12582912,0,0,0,0
15.777074179999545,1779567071.349605,4193,35018,6,12582912,6,0,0,0
15.777074179999545,1779567071.349605,4193,35019,7,12582912,-8,0,0,0
15.798741808001068,1779567071.3712726,4194,35020,0,12582912,-20,0,0,0
15.798741808001068,1779567071.3712726,4194,35021,1,12582912,-14,0,0,0
15.798741808001068,1779567071.3712726,4194,35022,2,12582912,1,0,0,0
15.798741808001068,1779567071.3712726,4194,35023,3,12582912,5,0,0,0
15.798741808001068,1779567071.3712726,4194,35024,4,12582912,-8,0,0,0
15.798741808001068,1779567071.3712726,4194,35025,5,12582912,-20,0,0,0
15.798741808001068,1779567071.3712726,4194,35026,6,12582912,-16,0,0,0
15.798741808001068,1779567071.3712726,4194,35027,7,12582912,-6,0,0,0
15.841434574000232,1779567071.4139655,4195,35028,0,12582912,-2,0,0,0
15.841434574000232,1779567071.4139655,4195,35029,1,12582912,-5,0,0,0
15.841434574000232,1779567071.4139655,4195,35030,2,12582912,-6,0,0,0
15.841434574000232,1779567071.4139655,4195,35031,3,12582912,1,0,0,0
15.841434574000232,1779567071.4139655,4195,35032,4,12582912,11,0,0,0
15.841434574000232,1779567071.4139655,4195,35033,5,12582912,12,0,0,0
15.841434574000232,1779567071.4139655,4195,35034,6,12582912,3,0,0,0
15.841434574000232,1779567071.4139655,4195,35035,7,12582912,-5,0,0,0
15.863158190000831,1779567071.435689,4196,35036,0,12582912,-1,0,0,0
15.863158190000831,1779567071.435689,4196,35037,1,12582912,9,0,0,0
15.863158190000831,1779567071.435689,4196,35038,2,12582912,12,0,0,0
15.863158190000831,1779567071.435689,4196,35039,3,12582912,10,0,0,0
15.863158190000831,1779567071.435689,4196,35040,4,12582912,7,0,0,0
15.863158190000831,1779567071.435689,4196,35041,5,12582912,7,0,0,0
15.863158190000831,1779567071.435689,4196,35042,6,12582912,10,0,0,0
15.863158190000831,1779567071.435689,4196,35043,7,12582912,9,0,0,0
15.905951163000282,1779567071.4784825,4197,35044,0,12582912,5,0,0,0
15.905951163000282,1779567071.4784825,4197,35045,1,12582912,2,0,0,0
15.905951163000282,1779567071.4784825,4197,35046,2,12582912,4,0,0,0
15.905951163000282,1779567071.4784825,4197,35047,3,12582912,9,0,0,0
15.905951163000282,1779567071.4784825,4197,35048,4,12582912,9,0,0,0
15.905951163000282,1779567071.4784825,4197,35049,5,12582912,5,0,0,0
15.905951163000282,1779567071.4784825,4197,35050,6,12582912,2,0,0,0
15.905951163000282,1779567071.4784825,4197,35051,7,12582912,4,0,0,0
15.940560847000597,1779567071.5130918,4198,35052,0,12582912,7,0,0,0
15.940560847000597,1779567071.5130918,4198,35053,1,12582912,5,0,0,0
15.940560847000597,1779567071.5130918,4198,35054,2,12582912,-3,0,0,0
15.940560847000597,1779567071.5130918,4198,35055,3,12582912,-9,0,0,0
15.940560847000597,1779567071.5130918,4198,35056,4,12582912,-12,0,0,0
15.940560847000597,1779567071.5130918,4198,35057,5,12582912,-12,0,0,0
15.940560847000597,1779567071.5130918,4198,35058,6,12582912,-14,0,0,0
15.940560847000597,1779567071.5130918,4198,35059,7,12582912,-16,0,0,0
15.985093945000699,1779567071.5576246,4199,35060,0,12582912,-16,0,0,0
15.985093945000699,1779567071.5576246,4199,35061,1,12582912,-16,0,0,0
15.985093945000699,1779567071.5576246,4199,35062,2,12582912,-14,0,0,0
15.985093945000699,1779567071.5576246,4199,35063,3,12582912,-11,0,0,0
15.985093945000699,1779567071.5576246,4199,35064,4,12582912,-10,0,0,0
15.985093945000699,1779567071.5576246,4199,35065,5,12582912,-12,0,0,0
15.985093945000699,1779567071.5576246,4199,35066,6,12582912,-12,0,0,0
15.985093945000699,1779567071.5576246,4199,35067,7,12582912,-10,0,0,0
15.98542409500078,1779567071.557954,4200,35068,0,12582912,-8,0,0,0
15.98542409500078,1779567071.557954,4200,35069,1,12582912,-7,0,0,0
15.98542409500078,1779567071.557954,4200,35070,2,12582912,-5,0,0,0
15.98542409500078,1779567071.557954,4200,35071,3,12582912,-4,0,0,0
15.98542409500078,1779567071.557954,4200,35072,4,12582912,-2,0,0,0
15.98542409500078,1779567071.557954,4200,35073,5,12582912,-1,0,0,0
15.98542409500078,1779567071.557954,4200,35074,6,12582912,-2,0,0,0
15.98542409500078,1779567071.557954,4200,35075,7,12582912,-4,0,0,0
16.028612841999347,1779567071.6011438,4201,35076,0,12582912,-6,0,0,0
16.028612841999347,1779567071.6011438,4201,35077,1,12582912,-5,0,0,0
16.028612841999347,1779567071.6011438,4201,35078,2,12582912,-5,0,0,0
16.028612841999347,1779567071.6011438,4201,35079,3,12582912,-5,0,0,0
16.028612841999347,1779567071.6011438,4201,35080,4,12582912,-6,0,0,0
16.028612841999347,1779567071.6011438,4201,35081,5,12582912,-8,0,0,0
16.028612841999347,1779567071.6011438,4201,35082,6,12582912,-7,0,0,0
16.028612841999347,1779567071.6011438,4201,35083,7,12582912,-6,0,0,0
16.074785910001083,1779567071.6473167,4202,35084,0,12582912,-7,0,0,0
16.074785910001083,1779567071.6473167,4202,35085,1,12582912,-11,0,0,0
16.074785910001083,1779567071.6473167,4202,35086,2,12582912,-13,0,0,0
16.074785910001083,1779567071.6473167,4202,35087,3,12582912,-13,0,0,0
16.074785910001083,1779567071.6473167,4202,35088,4,12582912,-11,0,0,0
16.074785910001083,1779567071.6473167,4202,35089,5,12582912,-9,0,0,0
16.074785910001083,1779567071.6473167,4202,35090,6,12582912,-8,0,0,0
16.074785910001083,1779567071.6473167,4202,35091,7,12582912,-10,0,0,0
16.096517858999505,1779567071.6690512,4203,35092,0,12582912,-9,0,0,0
16.096517858999505,1779567071.6690512,4203,35093,1,12582912,-6,0,0,0
16.096517858999505,1779567071.6690512,4203,35094,2,12582912,-3,0,0,0
16.096517858999505,1779567071.6690512,4203,35095,3,12582912,-2,0,0,0
16.096517858999505,1779567071.6690512,4203,35096,4,12582912,-2,0,0,0
16.096517858999505,1779567071.6690512,4203,35097,5,12582912,-1,0,0,0
16.096517858999505,1779567071.6690512,4203,35098,6,12582912,0,0,0,0
16.096517858999505,1779567071.6690512,4203,35099,7,12582912,2,0,0,0
16.118049186999997,1779567071.69058,4204,35100,0,12582912,3,0,0,0
16.118049186999997,1779567071.69058,4204,35101,1,12582912,3,0,0,0
16.118049186999997,1779567071.69058,4204,35102,2,12582912,3,0,0,0
16.118049186999997,1779567071.69058,4204,35103,3,12582912,4,0,0,0
16.118049186999997,1779567071.69058,4204,35104,4,12582912,6,0,0,0
16.118049186999997,1779567071.69058,4204,35105,5,12582912,6,0,0,0
16.118049186999997,1779567071.69058,4204,35106,6,12582912,6,0,0,0
16.118049186999997,1779567071.69058,4204,35107,7,12582912,6,0,0,0
16.160766431999946,1779567071.7332973,4205,35108,0,12582912,5,0,0,0
16.160766431999946,1779567071.7332973,4205,35109,1,12582912,4,0,0,0
16.160766431999946,1779567071.7332973,4205,35110,2,12582912,4,0,0,0
16.160766431999946,1779567071.7332973,4205,35111,3,12582912,3,0,0,0
16.160766431999946,1779567071.7332973,4205,35112,4,12582912,2,0,0,0
16.160766431999946,1779567071.7332973,4205,35113,5,12582912,-2,0,0,0
16.160766431999946,1779567071.7332973,4205,35114,6,12582912,-5,0,0,0
16.160766431999946,1779567071.7332973,4205,35115,7,12582912,-5,0,0,0
16.211037551000118,1779567071.783568,4206,35116,0,12582912,-2,0,0,0
16.211037551000118,1779567071.783568,4206,35117,1,12582912,-1,0,0,0
16.211037551000118,1779567071.783568,4206,35118,2,12582912,-1,0,0,0
16.211037551000118,1779567071.783568,4206,35119,3,12582912,-2,0,0,0
16.211037551000118,1779567071.783568,4206,35120,4,12582912,-3,0,0,0
16.211037551000118,1779567071.783568,4206,35121,5,12582912,-5,0,0,0
16.211037551000118,1779567071.783568,4206,35122,6,12582912,-4,0,0,0
16.211037551000118,1779567071.783568,4206,35123,7,12582912,-3,0,0,0
16.211233797001114,1779567071.7837627,4207,35124,0,12582912,-4,0,0,0
16.211233797001114,1779567071.7837627,4207,35125,1,12582912,-4,0,0,0
16.211233797001114,1779567071.7837627,4207,35126,2,12582912,-3,0,0,0
16.211233797001114,1779567071.7837627,4207,35127,3,12582912,0,0,0,0
16.211233797001114,1779567071.7837627,4207,35128,4,12582912,3,0,0,0
16.211233797001114,1779567071.7837627,4207,35129,5,12582912,3,0,0,0
16.211233797001114,1779567071.7837627,4207,35130,6,12582912,3,0,0,0
16.211233797001114,1779567071.7837627,4207,35131,7,12582912,3,0,0,0
16.25348391499938,1779567071.8260138,4208,35132,0,12582912,3,0,0,0
16.25348391499938,1779567071.8260138,4208,35133,1,12582912,4,0,0,0
16.25348391499938,1779567071.8260138,4208,35134,2,12582912,6,0,0,0
16.25348391499938,1779567071.8260138,4208,35135,3,12582912,7,0,0,0
16.25348391499938,1779567071.8260138,4208,35136,4,12582912,5,0,0,0
16.25348391499938,1779567071.8260138,4208,35137,5,12582912,4,0,0,0
16.25348391499938,1779567071.8260138,4208,35138,6,12582912,5,0,0,0
16.25348391499938,1779567071.8260138,4208,35139,7,12582912,8,0,0,0
16.27467139500004,1779567071.8472013,4209,35140,0,12582912,9,0,0,0
16.27467139500004,1779567071.8472013,4209,35141,1,12582912,10,0,0,0
16.27467139500004,1779567071.8472013,4209,35142,2,12582912,10,0,0,0
16.27467139500004,1779567071.8472013,4209,35143,3,12582912,9,0,0,0
16.27467139500004,1779567071.8472013,4209,35144,4,12582912,8,0,0,0
16.27467139500004,1779567071.8472013,4209,35145,5,12582912,6,0,0,0
16.27467139500004,1779567071.8472013,4209,35146,6,12582912,4,0,0,0
16.27467139500004,1779567071.8472013,4209,35147,7,12582912,4,0,0,0
16.317635563000294,1779567071.8901663,4210,35148,0,12582912,6,0,0,0
16.317635563000294,1779567071.8901663,4210,35149,1,12582912,8,0,0,0
16.317635563000294,1779567071.8901663,4210,35150,2,12582912,8,0,0,0
16.317635563000294,1779567071.8901663,4210,35151,3,12582912,5,0,0,0
16.317635563000294,1779567071.8901663,4210,35152,4,12582912,2,0,0,0
16.317635563000294,1779567071.8901663,4210,35153,5,12582912,1,0,0,0
16.317635563000294,1779567071.8901663,4210,35154,6,12582912,0,0,0,0
16.317635563000294,1779567071.8901663,4210,35155,7,12582912,-2,0,0,0
16.338848302999395,1779567071.911378,4211,35156,0,12582912,-4,0,0,0
16.338848302999395,1779567071.911378,4211,35157,1,12582912,-6,0,0,0
16.338848302999395,1779567071.911378,4211,35158,2,12582912,-3,0,0,0
16.338848302999395,1779567071.911378,4211,35159,3,12582912,2,0,0,0
16.338848302999395,1779567071.911378,4211,35160,4,12582912,4,0,0,0
16.338848302999395,1779567071.911378,4211,35161,5,12582912,4,0,0,0
16.338848302999395,1779567071.911378,4211,35162,6,12582912,4,0,0,0
16.338848302999395,1779567071.911378,4211,35163,7,12582912,5,0,0,0
16.38139398900057,1779567071.9539247,4212,35164,0,12582912,6,0,0,0
16.38139398900057,1779567071.9539247,4212,35165,1,12582912,5,0,0,0
16.38139398900057,1779567071.9539247,4212,35166,2,12582912,7,0,0,0
16.38139398900057,1779567071.9539247,4212,35167,3,12582912,9,0,0,0
16.38139398900057,1779567071.9539247,4212,35168,4,12582912,11,0,0,0
16.38139398900057,1779567071.9539247,4212,35169,5,12582912,11,0,0,0
16.38139398900057,1779567071.9539247,4212,35170,6,12582912,9,0,0,0
16.38139398900057,1779567071.9539247,4212,35171,7,12582912,6,0,0,0
16.417405262000102,1779567071.9899366,4213,35172,0,12582912,2,0,0,0
16.417405262000102,1779567071.9899366,4213,35173,1,12582912,1,0,0,0
16.417405262000102,1779567071.9899366,4213,35174,2,12582912,2,0,0,0
16.417405262000102,1779567071.9899366,4213,35175,3,12582912,5,0,0,0
16.417405262000102,1779567071.9899366,4213,35176,4,12582912,9,0,0,0
16.417405262000102,1779567071.9899366,4213,35177,5,12582912,12,0,0,0
16.417405262000102,1779567071.9899366,4213,35178,6,12582912,11,0,0,0
16.417405262000102,1779567071.9899366,4213,35179,7,12582912,10,0,0,0
16.4879744509999,1779567072.0605044,4214,35180,0,12582912,8,0,0,0
16.4879744509999,1779567072.0605044,4214,35181,1,12582912,4,0,0,0
16.4879744509999,1779567072.0605044,4214,35182,2,12582912,0,0,0,0
16.4879744509999,1779567072.0605044,4214,35183,3,12582912,-3,0,0,0
16.4879744509999,1779567072.0605044,4214,35184,4,12582912,-5,0,0,0
16.4879744509999,1779567072.0605044,4214,35185,5,12582912,-5,0,0,0
16.4879744509999,1779567072.0605044,4214,35186,6,12582912,-5,0,0,0
16.4879744509999,1779567072.0605044,4214,35187,7,12582912,-3,0,0,0
16.49477859900071,1779567072.0673103,4215,35188,0,12582912,0,0,0,0
16.49477859900071,1779567072.0673103,4215,35189,1,12582912,2,0,0,0
16.49477859900071,1779567072.0673103,4215,35190,2,12582912,1,0,0,0
16.49477859900071,1779567072.0673103,4215,35191,3,12582912,0,0,0,0
16.49477859900071,1779567072.0673103,4215,35192,4,12582912,-1,0,0,0
16.49477859900071,1779567072.0673103,4215,35193,5,12582912,-2,0,0,0
16.49477859900071,1779567072.0673103,4215,35194,6,12582912,0,0,0,0
16.49477859900071,1779567072.0673103,4215,35195,7,12582912,2,0,0,0
16.51644534099978,1779567072.0889761,4216,35196,0,12582912,0,0,0,0
16.51644534099978,1779567072.0889761,4216,35197,1,12582912,-3,0,0,0
16.51644534099978,1779567072.0889761,4216,35198,2,12582912,-3,0,0,0
16.51644534099978,1779567072.0889761,4216,35199,3,12582912,1,0,0,0
16.51644534099978,1779567072.0889761,4216,35200,4,12582912,4,0,0,0
16.51644534099978,1779567072.0889761,4216,35201,5,12582912,6,0,0,0
16.51644534099978,1779567072.0889761,4216,35202,6,12582912,8,0,0,0
16.51644534099978,1779567072.0889761,4216,35203,7,12582912,9,0,0,0
16.538131563000206,1779567072.1106625,4217,35204,0,12582912,7,0,0,0
16.538131563000206,1779567072.1106625,4217,35205,1,12582912,3,0,0,0
16.538131563000206,1779567072.1106625,4217,35206,2,12582912,0,0,0,0
16.538131563000206,1779567072.1106625,4217,35207,3,12582912,-1,0,0,0
16.538131563000206,1779567072.1106625,4217,35208,4,12582912,1,0,0,0
16.538131563000206,1779567072.1106625,4217,35209,5,12582912,1,0,0,0
16.538131563000206,1779567072.1106625,4217,35210,6,12582912,2,0,0,0
16.538131563000206,1779567072.1106625,4217,35211,7,12582912,3,0,0,0
16.559991895001076,1779567072.1325228,4218,35212,0,12582912,5,0,0,0
16.559991895001076,1779567072.1325228,4218,35213,1,12582912,4,0,0,0
16.559991895001076,1779567072.1325228,4218,35214,2,12582912,3,0,0,0
16.559991895001076,1779567072.1325228,4218,35215,3,12582912,1,0,0,0
16.559991895001076,1779567072.1325228,4218,35216,4,12582912,-1,0,0,0
16.559991895001076,1779567072.1325228,4218,35217,5,12582912,-2,0,0,0
16.559991895001076,1779567072.1325228,4218,35218,6,12582912,-1,0,0,0
16.559991895001076,1779567072.1325228,4218,35219,7,12582912,2,0,0,0
16.602736954000648,1779567072.1752677,4219,35220,0,12582912,3,0,0,0
16.602736954000648,1779567072.1752677,4219,35221,1,12582912,0,0,0,0
16.602736954000648,1779567072.1752677,4219,35222,2,12582912,-5,0,0,0
16.602736954000648,1779567072.1752677,4219,35223,3,12582912,-6,0,0,0
16.602736954000648,1779567072.1752677,4219,35224,4,12582912,-3,0,0,0
16.602736954000648,1779567072.1752677,4219,35225,5,12582912,-1,0,0,0
16.602736954000648,1779567072.1752677,4219,35226,6,12582912,1,0,0,0
16.602736954000648,1779567072.1752677,4219,35227,7,12582912,2,0,0,0
16.63910275300077,1779567072.2116337,4220,35228,0,12582912,3,0,0,0
16.63910275300077,1779567072.2116337,4220,35229,1,12582912,4,0,0,0
16.63910275300077,1779567072.2116337,4220,35230,2,12582912,5,0,0,0
16.63910275300077,1779567072.2116337,4220,35231,3,12582912,6,0,0,0
16.63910275300077,1779567072.2116337,4220,35232,4,12582912,5,0,0,0
16.63910275300077,1779567072.2116337,4220,35233,5,12582912,4,0,0,0
16.63910275300077,1779567072.2116337,4220,35234,6,12582912,3,0,0,0
16.63910275300077,1779567072.2116337,4220,35235,7,12582912,4,0,0,0
16.71465773700038,1779567072.2871888,4221,35236,0,12582912,4,0,0,0
16.71465773700038,1779567072.2871888,4221,35237,1,12582912,5,0,0,0
16.71465773700038,1779567072.2871888,4221,35238,2,12582912,5,0,0,0
16.71465773700038,1779567072.2871888,4221,35239,3,12582912,5,0,0,0
16.71465773700038,1779567072.2871888,4221,35240,4,12582912,4,0,0,0
16.71465773700038,1779567072.2871888,4221,35241,5,12582912,1,0,0,0
16.71465773700038,1779567072.2871888,4221,35242,6,12582912,2,0,0,0
16.71465773700038,1779567072.2871888,4221,35243,7,12582912,4,0,0,0
16.714969659000417,1779567072.287499,4222,35244,0,12582912,7,0,0,0
16.714969659000417,1779567072.287499,4222,35245,1,12582912,10,0,0,0
16.714969659000417,1779567072.287499,4222,35246,2,12582912,12,0,0,0
16.714969659000417,1779567072.287499,4222,35247,3,12582912,13,0,0,0
16.714969659000417,1779567072.287499,4222,35248,4,12582912,13,0,0,0
16.714969659000417,1779567072.287499,4222,35249,5,12582912,13,0,0,0
16.714969659000417,1779567072.287499,4222,35250,6,12582912,13,0,0,0
16.714969659000417,1779567072.287499,4222,35251,7,12582912,13,0,0,0
16.752098205000948,1779567072.3246293,4223,35252,0,12582912,14,0,0,0
16.752098205000948,1779567072.3246293,4223,35253,1,12582912,14,0,0,0
16.752098205000948,1779567072.3246293,4223,35254,2,12582912,14,0,0,0
16.752098205000948,1779567072.3246293,4223,35255,3,12582912,13,0,0,0
16.752098205000948,1779567072.3246293,4223,35256,4,12582912,10,0,0,0
16.752098205000948,1779567072.3246293,4223,35257,5,12582912,8,0,0,0
16.752098205000948,1779567072.3246293,4223,35258,6,12582912,7,0,0,0
16.752098205000948,1779567072.3246293,4223,35259,7,12582912,6,0,0,0
16.752437053000904,1779567072.3249667,4224,35260,0,12582912,6,0,0,0
16.752437053000904,1779567072.3249667,4224,35261,1,12582912,4,0,0,0
16.752437053000904,1779567072.3249667,4224,35262,2,12582912,3,0,0,0
16.752437053000904,1779567072.3249667,4224,35263,3,12582912,2,0,0,0
16.752437053000904,1779567072.3249667,4224,35264,4,12582912,2,0,0,0
16.752437053000904,1779567072.3249667,4224,35265,5,12582912,1,0,0,0
16.752437053000904,1779567072.3249667,4224,35266,6,12582912,-3,0,0,0
16.752437053000904,1779567072.3249667,4224,35267,7,12582912,-2,0,0,0
16.795290911000848,1779567072.3678224,4225,35268,0,12582912,3,0,0,0
16.795290911000848,1779567072.3678224,4225,35269,1,12582912,5,0,0,0
16.795290911000848,1779567072.3678224,4225,35270,2,12582912,5,0,0,0
16.795290911000848,1779567072.3678224,4225,35271,3,12582912,4,0,0,0
16.795290911000848,1779567072.3678224,4225,35272,4,12582912,4,0,0,0
16.795290911000848,1779567072.3678224,4225,35273,5,12582912,4,0,0,0
16.795290911000848,1779567072.3678224,4225,35274,6,12582912,3,0,0,0
16.795290911000848,1779567072.3678224,4225,35275,7,12582912,3,0,0,0
16.81692223800019,1779567072.3894534,4226,35276,0,12582912,4,0,0,0
16.81692223800019,1779567072.3894534,4226,35277,1,12582912,7,0,0,0
16.81692223800019,1779567072.3894534,4226,35278,2,12582912,12,0,0,0
16.81692223800019,1779567072.3894534,4226,35279,3,12582912,17,0,0,0
16.81692223800019,1779567072.3894534,4226,35280,4,12582912,22,0,0,0
16.81692223800019,1779567072.3894534,4226,35281,5,12582912,22,0,0,0
16.81692223800019,1779567072.3894534,4226,35282,6,12582912,21,0,0,0
16.81692223800019,1779567072.3894534,4226,35283,7,12582912,18,0,0,0
16.87921178599936,1779567072.4517426,4227,35284,0,12582912,15,0,0,0
16.87921178599936,1779567072.4517426,4227,35285,1,12582912,12,0,0,0
16.87921178599936,1779567072.4517426,4227,35286,2,12582912,11,0,0,0
16.87921178599936,1779567072.4517426,4227,35287,3,12582912,10,0,0,0
16.87921178599936,1779567072.4517426,4227,35288,4,12582912,8,0,0,0
16.87921178599936,1779567072.4517426,4227,35289,5,12582912,5,0,0,0
16.87921178599936,1779567072.4517426,4227,35290,6,12582912,4,0,0,0
16.87921178599936,1779567072.4517426,4227,35291,7,12582912,4,0,0,0
16.900612179000746,1779567072.4731436,4228,35292,0,12582912,4,0,0,0
16.900612179000746,1779567072.4731436,4228,35293,1,12582912,3,0,0,0
16.900612179000746,1779567072.4731436,4228,35294,2,12582912,5,0,0,0
16.900612179000746,1779567072.4731436,4228,35295,3,12582912,6,0,0,0
16.900612179000746,1779567072.4731436,4228,35296,4,12582912,3,0,0,0
16.900612179000746,1779567072.4731436,4228,35297,5,12582912,-3,0,0,0
16.900612179000746,1779567072.4731436,4228,35298,6,12582912,-4,0,0,0
16.900612179000746,1779567072.4731436,4228,35299,7,12582912,-4,0,0,0
16.92236324300029,1779567072.4948943,4229,35300,0,12582912,-5,0,0,0
16.92236324300029,1779567072.4948943,4229,35301,1,12582912,-7,0,0,0
16.92236324300029,1779567072.4948943,4229,35302,2,12582912,-8,0,0,0
16.92236324300029,1779567072.4948943,4229,35303,3,12582912,-7,0,0,0
16.92236324300029,1779567072.4948943,4229,35304,4,12582912,-3,0,0,0
16.92236324300029,1779567072.4948943,4229,35305,5,12582912,0,0,0,0
16.92236324300029,1779567072.4948943,4229,35306,6,12582912,4,0,0,0
16.92236324300029,1779567072.4948943,4229,35307,7,12582912,8,0,0,0
16.95728255799986,1779567072.5298135,4230,35308,0,12582912,13,0,0,0
16.95728255799986,1779567072.5298135,4230,35309,1,12582912,18,0,0,0
16.95728255799986,1779567072.5298135,4230,35310,2,12582912,19,0,0,0
16.95728255799986,1779567072.5298135,4230,35311,3,12582912,18,0,0,0
16.95728255799986,1779567072.5298135,4230,35312,4,12582912,16,0,0,0
16.95728255799986,1779567072.5298135,4230,35313,5,12582912,17,0,0,0
16.95728255799986,1779567072.5298135,4230,35314,6,12582912,17,0,0,0
16.95728255799986,1779567072.5298135,4230,35315,7,12582912,16,0,0,0
16.978896593000172,1779567072.5514274,4231,35316,0,12582912,15,0,0,0
16.978896593000172,1779567072.5514274,4231,35317,1,12582912,15,0,0,0
16.978896593000172,1779567072.5514274,4231,35318,2,12582912,15,0,0,0
16.978896593000172,1779567072.5514274,4231,35319,3,12582912,15,0,0,0
16.978896593000172,1779567072.5514274,4231,35320,4,12582912,13,0,0,0
16.978896593000172,1779567072.5514274,4231,35321,5,12582912,13,0,0,0
16.978896593000172,1779567072.5514274,4231,35322,6,12582912,14,0,0,0
16.978896593000172,1779567072.5514274,4231,35323,7,12582912,14,0,0,0
17.02853256799972,1779567072.6010635,4232,35324,0,12582912,13,0,0,0
17.02853256799972,1779567072.6010635,4232,35325,1,12582912,14,0,0,0
17.02853256799972,1779567072.6010635,4232,35326,2,12582912,14,0,0,0
17.02853256799972,1779567072.6010635,4232,35327,3,12582912,13,0,0,0
17.02853256799972,1779567072.6010635,4232,35328,4,12582912,12,0,0,0
17.02853256799972,1779567072.6010635,4232,35329,5,12582912,14,0,0,0
17.02853256799972,1779567072.6010635,4232,35330,6,12582912,17,0,0,0
17.02853256799972,1779567072.6010635,4232,35331,7,12582912,16,0,0,0
17.066300581000178,1779567072.6388311,4233,35332,0,12582912,12,0,0,0
17.066300581000178,1779567072.6388311,4233,35333,1,12582912,10,0,0,0
17.066300581000178,1779567072.6388311,4233,35334,2,12582912,10,0,0,0
17.066300581000178,1779567072.6388311,4233,35335,3,12582912,10,0,0,0
17.066300581000178,1779567072.6388311,4233,35336,4,12582912,10,0,0,0
17.066300581000178,1779567072.6388311,4233,35337,5,12582912,9,0,0,0
17.066300581000178,1779567072.6388311,4233,35338,6,12582912,7,0,0,0
17.066300581000178,1779567072.6388311,4233,35339,7,12582912,5,0,0,0
17.087915033000172,1779567072.6604462,4234,35340,0,12582912,4,0,0,0
17.087915033000172,1779567072.6604462,4234,35341,1,12582912,3,0,0,0
17.087915033000172,1779567072.6604462,4234,35342,2,12582912,2,0,0,0
17.087915033000172,1779567072.6604462,4234,35343,3,12582912,3,0,0,0
17.087915033000172,1779567072.6604462,4234,35344,4,12582912,5,0,0,0
17.087915033000172,1779567072.6604462,4234,35345,5,12582912,6,0,0,0
17.087915033000172,1779567072.6604462,4234,35346,6,12582912,7,0,0,0
17.087915033000172,1779567072.6604462,4234,35347,7,12582912,7,0,0,0
17.109561671999472,1779567072.6820924,4235,35348,0,12582912,6,0,0,0
17.109561671999472,1779567072.6820924,4235,35349,1,12582912,5,0,0,0
17.109561671999472,1779567072.6820924,4235,35350,2,12582912,2,0,0,0
17.109561671999472,1779567072.6820924,4235,35351,3,12582912,-2,0,0,0
17.109561671999472,1779567072.6820924,4235,35352,4,12582912,-1,0,0,0
17.109561671999472,1779567072.6820924,4235,35353,5,12582912,2,0,0,0
17.109561671999472,1779567072.6820924,4235,35354,6,12582912,4,0,0,0
17.109561671999472,1779567072.6820924,4235,35355,7,12582912,4,0,0,0
17.152378917000533,1779567072.7249098,4236,35356,0,12582912,3,0,0,0
17.152378917000533,1779567072.7249098,4236,35357,1,12582912,3,0,0,0
17.152378917000533,1779567072.7249098,4236,35358,2,12582912,3,0,0,0
17.152378917000533,1779567072.7249098,4236,35359,3,12582912,4,0,0,0
17.152378917000533,1779567072.7249098,4236,35360,4,12582912,6,0,0,0
17.152378917000533,1779567072.7249098,4236,35361,5,12582912,9,0,0,0
17.152378917000533,1779567072.7249098,4236,35362,6,12582912,14,0,0,0
17.152378917000533,1779567072.7249098,4236,35363,7,12582912,20,0,0,0
17.174054409000746,1779567072.7465854,4237,35364,0,12582912,19,0,0,0
17.174054409000746,1779567072.7465854,4237,35365,1,12582912,13,0,0,0
17.174054409000746,1779567072.7465854,4237,35366,2,12582912,7,0,0,0
17.174054409000746,1779567072.7465854,4237,35367,3,12582912,3,0,0,0
17.174054409000746,1779567072.7465854,4237,35368,4,12582912,0,0,0,0
17.174054409000746,1779567072.7465854,4237,35369,5,12582912,0,0,0,0
17.174054409000746,1779567072.7465854,4237,35370,6,12582912,2,0,0,0
17.174054409000746,1779567072.7465854,4237,35371,7,12582912,5,0,0,0
17.209022630000618,1779567072.7815537,4238,35372,0,12582912,6,0,0,0
17.209022630000618,1779567072.7815537,4238,35373,1,12582912,5,0,0,0
17.209022630000618,1779567072.7815537,4238,35374,2,12582912,5,0,0,0
17.209022630000618,1779567072.7815537,4238,35375,3,12582912,5,0,0,0
17.209022630000618,1779567072.7815537,4238,35376,4,12582912,4,0,0,0
17.209022630000618,1779567072.7815537,4238,35377,5,12582912,2,0,0,0
17.209022630000618,1779567072.7815537,4238,35378,6,12582912,0,0,0,0
17.209022630000618,1779567072.7815537,4238,35379,7,12582912,2,0,0,0
17.230885930999648,1779567072.8034165,4239,35380,0,12582912,3,0,0,0
17.230885930999648,1779567072.8034165,4239,35381,1,12582912,1,0,0,0
17.230885930999648,1779567072.8034165,4239,35382,2,12582912,-2,0,0,0
17.230885930999648,1779567072.8034165,4239,35383,3,12582912,-4,0,0,0
17.230885930999648,1779567072.8034165,4239,35384,4,12582912,-3,0,0,0
17.230885930999648,1779567072.8034165,4239,35385,5,12582912,0,0,0,0
17.230885930999648,1779567072.8034165,4239,35386,6,12582912,2,0,0,0
17.230885930999648,1779567072.8034165,4239,35387,7,12582912,2,0,0,0
17.31976291399951,1779567072.892294,4240,35388,0,12582912,1,0,0,0
17.31976291399951,1779567072.892294,4240,35389,1,12582912,1,0,0,0
17.31976291399951,1779567072.892294,4240,35390,2,12582912,3,0,0,0
17.31976291399951,1779567072.892294,4240,35391,3,12582912,6,0,0,0
17.31976291399951,1779567072.892294,4240,35392,4,12582912,7,0,0,0
17.31976291399951,1779567072.892294,4240,35393,5,12582912,7,0,0,0
17.31976291399951,1779567072.892294,4240,35394,6,12582912,8,0,0,0
17.31976291399951,1779567072.892294,4240,35395,7,12582912,9,0,0,0
17.32007436599997,1779567072.8926036,4241,35396,0,12582912,7,0,0,0
17.32007436599997,1779567072.8926036,4241,35397,1,12582912,4,0,0,0
17.32007436599997,1779567072.8926036,4241,35398,2,12582912,3,0,0,0
17.32007436599997,1779567072.8926036,4241,35399,3,12582912,3,0,0,0
17.32007436599997,1779567072.8926036,4241,35400,4,12582912,3,0,0,0
17.32007436599997,1779567072.8926036,4241,35401,5,12582912,3,0,0,0
17.32007436599997,1779567072.8926036,4241,35402,6,12582912,5,0,0,0
17.32007436599997,1779567072.8926036,4241,35403,7,12582912,8,0,0,0
17.341710380000222,1779567072.9142413,4242,35404,0,12582912,12,0,0,0
17.341710380000222,1779567072.9142413,4242,35405,1,12582912,16,0,0,0
17.341710380000222,1779567072.9142413,4242,35406,2,12582912,17,0,0,0
17.341710380000222,1779567072.9142413,4242,35407,3,12582912,17,0,0,0
17.341710380000222,1779567072.9142413,4242,35408,4,12582912,18,0,0,0
17.341710380000222,1779567072.9142413,4242,35409,5,12582912,20,0,0,0
17.341710380000222,1779567072.9142413,4242,35410,6,12582912,21,0,0,0
17.341710380000222,1779567072.9142413,4242,35411,7,12582912,22,0,0,0
17.36341238299974,1779567072.9359434,4243,35412,0,12582912,23,0,0,0
17.36341238299974,1779567072.9359434,4243,35413,1,12582912,23,0,0,0
17.36341238299974,1779567072.9359434,4243,35414,2,12582912,21,0,0,0
17.36341238299974,1779567072.9359434,4243,35415,3,12582912,18,0,0,0
17.36341238299974,1779567072.9359434,4243,35416,4,12582912,16,0,0,0
17.36341238299974,1779567072.9359434,4243,35417,5,12582912,16,0,0,0
17.36341238299974,1779567072.9359434,4243,35418,6,12582912,16,0,0,0
17.36341238299974,1779567072.9359434,4243,35419,7,12582912,15,0,0,0
17.406145045999438,1779567072.9786763,4244,35420,0,12582912,13,0,0,0
17.406145045999438,1779567072.9786763,4244,35421,1,12582912,7,0,0,0
17.406145045999438,1779567072.9786763,4244,35422,2,12582912,2,0,0,0
17.406145045999438,1779567072.9786763,4244,35423,3,12582912,1,0,0,0
17.406145045999438,1779567072.9786763,4244,35424,4,12582912,2,0,0,0
17.406145045999438,1779567072.9786763,4244,35425,5,12582912,1,0,0,0
17.406145045999438,1779567072.9786763,4244,35426,6,12582912,-2,0,0,0
17.406145045999438,1779567072.9786763,4244,35427,7,12582912,-4,0,0,0
17.42776454900013,1779567073.0002956,4245,35428,0,12582912,-7,0,0,0
17.42776454900013,1779567073.0002956,4245,35429,1,12582912,-12,0,0,0
17.42776454900013,1779567073.0002956,4245,35430,2,12582912,-16,0,0,0
17.42776454900013,1779567073.0002956,4245,35431,3,12582912,-18,0,0,0
17.42776454900013,1779567073.0002956,4245,35432,4,12582912,-19,0,0,0
17.42776454900013,1779567073.0002956,4245,35433,5,12582912,-18,0,0,0
17.42776454900013,1779567073.0002956,4245,35434,6,12582912,-13,0,0,0
17.42776454900013,1779567073.0002956,4245,35435,7,12582912,-9,0,0,0
17.478376184999433,1779567073.050907,4246,35436,0,12582912,-7,0,0,0
17.478376184999433,1779567073.050907,4246,35437,1,12582912,-5,0,0,0
17.478376184999433,1779567073.050907,4246,35438,2,12582912,-3,0,0,0
17.478376184999433,1779567073.050907,4246,35439,3,12582912,-1,0,0,0
17.478376184999433,1779567073.050907,4246,35440,4,12582912,0,0,0,0
17.478376184999433,1779567073.050907,4246,35441,5,12582912,-1,0,0,0
17.478376184999433,1779567073.050907,4246,35442,6,12582912,-3,0,0,0
17.478376184999433,1779567073.050907,4246,35443,7,12582912,-3,0,0,0
17.500049751000915,1779567073.0725806,4247,35444,0,12582912,-3,0,0,0
17.500049751000915,1779567073.0725806,4247,35445,1,12582912,-3,0,0,0
17.500049751000915,1779567073.0725806,4247,35446,2,12582912,-4,0,0,0
17.500049751000915,1779567073.0725806,4247,35447,3,12582912,-3,0,0,0
17.500049751000915,1779567073.0725806,4247,35448,4,12582912,-3,0,0,0
17.500049751000915,1779567073.0725806,4247,35449,5,12582912,-6,0,0,0
17.500049751000915,1779567073.0725806,4247,35450,6,12582912,-10,0,0,0
17.500049751000915,1779567073.0725806,4247,35451,7,12582912,-11,0,0,0
17.521693890999813,1779567073.094225,4248,35452,0,12582912,-10,0,0,0
17.521693890999813,1779567073.094225,4248,35453,1,12582912,-8,0,0,0
17.521693890999813,1779567073.094225,4248,35454,2,12582912,-6,0,0,0
17.521693890999813,1779567073.094225,4248,35455,3,12582912,-7,0,0,0
17.521693890999813,1779567073.094225,4248,35456,4,12582912,-9,0,0,0
17.521693890999813,1779567073.094225,4248,35457,5,12582912,-11,0,0,0
17.521693890999813,1779567073.094225,4248,35458,6,12582912,-13,0,0,0
17.521693890999813,1779567073.094225,4248,35459,7,12582912,-13,0,0,0
17.55043404800017,1779567073.1229653,4249,35460,0,12582912,-12,0,0,0
17.55043404800017,1779567073.1229653,4249,35461,1,12582912,-11,0,0,0
17.55043404800017,1779567073.1229653,4249,35462,2,12582912,-11,0,0,0
17.55043404800017,1779567073.1229653,4249,35463,3,12582912,-10,0,0,0
17.55043404800017,1779567073.1229653,4249,35464,4,12582912,-8,0,0,0
17.55043404800017,1779567073.1229653,4249,35465,5,12582912,-5,0,0,0
17.55043404800017,1779567073.1229653,4249,35466,6,12582912,-4,0,0,0
17.55043404800017,1779567073.1229653,4249,35467,7,12582912,-5,0,0,0
17.593153014000563,1779567073.1656842,4250,35468,0,12582912,-6,0,0,0
17.593153014000563,1779567073.1656842,4250,35469,1,12582912,-4,0,0,0
17.593153014000563,1779567073.1656842,4250,35470,2,12582912,-3,0,0,0
17.593153014000563,1779567073.1656842,4250,35471,3,12582912,-9,0,0,0
17.593153014000563,1779567073.1656842,4250,35472,4,12582912,-16,0,0,0
17.593153014000563,1779567073.1656842,4250,35473,5,12582912,-22,0,0,0
17.593153014000563,1779567073.1656842,4250,35474,6,12582912,-24,0,0,0
17.593153014000563,1779567073.1656842,4250,35475,7,12582912,-24,0,0,0
17.61542224600089,1779567073.1879532,4251,35476,0,12582912,-21,0,0,0
17.61542224600089,1779567073.1879532,4251,35477,1,12582912,-18,0,0,0
17.61542224600089,1779567073.1879532,4251,35478,2,12582912,-15,0,0,0
17.61542224600089,1779567073.1879532,4251,35479,3,12582912,-13,0,0,0
17.61542224600089,1779567073.1879532,4251,35480,4,12582912,-13,0,0,0
17.61542224600089,1779567073.1879532,4251,35481,5,12582912,-11,0,0,0
17.61542224600089,1779567073.1879532,4251,35482,6,12582912,-7,0,0,0
17.61542224600089,1779567073.1879532,4251,35483,7,12582912,-1,0,0,0
17.68901383100092,1779567073.2615447,4252,35484,0,12582912,3,0,0,0
17.68901383100092,1779567073.2615447,4252,35485,1,12582912,5,0,0,0
17.68901383100092,1779567073.2615447,4252,35486,2,12582912,5,0,0,0
17.68901383100092,1779567073.2615447,4252,35487,3,12582912,7,0,0,0
17.68901383100092,1779567073.2615447,4252,35488,4,12582912,7,0,0,0
17.68901383100092,1779567073.2615447,4252,35489,5,12582912,3,0,0,0
17.68901383100092,1779567073.2615447,4252,35490,6,12582912,-2,0,0,0
17.68901383100092,1779567073.2615447,4252,35491,7,12582912,-5,0,0,0
17.78707617100008,1779567073.359607,4253,35492,0,12582912,-3,0,0,0
17.78707617100008,1779567073.359607,4253,35493,1,12582912,-1,0,0,0
17.78707617100008,1779567073.359607,4253,35494,2,12582912,-1,0,0,0
17.78707617100008,1779567073.359607,4253,35495,3,12582912,-2,0,0,0
17.78707617100008,1779567073.359607,4253,35496,4,12582912,-3,0,0,0
17.78707617100008,1779567073.359607,4253,35497,5,12582912,-4,0,0,0
17.78707617100008,1779567073.359607,4253,35498,6,12582912,-4,0,0,0
17.78707617100008,1779567073.359607,4253,35499,7,12582912,-3,0,0,0
17.787380228000984,1779567073.3599095,4254,35500,0,12582912,-1,0,0,0
17.787380228000984,1779567073.3599095,4254,35501,1,12582912,-8,0,0,0
17.787380228000984,1779567073.3599095,4254,35502,2,12582912,-27,0,0,0
17.787380228000984,1779567073.3599095,4254,35503,3,12582912,-37,0,0,0
17.787380228000984,1779567073.3599095,4254,35504,4,12582912,-17,0,0,0
17.787380228000984,1779567073.3599095,4254,35505,5,12582912,15,0,0,0
17.787380228000984,1779567073.3599095,4254,35506,6,12582912,22,0,0,0
17.787380228000984,1779567073.3599095,4254,35507,7,12582912,-4,0,0,0
17.78765756699977,1779567073.3601868,4255,35508,0,12582912,-29,0,0,0
17.78765756699977,1779567073.3601868,4255,35509,1,12582912,-25,0,0,0
17.78765756699977,1779567073.3601868,4255,35510,2,12582912,-2,0,0,0
17.78765756699977,1779567073.3601868,4255,35511,3,12582912,7,0,0,0
17.78765756699977,1779567073.3601868,4255,35512,4,12582912,-9,0,0,0
17.78765756699977,1779567073.3601868,4255,35513,5,12582912,-28,0,0,0
17.78765756699977,1779567073.3601868,4255,35514,6,12582912,-27,0,0,0
17.78765756699977,1779567073.3601868,4255,35515,7,12582912,-9,0,0,0
17.787935062000543,1779567073.3604646,4256,35516,0,12582912,0,0,0,0
17.787935062000543,1779567073.3604646,4256,35517,1,12582912,-9,0,0,0
17.787935062000543,1779567073.3604646,4256,35518,2,12582912,-20,0,0,0
17.787935062000543,1779567073.3604646,4256,35519,3,12582912,-19,0,0,0
17.787935062000543,1779567073.3604646,4256,35520,4,12582912,-7,0,0,0
17.787935062000543,1779567073.3604646,4256,35521,5,12582912,-4,0,0,0
17.787935062000543,1779567073.3604646,4256,35522,6,12582912,-15,0,0,0
17.787935062000543,1779567073.3604646,4256,35523,7,12582912,-24,0,0,0
17.826774201999797,1779567073.3993049,4257,35524,0,12582912,-19,0,0,0
17.826774201999797,1779567073.3993049,4257,35525,1,12582912,-7,0,0,0
17.826774201999797,1779567073.3993049,4257,35526,2,12582912,-3,0,0,0
17.826774201999797,1779567073.3993049,4257,35527,3,12582912,-10,0,0,0
17.826774201999797,1779567073.3993049,4257,35528,4,12582912,-17,0,0,0
17.826774201999797,1779567073.3993049,4257,35529,5,12582912,-14,0,0,0
17.826774201999797,1779567073.3993049,4257,35530,6,12582912,-3,0,0,0
17.826774201999797,1779567073.3993049,4257,35531,7,12582912,3,0,0,0
17.869512074999875,1779567073.4420428,4258,35532,0,12582912,-3,0,0,0
17.869512074999875,1779567073.4420428,4258,35533,1,12582912,-11,0,0,0
17.869512074999875,1779567073.4420428,4258,35534,2,12582912,-10,0,0,0
17.869512074999875,1779567073.4420428,4258,35535,3,12582912,-2,0,0,0
17.869512074999875,1779567073.4420428,4258,35536,4,12582912,1,0,0,0
17.869512074999875,1779567073.4420428,4258,35537,5,12582912,-4,0,0,0
17.869512074999875,1779567073.4420428,4258,35538,6,12582912,-8,0,0,0
17.869512074999875,1779567073.4420428,4258,35539,7,12582912,-5,0,0,0
17.89122485900043,1779567073.4637558,4259,35540,0,12582912,0,0,0,0
17.89122485900043,1779567073.4637558,4259,35541,1,12582912,0,0,0,0
17.89122485900043,1779567073.4637558,4259,35542,2,12582912,-6,0,0,0
17.89122485900043,1779567073.4637558,4259,35543,3,12582912,-10,0,0,0
17.89122485900043,1779567073.4637558,4259,35544,4,12582912,-10,0,0,0
17.89122485900043,1779567073.4637558,4259,35545,5,12582912,-12,0,0,0
17.89122485900043,1779567073.4637558,4259,35546,6,12582912,-18,0,0,0
17.89122485900043,1779567073.4637558,4259,35547,7,12582912,-24,0,0,0
17.927862685000946,1779567073.5003936,4260,35548,0,12582912,-25,0,0,0
17.927862685000946,1779567073.5003936,4260,35549,1,12582912,-21,0,0,0
17.927862685000946,1779567073.5003936,4260,35550,2,12582912,-15,0,0,0
17.927862685000946,1779567073.5003936,4260,35551,3,12582912,-12,0,0,0
17.927862685000946,1779567073.5003936,4260,35552,4,12582912,-14,0,0,0
17.927862685000946,1779567073.5003936,4260,35553,5,12582912,-17,0,0,0
17.927862685000946,1779567073.5003936,4260,35554,6,12582912,-16,0,0,0
17.927862685000946,1779567073.5003936,4260,35555,7,12582912,-11,0,0,0
17.949681039999632,1779567073.5222118,4261,35556,0,12582912,-7,0,0,0
17.949681039999632,1779567073.5222118,4261,35557,1,12582912,-8,0,0,0
17.949681039999632,1779567073.5222118,4261,35558,2,12582912,-9,0,0,0
17.949681039999632,1779567073.5222118,4261,35559,3,12582912,-5,0,0,0
17.949681039999632,1779567073.5222118,4261,35560,4,12582912,-2,0,0,0
17.949681039999632,1779567073.5222118,4261,35561,5,12582912,-1,0,0,0
17.949681039999632,1779567073.5222118,4261,35562,6,12582912,-4,0,0,0
17.949681039999632,1779567073.5222118,4261,35563,7,12582912,-7,0,0,0
17.984668167000564,1779567073.5571995,4262,35564,0,12582912,-8,0,0,0
17.984668167000564,1779567073.5571995,4262,35565,1,12582912,-7,0,0,0
17.984668167000564,1779567073.5571995,4262,35566,2,12582912,-7,0,0,0
17.984668167000564,1779567073.5571995,4262,35567,3,12582912,-7,0,0,0
17.984668167000564,1779567073.5571995,4262,35568,4,12582912,-11,0,0,0
17.984668167000564,1779567073.5571995,4262,35569,5,12582912,-14,0,0,0
17.984668167000564,1779567073.5571995,4262,35570,6,12582912,-14,0,0,0
17.984668167000564,1779567073.5571995,4262,35571,7,12582912,-12,0,0,0
18.027516141999513,1779567073.6000469,4263,35572,0,12582912,-12,0,0,0
18.027516141999513,1779567073.6000469,4263,35573,1,12582912,-11,0,0,0
18.027516141999513,1779567073.6000469,4263,35574,2,12582912,-8,0,0,0
18.027516141999513,1779567073.6000469,4263,35575,3,12582912,-5,0,0,0
18.027516141999513,1779567073.6000469,4263,35576,4,12582912,-5,0,0,0
18.027516141999513,1779567073.6000469,4263,35577,5,12582912,-8,0,0,0
18.027516141999513,1779567073.6000469,4263,35578,6,12582912,-11,0,0,0
18.027516141999513,1779567073.6000469,4263,35579,7,12582912,-12,0,0,0
18.095111636999718,1779567073.6676428,4264,35580,0,12582912,-9,0,0,0
18.095111636999718,1779567073.6676428,4264,35581,1,12582912,-2,0,0,0
18.095111636999718,1779567073.6676428,4264,35582,2,12582912,0,0,0,0
18.095111636999718,1779567073.6676428,4264,35583,3,12582912,-2,0,0,0
18.095111636999718,1779567073.6676428,4264,35584,4,12582912,-3,0,0,0
18.095111636999718,1779567073.6676428,4264,35585,5,12582912,-2,0,0,0
18.095111636999718,1779567073.6676428,4264,35586,6,12582912,-1,0,0,0
18.095111636999718,1779567073.6676428,4264,35587,7,12582912,-2,0,0,0
18.132457055000486,1779567073.704988,4265,35588,0,12582912,-3,0,0,0
18.132457055000486,1779567073.704988,4265,35589,1,12582912,-3,0,0,0
18.132457055000486,1779567073.704988,4265,35590,2,12582912,-4,0,0,0
18.132457055000486,1779567073.704988,4265,35591,3,12582912,-4,0,0,0
18.132457055000486,1779567073.704988,4265,35592,4,12582912,-4,0,0,0
18.132457055000486,1779567073.704988,4265,35593,5,12582912,-6,0,0,0
18.132457055000486,1779567073.704988,4265,35594,6,12582912,-9,0,0,0
18.132457055000486,1779567073.704988,4265,35595,7,12582912,-10,0,0,0
18.13276496599974,1779567073.7052944,4266,35596,0,12582912,-6,0,0,0
18.13276496599974,1779567073.7052944,4266,35597,1,12582912,-3,0,0,0
18.13276496599974,1779567073.7052944,4266,35598,2,12582912,0,0,0,0
18.13276496599974,1779567073.7052944,4266,35599,3,12582912,0,0,0,0
18.13276496599974,1779567073.7052944,4266,35600,4,12582912,-3,0,0,0
18.13276496599974,1779567073.7052944,4266,35601,5,12582912,-5,0,0,0
18.13276496599974,1779567073.7052944,4266,35602,6,12582912,-6,0,0,0
18.13276496599974,1779567073.7052944,4266,35603,7,12582912,-10,0,0,0
18.154434833999403,1779567073.726966,4267,35604,0,12582912,-11,0,0,0
18.154434833999403,1779567073.726966,4267,35605,1,12582912,-8,0,0,0
18.154434833999403,1779567073.726966,4267,35606,2,12582912,-3,0,0,0
18.154434833999403,1779567073.726966,4267,35607,3,12582912,-2,0,0,0
18.154434833999403,1779567073.726966,4267,35608,4,12582912,-3,0,0,0
18.154434833999403,1779567073.726966,4267,35609,5,12582912,-5,0,0,0
18.154434833999403,1779567073.726966,4267,35610,6,12582912,-6,0,0,0
18.154434833999403,1779567073.726966,4267,35611,7,12582912,-4,0,0,0
18.176086421000946,1779567073.7486174,4268,35612,0,12582912,-5,0,0,0
18.176086421000946,1779567073.7486174,4268,35613,1,12582912,-7,0,0,0
18.176086421000946,1779567073.7486174,4268,35614,2,12582912,-10,0,0,0
18.176086421000946,1779567073.7486174,4268,35615,3,12582912,-13,0,0,0
18.176086421000946,1779567073.7486174,4268,35616,4,12582912,-15,0,0,0
18.176086421000946,1779567073.7486174,4268,35617,5,12582912,-14,0,0,0
18.176086421000946,1779567073.7486174,4268,35618,6,12582912,-14,0,0,0
18.176086421000946,1779567073.7486174,4268,35619,7,12582912,-14,0,0,0
18.218892574001075,1779567073.7914233,4269,35620,0,12582912,-15,0,0,0
18.218892574001075,1779567073.7914233,4269,35621,1,12582912,-12,0,0,0
18.218892574001075,1779567073.7914233,4269,35622,2,12582912,-8,0,0,0
18.218892574001075,1779567073.7914233,4269,35623,3,12582912,-7,0,0,0
18.218892574001075,1779567073.7914233,4269,35624,4,12582912,-8,0,0,0
18.218892574001075,1779567073.7914233,4269,35625,5,12582912,-10,0,0,0
18.218892574001075,1779567073.7914233,4269,35626,6,12582912,-10,0,0,0
18.218892574001075,1779567073.7914233,4269,35627,7,12582912,-8,0,0,0
18.253723922000063,1779567073.8262548,4270,35628,0,12582912,-6,0,0,0
18.253723922000063,1779567073.8262548,4270,35629,1,12582912,-6,0,0,0
18.253723922000063,1779567073.8262548,4270,35630,2,12582912,-7,0,0,0
18.253723922000063,1779567073.8262548,4270,35631,3,12582912,-7,0,0,0
18.253723922000063,1779567073.8262548,4270,35632,4,12582912,-6,0,0,0
18.253723922000063,1779567073.8262548,4270,35633,5,12582912,-4,0,0,0
18.253723922000063,1779567073.8262548,4270,35634,6,12582912,-1,0,0,0
18.253723922000063,1779567073.8262548,4270,35635,7,12582912,3,0,0,0
18.275440613000683,1779567073.8479717,4271,35636,0,12582912,7,0,0,0
18.275440613000683,1779567073.8479717,4271,35637,1,12582912,8,0,0,0
18.275440613000683,1779567073.8479717,4271,35638,2,12582912,7,0,0,0
18.275440613000683,1779567073.8479717,4271,35639,3,12582912,6,0,0,0
18.275440613000683,1779567073.8479717,4271,35640,4,12582912,5,0,0,0
18.275440613000683,1779567073.8479717,4271,35641,5,12582912,4,0,0,0
18.275440613000683,1779567073.8479717,4271,35642,6,12582912,1,0,0,0
18.275440613000683,1779567073.8479717,4271,35643,7,12582912,-2,0,0,0
18.297595367999747,1779567073.8701265,4272,35644,0,12582912,-3,0,0,0
18.297595367999747,1779567073.8701265,4272,35645,1,12582912,-3,0,0,0
18.297595367999747,1779567073.8701265,4272,35646,2,12582912,-3,0,0,0
18.297595367999747,1779567073.8701265,4272,35647,3,12582912,-3,0,0,0
18.297595367999747,1779567073.8701265,4272,35648,4,12582912,-3,0,0,0
18.297595367999747,1779567073.8701265,4272,35649,5,12582912,-3,0,0,0
18.297595367999747,1779567073.8701265,4272,35650,6,12582912,-1,0,0,0
18.297595367999747,1779567073.8701265,4272,35651,7,12582912,2,0,0,0
18.33478375699997,1779567073.9073148,4273,35652,0,12582912,4,0,0,0
18.33478375699997,1779567073.9073148,4273,35653,1,12582912,3,0,0,0
18.33478375699997,1779567073.9073148,4273,35654,2,12582912,2,0,0,0
18.33478375699997,1779567073.9073148,4273,35655,3,12582912,3,0,0,0
18.33478375699997,1779567073.9073148,4273,35656,4,12582912,5,0,0,0
18.33478375699997,1779567073.9073148,4273,35657,5,12582912,6,0,0,0
18.33478375699997,1779567073.9073148,4273,35658,6,12582912,4,0,0,0
18.33478375699997,1779567073.9073148,4273,35659,7,12582912,1,0,0,0
18.377495901000657,1779567073.950027,4274,35660,0,12582912,1,0,0,0
18.377495901000657,1779567073.950027,4274,35661,1,12582912,3,0,0,0
18.377495901000657,1779567073.950027,4274,35662,2,12582912,5,0,0,0
18.377495901000657,1779567073.950027,4274,35663,3,12582912,7,0,0,0
18.377495901000657,1779567073.950027,4274,35664,4,12582912,8,0,0,0
18.377495901000657,1779567073.950027,4274,35665,5,12582912,7,0,0,0
18.377495901000657,1779567073.950027,4274,35666,6,12582912,6,0,0,0
18.377495901000657,1779567073.950027,4274,35667,7,12582912,4,0,0,0
18.399238997000793,1779567073.97177,4275,35668,0,12582912,2,0,0,0
18.399238997000793,1779567073.97177,4275,35669,1,12582912,0,0,0,0
18.399238997000793,1779567073.97177,4275,35670,2,12582912,-2,0,0,0
18.399238997000793,1779567073.97177,4275,35671,3,12582912,-4,0,0,0
18.399238997000793,1779567073.97177,4275,35672,4,12582912,-3,0,0,0
18.399238997000793,1779567073.97177,4275,35673,5,12582912,0,0,0,0
18.399238997000793,1779567073.97177,4275,35674,6,12582912,1,0,0,0
18.399238997000793,1779567073.97177,4275,35675,7,12582912,1,0,0,0
18.442059524000797,1779567074.0145905,4276,35676,0,12582912,2,0,0,0
18.442059524000797,1779567074.0145905,4276,35677,1,12582912,1,0,0,0
18.442059524000797,1779567074.0145905,4276,35678,2,12582912,-1,0,0,0
18.442059524000797,1779567074.0145905,4276,35679,3,12582912,-3,0,0,0
18.442059524000797,1779567074.0145905,4276,35680,4,12582912,-6,0,0,0
18.442059524000797,1779567074.0145905,4276,35681,5,12582912,-7,0,0,0
18.442059524000797,1779567074.0145905,4276,35682,6,12582912,-6,0,0,0
18.442059524000797,1779567074.0145905,4276,35683,7,12582912,-4,0,0,0
18.47494137800095,1779567074.0474715,4277,35684,0,12582912,-2,0,0,0
18.47494137800095,1779567074.0474715,4277,35685,1,12582912,-1,0,0,0
18.47494137800095,1779567074.0474715,4277,35686,2,12582912,-2,0,0,0
18.47494137800095,1779567074.0474715,4277,35687,3,12582912,-3,0,0,0
18.47494137800095,1779567074.0474715,4277,35688,4,12582912,-3,0,0,0
18.47494137800095,1779567074.0474715,4277,35689,5,12582912,-1,0,0,0
18.47494137800095,1779567074.0474715,4277,35690,6,12582912,1,0,0,0
18.47494137800095,1779567074.0474715,4277,35691,7,12582912,3,0,0,0
18.503108838000117,1779567074.0756388,4278,35692,0,12582912,5,0,0,0
18.503108838000117,1779567074.0756388,4278,35693,1,12582912,6,0,0,0
18.503108838000117,1779567074.0756388,4278,35694,2,12582912,5,0,0,0
18.503108838000117,1779567074.0756388,4278,35695,3,12582912,2,0,0,0
18.503108838000117,1779567074.0756388,4278,35696,4,12582912,-2,0,0,0
18.503108838000117,1779567074.0756388,4278,35697,5,12582912,-3,0,0,0
18.503108838000117,1779567074.0756388,4278,35698,6,12582912,-6,0,0,0
18.503108838000117,1779567074.0756388,4278,35699,7,12582912,-10,0,0,0
18.53330318799999,1779567074.1058335,4279,35700,0,12582912,-11,0,0,0
18.53330318799999,1779567074.1058335,4279,35701,1,12582912,-7,0,0,0
18.53330318799999,1779567074.1058335,4279,35702,2,12582912,-5,0,0,0
18.53330318799999,1779567074.1058335,4279,35703,3,12582912,-5,0,0,0
18.53330318799999,1779567074.1058335,4279,35704,4,12582912,-3,0,0,0
18.53330318799999,1779567074.1058335,4279,35705,5,12582912,-2,0,0,0
18.53330318799999,1779567074.1058335,4279,35706,6,12582912,-2,0,0,0
18.53330318799999,1779567074.1058335,4279,35707,7,12582912,-1,0,0,0
18.559911197000474,1779567074.1324413,4280,35708,0,12582912,-1,0,0,0
18.559911197000474,1779567074.1324413,4280,35709,1,12582912,-2,0,0,0
18.559911197000474,1779567074.1324413,4280,35710,2,12582912,0,0,0,0
18.559911197000474,1779567074.1324413,4280,35711,3,12582912,3,0,0,0
18.559911197000474,1779567074.1324413,4280,35712,4,12582912,6,0,0,0
18.559911197000474,1779567074.1324413,4280,35713,5,12582912,7,0,0,0
18.559911197000474,1779567074.1324413,4280,35714,6,12582912,5,0,0,0
18.559911197000474,1779567074.1324413,4280,35715,7,12582912,3,0,0,0
18.602260118999766,1779567074.1747901,4281,35716,0,12582912,3,0,0,0
18.602260118999766,1779567074.1747901,4281,35717,1,12582912,3,0,0,0
18.602260118999766,1779567074.1747901,4281,35718,2,12582912,0,0,0,0
18.602260118999766,1779567074.1747901,4281,35719,3,12582912,-3,0,0,0
18.602260118999766,1779567074.1747901,4281,35720,4,12582912,-4,0,0,0
18.602260118999766,1779567074.1747901,4281,35721,5,12582912,-3,0,0,0
18.602260118999766,1779567074.1747901,4281,35722,6,12582912,-2,0,0,0
18.602260118999766,1779567074.1747901,4281,35723,7,12582912,-4,0,0,0
18.623722595999425,1779567074.1962535,4282,35724,0,12582912,-3,0,0,0
18.623722595999425,1779567074.1962535,4282,35725,1,12582912,2,0,0,0
18.623722595999425,1779567074.1962535,4282,35726,2,12582912,5,0,0,0
18.623722595999425,1779567074.1962535,4282,35727,3,12582912,5,0,0,0
18.623722595999425,1779567074.1962535,4282,35728,4,12582912,4,0,0,0
18.623722595999425,1779567074.1962535,4282,35729,5,12582912,2,0,0,0
18.623722595999425,1779567074.1962535,4282,35730,6,12582912,2,0,0,0
18.623722595999425,1779567074.1962535,4282,35731,7,12582912,0,0,0,0
18.666546926000592,1779567074.2390773,4283,35732,0,12582912,-2,0,0,0
18.666546926000592,1779567074.2390773,4283,35733,1,12582912,-1,0,0,0
18.666546926000592,1779567074.2390773,4283,35734,2,12582912,2,0,0,0
18.666546926000592,1779567074.2390773,4283,35735,3,12582912,5,0,0,0
18.666546926000592,1779567074.2390773,4283,35736,4,12582912,9,0,0,0
18.666546926000592,1779567074.2390773,4283,35737,5,12582912,9,0,0,0
18.666546926000592,1779567074.2390773,4283,35738,6,12582912,7,0,0,0
18.666546926000592,1779567074.2390773,4283,35739,7,12582912,6,0,0,0
18.687772479999694,1779567074.2603023,4284,35740,0,12582912,9,0,0,0
18.687772479999694,1779567074.2603023,4284,35741,1,12582912,11,0,0,0
18.687772479999694,1779567074.2603023,4284,35742,2,12582912,9,0,0,0
18.687772479999694,1779567074.2603023,4284,35743,3,12582912,6,0,0,0
18.687772479999694,1779567074.2603023,4284,35744,4,12582912,4,0,0,0
18.687772479999694,1779567074.2603023,4284,35745,5,12582912,1,0,0,0
18.687772479999694,1779567074.2603023,4284,35746,6,12582912,-2,0,0,0
18.687772479999694,1779567074.2603023,4284,35747,7,12582912,-2,0,0,0
18.76506259300004,1779567074.337593,4285,35748,0,12582912,0,0,0,0
18.76506259300004,1779567074.337593,4285,35749,1,12582912,2,0,0,0
18.76506259300004,1779567074.337593,4285,35750,2,12582912,3,0,0,0
18.76506259300004,1779567074.337593,4285,35751,3,12582912,2,0,0,0
18.76506259300004,1779567074.337593,4285,35752,4,12582912,3,0,0,0
18.76506259300004,1779567074.337593,4285,35753,5,12582912,4,0,0,0
18.76506259300004,1779567074.337593,4285,35754,6,12582912,3,0,0,0
18.76506259300004,1779567074.337593,4285,35755,7,12582912,2,0,0,0
18.76522009099972,1779567074.3377485,4286,35756,0,12582912,3,0,0,0
18.76522009099972,1779567074.3377485,4286,35757,1,12582912,1,0,0,0
18.76522009099972,1779567074.3377485,4286,35758,2,12582912,-1,0,0,0
18.76522009099972,1779567074.3377485,4286,35759,3,12582912,-3,0,0,0
18.76522009099972,1779567074.3377485,4286,35760,4,12582912,-5,0,0,0
18.76522009099972,1779567074.3377485,4286,35761,5,12582912,-6,0,0,0
18.76522009099972,1779567074.3377485,4286,35762,6,12582912,-5,0,0,0
18.76522009099972,1779567074.3377485,4286,35763,7,12582912,-5,0,0,0
18.793749054000727,1779567074.3662794,4287,35764,0,12582912,-6,0,0,0
18.793749054000727,1779567074.3662794,4287,35765,1,12582912,-8,0,0,0
18.793749054000727,1779567074.3662794,4287,35766,2,12582912,-7,0,0,0
18.793749054000727,1779567074.3662794,4287,35767,3,12582912,-2,0,0,0
18.793749054000727,1779567074.3662794,4287,35768,4,12582912,6,0,0,0
18.793749054000727,1779567074.3662794,4287,35769,5,12582912,10,0,0,0
18.793749054000727,1779567074.3662794,4287,35770,6,12582912,11,0,0,0
18.793749054000727,1779567074.3662794,4287,35771,7,12582912,11,0,0,0
18.815206634999413,1779567074.3877366,4288,35772,0,12582912,10,0,0,0
18.815206634999413,1779567074.3877366,4288,35773,1,12582912,9,0,0,0
18.815206634999413,1779567074.3877366,4288,35774,2,12582912,9,0,0,0
18.815206634999413,1779567074.3877366,4288,35775,3,12582912,10,0,0,0
18.815206634999413,1779567074.3877366,4288,35776,4,12582912,13,0,0,0
18.815206634999413,1779567074.3877366,4288,35777,5,12582912,17,0,0,0
18.815206634999413,1779567074.3877366,4288,35778,6,12582912,19,0,0,0
18.815206634999413,1779567074.3877366,4288,35779,7,12582912,17,0,0,0
18.88451981000071,1779567074.4570508,4289,35780,0,12582912,10,0,0,0
18.88451981000071,1779567074.4570508,4289,35781,1,12582912,1,0,0,0
18.88451981000071,1779567074.4570508,4289,35782,2,12582912,-6,0,0,0
18.88451981000071,1779567074.4570508,4289,35783,3,12582912,-10,0,0,0
18.88451981000071,1779567074.4570508,4289,35784,4,12582912,-13,0,0,0
18.88451981000071,1779567074.4570508,4289,35785,5,12582912,-11,0,0,0
18.88451981000071,1779567074.4570508,4289,35786,6,12582912,-7,0,0,0
18.88451981000071,1779567074.4570508,4289,35787,7,12582912,-4,0,0,0
18.884832773001108,1779567074.4573624,4290,35788,0,12582912,-7,0,0,0
18.884832773001108,1779567074.4573624,4290,35789,1,12582912,-10,0,0,0
18.884832773001108,1779567074.4573624,4290,35790,2,12582912,-7,0,0,0
18.884832773001108,1779567074.4573624,4290,35791,3,12582912,-2,0,0,0
18.884832773001108,1779567074.4573624,4290,35792,4,12582912,2,0,0,0
18.884832773001108,1779567074.4573624,4290,35793,5,12582912,4,0,0,0
18.884832773001108,1779567074.4573624,4290,35794,6,12582912,5,0,0,0
18.884832773001108,1779567074.4573624,4290,35795,7,12582912,4,0,0,0
18.906505766999544,1779567074.4790366,4291,35796,0,12582912,3,0,0,0
18.906505766999544,1779567074.4790366,4291,35797,1,12582912,1,0,0,0
18.906505766999544,1779567074.4790366,4291,35798,2,12582912,2,0,0,0
18.906505766999544,1779567074.4790366,4291,35799,3,12582912,4,0,0,0
18.906505766999544,1779567074.4790366,4291,35800,4,12582912,7,0,0,0
18.906505766999544,1779567074.4790366,4291,35801,5,12582912,7,0,0,0
18.906505766999544,1779567074.4790366,4291,35802,6,12582912,6,0,0,0
18.906505766999544,1779567074.4790366,4291,35803,7,12582912,4,0,0,0
18.965007626000443,1779567074.5375385,4292,35804,0,12582912,2,0,0,0
18.965007626000443,1779567074.5375385,4292,35805,1,12582912,-1,0,0,0
18.965007626000443,1779567074.5375385,4292,35806,2,12582912,-2,0,0,0
18.965007626000443,1779567074.5375385,4292,35807,3,12582912,-4,0,0,0
18.965007626000443,1779567074.5375385,4292,35808,4,12582912,-5,0,0,0
18.965007626000443,1779567074.5375385,4292,35809,5,12582912,-6,0,0,0
18.965007626000443,1779567074.5375385,4292,35810,6,12582912,-5,0,0,0
18.965007626000443,1779567074.5375385,4292,35811,7,12582912,-4,0,0,0
18.986699265000425,1779567074.55923,4293,35812,0,12582912,-2,0,0,0
18.986699265000425,1779567074.55923,4293,35813,1,12582912,-1,0,0,0
18.986699265000425,1779567074.55923,4293,35814,2,12582912,-1,0,0,0
18.986699265000425,1779567074.55923,4293,35815,3,12582912,1,0,0,0
18.986699265000425,1779567074.55923,4293,35816,4,12582912,1,0,0,0
18.986699265000425,1779567074.55923,4293,35817,5,12582912,1,0,0,0
18.986699265000425,1779567074.55923,4293,35818,6,12582912,-3,0,0,0
18.986699265000425,1779567074.55923,4293,35819,7,12582912,-7,0,0,0
19.02240054700087,1779567074.5949316,4294,35820,0,12582912,-10,0,0,0
19.02240054700087,1779567074.5949316,4294,35821,1,12582912,-8,0,0,0
19.02240054700087,1779567074.5949316,4294,35822,2,12582912,-6,0,0,0
19.02240054700087,1779567074.5949316,4294,35823,3,12582912,-5,0,0,0
19.02240054700087,1779567074.5949316,4294,35824,4,12582912,-4,0,0,0
19.02240054700087,1779567074.5949316,4294,35825,5,12582912,0,0,0,0
19.02240054700087,1779567074.5949316,4294,35826,6,12582912,5,0,0,0
19.02240054700087,1779567074.5949316,4294,35827,7,12582912,8,0,0,0
19.044014426999638,1779567074.6165452,4295,35828,0,12582912,7,0,0,0
19.044014426999638,1779567074.6165452,4295,35829,1,12582912,3,0,0,0
19.044014426999638,1779567074.6165452,4295,35830,2,12582912,-1,0,0,0
19.044014426999638,1779567074.6165452,4295,35831,3,12582912,-1,0,0,0
19.044014426999638,1779567074.6165452,4295,35832,4,12582912,2,0,0,0
19.044014426999638,1779567074.6165452,4295,35833,5,12582912,5,0,0,0
19.044014426999638,1779567074.6165452,4295,35834,6,12582912,7,0,0,0
19.044014426999638,1779567074.6165452,4295,35835,7,12582912,6,0,0,0
19.072092096999768,1779567074.644623,4296,35836,0,12582912,4,0,0,0
19.072092096999768,1779567074.644623,4296,35837,1,12582912,3,0,0,0
19.072092096999768,1779567074.644623,4296,35838,2,12582912,2,0,0,0
19.072092096999768,1779567074.644623,4296,35839,3,12582912,0,0,0,0
19.072092096999768,1779567074.644623,4296,35840,4,12582912,-5,0,0,0
19.072092096999768,1779567074.644623,4296,35841,5,12582912,-8,0,0,0
19.072092096999768,1779567074.644623,4296,35842,6,12582912,-8,0,0,0
19.072092096999768,1779567074.644623,4296,35843,7,12582912,-8,0,0,0
19.114824084999782,1779567074.6873548,4297,35844,0,12582912,-11,0,0,0
19.114824084999782,1779567074.6873548,4297,35845,1,12582912,-12,0,0,0
19.114824084999782,1779567074.6873548,4297,35846,2,12582912,-8,0,0,0
19.114824084999782,1779567074.6873548,4297,35847,3,12582912,-5,0,0,0
19.114824084999782,1779567074.6873548,4297,35848,4,12582912,-6,0,0,0
19.114824084999782,1779567074.6873548,4297,35849,5,12582912,-7,0,0,0
19.114824084999782,1779567074.6873548,4297,35850,6,12582912,-6,0,0,0
19.114824084999782,1779567074.6873548,4297,35851,7,12582912,-5,0,0,0
19.13645301699944,1779567074.7089841,4298,35852,0,12582912,-5,0,0,0
19.13645301699944,1779567074.7089841,4298,35853,1,12582912,-6,0,0,0
19.13645301699944,1779567074.7089841,4298,35854,2,12582912,-4,0,0,0
19.13645301699944,1779567074.7089841,4298,35855,3,12582912,1,0,0,0
19.13645301699944,1779567074.7089841,4298,35856,4,12582912,6,0,0,0
19.13645301699944,1779567074.7089841,4298,35857,5,12582912,6,0,0,0
19.13645301699944,1779567074.7089841,4298,35858,6,12582912,3,0,0,0
19.13645301699944,1779567074.7089841,4298,35859,7,12582912,3,0,0,0
19.173021627000708,1779567074.7455525,4299,35860,0,12582912,7,0,0,0
19.173021627000708,1779567074.7455525,4299,35861,1,12582912,10,0,0,0
19.173021627000708,1779567074.7455525,4299,35862,2,12582912,9,0,0,0
19.173021627000708,1779567074.7455525,4299,35863,3,12582912,5,0,0,0
19.173021627000708,1779567074.7455525,4299,35864,4,12582912,1,0,0,0
19.173021627000708,1779567074.7455525,4299,35865,5,12582912,2,0,0,0
19.173021627000708,1779567074.7455525,4299,35866,6,12582912,4,0,0,0
19.173021627000708,1779567074.7455525,4299,35867,7,12582912,4,0,0,0
19.194721912001114,1779567074.7672527,4300,35868,0,12582912,3,0,0,0
19.194721912001114,1779567074.7672527,4300,35869,1,12582912,3,0,0,0
19.194721912001114,1779567074.7672527,4300,35870,2,12582912,4,0,0,0
19.194721912001114,1779567074.7672527,4300,35871,3,12582912,6,0,0,0
19.194721912001114,1779567074.7672527,4300,35872,4,12582912,5,0,0,0
19.194721912001114,1779567074.7672527,4300,35873,5,12582912,3,0,0,0
19.194721912001114,1779567074.7672527,4300,35874,6,12582912,1,0,0,0
19.194721912001114,1779567074.7672527,4300,35875,7,12582912,3,0,0,0
19.237424681999983,1779567074.8099558,4301,35876,0,12582912,8,0,0,0
19.237424681999983,1779567074.8099558,4301,35877,1,12582912,11,0,0,0
19.237424681999983,1779567074.8099558,4301,35878,2,12582912,11,0,0,0
19.237424681999983,1779567074.8099558,4301,35879,3,12582912,7,0,0,0
19.237424681999983,1779567074.8099558,4301,35880,4,12582912,4,0,0,0
19.237424681999983,1779567074.8099558,4301,35881,5,12582912,4,0,0,0
19.237424681999983,1779567074.8099558,4301,35882,6,12582912,5,0,0,0
19.237424681999983,1779567074.8099558,4301,35883,7,12582912,4,0,0,0
19.324531962000037,1779567074.897063,4302,35884,0,12582912,1,0,0,0
19.324531962000037,1779567074.897063,4302,35885,1,12582912,-2,0,0,0
19.324531962000037,1779567074.897063,4302,35886,2,12582912,-5,0,0,0
19.324531962000037,1779567074.897063,4302,35887,3,12582912,-6,0,0,0
19.324531962000037,1779567074.897063,4302,35888,4,12582912,-7,0,0,0
19.324531962000037,1779567074.897063,4302,35889,5,12582912,-7,0,0,0
19.324531962000037,1779567074.897063,4302,35890,6,12582912,-6,0,0,0
19.324531962000037,1779567074.897063,4302,35891,7,12582912,-4,0,0,0
19.324837582000328,1779567074.897367,4303,35892,0,12582912,-1,0,0,0
19.324837582000328,1779567074.897367,4303,35893,1,12582912,0,0,0,0
19.324837582000328,1779567074.897367,4303,35894,2,12582912,-2,0,0,0
19.324837582000328,1779567074.897367,4303,35895,3,12582912,-4,0,0,0
19.324837582000328,1779567074.897367,4303,35896,4,12582912,-2,0,0,0
19.324837582000328,1779567074.897367,4303,35897,5,12582912,3,0,0,0
19.324837582000328,1779567074.897367,4303,35898,6,12582912,6,0,0,0
19.324837582000328,1779567074.897367,4303,35899,7,12582912,7,0,0,0
19.325123931001144,1779567074.8976533,4304,35900,0,12582912,6,0,0,0
19.325123931001144,1779567074.8976533,4304,35901,1,12582912,3,0,0,0
19.325123931001144,1779567074.8976533,4304,35902,2,12582912,1,0,0,0
19.325123931001144,1779567074.8976533,4304,35903,3,12582912,1,0,0,0
19.325123931001144,1779567074.8976533,4304,35904,4,12582912,3,0,0,0
19.325123931001144,1779567074.8976533,4304,35905,5,12582912,5,0,0,0
19.325123931001144,1779567074.8976533,4304,35906,6,12582912,7,0,0,0
19.325123931001144,1779567074.8976533,4304,35907,7,12582912,8,0,0,0
19.380400848000136,1779567074.9529316,4305,35908,0,12582912,7,0,0,0
19.380400848000136,1779567074.9529316,4305,35909,1,12582912,6,0,0,0
19.380400848000136,1779567074.9529316,4305,35910,2,12582912,4,0,0,0
19.380400848000136,1779567074.9529316,4305,35911,3,12582912,3,0,0,0
19.380400848000136,1779567074.9529316,4305,35912,4,12582912,2,0,0,0
19.380400848000136,1779567074.9529316,4305,35913,5,12582912,2,0,0,0
19.380400848000136,1779567074.9529316,4305,35914,6,12582912,2,0,0,0
19.380400848000136,1779567074.9529316,4305,35915,7,12582912,0,0,0,0
19.401684682999985,1779567074.9742143,4306,35916,0,12582912,-4,0,0,0
19.401684682999985,1779567074.9742143,4306,35917,1,12582912,-8,0,0,0
19.401684682999985,1779567074.9742143,4306,35918,2,12582912,-8,0,0,0
19.401684682999985,1779567074.9742143,4306,35919,3,12582912,-7,0,0,0
19.401684682999985,1779567074.9742143,4306,35920,4,12582912,-6,0,0,0
19.401684682999985,1779567074.9742143,4306,35921,5,12582912,-5,0,0,0
19.401684682999985,1779567074.9742143,4306,35922,6,12582912,-4,0,0,0
19.401684682999985,1779567074.9742143,4306,35923,7,12582912,-4,0,0,0
19.423028568000518,1779567074.9955611,4307,35924,0,12582912,-7,0,0,0
19.423028568000518,1779567074.9955611,4307,35925,1,12582912,-10,0,0,0
19.423028568000518,1779567074.9955611,4307,35926,2,12582912,-10,0,0,0
19.423028568000518,1779567074.9955611,4307,35927,3,12582912,-7,0,0,0
19.423028568000518,1779567074.9955611,4307,35928,4,12582912,-7,0,0,0
19.423028568000518,1779567074.9955611,4307,35929,5,12582912,-9,0,0,0
19.423028568000518,1779567074.9955611,4307,35930,6,12582912,-11,0,0,0
19.423028568000518,1779567074.9955611,4307,35931,7,12582912,-13,0,0,0
19.46573899500072,1779567075.0382698,4308,35932,0,12582912,-16,0,0,0
19.46573899500072,1779567075.0382698,4308,35933,1,12582912,-19,0,0,0
19.46573899500072,1779567075.0382698,4308,35934,2,12582912,-20,0,0,0
19.46573899500072,1779567075.0382698,4308,35935,3,12582912,-19,0,0,0
19.46573899500072,1779567075.0382698,4308,35936,4,12582912,-15,0,0,0
19.46573899500072,1779567075.0382698,4308,35937,5,12582912,-9,0,0,0
19.46573899500072,1779567075.0382698,4308,35938,6,12582912,-6,0,0,0
19.46573899500072,1779567075.0382698,4308,35939,7,12582912,-6,0,0,0
19.487365947999933,1779567075.0598958,4309,35940,0,12582912,-8,0,0,0
19.487365947999933,1779567075.0598958,4309,35941,1,12582912,-7,0,0,0
19.487365947999933,1779567075.0598958,4309,35942,2,12582912,-5,0,0,0
19.487365947999933,1779567075.0598958,4309,35943,3,12582912,-6,0,0,0
19.487365947999933,1779567075.0598958,4309,35944,4,12582912,-7,0,0,0
19.487365947999933,1779567075.0598958,4309,35945,5,12582912,-5,0,0,0
19.487365947999933,1779567075.0598958,4309,35946,6,12582912,-1,0,0,0
19.487365947999933,1779567075.0598958,4309,35947,7,12582912,4,0,0,0
19.52134168900011,1779567075.0938728,4310,35948,0,12582912,6,0,0,0
19.52134168900011,1779567075.0938728,4310,35949,1,12582912,6,0,0,0
19.52134168900011,1779567075.0938728,4310,35950,2,12582912,4,0,0,0
19.52134168900011,1779567075.0938728,4310,35951,3,12582912,4,0,0,0
19.52134168900011,1779567075.0938728,4310,35952,4,12582912,3,0,0,0
19.52134168900011,1779567075.0938728,4310,35953,5,12582912,0,0,0,0
19.52134168900011,1779567075.0938728,4310,35954,6,12582912,-4,0,0,0
19.52134168900011,1779567075.0938728,4310,35955,7,12582912,-6,0,0,0
19.564639033000276,1779567075.1371696,4311,35956,0,12582912,-6,0,0,0
19.564639033000276,1779567075.1371696,4311,35957,1,12582912,-4,0,0,0
19.564639033000276,1779567075.1371696,4311,35958,2,12582912,-2,0,0,0
19.564639033000276,1779567075.1371696,4311,35959,3,12582912,-1,0,0,0
19.564639033000276,1779567075.1371696,4311,35960,4,12582912,-1,0,0,0
19.564639033000276,1779567075.1371696,4311,35961,5,12582912,0,0,0,0
19.564639033000276,1779567075.1371696,4311,35962,6,12582912,0,0,0,0
19.564639033000276,1779567075.1371696,4311,35963,7,12582912,-1,0,0,0
19.608316370000466,1779567075.1808474,4312,35964,0,12582912,0,0,0,0
19.608316370000466,1779567075.1808474,4312,35965,1,12582912,2,0,0,0
19.608316370000466,1779567075.1808474,4312,35966,2,12582912,4,0,0,0
19.608316370000466,1779567075.1808474,4312,35967,3,12582912,5,0,0,0
19.608316370000466,1779567075.1808474,4312,35968,4,12582912,4,0,0,0
19.608316370000466,1779567075.1808474,4312,35969,5,12582912,2,0,0,0
19.608316370000466,1779567075.1808474,4312,35970,6,12582912,2,0,0,0
19.608316370000466,1779567075.1808474,4312,35971,7,12582912,3,0,0,0
19.60862053100027,1779567075.18115,4313,35972,0,12582912,2,0,0,0
19.60862053100027,1779567075.18115,4313,35973,1,12582912,2,0,0,0
19.60862053100027,1779567075.18115,4313,35974,2,12582912,4,0,0,0
19.60862053100027,1779567075.18115,4313,35975,3,12582912,7,0,0,0
19.60862053100027,1779567075.18115,4313,35976,4,12582912,8,0,0,0
19.60862053100027,1779567075.18115,4313,35977,5,12582912,9,0,0,0
19.60862053100027,1779567075.18115,4313,35978,6,12582912,9,0,0,0
19.60862053100027,1779567075.18115,4313,35979,7,12582912,7,0,0,0
19.678251098001056,1779567075.2507823,4314,35980,0,12582912,3,0,0,0
19.678251098001056,1779567075.2507823,4314,35981,1,12582912,1,0,0,0
19.678251098001056,1779567075.2507823,4314,35982,2,12582912,1,0,0,0
19.678251098001056,1779567075.2507823,4314,35983,3,12582912,1,0,0,0
19.678251098001056,1779567075.2507823,4314,35984,4,12582912,0,0,0,0
19.678251098001056,1779567075.2507823,4314,35985,5,12582912,-3,0,0,0
19.678251098001056,1779567075.2507823,4314,35986,6,12582912,-5,0,0,0
19.678251098001056,1779567075.2507823,4314,35987,7,12582912,-5,0,0,0
19.678559633999612,1779567075.2510889,4315,35988,0,12582912,-5,0,0,0
19.678559633999612,1779567075.2510889,4315,35989,1,12582912,-6,0,0,0
19.678559633999612,1779567075.2510889,4315,35990,2,12582912,-6,0,0,0
19.678559633999612,1779567075.2510889,4315,35991,3,12582912,-3,0,0,0
19.678559633999612,1779567075.2510889,4315,35992,4,12582912,0,0,0,0
19.678559633999612,1779567075.2510889,4315,35993,5,12582912,1,0,0,0
19.678559633999612,1779567075.2510889,4315,35994,6,12582912,1,0,0,0
19.678559633999612,1779567075.2510889,4315,35995,7,12582912,0,0,0,0
19.72477458100002,1779567075.2973056,4316,35996,0,12582912,-4,0,0,0
19.72477458100002,1779567075.2973056,4316,35997,1,12582912,-10,0,0,0
19.72477458100002,1779567075.2973056,4316,35998,2,12582912,-14,0,0,0
19.72477458100002,1779567075.2973056,4316,35999,3,12582912,-16,0,0,0
19.72477458100002,1779567075.2973056,4316,36000,4,12582912,-15,0,0,0
19.72477458100002,1779567075.2973056,4316,36001,5,12582912,-15,0,0,0
19.72477458100002,1779567075.2973056,4316,36002,6,12582912,-9,0,0,0
19.72477458100002,1779567075.2973056,4316,36003,7,12582912,13,0,0,0
19.79773821300114,1779567075.3702693,4317,36004,0,12582912,30,0,0,0
19.79773821300114,1779567075.3702693,4317,36005,1,12582912,13,0,0,0
19.79773821300114,1779567075.3702693,4317,36006,2,12582912,-16,0,0,0
19.79773821300114,1779567075.3702693,4317,36007,3,12582912,-19,0,0,0
19.79773821300114,1779567075.3702693,4317,36008,4,12582912,4,0,0,0
19.79773821300114,1779567075.3702693,4317,36009,5,12582912,19,0,0,0
19.79773821300114,1779567075.3702693,4317,36010,6,12582912,6,0,0,0
19.79773821300114,1779567075.3702693,4317,36011,7,12582912,-16,0,0,0
19.79813601800015,1779567075.3706658,4318,36012,0,12582912,-17,0,0,0
19.79813601800015,1779567075.3706658,4318,36013,1,12582912,5,0,0,0
19.79813601800015,1779567075.3706658,4318,36014,2,12582912,20,0,0,0
19.79813601800015,1779567075.3706658,4318,36015,3,12582912,12,0,0,0
19.79813601800015,1779567075.3706658,4318,36016,4,12582912,-5,0,0,0
19.79813601800015,1779567075.3706658,4318,36017,5,12582912,-6,0,0,0
19.79813601800015,1779567075.3706658,4318,36018,6,12582912,10,0,0,0
19.79813601800015,1779567075.3706658,4318,36019,7,12582912,23,0,0,0
19.85361309000109,1779567075.4261436,4319,36020,0,12582912,18,0,0,0
19.85361309000109,1779567075.4261436,4319,36021,1,12582912,5,0,0,0
19.85361309000109,1779567075.4261436,4319,36022,2,12582912,0,0,0,0
19.85361309000109,1779567075.4261436,4319,36023,3,12582912,6,0,0,0
19.85361309000109,1779567075.4261436,4319,36024,4,12582912,12,0,0,0
19.85361309000109,1779567075.4261436,4319,36025,5,12582912,6,0,0,0
19.85361309000109,1779567075.4261436,4319,36026,6,12582912,-5,0,0,0
19.85361309000109,1779567075.4261436,4319,36027,7,12582912,-11,0,0,0
19.854028030000336,1779567075.4265578,4320,36028,0,12582912,-6,0,0,0
19.854028030000336,1779567075.4265578,4320,36029,1,12582912,-1,0,0,0
19.854028030000336,1779567075.4265578,4320,36030,2,12582912,-4,0,0,0
19.854028030000336,1779567075.4265578,4320,36031,3,12582912,-12,0,0,0
19.854028030000336,1779567075.4265578,4320,36032,4,12582912,-13,0,0,0
19.854028030000336,1779567075.4265578,4320,36033,5,12582912,-5,0,0,0
19.854028030000336,1779567075.4265578,4320,36034,6,12582912,0,0,0,0
19.854028030000336,1779567075.4265578,4320,36035,7,12582912,-4,0,0,0
19.875689149999744,1779567075.4482203,4321,36036,0,12582912,-8,0,0,0
19.875689149999744,1779567075.4482203,4321,36037,1,12582912,-5,0,0,0
19.875689149999744,1779567075.4482203,4321,36038,2,12582912,0,0,0,0
19.875689149999744,1779567075.4482203,4321,36039,3,12582912,2,0,0,0
19.875689149999744,1779567075.4482203,4321,36040,4,12582912,1,0,0,0
19.875689149999744,1779567075.4482203,4321,36041,5,12582912,-1,0,0,0
19.875689149999744,1779567075.4482203,4321,36042,6,12582912,-1,0,0,0
19.875689149999744,1779567075.4482203,4321,36043,7,12582912,4,0,0,0
20.11688735000098,1779567075.6894183,4322,36044,0,12582912,8,0,0,0
20.11688735000098,1779567075.6894183,4322,36045,1,12582912,8,0,0,0
20.11688735000098,1779567075.6894183,4322,36046,2,12582912,5,0,0,0
20.11688735000098,1779567075.6894183,4322,36047,3,12582912,4,0,0,0
20.11688735000098,1779567075.6894183,4322,36048,4,12582912,6,0,0,0
20.11688735000098,1779567075.6894183,4322,36049,5,12582912,6,0,0,0
20.11688735000098,1779567075.6894183,4322,36050,6,12582912,5,0,0,0
20.11688735000098,1779567075.6894183,4322,36051,7,12582912,4,0,0,0
20.11720093800068,1779567075.6897311,4323,36052,0,12582912,1,0,0,0
20.11720093800068,1779567075.6897311,4323,36053,1,12582912,-5,0,0,0
20.11720093800068,1779567075.6897311,4323,36054,2,12582912,-9,0,0,0
20.11720093800068,1779567075.6897311,4323,36055,3,12582912,-9,0,0,0
20.11720093800068,1779567075.6897311,4323,36056,4,12582912,-10,0,0,0
20.11720093800068,1779567075.6897311,4323,36057,5,12582912,-11,0,0,0
20.11720093800068,1779567075.6897311,4323,36058,6,12582912,-8,0,0,0
20.11720093800068,1779567075.6897311,4323,36059,7,12582912,-2,0,0,0
20.15998625999964,1779567075.7325168,4324,36060,0,12582912,5,0,0,0
20.15998625999964,1779567075.7325168,4324,36061,1,12582912,10,0,0,0
20.15998625999964,1779567075.7325168,4324,36062,2,12582912,11,0,0,0
20.15998625999964,1779567075.7325168,4324,36063,3,12582912,11,0,0,0
20.15998625999964,1779567075.7325168,4324,36064,4,12582912,11,0,0,0
20.15998625999964,1779567075.7325168,4324,36065,5,12582912,10,0,0,0
20.15998625999964,1779567075.7325168,4324,36066,6,12582912,4,0,0,0
20.15998625999964,1779567075.7325168,4324,36067,7,12582912,-3,0,0,0
20.18160665100004,1779567075.7541375,4325,36068,0,12582912,-2,0,0,0
20.18160665100004,1779567075.7541375,4325,36069,1,12582912,5,0,0,0
20.18160665100004,1779567075.7541375,4325,36070,2,12582912,10,0,0,0
20.18160665100004,1779567075.7541375,4325,36071,3,12582912,9,0,0,0
20.18160665100004,1779567075.7541375,4325,36072,4,12582912,3,0,0,0
20.18160665100004,1779567075.7541375,4325,36073,5,12582912,-2,0,0,0
20.18160665100004,1779567075.7541375,4325,36074,6,12582912,-6,0,0,0
20.18160665100004,1779567075.7541375,4325,36075,7,12582912,-7,0,0,0
20.216669143999752,1779567075.7892,4326,36076,0,12582912,-7,0,0,0
20.216669143999752,1779567075.7892,4326,36077,1,12582912,-7,0,0,0
20.216669143999752,1779567075.7892,4326,36078,2,12582912,-5,0,0,0
20.216669143999752,1779567075.7892,4326,36079,3,12582912,-5,0,0,0
20.216669143999752,1779567075.7892,4326,36080,4,12582912,-7,0,0,0
20.216669143999752,1779567075.7892,4326,36081,5,12582912,-11,0,0,0
20.216669143999752,1779567075.7892,4326,36082,6,12582912,-13,0,0,0
20.216669143999752,1779567075.7892,4326,36083,7,12582912,-11,0,0,0
20.27584140900035,1779567075.8483722,4327,36084,0,12582912,-6,0,0,0
20.27584140900035,1779567075.8483722,4327,36085,1,12582912,-2,0,0,0
20.27584140900035,1779567075.8483722,4327,36086,2,12582912,-3,0,0,0
20.27584140900035,1779567075.8483722,4327,36087,3,12582912,-5,0,0,0
20.27584140900035,1779567075.8483722,4327,36088,4,12582912,-5,0,0,0
20.27584140900035,1779567075.8483722,4327,36089,5,12582912,-3,0,0,0
20.27584140900035,1779567075.8483722,4327,36090,6,12582912,-1,0,0,0
20.27584140900035,1779567075.8483722,4327,36091,7,12582912,0,0,0,0
20.276148539000133,1779567075.8486786,4328,36092,0,12582912,1,0,0,0
20.276148539000133,1779567075.8486786,4328,36093,1,12582912,-2,0,0,0
20.276148539000133,1779567075.8486786,4328,36094,2,12582912,-5,0,0,0
20.276148539000133,1779567075.8486786,4328,36095,3,12582912,-7,0,0,0
20.276148539000133,1779567075.8486786,4328,36096,4,12582912,-4,0,0,0
20.276148539000133,1779567075.8486786,4328,36097,5,12582912,-1,0,0,0
20.276148539000133,1779567075.8486786,4328,36098,6,12582912,3,0,0,0
20.276148539000133,1779567075.8486786,4328,36099,7,12582912,5,0,0,0
20.318923913000617,1779567075.891455,4329,36100,0,12582912,3,0,0,0
20.318923913000617,1779567075.891455,4329,36101,1,12582912,-2,0,0,0
20.318923913000617,1779567075.891455,4329,36102,2,12582912,-7,0,0,0
20.318923913000617,1779567075.891455,4329,36103,3,12582912,-9,0,0,0
20.318923913000617,1779567075.891455,4329,36104,4,12582912,-7,0,0,0
20.318923913000617,1779567075.891455,4329,36105,5,12582912,-5,0,0,0
20.318923913000617,1779567075.891455,4329,36106,6,12582912,-5,0,0,0
20.318923913000617,1779567075.891455,4329,36107,7,12582912,-4,0,0,0
20.340555189999577,1779567075.913086,4330,36108,0,12582912,-1,0,0,0
20.340555189999577,1779567075.913086,4330,36109,1,12582912,1,0,0,0
20.340555189999577,1779567075.913086,4330,36110,2,12582912,3,0,0,0
20.340555189999577,1779567075.913086,4330,36111,3,12582912,5,0,0,0
20.340555189999577,1779567075.913086,4330,36112,4,12582912,6,0,0,0
20.340555189999577,1779567075.913086,4330,36113,5,12582912,6,0,0,0
20.340555189999577,1779567075.913086,4330,36114,6,12582912,7,0,0,0
20.340555189999577,1779567075.913086,4330,36115,7,12582912,8,0,0,0
20.383357021999473,1779567075.9558878,4331,36116,0,12582912,7,0,0,0
20.383357021999473,1779567075.9558878,4331,36117,1,12582912,4,0,0,0
20.383357021999473,1779567075.9558878,4331,36118,2,12582912,0,0,0,0
20.383357021999473,1779567075.9558878,4331,36119,3,12582912,-1,0,0,0
20.383357021999473,1779567075.9558878,4331,36120,4,12582912,0,0,0,0
20.383357021999473,1779567075.9558878,4331,36121,5,12582912,-2,0,0,0
20.383357021999473,1779567075.9558878,4331,36122,6,12582912,-5,0,0,0
20.383357021999473,1779567075.9558878,4331,36123,7,12582912,-6,0,0,0
20.404979443999764,1779567075.9775105,4332,36124,0,12582912,-6,0,0,0
20.404979443999764,1779567075.9775105,4332,36125,1,12582912,-4,0,0,0
20.404979443999764,1779567075.9775105,4332,36126,2,12582912,-3,0,0,0
20.404979443999764,1779567075.9775105,4332,36127,3,12582912,-4,0,0,0
20.404979443999764,1779567075.9775105,4332,36128,4,12582912,-7,0,0,0
20.404979443999764,1779567075.9775105,4332,36129,5,12582912,-8,0,0,0
20.404979443999764,1779567075.9775105,4332,36130,6,12582912,-9,0,0,0
20.404979443999764,1779567075.9775105,4332,36131,7,12582912,-9,0,0,0
20.488791579000463,1779567076.0613217,4333,36132,0,12582912,-7,0,0,0
20.488791579000463,1779567076.0613217,4333,36133,1,12582912,-7,0,0,0
20.488791579000463,1779567076.0613217,4333,36134,2,12582912,-9,0,0,0
20.488791579000463,1779567076.0613217,4333,36135,3,12582912,-10,0,0,0
20.488791579000463,1779567076.0613217,4333,36136,4,12582912,-9,0,0,0
20.488791579000463,1779567076.0613217,4333,36137,5,12582912,-6,0,0,0
20.488791579000463,1779567076.0613217,4333,36138,6,12582912,-4,0,0,0
20.488791579000463,1779567076.0613217,4333,36139,7,12582912,-3,0,0,0
20.48891569099942,1779567076.061444,4334,36140,0,12582912,-1,0,0,0
20.48891569099942,1779567076.061444,4334,36141,1,12582912,0,0,0,0
20.48891569099942,1779567076.061444,4334,36142,2,12582912,-2,0,0,0
20.48891569099942,1779567076.061444,4334,36143,3,12582912,-4,0,0,0
20.48891569099942,1779567076.061444,4334,36144,4,12582912,-4,0,0,0
20.48891569099942,1779567076.061444,4334,36145,5,12582912,-3,0,0,0
20.48891569099942,1779567076.061444,4334,36146,6,12582912,-4,0,0,0
20.48891569099942,1779567076.061444,4334,36147,7,12582912,-5,0,0,0
20.53662097800043,1779567076.109152,4335,36148,0,12582912,-5,0,0,0
20.53662097800043,1779567076.109152,4335,36149,1,12582912,-4,0,0,0
20.53662097800043,1779567076.109152,4335,36150,2,12582912,-5,0,0,0
20.53662097800043,1779567076.109152,4335,36151,3,12582912,-8,0,0,0
20.53662097800043,1779567076.109152,4335,36152,4,12582912,-11,0,0,0
20.53662097800043,1779567076.109152,4335,36153,5,12582912,-11,0,0,0
20.53662097800043,1779567076.109152,4335,36154,6,12582912,-9,0,0,0
20.53662097800043,1779567076.109152,4335,36155,7,12582912,-8,0,0,0
20.536925816000803,1779567076.1094558,4336,36156,0,12582912,-9,0,0,0
20.536925816000803,1779567076.1094558,4336,36157,1,12582912,-9,0,0,0
20.536925816000803,1779567076.1094558,4336,36158,2,12582912,-11,0,0,0
20.536925816000803,1779567076.1094558,4336,36159,3,12582912,-12,0,0,0
20.536925816000803,1779567076.1094558,4336,36160,4,12582912,-12,0,0,0
20.536925816000803,1779567076.1094558,4336,36161,5,12582912,-11,0,0,0
20.536925816000803,1779567076.1094558,4336,36162,6,12582912,-11,0,0,0
20.536925816000803,1779567076.1094558,4336,36163,7,12582912,-14,0,0,0
20.579667598000015,1779567076.1521983,4337,36164,0,12582912,-16,0,0,0
20.579667598000015,1779567076.1521983,4337,36165,1,12582912,-16,0,0,0
20.579667598000015,1779567076.1521983,4337,36166,2,12582912,-16,0,0,0
20.579667598000015,1779567076.1521983,4337,36167,3,12582912,-15,0,0,0
20.579667598000015,1779567076.1521983,4337,36168,4,12582912,-13,0,0,0
20.579667598000015,1779567076.1521983,4337,36169,5,12582912,-11,0,0,0
20.579667598000015,1779567076.1521983,4337,36170,6,12582912,-10,0,0,0
20.579667598000015,1779567076.1521983,4337,36171,7,12582912,-9,0,0,0
20.60129741700075,1779567076.1738281,4338,36172,0,12582912,-8,0,0,0
20.60129741700075,1779567076.1738281,4338,36173,1,12582912,-5,0,0,0
20.60129741700075,1779567076.1738281,4338,36174,2,12582912,-1,0,0,0
20.60129741700075,1779567076.1738281,4338,36175,3,12582912,2,0,0,0
20.60129741700075,1779567076.1738281,4338,36176,4,12582912,2,0,0,0
20.60129741700075,1779567076.1738281,4338,36177,5,12582912,2,0,0,0
20.60129741700075,1779567076.1738281,4338,36178,6,12582912,2,0,0,0
20.60129741700075,1779567076.1738281,4338,36179,7,12582912,2,0,0,0
20.62924436100002,1779567076.201775,4339,36180,0,12582912,0,0,0,0
20.62924436100002,1779567076.201775,4339,36181,1,12582912,-1,0,0,0
20.62924436100002,1779567076.201775,4339,36182,2,12582912,-3,0,0,0
20.62924436100002,1779567076.201775,4339,36183,3,12582912,-6,0,0,0
20.62924436100002,1779567076.201775,4339,36184,4,12582912,-7,0,0,0
20.62924436100002,1779567076.201775,4339,36185,5,12582912,-5,0,0,0
20.62924436100002,1779567076.201775,4339,36186,6,12582912,-2,0,0,0
20.62924436100002,1779567076.201775,4339,36187,7,12582912,-2,0,0,0
20.671943696001108,1779567076.2444744,4340,36188,0,12582912,-3,0,0,0
20.671943696001108,1779567076.2444744,4340,36189,1,12582912,-2,0,0,0
20.671943696001108,1779567076.2444744,4340,36190,2,12582912,-1,0,0,0
20.671943696001108,1779567076.2444744,4340,36191,3,12582912,0,0,0,0
20.671943696001108,1779567076.2444744,4340,36192,4,12582912,-2,0,0,0
20.671943696001108,1779567076.2444744,4340,36193,5,12582912,-5,0,0,0
20.671943696001108,1779567076.2444744,4340,36194,6,12582912,-5,0,0,0
20.671943696001108,1779567076.2444744,4340,36195,7,12582912,0,0,0,0
20.693573984000977,1779567076.2661052,4341,36196,0,12582912,2,0,0,0
20.693573984000977,1779567076.2661052,4341,36197,1,12582912,3,0,0,0
20.693573984000977,1779567076.2661052,4341,36198,2,12582912,3,0,0,0
20.693573984000977,1779567076.2661052,4341,36199,3,12582912,4,0,0,0
20.693573984000977,1779567076.2661052,4341,36200,4,12582912,6,0,0,0
20.693573984000977,1779567076.2661052,4341,36201,5,12582912,6,0,0,0
20.693573984000977,1779567076.2661052,4341,36202,6,12582912,2,0,0,0
20.693573984000977,1779567076.2661052,4341,36203,7,12582912,-1,0,0,0
20.743215225000313,1779567076.3157465,4342,36204,0,12582912,-2,0,0,0
20.743215225000313,1779567076.3157465,4342,36205,1,12582912,-1,0,0,0
20.743215225000313,1779567076.3157465,4342,36206,2,12582912,1,0,0,0
20.743215225000313,1779567076.3157465,4342,36207,3,12582912,4,0,0,0
20.743215225000313,1779567076.3157465,4342,36208,4,12582912,5,0,0,0
20.743215225000313,1779567076.3157465,4342,36209,5,12582912,4,0,0,0
20.743215225000313,1779567076.3157465,4342,36210,6,12582912,3,0,0,0
20.743215225000313,1779567076.3157465,4342,36211,7,12582912,3,0,0,0
20.81710613299947,1779567076.3896368,4343,36212,0,12582912,1,0,0,0
20.81710613299947,1779567076.3896368,4343,36213,1,12582912,1,0,0,0
20.81710613299947,1779567076.3896368,4343,36214,2,12582912,3,0,0,0
20.81710613299947,1779567076.3896368,4343,36215,3,12582912,6,0,0,0
20.81710613299947,1779567076.3896368,4343,36216,4,12582912,7,0,0,0
20.81710613299947,1779567076.3896368,4343,36217,5,12582912,5,0,0,0
20.81710613299947,1779567076.3896368,4343,36218,6,12582912,3,0,0,0
20.81710613299947,1779567076.3896368,4343,36219,7,12582912,2,0,0,0
20.81745279400093,1779567076.389983,4344,36220,0,12582912,1,0,0,0
20.81745279400093,1779567076.389983,4344,36221,1,12582912,0,0,0,0
20.81745279400093,1779567076.389983,4344,36222,2,12582912,0,0,0,0
20.81745279400093,1779567076.389983,4344,36223,3,12582912,2,0,0,0
20.81745279400093,1779567076.389983,4344,36224,4,12582912,3,0,0,0
20.81745279400093,1779567076.389983,4344,36225,5,12582912,2,0,0,0
20.81745279400093,1779567076.389983,4344,36226,6,12582912,2,0,0,0
20.81745279400093,1779567076.389983,4344,36227,7,12582912,4,0,0,0
20.839154225999664,1779567076.4116848,4345,36228,0,12582912,6,0,0,0
20.839154225999664,1779567076.4116848,4345,36229,1,12582912,8,0,0,0
20.839154225999664,1779567076.4116848,4345,36230,2,12582912,10,0,0,0
20.839154225999664,1779567076.4116848,4345,36231,3,12582912,12,0,0,0
20.839154225999664,1779567076.4116848,4345,36232,4,12582912,13,0,0,0
20.839154225999664,1779567076.4116848,4345,36233,5,12582912,11,0,0,0
20.839154225999664,1779567076.4116848,4345,36234,6,12582912,9,0,0,0
20.839154225999664,1779567076.4116848,4345,36235,7,12582912,11,0,0,0
20.882349228999374,1779567076.4548805,4346,36236,0,12582912,12,0,0,0
20.882349228999374,1779567076.4548805,4346,36237,1,12582912,12,0,0,0
20.882349228999374,1779567076.4548805,4346,36238,2,12582912,9,0,0,0
20.882349228999374,1779567076.4548805,4346,36239,3,12582912,7,0,0,0
20.882349228999374,1779567076.4548805,4346,36240,4,12582912,10,0,0,0
20.882349228999374,1779567076.4548805,4346,36241,5,12582912,14,0,0,0
20.882349228999374,1779567076.4548805,4346,36242,6,12582912,16,0,0,0
20.882349228999374,1779567076.4548805,4346,36243,7,12582912,13,0,0,0
20.904058317000818,1779567076.4765892,4347,36244,0,12582912,9,0,0,0
20.904058317000818,1779567076.4765892,4347,36245,1,12582912,6,0,0,0
20.904058317000818,1779567076.4765892,4347,36246,2,12582912,4,0,0,0
20.904058317000818,1779567076.4765892,4347,36247,3,12582912,0,0,0,0
20.904058317000818,1779567076.4765892,4347,36248,4,12582912,-3,0,0,0
20.904058317000818,1779567076.4765892,4347,36249,5,12582912,-3,0,0,0
20.904058317000818,1779567076.4765892,4347,36250,6,12582912,-3,0,0,0
20.904058317000818,1779567076.4765892,4347,36251,7,12582912,-3,0,0,0
20.92570297900056,1779567076.4982338,4348,36252,0,12582912,-3,0,0,0
20.92570297900056,1779567076.4982338,4348,36253,1,12582912,-4,0,0,0
20.92570297900056,1779567076.4982338,4348,36254,2,12582912,-3,0,0,0
20.92570297900056,1779567076.4982338,4348,36255,3,12582912,0,0,0,0
20.92570297900056,1779567076.4982338,4348,36256,4,12582912,3,0,0,0
20.92570297900056,1779567076.4982338,4348,36257,5,12582912,5,0,0,0
20.92570297900056,1779567076.4982338,4348,36258,6,12582912,5,0,0,0
20.92570297900056,1779567076.4982338,4348,36259,7,12582912,7,0,0,0
20.962272529000984,1779567076.5348036,4349,36260,0,12582912,9,0,0,0
20.962272529000984,1779567076.5348036,4349,36261,1,12582912,9,0,0,0
20.962272529000984,1779567076.5348036,4349,36262,2,12582912,8,0,0,0
20.962272529000984,1779567076.5348036,4349,36263,3,12582912,8,0,0,0
20.962272529000984,1779567076.5348036,4349,36264,4,12582912,10,0,0,0
20.962272529000984,1779567076.5348036,4349,36265,5,12582912,13,0,0,0
20.962272529000984,1779567076.5348036,4349,36266,6,12582912,14,0,0,0
20.962272529000984,1779567076.5348036,4349,36267,7,12582912,14,0,0,0
20.99668149200079,1779567076.5692124,4350,36268,0,12582912,13,0,0,0
20.99668149200079,1779567076.5692124,4350,36269,1,12582912,14,0,0,0
20.99668149200079,1779567076.5692124,4350,36270,2,12582912,16,0,0,0
20.99668149200079,1779567076.5692124,4350,36271,3,12582912,15,0,0,0
20.99668149200079,1779567076.5692124,4350,36272,4,12582912,8,0,0,0
20.99668149200079,1779567076.5692124,4350,36273,5,12582912,2,0,0,0
20.99668149200079,1779567076.5692124,4350,36274,6,12582912,1,0,0,0
20.99668149200079,1779567076.5692124,4350,36275,7,12582912,2,0,0,0
21.018387194999377,1779567076.5909178,4351,36276,0,12582912,3,0,0,0
21.018387194999377,1779567076.5909178,4351,36277,1,12582912,2,0,0,0
21.018387194999377,1779567076.5909178,4351,36278,2,12582912,2,0,0,0
21.018387194999377,1779567076.5909178,4351,36279,3,12582912,4,0,0,0
21.018387194999377,1779567076.5909178,4351,36280,4,12582912,6,0,0,0
21.018387194999377,1779567076.5909178,4351,36281,5,12582912,8,0,0,0
21.018387194999377,1779567076.5909178,4351,36282,6,12582912,11,0,0,0
21.018387194999377,1779567076.5909178,4351,36283,7,12582912,15,0,0,0
21.061095801000192,1779567076.6336267,4352,36284,0,12582912,19,0,0,0
21.061095801000192,1779567076.6336267,4352,36285,1,12582912,19,0,0,0
21.061095801000192,1779567076.6336267,4352,36286,2,12582912,17,0,0,0
21.061095801000192,1779567076.6336267,4352,36287,3,12582912,16,0,0,0
21.061095801000192,1779567076.6336267,4352,36288,4,12582912,16,0,0,0
21.061095801000192,1779567076.6336267,4352,36289,5,12582912,17,0,0,0
21.061095801000192,1779567076.6336267,4352,36290,6,12582912,20,0,0,0
21.061095801000192,1779567076.6336267,4352,36291,7,12582912,22,0,0,0
21.08279108699935,1779567076.655322,4353,36292,0,12582912,24,0,0,0
21.08279108699935,1779567076.655322,4353,36293,1,12582912,24,0,0,0
21.08279108699935,1779567076.655322,4353,36294,2,12582912,25,0,0,0
21.08279108699935,1779567076.655322,4353,36295,3,12582912,26,0,0,0
21.08279108699935,1779567076.655322,4353,36296,4,12582912,25,0,0,0
21.08279108699935,1779567076.655322,4353,36297,5,12582912,22,0,0,0
21.08279108699935,1779567076.655322,4353,36298,6,12582912,16,0,0,0
21.08279108699935,1779567076.655322,4353,36299,7,12582912,8,0,0,0
21.131512760999613,1779567076.7040436,4354,36300,0,12582912,5,0,0,0
21.131512760999613,1779567076.7040436,4354,36301,1,12582912,5,0,0,0
21.131512760999613,1779567076.7040436,4354,36302,2,12582912,6,0,0,0
21.131512760999613,1779567076.7040436,4354,36303,3,12582912,10,0,0,0
21.131512760999613,1779567076.7040436,4354,36304,4,12582912,12,0,0,0
21.131512760999613,1779567076.7040436,4354,36305,5,12582912,12,0,0,0
21.131512760999613,1779567076.7040436,4354,36306,6,12582912,10,0,0,0
21.131512760999613,1779567076.7040436,4354,36307,7,12582912,9,0,0,0
21.168600738999885,1779567076.7411315,4355,36308,0,12582912,8,0,0,0
21.168600738999885,1779567076.7411315,4355,36309,1,12582912,7,0,0,0
21.168600738999885,1779567076.7411315,4355,36310,2,12582912,7,0,0,0
21.168600738999885,1779567076.7411315,4355,36311,3,12582912,7,0,0,0
21.168600738999885,1779567076.7411315,4355,36312,4,12582912,9,0,0,0
21.168600738999885,1779567076.7411315,4355,36313,5,12582912,10,0,0,0
21.168600738999885,1779567076.7411315,4355,36314,6,12582912,10,0,0,0
21.168600738999885,1779567076.7411315,4355,36315,7,12582912,13,0,0,0
21.19034701400051,1779567076.7628777,4356,36316,0,12582912,16,0,0,0
21.19034701400051,1779567076.7628777,4356,36317,1,12582912,18,0,0,0
21.19034701400051,1779567076.7628777,4356,36318,2,12582912,19,0,0,0
21.19034701400051,1779567076.7628777,4356,36319,3,12582912,20,0,0,0
21.19034701400051,1779567076.7628777,4356,36320,4,12582912,21,0,0,0
21.19034701400051,1779567076.7628777,4356,36321,5,12582912,22,0,0,0
21.19034701400051,1779567076.7628777,4356,36322,6,12582912,21,0,0,0
21.19034701400051,1779567076.7628777,4356,36323,7,12582912,17,0,0,0
21.212001103000148,1779567076.784532,4357,36324,0,12582912,14,0,0,0
21.212001103000148,1779567076.784532,4357,36325,1,12582912,12,0,0,0
21.212001103000148,1779567076.784532,4357,36326,2,12582912,10,0,0,0
21.212001103000148,1779567076.784532,4357,36327,3,12582912,7,0,0,0
21.212001103000148,1779567076.784532,4357,36328,4,12582912,5,0,0,0
21.212001103000148,1779567076.784532,4357,36329,5,12582912,6,0,0,0
21.212001103000148,1779567076.784532,4357,36330,6,12582912,8,0,0,0
21.212001103000148,1779567076.784532,4357,36331,7,12582912,10,0,0,0
21.293378907999795,1779567076.86591,4358,36332,0,12582912,8,0,0,0
21.293378907999795,1779567076.86591,4358,36333,1,12582912,6,0,0,0
21.293378907999795,1779567076.86591,4358,36334,2,12582912,6,0,0,0
21.293378907999795,1779567076.86591,4358,36335,3,12582912,5,0,0,0
21.293378907999795,1779567076.86591,4358,36336,4,12582912,4,0,0,0
21.293378907999795,1779567076.86591,4358,36337,5,12582912,2,0,0,0
21.293378907999795,1779567076.86591,4358,36338,6,12582912,1,0,0,0
21.293378907999795,1779567076.86591,4358,36339,7,12582912,0,0,0,0
21.293549633999646,1779567076.866078,4359,36340,0,12582912,2,0,0,0
21.293549633999646,1779567076.866078,4359,36341,1,12582912,4,0,0,0
21.293549633999646,1779567076.866078,4359,36342,2,12582912,4,0,0,0
21.293549633999646,1779567076.866078,4359,36343,3,12582912,1,0,0,0
21.293549633999646,1779567076.866078,4359,36344,4,12582912,0,0,0,0
21.293549633999646,1779567076.866078,4359,36345,5,12582912,1,0,0,0
21.293549633999646,1779567076.866078,4359,36346,6,12582912,3,0,0,0
21.293549633999646,1779567076.866078,4359,36347,7,12582912,4,0,0,0
21.31516044199998,1779567076.8876913,4360,36348,0,12582912,3,0,0,0
21.31516044199998,1779567076.8876913,4360,36349,1,12582912,-3,0,0,0
21.31516044199998,1779567076.8876913,4360,36350,2,12582912,-10,0,0,0
21.31516044199998,1779567076.8876913,4360,36351,3,12582912,-15,0,0,0
21.31516044199998,1779567076.8876913,4360,36352,4,12582912,-13,0,0,0
21.31516044199998,1779567076.8876913,4360,36353,5,12582912,-9,0,0,0
21.31516044199998,1779567076.8876913,4360,36354,6,12582912,-8,0,0,0
21.31516044199998,1779567076.8876913,4360,36355,7,12582912,-6,0,0,0
21.336827813000127,1779567076.9093587,4361,36356,0,12582912,-1,0,0,0
21.336827813000127,1779567076.9093587,4361,36357,1,12582912,4,0,0,0
21.336827813000127,1779567076.9093587,4361,36358,2,12582912,8,0,0,0
21.336827813000127,1779567076.9093587,4361,36359,3,12582912,10,0,0,0
21.336827813000127,1779567076.9093587,4361,36360,4,12582912,13,0,0,0
21.336827813000127,1779567076.9093587,4361,36361,5,12582912,16,0,0,0
21.336827813000127,1779567076.9093587,4361,36362,6,12582912,17,0,0,0
21.336827813000127,1779567076.9093587,4361,36363,7,12582912,16,0,0,0
21.373003566999614,1779567076.9455345,4362,36364,0,12582912,15,0,0,0
21.373003566999614,1779567076.9455345,4362,36365,1,12582912,15,0,0,0
21.373003566999614,1779567076.9455345,4362,36366,2,12582912,16,0,0,0
21.373003566999614,1779567076.9455345,4362,36367,3,12582912,14,0,0,0
21.373003566999614,1779567076.9455345,4362,36368,4,12582912,11,0,0,0
21.373003566999614,1779567076.9455345,4362,36369,5,12582912,10,0,0,0
21.373003566999614,1779567076.9455345,4362,36370,6,12582912,10,0,0,0
21.373003566999614,1779567076.9455345,4362,36371,7,12582912,8,0,0,0
21.39467895800044,1779567076.9672103,4363,36372,0,12582912,4,0,0,0
21.39467895800044,1779567076.9672103,4363,36373,1,12582912,-1,0,0,0
21.39467895800044,1779567076.9672103,4363,36374,2,12582912,-6,0,0,0
21.39467895800044,1779567076.9672103,4363,36375,3,12582912,-8,0,0,0
21.39467895800044,1779567076.9672103,4363,36376,4,12582912,-8,0,0,0
21.39467895800044,1779567076.9672103,4363,36377,5,12582912,-11,0,0,0
21.39467895800044,1779567076.9672103,4363,36378,6,12582912,-12,0,0,0
21.39467895800044,1779567076.9672103,4363,36379,7,12582912,-10,0,0,0
21.437319439999555,1779567077.0098503,4364,36380,0,12582912,-7,0,0,0
21.437319439999555,1779567077.0098503,4364,36381,1,12582912,-7,0,0,0
21.437319439999555,1779567077.0098503,4364,36382,2,12582912,-8,0,0,0
21.437319439999555,1779567077.0098503,4364,36383,3,12582912,-7,0,0,0
21.437319439999555,1779567077.0098503,4364,36384,4,12582912,-6,0,0,0
21.437319439999555,1779567077.0098503,4364,36385,5,12582912,-4,0,0,0
21.437319439999555,1779567077.0098503,4364,36386,6,12582912,-1,0,0,0
21.437319439999555,1779567077.0098503,4364,36387,7,12582912,1,0,0,0
21.45892967600048,1779567077.0314605,4365,36388,0,12582912,1,0,0,0
21.45892967600048,1779567077.0314605,4365,36389,1,12582912,1,0,0,0
21.45892967600048,1779567077.0314605,4365,36390,2,12582912,4,0,0,0
21.45892967600048,1779567077.0314605,4365,36391,3,12582912,9,0,0,0
21.45892967600048,1779567077.0314605,4365,36392,4,12582912,13,0,0,0
21.45892967600048,1779567077.0314605,4365,36393,5,12582912,14,0,0,0
21.45892967600048,1779567077.0314605,4365,36394,6,12582912,13,0,0,0
21.45892967600048,1779567077.0314605,4365,36395,7,12582912,11,0,0,0
21.493392284999572,1779567077.065923,4366,36396,0,12582912,9,0,0,0
21.493392284999572,1779567077.065923,4366,36397,1,12582912,7,0,0,0
21.493392284999572,1779567077.065923,4366,36398,2,12582912,4,0,0,0
21.493392284999572,1779567077.065923,4366,36399,3,12582912,3,0,0,0
21.493392284999572,1779567077.065923,4366,36400,4,12582912,4,0,0,0
21.493392284999572,1779567077.065923,4366,36401,5,12582912,4,0,0,0
21.493392284999572,1779567077.065923,4366,36402,6,12582912,0,0,0,0
21.493392284999572,1779567077.065923,4366,36403,7,12582912,-5,0,0,0
21.536247661000743,1779567077.1087785,4367,36404,0,12582912,-7,0,0,0
21.536247661000743,1779567077.1087785,4367,36405,1,12582912,-6,0,0,0
21.536247661000743,1779567077.1087785,4367,36406,2,12582912,-5,0,0,0
21.536247661000743,1779567077.1087785,4367,36407,3,12582912,-6,0,0,0
21.536247661000743,1779567077.1087785,4367,36408,4,12582912,-8,0,0,0
21.536247661000743,1779567077.1087785,4367,36409,5,12582912,-10,0,0,0
21.536247661000743,1779567077.1087785,4367,36410,6,12582912,-14,0,0,0
21.536247661000743,1779567077.1087785,4367,36411,7,12582912,-14,0,0,0
21.557916906000173,1779567077.1304479,4368,36412,0,12582912,-10,0,0,0
21.557916906000173,1779567077.1304479,4368,36413,1,12582912,-4,0,0,0
21.557916906000173,1779567077.1304479,4368,36414,2,12582912,1,0,0,0
21.557916906000173,1779567077.1304479,4368,36415,3,12582912,5,0,0,0
21.557916906000173,1779567077.1304479,4368,36416,4,12582912,6,0,0,0
21.557916906000173,1779567077.1304479,4368,36417,5,12582912,5,0,0,0
21.557916906000173,1779567077.1304479,4368,36418,6,12582912,4,0,0,0
21.557916906000173,1779567077.1304479,4368,36419,7,12582912,3,0,0,0
21.594089172000167,1779567077.16662,4369,36420,0,12582912,3,0,0,0
21.594089172000167,1779567077.16662,4369,36421,1,12582912,2,0,0,0
21.594089172000167,1779567077.16662,4369,36422,2,12582912,-1,0,0,0
21.594089172000167,1779567077.16662,4369,36423,3,12582912,0,0,0,0
21.594089172000167,1779567077.16662,4369,36424,4,12582912,3,0,0,0
21.594089172000167,1779567077.16662,4369,36425,5,12582912,7,0,0,0
21.594089172000167,1779567077.16662,4369,36426,6,12582912,12,0,0,0
21.594089172000167,1779567077.16662,4369,36427,7,12582912,13,0,0,0
21.658419577999666,1779567077.23095,4370,36428,0,12582912,8,0,0,0
21.658419577999666,1779567077.23095,4370,36429,1,12582912,0,0,0,0
21.658419577999666,1779567077.23095,4370,36430,2,12582912,-3,0,0,0
21.658419577999666,1779567077.23095,4370,36431,3,12582912,-3,0,0,0
21.658419577999666,1779567077.23095,4370,36432,4,12582912,-1,0,0,0
21.658419577999666,1779567077.23095,4370,36433,5,12582912,2,0,0,0
21.658419577999666,1779567077.23095,4370,36434,6,12582912,5,0,0,0
21.658419577999666,1779567077.23095,4370,36435,7,12582912,9,0,0,0
21.658573273000002,1779567077.2311022,4371,36436,0,12582912,12,0,0,0
21.658573273000002,1779567077.2311022,4371,36437,1,12582912,11,0,0,0
21.658573273000002,1779567077.2311022,4371,36438,2,12582912,10,0,0,0
21.658573273000002,1779567077.2311022,4371,36439,3,12582912,10,0,0,0
21.658573273000002,1779567077.2311022,4371,36440,4,12582912,11,0,0,0
21.658573273000002,1779567077.2311022,4371,36441,5,12582912,10,0,0,0
21.658573273000002,1779567077.2311022,4371,36442,6,12582912,8,0,0,0
21.658573273000002,1779567077.2311022,4371,36443,7,12582912,7,0,0,0
21.70120333900013,1779567077.2737339,4372,36444,0,12582912,8,0,0,0
21.70120333900013,1779567077.2737339,4372,36445,1,12582912,8,0,0,0
21.70120333900013,1779567077.2737339,4372,36446,2,12582912,8,0,0,0
21.70120333900013,1779567077.2737339,4372,36447,3,12582912,8,0,0,0
21.70120333900013,1779567077.2737339,4372,36448,4,12582912,8,0,0,0
21.70120333900013,1779567077.2737339,4372,36449,5,12582912,6,0,0,0
21.70120333900013,1779567077.2737339,4372,36450,6,12582912,6,0,0,0
21.70120333900013,1779567077.2737339,4372,36451,7,12582912,5,0,0,0
21.72279092000099,1779567077.2953222,4373,36452,0,12582912,3,0,0,0
21.72279092000099,1779567077.2953222,4373,36453,1,12582912,1,0,0,0
21.72279092000099,1779567077.2953222,4373,36454,2,12582912,1,0,0,0
21.72279092000099,1779567077.2953222,4373,36455,3,12582912,2,0,0,0
21.72279092000099,1779567077.2953222,4373,36456,4,12582912,3,0,0,0
21.72279092000099,1779567077.2953222,4373,36457,5,12582912,2,0,0,0
21.72279092000099,1779567077.2953222,4373,36458,6,12582912,0,0,0,0
21.72279092000099,1779567077.2953222,4373,36459,7,12582912,-1,0,0,0
21.755332365999493,1779567077.3278635,4374,36460,0,12582912,-2,0,0,0
21.755332365999493,1779567077.3278635,4374,36461,1,12582912,-1,0,0,0
21.755332365999493,1779567077.3278635,4374,36462,2,12582912,2,0,0,0
21.755332365999493,1779567077.3278635,4374,36463,3,12582912,7,0,0,0
21.755332365999493,1779567077.3278635,4374,36464,4,12582912,13,0,0,0
21.755332365999493,1779567077.3278635,4374,36465,5,12582912,19,0,0,0
21.755332365999493,1779567077.3278635,4374,36466,6,12582912,23,0,0,0
21.755332365999493,1779567077.3278635,4374,36467,7,12582912,21,0,0,0
21.825245014999382,1779567077.3977752,4375,36468,0,12582912,19,0,0,0
21.825245014999382,1779567077.3977752,4375,36469,1,12582912,19,0,0,0
21.825245014999382,1779567077.3977752,4375,36470,2,12582912,22,0,0,0
21.825245014999382,1779567077.3977752,4375,36471,3,12582912,23,0,0,0
21.825245014999382,1779567077.3977752,4375,36472,4,12582912,22,0,0,0
21.825245014999382,1779567077.3977752,4375,36473,5,12582912,15,0,0,0
21.825245014999382,1779567077.3977752,4375,36474,6,12582912,5,0,0,0
21.825245014999382,1779567077.3977752,4375,36475,7,12582912,-4,0,0,0
21.825394804000098,1779567077.3979235,4376,36476,0,12582912,-9,0,0,0
21.825394804000098,1779567077.3979235,4376,36477,1,12582912,-11,0,0,0
21.825394804000098,1779567077.3979235,4376,36478,2,12582912,-11,0,0,0
21.825394804000098,1779567077.3979235,4376,36479,3,12582912,-11,0,0,0
21.825394804000098,1779567077.3979235,4376,36480,4,12582912,-9,0,0,0
21.825394804000098,1779567077.3979235,4376,36481,5,12582912,-7,0,0,0
21.825394804000098,1779567077.3979235,4376,36482,6,12582912,-9,0,0,0
21.825394804000098,1779567077.3979235,4376,36483,7,12582912,-10,0,0,0
21.856806062000032,1779567077.4293356,4377,36484,0,12582912,-9,0,0,0
21.856806062000032,1779567077.4293356,4377,36485,1,12582912,-8,0,0,0
21.856806062000032,1779567077.4293356,4377,36486,2,12582912,-7,0,0,0
21.856806062000032,1779567077.4293356,4377,36487,3,12582912,-6,0,0,0
21.856806062000032,1779567077.4293356,4377,36488,4,12582912,-7,0,0,0
21.856806062000032,1779567077.4293356,4377,36489,5,12582912,-6,0,0,0
21.856806062000032,1779567077.4293356,4377,36490,6,12582912,0,0,0,0
21.856806062000032,1779567077.4293356,4377,36491,7,12582912,7,0,0,0
21.89972153999952,1779567077.472253,4378,36492,0,12582912,11,0,0,0
21.89972153999952,1779567077.472253,4378,36493,1,12582912,11,0,0,0
21.89972153999952,1779567077.472253,4378,36494,2,12582912,8,0,0,0
21.89972153999952,1779567077.472253,4378,36495,3,12582912,4,0,0,0
21.89972153999952,1779567077.472253,4378,36496,4,12582912,0,0,0,0
21.89972153999952,1779567077.472253,4378,36497,5,12582912,-4,0,0,0
21.89972153999952,1779567077.472253,4378,36498,6,12582912,-7,0,0,0
21.89972153999952,1779567077.472253,4378,36499,7,12582912,-6,0,0,0
21.921485732000292,1779567077.494017,4379,36500,0,12582912,-4,0,0,0
21.921485732000292,1779567077.494017,4379,36501,1,12582912,5,0,0,0
21.921485732000292,1779567077.494017,4379,36502,2,12582912,22,0,0,0
21.921485732000292,1779567077.494017,4379,36503,3,12582912,18,0,0,0
21.921485732000292,1779567077.494017,4379,36504,4,12582912,-18,0,0,0
21.921485732000292,1779567077.494017,4379,36505,5,12582912,-43,0,0,0
21.921485732000292,1779567077.494017,4379,36506,6,12582912,-29,0,0,0
21.921485732000292,1779567077.494017,4379,36507,7,12582912,2,0,0,0
21.96450073900087,1779567077.5370317,4380,36508,0,12582912,6,0,0,0
21.96450073900087,1779567077.5370317,4380,36509,1,12582912,-20,0,0,0
21.96450073900087,1779567077.5370317,4380,36510,2,12582912,-39,0,0,0
21.96450073900087,1779567077.5370317,4380,36511,3,12582912,-27,0,0,0
21.96450073900087,1779567077.5370317,4380,36512,4,12582912,-1,0,0,0
21.96450073900087,1779567077.5370317,4380,36513,5,12582912,8,0,0,0
21.96450073900087,1779567077.5370317,4380,36514,6,12582912,-5,0,0,0
21.96450073900087,1779567077.5370317,4380,36515,7,12582912,-14,0,0,0
21.986174568000934,1779567077.5587053,4381,36516,0,12582912,-1,0,0,0
21.986174568000934,1779567077.5587053,4381,36517,1,12582912,19,0,0,0
21.986174568000934,1779567077.5587053,4381,36518,2,12582912,24,0,0,0
21.986174568000934,1779567077.5587053,4381,36519,3,12582912,8,0,0,0
21.986174568000934,1779567077.5587053,4381,36520,4,12582912,-6,0,0,0
21.986174568000934,1779567077.5587053,4381,36521,5,12582912,-2,0,0,0
21.986174568000934,1779567077.5587053,4381,36522,6,12582912,10,0,0,0
21.986174568000934,1779567077.5587053,4381,36523,7,12582912,13,0,0,0
22.018877209000493,1779567077.5914085,4382,36524,0,12582912,4,0,0,0
22.018877209000493,1779567077.5914085,4382,36525,1,12582912,-5,0,0,0
22.018877209000493,1779567077.5914085,4382,36526,2,12582912,-4,0,0,0
22.018877209000493,1779567077.5914085,4382,36527,3,12582912,-1,0,0,0
22.018877209000493,1779567077.5914085,4382,36528,4,12582912,-7,0,0,0
22.018877209000493,1779567077.5914085,4382,36529,5,12582912,-19,0,0,0
22.018877209000493,1779567077.5914085,4382,36530,6,12582912,-28,0,0,0
22.018877209000493,1779567077.5914085,4382,36531,7,12582912,-24,0,0,0
22.129211839001073,1779567077.701743,4383,36532,0,12582912,-14,0,0,0
22.129211839001073,1779567077.701743,4383,36533,1,12582912,-12,0,0,0
22.129211839001073,1779567077.701743,4383,36534,2,12582912,-22,0,0,0
22.129211839001073,1779567077.701743,4383,36535,3,12582912,-29,0,0,0
22.129211839001073,1779567077.701743,4383,36536,4,12582912,-24,0,0,0
22.129211839001073,1779567077.701743,4383,36537,5,12582912,-16,0,0,0
22.129211839001073,1779567077.701743,4383,36538,6,12582912,-14,0,0,0
22.129211839001073,1779567077.701743,4383,36539,7,12582912,-17,0,0,0
22.136254629000177,1779567077.708786,4384,36540,0,12582912,-19,0,0,0
22.136254629000177,1779567077.708786,4384,36541,1,12582912,-14,0,0,0
22.136254629000177,1779567077.708786,4384,36542,2,12582912,-6,0,0,0
22.136254629000177,1779567077.708786,4384,36543,3,12582912,-3,0,0,0
22.136254629000177,1779567077.708786,4384,36544,4,12582912,-7,0,0,0
22.136254629000177,1779567077.708786,4384,36545,5,12582912,-11,0,0,0
22.136254629000177,1779567077.708786,4384,36546,6,12582912,-11,0,0,0
22.136254629000177,1779567077.708786,4384,36547,7,12582912,-7,0,0,0
22.13656957100102,1779567077.709099,4385,36548,0,12582912,-6,0,0,0
22.13656957100102,1779567077.709099,4385,36549,1,12582912,-8,0,0,0
22.13656957100102,1779567077.709099,4385,36550,2,12582912,-11,0,0,0
22.13656957100102,1779567077.709099,4385,36551,3,12582912,-9,0,0,0
22.13656957100102,1779567077.709099,4385,36552,4,12582912,-5,0,0,0
22.13656957100102,1779567077.709099,4385,36553,5,12582912,-3,0,0,0
22.13656957100102,1779567077.709099,4385,36554,6,12582912,-3,0,0,0
22.13656957100102,1779567077.709099,4385,36555,7,12582912,-8,0,0,0
22.158425011999498,1779567077.730956,4386,36556,0,12582912,-11,0,0,0
22.158425011999498,1779567077.730956,4386,36557,1,12582912,-11,0,0,0
22.158425011999498,1779567077.730956,4386,36558,2,12582912,-9,0,0,0
22.158425011999498,1779567077.730956,4386,36559,3,12582912,-10,0,0,0
22.158425011999498,1779567077.730956,4386,36560,4,12582912,-13,0,0,0
22.158425011999498,1779567077.730956,4386,36561,5,12582912,-14,0,0,0
22.158425011999498,1779567077.730956,4386,36562,6,12582912,-13,0,0,0
22.158425011999498,1779567077.730956,4386,36563,7,12582912,-14,0,0,0
22.18004686200038,1779567077.7525778,4387,36564,0,12582912,-17,0,0,0
22.18004686200038,1779567077.7525778,4387,36565,1,12582912,-19,0,0,0
22.18004686200038,1779567077.7525778,4387,36566,2,12582912,-16,0,0,0
22.18004686200038,1779567077.7525778,4387,36567,3,12582912,-10,0,0,0
22.18004686200038,1779567077.7525778,4387,36568,4,12582912,-6,0,0,0
22.18004686200038,1779567077.7525778,4387,36569,5,12582912,-4,0,0,0
22.18004686200038,1779567077.7525778,4387,36570,6,12582912,-3,0,0,0
22.18004686200038,1779567077.7525778,4387,36571,7,12582912,-3,0,0,0
22.222801978999996,1779567077.7953327,4388,36572,0,12582912,-2,0,0,0
22.222801978999996,1779567077.7953327,4388,36573,1,12582912,-2,0,0,0
22.222801978999996,1779567077.7953327,4388,36574,2,12582912,-3,0,0,0
22.222801978999996,1779567077.7953327,4388,36575,3,12582912,-3,0,0,0
22.222801978999996,1779567077.7953327,4388,36576,4,12582912,-1,0,0,0
22.222801978999996,1779567077.7953327,4388,36577,5,12582912,1,0,0,0
22.222801978999996,1779567077.7953327,4388,36578,6,12582912,-2,0,0,0
22.222801978999996,1779567077.7953327,4388,36579,7,12582912,-7,0,0,0
22.24441502800073,1779567077.816946,4389,36580,0,12582912,-12,0,0,0
22.24441502800073,1779567077.816946,4389,36581,1,12582912,-12,0,0,0
22.24441502800073,1779567077.816946,4389,36582,2,12582912,-11,0,0,0
22.24441502800073,1779567077.816946,4389,36583,3,12582912,-12,0,0,0
22.24441502800073,1779567077.816946,4389,36584,4,12582912,-12,0,0,0
22.24441502800073,1779567077.816946,4389,36585,5,12582912,-13,0,0,0
22.24441502800073,1779567077.816946,4389,36586,6,12582912,-15,0,0,0
22.24441502800073,1779567077.816946,4389,36587,7,12582912,-16,0,0,0
22.29551942100079,1779567077.86805,4390,36588,0,12582912,-14,0,0,0
22.29551942100079,1779567077.86805,4390,36589,1,12582912,-12,0,0,0
22.29551942100079,1779567077.86805,4390,36590,2,12582912,-11,0,0,0
22.29551942100079,1779567077.86805,4390,36591,3,12582912,-9,0,0,0
22.29551942100079,1779567077.86805,4390,36592,4,12582912,-5,0,0,0
22.29551942100079,1779567077.86805,4390,36593,5,12582912,1,0,0,0
22.29551942100079,1779567077.86805,4390,36594,6,12582912,5,0,0,0
22.29551942100079,1779567077.86805,4390,36595,7,12582912,5,0,0,0
22.317151376000766,1779567077.8896823,4391,36596,0,12582912,2,0,0,0
22.317151376000766,1779567077.8896823,4391,36597,1,12582912,1,0,0,0
22.317151376000766,1779567077.8896823,4391,36598,2,12582912,2,0,0,0
22.317151376000766,1779567077.8896823,4391,36599,3,12582912,2,0,0,0
22.317151376000766,1779567077.8896823,4391,36600,4,12582912,-1,0,0,0
22.317151376000766,1779567077.8896823,4391,36601,5,12582912,-4,0,0,0
22.317151376000766,1779567077.8896823,4391,36602,6,12582912,-5,0,0,0
22.317151376000766,1779567077.8896823,4391,36603,7,12582912,-4,0,0,0
22.338854786999946,1779567077.9113853,4392,36604,0,12582912,-3,0,0,0
22.338854786999946,1779567077.9113853,4392,36605,1,12582912,-4,0,0,0
22.338854786999946,1779567077.9113853,4392,36606,2,12582912,-4,0,0,0
22.338854786999946,1779567077.9113853,4392,36607,3,12582912,-2,0,0,0
22.338854786999946,1779567077.9113853,4392,36608,4,12582912,1,0,0,0
22.338854786999946,1779567077.9113853,4392,36609,5,12582912,1,0,0,0
22.338854786999946,1779567077.9113853,4392,36610,6,12582912,-2,0,0,0
22.338854786999946,1779567077.9113853,4392,36611,7,12582912,-4,0,0,0
22.381509800999993,1779567077.9540405,4393,36612,0,12582912,-3,0,0,0
22.381509800999993,1779567077.9540405,4393,36613,1,12582912,-2,0,0,0
22.381509800999993,1779567077.9540405,4393,36614,2,12582912,-5,0,0,0
22.381509800999993,1779567077.9540405,4393,36615,3,12582912,-6,0,0,0
22.381509800999993,1779567077.9540405,4393,36616,4,12582912,-4,0,0,0
22.381509800999993,1779567077.9540405,4393,36617,5,12582912,0,0,0,0
22.381509800999993,1779567077.9540405,4393,36618,6,12582912,4,0,0,0
22.381509800999993,1779567077.9540405,4393,36619,7,12582912,9,0,0,0
22.403192849000334,1779567077.9757235,4394,36620,0,12582912,11,0,0,0
22.403192849000334,1779567077.9757235,4394,36621,1,12582912,11,0,0,0
22.403192849000334,1779567077.9757235,4394,36622,2,12582912,14,0,0,0
22.403192849000334,1779567077.9757235,4394,36623,3,12582912,17,0,0,0
22.403192849000334,1779567077.9757235,4394,36624,4,12582912,18,0,0,0
22.403192849000334,1779567077.9757235,4394,36625,5,12582912,14,0,0,0
22.403192849000334,1779567077.9757235,4394,36626,6,12582912,11,0,0,0
22.403192849000334,1779567077.9757235,4394,36627,7,12582912,8,0,0,0
22.469660144000954,1779567078.042191,4395,36628,0,12582912,5,0,0,0
22.469660144000954,1779567078.042191,4395,36629,1,12582912,3,0,0,0
22.469660144000954,1779567078.042191,4395,36630,2,12582912,1,0,0,0
22.469660144000954,1779567078.042191,4395,36631,3,12582912,0,0,0,0
22.469660144000954,1779567078.042191,4395,36632,4,12582912,0,0,0,0
22.469660144000954,1779567078.042191,4395,36633,5,12582912,-1,0,0,0
22.469660144000954,1779567078.042191,4395,36634,6,12582912,-4,0,0,0
22.469660144000954,1779567078.042191,4395,36635,7,12582912,-6,0,0,0
22.470025971000723,1779567078.0425556,4396,36636,0,12582912,-6,0,0,0
22.470025971000723,1779567078.0425556,4396,36637,1,12582912,-4,0,0,0
22.470025971000723,1779567078.0425556,4396,36638,2,12582912,-2,0,0,0
22.470025971000723,1779567078.0425556,4396,36639,3,12582912,0,0,0,0
22.470025971000723,1779567078.0425556,4396,36640,4,12582912,0,0,0,0
22.470025971000723,1779567078.0425556,4396,36641,5,12582912,-1,0,0,0
22.470025971000723,1779567078.0425556,4396,36642,6,12582912,-2,0,0,0
22.470025971000723,1779567078.0425556,4396,36643,7,12582912,-2,0,0,0
22.526797087000887,1779567078.0993278,4397,36644,0,12582912,-2,0,0,0
22.526797087000887,1779567078.0993278,4397,36645,1,12582912,-4,0,0,0
22.526797087000887,1779567078.0993278,4397,36646,2,12582912,-2,0,0,0
22.526797087000887,1779567078.0993278,4397,36647,3,12582912,3,0,0,0
22.526797087000887,1779567078.0993278,4397,36648,4,12582912,9,0,0,0
22.526797087000887,1779567078.0993278,4397,36649,5,12582912,12,0,0,0
22.526797087000887,1779567078.0993278,4397,36650,6,12582912,13,0,0,0
22.526797087000887,1779567078.0993278,4397,36651,7,12582912,11,0,0,0
22.526933647000988,1779567078.099462,4398,36652,0,12582912,7,0,0,0
22.526933647000988,1779567078.099462,4398,36653,1,12582912,3,0,0,0
22.526933647000988,1779567078.099462,4398,36654,2,12582912,2,0,0,0
22.526933647000988,1779567078.099462,4398,36655,3,12582912,0,0,0,0
22.526933647000988,1779567078.099462,4398,36656,4,12582912,-5,0,0,0
22.526933647000988,1779567078.099462,4398,36657,5,12582912,-11,0,0,0
22.526933647000988,1779567078.099462,4398,36658,6,12582912,-11,0,0,0
22.526933647000988,1779567078.099462,4398,36659,7,12582912,-10,0,0,0
22.557570024000597,1779567078.1301,4399,36660,0,12582912,-10,0,0,0
22.557570024000597,1779567078.1301,4399,36661,1,12582912,-10,0,0,0
22.557570024000597,1779567078.1301,4399,36662,2,12582912,-8,0,0,0
22.557570024000597,1779567078.1301,4399,36663,3,12582912,-6,0,0,0
22.557570024000597,1779567078.1301,4399,36664,4,12582912,-6,0,0,0
22.557570024000597,1779567078.1301,4399,36665,5,12582912,-7,0,0,0
22.557570024000597,1779567078.1301,4399,36666,6,12582912,-6,0,0,0
22.557570024000597,1779567078.1301,4399,36667,7,12582912,-4,0,0,0
22.599985303999347,1779567078.1725159,4400,36668,0,12582912,-2,0,0,0
22.599985303999347,1779567078.1725159,4400,36669,1,12582912,0,0,0,0
22.599985303999347,1779567078.1725159,4400,36670,2,12582912,1,0,0,0
22.599985303999347,1779567078.1725159,4400,36671,3,12582912,0,0,0,0
22.599985303999347,1779567078.1725159,4400,36672,4,12582912,1,0,0,0
22.599985303999347,1779567078.1725159,4400,36673,5,12582912,4,0,0,0
22.599985303999347,1779567078.1725159,4400,36674,6,12582912,5,0,0,0
22.599985303999347,1779567078.1725159,4400,36675,7,12582912,3,0,0,0
22.6212130469994,1779567078.1937428,4401,36676,0,12582912,1,0,0,0
22.6212130469994,1779567078.1937428,4401,36677,1,12582912,3,0,0,0
22.6212130469994,1779567078.1937428,4401,36678,2,12582912,5,0,0,0
22.6212130469994,1779567078.1937428,4401,36679,3,12582912,4,0,0,0
22.6212130469994,1779567078.1937428,4401,36680,4,12582912,2,0,0,0
22.6212130469994,1779567078.1937428,4401,36681,5,12582912,-2,0,0,0
22.6212130469994,1779567078.1937428,4401,36682,6,12582912,-6,0,0,0
22.6212130469994,1779567078.1937428,4401,36683,7,12582912,-8,0,0,0
22.669872538001073,1779567078.2424035,4402,36684,0,12582912,-6,0,0,0
22.669872538001073,1779567078.2424035,4402,36685,1,12582912,-5,0,0,0
22.669872538001073,1779567078.2424035,4402,36686,2,12582912,-9,0,0,0
22.669872538001073,1779567078.2424035,4402,36687,3,12582912,-12,0,0,0
22.669872538001073,1779567078.2424035,4402,36688,4,12582912,-13,0,0,0
22.669872538001073,1779567078.2424035,4402,36689,5,12582912,-12,0,0,0
22.669872538001073,1779567078.2424035,4402,36690,6,12582912,-12,0,0,0
22.669872538001073,1779567078.2424035,4402,36691,7,12582912,-11,0,0,0
22.691533606999656,1779567078.2640646,4403,36692,0,12582912,-9,0,0,0
22.691533606999656,1779567078.2640646,4403,36693,1,12582912,-8,0,0,0
22.691533606999656,1779567078.2640646,4403,36694,2,12582912,-8,0,0,0
22.691533606999656,1779567078.2640646,4403,36695,3,12582912,-8,0,0,0
22.691533606999656,1779567078.2640646,4403,36696,4,12582912,-9,0,0,0
22.691533606999656,1779567078.2640646,4403,36697,5,12582912,-8,0,0,0
22.691533606999656,1779567078.2640646,4403,36698,6,12582912,-6,0,0,0
22.691533606999656,1779567078.2640646,4403,36699,7,12582912,-5,0,0,0
22.727999828000975,1779567078.3005307,4404,36700,0,12582912,-5,0,0,0
22.727999828000975,1779567078.3005307,4404,36701,1,12582912,-5,0,0,0
22.727999828000975,1779567078.3005307,4404,36702,2,12582912,-4,0,0,0
22.727999828000975,1779567078.3005307,4404,36703,3,12582912,-5,0,0,0
22.727999828000975,1779567078.3005307,4404,36704,4,12582912,-8,0,0,0
22.727999828000975,1779567078.3005307,4404,36705,5,12582912,-11,0,0,0
22.727999828000975,1779567078.3005307,4404,36706,6,12582912,-13,0,0,0
22.727999828000975,1779567078.3005307,4404,36707,7,12582912,-13,0,0,0
22.74960839800042,1779567078.3221397,4405,36708,0,12582912,-13,0,0,0
22.74960839800042,1779567078.3221397,4405,36709,1,12582912,-12,0,0,0
22.74960839800042,1779567078.3221397,4405,36710,2,12582912,-11,0,0,0
22.74960839800042,1779567078.3221397,4405,36711,3,12582912,-10,0,0,0
22.74960839800042,1779567078.3221397,4405,36712,4,12582912,-8,0,0,0
22.74960839800042,1779567078.3221397,4405,36713,5,12582912,-6,0,0,0
22.74960839800042,1779567078.3221397,4405,36714,6,12582912,-6,0,0,0
22.74960839800042,1779567078.3221397,4405,36715,7,12582912,-6,0,0,0
22.816027570001097,1779567078.388558,4406,36716,0,12582912,-7,0,0,0
22.816027570001097,1779567078.388558,4406,36717,1,12582912,-8,0,0,0
22.816027570001097,1779567078.388558,4406,36718,2,12582912,-10,0,0,0
22.816027570001097,1779567078.388558,4406,36719,3,12582912,-11,0,0,0
22.816027570001097,1779567078.388558,4406,36720,4,12582912,-12,0,0,0
22.816027570001097,1779567078.388558,4406,36721,5,12582912,-14,0,0,0
22.816027570001097,1779567078.388558,4406,36722,6,12582912,-14,0,0,0
22.816027570001097,1779567078.388558,4406,36723,7,12582912,-9,0,0,0
22.816247826000108,1779567078.3887775,4407,36724,0,12582912,-6,0,0,0
22.816247826000108,1779567078.3887775,4407,36725,1,12582912,-9,0,0,0
22.816247826000108,1779567078.3887775,4407,36726,2,12582912,-12,0,0,0
22.816247826000108,1779567078.3887775,4407,36727,3,12582912,-12,0,0,0
22.816247826000108,1779567078.3887775,4407,36728,4,12582912,-8,0,0,0
22.816247826000108,1779567078.3887775,4407,36729,5,12582912,-6,0,0,0
22.816247826000108,1779567078.3887775,4407,36730,6,12582912,-9,0,0,0
22.816247826000108,1779567078.3887775,4407,36731,7,12582912,-11,0,0,0
22.889561145000698,1779567078.4620917,4408,36732,0,12582912,-11,0,0,0
22.889561145000698,1779567078.4620917,4408,36733,1,12582912,-10,0,0,0
22.889561145000698,1779567078.4620917,4408,36734,2,12582912,-10,0,0,0
22.889561145000698,1779567078.4620917,4408,36735,3,12582912,-11,0,0,0
22.889561145000698,1779567078.4620917,4408,36736,4,12582912,-13,0,0,0
22.889561145000698,1779567078.4620917,4408,36737,5,12582912,-14,0,0,0
22.889561145000698,1779567078.4620917,4408,36738,6,12582912,-15,0,0,0
22.889561145000698,1779567078.4620917,4408,36739,7,12582912,-15,0,0,0
22.91113565300111,1779567078.4836667,4409,36740,0,12582912,-14,0,0,0
22.91113565300111,1779567078.4836667,4409,36741,1,12582912,-11,0,0,0
22.91113565300111,1779567078.4836667,4409,36742,2,12582912,-9,0,0,0
22.91113565300111,1779567078.4836667,4409,36743,3,12582912,-7,0,0,0
22.91113565300111,1779567078.4836667,4409,36744,4,12582912,-7,0,0,0
22.91113565300111,1779567078.4836667,4409,36745,5,12582912,-8,0,0,0
22.91113565300111,1779567078.4836667,4409,36746,6,12582912,-11,0,0,0
22.91113565300111,1779567078.4836667,4409,36747,7,12582912,-12,0,0,0
22.911446742000408,1779567078.4839761,4410,36748,0,12582912,-11,0,0,0
22.911446742000408,1779567078.4839761,4410,36749,1,12582912,-8,0,0,0
22.911446742000408,1779567078.4839761,4410,36750,2,12582912,-6,0,0,0
22.911446742000408,1779567078.4839761,4410,36751,3,12582912,-6,0,0,0
22.911446742000408,1779567078.4839761,4410,36752,4,12582912,-7,0,0,0
22.911446742000408,1779567078.4839761,4410,36753,5,12582912,-9,0,0,0
22.911446742000408,1779567078.4839761,4410,36754,6,12582912,-15,0,0,0
22.911446742000408,1779567078.4839761,4410,36755,7,12582912,-20,0,0,0
22.947627342000487,1779567078.5201583,4411,36756,0,12582912,-21,0,0,0
22.947627342000487,1779567078.5201583,4411,36757,1,12582912,-17,0,0,0
22.947627342000487,1779567078.5201583,4411,36758,2,12582912,-14,0,0,0
22.947627342000487,1779567078.5201583,4411,36759,3,12582912,-12,0,0,0
22.947627342000487,1779567078.5201583,4411,36760,4,12582912,-11,0,0,0
22.947627342000487,1779567078.5201583,4411,36761,5,12582912,-10,0,0,0
22.947627342000487,1779567078.5201583,4411,36762,6,12582912,-9,0,0,0
22.947627342000487,1779567078.5201583,4411,36763,7,12582912,-10,0,0,0
22.990466467999795,1779567078.5629976,4412,36764,0,12582912,-11,0,0,0
22.990466467999795,1779567078.5629976,4412,36765,1,12582912,-13,0,0,0
22.990466467999795,1779567078.5629976,4412,36766,2,12582912,-15,0,0,0
22.990466467999795,1779567078.5629976,4412,36767,3,12582912,-15,0,0,0
22.990466467999795,1779567078.5629976,4412,36768,4,12582912,-14,0,0,0
22.990466467999795,1779567078.5629976,4412,36769,5,12582912,-13,0,0,0
22.990466467999795,1779567078.5629976,4412,36770,6,12582912,-14,0,0,0
22.990466467999795,1779567078.5629976,4412,36771,7,12582912,-14,0,0,0
23.01211279800009,1779567078.584644,4413,36772,0,12582912,-15,0,0,0
23.01211279800009,1779567078.584644,4413,36773,1,12582912,-13,0,0,0
23.01211279800009,1779567078.584644,4413,36774,2,12582912,-11,0,0,0
23.01211279800009,1779567078.584644,4413,36775,3,12582912,-9,0,0,0
23.01211279800009,1779567078.584644,4413,36776,4,12582912,-10,0,0,0
23.01211279800009,1779567078.584644,4413,36777,5,12582912,-11,0,0,0
23.01211279800009,1779567078.584644,4413,36778,6,12582912,-13,0,0,0
23.01211279800009,1779567078.584644,4413,36779,7,12582912,-14,0,0,0
23.046710145999896,1779567078.619241,4414,36780,0,12582912,-16,0,0,0
23.046710145999896,1779567078.619241,4414,36781,1,12582912,-16,0,0,0
23.046710145999896,1779567078.619241,4414,36782,2,12582912,-17,0,0,0
23.046710145999896,1779567078.619241,4414,36783,3,12582912,-19,0,0,0
23.046710145999896,1779567078.619241,4414,36784,4,12582912,-19,0,0,0
23.046710145999896,1779567078.619241,4414,36785,5,12582912,-16,0,0,0
23.046710145999896,1779567078.619241,4414,36786,6,12582912,-15,0,0,0
23.046710145999896,1779567078.619241,4414,36787,7,12582912,-17,0,0,0
23.06832642399968,1779567078.6408575,4415,36788,0,12582912,-16,0,0,0
23.06832642399968,1779567078.6408575,4415,36789,1,12582912,-16,0,0,0
23.06832642399968,1779567078.6408575,4415,36790,2,12582912,-17,0,0,0
23.06832642399968,1779567078.6408575,4415,36791,3,12582912,-20,0,0,0
23.06832642399968,1779567078.6408575,4415,36792,4,12582912,-21,0,0,0
23.06832642399968,1779567078.6408575,4415,36793,5,12582912,-20,0,0,0
23.06832642399968,1779567078.6408575,4415,36794,6,12582912,-15,0,0,0
23.06832642399968,1779567078.6408575,4415,36795,7,12582912,-10,0,0,0
23.111159404999853,1779567078.6836903,4416,36796,0,12582912,-6,0,0,0
23.111159404999853,1779567078.6836903,4416,36797,1,12582912,-4,0,0,0
23.111159404999853,1779567078.6836903,4416,36798,2,12582912,-5,0,0,0
23.111159404999853,1779567078.6836903,4416,36799,3,12582912,-9,0,0,0
23.111159404999853,1779567078.6836903,4416,36800,4,12582912,-13,0,0,0
23.111159404999853,1779567078.6836903,4416,36801,5,12582912,-17,0,0,0
23.111159404999853,1779567078.6836903,4416,36802,6,12582912,-17,0,0,0
23.111159404999853,1779567078.6836903,4416,36803,7,12582912,-16,0,0,0
23.132779329000186,1779567078.70531,4417,36804,0,12582912,-12,0,0,0
23.132779329000186,1779567078.70531,4417,36805,1,12582912,-12,0,0,0
23.132779329000186,1779567078.70531,4417,36806,2,12582912,-15,0,0,0
23.132779329000186,1779567078.70531,4417,36807,3,12582912,-18,0,0,0
23.132779329000186,1779567078.70531,4417,36808,4,12582912,-19,0,0,0
23.132779329000186,1779567078.70531,4417,36809,5,12582912,-17,0,0,0
23.132779329000186,1779567078.70531,4417,36810,6,12582912,-13,0,0,0
23.132779329000186,1779567078.70531,4417,36811,7,12582912,-12,0,0,0
23.169653355000264,1779567078.7421842,4418,36812,0,12582912,-13,0,0,0
23.169653355000264,1779567078.7421842,4418,36813,1,12582912,-12,0,0,0
23.169653355000264,1779567078.7421842,4418,36814,2,12582912,-7,0,0,0
23.169653355000264,1779567078.7421842,4418,36815,3,12582912,-3,0,0,0
23.169653355000264,1779567078.7421842,4418,36816,4,12582912,-2,0,0,0
23.169653355000264,1779567078.7421842,4418,36817,5,12582912,-1,0,0,0
23.169653355000264,1779567078.7421842,4418,36818,6,12582912,-2,0,0,0
23.169653355000264,1779567078.7421842,4418,36819,7,12582912,-5,0,0,0
23.196626463999564,1779567078.7691574,4419,36820,0,12582912,-9,0,0,0
23.196626463999564,1779567078.7691574,4419,36821,1,12582912,-11,0,0,0
23.196626463999564,1779567078.7691574,4419,36822,2,12582912,-9,0,0,0
23.196626463999564,1779567078.7691574,4419,36823,3,12582912,-6,0,0,0
23.196626463999564,1779567078.7691574,4419,36824,4,12582912,-4,0,0,0
23.196626463999564,1779567078.7691574,4419,36825,5,12582912,-6,0,0,0
23.196626463999564,1779567078.7691574,4419,36826,6,12582912,-7,0,0,0
23.196626463999564,1779567078.7691574,4419,36827,7,12582912,-6,0,0,0
23.240067663000445,1779567078.8125982,4420,36828,0,12582912,-4,0,0,0
23.240067663000445,1779567078.8125982,4420,36829,1,12582912,-3,0,0,0
23.240067663000445,1779567078.8125982,4420,36830,2,12582912,-2,0,0,0
23.240067663000445,1779567078.8125982,4420,36831,3,12582912,-1,0,0,0
23.240067663000445,1779567078.8125982,4420,36832,4,12582912,2,0,0,0
23.240067663000445,1779567078.8125982,4420,36833,5,12582912,7,0,0,0
23.240067663000445,1779567078.8125982,4420,36834,6,12582912,6,0,0,0
23.240067663000445,1779567078.8125982,4420,36835,7,12582912,3,0,0,0
23.299405035000746,1779567078.8719366,4421,36836,0,12582912,1,0,0,0
23.299405035000746,1779567078.8719366,4421,36837,1,12582912,0,0,0,0
23.299405035000746,1779567078.8719366,4421,36838,2,12582912,0,0,0,0
23.299405035000746,1779567078.8719366,4421,36839,3,12582912,-1,0,0,0
23.299405035000746,1779567078.8719366,4421,36840,4,12582912,-6,0,0,0
23.299405035000746,1779567078.8719366,4421,36841,5,12582912,-10,0,0,0
23.299405035000746,1779567078.8719366,4421,36842,6,12582912,-10,0,0,0
23.299405035000746,1779567078.8719366,4421,36843,7,12582912,-6,0,0,0
23.335470949999944,1779567078.908002,4422,36844,0,12582912,-2,0,0,0
23.335470949999944,1779567078.908002,4422,36845,1,12582912,-2,0,0,0
23.335470949999944,1779567078.908002,4422,36846,2,12582912,-4,0,0,0
23.335470949999944,1779567078.908002,4422,36847,3,12582912,-7,0,0,0
23.335470949999944,1779567078.908002,4422,36848,4,12582912,-7,0,0,0
23.335470949999944,1779567078.908002,4422,36849,5,12582912,-8,0,0,0
23.335470949999944,1779567078.908002,4422,36850,6,12582912,-9,0,0,0
23.335470949999944,1779567078.908002,4422,36851,7,12582912,-10,0,0,0
23.335781101000975,1779567078.9083104,4423,36852,0,12582912,-10,0,0,0
23.335781101000975,1779567078.9083104,4423,36853,1,12582912,-8,0,0,0
23.335781101000975,1779567078.9083104,4423,36854,2,12582912,-5,0,0,0
23.335781101000975,1779567078.9083104,4423,36855,3,12582912,-1,0,0,0
23.335781101000975,1779567078.9083104,4423,36856,4,12582912,0,0,0,0
23.335781101000975,1779567078.9083104,4423,36857,5,12582912,-1,0,0,0
23.335781101000975,1779567078.9083104,4423,36858,6,12582912,0,0,0,0
23.335781101000975,1779567078.9083104,4423,36859,7,12582912,0,0,0,0
23.37229159100025,1779567078.9448223,4424,36860,0,12582912,0,0,0,0
23.37229159100025,1779567078.9448223,4424,36861,1,12582912,2,0,0,0
23.37229159100025,1779567078.9448223,4424,36862,2,12582912,5,0,0,0
23.37229159100025,1779567078.9448223,4424,36863,3,12582912,10,0,0,0
23.37229159100025,1779567078.9448223,4424,36864,4,12582912,14,0,0,0
23.37229159100025,1779567078.9448223,4424,36865,5,12582912,13,0,0,0
23.37229159100025,1779567078.9448223,4424,36866,6,12582912,11,0,0,0
23.37229159100025,1779567078.9448223,4424,36867,7,12582912,11,0,0,0
23.39399041999968,1779567078.9665222,4425,36868,0,12582912,11,0,0,0
23.39399041999968,1779567078.9665222,4425,36869,1,12582912,9,0,0,0
23.39399041999968,1779567078.9665222,4425,36870,2,12582912,7,0,0,0
23.39399041999968,1779567078.9665222,4425,36871,3,12582912,6,0,0,0
23.39399041999968,1779567078.9665222,4425,36872,4,12582912,6,0,0,0
23.39399041999968,1779567078.9665222,4425,36873,5,12582912,5,0,0,0
23.39399041999968,1779567078.9665222,4425,36874,6,12582912,4,0,0,0
23.39399041999968,1779567078.9665222,4425,36875,7,12582912,3,0,0,0
23.43668892400092,1779567079.0092196,4426,36876,0,12582912,1,0,0,0
23.43668892400092,1779567079.0092196,4426,36877,1,12582912,-1,0,0,0
23.43668892400092,1779567079.0092196,4426,36878,2,12582912,-1,0,0,0
23.43668892400092,1779567079.0092196,4426,36879,3,12582912,0,0,0,0
23.43668892400092,1779567079.0092196,4426,36880,4,12582912,0,0,0,0
23.43668892400092,1779567079.0092196,4426,36881,5,12582912,0,0,0,0
23.43668892400092,1779567079.0092196,4426,36882,6,12582912,0,0,0,0
23.43668892400092,1779567079.0092196,4426,36883,7,12582912,2,0,0,0
23.458362806000878,1779567079.0308936,4427,36884,0,12582912,3,0,0,0
23.458362806000878,1779567079.0308936,4427,36885,1,12582912,1,0,0,0
23.458362806000878,1779567079.0308936,4427,36886,2,12582912,0,0,0,0
23.458362806000878,1779567079.0308936,4427,36887,3,12582912,1,0,0,0
23.458362806000878,1779567079.0308936,4427,36888,4,12582912,4,0,0,0
23.458362806000878,1779567079.0308936,4427,36889,5,12582912,6,0,0,0
23.458362806000878,1779567079.0308936,4427,36890,6,12582912,6,0,0,0
23.458362806000878,1779567079.0308936,4427,36891,7,12582912,7,0,0,0
23.501086571999622,1779567079.0736172,4428,36892,0,12582912,8,0,0,0
23.501086571999622,1779567079.0736172,4428,36893,1,12582912,10,0,0,0
23.501086571999622,1779567079.0736172,4428,36894,2,12582912,10,0,0,0
23.501086571999622,1779567079.0736172,4428,36895,3,12582912,9,0,0,0
23.501086571999622,1779567079.0736172,4428,36896,4,12582912,7,0,0,0
23.501086571999622,1779567079.0736172,4428,36897,5,12582912,4,0,0,0
23.501086571999622,1779567079.0736172,4428,36898,6,12582912,1,0,0,0
23.501086571999622,1779567079.0736172,4428,36899,7,12582912,-2,0,0,0
23.52276456800064,1779567079.0952952,4429,36900,0,12582912,-5,0,0,0
23.52276456800064,1779567079.0952952,4429,36901,1,12582912,-9,0,0,0
23.52276456800064,1779567079.0952952,4429,36902,2,12582912,-12,0,0,0
23.52276456800064,1779567079.0952952,4429,36903,3,12582912,-13,0,0,0
23.52276456800064,1779567079.0952952,4429,36904,4,12582912,-12,0,0,0
23.52276456800064,1779567079.0952952,4429,36905,5,12582912,-8,0,0,0
23.52276456800064,1779567079.0952952,4429,36906,6,12582912,-5,0,0,0
23.52276456800064,1779567079.0952952,4429,36907,7,12582912,-3,0,0,0
23.557236501999796,1779567079.1297674,4430,36908,0,12582912,-4,0,0,0
23.557236501999796,1779567079.1297674,4430,36909,1,12582912,-4,0,0,0
23.557236501999796,1779567079.1297674,4430,36910,2,12582912,-3,0,0,0
23.557236501999796,1779567079.1297674,4430,36911,3,12582912,2,0,0,0
23.557236501999796,1779567079.1297674,4430,36912,4,12582912,5,0,0,0
23.557236501999796,1779567079.1297674,4430,36913,5,12582912,2,0,0,0
23.557236501999796,1779567079.1297674,4430,36914,6,12582912,0,0,0,0
23.557236501999796,1779567079.1297674,4430,36915,7,12582912,0,0,0,0
23.59328007499971,1779567079.165811,4431,36916,0,12582912,0,0,0,0
23.59328007499971,1779567079.165811,4431,36917,1,12582912,1,0,0,0
23.59328007499971,1779567079.165811,4431,36918,2,12582912,2,0,0,0
23.59328007499971,1779567079.165811,4431,36919,3,12582912,3,0,0,0
23.59328007499971,1779567079.165811,4431,36920,4,12582912,3,0,0,0
23.59328007499971,1779567079.165811,4431,36921,5,12582912,2,0,0,0
23.59328007499971,1779567079.165811,4431,36922,6,12582912,1,0,0,0
23.59328007499971,1779567079.165811,4431,36923,7,12582912,0,0,0,0
23.61491598900102,1779567079.187447,4432,36924,0,12582912,-1,0,0,0
23.61491598900102,1779567079.187447,4432,36925,1,12582912,-3,0,0,0
23.61491598900102,1779567079.187447,4432,36926,2,12582912,-7,0,0,0
23.61491598900102,1779567079.187447,4432,36927,3,12582912,-8,0,0,0
23.61491598900102,1779567079.187447,4432,36928,4,12582912,-4,0,0,0
23.61491598900102,1779567079.187447,4432,36929,5,12582912,-1,0,0,0
23.61491598900102,1779567079.187447,4432,36930,6,12582912,-4,0,0,0
23.61491598900102,1779567079.187447,4432,36931,7,12582912,-11,0,0,0
23.694795650999367,1779567079.2673259,4433,36932,0,12582912,-14,0,0,0
23.694795650999367,1779567079.2673259,4433,36933,1,12582912,-12,0,0,0
23.694795650999367,1779567079.2673259,4433,36934,2,12582912,-9,0,0,0
23.694795650999367,1779567079.2673259,4433,36935,3,12582912,-6,0,0,0
23.694795650999367,1779567079.2673259,4433,36936,4,12582912,-4,0,0,0
23.694795650999367,1779567079.2673259,4433,36937,5,12582912,-4,0,0,0
23.694795650999367,1779567079.2673259,4433,36938,6,12582912,-2,0,0,0
23.694795650999367,1779567079.2673259,4433,36939,7,12582912,0,0,0,0
23.70029643700036,1779567079.272828,4434,36940,0,12582912,0,0,0,0
23.70029643700036,1779567079.272828,4434,36941,1,12582912,-2,0,0,0
23.70029643700036,1779567079.272828,4434,36942,2,12582912,-3,0,0,0
23.70029643700036,1779567079.272828,4434,36943,3,12582912,0,0,0,0
23.70029643700036,1779567079.272828,4434,36944,4,12582912,3,0,0,0
23.70029643700036,1779567079.272828,4434,36945,5,12582912,4,0,0,0
23.70029643700036,1779567079.272828,4434,36946,6,12582912,4,0,0,0
23.70029643700036,1779567079.272828,4434,36947,7,12582912,4,0,0,0
23.722038183001132,1779567079.2945695,4435,36948,0,12582912,5,0,0,0
23.722038183001132,1779567079.2945695,4435,36949,1,12582912,6,0,0,0
23.722038183001132,1779567079.2945695,4435,36950,2,12582912,2,0,0,0
23.722038183001132,1779567079.2945695,4435,36951,3,12582912,-4,0,0,0
23.722038183001132,1779567079.2945695,4435,36952,4,12582912,-7,0,0,0
23.722038183001132,1779567079.2945695,4435,36953,5,12582912,-9,0,0,0
23.722038183001132,1779567079.2945695,4435,36954,6,12582912,-8,0,0,0
23.722038183001132,1779567079.2945695,4435,36955,7,12582912,-5,0,0,0
23.74366992999967,1779567079.3162012,4436,36956,0,12582912,-3,0,0,0
23.74366992999967,1779567079.3162012,4436,36957,1,12582912,0,0,0,0
23.74366992999967,1779567079.3162012,4436,36958,2,12582912,0,0,0,0
23.74366992999967,1779567079.3162012,4436,36959,3,12582912,0,0,0,0
23.74366992999967,1779567079.3162012,4436,36960,4,12582912,1,0,0,0
23.74366992999967,1779567079.3162012,4436,36961,5,12582912,1,0,0,0
23.74366992999967,1779567079.3162012,4436,36962,6,12582912,1,0,0,0
23.74366992999967,1779567079.3162012,4436,36963,7,12582912,2,0,0,0
23.854906529999425,1779567079.4274375,4437,36964,0,12582912,4,0,0,0
23.854906529999425,1779567079.4274375,4437,36965,1,12582912,4,0,0,0
23.854906529999425,1779567079.4274375,4437,36966,2,12582912,2,0,0,0
23.854906529999425,1779567079.4274375,4437,36967,3,12582912,1,0,0,0
23.854906529999425,1779567079.4274375,4437,36968,4,12582912,3,0,0,0
23.854906529999425,1779567079.4274375,4437,36969,5,12582912,7,0,0,0
23.854906529999425,1779567079.4274375,4437,36970,6,12582912,9,0,0,0
23.854906529999425,1779567079.4274375,4437,36971,7,12582912,8,0,0,0
23.855213815999377,1779567079.4277432,4438,36972,0,12582912,6,0,0,0
23.855213815999377,1779567079.4277432,4438,36973,1,12582912,5,0,0,0
23.855213815999377,1779567079.4277432,4438,36974,2,12582912,3,0,0,0
23.855213815999377,1779567079.4277432,4438,36975,3,12582912,2,0,0,0
23.855213815999377,1779567079.4277432,4438,36976,4,12582912,0,0,0,0
23.855213815999377,1779567079.4277432,4438,36977,5,12582912,0,0,0,0
23.855213815999377,1779567079.4277432,4438,36978,6,12582912,2,0,0,0
23.855213815999377,1779567079.4277432,4438,36979,7,12582912,3,0,0,0
23.855497040000046,1779567079.4280264,4439,36980,0,12582912,2,0,0,0
23.855497040000046,1779567079.4280264,4439,36981,1,12582912,2,0,0,0
23.855497040000046,1779567079.4280264,4439,36982,2,12582912,1,0,0,0
23.855497040000046,1779567079.4280264,4439,36983,3,12582912,0,0,0,0
23.855497040000046,1779567079.4280264,4439,36984,4,12582912,-3,0,0,0
23.855497040000046,1779567079.4280264,4439,36985,5,12582912,-4,0,0,0
23.855497040000046,1779567079.4280264,4439,36986,6,12582912,-5,0,0,0
23.855497040000046,1779567079.4280264,4439,36987,7,12582912,-3,0,0,0
23.89388812300058,1779567079.4664192,4440,36988,0,12582912,0,0,0,0
23.89388812300058,1779567079.4664192,4440,36989,1,12582912,2,0,0,0
23.89388812300058,1779567079.4664192,4440,36990,2,12582912,2,0,0,0
23.89388812300058,1779567079.4664192,4440,36991,3,12582912,3,0,0,0
23.89388812300058,1779567079.4664192,4440,36992,4,12582912,3,0,0,0
23.89388812300058,1779567079.4664192,4440,36993,5,12582912,2,0,0,0
23.89388812300058,1779567079.4664192,4440,36994,6,12582912,2,0,0,0
23.89388812300058,1779567079.4664192,4440,36995,7,12582912,1,0,0,0
23.9155811189994,1779567079.4881122,4441,36996,0,12582912,1,0,0,0
23.9155811189994,1779567079.4881122,4441,36997,1,12582912,3,0,0,0
23.9155811189994,1779567079.4881122,4441,36998,2,12582912,6,0,0,0
23.9155811189994,1779567079.4881122,4441,36999,3,12582912,8,0,0,0
23.9155811189994,1779567079.4881122,4441,37000,4,12582912,9,0,0,0
23.9155811189994,1779567079.4881122,4441,37001,5,12582912,10,0,0,0
23.9155811189994,1779567079.4881122,4441,37002,6,12582912,8,0,0,0
23.9155811189994,1779567079.4881122,4441,37003,7,12582912,-3,0,0,0
23.93727531300101,1779567079.5098064,4442,37004,0,12582912,-11,0,0,0
23.93727531300101,1779567079.5098064,4442,37005,1,12582912,1,0,0,0
23.93727531300101,1779567079.5098064,4442,37006,2,12582912,18,0,0,0
23.93727531300101,1779567079.5098064,4442,37007,3,12582912,16,0,0,0
23.93727531300101,1779567079.5098064,4442,37008,4,12582912,-4,0,0,0
23.93727531300101,1779567079.5098064,4442,37009,5,12582912,-17,0,0,0
23.93727531300101,1779567079.5098064,4442,37010,6,12582912,-7,0,0,0
23.93727531300101,1779567079.5098064,4442,37011,7,12582912,12,0,0,0
23.97999496400007,1779567079.5525258,4443,37012,0,12582912,18,0,0,0
23.97999496400007,1779567079.5525258,4443,37013,1,12582912,7,0,0,0
23.97999496400007,1779567079.5525258,4443,37014,2,12582912,-3,0,0,0
23.97999496400007,1779567079.5525258,4443,37015,3,12582912,3,0,0,0
23.97999496400007,1779567079.5525258,4443,37016,4,12582912,14,0,0,0
23.97999496400007,1779567079.5525258,4443,37017,5,12582912,14,0,0,0
23.97999496400007,1779567079.5525258,4443,37018,6,12582912,5,0,0,0
23.97999496400007,1779567079.5525258,4443,37019,7,12582912,2,0,0,0
24.016178326000954,1779567079.5887094,4444,37020,0,12582912,9,0,0,0
24.016178326000954,1779567079.5887094,4444,37021,1,12582912,17,0,0,0
24.016178326000954,1779567079.5887094,4444,37022,2,12582912,17,0,0,0
24.016178326000954,1779567079.5887094,4444,37023,3,12582912,10,0,0,0
24.016178326000954,1779567079.5887094,4444,37024,4,12582912,7,0,0,0
24.016178326000954,1779567079.5887094,4444,37025,5,12582912,11,0,0,0
24.016178326000954,1779567079.5887094,4444,37026,6,12582912,16,0,0,0
24.016178326000954,1779567079.5887094,4444,37027,7,12582912,14,0,0,0
24.037913039999694,1779567079.610444,4445,37028,0,12582912,6,0,0,0
24.037913039999694,1779567079.610444,4445,37029,1,12582912,3,0,0,0
24.037913039999694,1779567079.610444,4445,37030,2,12582912,9,0,0,0
24.037913039999694,1779567079.610444,4445,37031,3,12582912,16,0,0,0
24.037913039999694,1779567079.610444,4445,37032,4,12582912,16,0,0,0
24.037913039999694,1779567079.610444,4445,37033,5,12582912,10,0,0,0
24.037913039999694,1779567079.610444,4445,37034,6,12582912,5,0,0,0
24.037913039999694,1779567079.610444,4445,37035,7,12582912,7,0,0,0
24.125950472000113,1779567079.698482,4446,37036,0,12582912,12,0,0,0
24.125950472000113,1779567079.698482,4446,37037,1,12582912,11,0,0,0
24.125950472000113,1779567079.698482,4446,37038,2,12582912,6,0,0,0
24.125950472000113,1779567079.698482,4446,37039,3,12582912,2,0,0,0
24.125950472000113,1779567079.698482,4446,37040,4,12582912,3,0,0,0
24.125950472000113,1779567079.698482,4446,37041,5,12582912,5,0,0,0
24.125950472000113,1779567079.698482,4446,37042,6,12582912,5,0,0,0
24.125950472000113,1779567079.698482,4446,37043,7,12582912,1,0,0,0
24.126278278999962,1779567079.6988077,4447,37044,0,12582912,-3,0,0,0
24.126278278999962,1779567079.6988077,4447,37045,1,12582912,-5,0,0,0
24.126278278999962,1779567079.6988077,4447,37046,2,12582912,-2,0,0,0
24.126278278999962,1779567079.6988077,4447,37047,3,12582912,-1,0,0,0
24.126278278999962,1779567079.6988077,4447,37048,4,12582912,-1,0,0,0
24.126278278999962,1779567079.6988077,4447,37049,5,12582912,0,0,0,0
24.126278278999962,1779567079.6988077,4447,37050,6,12582912,1,0,0,0
24.126278278999962,1779567079.6988077,4447,37051,7,12582912,2,0,0,0
24.14786867300063,1779567079.7203996,4448,37052,0,12582912,4,0,0,0
24.14786867300063,1779567079.7203996,4448,37053,1,12582912,4,0,0,0
24.14786867300063,1779567079.7203996,4448,37054,2,12582912,4,0,0,0
24.14786867300063,1779567079.7203996,4448,37055,3,12582912,5,0,0,0
24.14786867300063,1779567079.7203996,4448,37056,4,12582912,8,0,0,0
24.14786867300063,1779567079.7203996,4448,37057,5,12582912,9,0,0,0
24.14786867300063,1779567079.7203996,4448,37058,6,12582912,9,0,0,0
24.14786867300063,1779567079.7203996,4448,37059,7,12582912,7,0,0,0
24.16948536900054,1779567079.7420163,4449,37060,0,12582912,8,0,0,0
24.16948536900054,1779567079.7420163,4449,37061,1,12582912,9,0,0,0
24.16948536900054,1779567079.7420163,4449,37062,2,12582912,8,0,0,0
24.16948536900054,1779567079.7420163,4449,37063,3,12582912,5,0,0,0
24.16948536900054,1779567079.7420163,4449,37064,4,12582912,-2,0,0,0
24.16948536900054,1779567079.7420163,4449,37065,5,12582912,-7,0,0,0
24.16948536900054,1779567079.7420163,4449,37066,6,12582912,-7,0,0,0
24.16948536900054,1779567079.7420163,4449,37067,7,12582912,-3,0,0,0
24.191195917001096,1779567079.7637272,4450,37068,0,12582912,-5,0,0,0
24.191195917001096,1779567079.7637272,4450,37069,1,12582912,-9,0,0,0
24.191195917001096,1779567079.7637272,4450,37070,2,12582912,-11,0,0,0
24.191195917001096,1779567079.7637272,4450,37071,3,12582912,-11,0,0,0
24.191195917001096,1779567079.7637272,4450,37072,4,12582912,-8,0,0,0
24.191195917001096,1779567079.7637272,4450,37073,5,12582912,-4,0,0,0
24.191195917001096,1779567079.7637272,4450,37074,6,12582912,-3,0,0,0
24.191195917001096,1779567079.7637272,4450,37075,7,12582912,-4,0,0,0
24.22781786499945,1779567079.800349,4451,37076,0,12582912,-6,0,0,0
24.22781786499945,1779567079.800349,4451,37077,1,12582912,-7,0,0,0
24.22781786499945,1779567079.800349,4451,37078,2,12582912,-6,0,0,0
24.22781786499945,1779567079.800349,4451,37079,3,12582912,-4,0,0,0
24.22781786499945,1779567079.800349,4451,37080,4,12582912,-3,0,0,0
24.22781786499945,1779567079.800349,4451,37081,5,12582912,-4,0,0,0
24.22781786499945,1779567079.800349,4451,37082,6,12582912,-7,0,0,0
24.22781786499945,1779567079.800349,4451,37083,7,12582912,-9,0,0,0
24.2556364280008,1779567079.8281674,4452,37084,0,12582912,-11,0,0,0
24.2556364280008,1779567079.8281674,4452,37085,1,12582912,-12,0,0,0
24.2556364280008,1779567079.8281674,4452,37086,2,12582912,-14,0,0,0
24.2556364280008,1779567079.8281674,4452,37087,3,12582912,-15,0,0,0
24.2556364280008,1779567079.8281674,4452,37088,4,12582912,-14,0,0,0
24.2556364280008,1779567079.8281674,4452,37089,5,12582912,-14,0,0,0
24.2556364280008,1779567079.8281674,4452,37090,6,12582912,-15,0,0,0
24.2556364280008,1779567079.8281674,4452,37091,7,12582912,-13,0,0,0
24.2983948279998,1779567079.8709257,4453,37092,0,12582912,-11,0,0,0
24.2983948279998,1779567079.8709257,4453,37093,1,12582912,-7,0,0,0
24.2983948279998,1779567079.8709257,4453,37094,2,12582912,-5,0,0,0
24.2983948279998,1779567079.8709257,4453,37095,3,12582912,-5,0,0,0
24.2983948279998,1779567079.8709257,4453,37096,4,12582912,-6,0,0,0
24.2983948279998,1779567079.8709257,4453,37097,5,12582912,-7,0,0,0
24.2983948279998,1779567079.8709257,4453,37098,6,12582912,-6,0,0,0
24.2983948279998,1779567079.8709257,4453,37099,7,12582912,-5,0,0,0
24.333342638999966,1779567079.9058733,4454,37100,0,12582912,-3,0,0,0
24.333342638999966,1779567079.9058733,4454,37101,1,12582912,-3,0,0,0
24.333342638999966,1779567079.9058733,4454,37102,2,12582912,-1,0,0,0
24.333342638999966,1779567079.9058733,4454,37103,3,12582912,2,0,0,0
24.333342638999966,1779567079.9058733,4454,37104,4,12582912,4,0,0,0
24.333342638999966,1779567079.9058733,4454,37105,5,12582912,3,0,0,0
24.333342638999966,1779567079.9058733,4454,37106,6,12582912,3,0,0,0
24.333342638999966,1779567079.9058733,4454,37107,7,12582912,5,0,0,0
24.35504094799944,1779567079.927572,4455,37108,0,12582912,9,0,0,0
24.35504094799944,1779567079.927572,4455,37109,1,12582912,12,0,0,0
24.35504094799944,1779567079.927572,4455,37110,2,12582912,14,0,0,0
24.35504094799944,1779567079.927572,4455,37111,3,12582912,16,0,0,0
24.35504094799944,1779567079.927572,4455,37112,4,12582912,18,0,0,0
24.35504094799944,1779567079.927572,4455,37113,5,12582912,19,0,0,0
24.35504094799944,1779567079.927572,4455,37114,6,12582912,20,0,0,0
24.35504094799944,1779567079.927572,4455,37115,7,12582912,18,0,0,0
24.39787023200006,1779567079.9704013,4456,37116,0,12582912,16,0,0,0
24.39787023200006,1779567079.9704013,4456,37117,1,12582912,15,0,0,0
24.39787023200006,1779567079.9704013,4456,37118,2,12582912,14,0,0,0
24.39787023200006,1779567079.9704013,4456,37119,3,12582912,14,0,0,0
24.39787023200006,1779567079.9704013,4456,37120,4,12582912,12,0,0,0
24.39787023200006,1779567079.9704013,4456,37121,5,12582912,10,0,0,0
24.39787023200006,1779567079.9704013,4456,37122,6,12582912,8,0,0,0
24.39787023200006,1779567079.9704013,4456,37123,7,12582912,7,0,0,0
24.43473764400005,1779567080.0072687,4457,37124,0,12582912,8,0,0,0
24.43473764400005,1779567080.0072687,4457,37125,1,12582912,11,0,0,0
24.43473764400005,1779567080.0072687,4457,37126,2,12582912,13,0,0,0
24.43473764400005,1779567080.0072687,4457,37127,3,12582912,13,0,0,0
24.43473764400005,1779567080.0072687,4457,37128,4,12582912,13,0,0,0
24.43473764400005,1779567080.0072687,4457,37129,5,12582912,13,0,0,0
24.43473764400005,1779567080.0072687,4457,37130,6,12582912,13,0,0,0
24.43473764400005,1779567080.0072687,4457,37131,7,12582912,14,0,0,0
24.482404759999554,1779567080.0549357,4458,37132,0,12582912,17,0,0,0
24.482404759999554,1779567080.0549357,4458,37133,1,12582912,19,0,0,0
24.482404759999554,1779567080.0549357,4458,37134,2,12582912,17,0,0,0
24.482404759999554,1779567080.0549357,4458,37135,3,12582912,16,0,0,0
24.482404759999554,1779567080.0549357,4458,37136,4,12582912,16,0,0,0
24.482404759999554,1779567080.0549357,4458,37137,5,12582912,16,0,0,0
24.482404759999554,1779567080.0549357,4458,37138,6,12582912,16,0,0,0
24.482404759999554,1779567080.0549357,4458,37139,7,12582912,15,0,0,0
24.503695888999573,1779567080.0762258,4459,37140,0,12582912,12,0,0,0
24.503695888999573,1779567080.0762258,4459,37141,1,12582912,8,0,0,0
24.503695888999573,1779567080.0762258,4459,37142,2,12582912,6,0,0,0
24.503695888999573,1779567080.0762258,4459,37143,3,12582912,9,0,0,0
24.503695888999573,1779567080.0762258,4459,37144,4,12582912,9,0,0,0
24.503695888999573,1779567080.0762258,4459,37145,5,12582912,8,0,0,0
24.503695888999573,1779567080.0762258,4459,37146,6,12582912,6,0,0,0
24.503695888999573,1779567080.0762258,4459,37147,7,12582912,4,0,0,0
24.525161494000713,1779567080.0976925,4460,37148,0,12582912,3,0,0,0
24.525161494000713,1779567080.0976925,4460,37149,1,12582912,5,0,0,0
24.525161494000713,1779567080.0976925,4460,37150,2,12582912,7,0,0,0
24.525161494000713,1779567080.0976925,4460,37151,3,12582912,8,0,0,0
24.525161494000713,1779567080.0976925,4460,37152,4,12582912,10,0,0,0
24.525161494000713,1779567080.0976925,4460,37153,5,12582912,14,0,0,0
24.525161494000713,1779567080.0976925,4460,37154,6,12582912,16,0,0,0
24.525161494000713,1779567080.0976925,4460,37155,7,12582912,15,0,0,0
24.546838346001095,1779567080.1193697,4461,37156,0,12582912,16,0,0,0
24.546838346001095,1779567080.1193697,4461,37157,1,12582912,20,0,0,0
24.546838346001095,1779567080.1193697,4461,37158,2,12582912,23,0,0,0
24.546838346001095,1779567080.1193697,4461,37159,3,12582912,23,0,0,0
24.546838346001095,1779567080.1193697,4461,37160,4,12582912,20,0,0,0
24.546838346001095,1779567080.1193697,4461,37161,5,12582912,18,0,0,0
24.546838346001095,1779567080.1193697,4461,37162,6,12582912,18,0,0,0
24.546838346001095,1779567080.1193697,4461,37163,7,12582912,20,0,0,0
24.581384290000642,1779567080.1539152,4462,37164,0,12582912,18,0,0,0
24.581384290000642,1779567080.1539152,4462,37165,1,12582912,15,0,0,0
24.581384290000642,1779567080.1539152,4462,37166,2,12582912,13,0,0,0
24.581384290000642,1779567080.1539152,4462,37167,3,12582912,12,0,0,0
24.581384290000642,1779567080.1539152,4462,37168,4,12582912,13,0,0,0
24.581384290000642,1779567080.1539152,4462,37169,5,12582912,15,0,0,0
24.581384290000642,1779567080.1539152,4462,37170,6,12582912,14,0,0,0
24.581384290000642,1779567080.1539152,4462,37171,7,12582912,10,0,0,0
24.6403555779998,1779567080.2128868,4463,37172,0,12582912,9,0,0,0
24.6403555779998,1779567080.2128868,4463,37173,1,12582912,10,0,0,0
24.6403555779998,1779567080.2128868,4463,37174,2,12582912,11,0,0,0
24.6403555779998,1779567080.2128868,4463,37175,3,12582912,14,0,0,0
24.6403555779998,1779567080.2128868,4463,37176,4,12582912,18,0,0,0
24.6403555779998,1779567080.2128868,4463,37177,5,12582912,22,0,0,0
24.6403555779998,1779567080.2128868,4463,37178,6,12582912,25,0,0,0
24.6403555779998,1779567080.2128868,4463,37179,7,12582912,24,0,0,0
24.640664894999645,1779567080.2131941,4464,37180,0,12582912,22,0,0,0
24.640664894999645,1779567080.2131941,4464,37181,1,12582912,20,0,0,0
24.640664894999645,1779567080.2131941,4464,37182,2,12582912,20,0,0,0
24.640664894999645,1779567080.2131941,4464,37183,3,12582912,21,0,0,0
24.640664894999645,1779567080.2131941,4464,37184,4,12582912,22,0,0,0
24.640664894999645,1779567080.2131941,4464,37185,5,12582912,22,0,0,0
24.640664894999645,1779567080.2131941,4464,37186,6,12582912,21,0,0,0
24.640664894999645,1779567080.2131941,4464,37187,7,12582912,22,0,0,0
24.683442723000553,1779567080.2559733,4465,37188,0,12582912,23,0,0,0
24.683442723000553,1779567080.2559733,4465,37189,1,12582912,25,0,0,0
24.683442723000553,1779567080.2559733,4465,37190,2,12582912,25,0,0,0
24.683442723000553,1779567080.2559733,4465,37191,3,12582912,26,0,0,0
24.683442723000553,1779567080.2559733,4465,37192,4,12582912,23,0,0,0
24.683442723000553,1779567080.2559733,4465,37193,5,12582912,17,0,0,0
24.683442723000553,1779567080.2559733,4465,37194,6,12582912,12,0,0,0
24.683442723000553,1779567080.2559733,4465,37195,7,12582912,10,0,0,0
24.70506025299983,1779567080.2775908,4466,37196,0,12582912,10,0,0,0
24.70506025299983,1779567080.2775908,4466,37197,1,12582912,11,0,0,0
24.70506025299983,1779567080.2775908,4466,37198,2,12582912,14,0,0,0
24.70506025299983,1779567080.2775908,4466,37199,3,12582912,16,0,0,0
24.70506025299983,1779567080.2775908,4466,37200,4,12582912,14,0,0,0
24.70506025299983,1779567080.2775908,4466,37201,5,12582912,13,0,0,0
24.70506025299983,1779567080.2775908,4466,37202,6,12582912,12,0,0,0
24.70506025299983,1779567080.2775908,4466,37203,7,12582912,12,0,0,0
24.74759808499948,1779567080.320128,4467,37204,0,12582912,10,0,0,0
24.74759808499948,1779567080.320128,4467,37205,1,12582912,10,0,0,0
24.74759808499948,1779567080.320128,4467,37206,2,12582912,12,0,0,0
24.74759808499948,1779567080.320128,4467,37207,3,12582912,14,0,0,0
24.74759808499948,1779567080.320128,4467,37208,4,12582912,15,0,0,0
24.74759808499948,1779567080.320128,4467,37209,5,12582912,18,0,0,0
24.74759808499948,1779567080.320128,4467,37210,6,12582912,20,0,0,0
24.74759808499948,1779567080.320128,4467,37211,7,12582912,19,0,0,0
24.773472414000935,1779567080.346003,4468,37212,0,12582912,19,0,0,0
24.773472414000935,1779567080.346003,4468,37213,1,12582912,22,0,0,0
24.773472414000935,1779567080.346003,4468,37214,2,12582912,23,0,0,0
24.773472414000935,1779567080.346003,4468,37215,3,12582912,19,0,0,0
24.773472414000935,1779567080.346003,4468,37216,4,12582912,13,0,0,0
24.773472414000935,1779567080.346003,4468,37217,5,12582912,10,0,0,0
24.773472414000935,1779567080.346003,4468,37218,6,12582912,10,0,0,0
24.773472414000935,1779567080.346003,4468,37219,7,12582912,10,0,0,0
24.813664454999525,1779567080.3861952,4469,37220,0,12582912,8,0,0,0
24.813664454999525,1779567080.3861952,4469,37221,1,12582912,7,0,0,0
24.813664454999525,1779567080.3861952,4469,37222,2,12582912,6,0,0,0
24.813664454999525,1779567080.3861952,4469,37223,3,12582912,3,0,0,0
24.813664454999525,1779567080.3861952,4469,37224,4,12582912,1,0,0,0
24.813664454999525,1779567080.3861952,4469,37225,5,12582912,0,0,0,0
24.813664454999525,1779567080.3861952,4469,37226,6,12582912,0,0,0,0
24.813664454999525,1779567080.3861952,4469,37227,7,12582912,1,0,0,0
24.879797177,1779567080.452328,4470,37228,0,12582912,4,0,0,0
24.879797177,1779567080.452328,4470,37229,1,12582912,8,0,0,0
24.879797177,1779567080.452328,4470,37230,2,12582912,8,0,0,0
24.879797177,1779567080.452328,4470,37231,3,12582912,5,0,0,0
24.879797177,1779567080.452328,4470,37232,4,12582912,4,0,0,0
24.879797177,1779567080.452328,4470,37233,5,12582912,4,0,0,0
24.879797177,1779567080.452328,4470,37234,6,12582912,2,0,0,0
24.879797177,1779567080.452328,4470,37235,7,12582912,1,0,0,0
24.901336843000536,1779567080.473868,4471,37236,0,12582912,1,0,0,0
24.901336843000536,1779567080.473868,4471,37237,1,12582912,3,0,0,0
24.901336843000536,1779567080.473868,4471,37238,2,12582912,4,0,0,0
24.901336843000536,1779567080.473868,4471,37239,3,12582912,6,0,0,0
24.901336843000536,1779567080.473868,4471,37240,4,12582912,5,0,0,0
24.901336843000536,1779567080.473868,4471,37241,5,12582912,-3,0,0,0
24.901336843000536,1779567080.473868,4471,37242,6,12582912,-7,0,0,0
24.901336843000536,1779567080.473868,4471,37243,7,12582912,-6,0,0,0
24.901641578000635,1779567080.4741712,4472,37244,0,12582912,-5,0,0,0
24.901641578000635,1779567080.4741712,4472,37245,1,12582912,-5,0,0,0
24.901641578000635,1779567080.4741712,4472,37246,2,12582912,-3,0,0,0
24.901641578000635,1779567080.4741712,4472,37247,3,12582912,-1,0,0,0
24.901641578000635,1779567080.4741712,4472,37248,4,12582912,2,0,0,0
24.901641578000635,1779567080.4741712,4472,37249,5,12582912,4,0,0,0
24.901641578000635,1779567080.4741712,4472,37250,6,12582912,2,0,0,0
24.901641578000635,1779567080.4741712,4472,37251,7,12582912,-4,0,0,0
25.106600147999416,1779567080.6791315,4473,37252,0,12582912,-8,0,0,0
25.106600147999416,1779567080.6791315,4473,37253,1,12582912,-10,0,0,0
25.106600147999416,1779567080.6791315,4473,37254,2,12582912,-8,0,0,0
25.106600147999416,1779567080.6791315,4473,37255,3,12582912,-5,0,0,0
25.106600147999416,1779567080.6791315,4473,37256,4,12582912,-1,0,0,0
25.106600147999416,1779567080.6791315,4473,37257,5,12582912,-2,0,0,0
25.106600147999416,1779567080.6791315,4473,37258,6,12582912,1,0,0,0
25.106600147999416,1779567080.6791315,4473,37259,7,12582912,18,0,0,0
25.149430944000414,1779567080.721962,4474,37260,0,12582912,21,0,0,0
25.149430944000414,1779567080.721962,4474,37261,1,12582912,-11,0,0,0
25.149430944000414,1779567080.721962,4474,37262,2,12582912,-46,0,0,0
25.149430944000414,1779567080.721962,4474,37263,3,12582912,-41,0,0,0
25.149430944000414,1779567080.721962,4474,37264,4,12582912,-6,0,0,0
25.149430944000414,1779567080.721962,4474,37265,5,12582912,15,0,0,0
25.149430944000414,1779567080.721962,4474,37266,6,12582912,-1,0,0,0
25.149430944000414,1779567080.721962,4474,37267,7,12582912,-28,0,0,0
25.171133108000504,1779567080.743664,4475,37268,0,12582912,-29,0,0,0
25.171133108000504,1779567080.743664,4475,37269,1,12582912,-7,0,0,0
25.171133108000504,1779567080.743664,4475,37270,2,12582912,7,0,0,0
25.171133108000504,1779567080.743664,4475,37271,3,12582912,-5,0,0,0
25.171133108000504,1779567080.743664,4475,37272,4,12582912,-27,0,0,0
25.171133108000504,1779567080.743664,4475,37273,5,12582912,-27,0,0,0
25.171133108000504,1779567080.743664,4475,37274,6,12582912,-7,0,0,0
25.171133108000504,1779567080.743664,4475,37275,7,12582912,5,0,0,0
25.193475519999993,1779567080.7660065,4476,37276,0,12582912,-7,0,0,0
25.193475519999993,1779567080.7660065,4476,37277,1,12582912,-24,0,0,0
25.193475519999993,1779567080.7660065,4476,37278,2,12582912,-26,0,0,0
25.193475519999993,1779567080.7660065,4476,37279,3,12582912,-12,0,0,0
25.193475519999993,1779567080.7660065,4476,37280,4,12582912,-2,0,0,0
25.193475519999993,1779567080.7660065,4476,37281,5,12582912,-6,0,0,0
25.193475519999993,1779567080.7660065,4476,37282,6,12582912,-16,0,0,0
25.193475519999993,1779567080.7660065,4476,37283,7,12582912,-15,0,0,0
25.23627152500012,1779567080.8088026,4477,37284,0,12582912,-2,0,0,0
25.23627152500012,1779567080.8088026,4477,37285,1,12582912,6,0,0,0
25.23627152500012,1779567080.8088026,4477,37286,2,12582912,2,0,0,0
25.23627152500012,1779567080.8088026,4477,37287,3,12582912,-8,0,0,0
25.23627152500012,1779567080.8088026,4477,37288,4,12582912,-7,0,0,0
25.23627152500012,1779567080.8088026,4477,37289,5,12582912,2,0,0,0
25.23627152500012,1779567080.8088026,4477,37290,6,12582912,7,0,0,0
25.23627152500012,1779567080.8088026,4477,37291,7,12582912,2,0,0,0
25.338073244000043,1779567080.910604,4478,37292,0,12582912,-6,0,0,0
25.338073244000043,1779567080.910604,4478,37293,1,12582912,-11,0,0,0
25.338073244000043,1779567080.910604,4478,37294,2,12582912,-10,0,0,0
25.338073244000043,1779567080.910604,4478,37295,3,12582912,-7,0,0,0
25.338073244000043,1779567080.910604,4478,37296,4,12582912,-8,0,0,0
25.338073244000043,1779567080.910604,4478,37297,5,12582912,-10,0,0,0
25.338073244000043,1779567080.910604,4478,37298,6,12582912,-7,0,0,0
25.338073244000043,1779567080.910604,4478,37299,7,12582912,1,0,0,0
25.344403183000395,1779567080.916935,4479,37300,0,12582912,7,0,0,0
25.344403183000395,1779567080.916935,4479,37301,1,12582912,6,0,0,0
25.344403183000395,1779567080.916935,4479,37302,2,12582912,1,0,0,0
25.344403183000395,1779567080.916935,4479,37303,3,12582912,-1,0,0,0
25.344403183000395,1779567080.916935,4479,37304,4,12582912,1,0,0,0
25.344403183000395,1779567080.916935,4479,37305,5,12582912,1,0,0,0
25.344403183000395,1779567080.916935,4479,37306,6,12582912,-3,0,0,0
25.344403183000395,1779567080.916935,4479,37307,7,12582912,-9,0,0,0
25.344729323000138,1779567080.917259,4480,37308,0,12582912,-10,0,0,0
25.344729323000138,1779567080.917259,4480,37309,1,12582912,-7,0,0,0
25.344729323000138,1779567080.917259,4480,37310,2,12582912,-4,0,0,0
25.344729323000138,1779567080.917259,4480,37311,3,12582912,-3,0,0,0
25.344729323000138,1779567080.917259,4480,37312,4,12582912,-2,0,0,0
25.344729323000138,1779567080.917259,4480,37313,5,12582912,0,0,0,0
25.344729323000138,1779567080.917259,4480,37314,6,12582912,3,0,0,0
25.344729323000138,1779567080.917259,4480,37315,7,12582912,5,0,0,0
25.366477944000508,1779567080.9390087,4481,37316,0,12582912,3,0,0,0
25.366477944000508,1779567080.9390087,4481,37317,1,12582912,-1,0,0,0
25.366477944000508,1779567080.9390087,4481,37318,2,12582912,-2,0,0,0
25.366477944000508,1779567080.9390087,4481,37319,3,12582912,1,0,0,0
25.366477944000508,1779567080.9390087,4481,37320,4,12582912,3,0,0,0
25.366477944000508,1779567080.9390087,4481,37321,5,12582912,2,0,0,0
25.366477944000508,1779567080.9390087,4481,37322,6,12582912,1,0,0,0
25.366477944000508,1779567080.9390087,4481,37323,7,12582912,-1,0,0,0
25.38814057700074,1779567080.9606714,4482,37324,0,12582912,1,0,0,0
25.38814057700074,1779567080.9606714,4482,37325,1,12582912,6,0,0,0
25.38814057700074,1779567080.9606714,4482,37326,2,12582912,8,0,0,0
25.38814057700074,1779567080.9606714,4482,37327,3,12582912,4,0,0,0
25.38814057700074,1779567080.9606714,4482,37328,4,12582912,0,0,0,0
25.38814057700074,1779567080.9606714,4482,37329,5,12582912,0,0,0,0
25.38814057700074,1779567080.9606714,4482,37330,6,12582912,0,0,0,0
25.38814057700074,1779567080.9606714,4482,37331,7,12582912,0,0,0,0
25.431098662000295,1779567081.0036297,4483,37332,0,12582912,1,0,0,0
25.431098662000295,1779567081.0036297,4483,37333,1,12582912,3,0,0,0
25.431098662000295,1779567081.0036297,4483,37334,2,12582912,4,0,0,0
25.431098662000295,1779567081.0036297,4483,37335,3,12582912,2,0,0,0
25.431098662000295,1779567081.0036297,4483,37336,4,12582912,-1,0,0,0
25.431098662000295,1779567081.0036297,4483,37337,5,12582912,-1,0,0,0
25.431098662000295,1779567081.0036297,4483,37338,6,12582912,0,0,0,0
25.431098662000295,1779567081.0036297,4483,37339,7,12582912,1,0,0,0
25.45272004599974,1779567081.0252514,4484,37340,0,12582912,0,0,0,0
25.45272004599974,1779567081.0252514,4484,37341,1,12582912,-2,0,0,0
25.45272004599974,1779567081.0252514,4484,37342,2,12582912,-4,0,0,0
25.45272004599974,1779567081.0252514,4484,37343,3,12582912,-4,0,0,0
25.45272004599974,1779567081.0252514,4484,37344,4,12582912,-3,0,0,0
25.45272004599974,1779567081.0252514,4484,37345,5,12582912,-3,0,0,0
25.45272004599974,1779567081.0252514,4484,37346,6,12582912,-3,0,0,0
25.45272004599974,1779567081.0252514,4484,37347,7,12582912,-4,0,0,0
25.49548422999942,1779567081.0680156,4485,37348,0,12582912,-5,0,0,0
25.49548422999942,1779567081.0680156,4485,37349,1,12582912,-5,0,0,0
25.49548422999942,1779567081.0680156,4485,37350,2,12582912,-1,0,0,0
25.49548422999942,1779567081.0680156,4485,37351,3,12582912,3,0,0,0
25.49548422999942,1779567081.0680156,4485,37352,4,12582912,4,0,0,0
25.49548422999942,1779567081.0680156,4485,37353,5,12582912,0,0,0,0
25.49548422999942,1779567081.0680156,4485,37354,6,12582912,-3,0,0,0
25.49548422999942,1779567081.0680156,4485,37355,7,12582912,-1,0,0,0
25.546208428000682,1779567081.1187394,4486,37356,0,12582912,3,0,0,0
25.546208428000682,1779567081.1187394,4486,37357,1,12582912,4,0,0,0
25.546208428000682,1779567081.1187394,4486,37358,2,12582912,3,0,0,0
25.546208428000682,1779567081.1187394,4486,37359,3,12582912,1,0,0,0
25.546208428000682,1779567081.1187394,4486,37360,4,12582912,0,0,0,0
25.546208428000682,1779567081.1187394,4486,37361,5,12582912,0,0,0,0
25.546208428000682,1779567081.1187394,4486,37362,6,12582912,1,0,0,0
25.546208428000682,1779567081.1187394,4486,37363,7,12582912,1,0,0,0
25.546516964001057,1779567081.1190464,4487,37364,0,12582912,3,0,0,0
25.546516964001057,1779567081.1190464,4487,37365,1,12582912,4,0,0,0
25.546516964001057,1779567081.1190464,4487,37366,2,12582912,3,0,0,0
25.546516964001057,1779567081.1190464,4487,37367,3,12582912,1,0,0,0
25.546516964001057,1779567081.1190464,4487,37368,4,12582912,0,0,0,0
25.546516964001057,1779567081.1190464,4487,37369,5,12582912,1,0,0,0
25.546516964001057,1779567081.1190464,4487,37370,6,12582912,-1,0,0,0
25.546516964001057,1779567081.1190464,4487,37371,7,12582912,-7,0,0,0
25.58921531499982,1779567081.1617463,4488,37372,0,12582912,-10,0,0,0
25.58921531499982,1779567081.1617463,4488,37373,1,12582912,-9,0,0,0
25.58921531499982,1779567081.1617463,4488,37374,2,12582912,-6,0,0,0
25.58921531499982,1779567081.1617463,4488,37375,3,12582912,0,0,0,0
25.58921531499982,1779567081.1617463,4488,37376,4,12582912,3,0,0,0
25.58921531499982,1779567081.1617463,4488,37377,5,12582912,2,0,0,0
25.58921531499982,1779567081.1617463,4488,37378,6,12582912,2,0,0,0
25.58921531499982,1779567081.1617463,4488,37379,7,12582912,4,0,0,0
25.6109063340009,1779567081.1834373,4489,37380,0,12582912,6,0,0,0
25.6109063340009,1779567081.1834373,4489,37381,1,12582912,7,0,0,0
25.6109063340009,1779567081.1834373,4489,37382,2,12582912,7,0,0,0
25.6109063340009,1779567081.1834373,4489,37383,3,12582912,6,0,0,0
25.6109063340009,1779567081.1834373,4489,37384,4,12582912,5,0,0,0
25.6109063340009,1779567081.1834373,4489,37385,5,12582912,5,0,0,0
25.6109063340009,1779567081.1834373,4489,37386,6,12582912,5,0,0,0
25.6109063340009,1779567081.1834373,4489,37387,7,12582912,3,0,0,0
25.669593254000574,1779567081.2421238,4490,37388,0,12582912,0,0,0,0
25.669593254000574,1779567081.2421238,4490,37389,1,12582912,-3,0,0,0
25.669593254000574,1779567081.2421238,4490,37390,2,12582912,-6,0,0,0
25.669593254000574,1779567081.2421238,4490,37391,3,12582912,-6,0,0,0
25.669593254000574,1779567081.2421238,4490,37392,4,12582912,-4,0,0,0
25.669593254000574,1779567081.2421238,4490,37393,5,12582912,-3,0,0,0
25.669593254000574,1779567081.2421238,4490,37394,6,12582912,-4,0,0,0
25.669593254000574,1779567081.2421238,4490,37395,7,12582912,-4,0,0,0
25.690840843000842,1779567081.263371,4491,37396,0,12582912,-1,0,0,0
25.690840843000842,1779567081.263371,4491,37397,1,12582912,2,0,0,0
25.690840843000842,1779567081.263371,4491,37398,2,12582912,3,0,0,0
25.690840843000842,1779567081.263371,4491,37399,3,12582912,4,0,0,0
25.690840843000842,1779567081.263371,4491,37400,4,12582912,5,0,0,0
25.690840843000842,1779567081.263371,4491,37401,5,12582912,5,0,0,0
25.690840843000842,1779567081.263371,4491,37402,6,12582912,3,0,0,0
25.690840843000842,1779567081.263371,4491,37403,7,12582912,1,0,0,0
25.712092129000666,1779567081.2846224,4492,37404,0,12582912,1,0,0,0
25.712092129000666,1779567081.2846224,4492,37405,1,12582912,1,0,0,0
25.712092129000666,1779567081.2846224,4492,37406,2,12582912,1,0,0,0
25.712092129000666,1779567081.2846224,4492,37407,3,12582912,1,0,0,0
25.712092129000666,1779567081.2846224,4492,37408,4,12582912,5,0,0,0
25.712092129000666,1779567081.2846224,4492,37409,5,12582912,6,0,0,0
25.712092129000666,1779567081.2846224,4492,37410,6,12582912,5,0,0,0
25.712092129000666,1779567081.2846224,4492,37411,7,12582912,6,0,0,0
25.742275861000962,1779567081.3148062,4493,37412,0,12582912,6,0,0,0
25.742275861000962,1779567081.3148062,4493,37413,1,12582912,4,0,0,0
25.742275861000962,1779567081.3148062,4493,37414,2,12582912,4,0,0,0
25.742275861000962,1779567081.3148062,4493,37415,3,12582912,5,0,0,0
25.742275861000962,1779567081.3148062,4493,37416,4,12582912,3,0,0,0
25.742275861000962,1779567081.3148062,4493,37417,5,12582912,0,0,0,0
25.742275861000962,1779567081.3148062,4493,37418,6,12582912,-4,0,0,0
25.742275861000962,1779567081.3148062,4493,37419,7,12582912,-5,0,0,0
25.773499990000346,1779567081.3460298,4494,37420,0,12582912,-4,0,0,0
25.773499990000346,1779567081.3460298,4494,37421,1,12582912,-5,0,0,0
25.773499990000346,1779567081.3460298,4494,37422,2,12582912,-4,0,0,0
25.773499990000346,1779567081.3460298,4494,37423,3,12582912,-4,0,0,0
25.773499990000346,1779567081.3460298,4494,37424,4,12582912,-6,0,0,0
25.773499990000346,1779567081.3460298,4494,37425,5,12582912,-7,0,0,0
25.773499990000346,1779567081.3460298,4494,37426,6,12582912,-7,0,0,0
25.773499990000346,1779567081.3460298,4494,37427,7,12582912,-5,0,0,0
25.86477507699965,1779567081.437306,4495,37428,0,12582912,-4,0,0,0
25.86477507699965,1779567081.437306,4495,37429,1,12582912,-4,0,0,0
25.86477507699965,1779567081.437306,4495,37430,2,12582912,-4,0,0,0
25.86477507699965,1779567081.437306,4495,37431,3,12582912,-6,0,0,0
25.86477507699965,1779567081.437306,4495,37432,4,12582912,-9,0,0,0
25.86477507699965,1779567081.437306,4495,37433,5,12582912,-11,0,0,0
25.86477507699965,1779567081.437306,4495,37434,6,12582912,-10,0,0,0
25.86477507699965,1779567081.437306,4495,37435,7,12582912,-8,0,0,0
25.867461019000984,1779567081.4399931,4496,37436,0,12582912,-4,0,0,0
25.867461019000984,1779567081.4399931,4496,37437,1,12582912,0,0,0,0
25.867461019000984,1779567081.4399931,4496,37438,2,12582912,3,0,0,0
25.867461019000984,1779567081.4399931,4496,37439,3,12582912,3,0,0,0
25.867461019000984,1779567081.4399931,4496,37440,4,12582912,2,0,0,0
25.867461019000984,1779567081.4399931,4496,37441,5,12582912,0,0,0,0
25.867461019000984,1779567081.4399931,4496,37442,6,12582912,-2,0,0,0
25.867461019000984,1779567081.4399931,4496,37443,7,12582912,-4,0,0,0
25.86777997200079,1779567081.4403095,4497,37444,0,12582912,-2,0,0,0
25.86777997200079,1779567081.4403095,4497,37445,1,12582912,3,0,0,0
25.86777997200079,1779567081.4403095,4497,37446,2,12582912,6,0,0,0
25.86777997200079,1779567081.4403095,4497,37447,3,12582912,4,0,0,0
25.86777997200079,1779567081.4403095,4497,37448,4,12582912,0,0,0,0
25.86777997200079,1779567081.4403095,4497,37449,5,12582912,-2,0,0,0
25.86777997200079,1779567081.4403095,4497,37450,6,12582912,-3,0,0,0
25.86777997200079,1779567081.4403095,4497,37451,7,12582912,-3,0,0,0
25.913363949000995,1779567081.485895,4498,37452,0,12582912,-6,0,0,0
25.913363949000995,1779567081.485895,4498,37453,1,12582912,-11,0,0,0
25.913363949000995,1779567081.485895,4498,37454,2,12582912,-17,0,0,0
25.913363949000995,1779567081.485895,4498,37455,3,12582912,-20,0,0,0
25.913363949000995,1779567081.485895,4498,37456,4,12582912,-19,0,0,0
25.913363949000995,1779567081.485895,4498,37457,5,12582912,-16,0,0,0
25.913363949000995,1779567081.485895,4498,37458,6,12582912,-14,0,0,0
25.913363949000995,1779567081.485895,4498,37459,7,12582912,-12,0,0,0
25.951426341000115,1779567081.523957,4499,37460,0,12582912,-9,0,0,0
25.951426341000115,1779567081.523957,4499,37461,1,12582912,-4,0,0,0
25.951426341000115,1779567081.523957,4499,37462,2,12582912,-1,0,0,0
25.951426341000115,1779567081.523957,4499,37463,3,12582912,2,0,0,0
25.951426341000115,1779567081.523957,4499,37464,4,12582912,3,0,0,0
25.951426341000115,1779567081.523957,4499,37465,5,12582912,4,0,0,0
25.951426341000115,1779567081.523957,4499,37466,6,12582912,4,0,0,0
25.951426341000115,1779567081.523957,4499,37467,7,12582912,5,0,0,0
25.973062205001042,1779567081.5455933,4500,37468,0,12582912,7,0,0,0
25.973062205001042,1779567081.5455933,4500,37469,1,12582912,7,0,0,0
25.973062205001042,1779567081.5455933,4500,37470,2,12582912,5,0,0,0
25.973062205001042,1779567081.5455933,4500,37471,3,12582912,4,0,0,0
25.973062205001042,1779567081.5455933,4500,37472,4,12582912,3,0,0,0
25.973062205001042,1779567081.5455933,4500,37473,5,12582912,1,0,0,0
25.973062205001042,1779567081.5455933,4500,37474,6,12582912,-1,0,0,0
25.973062205001042,1779567081.5455933,4500,37475,7,12582912,0,0,0,0
25.99487770000087,1779567081.5674083,4501,37476,0,12582912,1,0,0,0
25.99487770000087,1779567081.5674083,4501,37477,1,12582912,-1,0,0,0
25.99487770000087,1779567081.5674083,4501,37478,2,12582912,-3,0,0,0
25.99487770000087,1779567081.5674083,4501,37479,3,12582912,-4,0,0,0
25.99487770000087,1779567081.5674083,4501,37480,4,12582912,-4,0,0,0
25.99487770000087,1779567081.5674083,4501,37481,5,12582912,-3,0,0,0
25.99487770000087,1779567081.5674083,4501,37482,6,12582912,-3,0,0,0
25.99487770000087,1779567081.5674083,4501,37483,7,12582912,-3,0,0,0
26.030223527001,1779567081.602754,4502,37484,0,12582912,-4,0,0,0
26.030223527001,1779567081.602754,4502,37485,1,12582912,-5,0,0,0
26.030223527001,1779567081.602754,4502,37486,2,12582912,-1,0,0,0
26.030223527001,1779567081.602754,4502,37487,3,12582912,3,0,0,0
26.030223527001,1779567081.602754,4502,37488,4,12582912,2,0,0,0
26.030223527001,1779567081.602754,4502,37489,5,12582912,0,0,0,0
26.030223527001,1779567081.602754,4502,37490,6,12582912,3,0,0,0
26.030223527001,1779567081.602754,4502,37491,7,12582912,6,0,0,0
26.107601622999937,1779567081.6801326,4503,37492,0,12582912,4,0,0,0
26.107601622999937,1779567081.6801326,4503,37493,1,12582912,1,0,0,0
26.107601622999937,1779567081.6801326,4503,37494,2,12582912,0,0,0,0
26.107601622999937,1779567081.6801326,4503,37495,3,12582912,-1,0,0,0
26.107601622999937,1779567081.6801326,4503,37496,4,12582912,-1,0,0,0
26.107601622999937,1779567081.6801326,4503,37497,5,12582912,-1,0,0,0
26.107601622999937,1779567081.6801326,4503,37498,6,12582912,0,0,0,0
26.107601622999937,1779567081.6801326,4503,37499,7,12582912,1,0,0,0
26.107914742000503,1779567081.6804445,4504,37500,0,12582912,2,0,0,0
26.107914742000503,1779567081.6804445,4504,37501,1,12582912,11,0,0,0
26.107914742000503,1779567081.6804445,4504,37502,2,12582912,26,0,0,0
26.107914742000503,1779567081.6804445,4504,37503,3,12582912,14,0,0,0
26.107914742000503,1779567081.6804445,4504,37504,4,12582912,-20,0,0,0
26.107914742000503,1779567081.6804445,4504,37505,5,12582912,-33,0,0,0
26.107914742000503,1779567081.6804445,4504,37506,6,12582912,-9,0,0,0
26.107914742000503,1779567081.6804445,4504,37507,7,12582912,16,0,0,0
26.167176756000117,1779567081.739708,4505,37508,0,12582912,10,0,0,0
26.167176756000117,1779567081.739708,4505,37509,1,12582912,-15,0,0,0
26.167176756000117,1779567081.739708,4505,37510,2,12582912,-23,0,0,0
26.167176756000117,1779567081.739708,4505,37511,3,12582912,-3,0,0,0
26.167176756000117,1779567081.739708,4505,37512,4,12582912,19,0,0,0
26.167176756000117,1779567081.739708,4505,37513,5,12582912,16,0,0,0
26.167176756000117,1779567081.739708,4505,37514,6,12582912,-5,0,0,0
26.167176756000117,1779567081.739708,4505,37515,7,12582912,-13,0,0,0
26.167490031999478,1779567081.740019,4506,37516,0,12582912,0,0,0,0
26.167490031999478,1779567081.740019,4506,37517,1,12582912,14,0,0,0
26.167490031999478,1779567081.740019,4506,37518,2,12582912,10,0,0,0
26.167490031999478,1779567081.740019,4506,37519,3,12582912,-8,0,0,0
26.167490031999478,1779567081.740019,4506,37520,4,12582912,-15,0,0,0
26.167490031999478,1779567081.740019,4506,37521,5,12582912,-4,0,0,0
26.167490031999478,1779567081.740019,4506,37522,6,12582912,7,0,0,0
26.167490031999478,1779567081.740019,4506,37523,7,12582912,7,0,0,0
26.210269788000005,1779567081.7828007,4507,37524,0,12582912,-1,0,0,0
26.210269788000005,1779567081.7828007,4507,37525,1,12582912,-5,0,0,0
26.210269788000005,1779567081.7828007,4507,37526,2,12582912,0,0,0,0
26.210269788000005,1779567081.7828007,4507,37527,3,12582912,6,0,0,0
26.210269788000005,1779567081.7828007,4507,37528,4,12582912,4,0,0,0
26.210269788000005,1779567081.7828007,4507,37529,5,12582912,-6,0,0,0
26.210269788000005,1779567081.7828007,4507,37530,6,12582912,-10,0,0,0
26.210269788000005,1779567081.7828007,4507,37531,7,12582912,-4,0,0,0
26.231930182000724,1779567081.804461,4508,37532,0,12582912,5,0,0,0
26.231930182000724,1779567081.804461,4508,37533,1,12582912,5,0,0,0
26.231930182000724,1779567081.804461,4508,37534,2,12582912,-1,0,0,0
26.231930182000724,1779567081.804461,4508,37535,3,12582912,-3,0,0,0
26.231930182000724,1779567081.804461,4508,37536,4,12582912,3,0,0,0
26.231930182000724,1779567081.804461,4508,37537,5,12582912,9,0,0,0
26.231930182000724,1779567081.804461,4508,37538,6,12582912,7,0,0,0
26.231930182000724,1779567081.804461,4508,37539,7,12582912,0,0,0,0
26.27478134299963,1779567081.8473127,4509,37540,0,12582912,-3,0,0,0
26.27478134299963,1779567081.8473127,4509,37541,1,12582912,-1,0,0,0
26.27478134299963,1779567081.8473127,4509,37542,2,12582912,2,0,0,0
26.27478134299963,1779567081.8473127,4509,37543,3,12582912,0,0,0,0
26.27478134299963,1779567081.8473127,4509,37544,4,12582912,-7,0,0,0
26.27478134299963,1779567081.8473127,4509,37545,5,12582912,-10,0,0,0
26.27478134299963,1779567081.8473127,4509,37546,6,12582912,-6,0,0,0
26.27478134299963,1779567081.8473127,4509,37547,7,12582912,-1,0,0,0
26.309638949000146,1779567081.88217,4510,37548,0,12582912,1,0,0,0
26.309638949000146,1779567081.88217,4510,37549,1,12582912,-2,0,0,0
26.309638949000146,1779567081.88217,4510,37550,2,12582912,-5,0,0,0
26.309638949000146,1779567081.88217,4510,37551,3,12582912,-5,0,0,0
26.309638949000146,1779567081.88217,4510,37552,4,12582912,-1,0,0,0
26.309638949000146,1779567081.88217,4510,37553,5,12582912,1,0,0,0
26.309638949000146,1779567081.88217,4510,37554,6,12582912,0,0,0,0
26.309638949000146,1779567081.88217,4510,37555,7,12582912,0,0,0,0
26.331355383999835,1779567081.9038863,4511,37556,0,12582912,5,0,0,0
26.331355383999835,1779567081.9038863,4511,37557,1,12582912,10,0,0,0
26.331355383999835,1779567081.9038863,4511,37558,2,12582912,11,0,0,0
26.331355383999835,1779567081.9038863,4511,37559,3,12582912,9,0,0,0
26.331355383999835,1779567081.9038863,4511,37560,4,12582912,5,0,0,0
26.331355383999835,1779567081.9038863,4511,37561,5,12582912,0,0,0,0
26.331355383999835,1779567081.9038863,4511,37562,6,12582912,-1,0,0,0
26.331355383999835,1779567081.9038863,4511,37563,7,12582912,0,0,0,0
26.367784889000177,1779567081.940316,4512,37564,0,12582912,2,0,0,0
26.367784889000177,1779567081.940316,4512,37565,1,12582912,5,0,0,0
26.367784889000177,1779567081.940316,4512,37566,2,12582912,10,0,0,0
26.367784889000177,1779567081.940316,4512,37567,3,12582912,13,0,0,0
26.367784889000177,1779567081.940316,4512,37568,4,12582912,11,0,0,0
26.367784889000177,1779567081.940316,4512,37569,5,12582912,8,0,0,0
26.367784889000177,1779567081.940316,4512,37570,6,12582912,6,0,0,0
26.367784889000177,1779567081.940316,4512,37571,7,12582912,8,0,0,0
26.395175753999865,1779567081.9677067,4513,37572,0,12582912,11,0,0,0
26.395175753999865,1779567081.9677067,4513,37573,1,12582912,13,0,0,0
26.395175753999865,1779567081.9677067,4513,37574,2,12582912,9,0,0,0
26.395175753999865,1779567081.9677067,4513,37575,3,12582912,2,0,0,0
26.395175753999865,1779567081.9677067,4513,37576,4,12582912,0,0,0,0
26.395175753999865,1779567081.9677067,4513,37577,5,12582912,3,0,0,0
26.395175753999865,1779567081.9677067,4513,37578,6,12582912,3,0,0,0
26.395175753999865,1779567081.9677067,4513,37579,7,12582912,-1,0,0,0
26.437678379999852,1779567082.010209,4514,37580,0,12582912,-4,0,0,0
26.437678379999852,1779567082.010209,4514,37581,1,12582912,-5,0,0,0
26.437678379999852,1779567082.010209,4514,37582,2,12582912,-5,0,0,0
26.437678379999852,1779567082.010209,4514,37583,3,12582912,-5,0,0,0
26.437678379999852,1779567082.010209,4514,37584,4,12582912,-7,0,0,0
26.437678379999852,1779567082.010209,4514,37585,5,12582912,-9,0,0,0
26.437678379999852,1779567082.010209,4514,37586,6,12582912,-9,0,0,0
26.437678379999852,1779567082.010209,4514,37587,7,12582912,-7,0,0,0
26.486379906000366,1779567082.0589097,4515,37588,0,12582912,-5,0,0,0
26.486379906000366,1779567082.0589097,4515,37589,1,12582912,-3,0,0,0
26.486379906000366,1779567082.0589097,4515,37590,2,12582912,-1,0,0,0
26.486379906000366,1779567082.0589097,4515,37591,3,12582912,1,0,0,0
26.486379906000366,1779567082.0589097,4515,37592,4,12582912,5,0,0,0
26.486379906000366,1779567082.0589097,4515,37593,5,12582912,9,0,0,0
26.486379906000366,1779567082.0589097,4515,37594,6,12582912,11,0,0,0
26.486379906000366,1779567082.0589097,4515,37595,7,12582912,11,0,0,0
26.48649459199987,1779567082.059023,4516,37596,0,12582912,9,0,0,0
26.48649459199987,1779567082.059023,4516,37597,1,12582912,6,0,0,0
26.48649459199987,1779567082.059023,4516,37598,2,12582912,2,0,0,0
26.48649459199987,1779567082.059023,4516,37599,3,12582912,-1,0,0,0
26.48649459199987,1779567082.059023,4516,37600,4,12582912,-3,0,0,0
26.48649459199987,1779567082.059023,4516,37601,5,12582912,0,0,0,0
26.48649459199987,1779567082.059023,4516,37602,6,12582912,4,0,0,0
26.48649459199987,1779567082.059023,4516,37603,7,12582912,9,0,0,0
26.52913341400017,1779567082.1016643,4517,37604,0,12582912,8,0,0,0
26.52913341400017,1779567082.1016643,4517,37605,1,12582912,3,0,0,0
26.52913341400017,1779567082.1016643,4517,37606,2,12582912,-2,0,0,0
26.52913341400017,1779567082.1016643,4517,37607,3,12582912,-6,0,0,0
26.52913341400017,1779567082.1016643,4517,37608,4,12582912,-7,0,0,0
26.52913341400017,1779567082.1016643,4517,37609,5,12582912,-8,0,0,0
26.52913341400017,1779567082.1016643,4517,37610,6,12582912,-9,0,0,0
26.52913341400017,1779567082.1016643,4517,37611,7,12582912,-9,0,0,0
26.580024849999973,1779567082.1525557,4518,37612,0,12582912,-8,0,0,0
26.580024849999973,1779567082.1525557,4518,37613,1,12582912,-4,0,0,0
26.580024849999973,1779567082.1525557,4518,37614,2,12582912,-2,0,0,0
26.580024849999973,1779567082.1525557,4518,37615,3,12582912,-3,0,0,0
26.580024849999973,1779567082.1525557,4518,37616,4,12582912,-3,0,0,0
26.580024849999973,1779567082.1525557,4518,37617,5,12582912,-4,0,0,0
26.580024849999973,1779567082.1525557,4518,37618,6,12582912,-6,0,0,0
26.580024849999973,1779567082.1525557,4518,37619,7,12582912,-7,0,0,0
26.580335990000094,1779567082.1528656,4519,37620,0,12582912,-7,0,0,0
26.580335990000094,1779567082.1528656,4519,37621,1,12582912,-3,0,0,0
26.580335990000094,1779567082.1528656,4519,37622,2,12582912,-2,0,0,0
26.580335990000094,1779567082.1528656,4519,37623,3,12582912,-4,0,0,0
26.580335990000094,1779567082.1528656,4519,37624,4,12582912,-6,0,0,0
26.580335990000094,1779567082.1528656,4519,37625,5,12582912,-6,0,0,0
26.580335990000094,1779567082.1528656,4519,37626,6,12582912,-3,0,0,0
26.580335990000094,1779567082.1528656,4519,37627,7,12582912,0,0,0,0
26.623092206000365,1779567082.1956234,4520,37628,0,12582912,3,0,0,0
26.623092206000365,1779567082.1956234,4520,37629,1,12582912,4,0,0,0
26.623092206000365,1779567082.1956234,4520,37630,2,12582912,3,0,0,0
26.623092206000365,1779567082.1956234,4520,37631,3,12582912,0,0,0,0
26.623092206000365,1779567082.1956234,4520,37632,4,12582912,-2,0,0,0
26.623092206000365,1779567082.1956234,4520,37633,5,12582912,-3,0,0,0
26.623092206000365,1779567082.1956234,4520,37634,6,12582912,-3,0,0,0
26.623092206000365,1779567082.1956234,4520,37635,7,12582912,-3,0,0,0
26.644714320000276,1779567082.217245,4521,37636,0,12582912,-3,0,0,0
26.644714320000276,1779567082.217245,4521,37637,1,12582912,-1,0,0,0
26.644714320000276,1779567082.217245,4521,37638,2,12582912,1,0,0,0
26.644714320000276,1779567082.217245,4521,37639,3,12582912,2,0,0,0
26.644714320000276,1779567082.217245,4521,37640,4,12582912,4,0,0,0
26.644714320000276,1779567082.217245,4521,37641,5,12582912,4,0,0,0
26.644714320000276,1779567082.217245,4521,37642,6,12582912,3,0,0,0
26.644714320000276,1779567082.217245,4521,37643,7,12582912,3,0,0,0
26.687457203999656,1779567082.2599885,4522,37644,0,12582912,3,0,0,0
26.687457203999656,1779567082.2599885,4522,37645,1,12582912,2,0,0,0
26.687457203999656,1779567082.2599885,4522,37646,2,12582912,0,0,0,0
26.687457203999656,1779567082.2599885,4522,37647,3,12582912,-1,0,0,0
26.687457203999656,1779567082.2599885,4522,37648,4,12582912,-2,0,0,0
26.687457203999656,1779567082.2599885,4522,37649,5,12582912,-5,0,0,0
26.687457203999656,1779567082.2599885,4522,37650,6,12582912,-7,0,0,0
26.687457203999656,1779567082.2599885,4522,37651,7,12582912,-5,0,0,0
26.70909280700107,1779567082.2816238,4523,37652,0,12582912,1,0,0,0
26.70909280700107,1779567082.2816238,4523,37653,1,12582912,5,0,0,0
26.70909280700107,1779567082.2816238,4523,37654,2,12582912,2,0,0,0
26.70909280700107,1779567082.2816238,4523,37655,3,12582912,-5,0,0,0
26.70909280700107,1779567082.2816238,4523,37656,4,12582912,-9,0,0,0
26.70909280700107,1779567082.2816238,4523,37657,5,12582912,-12,0,0,0
26.70909280700107,1779567082.2816238,4523,37658,6,12582912,-14,0,0,0
26.70909280700107,1779567082.2816238,4523,37659,7,12582912,-12,0,0,0
26.75185897099982,1779567082.32439,4524,37660,0,12582912,-9,0,0,0
26.75185897099982,1779567082.32439,4524,37661,1,12582912,-7,0,0,0
26.75185897099982,1779567082.32439,4524,37662,2,12582912,-6,0,0,0
26.75185897099982,1779567082.32439,4524,37663,3,12582912,-3,0,0,0
26.75185897099982,1779567082.32439,4524,37664,4,12582912,-2,0,0,0
26.75185897099982,1779567082.32439,4524,37665,5,12582912,-1,0,0,0
26.75185897099982,1779567082.32439,4524,37666,6,12582912,1,0,0,0
26.75185897099982,1779567082.32439,4524,37667,7,12582912,6,0,0,0
26.788590086000113,1779567082.3611207,4525,37668,0,12582912,9,0,0,0
26.788590086000113,1779567082.3611207,4525,37669,1,12582912,10,0,0,0
26.788590086000113,1779567082.3611207,4525,37670,2,12582912,11,0,0,0
26.788590086000113,1779567082.3611207,4525,37671,3,12582912,12,0,0,0
26.788590086000113,1779567082.3611207,4525,37672,4,12582912,12,0,0,0
26.788590086000113,1779567082.3611207,4525,37673,5,12582912,12,0,0,0
26.788590086000113,1779567082.3611207,4525,37674,6,12582912,10,0,0,0
26.788590086000113,1779567082.3611207,4525,37675,7,12582912,8,0,0,0
26.895726352000565,1779567082.4682562,4526,37676,0,12582912,4,0,0,0
26.895726352000565,1779567082.4682562,4526,37677,1,12582912,0,0,0,0
26.895726352000565,1779567082.4682562,4526,37678,2,12582912,-2,0,0,0
26.895726352000565,1779567082.4682562,4526,37679,3,12582912,0,0,0,0
26.895726352000565,1779567082.4682562,4526,37680,4,12582912,1,0,0,0
26.895726352000565,1779567082.4682562,4526,37681,5,12582912,2,0,0,0
26.895726352000565,1779567082.4682562,4526,37682,6,12582912,6,0,0,0
26.895726352000565,1779567082.4682562,4526,37683,7,12582912,12,0,0,0
26.898372346000542,1779567082.4709027,4527,37684,0,12582912,13,0,0,0
26.898372346000542,1779567082.4709027,4527,37685,1,12582912,9,0,0,0
26.898372346000542,1779567082.4709027,4527,37686,2,12582912,5,0,0,0
26.898372346000542,1779567082.4709027,4527,37687,3,12582912,3,0,0,0
26.898372346000542,1779567082.4709027,4527,37688,4,12582912,3,0,0,0
26.898372346000542,1779567082.4709027,4527,37689,5,12582912,3,0,0,0
26.898372346000542,1779567082.4709027,4527,37690,6,12582912,1,0,0,0
26.898372346000542,1779567082.4709027,4527,37691,7,12582912,0,0,0,0
26.898490781000874,1779567082.4710193,4528,37692,0,12582912,0,0,0,0
26.898490781000874,1779567082.4710193,4528,37693,1,12582912,1,0,0,0
26.898490781000874,1779567082.4710193,4528,37694,2,12582912,3,0,0,0
26.898490781000874,1779567082.4710193,4528,37695,3,12582912,3,0,0,0
26.898490781000874,1779567082.4710193,4528,37696,4,12582912,2,0,0,0
26.898490781000874,1779567082.4710193,4528,37697,5,12582912,1,0,0,0
26.898490781000874,1779567082.4710193,4528,37698,6,12582912,3,0,0,0
26.898490781000874,1779567082.4710193,4528,37699,7,12582912,4,0,0,0
26.8985825510008,1779567082.4711108,4529,37700,0,12582912,5,0,0,0
26.8985825510008,1779567082.4711108,4529,37701,1,12582912,6,0,0,0
26.8985825510008,1779567082.4711108,4529,37702,2,12582912,9,0,0,0
26.8985825510008,1779567082.4711108,4529,37703,3,12582912,10,0,0,0
26.8985825510008,1779567082.4711108,4529,37704,4,12582912,8,0,0,0
26.8985825510008,1779567082.4711108,4529,37705,5,12582912,4,0,0,0
26.8985825510008,1779567082.4711108,4529,37706,6,12582912,1,0,0,0
26.8985825510008,1779567082.4711108,4529,37707,7,12582912,1,0,0,0
26.94142923400068,1779567082.5139601,4530,37708,0,12582912,2,0,0,0
26.94142923400068,1779567082.5139601,4530,37709,1,12582912,6,0,0,0
26.94142923400068,1779567082.5139601,4530,37710,2,12582912,11,0,0,0
26.94142923400068,1779567082.5139601,4530,37711,3,12582912,14,0,0,0
26.94142923400068,1779567082.5139601,4530,37712,4,12582912,16,0,0,0
26.94142923400068,1779567082.5139601,4530,37713,5,12582912,19,0,0,0
26.94142923400068,1779567082.5139601,4530,37714,6,12582912,20,0,0,0
26.94142923400068,1779567082.5139601,4530,37715,7,12582912,19,0,0,0
26.963410821001162,1779567082.5359416,4531,37716,0,12582912,15,0,0,0
26.963410821001162,1779567082.5359416,4531,37717,1,12582912,9,0,0,0
26.963410821001162,1779567082.5359416,4531,37718,2,12582912,5,0,0,0
26.963410821001162,1779567082.5359416,4531,37719,3,12582912,4,0,0,0
26.963410821001162,1779567082.5359416,4531,37720,4,12582912,6,0,0,0
26.963410821001162,1779567082.5359416,4531,37721,5,12582912,9,0,0,0
26.963410821001162,1779567082.5359416,4531,37722,6,12582912,9,0,0,0
26.963410821001162,1779567082.5359416,4531,37723,7,12582912,9,0,0,0
26.99991678399965,1779567082.5724478,4532,37724,0,12582912,8,0,0,0
26.99991678399965,1779567082.5724478,4532,37725,1,12582912,5,0,0,0
26.99991678399965,1779567082.5724478,4532,37726,2,12582912,0,0,0,0
26.99991678399965,1779567082.5724478,4532,37727,3,12582912,-2,0,0,0
26.99991678399965,1779567082.5724478,4532,37728,4,12582912,1,0,0,0
26.99991678399965,1779567082.5724478,4532,37729,5,12582912,4,0,0,0
26.99991678399965,1779567082.5724478,4532,37730,6,12582912,3,0,0,0
26.99991678399965,1779567082.5724478,4532,37731,7,12582912,2,0,0,0
27.042749561000164,1779567082.6152804,4533,37732,0,12582912,1,0,0,0
27.042749561000164,1779567082.6152804,4533,37733,1,12582912,2,0,0,0
27.042749561000164,1779567082.6152804,4533,37734,2,12582912,4,0,0,0
27.042749561000164,1779567082.6152804,4533,37735,3,12582912,7,0,0,0
27.042749561000164,1779567082.6152804,4533,37736,4,12582912,8,0,0,0
27.042749561000164,1779567082.6152804,4533,37737,5,12582912,9,0,0,0
27.042749561000164,1779567082.6152804,4533,37738,6,12582912,10,0,0,0
27.042749561000164,1779567082.6152804,4533,37739,7,12582912,11,0,0,0
27.077636751000682,1779567082.6501675,4534,37740,0,12582912,10,0,0,0
27.077636751000682,1779567082.6501675,4534,37741,1,12582912,12,0,0,0
27.077636751000682,1779567082.6501675,4534,37742,2,12582912,16,0,0,0
27.077636751000682,1779567082.6501675,4534,37743,3,12582912,18,0,0,0
27.077636751000682,1779567082.6501675,4534,37744,4,12582912,16,0,0,0
27.077636751000682,1779567082.6501675,4534,37745,5,12582912,13,0,0,0
27.077636751000682,1779567082.6501675,4534,37746,6,12582912,9,0,0,0
27.077636751000682,1779567082.6501675,4534,37747,7,12582912,6,0,0,0
27.099380686000586,1779567082.671912,4535,37748,0,12582912,3,0,0,0
27.099380686000586,1779567082.671912,4535,37749,1,12582912,0,0,0,0
27.099380686000586,1779567082.671912,4535,37750,2,12582912,-2,0,0,0
27.099380686000586,1779567082.671912,4535,37751,3,12582912,-2,0,0,0
27.099380686000586,1779567082.671912,4535,37752,4,12582912,1,0,0,0
27.099380686000586,1779567082.671912,4535,37753,5,12582912,5,0,0,0
27.099380686000586,1779567082.671912,4535,37754,6,12582912,8,0,0,0
27.099380686000586,1779567082.671912,4535,37755,7,12582912,8,0,0,0
27.142116851000537,1779567082.714648,4536,37756,0,12582912,9,0,0,0
27.142116851000537,1779567082.714648,4536,37757,1,12582912,9,0,0,0
27.142116851000537,1779567082.714648,4536,37758,2,12582912,9,0,0,0
27.142116851000537,1779567082.714648,4536,37759,3,12582912,7,0,0,0
27.142116851000537,1779567082.714648,4536,37760,4,12582912,3,0,0,0
27.142116851000537,1779567082.714648,4536,37761,5,12582912,0,0,0,0
27.142116851000537,1779567082.714648,4536,37762,6,12582912,0,0,0,0
27.142116851000537,1779567082.714648,4536,37763,7,12582912,4,0,0,0
27.16376235000098,1779567082.736293,4537,37764,0,12582912,10,0,0,0
27.16376235000098,1779567082.736293,4537,37765,1,12582912,12,0,0,0
27.16376235000098,1779567082.736293,4537,37766,2,12582912,9,0,0,0
27.16376235000098,1779567082.736293,4537,37767,3,12582912,5,0,0,0
27.16376235000098,1779567082.736293,4537,37768,4,12582912,2,0,0,0
27.16376235000098,1779567082.736293,4537,37769,5,12582912,0,0,0,0
27.16376235000098,1779567082.736293,4537,37770,6,12582912,-3,0,0,0
27.16376235000098,1779567082.736293,4537,37771,7,12582912,-4,0,0,0
27.200202375999652,1779567082.772733,4538,37772,0,12582912,-4,0,0,0
27.200202375999652,1779567082.772733,4538,37773,1,12582912,-4,0,0,0
27.200202375999652,1779567082.772733,4538,37774,2,12582912,-6,0,0,0
27.200202375999652,1779567082.772733,4538,37775,3,12582912,-7,0,0,0
27.200202375999652,1779567082.772733,4538,37776,4,12582912,-6,0,0,0
27.200202375999652,1779567082.772733,4538,37777,5,12582912,-7,0,0,0
27.200202375999652,1779567082.772733,4538,37778,6,12582912,-10,0,0,0
27.200202375999652,1779567082.772733,4538,37779,7,12582912,-14,0,0,0
27.221880062999844,1779567082.794411,4539,37780,0,12582912,-18,0,0,0
27.221880062999844,1779567082.794411,4539,37781,1,12582912,-21,0,0,0
27.221880062999844,1779567082.794411,4539,37782,2,12582912,-23,0,0,0
27.221880062999844,1779567082.794411,4539,37783,3,12582912,-22,0,0,0
27.221880062999844,1779567082.794411,4539,37784,4,12582912,-19,0,0,0
27.221880062999844,1779567082.794411,4539,37785,5,12582912,-16,0,0,0
27.221880062999844,1779567082.794411,4539,37786,6,12582912,-12,0,0,0
27.221880062999844,1779567082.794411,4539,37787,7,12582912,-10,0,0,0
27.26556813699972,1779567082.8380992,4540,37788,0,12582912,-11,0,0,0
27.26556813699972,1779567082.8380992,4540,37789,1,12582912,-10,0,0,0
27.26556813699972,1779567082.8380992,4540,37790,2,12582912,-9,0,0,0
27.26556813699972,1779567082.8380992,4540,37791,3,12582912,-8,0,0,0
27.26556813699972,1779567082.8380992,4540,37792,4,12582912,-8,0,0,0
27.26556813699972,1779567082.8380992,4540,37793,5,12582912,-7,0,0,0
27.26556813699972,1779567082.8380992,4540,37794,6,12582912,-5,0,0,0
27.26556813699972,1779567082.8380992,4540,37795,7,12582912,-5,0,0,0
27.291237626999646,1779567082.8637695,4541,37796,0,12582912,-5,0,0,0
27.291237626999646,1779567082.8637695,4541,37797,1,12582912,-4,0,0,0
27.291237626999646,1779567082.8637695,4541,37798,2,12582912,-4,0,0,0
27.291237626999646,1779567082.8637695,4541,37799,3,12582912,-4,0,0,0
27.291237626999646,1779567082.8637695,4541,37800,4,12582912,-5,0,0,0
27.291237626999646,1779567082.8637695,4541,37801,5,12582912,-6,0,0,0
27.291237626999646,1779567082.8637695,4541,37802,6,12582912,-5,0,0,0
27.291237626999646,1779567082.8637695,4541,37803,7,12582912,-1,0,0,0
27.32526129100006,1779567082.897792,4542,37804,0,12582912,0,0,0,0
27.32526129100006,1779567082.897792,4542,37805,1,12582912,0,0,0,0
27.32526129100006,1779567082.897792,4542,37806,2,12582912,0,0,0,0
27.32526129100006,1779567082.897792,4542,37807,3,12582912,-2,0,0,0
27.32526129100006,1779567082.897792,4542,37808,4,12582912,-4,0,0,0
27.32526129100006,1779567082.897792,4542,37809,5,12582912,-4,0,0,0
27.32526129100006,1779567082.897792,4542,37810,6,12582912,-4,0,0,0
27.32526129100006,1779567082.897792,4542,37811,7,12582912,-5,0,0,0
27.34691783100061,1779567082.9194486,4543,37812,0,12582912,-7,0,0,0
27.34691783100061,1779567082.9194486,4543,37813,1,12582912,-6,0,0,0
27.34691783100061,1779567082.9194486,4543,37814,2,12582912,-4,0,0,0
27.34691783100061,1779567082.9194486,4543,37815,3,12582912,-2,0,0,0
27.34691783100061,1779567082.9194486,4543,37816,4,12582912,-2,0,0,0
27.34691783100061,1779567082.9194486,4543,37817,5,12582912,-2,0,0,0
27.34691783100061,1779567082.9194486,4543,37818,6,12582912,-2,0,0,0
27.34691783100061,1779567082.9194486,4543,37819,7,12582912,-2,0,0,0
27.405936934001147,1779567082.9784682,4544,37820,0,12582912,-3,0,0,0
27.405936934001147,1779567082.9784682,4544,37821,1,12582912,-4,0,0,0
27.405936934001147,1779567082.9784682,4544,37822,2,12582912,-2,0,0,0
27.405936934001147,1779567082.9784682,4544,37823,3,12582912,3,0,0,0
27.405936934001147,1779567082.9784682,4544,37824,4,12582912,8,0,0,0
27.405936934001147,1779567082.9784682,4544,37825,5,12582912,10,0,0,0
27.405936934001147,1779567082.9784682,4544,37826,6,12582912,11,0,0,0
27.405936934001147,1779567082.9784682,4544,37827,7,12582912,9,0,0,0
27.41385788700063,1779567082.9863894,4545,37828,0,12582912,5,0,0,0
27.41385788700063,1779567082.9863894,4545,37829,1,12582912,0,0,0,0
27.41385788700063,1779567082.9863894,4545,37830,2,12582912,-2,0,0,0
27.41385788700063,1779567082.9863894,4545,37831,3,12582912,0,0,0,0
27.41385788700063,1779567082.9863894,4545,37832,4,12582912,1,0,0,0
27.41385788700063,1779567082.9863894,4545,37833,5,12582912,1,0,0,0
27.41385788700063,1779567082.9863894,4545,37834,6,12582912,0,0,0,0
27.41385788700063,1779567082.9863894,4545,37835,7,12582912,-2,0,0,0
27.45664962400042,1779567083.02918,4546,37836,0,12582912,-4,0,0,0
27.45664962400042,1779567083.02918,4546,37837,1,12582912,-4,0,0,0
27.45664962400042,1779567083.02918,4546,37838,2,12582912,-2,0,0,0
27.45664962400042,1779567083.02918,4546,37839,3,12582912,2,0,0,0
27.45664962400042,1779567083.02918,4546,37840,4,12582912,3,0,0,0
27.45664962400042,1779567083.02918,4546,37841,5,12582912,4,0,0,0
27.45664962400042,1779567083.02918,4546,37842,6,12582912,4,0,0,0
27.45664962400042,1779567083.02918,4546,37843,7,12582912,5,0,0,0
27.478366789000574,1779567083.0508976,4547,37844,0,12582912,6,0,0,0
27.478366789000574,1779567083.0508976,4547,37845,1,12582912,7,0,0,0
27.478366789000574,1779567083.0508976,4547,37846,2,12582912,5,0,0,0
27.478366789000574,1779567083.0508976,4547,37847,3,12582912,4,0,0,0
27.478366789000574,1779567083.0508976,4547,37848,4,12582912,4,0,0,0
27.478366789000574,1779567083.0508976,4547,37849,5,12582912,4,0,0,0
27.478366789000574,1779567083.0508976,4547,37850,6,12582912,2,0,0,0
27.478366789000574,1779567083.0508976,4547,37851,7,12582912,-1,0,0,0
27.52110712099966,1779567083.0936382,4548,37852,0,12582912,-1,0,0,0
27.52110712099966,1779567083.0936382,4548,37853,1,12582912,3,0,0,0
27.52110712099966,1779567083.0936382,4548,37854,2,12582912,6,0,0,0
27.52110712099966,1779567083.0936382,4548,37855,3,12582912,6,0,0,0
27.52110712099966,1779567083.0936382,4548,37856,4,12582912,2,0,0,0
27.52110712099966,1779567083.0936382,4548,37857,5,12582912,0,0,0,0
27.52110712099966,1779567083.0936382,4548,37858,6,12582912,2,0,0,0
27.52110712099966,1779567083.0936382,4548,37859,7,12582912,1,0,0,0
27.542754027001138,1779567083.115285,4549,37860,0,12582912,-1,0,0,0
27.542754027001138,1779567083.115285,4549,37861,1,12582912,-1,0,0,0
27.542754027001138,1779567083.115285,4549,37862,2,12582912,0,0,0,0
27.542754027001138,1779567083.115285,4549,37863,3,12582912,0,0,0,0
27.542754027001138,1779567083.115285,4549,37864,4,12582912,-3,0,0,0
27.542754027001138,1779567083.115285,4549,37865,5,12582912,-5,0,0,0
27.542754027001138,1779567083.115285,4549,37866,6,12582912,-3,0,0,0
27.542754027001138,1779567083.115285,4549,37867,7,12582912,-2,0,0,0
27.577669603000686,1779567083.1502006,4550,37868,0,12582912,-2,0,0,0
27.577669603000686,1779567083.1502006,4550,37869,1,12582912,-3,0,0,0
27.577669603000686,1779567083.1502006,4550,37870,2,12582912,-6,0,0,0
27.577669603000686,1779567083.1502006,4550,37871,3,12582912,-10,0,0,0
27.577669603000686,1779567083.1502006,4550,37872,4,12582912,-11,0,0,0
27.577669603000686,1779567083.1502006,4550,37873,5,12582912,-9,0,0,0
27.577669603000686,1779567083.1502006,4550,37874,6,12582912,-5,0,0,0
27.577669603000686,1779567083.1502006,4550,37875,7,12582912,-1,0,0,0
27.614405667000028,1779567083.1869366,4551,37876,0,12582912,2,0,0,0
27.614405667000028,1779567083.1869366,4551,37877,1,12582912,3,0,0,0
27.614405667000028,1779567083.1869366,4551,37878,2,12582912,1,0,0,0
27.614405667000028,1779567083.1869366,4551,37879,3,12582912,-1,0,0,0
27.614405667000028,1779567083.1869366,4551,37880,4,12582912,-1,0,0,0
27.614405667000028,1779567083.1869366,4551,37881,5,12582912,-1,0,0,0
27.614405667000028,1779567083.1869366,4551,37882,6,12582912,1,0,0,0
27.614405667000028,1779567083.1869366,4551,37883,7,12582912,3,0,0,0
27.636025907000658,1779567083.2085567,4552,37884,0,12582912,6,0,0,0
27.636025907000658,1779567083.2085567,4552,37885,1,12582912,7,0,0,0
27.636025907000658,1779567083.2085567,4552,37886,2,12582912,7,0,0,0
27.636025907000658,1779567083.2085567,4552,37887,3,12582912,7,0,0,0
27.636025907000658,1779567083.2085567,4552,37888,4,12582912,7,0,0,0
27.636025907000658,1779567083.2085567,4552,37889,5,12582912,5,0,0,0
27.636025907000658,1779567083.2085567,4552,37890,6,12582912,2,0,0,0
27.636025907000658,1779567083.2085567,4552,37891,7,12582912,1,0,0,0
27.684368899999754,1779567083.2569003,4553,37892,0,12582912,1,0,0,0
27.684368899999754,1779567083.2569003,4553,37893,1,12582912,4,0,0,0
27.684368899999754,1779567083.2569003,4553,37894,2,12582912,8,0,0,0
27.684368899999754,1779567083.2569003,4553,37895,3,12582912,8,0,0,0
27.684368899999754,1779567083.2569003,4553,37896,4,12582912,7,0,0,0
27.684368899999754,1779567083.2569003,4553,37897,5,12582912,4,0,0,0
27.684368899999754,1779567083.2569003,4553,37898,6,12582912,2,0,0,0
27.684368899999754,1779567083.2569003,4553,37899,7,12582912,2,0,0,0
27.706143355000677,1779567083.2786744,4554,37900,0,12582912,1,0,0,0
27.706143355000677,1779567083.2786744,4554,37901,1,12582912,1,0,0,0
27.706143355000677,1779567083.2786744,4554,37902,2,12582912,2,0,0,0
27.706143355000677,1779567083.2786744,4554,37903,3,12582912,4,0,0,0
27.706143355000677,1779567083.2786744,4554,37904,4,12582912,4,0,0,0
27.706143355000677,1779567083.2786744,4554,37905,5,12582912,5,0,0,0
27.706143355000677,1779567083.2786744,4554,37906,6,12582912,7,0,0,0
27.706143355000677,1779567083.2786744,4554,37907,7,12582912,7,0,0,0
27.748980300999392,1779567083.321511,4555,37908,0,12582912,7,0,0,0
27.748980300999392,1779567083.321511,4555,37909,1,12582912,8,0,0,0
27.748980300999392,1779567083.321511,4555,37910,2,12582912,8,0,0,0
27.748980300999392,1779567083.321511,4555,37911,3,12582912,7,0,0,0
27.748980300999392,1779567083.321511,4555,37912,4,12582912,7,0,0,0
27.748980300999392,1779567083.321511,4555,37913,5,12582912,7,0,0,0
27.748980300999392,1779567083.321511,4555,37914,6,12582912,5,0,0,0
27.748980300999392,1779567083.321511,4555,37915,7,12582912,4,0,0,0
27.77065319600115,1779567083.3431842,4556,37916,0,12582912,7,0,0,0
27.77065319600115,1779567083.3431842,4556,37917,1,12582912,10,0,0,0
27.77065319600115,1779567083.3431842,4556,37918,2,12582912,12,0,0,0
27.77065319600115,1779567083.3431842,4556,37919,3,12582912,9,0,0,0
27.77065319600115,1779567083.3431842,4556,37920,4,12582912,6,0,0,0
27.77065319600115,1779567083.3431842,4556,37921,5,12582912,5,0,0,0
27.77065319600115,1779567083.3431842,4556,37922,6,12582912,7,0,0,0
27.77065319600115,1779567083.3431842,4556,37923,7,12582912,11,0,0,0
27.829628187000708,1779567083.4021592,4557,37924,0,12582912,14,0,0,0
27.829628187000708,1779567083.4021592,4557,37925,1,12582912,14,0,0,0
27.829628187000708,1779567083.4021592,4557,37926,2,12582912,10,0,0,0
27.829628187000708,1779567083.4021592,4557,37927,3,12582912,6,0,0,0
27.829628187000708,1779567083.4021592,4557,37928,4,12582912,5,0,0,0
27.829628187000708,1779567083.4021592,4557,37929,5,12582912,4,0,0,0
27.829628187000708,1779567083.4021592,4557,37930,6,12582912,4,0,0,0
27.829628187000708,1779567083.4021592,4557,37931,7,12582912,1,0,0,0
27.829989899000793,1779567083.4025195,4558,37932,0,12582912,-4,0,0,0
27.829989899000793,1779567083.4025195,4558,37933,1,12582912,-6,0,0,0
27.829989899000793,1779567083.4025195,4558,37934,2,12582912,-7,0,0,0
27.829989899000793,1779567083.4025195,4558,37935,3,12582912,-8,0,0,0
27.829989899000793,1779567083.4025195,4558,37936,4,12582912,-6,0,0,0
27.829989899000793,1779567083.4025195,4558,37937,5,12582912,0,0,0,0
27.829989899000793,1779567083.4025195,4558,37938,6,12582912,4,0,0,0
27.829989899000793,1779567083.4025195,4558,37939,7,12582912,5,0,0,0
27.9115160500005,1779567083.484046,4559,37940,0,12582912,3,0,0,0
27.9115160500005,1779567083.484046,4559,37941,1,12582912,0,0,0,0
27.9115160500005,1779567083.484046,4559,37942,2,12582912,1,0,0,0
27.9115160500005,1779567083.484046,4559,37943,3,12582912,2,0,0,0
27.9115160500005,1779567083.484046,4559,37944,4,12582912,0,0,0,0
27.9115160500005,1779567083.484046,4559,37945,5,12582912,-3,0,0,0
27.9115160500005,1779567083.484046,4559,37946,6,12582912,-6,0,0,0
27.9115160500005,1779567083.484046,4559,37947,7,12582912,-7,0,0,0
27.913302789000227,1779567083.4858332,4560,37948,0,12582912,-7,0,0,0
27.913302789000227,1779567083.4858332,4560,37949,1,12582912,-7,0,0,0
27.913302789000227,1779567083.4858332,4560,37950,2,12582912,-9,0,0,0
27.913302789000227,1779567083.4858332,4560,37951,3,12582912,-10,0,0,0
27.913302789000227,1779567083.4858332,4560,37952,4,12582912,-9,0,0,0
27.913302789000227,1779567083.4858332,4560,37953,5,12582912,-7,0,0,0
27.913302789000227,1779567083.4858332,4560,37954,6,12582912,-5,0,0,0
27.913302789000227,1779567083.4858332,4560,37955,7,12582912,-4,0,0,0
27.93608759200106,1779567083.5086174,4561,37956,0,12582912,-4,0,0,0
27.93608759200106,1779567083.5086174,4561,37957,1,12582912,-4,0,0,0
27.93608759200106,1779567083.5086174,4561,37958,2,12582912,-3,0,0,0
27.93608759200106,1779567083.5086174,4561,37959,3,12582912,1,0,0,0
27.93608759200106,1779567083.5086174,4561,37960,4,12582912,4,0,0,0
27.93608759200106,1779567083.5086174,4561,37961,5,12582912,4,0,0,0
27.93608759200106,1779567083.5086174,4561,37962,6,12582912,2,0,0,0
27.93608759200106,1779567083.5086174,4561,37963,7,12582912,1,0,0,0
27.95736091100116,1779567083.5298905,4562,37964,0,12582912,4,0,0,0
27.95736091100116,1779567083.5298905,4562,37965,1,12582912,6,0,0,0
27.95736091100116,1779567083.5298905,4562,37966,2,12582912,7,0,0,0
27.95736091100116,1779567083.5298905,4562,37967,3,12582912,9,0,0,0
27.95736091100116,1779567083.5298905,4562,37968,4,12582912,13,0,0,0
27.95736091100116,1779567083.5298905,4562,37969,5,12582912,13,0,0,0
27.95736091100116,1779567083.5298905,4562,37970,6,12582912,9,0,0,0
27.95736091100116,1779567083.5298905,4562,37971,7,12582912,5,0,0,0
27.999915256999884,1779567083.5724459,4563,37972,0,12582912,6,0,0,0
27.999915256999884,1779567083.5724459,4563,37973,1,12582912,8,0,0,0
27.999915256999884,1779567083.5724459,4563,37974,2,12582912,7,0,0,0
27.999915256999884,1779567083.5724459,4563,37975,3,12582912,2,0,0,0
27.999915256999884,1779567083.5724459,4563,37976,4,12582912,-2,0,0,0
27.999915256999884,1779567083.5724459,4563,37977,5,12582912,-3,0,0,0
27.999915256999884,1779567083.5724459,4563,37978,6,12582912,-3,0,0,0
27.999915256999884,1779567083.5724459,4563,37979,7,12582912,-2,0,0,0
28.035777221999524,1779567083.6083083,4564,37980,0,12582912,1,0,0,0
28.035777221999524,1779567083.6083083,4564,37981,1,12582912,4,0,0,0
28.035777221999524,1779567083.6083083,4564,37982,2,12582912,8,0,0,0
28.035777221999524,1779567083.6083083,4564,37983,3,12582912,9,0,0,0
28.035777221999524,1779567083.6083083,4564,37984,4,12582912,8,0,0,0
28.035777221999524,1779567083.6083083,4564,37985,5,12582912,7,0,0,0
28.035777221999524,1779567083.6083083,4564,37986,6,12582912,7,0,0,0
28.035777221999524,1779567083.6083083,4564,37987,7,12582912,8,0,0,0
28.080273044000933,1779567083.6528037,4565,37988,0,12582912,10,0,0,0
28.080273044000933,1779567083.6528037,4565,37989,1,12582912,9,0,0,0
28.080273044000933,1779567083.6528037,4565,37990,2,12582912,7,0,0,0
28.080273044000933,1779567083.6528037,4565,37991,3,12582912,7,0,0,0
28.080273044000933,1779567083.6528037,4565,37992,4,12582912,10,0,0,0
28.080273044000933,1779567083.6528037,4565,37993,5,12582912,14,0,0,0
28.080273044000933,1779567083.6528037,4565,37994,6,12582912,17,0,0,0
28.080273044000933,1779567083.6528037,4565,37995,7,12582912,17,0,0,0
28.112514761000057,1779567083.6850452,4566,37996,0,12582912,15,0,0,0
28.112514761000057,1779567083.6850452,4566,37997,1,12582912,15,0,0,0
28.112514761000057,1779567083.6850452,4566,37998,2,12582912,17,0,0,0
28.112514761000057,1779567083.6850452,4566,37999,3,12582912,18,0,0,0
28.112514761000057,1779567083.6850452,4566,38000,4,12582912,15,0,0,0
28.112514761000057,1779567083.6850452,4566,38001,5,12582912,9,0,0,0
28.112514761000057,1779567083.6850452,4566,38002,6,12582912,-1,0,0,0
28.112514761000057,1779567083.6850452,4566,38003,7,12582912,-13,0,0,0
28.133851099999447,1779567083.7063837,4567,38004,0,12582912,-12,0,0,0
28.133851099999447,1779567083.7063837,4567,38005,1,12582912,7,0,0,0
28.133851099999447,1779567083.7063837,4567,38006,2,12582912,22,0,0,0
28.133851099999447,1779567083.7063837,4567,38007,3,12582912,15,0,0,0
28.133851099999447,1779567083.7063837,4567,38008,4,12582912,-4,0,0,0
28.133851099999447,1779567083.7063837,4567,38009,5,12582912,-8,0,0,0
28.133851099999447,1779567083.7063837,4567,38010,6,12582912,5,0,0,0
28.133851099999447,1779567083.7063837,4567,38011,7,12582912,18,0,0,0
28.155784980001044,1779567083.728317,4568,38012,0,12582912,16,0,0,0
28.155784980001044,1779567083.728317,4568,38013,1,12582912,4,0,0,0
28.155784980001044,1779567083.728317,4568,38014,2,12582912,-5,0,0,0
28.155784980001044,1779567083.728317,4568,38015,3,12582912,-1,0,0,0
28.155784980001044,1779567083.728317,4568,38016,4,12582912,5,0,0,0
28.155784980001044,1779567083.728317,4568,38017,5,12582912,0,0,0,0
28.155784980001044,1779567083.728317,4568,38018,6,12582912,-10,0,0,0
28.155784980001044,1779567083.728317,4568,38019,7,12582912,-11,0,0,0
28.19915816499997,1779567083.7716894,4569,38020,0,12582912,-1,0,0,0
28.19915816499997,1779567083.7716894,4569,38021,1,12582912,8,0,0,0
28.19915816499997,1779567083.7716894,4569,38022,2,12582912,7,0,0,0
28.19915816499997,1779567083.7716894,4569,38023,3,12582912,0,0,0,0
28.19915816499997,1779567083.7716894,4569,38024,4,12582912,-1,0,0,0
28.19915816499997,1779567083.7716894,4569,38025,5,12582912,7,0,0,0
28.19915816499997,1779567083.7716894,4569,38026,6,12582912,13,0,0,0
28.19915816499997,1779567083.7716894,4569,38027,7,12582912,9,0,0,0
28.22080126900073,1779567083.7933319,4570,38028,0,12582912,1,0,0,0
28.22080126900073,1779567083.7933319,4570,38029,1,12582912,-4,0,0,0
28.22080126900073,1779567083.7933319,4570,38030,2,12582912,-4,0,0,0
28.22080126900073,1779567083.7933319,4570,38031,3,12582912,-4,0,0,0
28.22080126900073,1779567083.7933319,4570,38032,4,12582912,-10,0,0,0
28.22080126900073,1779567083.7933319,4570,38033,5,12582912,-14,0,0,0
28.22080126900073,1779567083.7933319,4570,38034,6,12582912,-10,0,0,0
28.22080126900073,1779567083.7933319,4570,38035,7,12582912,0,0,0,0
28.258097895999526,1779567083.8306286,4571,38036,0,12582912,9,0,0,0
28.258097895999526,1779567083.8306286,4571,38037,1,12582912,13,0,0,0
28.258097895999526,1779567083.8306286,4571,38038,2,12582912,14,0,0,0
28.258097895999526,1779567083.8306286,4571,38039,3,12582912,16,0,0,0
28.258097895999526,1779567083.8306286,4571,38040,4,12582912,18,0,0,0
28.258097895999526,1779567083.8306286,4571,38041,5,12582912,18,0,0,0
28.258097895999526,1779567083.8306286,4571,38042,6,12582912,15,0,0,0
28.258097895999526,1779567083.8306286,4571,38043,7,12582912,9,0,0,0
28.279740531001153,1779567083.8522716,4572,38044,0,12582912,5,0,0,0
28.279740531001153,1779567083.8522716,4572,38045,1,12582912,3,0,0,0
28.279740531001153,1779567083.8522716,4572,38046,2,12582912,4,0,0,0
28.279740531001153,1779567083.8522716,4572,38047,3,12582912,4,0,0,0
28.279740531001153,1779567083.8522716,4572,38048,4,12582912,3,0,0,0
28.279740531001153,1779567083.8522716,4572,38049,5,12582912,3,0,0,0
28.279740531001153,1779567083.8522716,4572,38050,6,12582912,4,0,0,0
28.279740531001153,1779567083.8522716,4572,38051,7,12582912,4,0,0,0
28.3225077900006,1779567083.8950386,4573,38052,0,12582912,5,0,0,0
28.3225077900006,1779567083.8950386,4573,38053,1,12582912,4,0,0,0
28.3225077900006,1779567083.8950386,4573,38054,2,12582912,1,0,0,0
28.3225077900006,1779567083.8950386,4573,38055,3,12582912,-1,0,0,0
28.3225077900006,1779567083.8950386,4573,38056,4,12582912,-3,0,0,0
28.3225077900006,1779567083.8950386,4573,38057,5,12582912,-5,0,0,0
28.3225077900006,1779567083.8950386,4573,38058,6,12582912,-6,0,0,0
28.3225077900006,1779567083.8950386,4573,38059,7,12582912,-6,0,0,0
28.35788939899976,1779567083.9304202,4574,38060,0,12582912,-3,0,0,0
28.35788939899976,1779567083.9304202,4574,38061,1,12582912,2,0,0,0
28.35788939899976,1779567083.9304202,4574,38062,2,12582912,7,0,0,0
28.35788939899976,1779567083.9304202,4574,38063,3,12582912,10,0,0,0
28.35788939899976,1779567083.9304202,4574,38064,4,12582912,10,0,0,0
28.35788939899976,1779567083.9304202,4574,38065,5,12582912,9,0,0,0
28.35788939899976,1779567083.9304202,4574,38066,6,12582912,6,0,0,0
28.35788939899976,1779567083.9304202,4574,38067,7,12582912,3,0,0,0
28.379547763999653,1779567083.9520786,4575,38068,0,12582912,5,0,0,0
28.379547763999653,1779567083.9520786,4575,38069,1,12582912,8,0,0,0
28.379547763999653,1779567083.9520786,4575,38070,2,12582912,8,0,0,0
28.379547763999653,1779567083.9520786,4575,38071,3,12582912,6,0,0,0
28.379547763999653,1779567083.9520786,4575,38072,4,12582912,5,0,0,0
28.379547763999653,1779567083.9520786,4575,38073,5,12582912,4,0,0,0
28.379547763999653,1779567083.9520786,4575,38074,6,12582912,2,0,0,0
28.379547763999653,1779567083.9520786,4575,38075,7,12582912,-1,0,0,0
28.422269138000047,1779567083.9947999,4576,38076,0,12582912,0,0,0,0
28.422269138000047,1779567083.9947999,4576,38077,1,12582912,3,0,0,0
28.422269138000047,1779567083.9947999,4576,38078,2,12582912,4,0,0,0
28.422269138000047,1779567083.9947999,4576,38079,3,12582912,1,0,0,0
28.422269138000047,1779567083.9947999,4576,38080,4,12582912,0,0,0,0
28.422269138000047,1779567083.9947999,4576,38081,5,12582912,-2,0,0,0
28.422269138000047,1779567083.9947999,4576,38082,6,12582912,-3,0,0,0
28.422269138000047,1779567083.9947999,4576,38083,7,12582912,-4,0,0,0
28.511783951000325,1779567084.084315,4577,38084,0,12582912,-4,0,0,0
28.511783951000325,1779567084.084315,4577,38085,1,12582912,-4,0,0,0
28.511783951000325,1779567084.084315,4577,38086,2,12582912,-5,0,0,0
28.511783951000325,1779567084.084315,4577,38087,3,12582912,-4,0,0,0
28.511783951000325,1779567084.084315,4577,38088,4,12582912,-1,0,0,0
28.511783951000325,1779567084.084315,4577,38089,5,12582912,4,0,0,0
28.511783951000325,1779567084.084315,4577,38090,6,12582912,8,0,0,0
28.511783951000325,1779567084.084315,4577,38091,7,12582912,10,0,0,0
28.51209446699977,1779567084.0846245,4578,38092,0,12582912,12,0,0,0
28.51209446699977,1779567084.0846245,4578,38093,1,12582912,14,0,0,0
28.51209446699977,1779567084.0846245,4578,38094,2,12582912,15,0,0,0
28.51209446699977,1779567084.0846245,4578,38095,3,12582912,16,0,0,0
28.51209446699977,1779567084.0846245,4578,38096,4,12582912,17,0,0,0
28.51209446699977,1779567084.0846245,4578,38097,5,12582912,17,0,0,0
28.51209446699977,1779567084.0846245,4578,38098,6,12582912,16,0,0,0
28.51209446699977,1779567084.0846245,4578,38099,7,12582912,11,0,0,0
28.512382742999762,1779567084.084912,4579,38100,0,12582912,4,0,0,0
28.512382742999762,1779567084.084912,4579,38101,1,12582912,1,0,0,0
28.512382742999762,1779567084.084912,4579,38102,2,12582912,3,0,0,0
28.512382742999762,1779567084.084912,4579,38103,3,12582912,5,0,0,0
28.512382742999762,1779567084.084912,4579,38104,4,12582912,4,0,0,0
28.512382742999762,1779567084.084912,4579,38105,5,12582912,2,0,0,0
28.512382742999762,1779567084.084912,4579,38106,6,12582912,1,0,0,0
28.512382742999762,1779567084.084912,4579,38107,7,12582912,2,0,0,0
28.53404240999953,1779567084.1065733,4580,38108,0,12582912,2,0,0,0
28.53404240999953,1779567084.1065733,4580,38109,1,12582912,0,0,0,0
28.53404240999953,1779567084.1065733,4580,38110,2,12582912,-2,0,0,0
28.53404240999953,1779567084.1065733,4580,38111,3,12582912,-4,0,0,0
28.53404240999953,1779567084.1065733,4580,38112,4,12582912,-5,0,0,0
28.53404240999953,1779567084.1065733,4580,38113,5,12582912,-3,0,0,0
28.53404240999953,1779567084.1065733,4580,38114,6,12582912,0,0,0,0
28.53404240999953,1779567084.1065733,4580,38115,7,12582912,2,0,0,0
28.576740660000723,1779567084.1492717,4581,38116,0,12582912,4,0,0,0
28.576740660000723,1779567084.1492717,4581,38117,1,12582912,5,0,0,0
28.576740660000723,1779567084.1492717,4581,38118,2,12582912,4,0,0,0
28.576740660000723,1779567084.1492717,4581,38119,3,12582912,5,0,0,0
28.576740660000723,1779567084.1492717,4581,38120,4,12582912,8,0,0,0
28.576740660000723,1779567084.1492717,4581,38121,5,12582912,9,0,0,0
28.576740660000723,1779567084.1492717,4581,38122,6,12582912,11,0,0,0
28.576740660000723,1779567084.1492717,4581,38123,7,12582912,13,0,0,0
28.611834515000737,1779567084.1843653,4582,38124,0,12582912,15,0,0,0
28.611834515000737,1779567084.1843653,4582,38125,1,12582912,16,0,0,0
28.611834515000737,1779567084.1843653,4582,38126,2,12582912,16,0,0,0
28.611834515000737,1779567084.1843653,4582,38127,3,12582912,16,0,0,0
28.611834515000737,1779567084.1843653,4582,38128,4,12582912,13,0,0,0
28.611834515000737,1779567084.1843653,4582,38129,5,12582912,10,0,0,0
28.611834515000737,1779567084.1843653,4582,38130,6,12582912,9,0,0,0
28.611834515000737,1779567084.1843653,4582,38131,7,12582912,9,0,0,0
28.633485640999425,1779567084.2060168,4583,38132,0,12582912,11,0,0,0
28.633485640999425,1779567084.2060168,4583,38133,1,12582912,11,0,0,0
28.633485640999425,1779567084.2060168,4583,38134,2,12582912,9,0,0,0
28.633485640999425,1779567084.2060168,4583,38135,3,12582912,5,0,0,0
28.633485640999425,1779567084.2060168,4583,38136,4,12582912,0,0,0,0
28.633485640999425,1779567084.2060168,4583,38137,5,12582912,-1,0,0,0
28.633485640999425,1779567084.2060168,4583,38138,6,12582912,-2,0,0,0
28.633485640999425,1779567084.2060168,4583,38139,7,12582912,-5,0,0,0
28.67037680700014,1779567084.2429078,4584,38140,0,12582912,-10,0,0,0
28.67037680700014,1779567084.2429078,4584,38141,1,12582912,-12,0,0,0
28.67037680700014,1779567084.2429078,4584,38142,2,12582912,-10,0,0,0
28.67037680700014,1779567084.2429078,4584,38143,3,12582912,-8,0,0,0
28.67037680700014,1779567084.2429078,4584,38144,4,12582912,-6,0,0,0
28.67037680700014,1779567084.2429078,4584,38145,5,12582912,-3,0,0,0
28.67037680700014,1779567084.2429078,4584,38146,6,12582912,-2,0,0,0
28.67037680700014,1779567084.2429078,4584,38147,7,12582912,-1,0,0,0
28.713412864999555,1779567084.2859442,4585,38148,0,12582912,1,0,0,0
28.713412864999555,1779567084.2859442,4585,38149,1,12582912,5,0,0,0
28.713412864999555,1779567084.2859442,4585,38150,2,12582912,8,0,0,0
28.713412864999555,1779567084.2859442,4585,38151,3,12582912,12,0,0,0
28.713412864999555,1779567084.2859442,4585,38152,4,12582912,13,0,0,0
28.713412864999555,1779567084.2859442,4585,38153,5,12582912,13,0,0,0
28.713412864999555,1779567084.2859442,4585,38154,6,12582912,11,0,0,0
28.713412864999555,1779567084.2859442,4585,38155,7,12582912,8,0,0,0
28.73508862500057,1779567084.3076196,4586,38156,0,12582912,6,0,0,0
28.73508862500057,1779567084.3076196,4586,38157,1,12582912,6,0,0,0
28.73508862500057,1779567084.3076196,4586,38158,2,12582912,8,0,0,0
28.73508862500057,1779567084.3076196,4586,38159,3,12582912,7,0,0,0
28.73508862500057,1779567084.3076196,4586,38160,4,12582912,4,0,0,0
28.73508862500057,1779567084.3076196,4586,38161,5,12582912,3,0,0,0
28.73508862500057,1779567084.3076196,4586,38162,6,12582912,0,0,0,0
28.73508862500057,1779567084.3076196,4586,38163,7,12582912,-4,0,0,0
28.757114587000615,1779567084.3296454,4587,38164,0,12582912,-8,0,0,0
28.757114587000615,1779567084.3296454,4587,38165,1,12582912,-10,0,0,0
28.757114587000615,1779567084.3296454,4587,38166,2,12582912,-10,0,0,0
28.757114587000615,1779567084.3296454,4587,38167,3,12582912,-9,0,0,0
28.757114587000615,1779567084.3296454,4587,38168,4,12582912,-6,0,0,0
28.757114587000615,1779567084.3296454,4587,38169,5,12582912,-3,0,0,0
28.757114587000615,1779567084.3296454,4587,38170,6,12582912,-1,0,0,0
28.757114587000615,1779567084.3296454,4587,38171,7,12582912,2,0,0,0
28.799496177000037,1779567084.372026,4588,38172,0,12582912,6,0,0,0
28.799496177000037,1779567084.372026,4588,38173,1,12582912,9,0,0,0
28.799496177000037,1779567084.372026,4588,38174,2,12582912,8,0,0,0
28.799496177000037,1779567084.372026,4588,38175,3,12582912,3,0,0,0
28.799496177000037,1779567084.372026,4588,38176,4,12582912,0,0,0,0
28.799496177000037,1779567084.372026,4588,38177,5,12582912,0,0,0,0
28.799496177000037,1779567084.372026,4588,38178,6,12582912,2,0,0,0
28.799496177000037,1779567084.372026,4588,38179,7,12582912,3,0,0,0
28.820645697000145,1779567084.3931754,4589,38180,0,12582912,5,0,0,0
28.820645697000145,1779567084.3931754,4589,38181,1,12582912,6,0,0,0
28.820645697000145,1779567084.3931754,4589,38182,2,12582912,5,0,0,0
28.820645697000145,1779567084.3931754,4589,38183,3,12582912,4,0,0,0
28.820645697000145,1779567084.3931754,4589,38184,4,12582912,6,0,0,0
28.820645697000145,1779567084.3931754,4589,38185,5,12582912,11,0,0,0
28.820645697000145,1779567084.3931754,4589,38186,6,12582912,12,0,0,0
28.820645697000145,1779567084.3931754,4589,38187,7,12582912,10,0,0,0
28.87585278699953,1779567084.4483838,4590,38188,0,12582912,9,0,0,0
28.87585278699953,1779567084.4483838,4590,38189,1,12582912,8,0,0,0
28.87585278699953,1779567084.4483838,4590,38190,2,12582912,7,0,0,0
28.87585278699953,1779567084.4483838,4590,38191,3,12582912,5,0,0,0
28.87585278699953,1779567084.4483838,4590,38192,4,12582912,4,0,0,0
28.87585278699953,1779567084.4483838,4590,38193,5,12582912,6,0,0,0
28.87585278699953,1779567084.4483838,4590,38194,6,12582912,6,0,0,0
28.87585278699953,1779567084.4483838,4590,38195,7,12582912,4,0,0,0
28.947017459000563,1779567084.5195484,4591,38196,0,12582912,2,0,0,0
28.947017459000563,1779567084.5195484,4591,38197,1,12582912,4,0,0,0
28.947017459000563,1779567084.5195484,4591,38198,2,12582912,7,0,0,0
28.947017459000563,1779567084.5195484,4591,38199,3,12582912,9,0,0,0
28.947017459000563,1779567084.5195484,4591,38200,4,12582912,8,0,0,0
28.947017459000563,1779567084.5195484,4591,38201,5,12582912,7,0,0,0
28.947017459000563,1779567084.5195484,4591,38202,6,12582912,7,0,0,0
28.947017459000563,1779567084.5195484,4591,38203,7,12582912,7,0,0,0
28.95023297499938,1779567084.5227644,4592,38204,0,12582912,6,0,0,0
28.95023297499938,1779567084.5227644,4592,38205,1,12582912,5,0,0,0
28.95023297499938,1779567084.5227644,4592,38206,2,12582912,2,0,0,0
28.95023297499938,1779567084.5227644,4592,38207,3,12582912,-1,0,0,0
28.95023297499938,1779567084.5227644,4592,38208,4,12582912,-4,0,0,0
28.95023297499938,1779567084.5227644,4592,38209,5,12582912,-6,0,0,0
28.95023297499938,1779567084.5227644,4592,38210,6,12582912,-7,0,0,0
28.95023297499938,1779567084.5227644,4592,38211,7,12582912,-6,0,0,0
28.950551563000772,1779567084.523081,4593,38212,0,12582912,-2,0,0,0
28.950551563000772,1779567084.523081,4593,38213,1,12582912,1,0,0,0
28.950551563000772,1779567084.523081,4593,38214,2,12582912,0,0,0,0
28.950551563000772,1779567084.523081,4593,38215,3,12582912,-3,0,0,0
28.950551563000772,1779567084.523081,4593,38216,4,12582912,-3,0,0,0
28.950551563000772,1779567084.523081,4593,38217,5,12582912,0,0,0,0
28.950551563000772,1779567084.523081,4593,38218,6,12582912,4,0,0,0
28.950551563000772,1779567084.523081,4593,38219,7,12582912,7,0,0,0
28.993323771001087,1779567084.5658545,4594,38220,0,12582912,8,0,0,0
28.993323771001087,1779567084.5658545,4594,38221,1,12582912,7,0,0,0
28.993323771001087,1779567084.5658545,4594,38222,2,12582912,6,0,0,0
28.993323771001087,1779567084.5658545,4594,38223,3,12582912,6,0,0,0
28.993323771001087,1779567084.5658545,4594,38224,4,12582912,6,0,0,0
28.993323771001087,1779567084.5658545,4594,38225,5,12582912,6,0,0,0
28.993323771001087,1779567084.5658545,4594,38226,6,12582912,7,0,0,0
28.993323771001087,1779567084.5658545,4594,38227,7,12582912,7,0,0,0
29.01508124800057,1779567084.5876122,4595,38228,0,12582912,6,0,0,0
29.01508124800057,1779567084.5876122,4595,38229,1,12582912,4,0,0,0
29.01508124800057,1779567084.5876122,4595,38230,2,12582912,2,0,0,0
29.01508124800057,1779567084.5876122,4595,38231,3,12582912,0,0,0,0
29.01508124800057,1779567084.5876122,4595,38232,4,12582912,0,0,0,0
29.01508124800057,1779567084.5876122,4595,38233,5,12582912,0,0,0,0
29.01508124800057,1779567084.5876122,4595,38234,6,12582912,-1,0,0,0
29.01508124800057,1779567084.5876122,4595,38235,7,12582912,-2,0,0,0
29.05789262200051,1779567084.6304238,4596,38236,0,12582912,-4,0,0,0
29.05789262200051,1779567084.6304238,4596,38237,1,12582912,-7,0,0,0
29.05789262200051,1779567084.6304238,4596,38238,2,12582912,-9,0,0,0
29.05789262200051,1779567084.6304238,4596,38239,3,12582912,-9,0,0,0
29.05789262200051,1779567084.6304238,4596,38240,4,12582912,-8,0,0,0
29.05789262200051,1779567084.6304238,4596,38241,5,12582912,-5,0,0,0
29.05789262200051,1779567084.6304238,4596,38242,6,12582912,1,0,0,0
29.05789262200051,1779567084.6304238,4596,38243,7,12582912,4,0,0,0
29.079513123000652,1779567084.6520438,4597,38244,0,12582912,4,0,0,0
29.079513123000652,1779567084.6520438,4597,38245,1,12582912,1,0,0,0
29.079513123000652,1779567084.6520438,4597,38246,2,12582912,0,0,0,0
29.079513123000652,1779567084.6520438,4597,38247,3,12582912,1,0,0,0
29.079513123000652,1779567084.6520438,4597,38248,4,12582912,3,0,0,0
29.079513123000652,1779567084.6520438,4597,38249,5,12582912,4,0,0,0
29.079513123000652,1779567084.6520438,4597,38250,6,12582912,3,0,0,0
29.079513123000652,1779567084.6520438,4597,38251,7,12582912,3,0,0,0
29.129457025999727,1779567084.7019877,4598,38252,0,12582912,3,0,0,0
29.129457025999727,1779567084.7019877,4598,38253,1,12582912,2,0,0,0
29.129457025999727,1779567084.7019877,4598,38254,2,12582912,2,0,0,0
29.129457025999727,1779567084.7019877,4598,38255,3,12582912,3,0,0,0
29.129457025999727,1779567084.7019877,4598,38256,4,12582912,4,0,0,0
29.129457025999727,1779567084.7019877,4598,38257,5,12582912,6,0,0,0
29.129457025999727,1779567084.7019877,4598,38258,6,12582912,5,0,0,0
29.129457025999727,1779567084.7019877,4598,38259,7,12582912,1,0,0,0
29.15116893100094,1779567084.7236998,4599,38260,0,12582912,-4,0,0,0
29.15116893100094,1779567084.7236998,4599,38261,1,12582912,-4,0,0,0
29.15116893100094,1779567084.7236998,4599,38262,2,12582912,0,0,0,0
29.15116893100094,1779567084.7236998,4599,38263,3,12582912,1,0,0,0
29.15116893100094,1779567084.7236998,4599,38264,4,12582912,-2,0,0,0
29.15116893100094,1779567084.7236998,4599,38265,5,12582912,-6,0,0,0
29.15116893100094,1779567084.7236998,4599,38266,6,12582912,-8,0,0,0
29.15116893100094,1779567084.7236998,4599,38267,7,12582912,-6,0,0,0
29.1727802660007,1779567084.7453113,4600,38268,0,12582912,-3,0,0,0
29.1727802660007,1779567084.7453113,4600,38269,1,12582912,-1,0,0,0
29.1727802660007,1779567084.7453113,4600,38270,2,12582912,0,0,0,0
29.1727802660007,1779567084.7453113,4600,38271,3,12582912,1,0,0,0
29.1727802660007,1779567084.7453113,4600,38272,4,12582912,1,0,0,0
29.1727802660007,1779567084.7453113,4600,38273,5,12582912,-2,0,0,0
29.1727802660007,1779567084.7453113,4600,38274,6,12582912,-8,0,0,0
29.1727802660007,1779567084.7453113,4600,38275,7,12582912,-12,0,0,0
29.215402527999686,1779567084.7879329,4601,38276,0,12582912,-13,0,0,0
29.215402527999686,1779567084.7879329,4601,38277,1,12582912,-13,0,0,0
29.215402527999686,1779567084.7879329,4601,38278,2,12582912,-10,0,0,0
29.215402527999686,1779567084.7879329,4601,38279,3,12582912,-5,0,0,0
29.215402527999686,1779567084.7879329,4601,38280,4,12582912,-3,0,0,0
29.215402527999686,1779567084.7879329,4601,38281,5,12582912,-7,0,0,0
29.215402527999686,1779567084.7879329,4601,38282,6,12582912,-11,0,0,0
29.215402527999686,1779567084.7879329,4601,38283,7,12582912,-12,0,0,0
29.237044278999747,1779567084.8095753,4602,38284,0,12582912,-9,0,0,0
29.237044278999747,1779567084.8095753,4602,38285,1,12582912,-6,0,0,0
29.237044278999747,1779567084.8095753,4602,38286,2,12582912,-5,0,0,0
29.237044278999747,1779567084.8095753,4602,38287,3,12582912,-6,0,0,0
29.237044278999747,1779567084.8095753,4602,38288,4,12582912,-7,0,0,0
29.237044278999747,1779567084.8095753,4602,38289,5,12582912,-7,0,0,0
29.237044278999747,1779567084.8095753,4602,38290,6,12582912,-6,0,0,0
29.237044278999747,1779567084.8095753,4602,38291,7,12582912,-6,0,0,0
29.28649350300111,1779567084.8590238,4603,38292,0,12582912,-7,0,0,0
29.28649350300111,1779567084.8590238,4603,38293,1,12582912,-8,0,0,0
29.28649350300111,1779567084.8590238,4603,38294,2,12582912,-8,0,0,0
29.28649350300111,1779567084.8590238,4603,38295,3,12582912,-10,0,0,0
29.28649350300111,1779567084.8590238,4603,38296,4,12582912,-13,0,0,0
29.28649350300111,1779567084.8590238,4603,38297,5,12582912,-14,0,0,0
29.28649350300111,1779567084.8590238,4603,38298,6,12582912,-14,0,0,0
29.28649350300111,1779567084.8590238,4603,38299,7,12582912,-14,0,0,0
29.307986402000097,1779567084.8805175,4604,38300,0,12582912,-15,0,0,0
29.307986402000097,1779567084.8805175,4604,38301,1,12582912,-12,0,0,0
29.307986402000097,1779567084.8805175,4604,38302,2,12582912,-6,0,0,0
29.307986402000097,1779567084.8805175,4604,38303,3,12582912,-1,0,0,0
29.307986402000097,1779567084.8805175,4604,38304,4,12582912,-1,0,0,0
29.307986402000097,1779567084.8805175,4604,38305,5,12582912,-2,0,0,0
29.307986402000097,1779567084.8805175,4604,38306,6,12582912,-1,0,0,0
29.307986402000097,1779567084.8805175,4604,38307,7,12582912,1,0,0,0
29.344445128999723,1779567084.9169762,4605,38308,0,12582912,1,0,0,0
29.344445128999723,1779567084.9169762,4605,38309,1,12582912,-2,0,0,0
29.344445128999723,1779567084.9169762,4605,38310,2,12582912,-7,0,0,0
29.344445128999723,1779567084.9169762,4605,38311,3,12582912,-12,0,0,0
29.344445128999723,1779567084.9169762,4605,38312,4,12582912,-15,0,0,0
29.344445128999723,1779567084.9169762,4605,38313,5,12582912,-16,0,0,0
29.344445128999723,1779567084.9169762,4605,38314,6,12582912,-16,0,0,0
29.344445128999723,1779567084.9169762,4605,38315,7,12582912,-16,0,0,0
29.379453204001038,1779567084.9519842,4606,38316,0,12582912,-18,0,0,0
29.379453204001038,1779567084.9519842,4606,38317,1,12582912,-20,0,0,0
29.379453204001038,1779567084.9519842,4606,38318,2,12582912,-22,0,0,0
29.379453204001038,1779567084.9519842,4606,38319,3,12582912,-22,0,0,0
29.379453204001038,1779567084.9519842,4606,38320,4,12582912,-22,0,0,0
29.379453204001038,1779567084.9519842,4606,38321,5,12582912,-22,0,0,0
29.379453204001038,1779567084.9519842,4606,38322,6,12582912,-21,0,0,0
29.379453204001038,1779567084.9519842,4606,38323,7,12582912,-18,0,0,0
29.401068860999658,1779567084.9736001,4607,38324,0,12582912,-14,0,0,0
29.401068860999658,1779567084.9736001,4607,38325,1,12582912,-13,0,0,0
29.401068860999658,1779567084.9736001,4607,38326,2,12582912,-14,0,0,0
29.401068860999658,1779567084.9736001,4607,38327,3,12582912,-13,0,0,0
29.401068860999658,1779567084.9736001,4607,38328,4,12582912,-11,0,0,0
29.401068860999658,1779567084.9736001,4607,38329,5,12582912,-11,0,0,0
29.401068860999658,1779567084.9736001,4607,38330,6,12582912,-10,0,0,0
29.401068860999658,1779567084.9736001,4607,38331,7,12582912,-9,0,0,0
29.443789038999967,1779567085.0163198,4608,38332,0,12582912,-7,0,0,0
29.443789038999967,1779567085.0163198,4608,38333,1,12582912,-6,0,0,0
29.443789038999967,1779567085.0163198,4608,38334,2,12582912,-5,0,0,0
29.443789038999967,1779567085.0163198,4608,38335,3,12582912,-7,0,0,0
29.443789038999967,1779567085.0163198,4608,38336,4,12582912,-8,0,0,0
29.443789038999967,1779567085.0163198,4608,38337,5,12582912,-8,0,0,0
29.443789038999967,1779567085.0163198,4608,38338,6,12582912,-8,0,0,0
29.443789038999967,1779567085.0163198,4608,38339,7,12582912,-10,0,0,0
29.46539334299996,1779567085.037924,4609,38340,0,12582912,-13,0,0,0
29.46539334299996,1779567085.037924,4609,38341,1,12582912,-16,0,0,0
29.46539334299996,1779567085.037924,4609,38342,2,12582912,-16,0,0,0
29.46539334299996,1779567085.037924,4609,38343,3,12582912,-16,0,0,0
29.46539334299996,1779567085.037924,4609,38344,4,12582912,-17,0,0,0
29.46539334299996,1779567085.037924,4609,38345,5,12582912,-17,0,0,0
29.46539334299996,1779567085.037924,4609,38346,6,12582912,-20,0,0,0
29.46539334299996,1779567085.037924,4609,38347,7,12582912,-24,0,0,0
29.493686382000305,1779567085.0662174,4610,38348,0,12582912,-26,0,0,0
29.493686382000305,1779567085.0662174,4610,38349,1,12582912,-27,0,0,0
29.493686382000305,1779567085.0662174,4610,38350,2,12582912,-27,0,0,0
29.493686382000305,1779567085.0662174,4610,38351,3,12582912,-26,0,0,0
29.493686382000305,1779567085.0662174,4610,38352,4,12582912,-22,0,0,0
29.493686382000305,1779567085.0662174,4610,38353,5,12582912,-14,0,0,0
29.493686382000305,1779567085.0662174,4610,38354,6,12582912,-9,0,0,0
29.493686382000305,1779567085.0662174,4610,38355,7,12582912,-10,0,0,0
29.55221336300019,1779567085.1247442,4611,38356,0,12582912,-11,0,0,0
29.55221336300019,1779567085.1247442,4611,38357,1,12582912,-10,0,0,0
29.55221336300019,1779567085.1247442,4611,38358,2,12582912,-6,0,0,0
29.55221336300019,1779567085.1247442,4611,38359,3,12582912,-3,0,0,0
29.55221336300019,1779567085.1247442,4611,38360,4,12582912,-3,0,0,0
29.55221336300019,1779567085.1247442,4611,38361,5,12582912,-4,0,0,0
29.55221336300019,1779567085.1247442,4611,38362,6,12582912,-5,0,0,0
29.55221336300019,1779567085.1247442,4611,38363,7,12582912,-8,0,0,0
29.57386527000017,1779567085.1463962,4612,38364,0,12582912,-9,0,0,0
29.57386527000017,1779567085.1463962,4612,38365,1,12582912,-8,0,0,0
29.57386527000017,1779567085.1463962,4612,38366,2,12582912,-6,0,0,0
29.57386527000017,1779567085.1463962,4612,38367,3,12582912,-4,0,0,0
29.57386527000017,1779567085.1463962,4612,38368,4,12582912,-2,0,0,0
29.57386527000017,1779567085.1463962,4612,38369,5,12582912,-1,0,0,0
29.57386527000017,1779567085.1463962,4612,38370,6,12582912,-4,0,0,0
29.57386527000017,1779567085.1463962,4612,38371,7,12582912,-8,0,0,0
29.595483688000968,1779567085.1680145,4613,38372,0,12582912,-10,0,0,0
29.595483688000968,1779567085.1680145,4613,38373,1,12582912,-8,0,0,0
29.595483688000968,1779567085.1680145,4613,38374,2,12582912,-6,0,0,0
29.595483688000968,1779567085.1680145,4613,38375,3,12582912,-3,0,0,0
29.595483688000968,1779567085.1680145,4613,38376,4,12582912,0,0,0,0
29.595483688000968,1779567085.1680145,4613,38377,5,12582912,1,0,0,0
29.595483688000968,1779567085.1680145,4613,38378,6,12582912,1,0,0,0
29.595483688000968,1779567085.1680145,4613,38379,7,12582912,1,0,0,0
29.630078907001007,1779567085.2026098,4614,38380,0,12582912,3,0,0,0
29.630078907001007,1779567085.2026098,4614,38381,1,12582912,6,0,0,0
29.630078907001007,1779567085.2026098,4614,38382,2,12582912,10,0,0,0
29.630078907001007,1779567085.2026098,4614,38383,3,12582912,9,0,0,0
29.630078907001007,1779567085.2026098,4614,38384,4,12582912,4,0,0,0
29.630078907001007,1779567085.2026098,4614,38385,5,12582912,0,0,0,0
29.630078907001007,1779567085.2026098,4614,38386,6,12582912,1,0,0,0
29.630078907001007,1779567085.2026098,4614,38387,7,12582912,4,0,0,0
29.682671983000546,1779567085.255203,4615,38388,0,12582912,6,0,0,0
29.682671983000546,1779567085.255203,4615,38389,1,12582912,6,0,0,0
29.682671983000546,1779567085.255203,4615,38390,2,12582912,5,0,0,0
29.682671983000546,1779567085.255203,4615,38391,3,12582912,3,0,0,0
29.682671983000546,1779567085.255203,4615,38392,4,12582912,-2,0,0,0
29.682671983000546,1779567085.255203,4615,38393,5,12582912,-5,0,0,0
29.682671983000546,1779567085.255203,4615,38394,6,12582912,-6,0,0,0
29.682671983000546,1779567085.255203,4615,38395,7,12582912,-6,0,0,0
29.704394305999813,1779567085.276925,4616,38396,0,12582912,-7,0,0,0
29.704394305999813,1779567085.276925,4616,38397,1,12582912,-8,0,0,0
29.704394305999813,1779567085.276925,4616,38398,2,12582912,-8,0,0,0
29.704394305999813,1779567085.276925,4616,38399,3,12582912,-12,0,0,0
29.704394305999813,1779567085.276925,4616,38400,4,12582912,-17,0,0,0
29.704394305999813,1779567085.276925,4616,38401,5,12582912,-16,0,0,0
29.704394305999813,1779567085.276925,4616,38402,6,12582912,-13,0,0,0
29.704394305999813,1779567085.276925,4616,38403,7,12582912,-10,0,0,0
29.726109233000898,1779567085.29864,4617,38404,0,12582912,-10,0,0,0
29.726109233000898,1779567085.29864,4617,38405,1,12582912,-12,0,0,0
29.726109233000898,1779567085.29864,4617,38406,2,12582912,-13,0,0,0
29.726109233000898,1779567085.29864,4617,38407,3,12582912,-12,0,0,0
29.726109233000898,1779567085.29864,4617,38408,4,12582912,-9,0,0,0
29.726109233000898,1779567085.29864,4617,38409,5,12582912,-5,0,0,0
29.726109233000898,1779567085.29864,4617,38410,6,12582912,-4,0,0,0
29.726109233000898,1779567085.29864,4617,38411,7,12582912,-5,0,0,0
29.76207109400093,1779567085.3346024,4618,38412,0,12582912,-5,0,0,0
29.76207109400093,1779567085.3346024,4618,38413,1,12582912,-1,0,0,0
29.76207109400093,1779567085.3346024,4618,38414,2,12582912,3,0,0,0
29.76207109400093,1779567085.3346024,4618,38415,3,12582912,3,0,0,0
29.76207109400093,1779567085.3346024,4618,38416,4,12582912,1,0,0,0
29.76207109400093,1779567085.3346024,4618,38417,5,12582912,-3,0,0,0
29.76207109400093,1779567085.3346024,4618,38418,6,12582912,-10,0,0,0
29.76207109400093,1779567085.3346024,4618,38419,7,12582912,-14,0,0,0
29.78370143900065,1779567085.3562322,4619,38420,0,12582912,-14,0,0,0
29.78370143900065,1779567085.3562322,4619,38421,1,12582912,-12,0,0,0
29.78370143900065,1779567085.3562322,4619,38422,2,12582912,-10,0,0,0
29.78370143900065,1779567085.3562322,4619,38423,3,12582912,-11,0,0,0
29.78370143900065,1779567085.3562322,4619,38424,4,12582912,-12,0,0,0
29.78370143900065,1779567085.3562322,4619,38425,5,12582912,-14,0,0,0
29.78370143900065,1779567085.3562322,4619,38426,6,12582912,-18,0,0,0
29.78370143900065,1779567085.3562322,4619,38427,7,12582912,-19,0,0,0
29.82641604499986,1779567085.398947,4620,38428,0,12582912,-16,0,0,0
29.82641604499986,1779567085.398947,4620,38429,1,12582912,-12,0,0,0
29.82641604499986,1779567085.398947,4620,38430,2,12582912,-7,0,0,0
29.82641604499986,1779567085.398947,4620,38431,3,12582912,-3,0,0,0
29.82641604499986,1779567085.398947,4620,38432,4,12582912,0,0,0,0
29.82641604499986,1779567085.398947,4620,38433,5,12582912,3,0,0,0
29.82641604499986,1779567085.398947,4620,38434,6,12582912,6,0,0,0
29.82641604499986,1779567085.398947,4620,38435,7,12582912,8,0,0,0
29.84803045300032,1779567085.4205613,4621,38436,0,12582912,9,0,0,0
29.84803045300032,1779567085.4205613,4621,38437,1,12582912,8,0,0,0
29.84803045300032,1779567085.4205613,4621,38438,2,12582912,4,0,0,0
29.84803045300032,1779567085.4205613,4621,38439,3,12582912,2,0,0,0
29.84803045300032,1779567085.4205613,4621,38440,4,12582912,-1,0,0,0
29.84803045300032,1779567085.4205613,4621,38441,5,12582912,-4,0,0,0
29.84803045300032,1779567085.4205613,4621,38442,6,12582912,-4,0,0,0
29.84803045300032,1779567085.4205613,4621,38443,7,12582912,2,0,0,0
29.882878583999627,1779567085.4554095,4622,38444,0,12582912,6,0,0,0
29.882878583999627,1779567085.4554095,4622,38445,1,12582912,3,0,0,0
29.882878583999627,1779567085.4554095,4622,38446,2,12582912,-2,0,0,0
29.882878583999627,1779567085.4554095,4622,38447,3,12582912,-5,0,0,0
29.882878583999627,1779567085.4554095,4622,38448,4,12582912,-6,0,0,0
29.882878583999627,1779567085.4554095,4622,38449,5,12582912,-8,0,0,0
29.882878583999627,1779567085.4554095,4622,38450,6,12582912,-11,0,0,0
29.882878583999627,1779567085.4554095,4622,38451,7,12582912,-11,0,0,0
29.952189124000142,1779567085.52472,4623,38452,0,12582912,-10,0,0,0
29.952189124000142,1779567085.52472,4623,38453,1,12582912,-10,0,0,0
29.952189124000142,1779567085.52472,4623,38454,2,12582912,-12,0,0,0
29.952189124000142,1779567085.52472,4623,38455,3,12582912,-17,0,0,0
29.952189124000142,1779567085.52472,4623,38456,4,12582912,-19,0,0,0
29.952189124000142,1779567085.52472,4623,38457,5,12582912,-15,0,0,0
29.952189124000142,1779567085.52472,4623,38458,6,12582912,-8,0,0,0
29.952189124000142,1779567085.52472,4623,38459,7,12582912,-5,0,0,0
30.130918189001022,1779567085.703449,4624,38460,0,12582912,-4,0,0,0
30.130918189001022,1779567085.703449,4624,38461,1,12582912,-4,0,0,0
30.130918189001022,1779567085.703449,4624,38462,2,12582912,-2,0,0,0
30.130918189001022,1779567085.703449,4624,38463,3,12582912,5,0,0,0
30.130918189001022,1779567085.703449,4624,38464,4,12582912,17,0,0,0
30.130918189001022,1779567085.703449,4624,38465,5,12582912,18,0,0,0
30.130918189001022,1779567085.703449,4624,38466,6,12582912,-10,0,0,0
30.130918189001022,1779567085.703449,4624,38467,7,12582912,-44,0,0,0
30.152538430000277,1779567085.7250695,4625,38468,0,12582912,-46,0,0,0
30.152538430000277,1779567085.7250695,4625,38469,1,12582912,-19,0,0,0
30.152538430000277,1779567085.7250695,4625,38470,2,12582912,4,0,0,0
30.152538430000277,1779567085.7250695,4625,38471,3,12582912,-3,0,0,0
30.152538430000277,1779567085.7250695,4625,38472,4,12582912,-23,0,0,0
30.152538430000277,1779567085.7250695,4625,38473,5,12582912,-24,0,0,0
30.152538430000277,1779567085.7250695,4625,38474,6,12582912,-4,0,0,0
30.152538430000277,1779567085.7250695,4625,38475,7,12582912,13,0,0,0
30.18896575100007,1779567085.7614968,4626,38476,0,12582912,5,0,0,0
30.18896575100007,1779567085.7614968,4626,38477,1,12582912,-14,0,0,0
30.18896575100007,1779567085.7614968,4626,38478,2,12582912,-15,0,0,0
30.18896575100007,1779567085.7614968,4626,38479,3,12582912,3,0,0,0
30.18896575100007,1779567085.7614968,4626,38480,4,12582912,15,0,0,0
30.18896575100007,1779567085.7614968,4626,38481,5,12582912,6,0,0,0
30.18896575100007,1779567085.7614968,4626,38482,6,12582912,-11,0,0,0
30.18896575100007,1779567085.7614968,4626,38483,7,12582912,-14,0,0,0
30.2106603659995,1779567085.7831914,4627,38484,0,12582912,-1,0,0,0
30.2106603659995,1779567085.7831914,4627,38485,1,12582912,7,0,0,0
30.2106603659995,1779567085.7831914,4627,38486,2,12582912,0,0,0,0
30.2106603659995,1779567085.7831914,4627,38487,3,12582912,-14,0,0,0
30.2106603659995,1779567085.7831914,4627,38488,4,12582912,-17,0,0,0
30.2106603659995,1779567085.7831914,4627,38489,5,12582912,-9,0,0,0
30.2106603659995,1779567085.7831914,4627,38490,6,12582912,-4,0,0,0
30.2106603659995,1779567085.7831914,4627,38491,7,12582912,-11,0,0,0
30.274731987999985,1779567085.8472633,4628,38492,0,12582912,-21,0,0,0
30.274731987999985,1779567085.8472633,4628,38493,1,12582912,-20,0,0,0
30.274731987999985,1779567085.8472633,4628,38494,2,12582912,-7,0,0,0
30.274731987999985,1779567085.8472633,4628,38495,3,12582912,4,0,0,0
30.274731987999985,1779567085.8472633,4628,38496,4,12582912,3,0,0,0
30.274731987999985,1779567085.8472633,4628,38497,5,12582912,-5,0,0,0
30.274731987999985,1779567085.8472633,4628,38498,6,12582912,-8,0,0,0
30.274731987999985,1779567085.8472633,4628,38499,7,12582912,-3,0,0,0
30.296402748999753,1779567085.868934,4629,38500,0,12582912,3,0,0,0
30.296402748999753,1779567085.868934,4629,38501,1,12582912,10,0,0,0
30.296402748999753,1779567085.868934,4629,38502,2,12582912,16,0,0,0
30.296402748999753,1779567085.868934,4629,38503,3,12582912,4,0,0,0
30.296402748999753,1779567085.868934,4629,38504,4,12582912,-21,0,0,0
30.296402748999753,1779567085.868934,4629,38505,5,12582912,-25,0,0,0
30.296402748999753,1779567085.868934,4629,38506,6,12582912,-2,0,0,0
30.296402748999753,1779567085.868934,4629,38507,7,12582912,14,0,0,0
30.33140103400001,1779567085.9039319,4630,38508,0,12582912,6,0,0,0
30.33140103400001,1779567085.9039319,4630,38509,1,12582912,-13,0,0,0
30.33140103400001,1779567085.9039319,4630,38510,2,12582912,-16,0,0,0
30.33140103400001,1779567085.9039319,4630,38511,3,12582912,0,0,0,0
30.33140103400001,1779567085.9039319,4630,38512,4,12582912,13,0,0,0
30.33140103400001,1779567085.9039319,4630,38513,5,12582912,4,0,0,0
30.33140103400001,1779567085.9039319,4630,38514,6,12582912,-12,0,0,0
30.33140103400001,1779567085.9039319,4630,38515,7,12582912,-12,0,0,0
30.35301632700066,1779567085.9255474,4631,38516,0,12582912,3,0,0,0
30.35301632700066,1779567085.9255474,4631,38517,1,12582912,13,0,0,0
30.35301632700066,1779567085.9255474,4631,38518,2,12582912,5,0,0,0
30.35301632700066,1779567085.9255474,4631,38519,3,12582912,-9,0,0,0
30.35301632700066,1779567085.9255474,4631,38520,4,12582912,-8,0,0,0
30.35301632700066,1779567085.9255474,4631,38521,5,12582912,7,0,0,0
30.35301632700066,1779567085.9255474,4631,38522,6,12582912,18,0,0,0
30.35301632700066,1779567085.9255474,4631,38523,7,12582912,12,0,0,0
30.389424430999497,1779567085.9619553,4632,38524,0,12582912,2,0,0,0
30.389424430999497,1779567085.9619553,4632,38525,1,12582912,2,0,0,0
30.389424430999497,1779567085.9619553,4632,38526,2,12582912,11,0,0,0
30.389424430999497,1779567085.9619553,4632,38527,3,12582912,16,0,0,0
30.389424430999497,1779567085.9619553,4632,38528,4,12582912,8,0,0,0
30.389424430999497,1779567085.9619553,4632,38529,5,12582912,-3,0,0,0
30.389424430999497,1779567085.9619553,4632,38530,6,12582912,-6,0,0,0
30.389424430999497,1779567085.9619553,4632,38531,7,12582912,1,0,0,0
30.41151757999978,1779567085.9840484,4633,38532,0,12582912,4,0,0,0
30.41151757999978,1779567085.9840484,4633,38533,1,12582912,-1,0,0,0
30.41151757999978,1779567085.9840484,4633,38534,2,12582912,-8,0,0,0
30.41151757999978,1779567085.9840484,4633,38535,3,12582912,-9,0,0,0
30.41151757999978,1779567085.9840484,4633,38536,4,12582912,-5,0,0,0
30.41151757999978,1779567085.9840484,4633,38537,5,12582912,-2,0,0,0
30.41151757999978,1779567085.9840484,4633,38538,6,12582912,-5,0,0,0
30.41151757999978,1779567085.9840484,4633,38539,7,12582912,-10,0,0,0
30.483960200999718,1779567086.05649,4634,38540,0,12582912,-12,0,0,0
30.483960200999718,1779567086.05649,4634,38541,1,12582912,-10,0,0,0
30.483960200999718,1779567086.05649,4634,38542,2,12582912,-8,0,0,0
30.483960200999718,1779567086.05649,4634,38543,3,12582912,-9,0,0,0
30.483960200999718,1779567086.05649,4634,38544,4,12582912,-13,0,0,0
30.483960200999718,1779567086.05649,4634,38545,5,12582912,-15,0,0,0
30.483960200999718,1779567086.05649,4634,38546,6,12582912,-11,0,0,0
30.483960200999718,1779567086.05649,4634,38547,7,12582912,-8,0,0,0
30.484075824000683,1779567086.056604,4635,38548,0,12582912,-7,0,0,0
30.484075824000683,1779567086.056604,4635,38549,1,12582912,-9,0,0,0
30.484075824000683,1779567086.056604,4635,38550,2,12582912,-10,0,0,0
30.484075824000683,1779567086.056604,4635,38551,3,12582912,-9,0,0,0
30.484075824000683,1779567086.056604,4635,38552,4,12582912,-5,0,0,0
30.484075824000683,1779567086.056604,4635,38553,5,12582912,-4,0,0,0
30.484075824000683,1779567086.056604,4635,38554,6,12582912,-5,0,0,0
30.484075824000683,1779567086.056604,4635,38555,7,12582912,-5,0,0,0
30.5330660489999,1779567086.1055975,4636,38556,0,12582912,-3,0,0,0
30.5330660489999,1779567086.1055975,4636,38557,1,12582912,-1,0,0,0
30.5330660489999,1779567086.1055975,4636,38558,2,12582912,-1,0,0,0
30.5330660489999,1779567086.1055975,4636,38559,3,12582912,-3,0,0,0
30.5330660489999,1779567086.1055975,4636,38560,4,12582912,-3,0,0,0
30.5330660489999,1779567086.1055975,4636,38561,5,12582912,-1,0,0,0
30.5330660489999,1779567086.1055975,4636,38562,6,12582912,2,0,0,0
30.5330660489999,1779567086.1055975,4636,38563,7,12582912,2,0,0,0
30.55471160200068,1779567086.1272426,4637,38564,0,12582912,0,0,0,0
30.55471160200068,1779567086.1272426,4637,38565,1,12582912,-3,0,0,0
30.55471160200068,1779567086.1272426,4637,38566,2,12582912,-5,0,0,0
30.55471160200068,1779567086.1272426,4637,38567,3,12582912,-3,0,0,0
30.55471160200068,1779567086.1272426,4637,38568,4,12582912,0,0,0,0
30.55471160200068,1779567086.1272426,4637,38569,5,12582912,-1,0,0,0
30.55471160200068,1779567086.1272426,4637,38570,6,12582912,-6,0,0,0
30.55471160200068,1779567086.1272426,4637,38571,7,12582912,-9,0,0,0
30.60551028500049,1779567086.178041,4638,38572,0,12582912,-10,0,0,0
30.60551028500049,1779567086.178041,4638,38573,1,12582912,-10,0,0,0
30.60551028500049,1779567086.178041,4638,38574,2,12582912,-9,0,0,0
30.60551028500049,1779567086.178041,4638,38575,3,12582912,-8,0,0,0
30.60551028500049,1779567086.178041,4638,38576,4,12582912,-6,0,0,0
30.60551028500049,1779567086.178041,4638,38577,5,12582912,-7,0,0,0
30.60551028500049,1779567086.178041,4638,38578,6,12582912,-9,0,0,0
30.60551028500049,1779567086.178041,4638,38579,7,12582912,-12,0,0,0
30.605889079999542,1779567086.1784184,4639,38580,0,12582912,-12,0,0,0
30.605889079999542,1779567086.1784184,4639,38581,1,12582912,-13,0,0,0
30.605889079999542,1779567086.1784184,4639,38582,2,12582912,-14,0,0,0
30.605889079999542,1779567086.1784184,4639,38583,3,12582912,-16,0,0,0
30.605889079999542,1779567086.1784184,4639,38584,4,12582912,-17,0,0,0
30.605889079999542,1779567086.1784184,4639,38585,5,12582912,-16,0,0,0
30.605889079999542,1779567086.1784184,4639,38586,6,12582912,-13,0,0,0
30.605889079999542,1779567086.1784184,4639,38587,7,12582912,-10,0,0,0
30.648584938000567,1779567086.2211158,4640,38588,0,12582912,-7,0,0,0
30.648584938000567,1779567086.2211158,4640,38589,1,12582912,-5,0,0,0
30.648584938000567,1779567086.2211158,4640,38590,2,12582912,-4,0,0,0
30.648584938000567,1779567086.2211158,4640,38591,3,12582912,-6,0,0,0
30.648584938000567,1779567086.2211158,4640,38592,4,12582912,-8,0,0,0
30.648584938000567,1779567086.2211158,4640,38593,5,12582912,-8,0,0,0
30.648584938000567,1779567086.2211158,4640,38594,6,12582912,-7,0,0,0
30.648584938000567,1779567086.2211158,4640,38595,7,12582912,-7,0,0,0
30.670293719000256,1779567086.2428248,4641,38596,0,12582912,-7,0,0,0
30.670293719000256,1779567086.2428248,4641,38597,1,12582912,-7,0,0,0
30.670293719000256,1779567086.2428248,4641,38598,2,12582912,-5,0,0,0
30.670293719000256,1779567086.2428248,4641,38599,3,12582912,-4,0,0,0
30.670293719000256,1779567086.2428248,4641,38600,4,12582912,-5,0,0,0
30.670293719000256,1779567086.2428248,4641,38601,5,12582912,-7,0,0,0
30.670293719000256,1779567086.2428248,4641,38602,6,12582912,-8,0,0,0
30.670293719000256,1779567086.2428248,4641,38603,7,12582912,-9,0,0,0
30.713141762000305,1779567086.2856727,4642,38604,0,12582912,-10,0,0,0
30.713141762000305,1779567086.2856727,4642,38605,1,12582912,-11,0,0,0
30.713141762000305,1779567086.2856727,4642,38606,2,12582912,-13,0,0,0
30.713141762000305,1779567086.2856727,4642,38607,3,12582912,-14,0,0,0
30.713141762000305,1779567086.2856727,4642,38608,4,12582912,-15,0,0,0
30.713141762000305,1779567086.2856727,4642,38609,5,12582912,-16,0,0,0
30.713141762000305,1779567086.2856727,4642,38610,6,12582912,-13,0,0,0
30.713141762000305,1779567086.2856727,4642,38611,7,12582912,-7,0,0,0
30.73478169000009,1779567086.3073127,4643,38612,0,12582912,-4,0,0,0
30.73478169000009,1779567086.3073127,4643,38613,1,12582912,-4,0,0,0
30.73478169000009,1779567086.3073127,4643,38614,2,12582912,-7,0,0,0
30.73478169000009,1779567086.3073127,4643,38615,3,12582912,-10,0,0,0
30.73478169000009,1779567086.3073127,4643,38616,4,12582912,-9,0,0,0
30.73478169000009,1779567086.3073127,4643,38617,5,12582912,-5,0,0,0
30.73478169000009,1779567086.3073127,4643,38618,6,12582912,-4,0,0,0
30.73478169000009,1779567086.3073127,4643,38619,7,12582912,-6,0,0,0
30.7774370799998,1779567086.3499682,4644,38620,0,12582912,-5,0,0,0
30.7774370799998,1779567086.3499682,4644,38621,1,12582912,-2,0,0,0
30.7774370799998,1779567086.3499682,4644,38622,2,12582912,0,0,0,0
30.7774370799998,1779567086.3499682,4644,38623,3,12582912,0,0,0,0
30.7774370799998,1779567086.3499682,4644,38624,4,12582912,-1,0,0,0
30.7774370799998,1779567086.3499682,4644,38625,5,12582912,-2,0,0,0
30.7774370799998,1779567086.3499682,4644,38626,6,12582912,-3,0,0,0
30.7774370799998,1779567086.3499682,4644,38627,7,12582912,-3,0,0,0
30.814283562000128,1779567086.3868144,4645,38628,0,12582912,-4,0,0,0
30.814283562000128,1779567086.3868144,4645,38629,1,12582912,-6,0,0,0
30.814283562000128,1779567086.3868144,4645,38630,2,12582912,-5,0,0,0
30.814283562000128,1779567086.3868144,4645,38631,3,12582912,-2,0,0,0
30.814283562000128,1779567086.3868144,4645,38632,4,12582912,0,0,0,0
30.814283562000128,1779567086.3868144,4645,38633,5,12582912,1,0,0,0
30.814283562000128,1779567086.3868144,4645,38634,6,12582912,0,0,0,0
30.814283562000128,1779567086.3868144,4645,38635,7,12582912,-2,0,0,0
30.88958967399958,1779567086.4621208,4646,38636,0,12582912,-4,0,0,0
30.88958967399958,1779567086.4621208,4646,38637,1,12582912,-2,0,0,0
30.88958967399958,1779567086.4621208,4646,38638,2,12582912,3,0,0,0
30.88958967399958,1779567086.4621208,4646,38639,3,12582912,4,0,0,0
30.88958967399958,1779567086.4621208,4646,38640,4,12582912,2,0,0,0
30.88958967399958,1779567086.4621208,4646,38641,5,12582912,-1,0,0,0
30.88958967399958,1779567086.4621208,4646,38642,6,12582912,-2,0,0,0
30.88958967399958,1779567086.4621208,4646,38643,7,12582912,-1,0,0,0
30.889977062999606,1779567086.4625068,4647,38644,0,12582912,-1,0,0,0
30.889977062999606,1779567086.4625068,4647,38645,1,12582912,0,0,0,0
30.889977062999606,1779567086.4625068,4647,38646,2,12582912,2,0,0,0
30.889977062999606,1779567086.4625068,4647,38647,3,12582912,3,0,0,0
30.889977062999606,1779567086.4625068,4647,38648,4,12582912,4,0,0,0
30.889977062999606,1779567086.4625068,4647,38649,5,12582912,6,0,0,0
30.889977062999606,1779567086.4625068,4647,38650,6,12582912,9,0,0,0
30.889977062999606,1779567086.4625068,4647,38651,7,12582912,8,0,0,0
30.947623854000994,1779567086.520155,4648,38652,0,12582912,8,0,0,0
30.947623854000994,1779567086.520155,4648,38653,1,12582912,7,0,0,0
30.947623854000994,1779567086.520155,4648,38654,2,12582912,5,0,0,0
30.947623854000994,1779567086.520155,4648,38655,3,12582912,1,0,0,0
30.947623854000994,1779567086.520155,4648,38656,4,12582912,-1,0,0,0
30.947623854000994,1779567086.520155,4648,38657,5,12582912,-1,0,0,0
30.947623854000994,1779567086.520155,4648,38658,6,12582912,-2,0,0,0
30.947623854000994,1779567086.520155,4648,38659,7,12582912,-1,0,0,0
30.947937754001032,1779567086.5204673,4649,38660,0,12582912,0,0,0,0
30.947937754001032,1779567086.5204673,4649,38661,1,12582912,2,0,0,0
30.947937754001032,1779567086.5204673,4649,38662,2,12582912,3,0,0,0
30.947937754001032,1779567086.5204673,4649,38663,3,12582912,5,0,0,0
30.947937754001032,1779567086.5204673,4649,38664,4,12582912,5,0,0,0
30.947937754001032,1779567086.5204673,4649,38665,5,12582912,3,0,0,0
30.947937754001032,1779567086.5204673,4649,38666,6,12582912,3,0,0,0
30.947937754001032,1779567086.5204673,4649,38667,7,12582912,5,0,0,0
30.969550861000243,1779567086.5420816,4650,38668,0,12582912,6,0,0,0
30.969550861000243,1779567086.5420816,4650,38669,1,12582912,7,0,0,0
30.969550861000243,1779567086.5420816,4650,38670,2,12582912,8,0,0,0
30.969550861000243,1779567086.5420816,4650,38671,3,12582912,8,0,0,0
30.969550861000243,1779567086.5420816,4650,38672,4,12582912,6,0,0,0
30.969550861000243,1779567086.5420816,4650,38673,5,12582912,4,0,0,0
30.969550861000243,1779567086.5420816,4650,38674,6,12582912,3,0,0,0
30.969550861000243,1779567086.5420816,4650,38675,7,12582912,1,0,0,0
30.991285840000273,1779567086.5638168,4651,38676,0,12582912,-1,0,0,0
30.991285840000273,1779567086.5638168,4651,38677,1,12582912,-2,0,0,0
30.991285840000273,1779567086.5638168,4651,38678,2,12582912,-3,0,0,0
30.991285840000273,1779567086.5638168,4651,38679,3,12582912,-5,0,0,0
30.991285840000273,1779567086.5638168,4651,38680,4,12582912,-7,0,0,0
30.991285840000273,1779567086.5638168,4651,38681,5,12582912,-6,0,0,0
30.991285840000273,1779567086.5638168,4651,38682,6,12582912,-4,0,0,0
30.991285840000273,1779567086.5638168,4651,38683,7,12582912,-3,0,0,0
31.028325651999694,1779567086.600856,4652,38684,0,12582912,-4,0,0,0
31.028325651999694,1779567086.600856,4652,38685,1,12582912,-6,0,0,0
31.028325651999694,1779567086.600856,4652,38686,2,12582912,-6,0,0,0
31.028325651999694,1779567086.600856,4652,38687,3,12582912,-5,0,0,0
31.028325651999694,1779567086.600856,4652,38688,4,12582912,-2,0,0,0
31.028325651999694,1779567086.600856,4652,38689,5,12582912,-4,0,0,0
31.028325651999694,1779567086.600856,4652,38690,6,12582912,-7,0,0,0
31.028325651999694,1779567086.600856,4652,38691,7,12582912,-10,0,0,0
31.05419222400087,1779567086.6267223,4653,38692,0,12582912,-10,0,0,0
31.05419222400087,1779567086.6267223,4653,38693,1,12582912,-9,0,0,0
31.05419222400087,1779567086.6267223,4653,38694,2,12582912,-8,0,0,0
31.05419222400087,1779567086.6267223,4653,38695,3,12582912,-8,0,0,0
31.05419222400087,1779567086.6267223,4653,38696,4,12582912,-7,0,0,0
31.05419222400087,1779567086.6267223,4653,38697,5,12582912,-5,0,0,0
31.05419222400087,1779567086.6267223,4653,38698,6,12582912,-4,0,0,0
31.05419222400087,1779567086.6267223,4653,38699,7,12582912,-4,0,0,0
31.08310931500091,1779567086.6556394,4654,38700,0,12582912,-2,0,0,0
31.08310931500091,1779567086.6556394,4654,38701,1,12582912,-1,0,0,0
31.08310931500091,1779567086.6556394,4654,38702,2,12582912,0,0,0,0
31.08310931500091,1779567086.6556394,4654,38703,3,12582912,0,0,0,0
31.08310931500091,1779567086.6556394,4654,38704,4,12582912,0,0,0,0
31.08310931500091,1779567086.6556394,4654,38705,5,12582912,-3,0,0,0
31.08310931500091,1779567086.6556394,4654,38706,6,12582912,-6,0,0,0
31.08310931500091,1779567086.6556394,4654,38707,7,12582912,-8,0,0,0
31.126164802000858,1779567086.6986957,4655,38708,0,12582912,-9,0,0,0
31.126164802000858,1779567086.6986957,4655,38709,1,12582912,-10,0,0,0
31.126164802000858,1779567086.6986957,4655,38710,2,12582912,-12,0,0,0
31.126164802000858,1779567086.6986957,4655,38711,3,12582912,-16,0,0,0
31.126164802000858,1779567086.6986957,4655,38712,4,12582912,-19,0,0,0
31.126164802000858,1779567086.6986957,4655,38713,5,12582912,-19,0,0,0
31.126164802000858,1779567086.6986957,4655,38714,6,12582912,-15,0,0,0
31.126164802000858,1779567086.6986957,4655,38715,7,12582912,-10,0,0,0
31.14782754299995,1779567086.7203581,4656,38716,0,12582912,-9,0,0,0
31.14782754299995,1779567086.7203581,4656,38717,1,12582912,-10,0,0,0
31.14782754299995,1779567086.7203581,4656,38718,2,12582912,-10,0,0,0
31.14782754299995,1779567086.7203581,4656,38719,3,12582912,-10,0,0,0
31.14782754299995,1779567086.7203581,4656,38720,4,12582912,-11,0,0,0
31.14782754299995,1779567086.7203581,4656,38721,5,12582912,-10,0,0,0
31.14782754299995,1779567086.7203581,4656,38722,6,12582912,-7,0,0,0
31.14782754299995,1779567086.7203581,4656,38723,7,12582912,-4,0,0,0
31.190704177999578,1779567086.763235,4657,38724,0,12582912,-3,0,0,0
31.190704177999578,1779567086.763235,4657,38725,1,12582912,-1,0,0,0
31.190704177999578,1779567086.763235,4657,38726,2,12582912,4,0,0,0
31.190704177999578,1779567086.763235,4657,38727,3,12582912,9,0,0,0
31.190704177999578,1779567086.763235,4657,38728,4,12582912,11,0,0,0
31.190704177999578,1779567086.763235,4657,38729,5,12582912,11,0,0,0
31.190704177999578,1779567086.763235,4657,38730,6,12582912,11,0,0,0
31.190704177999578,1779567086.763235,4657,38731,7,12582912,11,0,0,0
31.212253952000538,1779567086.784784,4658,38732,0,12582912,13,0,0,0
31.212253952000538,1779567086.784784,4658,38733,1,12582912,15,0,0,0
31.212253952000538,1779567086.784784,4658,38734,2,12582912,13,0,0,0
31.212253952000538,1779567086.784784,4658,38735,3,12582912,8,0,0,0
31.212253952000538,1779567086.784784,4658,38736,4,12582912,4,0,0,0
31.212253952000538,1779567086.784784,4658,38737,5,12582912,2,0,0,0
31.212253952000538,1779567086.784784,4658,38738,6,12582912,1,0,0,0
31.212253952000538,1779567086.784784,4658,38739,7,12582912,-1,0,0,0
31.25769663600113,1779567086.8302267,4659,38740,0,12582912,-4,0,0,0
31.25769663600113,1779567086.8302267,4659,38741,1,12582912,-5,0,0,0
31.25769663600113,1779567086.8302267,4659,38742,2,12582912,-4,0,0,0
31.25769663600113,1779567086.8302267,4659,38743,3,12582912,-2,0,0,0
31.25769663600113,1779567086.8302267,4659,38744,4,12582912,-3,0,0,0
31.25769663600113,1779567086.8302267,4659,38745,5,12582912,-5,0,0,0
31.25769663600113,1779567086.8302267,4659,38746,6,12582912,-5,0,0,0
31.25769663600113,1779567086.8302267,4659,38747,7,12582912,-6,0,0,0
31.278983445999984,1779567086.8515134,4660,38748,0,12582912,-8,0,0,0
31.278983445999984,1779567086.8515134,4660,38749,1,12582912,-9,0,0,0
31.278983445999984,1779567086.8515134,4660,38750,2,12582912,-11,0,0,0
31.278983445999984,1779567086.8515134,4660,38751,3,12582912,-10,0,0,0
31.278983445999984,1779567086.8515134,4660,38752,4,12582912,-8,0,0,0
31.278983445999984,1779567086.8515134,4660,38753,5,12582912,-6,0,0,0
31.278983445999984,1779567086.8515134,4660,38754,6,12582912,-4,0,0,0
31.278983445999984,1779567086.8515134,4660,38755,7,12582912,-3,0,0,0
31.32123931100068,1779567086.8937697,4661,38756,0,12582912,-2,0,0,0
31.32123931100068,1779567086.8937697,4661,38757,1,12582912,2,0,0,0
31.32123931100068,1779567086.8937697,4661,38758,2,12582912,5,0,0,0
31.32123931100068,1779567086.8937697,4661,38759,3,12582912,6,0,0,0
31.32123931100068,1779567086.8937697,4661,38760,4,12582912,2,0,0,0
31.32123931100068,1779567086.8937697,4661,38761,5,12582912,-1,0,0,0
31.32123931100068,1779567086.8937697,4661,38762,6,12582912,-2,0,0,0
31.32123931100068,1779567086.8937697,4661,38763,7,12582912,-2,0,0,0
31.354927099000633,1779567086.927458,4662,38764,0,12582912,-3,0,0,0
31.354927099000633,1779567086.927458,4662,38765,1,12582912,-6,0,0,0
31.354927099000633,1779567086.927458,4662,38766,2,12582912,-7,0,0,0
31.354927099000633,1779567086.927458,4662,38767,3,12582912,-8,0,0,0
31.354927099000633,1779567086.927458,4662,38768,4,12582912,-8,0,0,0
31.354927099000633,1779567086.927458,4662,38769,5,12582912,-9,0,0,0
31.354927099000633,1779567086.927458,4662,38770,6,12582912,-11,0,0,0
31.354927099000633,1779567086.927458,4662,38771,7,12582912,-16,0,0,0
31.376590309000676,1779567086.949121,4663,38772,0,12582912,-21,0,0,0
31.376590309000676,1779567086.949121,4663,38773,1,12582912,-22,0,0,0
31.376590309000676,1779567086.949121,4663,38774,2,12582912,-20,0,0,0
31.376590309000676,1779567086.949121,4663,38775,3,12582912,-18,0,0,0
31.376590309000676,1779567086.949121,4663,38776,4,12582912,-15,0,0,0
31.376590309000676,1779567086.949121,4663,38777,5,12582912,-12,0,0,0
31.376590309000676,1779567086.949121,4663,38778,6,12582912,-9,0,0,0
31.376590309000676,1779567086.949121,4663,38779,7,12582912,-10,0,0,0
31.419390070999725,1779567086.9919212,4664,38780,0,12582912,-12,0,0,0
31.419390070999725,1779567086.9919212,4664,38781,1,12582912,-13,0,0,0
31.419390070999725,1779567086.9919212,4664,38782,2,12582912,-12,0,0,0
31.419390070999725,1779567086.9919212,4664,38783,3,12582912,-10,0,0,0
31.419390070999725,1779567086.9919212,4664,38784,4,12582912,-9,0,0,0
31.419390070999725,1779567086.9919212,4664,38785,5,12582912,-5,0,0,0
31.419390070999725,1779567086.9919212,4664,38786,6,12582912,2,0,0,0
31.419390070999725,1779567086.9919212,4664,38787,7,12582912,10,0,0,0
31.45719497400023,1779567087.0297258,4665,38788,0,12582912,15,0,0,0
31.45719497400023,1779567087.0297258,4665,38789,1,12582912,18,0,0,0
31.45719497400023,1779567087.0297258,4665,38790,2,12582912,19,0,0,0
31.45719497400023,1779567087.0297258,4665,38791,3,12582912,19,0,0,0
31.45719497400023,1779567087.0297258,4665,38792,4,12582912,17,0,0,0
31.45719497400023,1779567087.0297258,4665,38793,5,12582912,14,0,0,0
31.45719497400023,1779567087.0297258,4665,38794,6,12582912,11,0,0,0
31.45719497400023,1779567087.0297258,4665,38795,7,12582912,6,0,0,0
31.478850580000653,1779567087.0513816,4666,38796,0,12582912,-2,0,0,0
31.478850580000653,1779567087.0513816,4666,38797,1,12582912,-6,0,0,0
31.478850580000653,1779567087.0513816,4666,38798,2,12582912,-6,0,0,0
31.478850580000653,1779567087.0513816,4666,38799,3,12582912,-5,0,0,0
31.478850580000653,1779567087.0513816,4666,38800,4,12582912,-7,0,0,0
31.478850580000653,1779567087.0513816,4666,38801,5,12582912,-11,0,0,0
31.478850580000653,1779567087.0513816,4666,38802,6,12582912,-11,0,0,0
31.478850580000653,1779567087.0513816,4666,38803,7,12582912,-9,0,0,0
31.50049587400099,1779567087.073027,4667,38804,0,12582912,-6,0,0,0
31.50049587400099,1779567087.073027,4667,38805,1,12582912,-5,0,0,0
31.50049587400099,1779567087.073027,4667,38806,2,12582912,-5,0,0,0
31.50049587400099,1779567087.073027,4667,38807,3,12582912,-3,0,0,0
31.50049587400099,1779567087.073027,4667,38808,4,12582912,-2,0,0,0
31.50049587400099,1779567087.073027,4667,38809,5,12582912,-2,0,0,0
31.50049587400099,1779567087.073027,4667,38810,6,12582912,-1,0,0,0
31.50049587400099,1779567087.073027,4667,38811,7,12582912,3,0,0,0
31.54337422900062,1779567087.115905,4668,38812,0,12582912,11,0,0,0
31.54337422900062,1779567087.115905,4668,38813,1,12582912,19,0,0,0
31.54337422900062,1779567087.115905,4668,38814,2,12582912,25,0,0,0
31.54337422900062,1779567087.115905,4668,38815,3,12582912,29,0,0,0
31.54337422900062,1779567087.115905,4668,38816,4,12582912,31,0,0,0
31.54337422900062,1779567087.115905,4668,38817,5,12582912,30,0,0,0
31.54337422900062,1779567087.115905,4668,38818,6,12582912,29,0,0,0
31.54337422900062,1779567087.115905,4668,38819,7,12582912,28,0,0,0
31.570435625000755,1779567087.142967,4669,38820,0,12582912,28,0,0,0
31.570435625000755,1779567087.142967,4669,38821,1,12582912,26,0,0,0
31.570435625000755,1779567087.142967,4669,38822,2,12582912,21,0,0,0
31.570435625000755,1779567087.142967,4669,38823,3,12582912,15,0,0,0
31.570435625000755,1779567087.142967,4669,38824,4,12582912,10,0,0,0
31.570435625000755,1779567087.142967,4669,38825,5,12582912,6,0,0,0
31.570435625000755,1779567087.142967,4669,38826,6,12582912,5,0,0,0
31.570435625000755,1779567087.142967,4669,38827,7,12582912,6,0,0,0
31.60546500500095,1779567087.1779957,4670,38828,0,12582912,6,0,0,0
31.60546500500095,1779567087.1779957,4670,38829,1,12582912,4,0,0,0
31.60546500500095,1779567087.1779957,4670,38830,2,12582912,3,0,0,0
31.60546500500095,1779567087.1779957,4670,38831,3,12582912,4,0,0,0
31.60546500500095,1779567087.1779957,4670,38832,4,12582912,3,0,0,0
31.60546500500095,1779567087.1779957,4670,38833,5,12582912,1,0,0,0
31.60546500500095,1779567087.1779957,4670,38834,6,12582912,-2,0,0,0
31.60546500500095,1779567087.1779957,4670,38835,7,12582912,-7,0,0,0
31.62724836900088,1779567087.199779,4671,38836,0,12582912,-8,0,0,0
31.62724836900088,1779567087.199779,4671,38837,1,12582912,-5,0,0,0
31.62724836900088,1779567087.199779,4671,38838,2,12582912,0,0,0,0
31.62724836900088,1779567087.199779,4671,38839,3,12582912,3,0,0,0
31.62724836900088,1779567087.199779,4671,38840,4,12582912,2,0,0,0
31.62724836900088,1779567087.199779,4671,38841,5,12582912,2,0,0,0
31.62724836900088,1779567087.199779,4671,38842,6,12582912,4,0,0,0
31.62724836900088,1779567087.199779,4671,38843,7,12582912,6,0,0,0
31.70942342499984,1779567087.2819543,4672,38844,0,12582912,9,0,0,0
31.70942342499984,1779567087.2819543,4672,38845,1,12582912,13,0,0,0
31.70942342499984,1779567087.2819543,4672,38846,2,12582912,14,0,0,0
31.70942342499984,1779567087.2819543,4672,38847,3,12582912,15,0,0,0
31.70942342499984,1779567087.2819543,4672,38848,4,12582912,17,0,0,0
31.70942342499984,1779567087.2819543,4672,38849,5,12582912,17,0,0,0
31.70942342499984,1779567087.2819543,4672,38850,6,12582912,15,0,0,0
31.70942342499984,1779567087.2819543,4672,38851,7,12582912,10,0,0,0
31.70973326300009,1779567087.2822626,4673,38852,0,12582912,6,0,0,0
31.70973326300009,1779567087.2822626,4673,38853,1,12582912,5,0,0,0
31.70973326300009,1779567087.2822626,4673,38854,2,12582912,6,0,0,0
31.70973326300009,1779567087.2822626,4673,38855,3,12582912,4,0,0,0
31.70973326300009,1779567087.2822626,4673,38856,4,12582912,1,0,0,0
31.70973326300009,1779567087.2822626,4673,38857,5,12582912,-2,0,0,0
31.70973326300009,1779567087.2822626,4673,38858,6,12582912,-2,0,0,0
31.70973326300009,1779567087.2822626,4673,38859,7,12582912,-1,0,0,0
31.731446472000243,1779567087.3039775,4674,38860,0,12582912,0,0,0,0
31.731446472000243,1779567087.3039775,4674,38861,1,12582912,1,0,0,0
31.731446472000243,1779567087.3039775,4674,38862,2,12582912,2,0,0,0
31.731446472000243,1779567087.3039775,4674,38863,3,12582912,3,0,0,0
31.731446472000243,1779567087.3039775,4674,38864,4,12582912,0,0,0,0
31.731446472000243,1779567087.3039775,4674,38865,5,12582912,-3,0,0,0
31.731446472000243,1779567087.3039775,4674,38866,6,12582912,-3,0,0,0
31.731446472000243,1779567087.3039775,4674,38867,7,12582912,-1,0,0,0
31.75362904800022,1779567087.32616,4675,38868,0,12582912,2,0,0,0
31.75362904800022,1779567087.32616,4675,38869,1,12582912,4,0,0,0
31.75362904800022,1779567087.32616,4675,38870,2,12582912,4,0,0,0
31.75362904800022,1779567087.32616,4675,38871,3,12582912,3,0,0,0
31.75362904800022,1779567087.32616,4675,38872,4,12582912,2,0,0,0
31.75362904800022,1779567087.32616,4675,38873,5,12582912,2,0,0,0
31.75362904800022,1779567087.32616,4675,38874,6,12582912,3,0,0,0
31.75362904800022,1779567087.32616,4675,38875,7,12582912,3,0,0,0
31.796382665999772,1779567087.3689137,4676,38876,0,12582912,0,0,0,0
31.796382665999772,1779567087.3689137,4676,38877,1,12582912,-1,0,0,0
31.796382665999772,1779567087.3689137,4676,38878,2,12582912,-1,0,0,0
31.796382665999772,1779567087.3689137,4676,38879,3,12582912,-1,0,0,0
31.796382665999772,1779567087.3689137,4676,38880,4,12582912,-3,0,0,0
31.796382665999772,1779567087.3689137,4676,38881,5,12582912,-4,0,0,0
31.796382665999772,1779567087.3689137,4676,38882,6,12582912,-4,0,0,0
31.796382665999772,1779567087.3689137,4676,38883,7,12582912,-4,0,0,0
31.818043324999962,1779567087.3905747,4677,38884,0,12582912,-4,0,0,0
31.818043324999962,1779567087.3905747,4677,38885,1,12582912,-6,0,0,0
31.818043324999962,1779567087.3905747,4677,38886,2,12582912,-8,0,0,0
31.818043324999962,1779567087.3905747,4677,38887,3,12582912,-7,0,0,0
31.818043324999962,1779567087.3905747,4677,38888,4,12582912,-5,0,0,0
31.818043324999962,1779567087.3905747,4677,38889,5,12582912,-5,0,0,0
31.818043324999962,1779567087.3905747,4677,38890,6,12582912,-7,0,0,0
31.818043324999962,1779567087.3905747,4677,38891,7,12582912,-7,0,0,0
31.86774025700106,1779567087.4402711,4678,38892,0,12582912,-4,0,0,0
31.86774025700106,1779567087.4402711,4678,38893,1,12582912,-1,0,0,0
31.86774025700106,1779567087.4402711,4678,38894,2,12582912,-1,0,0,0
31.86774025700106,1779567087.4402711,4678,38895,3,12582912,-1,0,0,0
31.86774025700106,1779567087.4402711,4678,38896,4,12582912,-1,0,0,0
31.86774025700106,1779567087.4402711,4678,38897,5,12582912,0,0,0,0
31.86774025700106,1779567087.4402711,4678,38898,6,12582912,3,0,0,0
31.86774025700106,1779567087.4402711,4678,38899,7,12582912,5,0,0,0
31.889396540000234,1779567087.4619277,4679,38900,0,12582912,5,0,0,0
31.889396540000234,1779567087.4619277,4679,38901,1,12582912,3,0,0,0
31.889396540000234,1779567087.4619277,4679,38902,2,12582912,1,0,0,0
31.889396540000234,1779567087.4619277,4679,38903,3,12582912,0,0,0,0
31.889396540000234,1779567087.4619277,4679,38904,4,12582912,-2,0,0,0
31.889396540000234,1779567087.4619277,4679,38905,5,12582912,-6,0,0,0
31.889396540000234,1779567087.4619277,4679,38906,6,12582912,-8,0,0,0
31.889396540000234,1779567087.4619277,4679,38907,7,12582912,-7,0,0,0
31.956348687999707,1779567087.528879,4680,38908,0,12582912,-7,0,0,0
31.956348687999707,1779567087.528879,4680,38909,1,12582912,-10,0,0,0
31.956348687999707,1779567087.528879,4680,38910,2,12582912,-12,0,0,0
31.956348687999707,1779567087.528879,4680,38911,3,12582912,-9,0,0,0
31.956348687999707,1779567087.528879,4680,38912,4,12582912,-6,0,0,0
31.956348687999707,1779567087.528879,4680,38913,5,12582912,-6,0,0,0
31.956348687999707,1779567087.528879,4680,38914,6,12582912,-7,0,0,0
31.956348687999707,1779567087.528879,4680,38915,7,12582912,-8,0,0,0
31.95646577000116,1779567087.528994,4681,38916,0,12582912,-9,0,0,0
31.95646577000116,1779567087.528994,4681,38917,1,12582912,-8,0,0,0
31.95646577000116,1779567087.528994,4681,38918,2,12582912,-5,0,0,0
31.95646577000116,1779567087.528994,4681,38919,3,12582912,-1,0,0,0
31.95646577000116,1779567087.528994,4681,38920,4,12582912,1,0,0,0
31.95646577000116,1779567087.528994,4681,38921,5,12582912,1,0,0,0
31.95646577000116,1779567087.528994,4681,38922,6,12582912,2,0,0,0
31.95646577000116,1779567087.528994,4681,38923,7,12582912,3,0,0,0
31.97914130600111,1779567087.5516713,4682,38924,0,12582912,6,0,0,0
31.97914130600111,1779567087.5516713,4682,38925,1,12582912,6,0,0,0
31.97914130600111,1779567087.5516713,4682,38926,2,12582912,4,0,0,0
31.97914130600111,1779567087.5516713,4682,38927,3,12582912,3,0,0,0
31.97914130600111,1779567087.5516713,4682,38928,4,12582912,5,0,0,0
31.97914130600111,1779567087.5516713,4682,38929,5,12582912,6,0,0,0
31.97914130600111,1779567087.5516713,4682,38930,6,12582912,6,0,0,0
31.97914130600111,1779567087.5516713,4682,38931,7,12582912,4,0,0,0
32.02204559799975,1779567087.5945766,4683,38932,0,12582912,4,0,0,0
32.02204559799975,1779567087.5945766,4683,38933,1,12582912,4,0,0,0
32.02204559799975,1779567087.5945766,4683,38934,2,12582912,4,0,0,0
32.02204559799975,1779567087.5945766,4683,38935,3,12582912,2,0,0,0
32.02204559799975,1779567087.5945766,4683,38936,4,12582912,-1,0,0,0
32.02204559799975,1779567087.5945766,4683,38937,5,12582912,-1,0,0,0
32.02204559799975,1779567087.5945766,4683,38938,6,12582912,1,0,0,0
32.02204559799975,1779567087.5945766,4683,38939,7,12582912,2,0,0,0
32.04380672300067,1779567087.6163366,4684,38940,0,12582912,2,0,0,0
32.04380672300067,1779567087.6163366,4684,38941,1,12582912,4,0,0,0
32.04380672300067,1779567087.6163366,4684,38942,2,12582912,6,0,0,0
32.04380672300067,1779567087.6163366,4684,38943,3,12582912,6,0,0,0
32.04380672300067,1779567087.6163366,4684,38944,4,12582912,5,0,0,0
32.04380672300067,1779567087.6163366,4684,38945,5,12582912,4,0,0,0
32.04380672300067,1779567087.6163366,4684,38946,6,12582912,5,0,0,0
32.04380672300067,1779567087.6163366,4684,38947,7,12582912,6,0,0,0
32.13059414500094,1779567087.7031255,4685,38948,0,12582912,4,0,0,0
32.13059414500094,1779567087.7031255,4685,38949,1,12582912,1,0,0,0
32.13059414500094,1779567087.7031255,4685,38950,2,12582912,-1,0,0,0
32.13059414500094,1779567087.7031255,4685,38951,3,12582912,-1,0,0,0
32.13059414500094,1779567087.7031255,4685,38952,4,12582912,0,0,0,0
32.13059414500094,1779567087.7031255,4685,38953,5,12582912,1,0,0,0
32.13059414500094,1779567087.7031255,4685,38954,6,12582912,1,0,0,0
32.13059414500094,1779567087.7031255,4685,38955,7,12582912,-1,0,0,0
32.130906014001084,1779567087.7034354,4686,38956,0,12582912,-2,0,0,0
32.130906014001084,1779567087.7034354,4686,38957,1,12582912,0,0,0,0
32.130906014001084,1779567087.7034354,4686,38958,2,12582912,1,0,0,0
32.130906014001084,1779567087.7034354,4686,38959,3,12582912,2,0,0,0
32.130906014001084,1779567087.7034354,4686,38960,4,12582912,0,0,0,0
32.130906014001084,1779567087.7034354,4686,38961,5,12582912,-4,0,0,0
32.130906014001084,1779567087.7034354,4686,38962,6,12582912,-6,0,0,0
32.130906014001084,1779567087.7034354,4686,38963,7,12582912,-5,0,0,0
32.167656145000365,1779567087.740187,4687,38964,0,12582912,-3,0,0,0
32.167656145000365,1779567087.740187,4687,38965,1,12582912,-3,0,0,0
32.167656145000365,1779567087.740187,4687,38966,2,12582912,-2,0,0,0
32.167656145000365,1779567087.740187,4687,38967,3,12582912,1,0,0,0
32.167656145000365,1779567087.740187,4687,38968,4,12582912,6,0,0,0
32.167656145000365,1779567087.740187,4687,38969,5,12582912,8,0,0,0
32.167656145000365,1779567087.740187,4687,38970,6,12582912,7,0,0,0
32.167656145000365,1779567087.740187,4687,38971,7,12582912,4,0,0,0
32.189269200000126,1779567087.7618,4688,38972,0,12582912,2,0,0,0
32.189269200000126,1779567087.7618,4688,38973,1,12582912,3,0,0,0
32.189269200000126,1779567087.7618,4688,38974,2,12582912,5,0,0,0
32.189269200000126,1779567087.7618,4688,38975,3,12582912,5,0,0,0
32.189269200000126,1779567087.7618,4688,38976,4,12582912,4,0,0,0
32.189269200000126,1779567087.7618,4688,38977,5,12582912,2,0,0,0
32.189269200000126,1779567087.7618,4688,38978,6,12582912,-1,0,0,0
32.189269200000126,1779567087.7618,4688,38979,7,12582912,-1,0,0,0
32.210905431000356,1779567087.7834365,4689,38980,0,12582912,-2,0,0,0
32.210905431000356,1779567087.7834365,4689,38981,1,12582912,-2,0,0,0
32.210905431000356,1779567087.7834365,4689,38982,2,12582912,-2,0,0,0
32.210905431000356,1779567087.7834365,4689,38983,3,12582912,-2,0,0,0
32.210905431000356,1779567087.7834365,4689,38984,4,12582912,-3,0,0,0
32.210905431000356,1779567087.7834365,4689,38985,5,12582912,-7,0,0,0
32.210905431000356,1779567087.7834365,4689,38986,6,12582912,-10,0,0,0
32.210905431000356,1779567087.7834365,4689,38987,7,12582912,-10,0,0,0
32.233284410000124,1779567087.805815,4690,38988,0,12582912,-8,0,0,0
32.233284410000124,1779567087.805815,4690,38989,1,12582912,-8,0,0,0
32.233284410000124,1779567087.805815,4690,38990,2,12582912,-8,0,0,0
32.233284410000124,1779567087.805815,4690,38991,3,12582912,-9,0,0,0
32.233284410000124,1779567087.805815,4690,38992,4,12582912,-8,0,0,0
32.233284410000124,1779567087.805815,4690,38993,5,12582912,-5,0,0,0
32.233284410000124,1779567087.805815,4690,38994,6,12582912,-3,0,0,0
32.233284410000124,1779567087.805815,4690,38995,7,12582912,-5,0,0,0
32.276034122000056,1779567087.8485646,4691,38996,0,12582912,-7,0,0,0
32.276034122000056,1779567087.8485646,4691,38997,1,12582912,-5,0,0,0
32.276034122000056,1779567087.8485646,4691,38998,2,12582912,-1,0,0,0
32.276034122000056,1779567087.8485646,4691,38999,3,12582912,2,0,0,0
32.276034122000056,1779567087.8485646,4691,39000,4,12582912,2,0,0,0
32.276034122000056,1779567087.8485646,4691,39001,5,12582912,0,0,0,0
32.276034122000056,1779567087.8485646,4691,39002,6,12582912,-7,0,0,0
32.276034122000056,1779567087.8485646,4691,39003,7,12582912,-17,0,0,0
32.312641181999425,1779567087.8851717,4692,39004,0,12582912,-16,0,0,0
32.312641181999425,1779567087.8851717,4692,39005,1,12582912,0,0,0,0
32.312641181999425,1779567087.8851717,4692,39006,2,12582912,13,0,0,0
32.312641181999425,1779567087.8851717,4692,39007,3,12582912,5,0,0,0
32.312641181999425,1779567087.8851717,4692,39008,4,12582912,-13,0,0,0
32.312641181999425,1779567087.8851717,4692,39009,5,12582912,-16,0,0,0
32.312641181999425,1779567087.8851717,4692,39010,6,12582912,0,0,0,0
32.312641181999425,1779567087.8851717,4692,39011,7,12582912,14,0,0,0
32.33432751700093,1779567087.9068584,4693,39012,0,12582912,8,0,0,0
32.33432751700093,1779567087.9068584,4693,39013,1,12582912,-7,0,0,0
32.33432751700093,1779567087.9068584,4693,39014,2,12582912,-12,0,0,0
32.33432751700093,1779567087.9068584,4693,39015,3,12582912,-1,0,0,0
32.33432751700093,1779567087.9068584,4693,39016,4,12582912,8,0,0,0
32.33432751700093,1779567087.9068584,4693,39017,5,12582912,3,0,0,0
32.33432751700093,1779567087.9068584,4693,39018,6,12582912,-7,0,0,0
32.33432751700093,1779567087.9068584,4693,39019,7,12582912,-7,0,0,0
32.36919575399952,1779567087.941727,4694,39020,0,12582912,1,0,0,0
32.36919575399952,1779567087.941727,4694,39021,1,12582912,7,0,0,0
32.36919575399952,1779567087.941727,4694,39022,2,12582912,3,0,0,0
32.36919575399952,1779567087.941727,4694,39023,3,12582912,-4,0,0,0
32.36919575399952,1779567087.941727,4694,39024,4,12582912,-5,0,0,0
32.36919575399952,1779567087.941727,4694,39025,5,12582912,1,0,0,0
32.36919575399952,1779567087.941727,4694,39026,6,12582912,5,0,0,0
32.36919575399952,1779567087.941727,4694,39027,7,12582912,0,0,0,0
32.41199848500037,1779567087.9845297,4695,39028,0,12582912,-8,0,0,0
32.41199848500037,1779567087.9845297,4695,39029,1,12582912,-9,0,0,0
32.41199848500037,1779567087.9845297,4695,39030,2,12582912,-4,0,0,0
32.41199848500037,1779567087.9845297,4695,39031,3,12582912,1,0,0,0
32.41199848500037,1779567087.9845297,4695,39032,4,12582912,0,0,0,0
32.41199848500037,1779567087.9845297,4695,39033,5,12582912,-3,0,0,0
32.41199848500037,1779567087.9845297,4695,39034,6,12582912,-1,0,0,0
32.41199848500037,1779567087.9845297,4695,39035,7,12582912,3,0,0,0
32.43363013400085,1779567088.0061615,4696,39036,0,12582912,7,0,0,0
32.43363013400085,1779567088.0061615,4696,39037,1,12582912,7,0,0,0
32.43363013400085,1779567088.0061615,4696,39038,2,12582912,3,0,0,0
32.43363013400085,1779567088.0061615,4696,39039,3,12582912,-1,0,0,0
32.43363013400085,1779567088.0061615,4696,39040,4,12582912,-1,0,0,0
32.43363013400085,1779567088.0061615,4696,39041,5,12582912,0,0,0,0
32.43363013400085,1779567088.0061615,4696,39042,6,12582912,0,0,0,0
32.43363013400085,1779567088.0061615,4696,39043,7,12582912,-4,0,0,0
32.47429123800066,1779567088.0468237,4697,39044,0,12582912,-8,0,0,0
32.47429123800066,1779567088.0468237,4697,39045,1,12582912,-7,0,0,0
32.47429123800066,1779567088.0468237,4697,39046,2,12582912,-2,0,0,0
32.47429123800066,1779567088.0468237,4697,39047,3,12582912,4,0,0,0
32.47429123800066,1779567088.0468237,4697,39048,4,12582912,7,0,0,0
32.47429123800066,1779567088.0468237,4697,39049,5,12582912,7,0,0,0
32.47429123800066,1779567088.0468237,4697,39050,6,12582912,5,0,0,0
32.47429123800066,1779567088.0468237,4697,39051,7,12582912,1,0,0,0
32.495881897999425,1779567088.0684128,4698,39052,0,12582912,-4,0,0,0
32.495881897999425,1779567088.0684128,4698,39053,1,12582912,-10,0,0,0
32.495881897999425,1779567088.0684128,4698,39054,2,12582912,-12,0,0,0
32.495881897999425,1779567088.0684128,4698,39055,3,12582912,-11,0,0,0
32.495881897999425,1779567088.0684128,4698,39056,4,12582912,-10,0,0,0
32.495881897999425,1779567088.0684128,4698,39057,5,12582912,-9,0,0,0
32.495881897999425,1779567088.0684128,4698,39058,6,12582912,-5,0,0,0
32.495881897999425,1779567088.0684128,4698,39059,7,12582912,-1,0,0,0
32.53244187600103,1779567088.1049728,4699,39060,0,12582912,0,0,0,0
32.53244187600103,1779567088.1049728,4699,39061,1,12582912,0,0,0,0
32.53244187600103,1779567088.1049728,4699,39062,2,12582912,-1,0,0,0
32.53244187600103,1779567088.1049728,4699,39063,3,12582912,-4,0,0,0
32.53244187600103,1779567088.1049728,4699,39064,4,12582912,-5,0,0,0
32.53244187600103,1779567088.1049728,4699,39065,5,12582912,-3,0,0,0
32.53244187600103,1779567088.1049728,4699,39066,6,12582912,-1,0,0,0
32.53244187600103,1779567088.1049728,4699,39067,7,12582912,0,0,0,0
32.581474708000314,1779567088.1540055,4700,39068,0,12582912,-1,0,0,0
32.581474708000314,1779567088.1540055,4700,39069,1,12582912,-5,0,0,0
32.581474708000314,1779567088.1540055,4700,39070,2,12582912,-9,0,0,0
32.581474708000314,1779567088.1540055,4700,39071,3,12582912,-9,0,0,0
32.581474708000314,1779567088.1540055,4700,39072,4,12582912,-6,0,0,0
32.581474708000314,1779567088.1540055,4700,39073,5,12582912,-5,0,0,0
32.581474708000314,1779567088.1540055,4700,39074,6,12582912,-5,0,0,0
32.581474708000314,1779567088.1540055,4700,39075,7,12582912,-4,0,0,0
32.60318385500068,1779567088.175715,4701,39076,0,12582912,-3,0,0,0
32.60318385500068,1779567088.175715,4701,39077,1,12582912,-4,0,0,0
32.60318385500068,1779567088.175715,4701,39078,2,12582912,-7,0,0,0
32.60318385500068,1779567088.175715,4701,39079,3,12582912,-10,0,0,0
32.60318385500068,1779567088.175715,4701,39080,4,12582912,-9,0,0,0
32.60318385500068,1779567088.175715,4701,39081,5,12582912,-6,0,0,0
32.60318385500068,1779567088.175715,4701,39082,6,12582912,-4,0,0,0
32.60318385500068,1779567088.175715,4701,39083,7,12582912,-1,0,0,0
32.6387247370003,1779567088.2112558,4702,39084,0,12582912,1,0,0,0
32.6387247370003,1779567088.2112558,4702,39085,1,12582912,1,0,0,0
32.6387247370003,1779567088.2112558,4702,39086,2,12582912,2,0,0,0
32.6387247370003,1779567088.2112558,4702,39087,3,12582912,3,0,0,0
32.6387247370003,1779567088.2112558,4702,39088,4,12582912,4,0,0,0
32.6387247370003,1779567088.2112558,4702,39089,5,12582912,1,0,0,0
32.6387247370003,1779567088.2112558,4702,39090,6,12582912,-4,0,0,0
32.6387247370003,1779567088.2112558,4702,39091,7,12582912,-7,0,0,0
32.660386228999414,1779567088.2329168,4703,39092,0,12582912,-6,0,0,0
32.660386228999414,1779567088.2329168,4703,39093,1,12582912,-5,0,0,0
32.660386228999414,1779567088.2329168,4703,39094,2,12582912,-4,0,0,0
32.660386228999414,1779567088.2329168,4703,39095,3,12582912,-3,0,0,0
32.660386228999414,1779567088.2329168,4703,39096,4,12582912,-1,0,0,0
32.660386228999414,1779567088.2329168,4703,39097,5,12582912,1,0,0,0
32.660386228999414,1779567088.2329168,4703,39098,6,12582912,1,0,0,0
32.660386228999414,1779567088.2329168,4703,39099,7,12582912,1,0,0,0
32.7031139110004,1779567088.2756448,4704,39100,0,12582912,2,0,0,0
32.7031139110004,1779567088.2756448,4704,39101,1,12582912,2,0,0,0
32.7031139110004,1779567088.2756448,4704,39102,2,12582912,0,0,0,0
32.7031139110004,1779567088.2756448,4704,39103,3,12582912,0,0,0,0
32.7031139110004,1779567088.2756448,4704,39104,4,12582912,-3,0,0,0
32.7031139110004,1779567088.2756448,4704,39105,5,12582912,-9,0,0,0
32.7031139110004,1779567088.2756448,4704,39106,6,12582912,-13,0,0,0
32.7031139110004,1779567088.2756448,4704,39107,7,12582912,-11,0,0,0
32.74137229799999,1779567088.313903,4705,39108,0,12582912,-6,0,0,0
32.74137229799999,1779567088.313903,4705,39109,1,12582912,-4,0,0,0
32.74137229799999,1779567088.313903,4705,39110,2,12582912,-3,0,0,0
32.74137229799999,1779567088.313903,4705,39111,3,12582912,-1,0,0,0
32.74137229799999,1779567088.313903,4705,39112,4,12582912,0,0,0,0
32.74137229799999,1779567088.313903,4705,39113,5,12582912,0,0,0,0
32.74137229799999,1779567088.313903,4705,39114,6,12582912,0,0,0,0
32.74137229799999,1779567088.313903,4705,39115,7,12582912,0,0,0,0
32.76306925800054,1779567088.3356001,4706,39116,0,12582912,0,0,0,0
32.76306925800054,1779567088.3356001,4706,39117,1,12582912,0,0,0,0
32.76306925800054,1779567088.3356001,4706,39118,2,12582912,1,0,0,0
32.76306925800054,1779567088.3356001,4706,39119,3,12582912,0,0,0,0
32.76306925800054,1779567088.3356001,4706,39120,4,12582912,-2,0,0,0
32.76306925800054,1779567088.3356001,4706,39121,5,12582912,-3,0,0,0
32.76306925800054,1779567088.3356001,4706,39122,6,12582912,-1,0,0,0
32.76306925800054,1779567088.3356001,4706,39123,7,12582912,2,0,0,0
32.78470137499971,1779567088.357232,4707,39124,0,12582912,4,0,0,0
32.78470137499971,1779567088.357232,4707,39125,1,12582912,1,0,0,0
32.78470137499971,1779567088.357232,4707,39126,2,12582912,-3,0,0,0
32.78470137499971,1779567088.357232,4707,39127,3,12582912,-6,0,0,0
32.78470137499971,1779567088.357232,4707,39128,4,12582912,-8,0,0,0
32.78470137499971,1779567088.357232,4707,39129,5,12582912,-10,0,0,0
32.78470137499971,1779567088.357232,4707,39130,6,12582912,-9,0,0,0
32.78470137499971,1779567088.357232,4707,39131,7,12582912,-7,0,0,0
32.82743483900049,1779567088.3999655,4708,39132,0,12582912,-3,0,0,0
32.82743483900049,1779567088.3999655,4708,39133,1,12582912,1,0,0,0
32.82743483900049,1779567088.3999655,4708,39134,2,12582912,1,0,0,0
32.82743483900049,1779567088.3999655,4708,39135,3,12582912,-3,0,0,0
32.82743483900049,1779567088.3999655,4708,39136,4,12582912,-6,0,0,0
32.82743483900049,1779567088.3999655,4708,39137,5,12582912,-7,0,0,0
32.82743483900049,1779567088.3999655,4708,39138,6,12582912,-4,0,0,0
32.82743483900049,1779567088.3999655,4708,39139,7,12582912,0,0,0,0
32.84906455999953,1779567088.4215946,4709,39140,0,12582912,2,0,0,0
32.84906455999953,1779567088.4215946,4709,39141,1,12582912,4,0,0,0
32.84906455999953,1779567088.4215946,4709,39142,2,12582912,3,0,0,0
32.84906455999953,1779567088.4215946,4709,39143,3,12582912,1,0,0,0
32.84906455999953,1779567088.4215946,4709,39144,4,12582912,-1,0,0,0
32.84906455999953,1779567088.4215946,4709,39145,5,12582912,-1,0,0,0
32.84906455999953,1779567088.4215946,4709,39146,6,12582912,2,0,0,0
32.84906455999953,1779567088.4215946,4709,39147,7,12582912,7,0,0,0
32.943373362000784,1779567088.5159042,4710,39148,0,12582912,10,0,0,0
32.943373362000784,1779567088.5159042,4710,39149,1,12582912,12,0,0,0
32.943373362000784,1779567088.5159042,4710,39150,2,12582912,12,0,0,0
32.943373362000784,1779567088.5159042,4710,39151,3,12582912,12,0,0,0
32.943373362000784,1779567088.5159042,4710,39152,4,12582912,11,0,0,0
32.943373362000784,1779567088.5159042,4710,39153,5,12582912,12,0,0,0
32.943373362000784,1779567088.5159042,4710,39154,6,12582912,13,0,0,0
32.943373362000784,1779567088.5159042,4710,39155,7,12582912,13,0,0,0
32.94368028400095,1779567088.5162096,4711,39156,0,12582912,14,0,0,0
32.94368028400095,1779567088.5162096,4711,39157,1,12582912,13,0,0,0
32.94368028400095,1779567088.5162096,4711,39158,2,12582912,8,0,0,0
32.94368028400095,1779567088.5162096,4711,39159,3,12582912,3,0,0,0
32.94368028400095,1779567088.5162096,4711,39160,4,12582912,0,0,0,0
32.94368028400095,1779567088.5162096,4711,39161,5,12582912,0,0,0,0
32.94368028400095,1779567088.5162096,4711,39162,6,12582912,3,0,0,0
32.94368028400095,1779567088.5162096,4711,39163,7,12582912,5,0,0,0
32.94396246600081,1779567088.516492,4712,39164,0,12582912,4,0,0,0
32.94396246600081,1779567088.516492,4712,39165,1,12582912,0,0,0,0
32.94396246600081,1779567088.516492,4712,39166,2,12582912,-3,0,0,0
32.94396246600081,1779567088.516492,4712,39167,3,12582912,-3,0,0,0
32.94396246600081,1779567088.516492,4712,39168,4,12582912,-4,0,0,0
32.94396246600081,1779567088.516492,4712,39169,5,12582912,-7,0,0,0
32.94396246600081,1779567088.516492,4712,39170,6,12582912,-10,0,0,0
32.94396246600081,1779567088.516492,4712,39171,7,12582912,-12,0,0,0
33.008360077999896,1779567088.580891,4713,39172,0,12582912,-12,0,0,0
33.008360077999896,1779567088.580891,4713,39173,1,12582912,-11,0,0,0
33.008360077999896,1779567088.580891,4713,39174,2,12582912,-8,0,0,0
33.008360077999896,1779567088.580891,4713,39175,3,12582912,-5,0,0,0
33.008360077999896,1779567088.580891,4713,39176,4,12582912,-3,0,0,0
33.008360077999896,1779567088.580891,4713,39177,5,12582912,1,0,0,0
33.008360077999896,1779567088.580891,4713,39178,6,12582912,4,0,0,0
33.008360077999896,1779567088.580891,4713,39179,7,12582912,2,0,0,0
33.00866533299995,1779567088.5811946,4714,39180,0,12582912,-2,0,0,0
33.00866533299995,1779567088.5811946,4714,39181,1,12582912,-4,0,0,0
33.00866533299995,1779567088.5811946,4714,39182,2,12582912,-4,0,0,0
33.00866533299995,1779567088.5811946,4714,39183,3,12582912,0,0,0,0
33.00866533299995,1779567088.5811946,4714,39184,4,12582912,5,0,0,0
33.00866533299995,1779567088.5811946,4714,39185,5,12582912,9,0,0,0
33.00866533299995,1779567088.5811946,4714,39186,6,12582912,9,0,0,0
33.00866533299995,1779567088.5811946,4714,39187,7,12582912,8,0,0,0
33.05153686700032,1779567088.6240675,4715,39188,0,12582912,7,0,0,0
33.05153686700032,1779567088.6240675,4715,39189,1,12582912,7,0,0,0
33.05153686700032,1779567088.6240675,4715,39190,2,12582912,7,0,0,0
33.05153686700032,1779567088.6240675,4715,39191,3,12582912,6,0,0,0
33.05153686700032,1779567088.6240675,4715,39192,4,12582912,5,0,0,0
33.05153686700032,1779567088.6240675,4715,39193,5,12582912,5,0,0,0
33.05153686700032,1779567088.6240675,4715,39194,6,12582912,5,0,0,0
33.05153686700032,1779567088.6240675,4715,39195,7,12582912,4,0,0,0
33.07318247399962,1779567088.645713,4716,39196,0,12582912,5,0,0,0
33.07318247399962,1779567088.645713,4716,39197,1,12582912,6,0,0,0
33.07318247399962,1779567088.645713,4716,39198,2,12582912,8,0,0,0
33.07318247399962,1779567088.645713,4716,39199,3,12582912,7,0,0,0
33.07318247399962,1779567088.645713,4716,39200,4,12582912,5,0,0,0
33.07318247399962,1779567088.645713,4716,39201,5,12582912,5,0,0,0
33.07318247399962,1779567088.645713,4716,39202,6,12582912,5,0,0,0
33.07318247399962,1779567088.645713,4716,39203,7,12582912,6,0,0,0
33.101134271000774,1779567088.673665,4717,39204,0,12582912,5,0,0,0
33.101134271000774,1779567088.673665,4717,39205,1,12582912,2,0,0,0
33.101134271000774,1779567088.673665,4717,39206,2,12582912,-2,0,0,0
33.101134271000774,1779567088.673665,4717,39207,3,12582912,-3,0,0,0
33.101134271000774,1779567088.673665,4717,39208,4,12582912,-2,0,0,0
33.101134271000774,1779567088.673665,4717,39209,5,12582912,0,0,0,0
33.101134271000774,1779567088.673665,4717,39210,6,12582912,2,0,0,0
33.101134271000774,1779567088.673665,4717,39211,7,12582912,5,0,0,0
33.15140567399976,1779567088.7239366,4718,39212,0,12582912,6,0,0,0
33.15140567399976,1779567088.7239366,4718,39213,1,12582912,6,0,0,0
33.15140567399976,1779567088.7239366,4718,39214,2,12582912,2,0,0,0
33.15140567399976,1779567088.7239366,4718,39215,3,12582912,-1,0,0,0
33.15140567399976,1779567088.7239366,4718,39216,4,12582912,1,0,0,0
33.15140567399976,1779567088.7239366,4718,39217,5,12582912,5,0,0,0
33.15140567399976,1779567088.7239366,4718,39218,6,12582912,7,0,0,0
33.15140567399976,1779567088.7239366,4718,39219,7,12582912,4,0,0,0
33.17306174999976,1779567088.7455928,4719,39220,0,12582912,0,0,0,0
33.17306174999976,1779567088.7455928,4719,39221,1,12582912,-3,0,0,0
33.17306174999976,1779567088.7455928,4719,39222,2,12582912,-3,0,0,0
33.17306174999976,1779567088.7455928,4719,39223,3,12582912,-1,0,0,0
33.17306174999976,1779567088.7455928,4719,39224,4,12582912,3,0,0,0
33.17306174999976,1779567088.7455928,4719,39225,5,12582912,4,0,0,0
33.17306174999976,1779567088.7455928,4719,39226,6,12582912,4,0,0,0
33.17306174999976,1779567088.7455928,4719,39227,7,12582912,3,0,0,0
33.21609968700068,1779567088.7886302,4720,39228,0,12582912,0,0,0,0
33.21609968700068,1779567088.7886302,4720,39229,1,12582912,-3,0,0,0
33.21609968700068,1779567088.7886302,4720,39230,2,12582912,-5,0,0,0
33.21609968700068,1779567088.7886302,4720,39231,3,12582912,-5,0,0,0
33.21609968700068,1779567088.7886302,4720,39232,4,12582912,-2,0,0,0
33.21609968700068,1779567088.7886302,4720,39233,5,12582912,0,0,0,0
33.21609968700068,1779567088.7886302,4720,39234,6,12582912,1,0,0,0
33.21609968700068,1779567088.7886302,4720,39235,7,12582912,0,0,0,0
33.237702481999804,1779567088.8102336,4721,39236,0,12582912,0,0,0,0
33.237702481999804,1779567088.8102336,4721,39237,1,12582912,0,0,0,0
33.237702481999804,1779567088.8102336,4721,39238,2,12582912,-4,0,0,0
33.237702481999804,1779567088.8102336,4721,39239,3,12582912,-10,0,0,0
33.237702481999804,1779567088.8102336,4721,39240,4,12582912,-13,0,0,0
33.237702481999804,1779567088.8102336,4721,39241,5,12582912,-11,0,0,0
33.237702481999804,1779567088.8102336,4721,39242,6,12582912,-7,0,0,0
33.237702481999804,1779567088.8102336,4721,39243,7,12582912,-4,0,0,0
33.28558882300058,1779567088.8581195,4722,39244,0,12582912,-2,0,0,0
33.28558882300058,1779567088.8581195,4722,39245,1,12582912,0,0,0,0
33.28558882300058,1779567088.8581195,4722,39246,2,12582912,0,0,0,0
33.28558882300058,1779567088.8581195,4722,39247,3,12582912,-2,0,0,0
33.28558882300058,1779567088.8581195,4722,39248,4,12582912,-2,0,0,0
33.28558882300058,1779567088.8581195,4722,39249,5,12582912,-1,0,0,0
33.28558882300058,1779567088.8581195,4722,39250,6,12582912,1,0,0,0
33.28558882300058,1779567088.8581195,4722,39251,7,12582912,3,0,0,0
33.30718943099964,1779567088.8797204,4723,39252,0,12582912,4,0,0,0
33.30718943099964,1779567088.8797204,4723,39253,1,12582912,7,0,0,0
33.30718943099964,1779567088.8797204,4723,39254,2,12582912,10,0,0,0
33.30718943099964,1779567088.8797204,4723,39255,3,12582912,10,0,0,0
33.30718943099964,1779567088.8797204,4723,39256,4,12582912,8,0,0,0
33.30718943099964,1779567088.8797204,4723,39257,5,12582912,5,0,0,0
33.30718943099964,1779567088.8797204,4723,39258,6,12582912,3,0,0,0
33.30718943099964,1779567088.8797204,4723,39259,7,12582912,-1,0,0,0
33.328852173000996,1779567088.9013832,4724,39260,0,12582912,-4,0,0,0
33.328852173000996,1779567088.9013832,4724,39261,1,12582912,-6,0,0,0
33.328852173000996,1779567088.9013832,4724,39262,2,12582912,-7,0,0,0
33.328852173000996,1779567088.9013832,4724,39263,3,12582912,-7,0,0,0
33.328852173000996,1779567088.9013832,4724,39264,4,12582912,-7,0,0,0
33.328852173000996,1779567088.9013832,4724,39265,5,12582912,-6,0,0,0
33.328852173000996,1779567088.9013832,4724,39266,6,12582912,-5,0,0,0
33.328852173000996,1779567088.9013832,4724,39267,7,12582912,-3,0,0,0
33.365289028000916,1779567088.93782,4725,39268,0,12582912,-1,0,0,0
33.365289028000916,1779567088.93782,4725,39269,1,12582912,-3,0,0,0
33.365289028000916,1779567088.93782,4725,39270,2,12582912,-7,0,0,0
33.365289028000916,1779567088.93782,4725,39271,3,12582912,-9,0,0,0
33.365289028000916,1779567088.93782,4725,39272,4,12582912,-7,0,0,0
33.365289028000916,1779567088.93782,4725,39273,5,12582912,-4,0,0,0
33.365289028000916,1779567088.93782,4725,39274,6,12582912,-3,0,0,0
33.365289028000916,1779567088.93782,4725,39275,7,12582912,-3,0,0,0
33.400302472000476,1779567088.9728334,4726,39276,0,12582912,-5,0,0,0
33.400302472000476,1779567088.9728334,4726,39277,1,12582912,-8,0,0,0
33.400302472000476,1779567088.9728334,4726,39278,2,12582912,-9,0,0,0
33.400302472000476,1779567088.9728334,4726,39279,3,12582912,-7,0,0,0
33.400302472000476,1779567088.9728334,4726,39280,4,12582912,-6,0,0,0
33.400302472000476,1779567088.9728334,4726,39281,5,12582912,-5,0,0,0
33.400302472000476,1779567088.9728334,4726,39282,6,12582912,-3,0,0,0
33.400302472000476,1779567088.9728334,4726,39283,7,12582912,1,0,0,0
33.42195771400111,1779567088.9944887,4727,39284,0,12582912,2,0,0,0
33.42195771400111,1779567088.9944887,4727,39285,1,12582912,1,0,0,0
33.42195771400111,1779567088.9944887,4727,39286,2,12582912,0,0,0,0
33.42195771400111,1779567088.9944887,4727,39287,3,12582912,1,0,0,0
33.42195771400111,1779567088.9944887,4727,39288,4,12582912,4,0,0,0
33.42195771400111,1779567088.9944887,4727,39289,5,12582912,5,0,0,0
33.42195771400111,1779567088.9944887,4727,39290,6,12582912,4,0,0,0
33.42195771400111,1779567088.9944887,4727,39291,7,12582912,0,0,0,0
33.464769094000076,1779567089.0372996,4728,39292,0,12582912,0,0,0,0
33.464769094000076,1779567089.0372996,4728,39293,1,12582912,2,0,0,0
33.464769094000076,1779567089.0372996,4728,39294,2,12582912,4,0,0,0
33.464769094000076,1779567089.0372996,4728,39295,3,12582912,4,0,0,0
33.464769094000076,1779567089.0372996,4728,39296,4,12582912,4,0,0,0
33.464769094000076,1779567089.0372996,4728,39297,5,12582912,4,0,0,0
33.464769094000076,1779567089.0372996,4728,39298,6,12582912,2,0,0,0
33.464769094000076,1779567089.0372996,4728,39299,7,12582912,0,0,0,0
33.48643006600105,1779567089.0589614,4729,39300,0,12582912,-2,0,0,0
33.48643006600105,1779567089.0589614,4729,39301,1,12582912,-3,0,0,0
33.48643006600105,1779567089.0589614,4729,39302,2,12582912,-3,0,0,0
33.48643006600105,1779567089.0589614,4729,39303,3,12582912,0,0,0,0
33.48643006600105,1779567089.0589614,4729,39304,4,12582912,3,0,0,0
33.48643006600105,1779567089.0589614,4729,39305,5,12582912,6,0,0,0
33.48643006600105,1779567089.0589614,4729,39306,6,12582912,7,0,0,0
33.48643006600105,1779567089.0589614,4729,39307,7,12582912,9,0,0,0
33.52912655200089,1779567089.1016576,4730,39308,0,12582912,9,0,0,0
33.52912655200089,1779567089.1016576,4730,39309,1,12582912,7,0,0,0
33.52912655200089,1779567089.1016576,4730,39310,2,12582912,4,0,0,0
33.52912655200089,1779567089.1016576,4730,39311,3,12582912,2,0,0,0
33.52912655200089,1779567089.1016576,4730,39312,4,12582912,1,0,0,0
33.52912655200089,1779567089.1016576,4730,39313,5,12582912,1,0,0,0
33.52912655200089,1779567089.1016576,4730,39314,6,12582912,2,0,0,0
33.52912655200089,1779567089.1016576,4730,39315,7,12582912,3,0,0,0
33.565566846000365,1779567089.1380978,4731,39316,0,12582912,4,0,0,0
33.565566846000365,1779567089.1380978,4731,39317,1,12582912,4,0,0,0
33.565566846000365,1779567089.1380978,4731,39318,2,12582912,6,0,0,0
33.565566846000365,1779567089.1380978,4731,39319,3,12582912,3,0,0,0
33.565566846000365,1779567089.1380978,4731,39320,4,12582912,-5,0,0,0
33.565566846000365,1779567089.1380978,4731,39321,5,12582912,-11,0,0,0
33.565566846000365,1779567089.1380978,4731,39322,6,12582912,-10,0,0,0
33.565566846000365,1779567089.1380978,4731,39323,7,12582912,-3,0,0,0
33.587275734000286,1779567089.1598067,4732,39324,0,12582912,3,0,0,0
33.587275734000286,1779567089.1598067,4732,39325,1,12582912,6,0,0,0
33.587275734000286,1779567089.1598067,4732,39326,2,12582912,5,0,0,0
33.587275734000286,1779567089.1598067,4732,39327,3,12582912,1,0,0,0
33.587275734000286,1779567089.1598067,4732,39328,4,12582912,-4,0,0,0
33.587275734000286,1779567089.1598067,4732,39329,5,12582912,-10,0,0,0
33.587275734000286,1779567089.1598067,4732,39330,6,12582912,-12,0,0,0
33.587275734000286,1779567089.1598067,4732,39331,7,12582912,-10,0,0,0
33.614261507000265,1779567089.1867929,4733,39332,0,12582912,-6,0,0,0
33.614261507000265,1779567089.1867929,4733,39333,1,12582912,0,0,0,0
33.614261507000265,1779567089.1867929,4733,39334,2,12582912,4,0,0,0
33.614261507000265,1779567089.1867929,4733,39335,3,12582912,5,0,0,0
33.614261507000265,1779567089.1867929,4733,39336,4,12582912,1,0,0,0
33.614261507000265,1779567089.1867929,4733,39337,5,12582912,-2,0,0,0
33.614261507000265,1779567089.1867929,4733,39338,6,12582912,-1,0,0,0
33.614261507000265,1779567089.1867929,4733,39339,7,12582912,1,0,0,0
33.649556041000324,1779567089.2220867,4734,39340,0,12582912,0,0,0,0
33.649556041000324,1779567089.2220867,4734,39341,1,12582912,-2,0,0,0
33.649556041000324,1779567089.2220867,4734,39342,2,12582912,-2,0,0,0
33.649556041000324,1779567089.2220867,4734,39343,3,12582912,0,0,0,0
33.649556041000324,1779567089.2220867,4734,39344,4,12582912,2,0,0,0
33.649556041000324,1779567089.2220867,4734,39345,5,12582912,2,0,0,0
33.649556041000324,1779567089.2220867,4734,39346,6,12582912,-2,0,0,0
33.649556041000324,1779567089.2220867,4734,39347,7,12582912,-5,0,0,0
33.696570419000636,1779567089.2691016,4735,39348,0,12582912,-4,0,0,0
33.696570419000636,1779567089.2691016,4735,39349,1,12582912,-5,0,0,0
33.696570419000636,1779567089.2691016,4735,39350,2,12582912,-8,0,0,0
33.696570419000636,1779567089.2691016,4735,39351,3,12582912,-9,0,0,0
33.696570419000636,1779567089.2691016,4735,39352,4,12582912,-5,0,0,0
33.696570419000636,1779567089.2691016,4735,39353,5,12582912,-1,0,0,0
33.696570419000636,1779567089.2691016,4735,39354,6,12582912,-1,0,0,0
33.696570419000636,1779567089.2691016,4735,39355,7,12582912,-6,0,0,0
33.71818311000061,1779567089.2907138,4736,39356,0,12582912,-10,0,0,0
33.71818311000061,1779567089.2907138,4736,39357,1,12582912,-12,0,0,0
33.71818311000061,1779567089.2907138,4736,39358,2,12582912,-11,0,0,0
33.71818311000061,1779567089.2907138,4736,39359,3,12582912,-10,0,0,0
33.71818311000061,1779567089.2907138,4736,39360,4,12582912,-8,0,0,0
33.71818311000061,1779567089.2907138,4736,39361,5,12582912,-7,0,0,0
33.71818311000061,1779567089.2907138,4736,39362,6,12582912,-4,0,0,0
33.71818311000061,1779567089.2907138,4736,39363,7,12582912,-2,0,0,0
33.73981210400052,1779567089.3123434,4737,39364,0,12582912,0,0,0,0
33.73981210400052,1779567089.3123434,4737,39365,1,12582912,2,0,0,0
33.73981210400052,1779567089.3123434,4737,39366,2,12582912,2,0,0,0
33.73981210400052,1779567089.3123434,4737,39367,3,12582912,-3,0,0,0
33.73981210400052,1779567089.3123434,4737,39368,4,12582912,-9,0,0,0
33.73981210400052,1779567089.3123434,4737,39369,5,12582912,-8,0,0,0
33.73981210400052,1779567089.3123434,4737,39370,6,12582912,-3,0,0,0
33.73981210400052,1779567089.3123434,4737,39371,7,12582912,3,0,0,0
33.77624307500082,1779567089.348774,4738,39372,0,12582912,5,0,0,0
33.77624307500082,1779567089.348774,4738,39373,1,12582912,1,0,0,0
33.77624307500082,1779567089.348774,4738,39374,2,12582912,-6,0,0,0
33.77624307500082,1779567089.348774,4738,39375,3,12582912,-9,0,0,0
33.77624307500082,1779567089.348774,4738,39376,4,12582912,-10,0,0,0
33.77624307500082,1779567089.348774,4738,39377,5,12582912,-7,0,0,0
33.77624307500082,1779567089.348774,4738,39378,6,12582912,-6,0,0,0
33.77624307500082,1779567089.348774,4738,39379,7,12582912,-6,0,0,0
33.818928572000004,1779567089.3914592,4739,39380,0,12582912,-9,0,0,0
33.818928572000004,1779567089.3914592,4739,39381,1,12582912,-10,0,0,0
33.818928572000004,1779567089.3914592,4739,39382,2,12582912,-8,0,0,0
33.818928572000004,1779567089.3914592,4739,39383,3,12582912,-5,0,0,0
33.818928572000004,1779567089.3914592,4739,39384,4,12582912,-3,0,0,0
33.818928572000004,1779567089.3914592,4739,39385,5,12582912,-4,0,0,0
33.818928572000004,1779567089.3914592,4739,39386,6,12582912,-7,0,0,0
33.818928572000004,1779567089.3914592,4739,39387,7,12582912,-6,0,0,0
33.8406108449999,1779567089.4131422,4740,39388,0,12582912,0,0,0,0
33.8406108449999,1779567089.4131422,4740,39389,1,12582912,3,0,0,0
33.8406108449999,1779567089.4131422,4740,39390,2,12582912,1,0,0,0
33.8406108449999,1779567089.4131422,4740,39391,3,12582912,-2,0,0,0
33.8406108449999,1779567089.4131422,4740,39392,4,12582912,-3,0,0,0
33.8406108449999,1779567089.4131422,4740,39393,5,12582912,-2,0,0,0
33.8406108449999,1779567089.4131422,4740,39394,6,12582912,-1,0,0,0
33.8406108449999,1779567089.4131422,4740,39395,7,12582912,-4,0,0,0
33.883629357000245,1779567089.45616,4741,39396,0,12582912,-6,0,0,0
33.883629357000245,1779567089.45616,4741,39397,1,12582912,-4,0,0,0
33.883629357000245,1779567089.45616,4741,39398,2,12582912,1,0,0,0
33.883629357000245,1779567089.45616,4741,39399,3,12582912,3,0,0,0
33.883629357000245,1779567089.45616,4741,39400,4,12582912,2,0,0,0
33.883629357000245,1779567089.45616,4741,39401,5,12582912,-1,0,0,0
33.883629357000245,1779567089.45616,4741,39402,6,12582912,-2,0,0,0
33.883629357000245,1779567089.45616,4741,39403,7,12582912,-3,0,0,0
33.918585614999756,1779567089.491117,4742,39404,0,12582912,-7,0,0,0
33.918585614999756,1779567089.491117,4742,39405,1,12582912,-9,0,0,0
33.918585614999756,1779567089.491117,4742,39406,2,12582912,-8,0,0,0
33.918585614999756,1779567089.491117,4742,39407,3,12582912,-5,0,0,0
33.918585614999756,1779567089.491117,4742,39408,4,12582912,-5,0,0,0
33.918585614999756,1779567089.491117,4742,39409,5,12582912,-6,0,0,0
33.918585614999756,1779567089.491117,4742,39410,6,12582912,-6,0,0,0
33.918585614999756,1779567089.491117,4742,39411,7,12582912,-5,0,0,0
33.940256222000244,1779567089.5127873,4743,39412,0,12582912,-3,0,0,0
33.940256222000244,1779567089.5127873,4743,39413,1,12582912,-1,0,0,0
33.940256222000244,1779567089.5127873,4743,39414,2,12582912,-1,0,0,0
33.940256222000244,1779567089.5127873,4743,39415,3,12582912,-2,0,0,0
33.940256222000244,1779567089.5127873,4743,39416,4,12582912,-3,0,0,0
33.940256222000244,1779567089.5127873,4743,39417,5,12582912,-2,0,0,0
33.940256222000244,1779567089.5127873,4743,39418,6,12582912,0,0,0,0
33.940256222000244,1779567089.5127873,4743,39419,7,12582912,3,0,0,0
33.97685521200037,1779567089.549386,4744,39420,0,12582912,4,0,0,0
33.97685521200037,1779567089.549386,4744,39421,1,12582912,3,0,0,0
33.97685521200037,1779567089.549386,4744,39422,2,12582912,1,0,0,0
33.97685521200037,1779567089.549386,4744,39423,3,12582912,-2,0,0,0
33.97685521200037,1779567089.549386,4744,39424,4,12582912,-4,0,0,0
33.97685521200037,1779567089.549386,4744,39425,5,12582912,-3,0,0,0
33.97685521200037,1779567089.549386,4744,39426,6,12582912,-1,0,0,0
33.97685521200037,1779567089.549386,4744,39427,7,12582912,2,0,0,0
34.07646121400103,1779567089.6489923,4745,39428,0,12582912,2,0,0,0
34.07646121400103,1779567089.6489923,4745,39429,1,12582912,-1,0,0,0
34.07646121400103,1779567089.6489923,4745,39430,2,12582912,-4,0,0,0
34.07646121400103,1779567089.6489923,4745,39431,3,12582912,-4,0,0,0
34.07646121400103,1779567089.6489923,4745,39432,4,12582912,-2,0,0,0
34.07646121400103,1779567089.6489923,4745,39433,5,12582912,1,0,0,0
34.07646121400103,1779567089.6489923,4745,39434,6,12582912,2,0,0,0
34.07646121400103,1779567089.6489923,4745,39435,7,12582912,1,0,0,0
34.07676787499986,1779567089.6492975,4746,39436,0,12582912,0,0,0,0
34.07676787499986,1779567089.6492975,4746,39437,1,12582912,2,0,0,0
34.07676787499986,1779567089.6492975,4746,39438,2,12582912,4,0,0,0
34.07676787499986,1779567089.6492975,4746,39439,3,12582912,3,0,0,0
34.07676787499986,1779567089.6492975,4746,39440,4,12582912,1,0,0,0
34.07676787499986,1779567089.6492975,4746,39441,5,12582912,0,0,0,0
34.07676787499986,1779567089.6492975,4746,39442,6,12582912,0,0,0,0
34.07676787499986,1779567089.6492975,4746,39443,7,12582912,1,0,0,0
34.07704828700116,1779567089.6495776,4747,39444,0,12582912,2,0,0,0
34.07704828700116,1779567089.6495776,4747,39445,1,12582912,2,0,0,0
34.07704828700116,1779567089.6495776,4747,39446,2,12582912,0,0,0,0
34.07704828700116,1779567089.6495776,4747,39447,3,12582912,-1,0,0,0
34.07704828700116,1779567089.6495776,4747,39448,4,12582912,0,0,0,0
34.07704828700116,1779567089.6495776,4747,39449,5,12582912,0,0,0,0
34.07704828700116,1779567089.6495776,4747,39450,6,12582912,0,0,0,0
34.07704828700116,1779567089.6495776,4747,39451,7,12582912,1,0,0,0
34.098785455000325,1779567089.6713161,4748,39452,0,12582912,5,0,0,0
34.098785455000325,1779567089.6713161,4748,39453,1,12582912,9,0,0,0
34.098785455000325,1779567089.6713161,4748,39454,2,12582912,12,0,0,0
34.098785455000325,1779567089.6713161,4748,39455,3,12582912,13,0,0,0
34.098785455000325,1779567089.6713161,4748,39456,4,12582912,11,0,0,0
34.098785455000325,1779567089.6713161,4748,39457,5,12582912,8,0,0,0
34.098785455000325,1779567089.6713161,4748,39458,6,12582912,5,0,0,0
34.098785455000325,1779567089.6713161,4748,39459,7,12582912,5,0,0,0
34.12607112000114,1779567089.6986017,4749,39460,0,12582912,5,0,0,0
34.12607112000114,1779567089.6986017,4749,39461,1,12582912,4,0,0,0
34.12607112000114,1779567089.6986017,4749,39462,2,12582912,3,0,0,0
34.12607112000114,1779567089.6986017,4749,39463,3,12582912,3,0,0,0
34.12607112000114,1779567089.6986017,4749,39464,4,12582912,4,0,0,0
34.12607112000114,1779567089.6986017,4749,39465,5,12582912,4,0,0,0
34.12607112000114,1779567089.6986017,4749,39466,6,12582912,1,0,0,0
34.12607112000114,1779567089.6986017,4749,39467,7,12582912,-1,0,0,0
34.16074675799973,1779567089.7332766,4750,39468,0,12582912,-1,0,0,0
34.16074675799973,1779567089.7332766,4750,39469,1,12582912,2,0,0,0
34.16074675799973,1779567089.7332766,4750,39470,2,12582912,3,0,0,0
34.16074675799973,1779567089.7332766,4750,39471,3,12582912,2,0,0,0
34.16074675799973,1779567089.7332766,4750,39472,4,12582912,2,0,0,0
34.16074675799973,1779567089.7332766,4750,39473,5,12582912,0,0,0,0
34.16074675799973,1779567089.7332766,4750,39474,6,12582912,-3,0,0,0
34.16074675799973,1779567089.7332766,4750,39475,7,12582912,-6,0,0,0
34.19139017499947,1779567089.7639205,4751,39476,0,12582912,-6,0,0,0
34.19139017499947,1779567089.7639205,4751,39477,1,12582912,-3,0,0,0
34.19139017499947,1779567089.7639205,4751,39478,2,12582912,1,0,0,0
34.19139017499947,1779567089.7639205,4751,39479,3,12582912,2,0,0,0
34.19139017499947,1779567089.7639205,4751,39480,4,12582912,4,0,0,0
34.19139017499947,1779567089.7639205,4751,39481,5,12582912,7,0,0,0
34.19139017499947,1779567089.7639205,4751,39482,6,12582912,7,0,0,0
34.19139017499947,1779567089.7639205,4751,39483,7,12582912,9,0,0,0
34.23408650500096,1779567089.8066173,4752,39484,0,12582912,13,0,0,0
34.23408650500096,1779567089.8066173,4752,39485,1,12582912,15,0,0,0
34.23408650500096,1779567089.8066173,4752,39486,2,12582912,15,0,0,0
34.23408650500096,1779567089.8066173,4752,39487,3,12582912,16,0,0,0
34.23408650500096,1779567089.8066173,4752,39488,4,12582912,16,0,0,0
34.23408650500096,1779567089.8066173,4752,39489,5,12582912,10,0,0,0
34.23408650500096,1779567089.8066173,4752,39490,6,12582912,5,0,0,0
34.23408650500096,1779567089.8066173,4752,39491,7,12582912,5,0,0,0
34.27696465400004,1779567089.8494961,4753,39492,0,12582912,7,0,0,0
34.27696465400004,1779567089.8494961,4753,39493,1,12582912,7,0,0,0
34.27696465400004,1779567089.8494961,4753,39494,2,12582912,5,0,0,0
34.27696465400004,1779567089.8494961,4753,39495,3,12582912,1,0,0,0
34.27696465400004,1779567089.8494961,4753,39496,4,12582912,-3,0,0,0
34.27696465400004,1779567089.8494961,4753,39497,5,12582912,-4,0,0,0
34.27696465400004,1779567089.8494961,4753,39498,6,12582912,-1,0,0,0
34.27696465400004,1779567089.8494961,4753,39499,7,12582912,4,0,0,0
34.29867890599962,1779567089.8712096,4754,39500,0,12582912,6,0,0,0
34.29867890599962,1779567089.8712096,4754,39501,1,12582912,-4,0,0,0
34.29867890599962,1779567089.8712096,4754,39502,2,12582912,-27,0,0,0
34.29867890599962,1779567089.8712096,4754,39503,3,12582912,-36,0,0,0
34.29867890599962,1779567089.8712096,4754,39504,4,12582912,-5,0,0,0
34.29867890599962,1779567089.8712096,4754,39505,5,12582912,35,0,0,0
34.29867890599962,1779567089.8712096,4754,39506,6,12582912,39,0,0,0
34.29867890599962,1779567089.8712096,4754,39507,7,12582912,6,0,0,0
34.34135940300075,1779567089.9138908,4755,39508,0,12582912,-19,0,0,0
34.34135940300075,1779567089.9138908,4755,39509,1,12582912,-6,0,0,0
34.34135940300075,1779567089.9138908,4755,39510,2,12582912,25,0,0,0
34.34135940300075,1779567089.9138908,4755,39511,3,12582912,29,0,0,0
34.34135940300075,1779567089.9138908,4755,39512,4,12582912,0,0,0,0
34.34135940300075,1779567089.9138908,4755,39513,5,12582912,-21,0,0,0
34.34135940300075,1779567089.9138908,4755,39514,6,12582912,-8,0,0,0
34.34135940300075,1779567089.9138908,4755,39515,7,12582912,19,0,0,0
34.36282902399944,1779567089.935359,4756,39516,0,12582912,25,0,0,0
34.36282902399944,1779567089.935359,4756,39517,1,12582912,7,0,0,0
34.36282902399944,1779567089.935359,4756,39518,2,12582912,-9,0,0,0
34.36282902399944,1779567089.935359,4756,39519,3,12582912,-4,0,0,0
34.36282902399944,1779567089.935359,4756,39520,4,12582912,8,0,0,0
34.36282902399944,1779567089.935359,4756,39521,5,12582912,5,0,0,0
34.36282902399944,1779567089.935359,4756,39522,6,12582912,-10,0,0,0
34.36282902399944,1779567089.935359,4756,39523,7,12582912,-20,0,0,0
34.39226371299992,1779567089.964794,4757,39524,0,12582912,-11,0,0,0
34.39226371299992,1779567089.964794,4757,39525,1,12582912,3,0,0,0
34.39226371299992,1779567089.964794,4757,39526,2,12582912,6,0,0,0
34.39226371299992,1779567089.964794,4757,39527,3,12582912,-9,0,0,0
34.39226371299992,1779567089.964794,4757,39528,4,12582912,-23,0,0,0
34.39226371299992,1779567089.964794,4757,39529,5,12582912,-21,0,0,0
34.39226371299992,1779567089.964794,4757,39530,6,12582912,-9,0,0,0
34.39226371299992,1779567089.964794,4757,39531,7,12582912,-3,0,0,0
34.419613125999604,1779567089.9921439,4758,39532,0,12582912,-8,0,0,0
34.419613125999604,1779567089.9921439,4758,39533,1,12582912,-13,0,0,0
34.419613125999604,1779567089.9921439,4758,39534,2,12582912,-10,0,0,0
34.419613125999604,1779567089.9921439,4758,39535,3,12582912,-3,0,0,0
34.419613125999604,1779567089.9921439,4758,39536,4,12582912,-3,0,0,0
34.419613125999604,1779567089.9921439,4758,39537,5,12582912,-9,0,0,0
34.419613125999604,1779567089.9921439,4758,39538,6,12582912,-10,0,0,0
34.419613125999604,1779567089.9921439,4758,39539,7,12582912,-3,0,0,0
34.47521584400056,1779567090.047747,4759,39540,0,12582912,0,0,0,0
34.47521584400056,1779567090.047747,4759,39541,1,12582912,-3,0,0,0
34.47521584400056,1779567090.047747,4759,39542,2,12582912,-9,0,0,0
34.47521584400056,1779567090.047747,4759,39543,3,12582912,-10,0,0,0
34.47521584400056,1779567090.047747,4759,39544,4,12582912,-5,0,0,0
34.47521584400056,1779567090.047747,4759,39545,5,12582912,2,0,0,0
34.47521584400056,1779567090.047747,4759,39546,6,12582912,4,0,0,0
34.47521584400056,1779567090.047747,4759,39547,7,12582912,1,0,0,0
34.497202852000555,1779567090.069735,4760,39548,0,12582912,0,0,0,0
34.497202852000555,1779567090.069735,4760,39549,1,12582912,2,0,0,0
34.497202852000555,1779567090.069735,4760,39550,2,12582912,6,0,0,0
34.497202852000555,1779567090.069735,4760,39551,3,12582912,6,0,0,0
34.497202852000555,1779567090.069735,4760,39552,4,12582912,2,0,0,0
34.497202852000555,1779567090.069735,4760,39553,5,12582912,0,0,0,0
34.497202852000555,1779567090.069735,4760,39554,6,12582912,0,0,0,0
34.497202852000555,1779567090.069735,4760,39555,7,12582912,2,0,0,0
34.51912116399944,1779567090.0916522,4761,39556,0,12582912,2,0,0,0
34.51912116399944,1779567090.0916522,4761,39557,1,12582912,1,0,0,0
34.51912116399944,1779567090.0916522,4761,39558,2,12582912,0,0,0,0
34.51912116399944,1779567090.0916522,4761,39559,3,12582912,1,0,0,0
34.51912116399944,1779567090.0916522,4761,39560,4,12582912,5,0,0,0
34.51912116399944,1779567090.0916522,4761,39561,5,12582912,5,0,0,0
34.51912116399944,1779567090.0916522,4761,39562,6,12582912,2,0,0,0
34.51912116399944,1779567090.0916522,4761,39563,7,12582912,-2,0,0,0
34.561742130999846,1779567090.134273,4762,39564,0,12582912,-4,0,0,0
34.561742130999846,1779567090.134273,4762,39565,1,12582912,-2,0,0,0
34.561742130999846,1779567090.134273,4762,39566,2,12582912,0,0,0,0
34.561742130999846,1779567090.134273,4762,39567,3,12582912,-2,0,0,0
34.561742130999846,1779567090.134273,4762,39568,4,12582912,-7,0,0,0
34.561742130999846,1779567090.134273,4762,39569,5,12582912,-7,0,0,0
34.561742130999846,1779567090.134273,4762,39570,6,12582912,-4,0,0,0
34.561742130999846,1779567090.134273,4762,39571,7,12582912,-1,0,0,0
34.58347091500036,1779567090.1560018,4763,39572,0,12582912,1,0,0,0
34.58347091500036,1779567090.1560018,4763,39573,1,12582912,0,0,0,0
34.58347091500036,1779567090.1560018,4763,39574,2,12582912,0,0,0,0
34.58347091500036,1779567090.1560018,4763,39575,3,12582912,3,0,0,0
34.58347091500036,1779567090.1560018,4763,39576,4,12582912,7,0,0,0
34.58347091500036,1779567090.1560018,4763,39577,5,12582912,8,0,0,0
34.58347091500036,1779567090.1560018,4763,39578,6,12582912,6,0,0,0
34.58347091500036,1779567090.1560018,4763,39579,7,12582912,2,0,0,0
34.62008349899952,1779567090.1926143,4764,39580,0,12582912,-2,0,0,0
34.62008349899952,1779567090.1926143,4764,39581,1,12582912,-5,0,0,0
34.62008349899952,1779567090.1926143,4764,39582,2,12582912,-4,0,0,0
34.62008349899952,1779567090.1926143,4764,39583,3,12582912,0,0,0,0
34.62008349899952,1779567090.1926143,4764,39584,4,12582912,4,0,0,0
34.62008349899952,1779567090.1926143,4764,39585,5,12582912,7,0,0,0
34.62008349899952,1779567090.1926143,4764,39586,6,12582912,8,0,0,0
34.62008349899952,1779567090.1926143,4764,39587,7,12582912,8,0,0,0
34.64753910900072,1779567090.2200701,4765,39588,0,12582912,8,0,0,0
34.64753910900072,1779567090.2200701,4765,39589,1,12582912,8,0,0,0
34.64753910900072,1779567090.2200701,4765,39590,2,12582912,11,0,0,0
34.64753910900072,1779567090.2200701,4765,39591,3,12582912,14,0,0,0
34.64753910900072,1779567090.2200701,4765,39592,4,12582912,16,0,0,0
34.64753910900072,1779567090.2200701,4765,39593,5,12582912,16,0,0,0
34.64753910900072,1779567090.2200701,4765,39594,6,12582912,15,0,0,0
34.64753910900072,1779567090.2200701,4765,39595,7,12582912,14,0,0,0
34.6825593249996,1779567090.2550902,4766,39596,0,12582912,15,0,0,0
34.6825593249996,1779567090.2550902,4766,39597,1,12582912,17,0,0,0
34.6825593249996,1779567090.2550902,4766,39598,2,12582912,16,0,0,0
34.6825593249996,1779567090.2550902,4766,39599,3,12582912,12,0,0,0
34.6825593249996,1779567090.2550902,4766,39600,4,12582912,7,0,0,0
34.6825593249996,1779567090.2550902,4766,39601,5,12582912,5,0,0,0
34.6825593249996,1779567090.2550902,4766,39602,6,12582912,3,0,0,0
34.6825593249996,1779567090.2550902,4766,39603,7,12582912,3,0,0,0
34.72530877999998,1779567090.2978396,4767,39604,0,12582912,3,0,0,0
34.72530877999998,1779567090.2978396,4767,39605,1,12582912,4,0,0,0
34.72530877999998,1779567090.2978396,4767,39606,2,12582912,4,0,0,0
34.72530877999998,1779567090.2978396,4767,39607,3,12582912,3,0,0,0
34.72530877999998,1779567090.2978396,4767,39608,4,12582912,2,0,0,0
34.72530877999998,1779567090.2978396,4767,39609,5,12582912,2,0,0,0
34.72530877999998,1779567090.2978396,4767,39610,6,12582912,1,0,0,0
34.72530877999998,1779567090.2978396,4767,39611,7,12582912,1,0,0,0
34.74693996099995,1779567090.319471,4768,39612,0,12582912,3,0,0,0
34.74693996099995,1779567090.319471,4768,39613,1,12582912,4,0,0,0
34.74693996099995,1779567090.319471,4768,39614,2,12582912,5,0,0,0
34.74693996099995,1779567090.319471,4768,39615,3,12582912,4,0,0,0
34.74693996099995,1779567090.319471,4768,39616,4,12582912,5,0,0,0
34.74693996099995,1779567090.319471,4768,39617,5,12582912,7,0,0,0
34.74693996099995,1779567090.319471,4768,39618,6,12582912,11,0,0,0
34.74693996099995,1779567090.319471,4768,39619,7,12582912,14,0,0,0
34.79005529499955,1779567090.3625863,4769,39620,0,12582912,15,0,0,0
34.79005529499955,1779567090.3625863,4769,39621,1,12582912,15,0,0,0
34.79005529499955,1779567090.3625863,4769,39622,2,12582912,14,0,0,0
34.79005529499955,1779567090.3625863,4769,39623,3,12582912,10,0,0,0
34.79005529499955,1779567090.3625863,4769,39624,4,12582912,8,0,0,0
34.79005529499955,1779567090.3625863,4769,39625,5,12582912,8,0,0,0
34.79005529499955,1779567090.3625863,4769,39626,6,12582912,8,0,0,0
34.79005529499955,1779567090.3625863,4769,39627,7,12582912,7,0,0,0
34.82765218500026,1779567090.400183,4770,39628,0,12582912,5,0,0,0
34.82765218500026,1779567090.400183,4770,39629,1,12582912,4,0,0,0
34.82765218500026,1779567090.400183,4770,39630,2,12582912,3,0,0,0
34.82765218500026,1779567090.400183,4770,39631,3,12582912,0,0,0,0
34.82765218500026,1779567090.400183,4770,39632,4,12582912,-3,0,0,0
34.82765218500026,1779567090.400183,4770,39633,5,12582912,-5,0,0,0
34.82765218500026,1779567090.400183,4770,39634,6,12582912,-8,0,0,0
34.82765218500026,1779567090.400183,4770,39635,7,12582912,-7,0,0,0
34.89083721700081,1779567090.4633677,4771,39636,0,12582912,-3,0,0,0
34.89083721700081,1779567090.4633677,4771,39637,1,12582912,-3,0,0,0
34.89083721700081,1779567090.4633677,4771,39638,2,12582912,-7,0,0,0
34.89083721700081,1779567090.4633677,4771,39639,3,12582912,-12,0,0,0
34.89083721700081,1779567090.4633677,4771,39640,4,12582912,-12,0,0,0
34.89083721700081,1779567090.4633677,4771,39641,5,12582912,-9,0,0,0
34.89083721700081,1779567090.4633677,4771,39642,6,12582912,-7,0,0,0
34.89083721700081,1779567090.4633677,4771,39643,7,12582912,-5,0,0,0
34.89097768400097,1779567090.4635062,4772,39644,0,12582912,-5,0,0,0
34.89097768400097,1779567090.4635062,4772,39645,1,12582912,-4,0,0,0
34.89097768400097,1779567090.4635062,4772,39646,2,12582912,0,0,0,0
34.89097768400097,1779567090.4635062,4772,39647,3,12582912,5,0,0,0
34.89097768400097,1779567090.4635062,4772,39648,4,12582912,7,0,0,0
34.89097768400097,1779567090.4635062,4772,39649,5,12582912,5,0,0,0
34.89097768400097,1779567090.4635062,4772,39650,6,12582912,3,0,0,0
34.89097768400097,1779567090.4635062,4772,39651,7,12582912,5,0,0,0
34.91245319100017,1779567090.4849844,4773,39652,0,12582912,7,0,0,0
34.91245319100017,1779567090.4849844,4773,39653,1,12582912,8,0,0,0
34.91245319100017,1779567090.4849844,4773,39654,2,12582912,6,0,0,0
34.91245319100017,1779567090.4849844,4773,39655,3,12582912,6,0,0,0
34.91245319100017,1779567090.4849844,4773,39656,4,12582912,7,0,0,0
34.91245319100017,1779567090.4849844,4773,39657,5,12582912,5,0,0,0
34.91245319100017,1779567090.4849844,4773,39658,6,12582912,4,0,0,0
34.91245319100017,1779567090.4849844,4773,39659,7,12582912,3,0,0,0
35.10725345600076,1779567090.6797836,4774,39660,0,12582912,3,0,0,0
35.10725345600076,1779567090.6797836,4774,39661,1,12582912,3,0,0,0
35.10725345600076,1779567090.6797836,4774,39662,2,12582912,3,0,0,0
35.10725345600076,1779567090.6797836,4774,39663,3,12582912,4,0,0,0
35.10725345600076,1779567090.6797836,4774,39664,4,12582912,5,0,0,0
35.10725345600076,1779567090.6797836,4774,39665,5,12582912,6,0,0,0
35.10725345600076,1779567090.6797836,4774,39666,6,12582912,5,0,0,0
35.10725345600076,1779567090.6797836,4774,39667,7,12582912,6,0,0,0
35.153755084000295,1779567090.7262852,4775,39668,0,12582912,3,0,0,0
35.153755084000295,1779567090.7262852,4775,39669,1,12582912,-4,0,0,0
35.153755084000295,1779567090.7262852,4775,39670,2,12582912,-8,0,0,0
35.153755084000295,1779567090.7262852,4775,39671,3,12582912,-7,0,0,0
35.153755084000295,1779567090.7262852,4775,39672,4,12582912,-6,0,0,0
35.153755084000295,1779567090.7262852,4775,39673,5,12582912,-11,0,0,0
35.153755084000295,1779567090.7262852,4775,39674,6,12582912,-16,0,0,0
35.153755084000295,1779567090.7262852,4775,39675,7,12582912,-17,0,0,0
35.175462930999856,1779567090.7479942,4776,39676,0,12582912,-13,0,0,0
35.175462930999856,1779567090.7479942,4776,39677,1,12582912,-9,0,0,0
35.175462930999856,1779567090.7479942,4776,39678,2,12582912,-8,0,0,0
35.175462930999856,1779567090.7479942,4776,39679,3,12582912,-8,0,0,0
35.175462930999856,1779567090.7479942,4776,39680,4,12582912,-5,0,0,0
35.175462930999856,1779567090.7479942,4776,39681,5,12582912,0,0,0,0
35.175462930999856,1779567090.7479942,4776,39682,6,12582912,4,0,0,0
35.175462930999856,1779567090.7479942,4776,39683,7,12582912,4,0,0,0
35.21826452000096,1779567090.7907956,4777,39684,0,12582912,2,0,0,0
35.21826452000096,1779567090.7907956,4777,39685,1,12582912,-1,0,0,0
35.21826452000096,1779567090.7907956,4777,39686,2,12582912,-1,0,0,0
35.21826452000096,1779567090.7907956,4777,39687,3,12582912,1,0,0,0
35.21826452000096,1779567090.7907956,4777,39688,4,12582912,2,0,0,0
35.21826452000096,1779567090.7907956,4777,39689,5,12582912,3,0,0,0
35.21826452000096,1779567090.7907956,4777,39690,6,12582912,4,0,0,0
35.21826452000096,1779567090.7907956,4777,39691,7,12582912,3,0,0,0
35.239858723,1779567090.812389,4778,39692,0,12582912,3,0,0,0
35.239858723,1779567090.812389,4778,39693,1,12582912,3,0,0,0
35.239858723,1779567090.812389,4778,39694,2,12582912,3,0,0,0
35.239858723,1779567090.812389,4778,39695,3,12582912,3,0,0,0
35.239858723,1779567090.812389,4778,39696,4,12582912,2,0,0,0
35.239858723,1779567090.812389,4778,39697,5,12582912,-3,0,0,0
35.239858723,1779567090.812389,4778,39698,6,12582912,-9,0,0,0
35.239858723,1779567090.812389,4778,39699,7,12582912,-11,0,0,0
35.28510646699942,1779567090.8576367,4779,39700,0,12582912,-10,0,0,0
35.28510646699942,1779567090.8576367,4779,39701,1,12582912,-5,0,0,0
35.28510646699942,1779567090.8576367,4779,39702,2,12582912,1,0,0,0
35.28510646699942,1779567090.8576367,4779,39703,3,12582912,3,0,0,0
35.28510646699942,1779567090.8576367,4779,39704,4,12582912,1,0,0,0
35.28510646699942,1779567090.8576367,4779,39705,5,12582912,1,0,0,0
35.28510646699942,1779567090.8576367,4779,39706,6,12582912,1,0,0,0
35.28510646699942,1779567090.8576367,4779,39707,7,12582912,3,0,0,0
35.32243758000004,1779567090.8949685,4780,39708,0,12582912,2,0,0,0
35.32243758000004,1779567090.8949685,4780,39709,1,12582912,-2,0,0,0
35.32243758000004,1779567090.8949685,4780,39710,2,12582912,-6,0,0,0
35.32243758000004,1779567090.8949685,4780,39711,3,12582912,-5,0,0,0
35.32243758000004,1779567090.8949685,4780,39712,4,12582912,-2,0,0,0
35.32243758000004,1779567090.8949685,4780,39713,5,12582912,0,0,0,0
35.32243758000004,1779567090.8949685,4780,39714,6,12582912,0,0,0,0
35.32243758000004,1779567090.8949685,4780,39715,7,12582912,1,0,0,0
35.34408006299964,1779567090.916611,4781,39716,0,12582912,2,0,0,0
35.34408006299964,1779567090.916611,4781,39717,1,12582912,3,0,0,0
35.34408006299964,1779567090.916611,4781,39718,2,12582912,1,0,0,0
35.34408006299964,1779567090.916611,4781,39719,3,12582912,0,0,0,0
35.34408006299964,1779567090.916611,4781,39720,4,12582912,1,0,0,0
35.34408006299964,1779567090.916611,4781,39721,5,12582912,1,0,0,0
35.34408006299964,1779567090.916611,4781,39722,6,12582912,0,0,0,0
35.34408006299964,1779567090.916611,4781,39723,7,12582912,-2,0,0,0
35.37909704999947,1779567090.9516277,4782,39724,0,12582912,-4,0,0,0
35.37909704999947,1779567090.9516277,4782,39725,1,12582912,-5,0,0,0
35.37909704999947,1779567090.9516277,4782,39726,2,12582912,-2,0,0,0
35.37909704999947,1779567090.9516277,4782,39727,3,12582912,1,0,0,0
35.37909704999947,1779567090.9516277,4782,39728,4,12582912,3,0,0,0
35.37909704999947,1779567090.9516277,4782,39729,5,12582912,3,0,0,0
35.37909704999947,1779567090.9516277,4782,39730,6,12582912,0,0,0,0
35.37909704999947,1779567090.9516277,4782,39731,7,12582912,-4,0,0,0
35.400589588,1779567090.97312,4783,39732,0,12582912,-6,0,0,0
35.400589588,1779567090.97312,4783,39733,1,12582912,-7,0,0,0
35.400589588,1779567090.97312,4783,39734,2,12582912,-7,0,0,0
35.400589588,1779567090.97312,4783,39735,3,12582912,-7,0,0,0
35.400589588,1779567090.97312,4783,39736,4,12582912,-7,0,0,0
35.400589588,1779567090.97312,4783,39737,5,12582912,-9,0,0,0
35.400589588,1779567090.97312,4783,39738,6,12582912,-12,0,0,0
35.400589588,1779567090.97312,4783,39739,7,12582912,-15,0,0,0
35.44313691200114,1779567091.0156674,4784,39740,0,12582912,-14,0,0,0
35.44313691200114,1779567091.0156674,4784,39741,1,12582912,-11,0,0,0
35.44313691200114,1779567091.0156674,4784,39742,2,12582912,-8,0,0,0
35.44313691200114,1779567091.0156674,4784,39743,3,12582912,-6,0,0,0
35.44313691200114,1779567091.0156674,4784,39744,4,12582912,-7,0,0,0
35.44313691200114,1779567091.0156674,4784,39745,5,12582912,-8,0,0,0
35.44313691200114,1779567091.0156674,4784,39746,6,12582912,-4,0,0,0
35.44313691200114,1779567091.0156674,4784,39747,7,12582912,0,0,0,0
35.46462247099953,1779567091.037153,4785,39748,0,12582912,2,0,0,0
35.46462247099953,1779567091.037153,4785,39749,1,12582912,-1,0,0,0
35.46462247099953,1779567091.037153,4785,39750,2,12582912,-3,0,0,0
35.46462247099953,1779567091.037153,4785,39751,3,12582912,-2,0,0,0
35.46462247099953,1779567091.037153,4785,39752,4,12582912,2,0,0,0
35.46462247099953,1779567091.037153,4785,39753,5,12582912,4,0,0,0
35.46462247099953,1779567091.037153,4785,39754,6,12582912,2,0,0,0
35.46462247099953,1779567091.037153,4785,39755,7,12582912,0,0,0,0
35.523116182001104,1779567091.0956466,4786,39756,0,12582912,-1,0,0,0
35.523116182001104,1779567091.0956466,4786,39757,1,12582912,-1,0,0,0
35.523116182001104,1779567091.0956466,4786,39758,2,12582912,-2,0,0,0
35.523116182001104,1779567091.0956466,4786,39759,3,12582912,-4,0,0,0
35.523116182001104,1779567091.0956466,4786,39760,4,12582912,-4,0,0,0
35.523116182001104,1779567091.0956466,4786,39761,5,12582912,-3,0,0,0
35.523116182001104,1779567091.0956466,4786,39762,6,12582912,-2,0,0,0
35.523116182001104,1779567091.0956466,4786,39763,7,12582912,-4,0,0,0
35.54457622100017,1779567091.117107,4787,39764,0,12582912,-9,0,0,0
35.54457622100017,1779567091.117107,4787,39765,1,12582912,-13,0,0,0
35.54457622100017,1779567091.117107,4787,39766,2,12582912,-16,0,0,0
35.54457622100017,1779567091.117107,4787,39767,3,12582912,-16,0,0,0
35.54457622100017,1779567091.117107,4787,39768,4,12582912,-14,0,0,0
35.54457622100017,1779567091.117107,4787,39769,5,12582912,-14,0,0,0
35.54457622100017,1779567091.117107,4787,39770,6,12582912,-16,0,0,0
35.54457622100017,1779567091.117107,4787,39771,7,12582912,-18,0,0,0
35.56613750799988,1779567091.138668,4788,39772,0,12582912,-17,0,0,0
35.56613750799988,1779567091.138668,4788,39773,1,12582912,-15,0,0,0
35.56613750799988,1779567091.138668,4788,39774,2,12582912,-15,0,0,0
35.56613750799988,1779567091.138668,4788,39775,3,12582912,-17,0,0,0
35.56613750799988,1779567091.138668,4788,39776,4,12582912,-17,0,0,0
35.56613750799988,1779567091.138668,4788,39777,5,12582912,-14,0,0,0
35.56613750799988,1779567091.138668,4788,39778,6,12582912,-11,0,0,0
35.56613750799988,1779567091.138668,4788,39779,7,12582912,-9,0,0,0
35.588307378000536,1779567091.1608381,4789,39780,0,12582912,-6,0,0,0
35.588307378000536,1779567091.1608381,4789,39781,1,12582912,-4,0,0,0
35.588307378000536,1779567091.1608381,4789,39782,2,12582912,-5,0,0,0
35.588307378000536,1779567091.1608381,4789,39783,3,12582912,-8,0,0,0
35.588307378000536,1779567091.1608381,4789,39784,4,12582912,-10,0,0,0
35.588307378000536,1779567091.1608381,4789,39785,5,12582912,-7,0,0,0
35.588307378000536,1779567091.1608381,4789,39786,6,12582912,-6,0,0,0
35.588307378000536,1779567091.1608381,4789,39787,7,12582912,-6,0,0,0
35.62268791899987,1779567091.1952183,4790,39788,0,12582912,-8,0,0,0
35.62268791899987,1779567091.1952183,4790,39789,1,12582912,-10,0,0,0
35.62268791899987,1779567091.1952183,4790,39790,2,12582912,-11,0,0,0
35.62268791899987,1779567091.1952183,4790,39791,3,12582912,-10,0,0,0
35.62268791899987,1779567091.1952183,4790,39792,4,12582912,-10,0,0,0
35.62268791899987,1779567091.1952183,4790,39793,5,12582912,-11,0,0,0
35.62268791899987,1779567091.1952183,4790,39794,6,12582912,-12,0,0,0
35.62268791899987,1779567091.1952183,4790,39795,7,12582912,-12,0,0,0
35.67675399899963,1779567091.2492845,4791,39796,0,12582912,-11,0,0,0
35.67675399899963,1779567091.2492845,4791,39797,1,12582912,-8,0,0,0
35.67675399899963,1779567091.2492845,4791,39798,2,12582912,-4,0,0,0
35.67675399899963,1779567091.2492845,4791,39799,3,12582912,-2,0,0,0
35.67675399899963,1779567091.2492845,4791,39800,4,12582912,-1,0,0,0
35.67675399899963,1779567091.2492845,4791,39801,5,12582912,-2,0,0,0
35.67675399899963,1779567091.2492845,4791,39802,6,12582912,-3,0,0,0
35.67675399899963,1779567091.2492845,4791,39803,7,12582912,-3,0,0,0
35.698387837001064,1779567091.2709184,4792,39804,0,12582912,-6,0,0,0
35.698387837001064,1779567091.2709184,4792,39805,1,12582912,-12,0,0,0
35.698387837001064,1779567091.2709184,4792,39806,2,12582912,-17,0,0,0
35.698387837001064,1779567091.2709184,4792,39807,3,12582912,-16,0,0,0
35.698387837001064,1779567091.2709184,4792,39808,4,12582912,-11,0,0,0
35.698387837001064,1779567091.2709184,4792,39809,5,12582912,-8,0,0,0
35.698387837001064,1779567091.2709184,4792,39810,6,12582912,-10,0,0,0
35.698387837001064,1779567091.2709184,4792,39811,7,12582912,-12,0,0,0
35.73487860200112,1779567091.307409,4793,39812,0,12582912,-13,0,0,0
35.73487860200112,1779567091.307409,4793,39813,1,12582912,-13,0,0,0
35.73487860200112,1779567091.307409,4793,39814,2,12582912,-14,0,0,0
35.73487860200112,1779567091.307409,4793,39815,3,12582912,-12,0,0,0
35.73487860200112,1779567091.307409,4793,39816,4,12582912,-5,0,0,0
35.73487860200112,1779567091.307409,4793,39817,5,12582912,-1,0,0,0
35.73487860200112,1779567091.307409,4793,39818,6,12582912,0,0,0,0
35.73487860200112,1779567091.307409,4793,39819,7,12582912,1,0,0,0
35.756389055999534,1779567091.3289196,4794,39820,0,12582912,2,0,0,0
35.756389055999534,1779567091.3289196,4794,39821,1,12582912,3,0,0,0
35.756389055999534,1779567091.3289196,4794,39822,2,12582912,1,0,0,0
35.756389055999534,1779567091.3289196,4794,39823,3,12582912,-3,0,0,0
35.756389055999534,1779567091.3289196,4794,39824,4,12582912,-6,0,0,0
35.756389055999534,1779567091.3289196,4794,39825,5,12582912,-4,0,0,0
35.756389055999534,1779567091.3289196,4794,39826,6,12582912,0,0,0,0
35.756389055999534,1779567091.3289196,4794,39827,7,12582912,5,0,0,0
35.79893893299959,1779567091.3714693,4795,39828,0,12582912,8,0,0,0
35.79893893299959,1779567091.3714693,4795,39829,1,12582912,5,0,0,0
35.79893893299959,1779567091.3714693,4795,39830,2,12582912,2,0,0,0
35.79893893299959,1779567091.3714693,4795,39831,3,12582912,1,0,0,0
35.79893893299959,1779567091.3714693,4795,39832,4,12582912,0,0,0,0
35.79893893299959,1779567091.3714693,4795,39833,5,12582912,-1,0,0,0
35.79893893299959,1779567091.3714693,4795,39834,6,12582912,-3,0,0,0
35.79893893299959,1779567091.3714693,4795,39835,7,12582912,-3,0,0,0
35.820406680000815,1779567091.392937,4796,39836,0,12582912,-1,0,0,0
35.820406680000815,1779567091.392937,4796,39837,1,12582912,3,0,0,0
35.820406680000815,1779567091.392937,4796,39838,2,12582912,4,0,0,0
35.820406680000815,1779567091.392937,4796,39839,3,12582912,2,0,0,0
35.820406680000815,1779567091.392937,4796,39840,4,12582912,0,0,0,0
35.820406680000815,1779567091.392937,4796,39841,5,12582912,-1,0,0,0
35.820406680000815,1779567091.392937,4796,39842,6,12582912,-4,0,0,0
35.820406680000815,1779567091.392937,4796,39843,7,12582912,-8,0,0,0
35.86297843099965,1779567091.435509,4797,39844,0,12582912,-10,0,0,0
35.86297843099965,1779567091.435509,4797,39845,1,12582912,-10,0,0,0
35.86297843099965,1779567091.435509,4797,39846,2,12582912,-7,0,0,0
35.86297843099965,1779567091.435509,4797,39847,3,12582912,-3,0,0,0
35.86297843099965,1779567091.435509,4797,39848,4,12582912,-2,0,0,0
35.86297843099965,1779567091.435509,4797,39849,5,12582912,-4,0,0,0
35.86297843099965,1779567091.435509,4797,39850,6,12582912,-5,0,0,0
35.86297843099965,1779567091.435509,4797,39851,7,12582912,-4,0,0,0
35.89830260100098,1779567091.4708328,4798,39852,0,12582912,-4,0,0,0
35.89830260100098,1779567091.4708328,4798,39853,1,12582912,-4,0,0,0
35.89830260100098,1779567091.4708328,4798,39854,2,12582912,-4,0,0,0
35.89830260100098,1779567091.4708328,4798,39855,3,12582912,-4,0,0,0
35.89830260100098,1779567091.4708328,4798,39856,4,12582912,-4,0,0,0
35.89830260100098,1779567091.4708328,4798,39857,5,12582912,-4,0,0,0
35.89830260100098,1779567091.4708328,4798,39858,6,12582912,-5,0,0,0
35.89830260100098,1779567091.4708328,4798,39859,7,12582912,-7,0,0,0
35.91977670199958,1779567091.4923072,4799,39860,0,12582912,-5,0,0,0
35.91977670199958,1779567091.4923072,4799,39861,1,12582912,-2,0,0,0
35.91977670199958,1779567091.4923072,4799,39862,2,12582912,1,0,0,0
35.91977670199958,1779567091.4923072,4799,39863,3,12582912,2,0,0,0
35.91977670199958,1779567091.4923072,4799,39864,4,12582912,2,0,0,0
35.91977670199958,1779567091.4923072,4799,39865,5,12582912,0,0,0,0
35.91977670199958,1779567091.4923072,4799,39866,6,12582912,-2,0,0,0
35.91977670199958,1779567091.4923072,4799,39867,7,12582912,-3,0,0,0
35.95589742099946,1779567091.528428,4800,39868,0,12582912,-3,0,0,0
35.95589742099946,1779567091.528428,4800,39869,1,12582912,-4,0,0,0
35.95589742099946,1779567091.528428,4800,39870,2,12582912,-7,0,0,0
35.95589742099946,1779567091.528428,4800,39871,3,12582912,-8,0,0,0
35.95589742099946,1779567091.528428,4800,39872,4,12582912,-6,0,0,0
35.95589742099946,1779567091.528428,4800,39873,5,12582912,-5,0,0,0
35.95589742099946,1779567091.528428,4800,39874,6,12582912,-8,0,0,0
35.95589742099946,1779567091.528428,4800,39875,7,12582912,-11,0,0,0
35.97740370900101,1779567091.5499344,4801,39876,0,12582912,-13,0,0,0
35.97740370900101,1779567091.5499344,4801,39877,1,12582912,-12,0,0,0
35.97740370900101,1779567091.5499344,4801,39878,2,12582912,-10,0,0,0
35.97740370900101,1779567091.5499344,4801,39879,3,12582912,-7,0,0,0
35.97740370900101,1779567091.5499344,4801,39880,4,12582912,-5,0,0,0
35.97740370900101,1779567091.5499344,4801,39881,5,12582912,-1,0,0,0
35.97740370900101,1779567091.5499344,4801,39882,6,12582912,0,0,0,0
35.97740370900101,1779567091.5499344,4801,39883,7,12582912,-2,0,0,0
36.08489051600009,1779567091.6574204,4802,39884,0,12582912,-4,0,0,0
36.08489051600009,1779567091.6574204,4802,39885,1,12582912,-5,0,0,0
36.08489051600009,1779567091.6574204,4802,39886,2,12582912,-5,0,0,0
36.08489051600009,1779567091.6574204,4802,39887,3,12582912,-2,0,0,0
36.08489051600009,1779567091.6574204,4802,39888,4,12582912,2,0,0,0
36.08489051600009,1779567091.6574204,4802,39889,5,12582912,3,0,0,0
36.08489051600009,1779567091.6574204,4802,39890,6,12582912,3,0,0,0
36.08489051600009,1779567091.6574204,4802,39891,7,12582912,2,0,0,0
36.085295144001066,1779567091.6578252,4803,39892,0,12582912,0,0,0,0
36.085295144001066,1779567091.6578252,4803,39893,1,12582912,-3,0,0,0
36.085295144001066,1779567091.6578252,4803,39894,2,12582912,-5,0,0,0
36.085295144001066,1779567091.6578252,4803,39895,3,12582912,-5,0,0,0
36.085295144001066,1779567091.6578252,4803,39896,4,12582912,-4,0,0,0
36.085295144001066,1779567091.6578252,4803,39897,5,12582912,-2,0,0,0
36.085295144001066,1779567091.6578252,4803,39898,6,12582912,-1,0,0,0
36.085295144001066,1779567091.6578252,4803,39899,7,12582912,-3,0,0,0
36.08572789699974,1779567091.6582575,4804,39900,0,12582912,-6,0,0,0
36.08572789699974,1779567091.6582575,4804,39901,1,12582912,-6,0,0,0
36.08572789699974,1779567091.6582575,4804,39902,2,12582912,-6,0,0,0
36.08572789699974,1779567091.6582575,4804,39903,3,12582912,-6,0,0,0
36.08572789699974,1779567091.6582575,4804,39904,4,12582912,-7,0,0,0
36.08572789699974,1779567091.6582575,4804,39905,5,12582912,-6,0,0,0
36.08572789699974,1779567091.6582575,4804,39906,6,12582912,-4,0,0,0
36.08572789699974,1779567091.6582575,4804,39907,7,12582912,0,0,0,0
36.10726559100112,1779567091.679796,4805,39908,0,12582912,1,0,0,0
36.10726559100112,1779567091.679796,4805,39909,1,12582912,-2,0,0,0
36.10726559100112,1779567091.679796,4805,39910,2,12582912,-5,0,0,0
36.10726559100112,1779567091.679796,4805,39911,3,12582912,-4,0,0,0
36.10726559100112,1779567091.679796,4805,39912,4,12582912,-2,0,0,0
36.10726559100112,1779567091.679796,4805,39913,5,12582912,-2,0,0,0
36.10726559100112,1779567091.679796,4805,39914,6,12582912,-4,0,0,0
36.10726559100112,1779567091.679796,4805,39915,7,12582912,-5,0,0,0
36.15791678300047,1779567091.730447,4806,39916,0,12582912,-5,0,0,0
36.15791678300047,1779567091.730447,4806,39917,1,12582912,-1,0,0,0
36.15791678300047,1779567091.730447,4806,39918,2,12582912,3,0,0,0
36.15791678300047,1779567091.730447,4806,39919,3,12582912,2,0,0,0
36.15791678300047,1779567091.730447,4806,39920,4,12582912,-2,0,0,0
36.15791678300047,1779567091.730447,4806,39921,5,12582912,-2,0,0,0
36.15791678300047,1779567091.730447,4806,39922,6,12582912,-1,0,0,0
36.15791678300047,1779567091.730447,4806,39923,7,12582912,-1,0,0,0
36.16433250400041,1779567091.7368634,4807,39924,0,12582912,0,0,0,0
36.16433250400041,1779567091.7368634,4807,39925,1,12582912,0,0,0,0
36.16433250400041,1779567091.7368634,4807,39926,2,12582912,-3,0,0,0
36.16433250400041,1779567091.7368634,4807,39927,3,12582912,-6,0,0,0
36.16433250400041,1779567091.7368634,4807,39928,4,12582912,-7,0,0,0
36.16433250400041,1779567091.7368634,4807,39929,5,12582912,-7,0,0,0
36.16433250400041,1779567091.7368634,4807,39930,6,12582912,-6,0,0,0
36.16433250400041,1779567091.7368634,4807,39931,7,12582912,-4,0,0,0
36.20681555800002,1779567091.7793462,4808,39932,0,12582912,-1,0,0,0
36.20681555800002,1779567091.7793462,4808,39933,1,12582912,0,0,0,0
36.20681555800002,1779567091.7793462,4808,39934,2,12582912,-1,0,0,0
36.20681555800002,1779567091.7793462,4808,39935,3,12582912,-1,0,0,0
36.20681555800002,1779567091.7793462,4808,39936,4,12582912,1,0,0,0
36.20681555800002,1779567091.7793462,4808,39937,5,12582912,1,0,0,0
36.20681555800002,1779567091.7793462,4808,39938,6,12582912,0,0,0,0
36.20681555800002,1779567091.7793462,4808,39939,7,12582912,-3,0,0,0
36.22828877400025,1779567091.8008192,4809,39940,0,12582912,-4,0,0,0
36.22828877400025,1779567091.8008192,4809,39941,1,12582912,-4,0,0,0
36.22828877400025,1779567091.8008192,4809,39942,2,12582912,-3,0,0,0
36.22828877400025,1779567091.8008192,4809,39943,3,12582912,-2,0,0,0
36.22828877400025,1779567091.8008192,4809,39944,4,12582912,-4,0,0,0
36.22828877400025,1779567091.8008192,4809,39945,5,12582912,-5,0,0,0
36.22828877400025,1779567091.8008192,4809,39946,6,12582912,-3,0,0,0
36.22828877400025,1779567091.8008192,4809,39947,7,12582912,0,0,0,0
36.2707704229997,1779567091.8433013,4810,39948,0,12582912,1,0,0,0
36.2707704229997,1779567091.8433013,4810,39949,1,12582912,3,0,0,0
36.2707704229997,1779567091.8433013,4810,39950,2,12582912,5,0,0,0
36.2707704229997,1779567091.8433013,4810,39951,3,12582912,6,0,0,0
36.2707704229997,1779567091.8433013,4810,39952,4,12582912,4,0,0,0
36.2707704229997,1779567091.8433013,4810,39953,5,12582912,2,0,0,0
36.2707704229997,1779567091.8433013,4810,39954,6,12582912,0,0,0,0
36.2707704229997,1779567091.8433013,4810,39955,7,12582912,-2,0,0,0
36.292221816000165,1779567091.8647525,4811,39956,0,12582912,-3,0,0,0
36.292221816000165,1779567091.8647525,4811,39957,1,12582912,-4,0,0,0
36.292221816000165,1779567091.8647525,4811,39958,2,12582912,-6,0,0,0
36.292221816000165,1779567091.8647525,4811,39959,3,12582912,-7,0,0,0
36.292221816000165,1779567091.8647525,4811,39960,4,12582912,-5,0,0,0
36.292221816000165,1779567091.8647525,4811,39961,5,12582912,-2,0,0,0
36.292221816000165,1779567091.8647525,4811,39962,6,12582912,2,0,0,0
36.292221816000165,1779567091.8647525,4811,39963,7,12582912,4,0,0,0
36.334993876000226,1779567091.9075243,4812,39964,0,12582912,2,0,0,0
36.334993876000226,1779567091.9075243,4812,39965,1,12582912,-3,0,0,0
36.334993876000226,1779567091.9075243,4812,39966,2,12582912,-5,0,0,0
36.334993876000226,1779567091.9075243,4812,39967,3,12582912,-3,0,0,0
36.334993876000226,1779567091.9075243,4812,39968,4,12582912,1,0,0,0
36.334993876000226,1779567091.9075243,4812,39969,5,12582912,1,0,0,0
36.334993876000226,1779567091.9075243,4812,39970,6,12582912,0,0,0,0
36.334993876000226,1779567091.9075243,4812,39971,7,12582912,-1,0,0,0
36.37055366700042,1779567091.943084,4813,39972,0,12582912,-1,0,0,0
36.37055366700042,1779567091.943084,4813,39973,1,12582912,-2,0,0,0
36.37055366700042,1779567091.943084,4813,39974,2,12582912,-4,0,0,0
36.37055366700042,1779567091.943084,4813,39975,3,12582912,-7,0,0,0
36.37055366700042,1779567091.943084,4813,39976,4,12582912,-8,0,0,0
36.37055366700042,1779567091.943084,4813,39977,5,12582912,-6,0,0,0
36.37055366700042,1779567091.943084,4813,39978,6,12582912,-3,0,0,0
36.37055366700042,1779567091.943084,4813,39979,7,12582912,-1,0,0,0
36.404721347000304,1779567091.9772518,4814,39980,0,12582912,-1,0,0,0
36.404721347000304,1779567091.9772518,4814,39981,1,12582912,-1,0,0,0
36.404721347000304,1779567091.9772518,4814,39982,2,12582912,-1,0,0,0
36.404721347000304,1779567091.9772518,4814,39983,3,12582912,-2,0,0,0
36.404721347000304,1779567091.9772518,4814,39984,4,12582912,-4,0,0,0
36.404721347000304,1779567091.9772518,4814,39985,5,12582912,-4,0,0,0
36.404721347000304,1779567091.9772518,4814,39986,6,12582912,-4,0,0,0
36.404721347000304,1779567091.9772518,4814,39987,7,12582912,-4,0,0,0
36.42625206199955,1779567091.9987824,4815,39988,0,12582912,-2,0,0,0
36.42625206199955,1779567091.9987824,4815,39989,1,12582912,0,0,0,0
36.42625206199955,1779567091.9987824,4815,39990,2,12582912,-4,0,0,0
36.42625206199955,1779567091.9987824,4815,39991,3,12582912,-8,0,0,0
36.42625206199955,1779567091.9987824,4815,39992,4,12582912,-9,0,0,0
36.42625206199955,1779567091.9987824,4815,39993,5,12582912,-8,0,0,0
36.42625206199955,1779567091.9987824,4815,39994,6,12582912,-6,0,0,0
36.42625206199955,1779567091.9987824,4815,39995,7,12582912,-4,0,0,0
36.49105831899942,1779567092.0635889,4816,39996,0,12582912,-2,0,0,0
36.49105831899942,1779567092.0635889,4816,39997,1,12582912,0,0,0,0
36.49105831899942,1779567092.0635889,4816,39998,2,12582912,2,0,0,0
36.49105831899942,1779567092.0635889,4816,39999,3,12582912,1,0,0,0
36.49105831899942,1779567092.0635889,4816,40000,4,12582912,-1,0,0,0
36.49105831899942,1779567092.0635889,4816,40001,5,12582912,-11,0,0,0
36.49105831899942,1779567092.0635889,4816,40002,6,12582912,-22,0,0,0
36.49105831899942,1779567092.0635889,4816,40003,7,12582912,-4,0,0,0
36.51259085700076,1779567092.0851216,4817,40004,0,12582912,25,0,0,0
36.51259085700076,1779567092.0851216,4817,40005,1,12582912,18,0,0,0
36.51259085700076,1779567092.0851216,4817,40006,2,12582912,-21,0,0,0
36.51259085700076,1779567092.0851216,4817,40007,3,12582912,-41,0,0,0
36.51259085700076,1779567092.0851216,4817,40008,4,12582912,-19,0,0,0
36.51259085700076,1779567092.0851216,4817,40009,5,12582912,13,0,0,0
36.51259085700076,1779567092.0851216,4817,40010,6,12582912,12,0,0,0
36.51259085700076,1779567092.0851216,4817,40011,7,12582912,-18,0,0,0
36.53413021900087,1779567092.1066608,4818,40012,0,12582912,-36,0,0,0
36.53413021900087,1779567092.1066608,4818,40013,1,12582912,-20,0,0,0
36.53413021900087,1779567092.1066608,4818,40014,2,12582912,7,0,0,0
36.53413021900087,1779567092.1066608,4818,40015,3,12582912,8,0,0,0
36.53413021900087,1779567092.1066608,4818,40016,4,12582912,-16,0,0,0
36.53413021900087,1779567092.1066608,4818,40017,5,12582912,-31,0,0,0
36.53413021900087,1779567092.1066608,4818,40018,6,12582912,-16,0,0,0
36.53413021900087,1779567092.1066608,4818,40019,7,12582912,5,0,0,0
36.55576457800089,1779567092.128295,4819,40020,0,12582912,6,0,0,0
36.55576457800089,1779567092.128295,4819,40021,1,12582912,-15,0,0,0
36.55576457800089,1779567092.128295,4819,40022,2,12582912,-30,0,0,0
36.55576457800089,1779567092.128295,4819,40023,3,12582912,-24,0,0,0
36.55576457800089,1779567092.128295,4819,40024,4,12582912,-10,0,0,0
36.55576457800089,1779567092.128295,4819,40025,5,12582912,-10,0,0,0
36.55576457800089,1779567092.128295,4819,40026,6,12582912,-23,0,0,0
36.55576457800089,1779567092.128295,4819,40027,7,12582912,-30,0,0,0
36.59155452199957,1779567092.1640851,4820,40028,0,12582912,-20,0,0,0
36.59155452199957,1779567092.1640851,4820,40029,1,12582912,-8,0,0,0
36.59155452199957,1779567092.1640851,4820,40030,2,12582912,-8,0,0,0
36.59155452199957,1779567092.1640851,4820,40031,3,12582912,-17,0,0,0
36.59155452199957,1779567092.1640851,4820,40032,4,12582912,-22,0,0,0
36.59155452199957,1779567092.1640851,4820,40033,5,12582912,-16,0,0,0
36.59155452199957,1779567092.1640851,4820,40034,6,12582912,-5,0,0,0
36.59155452199957,1779567092.1640851,4820,40035,7,12582912,-2,0,0,0
36.63399200599997,1779567092.2065227,4821,40036,0,12582912,-9,0,0,0
36.63399200599997,1779567092.2065227,4821,40037,1,12582912,-17,0,0,0
36.63399200599997,1779567092.2065227,4821,40038,2,12582912,-17,0,0,0
36.63399200599997,1779567092.2065227,4821,40039,3,12582912,-13,0,0,0
36.63399200599997,1779567092.2065227,4821,40040,4,12582912,-13,0,0,0
36.63399200599997,1779567092.2065227,4821,40041,5,12582912,-20,0,0,0
36.63399200599997,1779567092.2065227,4821,40042,6,12582912,-25,0,0,0
36.63399200599997,1779567092.2065227,4821,40043,7,12582912,-22,0,0,0
36.66863973100044,1779567092.2411702,4822,40044,0,12582912,-13,0,0,0
36.66863973100044,1779567092.2411702,4822,40045,1,12582912,-7,0,0,0
36.66863973100044,1779567092.2411702,4822,40046,2,12582912,-8,0,0,0
36.66863973100044,1779567092.2411702,4822,40047,3,12582912,-11,0,0,0
36.66863973100044,1779567092.2411702,4822,40048,4,12582912,-12,0,0,0
36.66863973100044,1779567092.2411702,4822,40049,5,12582912,-11,0,0,0
36.66863973100044,1779567092.2411702,4822,40050,6,12582912,-9,0,0,0
36.66863973100044,1779567092.2411702,4822,40051,7,12582912,-10,0,0,0
36.69498260100045,1779567092.2675128,4823,40052,0,12582912,-11,0,0,0
36.69498260100045,1779567092.2675128,4823,40053,1,12582912,-9,0,0,0
36.69498260100045,1779567092.2675128,4823,40054,2,12582912,-7,0,0,0
36.69498260100045,1779567092.2675128,4823,40055,3,12582912,-8,0,0,0
36.69498260100045,1779567092.2675128,4823,40056,4,12582912,-11,0,0,0
36.69498260100045,1779567092.2675128,4823,40057,5,12582912,-14,0,0,0
36.69498260100045,1779567092.2675128,4823,40058,6,12582912,-13,0,0,0
36.69498260100045,1779567092.2675128,4823,40059,7,12582912,-9,0,0,0
36.71645706799973,1779567092.2889879,4824,40060,0,12582912,-6,0,0,0
36.71645706799973,1779567092.2889879,4824,40061,1,12582912,-4,0,0,0
36.71645706799973,1779567092.2889879,4824,40062,2,12582912,-4,0,0,0
36.71645706799973,1779567092.2889879,4824,40063,3,12582912,-2,0,0,0
36.71645706799973,1779567092.2889879,4824,40064,4,12582912,0,0,0,0
36.71645706799973,1779567092.2889879,4824,40065,5,12582912,0,0,0,0
36.71645706799973,1779567092.2889879,4824,40066,6,12582912,-3,0,0,0
36.71645706799973,1779567092.2889879,4824,40067,7,12582912,-7,0,0,0
36.75894835300096,1779567092.3314788,4825,40068,0,12582912,-8,0,0,0
36.75894835300096,1779567092.3314788,4825,40069,1,12582912,-8,0,0,0
36.75894835300096,1779567092.3314788,4825,40070,2,12582912,-8,0,0,0
36.75894835300096,1779567092.3314788,4825,40071,3,12582912,-9,0,0,0
36.75894835300096,1779567092.3314788,4825,40072,4,12582912,-10,0,0,0
36.75894835300096,1779567092.3314788,4825,40073,5,12582912,-10,0,0,0
36.75894835300096,1779567092.3314788,4825,40074,6,12582912,-9,0,0,0
36.75894835300096,1779567092.3314788,4825,40075,7,12582912,-8,0,0,0
36.79457757000091,1779567092.367108,4826,40076,0,12582912,-7,0,0,0
36.79457757000091,1779567092.367108,4826,40077,1,12582912,-6,0,0,0
36.79457757000091,1779567092.367108,4826,40078,2,12582912,-5,0,0,0
36.79457757000091,1779567092.367108,4826,40079,3,12582912,-4,0,0,0
36.79457757000091,1779567092.367108,4826,40080,4,12582912,-4,0,0,0
36.79457757000091,1779567092.367108,4826,40081,5,12582912,-6,0,0,0
36.79457757000091,1779567092.367108,4826,40082,6,12582912,-5,0,0,0
36.79457757000091,1779567092.367108,4826,40083,7,12582912,-2,0,0,0
36.81606333899981,1779567092.388594,4827,40084,0,12582912,2,0,0,0
36.81606333899981,1779567092.388594,4827,40085,1,12582912,3,0,0,0
36.81606333899981,1779567092.388594,4827,40086,2,12582912,0,0,0,0
36.81606333899981,1779567092.388594,4827,40087,3,12582912,-4,0,0,0
36.81606333899981,1779567092.388594,4827,40088,4,12582912,-7,0,0,0
36.81606333899981,1779567092.388594,4827,40089,5,12582912,-7,0,0,0
36.81606333899981,1779567092.388594,4827,40090,6,12582912,-6,0,0,0
36.81606333899981,1779567092.388594,4827,40091,7,12582912,-5,0,0,0
36.885507327000596,1779567092.458038,4828,40092,0,12582912,-7,0,0,0
36.885507327000596,1779567092.458038,4828,40093,1,12582912,-7,0,0,0
36.885507327000596,1779567092.458038,4828,40094,2,12582912,-5,0,0,0
36.885507327000596,1779567092.458038,4828,40095,3,12582912,-1,0,0,0
36.885507327000596,1779567092.458038,4828,40096,4,12582912,3,0,0,0
36.885507327000596,1779567092.458038,4828,40097,5,12582912,2,0,0,0
36.885507327000596,1779567092.458038,4828,40098,6,12582912,-5,0,0,0
36.885507327000596,1779567092.458038,4828,40099,7,12582912,-10,0,0,0
36.90716179000083,1779567092.4796925,4829,40100,0,12582912,-10,0,0,0
36.90716179000083,1779567092.4796925,4829,40101,1,12582912,-7,0,0,0
36.90716179000083,1779567092.4796925,4829,40102,2,12582912,-3,0,0,0
36.90716179000083,1779567092.4796925,4829,40103,3,12582912,0,0,0,0
36.90716179000083,1779567092.4796925,4829,40104,4,12582912,3,0,0,0
36.90716179000083,1779567092.4796925,4829,40105,5,12582912,5,0,0,0
36.90716179000083,1779567092.4796925,4829,40106,6,12582912,5,0,0,0
36.90716179000083,1779567092.4796925,4829,40107,7,12582912,2,0,0,0
36.90746017099991,1779567092.4799895,4830,40108,0,12582912,-2,0,0,0
36.90746017099991,1779567092.4799895,4830,40109,1,12582912,-3,0,0,0
36.90746017099991,1779567092.4799895,4830,40110,2,12582912,-1,0,0,0
36.90746017099991,1779567092.4799895,4830,40111,3,12582912,2,0,0,0
36.90746017099991,1779567092.4799895,4830,40112,4,12582912,3,0,0,0
36.90746017099991,1779567092.4799895,4830,40113,5,12582912,4,0,0,0
36.90746017099991,1779567092.4799895,4830,40114,6,12582912,3,0,0,0
36.90746017099991,1779567092.4799895,4830,40115,7,12582912,2,0,0,0
36.9419982620002,1779567092.5145288,4831,40116,0,12582912,1,0,0,0
36.9419982620002,1779567092.5145288,4831,40117,1,12582912,1,0,0,0
36.9419982620002,1779567092.5145288,4831,40118,2,12582912,0,0,0,0
36.9419982620002,1779567092.5145288,4831,40119,3,12582912,1,0,0,0
36.9419982620002,1779567092.5145288,4831,40120,4,12582912,3,0,0,0
36.9419982620002,1779567092.5145288,4831,40121,5,12582912,5,0,0,0
36.9419982620002,1779567092.5145288,4831,40122,6,12582912,5,0,0,0
36.9419982620002,1779567092.5145288,4831,40123,7,12582912,6,0,0,0
36.9997351639995,1779567092.572266,4832,40124,0,12582912,7,0,0,0
36.9997351639995,1779567092.572266,4832,40125,1,12582912,8,0,0,0
36.9997351639995,1779567092.572266,4832,40126,2,12582912,5,0,0,0
36.9997351639995,1779567092.572266,4832,40127,3,12582912,1,0,0,0
36.9997351639995,1779567092.572266,4832,40128,4,12582912,1,0,0,0
36.9997351639995,1779567092.572266,4832,40129,5,12582912,4,0,0,0
36.9997351639995,1779567092.572266,4832,40130,6,12582912,8,0,0,0
36.9997351639995,1779567092.572266,4832,40131,7,12582912,8,0,0,0
37.021219578000455,1779567092.5937502,4833,40132,0,12582912,5,0,0,0
37.021219578000455,1779567092.5937502,4833,40133,1,12582912,3,0,0,0
37.021219578000455,1779567092.5937502,4833,40134,2,12582912,2,0,0,0
37.021219578000455,1779567092.5937502,4833,40135,3,12582912,4,0,0,0
37.021219578000455,1779567092.5937502,4833,40136,4,12582912,7,0,0,0
37.021219578000455,1779567092.5937502,4833,40137,5,12582912,9,0,0,0
37.021219578000455,1779567092.5937502,4833,40138,6,12582912,10,0,0,0
37.021219578000455,1779567092.5937502,4833,40139,7,12582912,11,0,0,0
37.0880452800011,1779567092.6605756,4834,40140,0,12582912,8,0,0,0
37.0880452800011,1779567092.6605756,4834,40141,1,12582912,4,0,0,0
37.0880452800011,1779567092.6605756,4834,40142,2,12582912,-1,0,0,0
37.0880452800011,1779567092.6605756,4834,40143,3,12582912,-6,0,0,0
37.0880452800011,1779567092.6605756,4834,40144,4,12582912,-9,0,0,0
37.0880452800011,1779567092.6605756,4834,40145,5,12582912,-9,0,0,0
37.0880452800011,1779567092.6605756,4834,40146,6,12582912,-7,0,0,0
37.0880452800011,1779567092.6605756,4834,40147,7,12582912,-5,0,0,0
37.08834813900103,1779567092.6608775,4835,40148,0,12582912,-4,0,0,0
37.08834813900103,1779567092.6608775,4835,40149,1,12582912,-4,0,0,0
37.08834813900103,1779567092.6608775,4835,40150,2,12582912,-2,0,0,0
37.08834813900103,1779567092.6608775,4835,40151,3,12582912,1,0,0,0
37.08834813900103,1779567092.6608775,4835,40152,4,12582912,4,0,0,0
37.08834813900103,1779567092.6608775,4835,40153,5,12582912,6,0,0,0
37.08834813900103,1779567092.6608775,4835,40154,6,12582912,7,0,0,0
37.08834813900103,1779567092.6608775,4835,40155,7,12582912,10,0,0,0
37.109867761000714,1779567092.6823986,4836,40156,0,12582912,14,0,0,0
37.109867761000714,1779567092.6823986,4836,40157,1,12582912,14,0,0,0
37.109867761000714,1779567092.6823986,4836,40158,2,12582912,11,0,0,0
37.109867761000714,1779567092.6823986,4836,40159,3,12582912,10,0,0,0
37.109867761000714,1779567092.6823986,4836,40160,4,12582912,9,0,0,0
37.109867761000714,1779567092.6823986,4836,40161,5,12582912,8,0,0,0
37.109867761000714,1779567092.6823986,4836,40162,6,12582912,8,0,0,0
37.109867761000714,1779567092.6823986,4836,40163,7,12582912,12,0,0,0
37.1313260299994,1779567092.7038567,4837,40164,0,12582912,15,0,0,0
37.1313260299994,1779567092.7038567,4837,40165,1,12582912,16,0,0,0
37.1313260299994,1779567092.7038567,4837,40166,2,12582912,15,0,0,0
37.1313260299994,1779567092.7038567,4837,40167,3,12582912,11,0,0,0
37.1313260299994,1779567092.7038567,4837,40168,4,12582912,6,0,0,0
37.1313260299994,1779567092.7038567,4837,40169,5,12582912,4,0,0,0
37.1313260299994,1779567092.7038567,4837,40170,6,12582912,4,0,0,0
37.1313260299994,1779567092.7038567,4837,40171,7,12582912,7,0,0,0
37.166023493000466,1779567092.738554,4838,40172,0,12582912,10,0,0,0
37.166023493000466,1779567092.738554,4838,40173,1,12582912,10,0,0,0
37.166023493000466,1779567092.738554,4838,40174,2,12582912,9,0,0,0
37.166023493000466,1779567092.738554,4838,40175,3,12582912,8,0,0,0
37.166023493000466,1779567092.738554,4838,40176,4,12582912,6,0,0,0
37.166023493000466,1779567092.738554,4838,40177,5,12582912,5,0,0,0
37.166023493000466,1779567092.738554,4838,40178,6,12582912,4,0,0,0
37.166023493000466,1779567092.738554,4838,40179,7,12582912,3,0,0,0
37.2015233380007,1779567092.7740538,4839,40180,0,12582912,2,0,0,0
37.2015233380007,1779567092.7740538,4839,40181,1,12582912,3,0,0,0
37.2015233380007,1779567092.7740538,4839,40182,2,12582912,4,0,0,0
37.2015233380007,1779567092.7740538,4839,40183,3,12582912,2,0,0,0
37.2015233380007,1779567092.7740538,4839,40184,4,12582912,2,0,0,0
37.2015233380007,1779567092.7740538,4839,40185,5,12582912,3,0,0,0
37.2015233380007,1779567092.7740538,4839,40186,6,12582912,5,0,0,0
37.2015233380007,1779567092.7740538,4839,40187,7,12582912,6,0,0,0
37.228559373999815,1779567092.8010898,4840,40188,0,12582912,6,0,0,0
37.228559373999815,1779567092.8010898,4840,40189,1,12582912,5,0,0,0
37.228559373999815,1779567092.8010898,4840,40190,2,12582912,4,0,0,0
37.228559373999815,1779567092.8010898,4840,40191,3,12582912,4,0,0,0
37.228559373999815,1779567092.8010898,4840,40192,4,12582912,2,0,0,0
37.228559373999815,1779567092.8010898,4840,40193,5,12582912,-1,0,0,0
37.228559373999815,1779567092.8010898,4840,40194,6,12582912,-2,0,0,0
37.228559373999815,1779567092.8010898,4840,40195,7,12582912,0,0,0,0
37.28042143099992,1779567092.852952,4841,40196,0,12582912,3,0,0,0
37.28042143099992,1779567092.852952,4841,40197,1,12582912,4,0,0,0
37.28042143099992,1779567092.852952,4841,40198,2,12582912,4,0,0,0
37.28042143099992,1779567092.852952,4841,40199,3,12582912,4,0,0,0
37.28042143099992,1779567092.852952,4841,40200,4,12582912,5,0,0,0
37.28042143099992,1779567092.852952,4841,40201,5,12582912,6,0,0,0
37.28042143099992,1779567092.852952,4841,40202,6,12582912,5,0,0,0
37.28042143099992,1779567092.852952,4841,40203,7,12582912,5,0,0,0
37.30160611100109,1779567092.8741357,4842,40204,0,12582912,6,0,0,0
37.30160611100109,1779567092.8741357,4842,40205,1,12582912,8,0,0,0
37.30160611100109,1779567092.8741357,4842,40206,2,12582912,10,0,0,0
37.30160611100109,1779567092.8741357,4842,40207,3,12582912,7,0,0,0
37.30160611100109,1779567092.8741357,4842,40208,4,12582912,0,0,0,0
37.30160611100109,1779567092.8741357,4842,40209,5,12582912,-3,0,0,0
37.30160611100109,1779567092.8741357,4842,40210,6,12582912,-1,0,0,0
37.30160611100109,1779567092.8741357,4842,40211,7,12582912,-1,0,0,0
37.32263865800087,1779567092.8951683,4843,40212,0,12582912,-3,0,0,0
37.32263865800087,1779567092.8951683,4843,40213,1,12582912,-5,0,0,0
37.32263865800087,1779567092.8951683,4843,40214,2,12582912,-4,0,0,0
37.32263865800087,1779567092.8951683,4843,40215,3,12582912,-1,0,0,0
37.32263865800087,1779567092.8951683,4843,40216,4,12582912,4,0,0,0
37.32263865800087,1779567092.8951683,4843,40217,5,12582912,7,0,0,0
37.32263865800087,1779567092.8951683,4843,40218,6,12582912,8,0,0,0
37.32263865800087,1779567092.8951683,4843,40219,7,12582912,7,0,0,0
37.364730106000934,1779567092.937261,4844,40220,0,12582912,8,0,0,0
37.364730106000934,1779567092.937261,4844,40221,1,12582912,9,0,0,0
37.364730106000934,1779567092.937261,4844,40222,2,12582912,10,0,0,0
37.364730106000934,1779567092.937261,4844,40223,3,12582912,12,0,0,0
37.364730106000934,1779567092.937261,4844,40224,4,12582912,11,0,0,0
37.364730106000934,1779567092.937261,4844,40225,5,12582912,8,0,0,0
37.364730106000934,1779567092.937261,4844,40226,6,12582912,5,0,0,0
37.364730106000934,1779567092.937261,4844,40227,7,12582912,4,0,0,0
37.38627774899942,1779567092.9588084,4845,40228,0,12582912,2,0,0,0
37.38627774899942,1779567092.9588084,4845,40229,1,12582912,-2,0,0,0
37.38627774899942,1779567092.9588084,4845,40230,2,12582912,-2,0,0,0
37.38627774899942,1779567092.9588084,4845,40231,3,12582912,-1,0,0,0
37.38627774899942,1779567092.9588084,4845,40232,4,12582912,-2,0,0,0
37.38627774899942,1779567092.9588084,4845,40233,5,12582912,-5,0,0,0
37.38627774899942,1779567092.9588084,4845,40234,6,12582912,-6,0,0,0
37.38627774899942,1779567092.9588084,4845,40235,7,12582912,-6,0,0,0
37.43695066100008,1779567093.0094807,4846,40236,0,12582912,-5,0,0,0
37.43695066100008,1779567093.0094807,4846,40237,1,12582912,-1,0,0,0
37.43695066100008,1779567093.0094807,4846,40238,2,12582912,2,0,0,0
37.43695066100008,1779567093.0094807,4846,40239,3,12582912,2,0,0,0
37.43695066100008,1779567093.0094807,4846,40240,4,12582912,0,0,0,0
37.43695066100008,1779567093.0094807,4846,40241,5,12582912,-2,0,0,0
37.43695066100008,1779567093.0094807,4846,40242,6,12582912,-5,0,0,0
37.43695066100008,1779567093.0094807,4846,40243,7,12582912,-8,0,0,0
37.45841038800063,1779567093.030941,4847,40244,0,12582912,-9,0,0,0
37.45841038800063,1779567093.030941,4847,40245,1,12582912,-6,0,0,0
37.45841038800063,1779567093.030941,4847,40246,2,12582912,-4,0,0,0
37.45841038800063,1779567093.030941,4847,40247,3,12582912,-2,0,0,0
37.45841038800063,1779567093.030941,4847,40248,4,12582912,-2,0,0,0
37.45841038800063,1779567093.030941,4847,40249,5,12582912,-3,0,0,0
37.45841038800063,1779567093.030941,4847,40250,6,12582912,-4,0,0,0
37.45841038800063,1779567093.030941,4847,40251,7,12582912,-6,0,0,0
37.50064881400067,1779567093.073178,4848,40252,0,12582912,-9,0,0,0
37.50064881400067,1779567093.073178,4848,40253,1,12582912,-8,0,0,0
37.50064881400067,1779567093.073178,4848,40254,2,12582912,-6,0,0,0
37.50064881400067,1779567093.073178,4848,40255,3,12582912,-2,0,0,0
37.50064881400067,1779567093.073178,4848,40256,4,12582912,1,0,0,0
37.50064881400067,1779567093.073178,4848,40257,5,12582912,0,0,0,0
37.50064881400067,1779567093.073178,4848,40258,6,12582912,-4,0,0,0
37.50064881400067,1779567093.073178,4848,40259,7,12582912,-8,0,0,0
37.52159334300086,1779567093.0941226,4849,40260,0,12582912,-10,0,0,0
37.52159334300086,1779567093.0941226,4849,40261,1,12582912,-11,0,0,0
37.52159334300086,1779567093.0941226,4849,40262,2,12582912,-10,0,0,0
37.52159334300086,1779567093.0941226,4849,40263,3,12582912,-7,0,0,0
37.52159334300086,1779567093.0941226,4849,40264,4,12582912,-3,0,0,0
37.52159334300086,1779567093.0941226,4849,40265,5,12582912,0,0,0,0
37.52159334300086,1779567093.0941226,4849,40266,6,12582912,2,0,0,0
37.52159334300086,1779567093.0941226,4849,40267,7,12582912,4,0,0,0
37.56376057200032,1779567093.136291,4850,40268,0,12582912,2,0,0,0
37.56376057200032,1779567093.136291,4850,40269,1,12582912,-1,0,0,0
37.56376057200032,1779567093.136291,4850,40270,2,12582912,-3,0,0,0
37.56376057200032,1779567093.136291,4850,40271,3,12582912,-5,0,0,0
37.56376057200032,1779567093.136291,4850,40272,4,12582912,-7,0,0,0
37.56376057200032,1779567093.136291,4850,40273,5,12582912,-8,0,0,0
37.56376057200032,1779567093.136291,4850,40274,6,12582912,-8,0,0,0
37.56376057200032,1779567093.136291,4850,40275,7,12582912,-7,0,0,0
37.58528206899973,1779567093.157813,4851,40276,0,12582912,-3,0,0,0
37.58528206899973,1779567093.157813,4851,40277,1,12582912,-3,0,0,0
37.58528206899973,1779567093.157813,4851,40278,2,12582912,-6,0,0,0
37.58528206899973,1779567093.157813,4851,40279,3,12582912,-8,0,0,0
37.58528206899973,1779567093.157813,4851,40280,4,12582912,-7,0,0,0
37.58528206899973,1779567093.157813,4851,40281,5,12582912,-7,0,0,0
37.58528206899973,1779567093.157813,4851,40282,6,12582912,-8,0,0,0
37.58528206899973,1779567093.157813,4851,40283,7,12582912,-11,0,0,0
37.642455129000155,1779567093.214986,4852,40284,0,12582912,-11,0,0,0
37.642455129000155,1779567093.214986,4852,40285,1,12582912,-10,0,0,0
37.642455129000155,1779567093.214986,4852,40286,2,12582912,-10,0,0,0
37.642455129000155,1779567093.214986,4852,40287,3,12582912,-11,0,0,0
37.642455129000155,1779567093.214986,4852,40288,4,12582912,-13,0,0,0
37.642455129000155,1779567093.214986,4852,40289,5,12582912,-12,0,0,0
37.642455129000155,1779567093.214986,4852,40290,6,12582912,-8,0,0,0
37.642455129000155,1779567093.214986,4852,40291,7,12582912,-2,0,0,0
37.64275429100053,1779567093.2152836,4853,40292,0,12582912,2,0,0,0
37.64275429100053,1779567093.2152836,4853,40293,1,12582912,3,0,0,0
37.64275429100053,1779567093.2152836,4853,40294,2,12582912,2,0,0,0
37.64275429100053,1779567093.2152836,4853,40295,3,12582912,1,0,0,0
37.64275429100053,1779567093.2152836,4853,40296,4,12582912,0,0,0,0
37.64275429100053,1779567093.2152836,4853,40297,5,12582912,-1,0,0,0
37.64275429100053,1779567093.2152836,4853,40298,6,12582912,-1,0,0,0
37.64275429100053,1779567093.2152836,4853,40299,7,12582912,-1,0,0,0
37.71960830699936,1779567093.2921388,4854,40300,0,12582912,-2,0,0,0
37.71960830699936,1779567093.2921388,4854,40301,1,12582912,0,0,0,0
37.71960830699936,1779567093.2921388,4854,40302,2,12582912,1,0,0,0
37.71960830699936,1779567093.2921388,4854,40303,3,12582912,1,0,0,0
37.71960830699936,1779567093.2921388,4854,40304,4,12582912,1,0,0,0
37.71960830699936,1779567093.2921388,4854,40305,5,12582912,1,0,0,0
37.71960830699936,1779567093.2921388,4854,40306,6,12582912,-4,0,0,0
37.71960830699936,1779567093.2921388,4854,40307,7,12582912,-10,0,0,0
37.724767227000484,1779567093.2972987,4855,40308,0,12582912,-14,0,0,0
37.724767227000484,1779567093.2972987,4855,40309,1,12582912,-16,0,0,0
37.724767227000484,1779567093.2972987,4855,40310,2,12582912,-16,0,0,0
37.724767227000484,1779567093.2972987,4855,40311,3,12582912,-16,0,0,0
37.724767227000484,1779567093.2972987,4855,40312,4,12582912,-17,0,0,0
37.724767227000484,1779567093.2972987,4855,40313,5,12582912,-19,0,0,0
37.724767227000484,1779567093.2972987,4855,40314,6,12582912,-21,0,0,0
37.724767227000484,1779567093.2972987,4855,40315,7,12582912,-20,0,0,0
37.74633080700005,1779567093.3188612,4856,40316,0,12582912,-17,0,0,0
37.74633080700005,1779567093.3188612,4856,40317,1,12582912,-14,0,0,0
37.74633080700005,1779567093.3188612,4856,40318,2,12582912,-13,0,0,0
37.74633080700005,1779567093.3188612,4856,40319,3,12582912,-14,0,0,0
37.74633080700005,1779567093.3188612,4856,40320,4,12582912,-14,0,0,0
37.74633080700005,1779567093.3188612,4856,40321,5,12582912,-15,0,0,0
37.74633080700005,1779567093.3188612,4856,40322,6,12582912,-15,0,0,0
37.74633080700005,1779567093.3188612,4856,40323,7,12582912,-14,0,0,0
37.788797978999355,1779567093.3613284,4857,40324,0,12582912,-14,0,0,0
37.788797978999355,1779567093.3613284,4857,40325,1,12582912,-14,0,0,0
37.788797978999355,1779567093.3613284,4857,40326,2,12582912,-14,0,0,0
37.788797978999355,1779567093.3613284,4857,40327,3,12582912,-13,0,0,0
37.788797978999355,1779567093.3613284,4857,40328,4,12582912,-13,0,0,0
37.788797978999355,1779567093.3613284,4857,40329,5,12582912,-13,0,0,0
37.788797978999355,1779567093.3613284,4857,40330,6,12582912,-12,0,0,0
37.788797978999355,1779567093.3613284,4857,40331,7,12582912,-10,0,0,0
37.810364163000486,1779567093.3828945,4858,40332,0,12582912,-8,0,0,0
37.810364163000486,1779567093.3828945,4858,40333,1,12582912,-7,0,0,0
37.810364163000486,1779567093.3828945,4858,40334,2,12582912,-7,0,0,0
37.810364163000486,1779567093.3828945,4858,40335,3,12582912,-5,0,0,0
37.810364163000486,1779567093.3828945,4858,40336,4,12582912,-2,0,0,0
37.810364163000486,1779567093.3828945,4858,40337,5,12582912,-2,0,0,0
37.810364163000486,1779567093.3828945,4858,40338,6,12582912,-2,0,0,0
37.810364163000486,1779567093.3828945,4858,40339,7,12582912,1,0,0,0
37.84593202900032,1779567093.4184625,4859,40340,0,12582912,2,0,0,0
37.84593202900032,1779567093.4184625,4859,40341,1,12582912,-1,0,0,0
37.84593202900032,1779567093.4184625,4859,40342,2,12582912,-5,0,0,0
37.84593202900032,1779567093.4184625,4859,40343,3,12582912,-7,0,0,0
37.84593202900032,1779567093.4184625,4859,40344,4,12582912,-5,0,0,0
37.84593202900032,1779567093.4184625,4859,40345,5,12582912,0,0,0,0
37.84593202900032,1779567093.4184625,4859,40346,6,12582912,3,0,0,0
37.84593202900032,1779567093.4184625,4859,40347,7,12582912,0,0,0,0
37.867399621000004,1779567093.4399304,4860,40348,0,12582912,-3,0,0,0
37.867399621000004,1779567093.4399304,4860,40349,1,12582912,-2,0,0,0
37.867399621000004,1779567093.4399304,4860,40350,2,12582912,1,0,0,0
37.867399621000004,1779567093.4399304,4860,40351,3,12582912,4,0,0,0
37.867399621000004,1779567093.4399304,4860,40352,4,12582912,4,0,0,0
37.867399621000004,1779567093.4399304,4860,40353,5,12582912,0,0,0,0
37.867399621000004,1779567093.4399304,4860,40354,6,12582912,-4,0,0,0
37.867399621000004,1779567093.4399304,4860,40355,7,12582912,-5,0,0,0
37.90991319800014,1779567093.482444,4861,40356,0,12582912,-5,0,0,0
37.90991319800014,1779567093.482444,4861,40357,1,12582912,-4,0,0,0
37.90991319800014,1779567093.482444,4861,40358,2,12582912,-5,0,0,0
37.90991319800014,1779567093.482444,4861,40359,3,12582912,-6,0,0,0
37.90991319800014,1779567093.482444,4861,40360,4,12582912,-7,0,0,0
37.90991319800014,1779567093.482444,4861,40361,5,12582912,-5,0,0,0
37.90991319800014,1779567093.482444,4861,40362,6,12582912,-4,0,0,0
37.90991319800014,1779567093.482444,4861,40363,7,12582912,-5,0,0,0
37.94438363500012,1779567093.516914,4862,40364,0,12582912,-5,0,0,0
37.94438363500012,1779567093.516914,4862,40365,1,12582912,-3,0,0,0
37.94438363500012,1779567093.516914,4862,40366,2,12582912,0,0,0,0
37.94438363500012,1779567093.516914,4862,40367,3,12582912,3,0,0,0
37.94438363500012,1779567093.516914,4862,40368,4,12582912,3,0,0,0
37.94438363500012,1779567093.516914,4862,40369,5,12582912,3,0,0,0
37.94438363500012,1779567093.516914,4862,40370,6,12582912,0,0,0,0
37.94438363500012,1779567093.516914,4862,40371,7,12582912,0,0,0,0
37.965916225999536,1779567093.5384471,4863,40372,0,12582912,4,0,0,0
37.965916225999536,1779567093.5384471,4863,40373,1,12582912,7,0,0,0
37.965916225999536,1779567093.5384471,4863,40374,2,12582912,6,0,0,0
37.965916225999536,1779567093.5384471,4863,40375,3,12582912,7,0,0,0
37.965916225999536,1779567093.5384471,4863,40376,4,12582912,8,0,0,0
37.965916225999536,1779567093.5384471,4863,40377,5,12582912,7,0,0,0
37.965916225999536,1779567093.5384471,4863,40378,6,12582912,0,0,0,0
37.965916225999536,1779567093.5384471,4863,40379,7,12582912,-6,0,0,0
38.0112555350006,1779567093.5837862,4864,40380,0,12582912,-8,0,0,0
38.0112555350006,1779567093.5837862,4864,40381,1,12582912,-5,0,0,0
38.0112555350006,1779567093.5837862,4864,40382,2,12582912,-2,0,0,0
38.0112555350006,1779567093.5837862,4864,40383,3,12582912,-1,0,0,0
38.0112555350006,1779567093.5837862,4864,40384,4,12582912,1,0,0,0
38.0112555350006,1779567093.5837862,4864,40385,5,12582912,4,0,0,0
38.0112555350006,1779567093.5837862,4864,40386,6,12582912,7,0,0,0
38.0112555350006,1779567093.5837862,4864,40387,7,12582912,6,0,0,0
38.069732166000904,1779567093.6422627,4865,40388,0,12582912,2,0,0,0
38.069732166000904,1779567093.6422627,4865,40389,1,12582912,0,0,0,0
38.069732166000904,1779567093.6422627,4865,40390,2,12582912,0,0,0,0
38.069732166000904,1779567093.6422627,4865,40391,3,12582912,1,0,0,0
38.069732166000904,1779567093.6422627,4865,40392,4,12582912,0,0,0,0
38.069732166000904,1779567093.6422627,4865,40393,5,12582912,-1,0,0,0
38.069732166000904,1779567093.6422627,4865,40394,6,12582912,-3,0,0,0
38.069732166000904,1779567093.6422627,4865,40395,7,12582912,-4,0,0,0
38.07012038799985,1779567093.6426506,4866,40396,0,12582912,-5,0,0,0
38.07012038799985,1779567093.6426506,4866,40397,1,12582912,-7,0,0,0
38.07012038799985,1779567093.6426506,4866,40398,2,12582912,-8,0,0,0
38.07012038799985,1779567093.6426506,4866,40399,3,12582912,-8,0,0,0
38.07012038799985,1779567093.6426506,4866,40400,4,12582912,-5,0,0,0
38.07012038799985,1779567093.6426506,4866,40401,5,12582912,-2,0,0,0
38.07012038799985,1779567093.6426506,4866,40402,6,12582912,0,0,0,0
38.07012038799985,1779567093.6426506,4866,40403,7,12582912,0,0,0,0
38.14759856099954,1779567093.7201293,4867,40404,0,12582912,2,0,0,0
38.14759856099954,1779567093.7201293,4867,40405,1,12582912,5,0,0,0
38.14759856099954,1779567093.7201293,4867,40406,2,12582912,7,0,0,0
38.14759856099954,1779567093.7201293,4867,40407,3,12582912,7,0,0,0
38.14759856099954,1779567093.7201293,4867,40408,4,12582912,6,0,0,0
38.14759856099954,1779567093.7201293,4867,40409,5,12582912,5,0,0,0
38.14759856099954,1779567093.7201293,4867,40410,6,12582912,4,0,0,0
38.14759856099954,1779567093.7201293,4867,40411,7,12582912,1,0,0,0
38.14790470099979,1779567093.7204342,4868,40412,0,12582912,-2,0,0,0
38.14790470099979,1779567093.7204342,4868,40413,1,12582912,-2,0,0,0
38.14790470099979,1779567093.7204342,4868,40414,2,12582912,0,0,0,0
38.14790470099979,1779567093.7204342,4868,40415,3,12582912,3,0,0,0
38.14790470099979,1779567093.7204342,4868,40416,4,12582912,4,0,0,0
38.14790470099979,1779567093.7204342,4868,40417,5,12582912,3,0,0,0
38.14790470099979,1779567093.7204342,4868,40418,6,12582912,2,0,0,0
38.14790470099979,1779567093.7204342,4868,40419,7,12582912,2,0,0,0
38.16951421799968,1779567093.742045,4869,40420,0,12582912,3,0,0,0
38.16951421799968,1779567093.742045,4869,40421,1,12582912,6,0,0,0
38.16951421799968,1779567093.742045,4869,40422,2,12582912,9,0,0,0
38.16951421799968,1779567093.742045,4869,40423,3,12582912,9,0,0,0
38.16951421799968,1779567093.742045,4869,40424,4,12582912,8,0,0,0
38.16951421799968,1779567093.742045,4869,40425,5,12582912,8,0,0,0
38.16951421799968,1779567093.742045,4869,40426,6,12582912,7,0,0,0
38.16951421799968,1779567093.742045,4869,40427,7,12582912,4,0,0,0
38.203408728000795,1779567093.7759383,4870,40428,0,12582912,1,0,0,0
38.203408728000795,1779567093.7759383,4870,40429,1,12582912,0,0,0,0
38.203408728000795,1779567093.7759383,4870,40430,2,12582912,1,0,0,0
38.203408728000795,1779567093.7759383,4870,40431,3,12582912,4,0,0,0
38.203408728000795,1779567093.7759383,4870,40432,4,12582912,5,0,0,0
38.203408728000795,1779567093.7759383,4870,40433,5,12582912,1,0,0,0
38.203408728000795,1779567093.7759383,4870,40434,6,12582912,-6,0,0,0
38.203408728000795,1779567093.7759383,4870,40435,7,12582912,-9,0,0,0
38.22439841100095,1779567093.7969282,4871,40436,0,12582912,-7,0,0,0
38.22439841100095,1779567093.7969282,4871,40437,1,12582912,-6,0,0,0
38.22439841100095,1779567093.7969282,4871,40438,2,12582912,-6,0,0,0
38.22439841100095,1779567093.7969282,4871,40439,3,12582912,-6,0,0,0
38.22439841100095,1779567093.7969282,4871,40440,4,12582912,-5,0,0,0
38.22439841100095,1779567093.7969282,4871,40441,5,12582912,-3,0,0,0
38.22439841100095,1779567093.7969282,4871,40442,6,12582912,1,0,0,0
38.22439841100095,1779567093.7969282,4871,40443,7,12582912,2,0,0,0
38.256293529000686,1779567093.828823,4872,40444,0,12582912,1,0,0,0
38.256293529000686,1779567093.828823,4872,40445,1,12582912,-4,0,0,0
38.256293529000686,1779567093.828823,4872,40446,2,12582912,-7,0,0,0
38.256293529000686,1779567093.828823,4872,40447,3,12582912,-8,0,0,0
38.256293529000686,1779567093.828823,4872,40448,4,12582912,-7,0,0,0
38.256293529000686,1779567093.828823,4872,40449,5,12582912,-8,0,0,0
38.256293529000686,1779567093.828823,4872,40450,6,12582912,-13,0,0,0
38.256293529000686,1779567093.828823,4872,40451,7,12582912,-15,0,0,0
38.29884137699992,1779567093.871372,4873,40452,0,12582912,-14,0,0,0
38.29884137699992,1779567093.871372,4873,40453,1,12582912,-11,0,0,0
38.29884137699992,1779567093.871372,4873,40454,2,12582912,-9,0,0,0
38.29884137699992,1779567093.871372,4873,40455,3,12582912,-5,0,0,0
38.29884137699992,1779567093.871372,4873,40456,4,12582912,-2,0,0,0
38.29884137699992,1779567093.871372,4873,40457,5,12582912,-3,0,0,0
38.29884137699992,1779567093.871372,4873,40458,6,12582912,-6,0,0,0
38.29884137699992,1779567093.871372,4873,40459,7,12582912,-7,0,0,0
38.320311990000846,1779567093.8928425,4874,40460,0,12582912,-5,0,0,0
38.320311990000846,1779567093.8928425,4874,40461,1,12582912,-5,0,0,0
38.320311990000846,1779567093.8928425,4874,40462,2,12582912,-7,0,0,0
38.320311990000846,1779567093.8928425,4874,40463,3,12582912,-9,0,0,0
38.320311990000846,1779567093.8928425,4874,40464,4,12582912,-8,0,0,0
38.320311990000846,1779567093.8928425,4874,40465,5,12582912,-5,0,0,0
38.320311990000846,1779567093.8928425,4874,40466,6,12582912,-3,0,0,0
38.320311990000846,1779567093.8928425,4874,40467,7,12582912,-2,0,0,0
38.36288582599991,1779567093.9354165,4875,40468,0,12582912,-4,0,0,0
38.36288582599991,1779567093.9354165,4875,40469,1,12582912,-6,0,0,0
38.36288582599991,1779567093.9354165,4875,40470,2,12582912,-9,0,0,0
38.36288582599991,1779567093.9354165,4875,40471,3,12582912,-11,0,0,0
38.36288582599991,1779567093.9354165,4875,40472,4,12582912,-13,0,0,0
38.36288582599991,1779567093.9354165,4875,40473,5,12582912,-14,0,0,0
38.36288582599991,1779567093.9354165,4875,40474,6,12582912,-15,0,0,0
38.36288582599991,1779567093.9354165,4875,40475,7,12582912,-15,0,0,0
38.38434571000107,1779567093.956876,4876,40476,0,12582912,-14,0,0,0
38.38434571000107,1779567093.956876,4876,40477,1,12582912,-13,0,0,0
38.38434571000107,1779567093.956876,4876,40478,2,12582912,-13,0,0,0
38.38434571000107,1779567093.956876,4876,40479,3,12582912,-12,0,0,0
38.38434571000107,1779567093.956876,4876,40480,4,12582912,-10,0,0,0
38.38434571000107,1779567093.956876,4876,40481,5,12582912,-8,0,0,0
38.38434571000107,1779567093.956876,4876,40482,6,12582912,-9,0,0,0
38.38434571000107,1779567093.956876,4876,40483,7,12582912,-13,0,0,0
38.42684746499981,1779567093.999378,4877,40484,0,12582912,-18,0,0,0
38.42684746499981,1779567093.999378,4877,40485,1,12582912,-18,0,0,0
38.42684746499981,1779567093.999378,4877,40486,2,12582912,-16,0,0,0
38.42684746499981,1779567093.999378,4877,40487,3,12582912,-14,0,0,0
38.42684746499981,1779567093.999378,4877,40488,4,12582912,-15,0,0,0
38.42684746499981,1779567093.999378,4877,40489,5,12582912,-19,0,0,0
38.42684746499981,1779567093.999378,4877,40490,6,12582912,-19,0,0,0
38.42684746499981,1779567093.999378,4877,40491,7,12582912,-16,0,0,0
38.49392165400059,1779567094.0664513,4878,40492,0,12582912,-13,0,0,0
38.49392165400059,1779567094.0664513,4878,40493,1,12582912,-12,0,0,0
38.49392165400059,1779567094.0664513,4878,40494,2,12582912,-11,0,0,0
38.49392165400059,1779567094.0664513,4878,40495,3,12582912,-10,0,0,0
38.49392165400059,1779567094.0664513,4878,40496,4,12582912,-13,0,0,0
38.49392165400059,1779567094.0664513,4878,40497,5,12582912,-18,0,0,0
38.49392165400059,1779567094.0664513,4878,40498,6,12582912,-22,0,0,0
38.49392165400059,1779567094.0664513,4878,40499,7,12582912,-24,0,0,0
38.49402811099935,1779567094.0665565,4879,40500,0,12582912,-26,0,0,0
38.49402811099935,1779567094.0665565,4879,40501,1,12582912,-19,0,0,0
38.49402811099935,1779567094.0665565,4879,40502,2,12582912,3,0,0,0
38.49402811099935,1779567094.0665565,4879,40503,3,12582912,8,0,0,0
38.49402811099935,1779567094.0665565,4879,40504,4,12582912,-27,0,0,0
38.49402811099935,1779567094.0665565,4879,40505,5,12582912,-60,0,0,0
38.49402811099935,1779567094.0665565,4879,40506,6,12582912,-49,0,0,0
38.49402811099935,1779567094.0665565,4879,40507,7,12582912,-10,0,0,0
38.53647950300001,1779567094.10901,4880,40508,0,12582912,5,0,0,0
38.53647950300001,1779567094.10901,4880,40509,1,12582912,-21,0,0,0
38.53647950300001,1779567094.10901,4880,40510,2,12582912,-49,0,0,0
38.53647950300001,1779567094.10901,4880,40511,3,12582912,-44,0,0,0
38.53647950300001,1779567094.10901,4880,40512,4,12582912,-19,0,0,0
38.53647950300001,1779567094.10901,4880,40513,5,12582912,-13,0,0,0
38.53647950300001,1779567094.10901,4880,40514,6,12582912,-36,0,0,0
38.53647950300001,1779567094.10901,4880,40515,7,12582912,-59,0,0,0
38.55800553200061,1779567094.130536,4881,40516,0,12582912,-51,0,0,0
38.55800553200061,1779567094.130536,4881,40517,1,12582912,-23,0,0,0
38.55800553200061,1779567094.130536,4881,40518,2,12582912,-6,0,0,0
38.55800553200061,1779567094.130536,4881,40519,3,12582912,-13,0,0,0
38.55800553200061,1779567094.130536,4881,40520,4,12582912,-26,0,0,0
38.55800553200061,1779567094.130536,4881,40521,5,12582912,-22,0,0,0
38.55800553200061,1779567094.130536,4881,40522,6,12582912,-7,0,0,0
38.55800553200061,1779567094.130536,4881,40523,7,12582912,-1,0,0,0
38.600520568999855,1779567094.173051,4882,40524,0,12582912,-11,0,0,0
38.600520568999855,1779567094.173051,4882,40525,1,12582912,-24,0,0,0
38.600520568999855,1779567094.173051,4882,40526,2,12582912,-22,0,0,0
38.600520568999855,1779567094.173051,4882,40527,3,12582912,-11,0,0,0
38.600520568999855,1779567094.173051,4882,40528,4,12582912,-7,0,0,0
38.600520568999855,1779567094.173051,4882,40529,5,12582912,-16,0,0,0
38.600520568999855,1779567094.173051,4882,40530,6,12582912,-27,0,0,0
38.600520568999855,1779567094.173051,4882,40531,7,12582912,-25,0,0,0
38.62206274399978,1779567094.1945932,4883,40532,0,12582912,-12,0,0,0
38.62206274399978,1779567094.1945932,4883,40533,1,12582912,-5,0,0,0
38.62206274399978,1779567094.1945932,4883,40534,2,12582912,-9,0,0,0
38.62206274399978,1779567094.1945932,4883,40535,3,12582912,-17,0,0,0
38.62206274399978,1779567094.1945932,4883,40536,4,12582912,-17,0,0,0
38.62206274399978,1779567094.1945932,4883,40537,5,12582912,-11,0,0,0
38.62206274399978,1779567094.1945932,4883,40538,6,12582912,-8,0,0,0
38.62206274399978,1779567094.1945932,4883,40539,7,12582912,-13,0,0,0
38.644266261000666,1779567094.2167966,4884,40540,0,12582912,-18,0,0,0
38.644266261000666,1779567094.2167966,4884,40541,1,12582912,-17,0,0,0
38.644266261000666,1779567094.2167966,4884,40542,2,12582912,-11,0,0,0
38.644266261000666,1779567094.2167966,4884,40543,3,12582912,-7,0,0,0
38.644266261000666,1779567094.2167966,4884,40544,4,12582912,-9,0,0,0
38.644266261000666,1779567094.2167966,4884,40545,5,12582912,-11,0,0,0
38.644266261000666,1779567094.2167966,4884,40546,6,12582912,-12,0,0,0
38.644266261000666,1779567094.2167966,4884,40547,7,12582912,-10,0,0,0
38.67989459599994,1779567094.2524254,4885,40548,0,12582912,-9,0,0,0
38.67989459599994,1779567094.2524254,4885,40549,1,12582912,-12,0,0,0
38.67989459599994,1779567094.2524254,4885,40550,2,12582912,-16,0,0,0
38.67989459599994,1779567094.2524254,4885,40551,3,12582912,-14,0,0,0
38.67989459599994,1779567094.2524254,4885,40552,4,12582912,-8,0,0,0
38.67989459599994,1779567094.2524254,4885,40553,5,12582912,-5,0,0,0
38.67989459599994,1779567094.2524254,4885,40554,6,12582912,-8,0,0,0
38.67989459599994,1779567094.2524254,4885,40555,7,12582912,-15,0,0,0
38.714199879999796,1779567094.2867305,4886,40556,0,12582912,-19,0,0,0
38.714199879999796,1779567094.2867305,4886,40557,1,12582912,-16,0,0,0
38.714199879999796,1779567094.2867305,4886,40558,2,12582912,-9,0,0,0
38.714199879999796,1779567094.2867305,4886,40559,3,12582912,-4,0,0,0
38.714199879999796,1779567094.2867305,4886,40560,4,12582912,-2,0,0,0
38.714199879999796,1779567094.2867305,4886,40561,5,12582912,2,0,0,0
38.714199879999796,1779567094.2867305,4886,40562,6,12582912,7,0,0,0
38.714199879999796,1779567094.2867305,4886,40563,7,12582912,10,0,0,0
38.762672885999564,1779567094.3352034,4887,40564,0,12582912,7,0,0,0
38.762672885999564,1779567094.3352034,4887,40565,1,12582912,1,0,0,0
38.762672885999564,1779567094.3352034,4887,40566,2,12582912,-3,0,0,0
38.762672885999564,1779567094.3352034,4887,40567,3,12582912,-4,0,0,0
38.762672885999564,1779567094.3352034,4887,40568,4,12582912,-4,0,0,0
38.762672885999564,1779567094.3352034,4887,40569,5,12582912,-4,0,0,0
38.762672885999564,1779567094.3352034,4887,40570,6,12582912,-3,0,0,0
38.762672885999564,1779567094.3352034,4887,40571,7,12582912,3,0,0,0
38.78415511300045,1779567094.3566854,4888,40572,0,12582912,9,0,0,0
38.78415511300045,1779567094.3566854,4888,40573,1,12582912,13,0,0,0
38.78415511300045,1779567094.3566854,4888,40574,2,12582912,12,0,0,0
38.78415511300045,1779567094.3566854,4888,40575,3,12582912,9,0,0,0
38.78415511300045,1779567094.3566854,4888,40576,4,12582912,10,0,0,0
38.78415511300045,1779567094.3566854,4888,40577,5,12582912,13,0,0,0
38.78415511300045,1779567094.3566854,4888,40578,6,12582912,17,0,0,0
38.78415511300045,1779567094.3566854,4888,40579,7,12582912,19,0,0,0
38.80566083099984,1779567094.3781915,4889,40580,0,12582912,19,0,0,0
38.80566083099984,1779567094.3781915,4889,40581,1,12582912,17,0,0,0
38.80566083099984,1779567094.3781915,4889,40582,2,12582912,14,0,0,0
38.80566083099984,1779567094.3781915,4889,40583,3,12582912,12,0,0,0
38.80566083099984,1779567094.3781915,4889,40584,4,12582912,11,0,0,0
38.80566083099984,1779567094.3781915,4889,40585,5,12582912,11,0,0,0
38.80566083099984,1779567094.3781915,4889,40586,6,12582912,11,0,0,0
38.80566083099984,1779567094.3781915,4889,40587,7,12582912,12,0,0,0
38.88066040299964,1779567094.45319,4890,40588,0,12582912,15,0,0,0
38.88066040299964,1779567094.45319,4890,40589,1,12582912,16,0,0,0
38.88066040299964,1779567094.45319,4890,40590,2,12582912,13,0,0,0
38.88066040299964,1779567094.45319,4890,40591,3,12582912,10,0,0,0
38.88066040299964,1779567094.45319,4890,40592,4,12582912,10,0,0,0
38.88066040299964,1779567094.45319,4890,40593,5,12582912,10,0,0,0
38.88066040299964,1779567094.45319,4890,40594,6,12582912,10,0,0,0
38.88066040299964,1779567094.45319,4890,40595,7,12582912,7,0,0,0
38.88084289899962,1779567094.453372,4891,40596,0,12582912,5,0,0,0
38.88084289899962,1779567094.453372,4891,40597,1,12582912,4,0,0,0
38.88084289899962,1779567094.453372,4891,40598,2,12582912,6,0,0,0
38.88084289899962,1779567094.453372,4891,40599,3,12582912,7,0,0,0
38.88084289899962,1779567094.453372,4891,40600,4,12582912,10,0,0,0
38.88084289899962,1779567094.453372,4891,40601,5,12582912,12,0,0,0
38.88084289899962,1779567094.453372,4891,40602,6,12582912,11,0,0,0
38.88084289899962,1779567094.453372,4891,40603,7,12582912,11,0,0,0
38.91296957600025,1779567094.4855,4892,40604,0,12582912,12,0,0,0
38.91296957600025,1779567094.4855,4892,40605,1,12582912,13,0,0,0
38.91296957600025,1779567094.4855,4892,40606,2,12582912,11,0,0,0
38.91296957600025,1779567094.4855,4892,40607,3,12582912,10,0,0,0
38.91296957600025,1779567094.4855,4892,40608,4,12582912,10,0,0,0
38.91296957600025,1779567094.4855,4892,40609,5,12582912,11,0,0,0
38.91296957600025,1779567094.4855,4892,40610,6,12582912,9,0,0,0
38.91296957600025,1779567094.4855,4892,40611,7,12582912,7,0,0,0
38.934507637000934,1779567094.507038,4893,40612,0,12582912,8,0,0,0
38.934507637000934,1779567094.507038,4893,40613,1,12582912,11,0,0,0
38.934507637000934,1779567094.507038,4893,40614,2,12582912,11,0,0,0
38.934507637000934,1779567094.507038,4893,40615,3,12582912,11,0,0,0
38.934507637000934,1779567094.507038,4893,40616,4,12582912,11,0,0,0
38.934507637000934,1779567094.507038,4893,40617,5,12582912,13,0,0,0
38.934507637000934,1779567094.507038,4893,40618,6,12582912,14,0,0,0
38.934507637000934,1779567094.507038,4893,40619,7,12582912,12,0,0,0
38.968968803999815,1779567094.5414994,4894,40620,0,12582912,7,0,0,0
38.968968803999815,1779567094.5414994,4894,40621,1,12582912,5,0,0,0
38.968968803999815,1779567094.5414994,4894,40622,2,12582912,6,0,0,0
38.968968803999815,1779567094.5414994,4894,40623,3,12582912,7,0,0,0
38.968968803999815,1779567094.5414994,4894,40624,4,12582912,7,0,0,0
38.968968803999815,1779567094.5414994,4894,40625,5,12582912,9,0,0,0
38.968968803999815,1779567094.5414994,4894,40626,6,12582912,11,0,0,0
38.968968803999815,1779567094.5414994,4894,40627,7,12582912,11,0,0,0
39.01146899699961,1779567094.5839994,4895,40628,0,12582912,8,0,0,0
39.01146899699961,1779567094.5839994,4895,40629,1,12582912,2,0,0,0
39.01146899699961,1779567094.5839994,4895,40630,2,12582912,-2,0,0,0
39.01146899699961,1779567094.5839994,4895,40631,3,12582912,0,0,0,0
39.01146899699961,1779567094.5839994,4895,40632,4,12582912,5,0,0,0
39.01146899699961,1779567094.5839994,4895,40633,5,12582912,9,0,0,0
39.01146899699961,1779567094.5839994,4895,40634,6,12582912,12,0,0,0
39.01146899699961,1779567094.5839994,4895,40635,7,12582912,14,0,0,0
39.032932788000835,1779567094.6054633,4896,40636,0,12582912,13,0,0,0
39.032932788000835,1779567094.6054633,4896,40637,1,12582912,14,0,0,0
39.032932788000835,1779567094.6054633,4896,40638,2,12582912,16,0,0,0
39.032932788000835,1779567094.6054633,4896,40639,3,12582912,21,0,0,0
39.032932788000835,1779567094.6054633,4896,40640,4,12582912,23,0,0,0
39.032932788000835,1779567094.6054633,4896,40641,5,12582912,21,0,0,0
39.032932788000835,1779567094.6054633,4896,40642,6,12582912,17,0,0,0
39.032932788000835,1779567094.6054633,4896,40643,7,12582912,14,0,0,0
39.07546334499966,1779567094.6479938,4897,40644,0,12582912,13,0,0,0
39.07546334499966,1779567094.6479938,4897,40645,1,12582912,13,0,0,0
39.07546334499966,1779567094.6479938,4897,40646,2,12582912,10,0,0,0
39.07546334499966,1779567094.6479938,4897,40647,3,12582912,7,0,0,0
39.07546334499966,1779567094.6479938,4897,40648,4,12582912,6,0,0,0
39.07546334499966,1779567094.6479938,4897,40649,5,12582912,6,0,0,0
39.07546334499966,1779567094.6479938,4897,40650,6,12582912,8,0,0,0
39.07546334499966,1779567094.6479938,4897,40651,7,12582912,9,0,0,0
39.13997242400001,1779567094.7125027,4898,40652,0,12582912,10,0,0,0
39.13997242400001,1779567094.7125027,4898,40653,1,12582912,8,0,0,0
39.13997242400001,1779567094.7125027,4898,40654,2,12582912,4,0,0,0
39.13997242400001,1779567094.7125027,4898,40655,3,12582912,3,0,0,0
39.13997242400001,1779567094.7125027,4898,40656,4,12582912,3,0,0,0
39.13997242400001,1779567094.7125027,4898,40657,5,12582912,6,0,0,0
39.13997242400001,1779567094.7125027,4898,40658,6,12582912,9,0,0,0
39.13997242400001,1779567094.7125027,4898,40659,7,12582912,12,0,0,0
39.140270648000296,1779567094.7128,4899,40660,0,12582912,12,0,0,0
39.140270648000296,1779567094.7128,4899,40661,1,12582912,9,0,0,0
39.140270648000296,1779567094.7128,4899,40662,2,12582912,7,0,0,0
39.140270648000296,1779567094.7128,4899,40663,3,12582912,7,0,0,0
39.140270648000296,1779567094.7128,4899,40664,4,12582912,7,0,0,0
39.140270648000296,1779567094.7128,4899,40665,5,12582912,7,0,0,0
39.140270648000296,1779567094.7128,4899,40666,6,12582912,7,0,0,0
39.140270648000296,1779567094.7128,4899,40667,7,12582912,6,0,0,0
39.17595054400044,1779567094.748481,4900,40668,0,12582912,6,0,0,0
39.17595054400044,1779567094.748481,4900,40669,1,12582912,6,0,0,0
39.17595054400044,1779567094.748481,4900,40670,2,12582912,5,0,0,0
39.17595054400044,1779567094.748481,4900,40671,3,12582912,4,0,0,0
39.17595054400044,1779567094.748481,4900,40672,4,12582912,3,0,0,0
39.17595054400044,1779567094.748481,4900,40673,5,12582912,3,0,0,0
39.17595054400044,1779567094.748481,4900,40674,6,12582912,4,0,0,0
39.17595054400044,1779567094.748481,4900,40675,7,12582912,5,0,0,0
39.19741115800025,1779567094.7699416,4901,40676,0,12582912,6,0,0,0
39.19741115800025,1779567094.7699416,4901,40677,1,12582912,9,0,0,0
39.19741115800025,1779567094.7699416,4901,40678,2,12582912,10,0,0,0
39.19741115800025,1779567094.7699416,4901,40679,3,12582912,8,0,0,0
39.19741115800025,1779567094.7699416,4901,40680,4,12582912,4,0,0,0
39.19741115800025,1779567094.7699416,4901,40681,5,12582912,1,0,0,0
39.19741115800025,1779567094.7699416,4901,40682,6,12582912,1,0,0,0
39.19741115800025,1779567094.7699416,4901,40683,7,12582912,3,0,0,0
39.231595871000536,1779567094.8041265,4902,40684,0,12582912,7,0,0,0
39.231595871000536,1779567094.8041265,4902,40685,1,12582912,8,0,0,0
39.231595871000536,1779567094.8041265,4902,40686,2,12582912,6,0,0,0
39.231595871000536,1779567094.8041265,4902,40687,3,12582912,5,0,0,0
39.231595871000536,1779567094.8041265,4902,40688,4,12582912,6,0,0,0
39.231595871000536,1779567094.8041265,4902,40689,5,12582912,6,0,0,0
39.231595871000536,1779567094.8041265,4902,40690,6,12582912,5,0,0,0
39.231595871000536,1779567094.8041265,4902,40691,7,12582912,4,0,0,0
39.2791911839995,1779567094.8517218,4903,40692,0,12582912,3,0,0,0
39.2791911839995,1779567094.8517218,4903,40693,1,12582912,3,0,0,0
39.2791911839995,1779567094.8517218,4903,40694,2,12582912,2,0,0,0
39.2791911839995,1779567094.8517218,4903,40695,3,12582912,2,0,0,0
39.2791911839995,1779567094.8517218,4903,40696,4,12582912,5,0,0,0
39.2791911839995,1779567094.8517218,4903,40697,5,12582912,8,0,0,0
39.2791911839995,1779567094.8517218,4903,40698,6,12582912,8,0,0,0
39.2791911839995,1779567094.8517218,4903,40699,7,12582912,6,0,0,0
39.28612028099997,1779567094.8586512,4904,40700,0,12582912,1,0,0,0
39.28612028099997,1779567094.8586512,4904,40701,1,12582912,-3,0,0,0
39.28612028099997,1779567094.8586512,4904,40702,2,12582912,-5,0,0,0
39.28612028099997,1779567094.8586512,4904,40703,3,12582912,-6,0,0,0
39.28612028099997,1779567094.8586512,4904,40704,4,12582912,-5,0,0,0
39.28612028099997,1779567094.8586512,4904,40705,5,12582912,-4,0,0,0
39.28612028099997,1779567094.8586512,4904,40706,6,12582912,-4,0,0,0
39.28612028099997,1779567094.8586512,4904,40707,7,12582912,-4,0,0,0
39.32861761000095,1779567094.901148,4905,40708,0,12582912,-2,0,0,0
39.32861761000095,1779567094.901148,4905,40709,1,12582912,1,0,0,0
39.32861761000095,1779567094.901148,4905,40710,2,12582912,0,0,0,0
39.32861761000095,1779567094.901148,4905,40711,3,12582912,-7,0,0,0
39.32861761000095,1779567094.901148,4905,40712,4,12582912,-13,0,0,0
39.32861761000095,1779567094.901148,4905,40713,5,12582912,-15,0,0,0
39.32861761000095,1779567094.901148,4905,40714,6,12582912,-14,0,0,0
39.32861761000095,1779567094.901148,4905,40715,7,12582912,-12,0,0,0
39.35012676400038,1779567094.9226575,4906,40716,0,12582912,-8,0,0,0
39.35012676400038,1779567094.9226575,4906,40717,1,12582912,-7,0,0,0
39.35012676400038,1779567094.9226575,4906,40718,2,12582912,-6,0,0,0
39.35012676400038,1779567094.9226575,4906,40719,3,12582912,-7,0,0,0
39.35012676400038,1779567094.9226575,4906,40720,4,12582912,-7,0,0,0
39.35012676400038,1779567094.9226575,4906,40721,5,12582912,-7,0,0,0
39.35012676400038,1779567094.9226575,4906,40722,6,12582912,-6,0,0,0
39.35012676400038,1779567094.9226575,4906,40723,7,12582912,-4,0,0,0
39.38559239300048,1779567094.9581232,4907,40724,0,12582912,-4,0,0,0
39.38559239300048,1779567094.9581232,4907,40725,1,12582912,-4,0,0,0
39.38559239300048,1779567094.9581232,4907,40726,2,12582912,-1,0,0,0
39.38559239300048,1779567094.9581232,4907,40727,3,12582912,2,0,0,0
39.38559239300048,1779567094.9581232,4907,40728,4,12582912,6,0,0,0
39.38559239300048,1779567094.9581232,4907,40729,5,12582912,8,0,0,0
39.38559239300048,1779567094.9581232,4907,40730,6,12582912,7,0,0,0
39.38559239300048,1779567094.9581232,4907,40731,7,12582912,4,0,0,0
39.42805227499957,1779567095.000583,4908,40732,0,12582912,3,0,0,0
39.42805227499957,1779567095.000583,4908,40733,1,12582912,4,0,0,0
39.42805227499957,1779567095.000583,4908,40734,2,12582912,5,0,0,0
39.42805227499957,1779567095.000583,4908,40735,3,12582912,5,0,0,0
39.42805227499957,1779567095.000583,4908,40736,4,12582912,5,0,0,0
39.42805227499957,1779567095.000583,4908,40737,5,12582912,5,0,0,0
39.42805227499957,1779567095.000583,4908,40738,6,12582912,4,0,0,0
39.42805227499957,1779567095.000583,4908,40739,7,12582912,4,0,0,0
39.449501274000795,1779567095.0220315,4909,40740,0,12582912,5,0,0,0
39.449501274000795,1779567095.0220315,4909,40741,1,12582912,6,0,0,0
39.449501274000795,1779567095.0220315,4909,40742,2,12582912,7,0,0,0
39.449501274000795,1779567095.0220315,4909,40743,3,12582912,6,0,0,0
39.449501274000795,1779567095.0220315,4909,40744,4,12582912,4,0,0,0
39.449501274000795,1779567095.0220315,4909,40745,5,12582912,2,0,0,0
39.449501274000795,1779567095.0220315,4909,40746,6,12582912,1,0,0,0
39.449501274000795,1779567095.0220315,4909,40747,7,12582912,1,0,0,0
39.48374083199997,1779567095.0562716,4910,40748,0,12582912,2,0,0,0
39.48374083199997,1779567095.0562716,4910,40749,1,12582912,3,0,0,0
39.48374083199997,1779567095.0562716,4910,40750,2,12582912,3,0,0,0
39.48374083199997,1779567095.0562716,4910,40751,3,12582912,3,0,0,0
39.48374083199997,1779567095.0562716,4910,40752,4,12582912,2,0,0,0
39.48374083199997,1779567095.0562716,4910,40753,5,12582912,1,0,0,0
39.48374083199997,1779567095.0562716,4910,40754,6,12582912,0,0,0,0
39.48374083199997,1779567095.0562716,4910,40755,7,12582912,-3,0,0,0
39.526253943000484,1779567095.0987844,4911,40756,0,12582912,-5,0,0,0
39.526253943000484,1779567095.0987844,4911,40757,1,12582912,-2,0,0,0
39.526253943000484,1779567095.0987844,4911,40758,2,12582912,4,0,0,0
39.526253943000484,1779567095.0987844,4911,40759,3,12582912,8,0,0,0
39.526253943000484,1779567095.0987844,4911,40760,4,12582912,8,0,0,0
39.526253943000484,1779567095.0987844,4911,40761,5,12582912,5,0,0,0
39.526253943000484,1779567095.0987844,4911,40762,6,12582912,3,0,0,0
39.526253943000484,1779567095.0987844,4911,40763,7,12582912,4,0,0,0
39.54773695299991,1779567095.1202676,4912,40764,0,12582912,7,0,0,0
39.54773695299991,1779567095.1202676,4912,40765,1,12582912,10,0,0,0
39.54773695299991,1779567095.1202676,4912,40766,2,12582912,10,0,0,0
39.54773695299991,1779567095.1202676,4912,40767,3,12582912,10,0,0,0
39.54773695299991,1779567095.1202676,4912,40768,4,12582912,10,0,0,0
39.54773695299991,1779567095.1202676,4912,40769,5,12582912,8,0,0,0
39.54773695299991,1779567095.1202676,4912,40770,6,12582912,3,0,0,0
39.54773695299991,1779567095.1202676,4912,40771,7,12582912,-1,0,0,0
39.6053459449995,1779567095.1778765,4913,40772,0,12582912,-2,0,0,0
39.6053459449995,1779567095.1778765,4913,40773,1,12582912,-1,0,0,0
39.6053459449995,1779567095.1778765,4913,40774,2,12582912,0,0,0,0
39.6053459449995,1779567095.1778765,4913,40775,3,12582912,2,0,0,0
39.6053459449995,1779567095.1778765,4913,40776,4,12582912,3,0,0,0
39.6053459449995,1779567095.1778765,4913,40777,5,12582912,3,0,0,0
39.6053459449995,1779567095.1778765,4913,40778,6,12582912,1,0,0,0
39.6053459449995,1779567095.1778765,4913,40779,7,12582912,-2,0,0,0
39.60564495000108,1779567095.178175,4914,40780,0,12582912,-4,0,0,0
39.60564495000108,1779567095.178175,4914,40781,1,12582912,-3,0,0,0
39.60564495000108,1779567095.178175,4914,40782,2,12582912,0,0,0,0
39.60564495000108,1779567095.178175,4914,40783,3,12582912,3,0,0,0
39.60564495000108,1779567095.178175,4914,40784,4,12582912,2,0,0,0
39.60564495000108,1779567095.178175,4914,40785,5,12582912,-2,0,0,0
39.60564495000108,1779567095.178175,4914,40786,6,12582912,-5,0,0,0
39.60564495000108,1779567095.178175,4914,40787,7,12582912,-6,0,0,0
39.67740067500017,1779567095.2499301,4915,40788,0,12582912,-3,0,0,0
39.67740067500017,1779567095.2499301,4915,40789,1,12582912,3,0,0,0
39.67740067500017,1779567095.2499301,4915,40790,2,12582912,6,0,0,0
39.67740067500017,1779567095.2499301,4915,40791,3,12582912,6,0,0,0
39.67740067500017,1779567095.2499301,4915,40792,4,12582912,7,0,0,0
39.67740067500017,1779567095.2499301,4915,40793,5,12582912,9,0,0,0
39.67740067500017,1779567095.2499301,4915,40794,6,12582912,9,0,0,0
39.67740067500017,1779567095.2499301,4915,40795,7,12582912,7,0,0,0
39.677500621000945,1779567095.2500288,4916,40796,0,12582912,4,0,0,0
39.677500621000945,1779567095.2500288,4916,40797,1,12582912,3,0,0,0
39.677500621000945,1779567095.2500288,4916,40798,2,12582912,2,0,0,0
39.677500621000945,1779567095.2500288,4916,40799,3,12582912,3,0,0,0
39.677500621000945,1779567095.2500288,4916,40800,4,12582912,5,0,0,0
39.677500621000945,1779567095.2500288,4916,40801,5,12582912,6,0,0,0
39.677500621000945,1779567095.2500288,4916,40802,6,12582912,5,0,0,0
39.677500621000945,1779567095.2500288,4916,40803,7,12582912,1,0,0,0
39.699491122000836,1779567095.2720215,4917,40804,0,12582912,0,0,0,0
39.699491122000836,1779567095.2720215,4917,40805,1,12582912,-2,0,0,0
39.699491122000836,1779567095.2720215,4917,40806,2,12582912,-8,0,0,0
39.699491122000836,1779567095.2720215,4917,40807,3,12582912,-11,0,0,0
39.699491122000836,1779567095.2720215,4917,40808,4,12582912,-10,0,0,0
39.699491122000836,1779567095.2720215,4917,40809,5,12582912,-9,0,0,0
39.699491122000836,1779567095.2720215,4917,40810,6,12582912,-9,0,0,0
39.699491122000836,1779567095.2720215,4917,40811,7,12582912,-9,0,0,0
39.733858593999685,1779567095.3063893,4918,40812,0,12582912,-10,0,0,0
39.733858593999685,1779567095.3063893,4918,40813,1,12582912,-10,0,0,0
39.733858593999685,1779567095.3063893,4918,40814,2,12582912,-9,0,0,0
39.733858593999685,1779567095.3063893,4918,40815,3,12582912,-10,0,0,0
39.733858593999685,1779567095.3063893,4918,40816,4,12582912,-10,0,0,0
39.733858593999685,1779567095.3063893,4918,40817,5,12582912,-8,0,0,0
39.733858593999685,1779567095.3063893,4918,40818,6,12582912,-2,0,0,0
39.733858593999685,1779567095.3063893,4918,40819,7,12582912,2,0,0,0
39.77633014300045,1779567095.3488605,4919,40820,0,12582912,1,0,0,0
39.77633014300045,1779567095.3488605,4919,40821,1,12582912,0,0,0,0
39.77633014300045,1779567095.3488605,4919,40822,2,12582912,0,0,0,0
39.77633014300045,1779567095.3488605,4919,40823,3,12582912,1,0,0,0
39.77633014300045,1779567095.3488605,4919,40824,4,12582912,4,0,0,0
39.77633014300045,1779567095.3488605,4919,40825,5,12582912,6,0,0,0
39.77633014300045,1779567095.3488605,4919,40826,6,12582912,6,0,0,0
39.77633014300045,1779567095.3488605,4919,40827,7,12582912,6,0,0,0
39.8119304060001,1779567095.3844614,4920,40828,0,12582912,6,0,0,0
39.8119304060001,1779567095.3844614,4920,40829,1,12582912,5,0,0,0
39.8119304060001,1779567095.3844614,4920,40830,2,12582912,3,0,0,0
39.8119304060001,1779567095.3844614,4920,40831,3,12582912,0,0,0,0
39.8119304060001,1779567095.3844614,4920,40832,4,12582912,-3,0,0,0
39.8119304060001,1779567095.3844614,4920,40833,5,12582912,-4,0,0,0
39.8119304060001,1779567095.3844614,4920,40834,6,12582912,-1,0,0,0
39.8119304060001,1779567095.3844614,4920,40835,7,12582912,2,0,0,0
39.83824604000074,1779567095.4107766,4921,40836,0,12582912,5,0,0,0
39.83824604000074,1779567095.4107766,4921,40837,1,12582912,6,0,0,0
39.83824604000074,1779567095.4107766,4921,40838,2,12582912,5,0,0,0
39.83824604000074,1779567095.4107766,4921,40839,3,12582912,2,0,0,0
39.83824604000074,1779567095.4107766,4921,40840,4,12582912,1,0,0,0
39.83824604000074,1779567095.4107766,4921,40841,5,12582912,1,0,0,0
39.83824604000074,1779567095.4107766,4921,40842,6,12582912,0,0,0,0
39.83824604000074,1779567095.4107766,4921,40843,7,12582912,1,0,0,0
39.8597172789996,1779567095.4322479,4922,40844,0,12582912,2,0,0,0
39.8597172789996,1779567095.4322479,4922,40845,1,12582912,0,0,0,0
39.8597172789996,1779567095.4322479,4922,40846,2,12582912,-1,0,0,0
39.8597172789996,1779567095.4322479,4922,40847,3,12582912,1,0,0,0
39.8597172789996,1779567095.4322479,4922,40848,4,12582912,6,0,0,0
39.8597172789996,1779567095.4322479,4922,40849,5,12582912,9,0,0,0
39.8597172789996,1779567095.4322479,4922,40850,6,12582912,11,0,0,0
39.8597172789996,1779567095.4322479,4922,40851,7,12582912,13,0,0,0
39.90222528599952,1779567095.4747555,4923,40852,0,12582912,16,0,0,0
39.90222528599952,1779567095.4747555,4923,40853,1,12582912,19,0,0,0
39.90222528599952,1779567095.4747555,4923,40854,2,12582912,19,0,0,0
39.90222528599952,1779567095.4747555,4923,40855,3,12582912,14,0,0,0
39.90222528599952,1779567095.4747555,4923,40856,4,12582912,10,0,0,0
39.90222528599952,1779567095.4747555,4923,40857,5,12582912,9,0,0,0
39.90222528599952,1779567095.4747555,4923,40858,6,12582912,11,0,0,0
39.90222528599952,1779567095.4747555,4923,40859,7,12582912,13,0,0,0
39.92369225400034,1779567095.4962227,4924,40860,0,12582912,15,0,0,0
39.92369225400034,1779567095.4962227,4924,40861,1,12582912,15,0,0,0
39.92369225400034,1779567095.4962227,4924,40862,2,12582912,15,0,0,0
39.92369225400034,1779567095.4962227,4924,40863,3,12582912,14,0,0,0
39.92369225400034,1779567095.4962227,4924,40864,4,12582912,14,0,0,0
39.92369225400034,1779567095.4962227,4924,40865,5,12582912,13,0,0,0
39.92369225400034,1779567095.4962227,4924,40866,6,12582912,12,0,0,0
39.92369225400034,1779567095.4962227,4924,40867,7,12582912,12,0,0,0
40.14331784100068,1779567095.7158482,4925,40868,0,12582912,16,0,0,0
40.14331784100068,1779567095.7158482,4925,40869,1,12582912,20,0,0,0
40.14331784100068,1779567095.7158482,4925,40870,2,12582912,21,0,0,0
40.14331784100068,1779567095.7158482,4925,40871,3,12582912,22,0,0,0
40.14331784100068,1779567095.7158482,4925,40872,4,12582912,15,0,0,0
40.14331784100068,1779567095.7158482,4925,40873,5,12582912,4,0,0,0
40.14331784100068,1779567095.7158482,4925,40874,6,12582912,15,0,0,0
40.14331784100068,1779567095.7158482,4925,40875,7,12582912,34,0,0,0
40.17754213800072,1779567095.7500727,4926,40876,0,12582912,20,0,0,0
40.17754213800072,1779567095.7500727,4926,40877,1,12582912,-20,0,0,0
40.17754213800072,1779567095.7500727,4926,40878,2,12582912,-37,0,0,0
40.17754213800072,1779567095.7500727,4926,40879,3,12582912,-10,0,0,0
40.17754213800072,1779567095.7500727,4926,40880,4,12582912,24,0,0,0
40.17754213800072,1779567095.7500727,4926,40881,5,12582912,25,0,0,0
40.17754213800072,1779567095.7500727,4926,40882,6,12582912,-1,0,0,0
40.17754213800072,1779567095.7500727,4926,40883,7,12582912,-13,0,0,0
40.19909920899954,1779567095.7716298,4927,40884,0,12582912,8,0,0,0
40.19909920899954,1779567095.7716298,4927,40885,1,12582912,34,0,0,0
40.19909920899954,1779567095.7716298,4927,40886,2,12582912,34,0,0,0
40.19909920899954,1779567095.7716298,4927,40887,3,12582912,11,0,0,0
40.19909920899954,1779567095.7716298,4927,40888,4,12582912,-2,0,0,0
40.19909920899954,1779567095.7716298,4927,40889,5,12582912,9,0,0,0
40.19909920899954,1779567095.7716298,4927,40890,6,12582912,23,0,0,0
40.19909920899954,1779567095.7716298,4927,40891,7,12582912,16,0,0,0
40.23471431600046,1779567095.807245,4928,40892,0,12582912,-4,0,0,0
40.23471431600046,1779567095.807245,4928,40893,1,12582912,-13,0,0,0
40.23471431600046,1779567095.807245,4928,40894,2,12582912,-1,0,0,0
40.23471431600046,1779567095.807245,4928,40895,3,12582912,15,0,0,0
40.23471431600046,1779567095.807245,4928,40896,4,12582912,13,0,0,0
40.23471431600046,1779567095.807245,4928,40897,5,12582912,-1,0,0,0
40.23471431600046,1779567095.807245,4928,40898,6,12582912,-6,0,0,0
40.23471431600046,1779567095.807245,4928,40899,7,12582912,5,0,0,0
40.25620295000044,1779567095.8287337,4929,40900,0,12582912,17,0,0,0
40.25620295000044,1779567095.8287337,4929,40901,1,12582912,15,0,0,0
40.25620295000044,1779567095.8287337,4929,40902,2,12582912,6,0,0,0
40.25620295000044,1779567095.8287337,4929,40903,3,12582912,4,0,0,0
40.25620295000044,1779567095.8287337,4929,40904,4,12582912,12,0,0,0
40.25620295000044,1779567095.8287337,4929,40905,5,12582912,21,0,0,0
40.25620295000044,1779567095.8287337,4929,40906,6,12582912,23,0,0,0
40.25620295000044,1779567095.8287337,4929,40907,7,12582912,16,0,0,0
40.29866205200051,1779567095.8711927,4930,40908,0,12582912,13,0,0,0
40.29866205200051,1779567095.8711927,4930,40909,1,12582912,17,0,0,0
40.29866205200051,1779567095.8711927,4930,40910,2,12582912,20,0,0,0
40.29866205200051,1779567095.8711927,4930,40911,3,12582912,16,0,0,0
40.29866205200051,1779567095.8711927,4930,40912,4,12582912,8,0,0,0
40.29866205200051,1779567095.8711927,4930,40913,5,12582912,7,0,0,0
40.29866205200051,1779567095.8711927,4930,40914,6,12582912,14,0,0,0
40.29866205200051,1779567095.8711927,4930,40915,7,12582912,22,0,0,0
40.32012037400091,1779567095.892651,4931,40916,0,12582912,23,0,0,0
40.32012037400091,1779567095.892651,4931,40917,1,12582912,17,0,0,0
40.32012037400091,1779567095.892651,4931,40918,2,12582912,12,0,0,0
40.32012037400091,1779567095.892651,4931,40919,3,12582912,15,0,0,0
40.32012037400091,1779567095.892651,4931,40920,4,12582912,23,0,0,0
40.32012037400091,1779567095.892651,4931,40921,5,12582912,23,0,0,0
40.32012037400091,1779567095.892651,4931,40922,6,12582912,14,0,0,0
40.32012037400091,1779567095.892651,4931,40923,7,12582912,5,0,0,0
40.36741939100102,1779567095.9399498,4932,40924,0,12582912,5,0,0,0
40.36741939100102,1779567095.9399498,4932,40925,1,12582912,10,0,0,0
40.36741939100102,1779567095.9399498,4932,40926,2,12582912,11,0,0,0
40.36741939100102,1779567095.9399498,4932,40927,3,12582912,6,0,0,0
40.36741939100102,1779567095.9399498,4932,40928,4,12582912,-2,0,0,0
40.36741939100102,1779567095.9399498,4932,40929,5,12582912,-4,0,0,0
40.36741939100102,1779567095.9399498,4932,40930,6,12582912,-1,0,0,0
40.36741939100102,1779567095.9399498,4932,40931,7,12582912,1,0,0,0
40.388909015000536,1779567095.9614394,4933,40932,0,12582912,0,0,0,0
40.388909015000536,1779567095.9614394,4933,40933,1,12582912,0,0,0,0
40.388909015000536,1779567095.9614394,4933,40934,2,12582912,3,0,0,0
40.388909015000536,1779567095.9614394,4933,40935,3,12582912,9,0,0,0
40.388909015000536,1779567095.9614394,4933,40936,4,12582912,14,0,0,0
40.388909015000536,1779567095.9614394,4933,40937,5,12582912,13,0,0,0
40.388909015000536,1779567095.9614394,4933,40938,6,12582912,10,0,0,0
40.388909015000536,1779567095.9614394,4933,40939,7,12582912,7,0,0,0
40.43433452300087,1779567096.0068638,4934,40940,0,12582912,7,0,0,0
40.43433452300087,1779567096.0068638,4934,40941,1,12582912,6,0,0,0
40.43433452300087,1779567096.0068638,4934,40942,2,12582912,3,0,0,0
40.43433452300087,1779567096.0068638,4934,40943,3,12582912,-2,0,0,0
40.43433452300087,1779567096.0068638,4934,40944,4,12582912,-6,0,0,0
40.43433452300087,1779567096.0068638,4934,40945,5,12582912,-6,0,0,0
40.43433452300087,1779567096.0068638,4934,40946,6,12582912,-6,0,0,0
40.43433452300087,1779567096.0068638,4934,40947,7,12582912,-6,0,0,0
40.45620330800011,1779567096.0287328,4935,40948,0,12582912,-4,0,0,0
40.45620330800011,1779567096.0287328,4935,40949,1,12582912,-1,0,0,0
40.45620330800011,1779567096.0287328,4935,40950,2,12582912,0,0,0,0
40.45620330800011,1779567096.0287328,4935,40951,3,12582912,-3,0,0,0
40.45620330800011,1779567096.0287328,4935,40952,4,12582912,-7,0,0,0
40.45620330800011,1779567096.0287328,4935,40953,5,12582912,-9,0,0,0
40.45620330800011,1779567096.0287328,4935,40954,6,12582912,-7,0,0,0
40.45620330800011,1779567096.0287328,4935,40955,7,12582912,-4,0,0,0
40.478030374999435,1779567096.05056,4936,40956,0,12582912,-4,0,0,0
40.478030374999435,1779567096.05056,4936,40957,1,12582912,-6,0,0,0
40.478030374999435,1779567096.05056,4936,40958,2,12582912,-7,0,0,0
40.478030374999435,1779567096.05056,4936,40959,3,12582912,-5,0,0,0
40.478030374999435,1779567096.05056,4936,40960,4,12582912,-3,0,0,0
40.478030374999435,1779567096.05056,4936,40961,5,12582912,-1,0,0,0
40.478030374999435,1779567096.05056,4936,40962,6,12582912,-1,0,0,0
40.478030374999435,1779567096.05056,4936,40963,7,12582912,0,0,0,0
40.52004563099945,1779567096.0925756,4937,40964,0,12582912,2,0,0,0
40.52004563099945,1779567096.0925756,4937,40965,1,12582912,5,0,0,0
40.52004563099945,1779567096.0925756,4937,40966,2,12582912,9,0,0,0
40.52004563099945,1779567096.0925756,4937,40967,3,12582912,9,0,0,0
40.52004563099945,1779567096.0925756,4937,40968,4,12582912,4,0,0,0
40.52004563099945,1779567096.0925756,4937,40969,5,12582912,0,0,0,0
40.52004563099945,1779567096.0925756,4937,40970,6,12582912,-2,0,0,0
40.52004563099945,1779567096.0925756,4937,40971,7,12582912,-1,0,0,0
40.54224998300015,1779567096.1147804,4938,40972,0,12582912,2,0,0,0
40.54224998300015,1779567096.1147804,4938,40973,1,12582912,2,0,0,0
40.54224998300015,1779567096.1147804,4938,40974,2,12582912,-1,0,0,0
40.54224998300015,1779567096.1147804,4938,40975,3,12582912,-3,0,0,0
40.54224998300015,1779567096.1147804,4938,40976,4,12582912,-4,0,0,0
40.54224998300015,1779567096.1147804,4938,40977,5,12582912,-5,0,0,0
40.54224998300015,1779567096.1147804,4938,40978,6,12582912,-8,0,0,0
40.54224998300015,1779567096.1147804,4938,40979,7,12582912,-11,0,0,0
40.58466424300059,1779567096.157195,4939,40980,0,12582912,-13,0,0,0
40.58466424300059,1779567096.157195,4939,40981,1,12582912,-14,0,0,0
40.58466424300059,1779567096.157195,4939,40982,2,12582912,-13,0,0,0
40.58466424300059,1779567096.157195,4939,40983,3,12582912,-10,0,0,0
40.58466424300059,1779567096.157195,4939,40984,4,12582912,-8,0,0,0
40.58466424300059,1779567096.157195,4939,40985,5,12582912,-5,0,0,0
40.58466424300059,1779567096.157195,4939,40986,6,12582912,-1,0,0,0
40.58466424300059,1779567096.157195,4939,40987,7,12582912,0,0,0,0
40.63904818899937,1779567096.2115781,4940,40988,0,12582912,-1,0,0,0
40.63904818899937,1779567096.2115781,4940,40989,1,12582912,0,0,0,0
40.63904818899937,1779567096.2115781,4940,40990,2,12582912,4,0,0,0
40.63904818899937,1779567096.2115781,4940,40991,3,12582912,6,0,0,0
40.63904818899937,1779567096.2115781,4940,40992,4,12582912,2,0,0,0
40.63904818899937,1779567096.2115781,4940,40993,5,12582912,-2,0,0,0
40.63904818899937,1779567096.2115781,4940,40994,6,12582912,-3,0,0,0
40.63904818899937,1779567096.2115781,4940,40995,7,12582912,-1,0,0,0
40.66006625999944,1779567096.2325964,4941,40996,0,12582912,-2,0,0,0
40.66006625999944,1779567096.2325964,4941,40997,1,12582912,-4,0,0,0
40.66006625999944,1779567096.2325964,4941,40998,2,12582912,-8,0,0,0
40.66006625999944,1779567096.2325964,4941,40999,3,12582912,-10,0,0,0
40.66006625999944,1779567096.2325964,4941,41000,4,12582912,-8,0,0,0
40.66006625999944,1779567096.2325964,4941,41001,5,12582912,3,0,0,0
40.66006625999944,1779567096.2325964,4941,41002,6,12582912,28,0,0,0
40.66006625999944,1779567096.2325964,4941,41003,7,12582912,38,0,0,0
40.68794655400052,1779567096.2604764,4942,41004,0,12582912,9,0,0,0
40.68794655400052,1779567096.2604764,4942,41005,1,12582912,-36,0,0,0
40.68794655400052,1779567096.2604764,4942,41006,2,12582912,-45,0,0,0
40.68794655400052,1779567096.2604764,4942,41007,3,12582912,-10,0,0,0
40.68794655400052,1779567096.2604764,4942,41008,4,12582912,23,0,0,0
40.68794655400052,1779567096.2604764,4942,41009,5,12582912,15,0,0,0
40.68794655400052,1779567096.2604764,4942,41010,6,12582912,-17,0,0,0
40.68794655400052,1779567096.2604764,4942,41011,7,12582912,-27,0,0,0
40.730321752000236,1779567096.3028526,4943,41012,0,12582912,1,0,0,0
40.730321752000236,1779567096.3028526,4943,41013,1,12582912,29,0,0,0
40.730321752000236,1779567096.3028526,4943,41014,2,12582912,27,0,0,0
40.730321752000236,1779567096.3028526,4943,41015,3,12582912,5,0,0,0
40.730321752000236,1779567096.3028526,4943,41016,4,12582912,-3,0,0,0
40.730321752000236,1779567096.3028526,4943,41017,5,12582912,14,0,0,0
40.730321752000236,1779567096.3028526,4943,41018,6,12582912,28,0,0,0
40.730321752000236,1779567096.3028526,4943,41019,7,12582912,19,0,0,0
40.75181320000047,1779567096.3243442,4944,41020,0,12582912,-2,0,0,0
40.75181320000047,1779567096.3243442,4944,41021,1,12582912,-7,0,0,0
40.75181320000047,1779567096.3243442,4944,41022,2,12582912,6,0,0,0
40.75181320000047,1779567096.3243442,4944,41023,3,12582912,17,0,0,0
40.75181320000047,1779567096.3243442,4944,41024,4,12582912,11,0,0,0
40.75181320000047,1779567096.3243442,4944,41025,5,12582912,-5,0,0,0
40.75181320000047,1779567096.3243442,4944,41026,6,12582912,-11,0,0,0
40.75181320000047,1779567096.3243442,4944,41027,7,12582912,-4,0,0,0
40.79470864900031,1779567096.3672395,4945,41028,0,12582912,4,0,0,0
40.79470864900031,1779567096.3672395,4945,41029,1,12582912,0,0,0,0
40.79470864900031,1779567096.3672395,4945,41030,2,12582912,-11,0,0,0
40.79470864900031,1779567096.3672395,4945,41031,3,12582912,-14,0,0,0
40.79470864900031,1779567096.3672395,4945,41032,4,12582912,-9,0,0,0
40.79470864900031,1779567096.3672395,4945,41033,5,12582912,-5,0,0,0
40.79470864900031,1779567096.3672395,4945,41034,6,12582912,-9,0,0,0
40.79470864900031,1779567096.3672395,4945,41035,7,12582912,-18,0,0,0
40.81617608600027,1779567096.3887064,4946,41036,0,12582912,-18,0,0,0
40.81617608600027,1779567096.3887064,4946,41037,1,12582912,-8,0,0,0
40.81617608600027,1779567096.3887064,4946,41038,2,12582912,2,0,0,0
40.81617608600027,1779567096.3887064,4946,41039,3,12582912,6,0,0,0
40.81617608600027,1779567096.3887064,4946,41040,4,12582912,5,0,0,0
40.81617608600027,1779567096.3887064,4946,41041,5,12582912,8,0,0,0
40.81617608600027,1779567096.3887064,4946,41042,6,12582912,15,0,0,0
40.81617608600027,1779567096.3887064,4946,41043,7,12582912,21,0,0,0
40.873149623001154,1779567096.4456801,4947,41044,0,12582912,18,0,0,0
40.873149623001154,1779567096.4456801,4947,41045,1,12582912,7,0,0,0
40.873149623001154,1779567096.4456801,4947,41046,2,12582912,-1,0,0,0
40.873149623001154,1779567096.4456801,4947,41047,3,12582912,-2,0,0,0
40.873149623001154,1779567096.4456801,4947,41048,4,12582912,-1,0,0,0
40.873149623001154,1779567096.4456801,4947,41049,5,12582912,-2,0,0,0
40.873149623001154,1779567096.4456801,4947,41050,6,12582912,-6,0,0,0
40.873149623001154,1779567096.4456801,4947,41051,7,12582912,-8,0,0,0
40.89556704400093,1779567096.4680982,4948,41052,0,12582912,-6,0,0,0
40.89556704400093,1779567096.4680982,4948,41053,1,12582912,0,0,0,0
40.89556704400093,1779567096.4680982,4948,41054,2,12582912,3,0,0,0
40.89556704400093,1779567096.4680982,4948,41055,3,12582912,-1,0,0,0
40.89556704400093,1779567096.4680982,4948,41056,4,12582912,-9,0,0,0
40.89556704400093,1779567096.4680982,4948,41057,5,12582912,-11,0,0,0
40.89556704400093,1779567096.4680982,4948,41058,6,12582912,-10,0,0,0
40.89556704400093,1779567096.4680982,4948,41059,7,12582912,-11,0,0,0
40.91708765800104,1779567096.489618,4949,41060,0,12582912,-17,0,0,0
40.91708765800104,1779567096.489618,4949,41061,1,12582912,-20,0,0,0
40.91708765800104,1779567096.489618,4949,41062,2,12582912,-17,0,0,0
40.91708765800104,1779567096.489618,4949,41063,3,12582912,-12,0,0,0
40.91708765800104,1779567096.489618,4949,41064,4,12582912,-10,0,0,0
40.91708765800104,1779567096.489618,4949,41065,5,12582912,-11,0,0,0
40.91708765800104,1779567096.489618,4949,41066,6,12582912,-9,0,0,0
40.91708765800104,1779567096.489618,4949,41067,7,12582912,-5,0,0,0
40.9518204369997,1779567096.524351,4950,41068,0,12582912,2,0,0,0
40.9518204369997,1779567096.524351,4950,41069,1,12582912,5,0,0,0
40.9518204369997,1779567096.524351,4950,41070,2,12582912,4,0,0,0
40.9518204369997,1779567096.524351,4950,41071,3,12582912,1,0,0,0
40.9518204369997,1779567096.524351,4950,41072,4,12582912,-2,0,0,0
40.9518204369997,1779567096.524351,4950,41073,5,12582912,-3,0,0,0
40.9518204369997,1779567096.524351,4950,41074,6,12582912,-3,0,0,0
40.9518204369997,1779567096.524351,4950,41075,7,12582912,-4,0,0,0
40.9733056870009,1779567096.5458362,4951,41076,0,12582912,-4,0,0,0
40.9733056870009,1779567096.5458362,4951,41077,1,12582912,-5,0,0,0
40.9733056870009,1779567096.5458362,4951,41078,2,12582912,-8,0,0,0
40.9733056870009,1779567096.5458362,4951,41079,3,12582912,-12,0,0,0
40.9733056870009,1779567096.5458362,4951,41080,4,12582912,-13,0,0,0
40.9733056870009,1779567096.5458362,4951,41081,5,12582912,-11,0,0,0
40.9733056870009,1779567096.5458362,4951,41082,6,12582912,-10,0,0,0
40.9733056870009,1779567096.5458362,4951,41083,7,12582912,-11,0,0,0
41.01583187200049,1779567096.5883622,4952,41084,0,12582912,-13,0,0,0
41.01583187200049,1779567096.5883622,4952,41085,1,12582912,-15,0,0,0
41.01583187200049,1779567096.5883622,4952,41086,2,12582912,-18,0,0,0
41.01583187200049,1779567096.5883622,4952,41087,3,12582912,-21,0,0,0
41.01583187200049,1779567096.5883622,4952,41088,4,12582912,-24,0,0,0
41.01583187200049,1779567096.5883622,4952,41089,5,12582912,-25,0,0,0
41.01583187200049,1779567096.5883622,4952,41090,6,12582912,-24,0,0,0
41.01583187200049,1779567096.5883622,4952,41091,7,12582912,-22,0,0,0
41.03740191200086,1779567096.6099327,4953,41092,0,12582912,-20,0,0,0
41.03740191200086,1779567096.6099327,4953,41093,1,12582912,-18,0,0,0
41.03740191200086,1779567096.6099327,4953,41094,2,12582912,-15,0,0,0
41.03740191200086,1779567096.6099327,4953,41095,3,12582912,-12,0,0,0
41.03740191200086,1779567096.6099327,4953,41096,4,12582912,-11,0,0,0
41.03740191200086,1779567096.6099327,4953,41097,5,12582912,-14,0,0,0
41.03740191200086,1779567096.6099327,4953,41098,6,12582912,-16,0,0,0
41.03740191200086,1779567096.6099327,4953,41099,7,12582912,-14,0,0,0
41.07300800899975,1779567096.6455386,4954,41100,0,12582912,-11,0,0,0
41.07300800899975,1779567096.6455386,4954,41101,1,12582912,-11,0,0,0
41.07300800899975,1779567096.6455386,4954,41102,2,12582912,-12,0,0,0
41.07300800899975,1779567096.6455386,4954,41103,3,12582912,-11,0,0,0
41.07300800899975,1779567096.6455386,4954,41104,4,12582912,-10,0,0,0
41.07300800899975,1779567096.6455386,4954,41105,5,12582912,-12,0,0,0
41.07300800899975,1779567096.6455386,4954,41106,6,12582912,-14,0,0,0
41.07300800899975,1779567096.6455386,4954,41107,7,12582912,-12,0,0,0
41.094553466000434,1779567096.667084,4955,41108,0,12582912,-10,0,0,0
41.094553466000434,1779567096.667084,4955,41109,1,12582912,-9,0,0,0
41.094553466000434,1779567096.667084,4955,41110,2,12582912,-11,0,0,0
41.094553466000434,1779567096.667084,4955,41111,3,12582912,-15,0,0,0
41.094553466000434,1779567096.667084,4955,41112,4,12582912,-15,0,0,0
41.094553466000434,1779567096.667084,4955,41113,5,12582912,-11,0,0,0
41.094553466000434,1779567096.667084,4955,41114,6,12582912,-6,0,0,0
41.094553466000434,1779567096.667084,4955,41115,7,12582912,-4,0,0,0
41.158012046000295,1779567096.730543,4956,41116,0,12582912,-6,0,0,0
41.158012046000295,1779567096.730543,4956,41117,1,12582912,-7,0,0,0
41.158012046000295,1779567096.730543,4956,41118,2,12582912,-8,0,0,0
41.158012046000295,1779567096.730543,4956,41119,3,12582912,-10,0,0,0
41.158012046000295,1779567096.730543,4956,41120,4,12582912,-11,0,0,0
41.158012046000295,1779567096.730543,4956,41121,5,12582912,-12,0,0,0
41.158012046000295,1779567096.730543,4956,41122,6,12582912,-12,0,0,0
41.158012046000295,1779567096.730543,4956,41123,7,12582912,-8,0,0,0
41.15831823799999,1779567096.7308478,4957,41124,0,12582912,-4,0,0,0
41.15831823799999,1779567096.7308478,4957,41125,1,12582912,-5,0,0,0
41.15831823799999,1779567096.7308478,4957,41126,2,12582912,-10,0,0,0
41.15831823799999,1779567096.7308478,4957,41127,3,12582912,-12,0,0,0
41.15831823799999,1779567096.7308478,4957,41128,4,12582912,-9,0,0,0
41.15831823799999,1779567096.7308478,4957,41129,5,12582912,-6,0,0,0
41.15831823799999,1779567096.7308478,4957,41130,6,12582912,-5,0,0,0
41.15831823799999,1779567096.7308478,4957,41131,7,12582912,-6,0,0,0
41.19249498499994,1779567096.7650259,4958,41132,0,12582912,-6,0,0,0
41.19249498499994,1779567096.7650259,4958,41133,1,12582912,-6,0,0,0
41.19249498499994,1779567096.7650259,4958,41134,2,12582912,-5,0,0,0
41.19249498499994,1779567096.7650259,4958,41135,3,12582912,-5,0,0,0
41.19249498499994,1779567096.7650259,4958,41136,4,12582912,-6,0,0,0
41.19249498499994,1779567096.7650259,4958,41137,5,12582912,-7,0,0,0
41.19249498499994,1779567096.7650259,4958,41138,6,12582912,-9,0,0,0
41.19249498499994,1779567096.7650259,4958,41139,7,12582912,-11,0,0,0
41.23510189800072,1779567096.8076322,4959,41140,0,12582912,-13,0,0,0
41.23510189800072,1779567096.8076322,4959,41141,1,12582912,-17,0,0,0
41.23510189800072,1779567096.8076322,4959,41142,2,12582912,-19,0,0,0
41.23510189800072,1779567096.8076322,4959,41143,3,12582912,-17,0,0,0
41.23510189800072,1779567096.8076322,4959,41144,4,12582912,-13,0,0,0
41.23510189800072,1779567096.8076322,4959,41145,5,12582912,-11,0,0,0
41.23510189800072,1779567096.8076322,4959,41146,6,12582912,-12,0,0,0
41.23510189800072,1779567096.8076322,4959,41147,7,12582912,-15,0,0,0
41.281978631999664,1779567096.8545094,4960,41148,0,12582912,-17,0,0,0
41.281978631999664,1779567096.8545094,4960,41149,1,12582912,-15,0,0,0
41.281978631999664,1779567096.8545094,4960,41150,2,12582912,-11,0,0,0
41.281978631999664,1779567096.8545094,4960,41151,3,12582912,-8,0,0,0
41.281978631999664,1779567096.8545094,4960,41152,4,12582912,-7,0,0,0
41.281978631999664,1779567096.8545094,4960,41153,5,12582912,-7,0,0,0
41.281978631999664,1779567096.8545094,4960,41154,6,12582912,-9,0,0,0
41.281978631999664,1779567096.8545094,4960,41155,7,12582912,-10,0,0,0
41.319445164999706,1779567096.8919756,4961,41156,0,12582912,-11,0,0,0
41.319445164999706,1779567096.8919756,4961,41157,1,12582912,-14,0,0,0
41.319445164999706,1779567096.8919756,4961,41158,2,12582912,-19,0,0,0
41.319445164999706,1779567096.8919756,4961,41159,3,12582912,-19,0,0,0
41.319445164999706,1779567096.8919756,4961,41160,4,12582912,-16,0,0,0
41.319445164999706,1779567096.8919756,4961,41161,5,12582912,-14,0,0,0
41.319445164999706,1779567096.8919756,4961,41162,6,12582912,-11,0,0,0
41.319445164999706,1779567096.8919756,4961,41163,7,12582912,-9,0,0,0
41.319751826000356,1779567096.8922813,4962,41164,0,12582912,-6,0,0,0
41.319751826000356,1779567096.8922813,4962,41165,1,12582912,-5,0,0,0
41.319751826000356,1779567096.8922813,4962,41166,2,12582912,-6,0,0,0
41.319751826000356,1779567096.8922813,4962,41167,3,12582912,-10,0,0,0
41.319751826000356,1779567096.8922813,4962,41168,4,12582912,-12,0,0,0
41.319751826000356,1779567096.8922813,4962,41169,5,12582912,-13,0,0,0
41.319751826000356,1779567096.8922813,4962,41170,6,12582912,-15,0,0,0
41.319751826000356,1779567096.8922813,4962,41171,7,12582912,-16,0,0,0
41.36162609500025,1779567096.9341557,4963,41172,0,12582912,-14,0,0,0
41.36162609500025,1779567096.9341557,4963,41173,1,12582912,-12,0,0,0
41.36162609500025,1779567096.9341557,4963,41174,2,12582912,-11,0,0,0
41.36162609500025,1779567096.9341557,4963,41175,3,12582912,-10,0,0,0
41.36162609500025,1779567096.9341557,4963,41176,4,12582912,-11,0,0,0
41.36162609500025,1779567096.9341557,4963,41177,5,12582912,-12,0,0,0
41.36162609500025,1779567096.9341557,4963,41178,6,12582912,-12,0,0,0
41.36162609500025,1779567096.9341557,4963,41179,7,12582912,-11,0,0,0
41.382607916999405,1779567096.9551373,4964,41180,0,12582912,-12,0,0,0
41.382607916999405,1779567096.9551373,4964,41181,1,12582912,-14,0,0,0
41.382607916999405,1779567096.9551373,4964,41182,2,12582912,-16,0,0,0
41.382607916999405,1779567096.9551373,4964,41183,3,12582912,-13,0,0,0
41.382607916999405,1779567096.9551373,4964,41184,4,12582912,-9,0,0,0
41.382607916999405,1779567096.9551373,4964,41185,5,12582912,-7,0,0,0
41.382607916999405,1779567096.9551373,4964,41186,6,12582912,-6,0,0,0
41.382607916999405,1779567096.9551373,4964,41187,7,12582912,-6,0,0,0
41.42997834000016,1779567097.0025094,4965,41188,0,12582912,-6,0,0,0
41.42997834000016,1779567097.0025094,4965,41189,1,12582912,-4,0,0,0
41.42997834000016,1779567097.0025094,4965,41190,2,12582912,-2,0,0,0
41.42997834000016,1779567097.0025094,4965,41191,3,12582912,-5,0,0,0
41.42997834000016,1779567097.0025094,4965,41192,4,12582912,-9,0,0,0
41.42997834000016,1779567097.0025094,4965,41193,5,12582912,-10,0,0,0
41.42997834000016,1779567097.0025094,4965,41194,6,12582912,-10,0,0,0
41.42997834000016,1779567097.0025094,4965,41195,7,12582912,-12,0,0,0
41.46413144200051,1779567097.0366623,4966,41196,0,12582912,-14,0,0,0
41.46413144200051,1779567097.0366623,4966,41197,1,12582912,-13,0,0,0
41.46413144200051,1779567097.0366623,4966,41198,2,12582912,-11,0,0,0
41.46413144200051,1779567097.0366623,4966,41199,3,12582912,-7,0,0,0
41.46413144200051,1779567097.0366623,4966,41200,4,12582912,-3,0,0,0
41.46413144200051,1779567097.0366623,4966,41201,5,12582912,-1,0,0,0
41.46413144200051,1779567097.0366623,4966,41202,6,12582912,-1,0,0,0
41.46413144200051,1779567097.0366623,4966,41203,7,12582912,1,0,0,0
41.485638514999664,1779567097.0581691,4967,41204,0,12582912,3,0,0,0
41.485638514999664,1779567097.0581691,4967,41205,1,12582912,5,0,0,0
41.485638514999664,1779567097.0581691,4967,41206,2,12582912,4,0,0,0
41.485638514999664,1779567097.0581691,4967,41207,3,12582912,3,0,0,0
41.485638514999664,1779567097.0581691,4967,41208,4,12582912,1,0,0,0
41.485638514999664,1779567097.0581691,4967,41209,5,12582912,1,0,0,0
41.485638514999664,1779567097.0581691,4967,41210,6,12582912,2,0,0,0
41.485638514999664,1779567097.0581691,4967,41211,7,12582912,2,0,0,0
41.521269091999784,1779567097.0937994,4968,41212,0,12582912,1,0,0,0
41.521269091999784,1779567097.0937994,4968,41213,1,12582912,4,0,0,0
41.521269091999784,1779567097.0937994,4968,41214,2,12582912,8,0,0,0
41.521269091999784,1779567097.0937994,4968,41215,3,12582912,8,0,0,0
41.521269091999784,1779567097.0937994,4968,41216,4,12582912,7,0,0,0
41.521269091999784,1779567097.0937994,4968,41217,5,12582912,8,0,0,0
41.521269091999784,1779567097.0937994,4968,41218,6,12582912,9,0,0,0
41.521269091999784,1779567097.0937994,4968,41219,7,12582912,9,0,0,0
41.54281736200028,1779567097.1153476,4969,41220,0,12582912,9,0,0,0
41.54281736200028,1779567097.1153476,4969,41221,1,12582912,5,0,0,0
41.54281736200028,1779567097.1153476,4969,41222,2,12582912,1,0,0,0
41.54281736200028,1779567097.1153476,4969,41223,3,12582912,2,0,0,0
41.54281736200028,1779567097.1153476,4969,41224,4,12582912,5,0,0,0
41.54281736200028,1779567097.1153476,4969,41225,5,12582912,7,0,0,0
41.54281736200028,1779567097.1153476,4969,41226,6,12582912,5,0,0,0
41.54281736200028,1779567097.1153476,4969,41227,7,12582912,3,0,0,0
41.5852530810007,1779567097.1577835,4970,41228,0,12582912,4,0,0,0
41.5852530810007,1779567097.1577835,4970,41229,1,12582912,6,0,0,0
41.5852530810007,1779567097.1577835,4970,41230,2,12582912,9,0,0,0
41.5852530810007,1779567097.1577835,4970,41231,3,12582912,11,0,0,0
41.5852530810007,1779567097.1577835,4970,41232,4,12582912,10,0,0,0
41.5852530810007,1779567097.1577835,4970,41233,5,12582912,7,0,0,0
41.5852530810007,1779567097.1577835,4970,41234,6,12582912,7,0,0,0
41.5852530810007,1779567097.1577835,4970,41235,7,12582912,8,0,0,0
41.60677666400079,1779567097.1793072,4971,41236,0,12582912,7,0,0,0
41.60677666400079,1779567097.1793072,4971,41237,1,12582912,5,0,0,0
41.60677666400079,1779567097.1793072,4971,41238,2,12582912,2,0,0,0
41.60677666400079,1779567097.1793072,4971,41239,3,12582912,0,0,0,0
41.60677666400079,1779567097.1793072,4971,41240,4,12582912,0,0,0,0
41.60677666400079,1779567097.1793072,4971,41241,5,12582912,3,0,0,0
41.60677666400079,1779567097.1793072,4971,41242,6,12582912,6,0,0,0
41.60677666400079,1779567097.1793072,4971,41243,7,12582912,7,0,0,0
41.649190715999794,1779567097.2217216,4972,41244,0,12582912,8,0,0,0
41.649190715999794,1779567097.2217216,4972,41245,1,12582912,9,0,0,0
41.649190715999794,1779567097.2217216,4972,41246,2,12582912,11,0,0,0
41.649190715999794,1779567097.2217216,4972,41247,3,12582912,12,0,0,0
41.649190715999794,1779567097.2217216,4972,41248,4,12582912,9,0,0,0
41.649190715999794,1779567097.2217216,4972,41249,5,12582912,3,0,0,0
41.649190715999794,1779567097.2217216,4972,41250,6,12582912,-1,0,0,0
41.649190715999794,1779567097.2217216,4972,41251,7,12582912,-2,0,0,0
41.69158299800074,1779567097.2641127,4973,41252,0,12582912,-2,0,0,0
41.69158299800074,1779567097.2641127,4973,41253,1,12582912,2,0,0,0
41.69158299800074,1779567097.2641127,4973,41254,2,12582912,7,0,0,0
41.69158299800074,1779567097.2641127,4973,41255,3,12582912,9,0,0,0
41.69158299800074,1779567097.2641127,4973,41256,4,12582912,9,0,0,0
41.69158299800074,1779567097.2641127,4973,41257,5,12582912,8,0,0,0
41.69158299800074,1779567097.2641127,4973,41258,6,12582912,7,0,0,0
41.69158299800074,1779567097.2641127,4973,41259,7,12582912,7,0,0,0
41.74109427099938,1779567097.3136249,4974,41260,0,12582912,7,0,0,0
41.74109427099938,1779567097.3136249,4974,41261,1,12582912,5,0,0,0
41.74109427099938,1779567097.3136249,4974,41262,2,12582912,3,0,0,0
41.74109427099938,1779567097.3136249,4974,41263,3,12582912,1,0,0,0
41.74109427099938,1779567097.3136249,4974,41264,4,12582912,2,0,0,0
41.74109427099938,1779567097.3136249,4974,41265,5,12582912,4,0,0,0
41.74109427099938,1779567097.3136249,4974,41266,6,12582912,5,0,0,0
41.74109427099938,1779567097.3136249,4974,41267,7,12582912,4,0,0,0
41.741397547000815,1779567097.313927,4975,41268,0,12582912,4,0,0,0
41.741397547000815,1779567097.313927,4975,41269,1,12582912,6,0,0,0
41.741397547000815,1779567097.313927,4975,41270,2,12582912,7,0,0,0
41.741397547000815,1779567097.313927,4975,41271,3,12582912,4,0,0,0
41.741397547000815,1779567097.313927,4975,41272,4,12582912,2,0,0,0
41.741397547000815,1779567097.313927,4975,41273,5,12582912,3,0,0,0
41.741397547000815,1779567097.313927,4975,41274,6,12582912,7,0,0,0
41.741397547000815,1779567097.313927,4975,41275,7,12582912,7,0,0,0
41.78389857699949,1779567097.356429,4976,41276,0,12582912,2,0,0,0
41.78389857699949,1779567097.356429,4976,41277,1,12582912,-2,0,0,0
41.78389857699949,1779567097.356429,4976,41278,2,12582912,-2,0,0,0
41.78389857699949,1779567097.356429,4976,41279,3,12582912,0,0,0,0
41.78389857699949,1779567097.356429,4976,41280,4,12582912,3,0,0,0
41.78389857699949,1779567097.356429,4976,41281,5,12582912,3,0,0,0
41.78389857699949,1779567097.356429,4976,41282,6,12582912,-1,0,0,0
41.78389857699949,1779567097.356429,4976,41283,7,12582912,-3,0,0,0
41.80536231699989,1779567097.3778932,4977,41284,0,12582912,0,0,0,0
41.80536231699989,1779567097.3778932,4977,41285,1,12582912,3,0,0,0
41.80536231699989,1779567097.3778932,4977,41286,2,12582912,7,0,0,0
41.80536231699989,1779567097.3778932,4977,41287,3,12582912,11,0,0,0
41.80536231699989,1779567097.3778932,4977,41288,4,12582912,13,0,0,0
41.80536231699989,1779567097.3778932,4977,41289,5,12582912,13,0,0,0
41.80536231699989,1779567097.3778932,4977,41290,6,12582912,12,0,0,0
41.80536231699989,1779567097.3778932,4977,41291,7,12582912,11,0,0,0
41.847961106001094,1779567097.420492,4978,41292,0,12582912,12,0,0,0
41.847961106001094,1779567097.420492,4978,41293,1,12582912,12,0,0,0
41.847961106001094,1779567097.420492,4978,41294,2,12582912,13,0,0,0
41.847961106001094,1779567097.420492,4978,41295,3,12582912,13,0,0,0
41.847961106001094,1779567097.420492,4978,41296,4,12582912,13,0,0,0
41.847961106001094,1779567097.420492,4978,41297,5,12582912,14,0,0,0
41.847961106001094,1779567097.420492,4978,41298,6,12582912,14,0,0,0
41.847961106001094,1779567097.420492,4978,41299,7,12582912,13,0,0,0
41.86943849199997,1779567097.441969,4979,41300,0,12582912,13,0,0,0
41.86943849199997,1779567097.441969,4979,41301,1,12582912,13,0,0,0
41.86943849199997,1779567097.441969,4979,41302,2,12582912,10,0,0,0
41.86943849199997,1779567097.441969,4979,41303,3,12582912,8,0,0,0
41.86943849199997,1779567097.441969,4979,41304,4,12582912,7,0,0,0
41.86943849199997,1779567097.441969,4979,41305,5,12582912,6,0,0,0
41.86943849199997,1779567097.441969,4979,41306,6,12582912,2,0,0,0
41.86943849199997,1779567097.441969,4979,41307,7,12582912,-2,0,0,0
41.918071342000985,1779567097.4906025,4980,41308,0,12582912,-3,0,0,0
41.918071342000985,1779567097.4906025,4980,41309,1,12582912,-3,0,0,0
41.918071342000985,1779567097.4906025,4980,41310,2,12582912,-3,0,0,0
41.918071342000985,1779567097.4906025,4980,41311,3,12582912,0,0,0,0
41.918071342000985,1779567097.4906025,4980,41312,4,12582912,3,0,0,0
41.918071342000985,1779567097.4906025,4980,41313,5,12582912,3,0,0,0
41.918071342000985,1779567097.4906025,4980,41314,6,12582912,2,0,0,0
41.918071342000985,1779567097.4906025,4980,41315,7,12582912,4,0,0,0
41.96155704299963,1779567097.534088,4981,41316,0,12582912,6,0,0,0
41.96155704299963,1779567097.534088,4981,41317,1,12582912,7,0,0,0
41.96155704299963,1779567097.534088,4981,41318,2,12582912,8,0,0,0
41.96155704299963,1779567097.534088,4981,41319,3,12582912,11,0,0,0
41.96155704299963,1779567097.534088,4981,41320,4,12582912,12,0,0,0
41.96155704299963,1779567097.534088,4981,41321,5,12582912,10,0,0,0
41.96155704299963,1779567097.534088,4981,41322,6,12582912,7,0,0,0
41.96155704299963,1779567097.534088,4981,41323,7,12582912,8,0,0,0
41.961956618999466,1779567097.5344868,4982,41324,0,12582912,11,0,0,0
41.961956618999466,1779567097.5344868,4982,41325,1,12582912,13,0,0,0
41.961956618999466,1779567097.5344868,4982,41326,2,12582912,14,0,0,0
41.961956618999466,1779567097.5344868,4982,41327,3,12582912,14,0,0,0
41.961956618999466,1779567097.5344868,4982,41328,4,12582912,14,0,0,0
41.961956618999466,1779567097.5344868,4982,41329,5,12582912,14,0,0,0
41.961956618999466,1779567097.5344868,4982,41330,6,12582912,15,0,0,0
41.961956618999466,1779567097.5344868,4982,41331,7,12582912,13,0,0,0
42.000356991000444,1779567097.5728872,4983,41332,0,12582912,10,0,0,0
42.000356991000444,1779567097.5728872,4983,41333,1,12582912,8,0,0,0
42.000356991000444,1779567097.5728872,4983,41334,2,12582912,6,0,0,0
42.000356991000444,1779567097.5728872,4983,41335,3,12582912,3,0,0,0
42.000356991000444,1779567097.5728872,4983,41336,4,12582912,1,0,0,0
42.000356991000444,1779567097.5728872,4983,41337,5,12582912,1,0,0,0
42.000356991000444,1779567097.5728872,4983,41338,6,12582912,4,0,0,0
42.000356991000444,1779567097.5728872,4983,41339,7,12582912,8,0,0,0
42.02165443299964,1779567097.5941842,4984,41340,0,12582912,14,0,0,0
42.02165443299964,1779567097.5941842,4984,41341,1,12582912,16,0,0,0
42.02165443299964,1779567097.5941842,4984,41342,2,12582912,15,0,0,0
42.02165443299964,1779567097.5941842,4984,41343,3,12582912,16,0,0,0
42.02165443299964,1779567097.5941842,4984,41344,4,12582912,17,0,0,0
42.02165443299964,1779567097.5941842,4984,41345,5,12582912,17,0,0,0
42.02165443299964,1779567097.5941842,4984,41346,6,12582912,16,0,0,0
42.02165443299964,1779567097.5941842,4984,41347,7,12582912,14,0,0,0
42.08141370300109,1779567097.6539438,4985,41348,0,12582912,15,0,0,0
42.08141370300109,1779567097.6539438,4985,41349,1,12582912,18,0,0,0
42.08141370300109,1779567097.6539438,4985,41350,2,12582912,19,0,0,0
42.08141370300109,1779567097.6539438,4985,41351,3,12582912,15,0,0,0
42.08141370300109,1779567097.6539438,4985,41352,4,12582912,10,0,0,0
42.08141370300109,1779567097.6539438,4985,41353,5,12582912,5,0,0,0
42.08141370300109,1779567097.6539438,4985,41354,6,12582912,1,0,0,0
42.08141370300109,1779567097.6539438,4985,41355,7,12582912,0,0,0,0
42.102700831999755,1779567097.675231,4986,41356,0,12582912,3,0,0,0
42.102700831999755,1779567097.675231,4986,41357,1,12582912,6,0,0,0
42.102700831999755,1779567097.675231,4986,41358,2,12582912,8,0,0,0
42.102700831999755,1779567097.675231,4986,41359,3,12582912,7,0,0,0
42.102700831999755,1779567097.675231,4986,41360,4,12582912,3,0,0,0
42.102700831999755,1779567097.675231,4986,41361,5,12582912,0,0,0,0
42.102700831999755,1779567097.675231,4986,41362,6,12582912,2,0,0,0
42.102700831999755,1779567097.675231,4986,41363,7,12582912,6,0,0,0
42.14667923200068,1779567097.7192097,4987,41364,0,12582912,9,0,0,0
42.14667923200068,1779567097.7192097,4987,41365,1,12582912,10,0,0,0
42.14667923200068,1779567097.7192097,4987,41366,2,12582912,9,0,0,0
42.14667923200068,1779567097.7192097,4987,41367,3,12582912,7,0,0,0
42.14667923200068,1779567097.7192097,4987,41368,4,12582912,5,0,0,0
42.14667923200068,1779567097.7192097,4987,41369,5,12582912,6,0,0,0
42.14667923200068,1779567097.7192097,4987,41370,6,12582912,9,0,0,0
42.14667923200068,1779567097.7192097,4987,41371,7,12582912,11,0,0,0
42.18210137499955,1779567097.754633,4988,41372,0,12582912,12,0,0,0
42.18210137499955,1779567097.754633,4988,41373,1,12582912,12,0,0,0
42.18210137499955,1779567097.754633,4988,41374,2,12582912,14,0,0,0
42.18210137499955,1779567097.754633,4988,41375,3,12582912,15,0,0,0
42.18210137499955,1779567097.754633,4988,41376,4,12582912,11,0,0,0
42.18210137499955,1779567097.754633,4988,41377,5,12582912,7,0,0,0
42.18210137499955,1779567097.754633,4988,41378,6,12582912,6,0,0,0
42.18210137499955,1779567097.754633,4988,41379,7,12582912,5,0,0,0
42.18241866199969,1779567097.7549481,4989,41380,0,12582912,3,0,0,0
42.18241866199969,1779567097.7549481,4989,41381,1,12582912,0,0,0,0
42.18241866199969,1779567097.7549481,4989,41382,2,12582912,-2,0,0,0
42.18241866199969,1779567097.7549481,4989,41383,3,12582912,-3,0,0,0
42.18241866199969,1779567097.7549481,4989,41384,4,12582912,-2,0,0,0
42.18241866199969,1779567097.7549481,4989,41385,5,12582912,2,0,0,0
42.18241866199969,1779567097.7549481,4989,41386,6,12582912,2,0,0,0
42.18241866199969,1779567097.7549481,4989,41387,7,12582912,1,0,0,0
42.21739914600039,1779567097.7899299,4990,41388,0,12582912,1,0,0,0
42.21739914600039,1779567097.7899299,4990,41389,1,12582912,2,0,0,0
42.21739914600039,1779567097.7899299,4990,41390,2,12582912,2,0,0,0
42.21739914600039,1779567097.7899299,4990,41391,3,12582912,2,0,0,0
42.21739914600039,1779567097.7899299,4990,41392,4,12582912,1,0,0,0
42.21739914600039,1779567097.7899299,4990,41393,5,12582912,1,0,0,0
42.21739914600039,1779567097.7899299,4990,41394,6,12582912,4,0,0,0
42.21739914600039,1779567097.7899299,4990,41395,7,12582912,8,0,0,0
42.26027261700074,1779567097.8328032,4991,41396,0,12582912,12,0,0,0
42.26027261700074,1779567097.8328032,4991,41397,1,12582912,15,0,0,0
42.26027261700074,1779567097.8328032,4991,41398,2,12582912,16,0,0,0
42.26027261700074,1779567097.8328032,4991,41399,3,12582912,19,0,0,0
42.26027261700074,1779567097.8328032,4991,41400,4,12582912,25,0,0,0
42.26027261700074,1779567097.8328032,4991,41401,5,12582912,26,0,0,0
42.26027261700074,1779567097.8328032,4991,41402,6,12582912,22,0,0,0
42.26027261700074,1779567097.8328032,4991,41403,7,12582912,17,0,0,0
42.28197942599945,1779567097.8545105,4992,41404,0,12582912,14,0,0,0
42.28197942599945,1779567097.8545105,4992,41405,1,12582912,13,0,0,0
42.28197942599945,1779567097.8545105,4992,41406,2,12582912,10,0,0,0
42.28197942599945,1779567097.8545105,4992,41407,3,12582912,5,0,0,0
42.28197942599945,1779567097.8545105,4992,41408,4,12582912,2,0,0,0
42.28197942599945,1779567097.8545105,4992,41409,5,12582912,1,0,0,0
42.28197942599945,1779567097.8545105,4992,41410,6,12582912,3,0,0,0
42.28197942599945,1779567097.8545105,4992,41411,7,12582912,4,0,0,0
42.324697379999634,1779567097.8972282,4993,41412,0,12582912,5,0,0,0
42.324697379999634,1779567097.8972282,4993,41413,1,12582912,6,0,0,0
42.324697379999634,1779567097.8972282,4993,41414,2,12582912,5,0,0,0
42.324697379999634,1779567097.8972282,4993,41415,3,12582912,5,0,0,0
42.324697379999634,1779567097.8972282,4993,41416,4,12582912,3,0,0,0
42.324697379999634,1779567097.8972282,4993,41417,5,12582912,1,0,0,0
42.324697379999634,1779567097.8972282,4993,41418,6,12582912,-1,0,0,0
42.324697379999634,1779567097.8972282,4993,41419,7,12582912,-1,0,0,0
42.34639491800044,1779567097.9189258,4994,41420,0,12582912,1,0,0,0
42.34639491800044,1779567097.9189258,4994,41421,1,12582912,3,0,0,0
42.34639491800044,1779567097.9189258,4994,41422,2,12582912,7,0,0,0
42.34639491800044,1779567097.9189258,4994,41423,3,12582912,10,0,0,0
42.34639491800044,1779567097.9189258,4994,41424,4,12582912,10,0,0,0
42.34639491800044,1779567097.9189258,4994,41425,5,12582912,9,0,0,0
42.34639491800044,1779567097.9189258,4994,41426,6,12582912,9,0,0,0
42.34639491800044,1779567097.9189258,4994,41427,7,12582912,6,0,0,0
42.40617127199948,1779567097.9787033,4995,41428,0,12582912,2,0,0,0
42.40617127199948,1779567097.9787033,4995,41429,1,12582912,0,0,0,0
42.40617127199948,1779567097.9787033,4995,41430,2,12582912,0,0,0,0
42.40617127199948,1779567097.9787033,4995,41431,3,12582912,0,0,0,0
42.40617127199948,1779567097.9787033,4995,41432,4,12582912,-1,0,0,0
42.40617127199948,1779567097.9787033,4995,41433,5,12582912,0,0,0,0
42.40617127199948,1779567097.9787033,4995,41434,6,12582912,2,0,0,0
42.40617127199948,1779567097.9787033,4995,41435,7,12582912,3,0,0,0
42.41187742200054,1779567097.9844096,4996,41436,0,12582912,0,0,0,0
42.41187742200054,1779567097.9844096,4996,41437,1,12582912,-2,0,0,0
42.41187742200054,1779567097.9844096,4996,41438,2,12582912,0,0,0,0
42.41187742200054,1779567097.9844096,4996,41439,3,12582912,4,0,0,0
42.41187742200054,1779567097.9844096,4996,41440,4,12582912,6,0,0,0
42.41187742200054,1779567097.9844096,4996,41441,5,12582912,3,0,0,0
42.41187742200054,1779567097.9844096,4996,41442,6,12582912,-1,0,0,0
42.41187742200054,1779567097.9844096,4996,41443,7,12582912,-3,0,0,0
42.48621414899935,1779567098.0587454,4997,41444,0,12582912,-2,0,0,0
42.48621414899935,1779567098.0587454,4997,41445,1,12582912,1,0,0,0
42.48621414899935,1779567098.0587454,4997,41446,2,12582912,2,0,0,0
42.48621414899935,1779567098.0587454,4997,41447,3,12582912,4,0,0,0
42.48621414899935,1779567098.0587454,4997,41448,4,12582912,6,0,0,0
42.48621414899935,1779567098.0587454,4997,41449,5,12582912,7,0,0,0
42.48621414899935,1779567098.0587454,4997,41450,6,12582912,9,0,0,0
42.48621414899935,1779567098.0587454,4997,41451,7,12582912,10,0,0,0
42.48652310199941,1779567098.0590527,4998,41452,0,12582912,11,0,0,0
42.48652310199941,1779567098.0590527,4998,41453,1,12582912,11,0,0,0
42.48652310199941,1779567098.0590527,4998,41454,2,12582912,13,0,0,0
42.48652310199941,1779567098.0590527,4998,41455,3,12582912,12,0,0,0
42.48652310199941,1779567098.0590527,4998,41456,4,12582912,8,0,0,0
42.48652310199941,1779567098.0590527,4998,41457,5,12582912,4,0,0,0
42.48652310199941,1779567098.0590527,4998,41458,6,12582912,3,0,0,0
42.48652310199941,1779567098.0590527,4998,41459,7,12582912,2,0,0,0
42.51929242699953,1779567098.0918236,4999,41460,0,12582912,0,0,0,0
42.51929242699953,1779567098.0918236,4999,41461,1,12582912,-1,0,0,0
42.51929242699953,1779567098.0918236,4999,41462,2,12582912,-3,0,0,0
42.51929242699953,1779567098.0918236,4999,41463,3,12582912,-5,0,0,0
42.51929242699953,1779567098.0918236,4999,41464,4,12582912,-5,0,0,0
42.51929242699953,1779567098.0918236,4999,41465,5,12582912,-4,0,0,0
42.51929242699953,1779567098.0918236,4999,41466,6,12582912,-6,0,0,0
42.51929242699953,1779567098.0918236,4999,41467,7,12582912,-9,0,0,0
42.5409404359998,1779567098.1134713,5000,41468,0,12582912,-9,0,0,0
42.5409404359998,1779567098.1134713,5000,41469,1,12582912,-6,0,0,0
42.5409404359998,1779567098.1134713,5000,41470,2,12582912,-4,0,0,0
42.5409404359998,1779567098.1134713,5000,41471,3,12582912,-2,0,0,0
42.5409404359998,1779567098.1134713,5000,41472,4,12582912,1,0,0,0
42.5409404359998,1779567098.1134713,5000,41473,5,12582912,2,0,0,0
42.5409404359998,1779567098.1134713,5000,41474,6,12582912,2,0,0,0
42.5409404359998,1779567098.1134713,5000,41475,7,12582912,2,0,0,0
42.58376443000088,1779567098.1562955,5001,41476,0,12582912,2,0,0,0
42.58376443000088,1779567098.1562955,5001,41477,1,12582912,2,0,0,0
42.58376443000088,1779567098.1562955,5001,41478,2,12582912,2,0,0,0
42.58376443000088,1779567098.1562955,5001,41479,3,12582912,5,0,0,0
42.58376443000088,1779567098.1562955,5001,41480,4,12582912,8,0,0,0
42.58376443000088,1779567098.1562955,5001,41481,5,12582912,7,0,0,0
42.58376443000088,1779567098.1562955,5001,41482,6,12582912,0,0,0,0
42.58376443000088,1779567098.1562955,5001,41483,7,12582912,-4,0,0,0
42.62099336600113,1779567098.1935241,5002,41484,0,12582912,-5,0,0,0
42.62099336600113,1779567098.1935241,5002,41485,1,12582912,-4,0,0,0
42.62099336600113,1779567098.1935241,5002,41486,2,12582912,-4,0,0,0
42.62099336600113,1779567098.1935241,5002,41487,3,12582912,-6,0,0,0
42.62099336600113,1779567098.1935241,5002,41488,4,12582912,-9,0,0,0
42.62099336600113,1779567098.1935241,5002,41489,5,12582912,-9,0,0,0
42.62099336600113,1779567098.1935241,5002,41490,6,12582912,-5,0,0,0
42.62099336600113,1779567098.1935241,5002,41491,7,12582912,-2,0,0,0
42.643590941001094,1779567098.2161222,5003,41492,0,12582912,0,0,0,0
42.643590941001094,1779567098.2161222,5003,41493,1,12582912,2,0,0,0
42.643590941001094,1779567098.2161222,5003,41494,2,12582912,4,0,0,0
42.643590941001094,1779567098.2161222,5003,41495,3,12582912,7,0,0,0
42.643590941001094,1779567098.2161222,5003,41496,4,12582912,8,0,0,0
42.643590941001094,1779567098.2161222,5003,41497,5,12582912,9,0,0,0
42.643590941001094,1779567098.2161222,5003,41498,6,12582912,8,0,0,0
42.643590941001094,1779567098.2161222,5003,41499,7,12582912,7,0,0,0
42.68648717399992,1779567098.259018,5004,41500,0,12582912,8,0,0,0
42.68648717399992,1779567098.259018,5004,41501,1,12582912,13,0,0,0
42.68648717399992,1779567098.259018,5004,41502,2,12582912,6,0,0,0
42.68648717399992,1779567098.259018,5004,41503,3,12582912,-25,0,0,0
42.68648717399992,1779567098.259018,5004,41504,4,12582912,-44,0,0,0
42.68648717399992,1779567098.259018,5004,41505,5,12582912,-18,0,0,0
42.68648717399992,1779567098.259018,5004,41506,6,12582912,23,0,0,0
42.68648717399992,1779567098.259018,5004,41507,7,12582912,29,0,0,0
42.70812252699943,1779567098.2806532,5005,41508,0,12582912,-7,0,0,0
42.70812252699943,1779567098.2806532,5005,41509,1,12582912,-35,0,0,0
42.70812252699943,1779567098.2806532,5005,41510,2,12582912,-20,0,0,0
42.70812252699943,1779567098.2806532,5005,41511,3,12582912,10,0,0,0
42.70812252699943,1779567098.2806532,5005,41512,4,12582912,10,0,0,0
42.70812252699943,1779567098.2806532,5005,41513,5,12582912,-20,0,0,0
42.70812252699943,1779567098.2806532,5005,41514,6,12582912,-39,0,0,0
42.70812252699943,1779567098.2806532,5005,41515,7,12582912,-22,0,0,0
42.7432142079997,1779567098.3157454,5006,41516,0,12582912,10,0,0,0
42.7432142079997,1779567098.3157454,5006,41517,1,12582912,20,0,0,0
42.7432142079997,1779567098.3157454,5006,41518,2,12582912,2,0,0,0
42.7432142079997,1779567098.3157454,5006,41519,3,12582912,-13,0,0,0
42.7432142079997,1779567098.3157454,5006,41520,4,12582912,-3,0,0,0
42.7432142079997,1779567098.3157454,5006,41521,5,12582912,15,0,0,0
42.7432142079997,1779567098.3157454,5006,41522,6,12582912,16,0,0,0
42.7432142079997,1779567098.3157454,5006,41523,7,12582912,-1,0,0,0
42.78595388000031,1779567098.358485,5007,41524,0,12582912,-13,0,0,0
42.78595388000031,1779567098.358485,5007,41525,1,12582912,-4,0,0,0
42.78595388000031,1779567098.358485,5007,41526,2,12582912,15,0,0,0
42.78595388000031,1779567098.358485,5007,41527,3,12582912,19,0,0,0
42.78595388000031,1779567098.358485,5007,41528,4,12582912,6,0,0,0
42.78595388000031,1779567098.358485,5007,41529,5,12582912,-6,0,0,0
42.78595388000031,1779567098.358485,5007,41530,6,12582912,1,0,0,0
42.78595388000031,1779567098.358485,5007,41531,7,12582912,15,0,0,0
42.822628763000466,1779567098.3951592,5008,41532,0,12582912,20,0,0,0
42.822628763000466,1779567098.3951592,5008,41533,1,12582912,10,0,0,0
42.822628763000466,1779567098.3951592,5008,41534,2,12582912,-1,0,0,0
42.822628763000466,1779567098.3951592,5008,41535,3,12582912,1,0,0,0
42.822628763000466,1779567098.3951592,5008,41536,4,12582912,9,0,0,0
42.822628763000466,1779567098.3951592,5008,41537,5,12582912,10,0,0,0
42.822628763000466,1779567098.3951592,5008,41538,6,12582912,0,0,0,0
42.822628763000466,1779567098.3951592,5008,41539,7,12582912,-6,0,0,0
42.873210591000316,1779567098.4457417,5009,41540,0,12582912,-2,0,0,0
42.873210591000316,1779567098.4457417,5009,41541,1,12582912,3,0,0,0
42.873210591000316,1779567098.4457417,5009,41542,2,12582912,0,0,0,0
42.873210591000316,1779567098.4457417,5009,41543,3,12582912,-9,0,0,0
42.873210591000316,1779567098.4457417,5009,41544,4,12582912,-16,0,0,0
42.873210591000316,1779567098.4457417,5009,41545,5,12582912,-13,0,0,0
42.873210591000316,1779567098.4457417,5009,41546,6,12582912,-3,0,0,0
42.873210591000316,1779567098.4457417,5009,41547,7,12582912,4,0,0,0
42.873515534000035,1779567098.446045,5010,41548,0,12582912,4,0,0,0
42.873515534000035,1779567098.446045,5010,41549,1,12582912,-1,0,0,0
42.873515534000035,1779567098.446045,5010,41550,2,12582912,0,0,0,0
42.873515534000035,1779567098.446045,5010,41551,3,12582912,8,0,0,0
42.873515534000035,1779567098.446045,5010,41552,4,12582912,13,0,0,0
42.873515534000035,1779567098.446045,5010,41553,5,12582912,10,0,0,0
42.873515534000035,1779567098.446045,5010,41554,6,12582912,5,0,0,0
42.873515534000035,1779567098.446045,5010,41555,7,12582912,4,0,0,0
42.89582207300009,1779567098.468353,5011,41556,0,12582912,4,0,0,0
42.89582207300009,1779567098.468353,5011,41557,1,12582912,3,0,0,0
42.89582207300009,1779567098.468353,5011,41558,2,12582912,-1,0,0,0
42.89582207300009,1779567098.468353,5011,41559,3,12582912,-3,0,0,0
42.89582207300009,1779567098.468353,5011,41560,4,12582912,0,0,0,0
42.89582207300009,1779567098.468353,5011,41561,5,12582912,4,0,0,0
42.89582207300009,1779567098.468353,5011,41562,6,12582912,5,0,0,0
42.89582207300009,1779567098.468353,5011,41563,7,12582912,3,0,0,0
42.94452252700103,1779567098.5170536,5012,41564,0,12582912,0,0,0,0
42.94452252700103,1779567098.5170536,5012,41565,1,12582912,-1,0,0,0
42.94452252700103,1779567098.5170536,5012,41566,2,12582912,1,0,0,0
42.94452252700103,1779567098.5170536,5012,41567,3,12582912,2,0,0,0
42.94452252700103,1779567098.5170536,5012,41568,4,12582912,-2,0,0,0
42.94452252700103,1779567098.5170536,5012,41569,5,12582912,-9,0,0,0
42.94452252700103,1779567098.5170536,5012,41570,6,12582912,-11,0,0,0
42.94452252700103,1779567098.5170536,5012,41571,7,12582912,-10,0,0,0
42.96619397299946,1779567098.538725,5013,41572,0,12582912,-10,0,0,0
42.96619397299946,1779567098.538725,5013,41573,1,12582912,-9,0,0,0
42.96619397299946,1779567098.538725,5013,41574,2,12582912,-7,0,0,0
42.96619397299946,1779567098.538725,5013,41575,3,12582912,-4,0,0,0
42.96619397299946,1779567098.538725,5013,41576,4,12582912,-3,0,0,0
42.96619397299946,1779567098.538725,5013,41577,5,12582912,-4,0,0,0
42.96619397299946,1779567098.538725,5013,41578,6,12582912,-5,0,0,0
42.96619397299946,1779567098.538725,5013,41579,7,12582912,-5,0,0,0
43.0010698240003,1779567098.5736005,5014,41580,0,12582912,-4,0,0,0
43.0010698240003,1779567098.5736005,5014,41581,1,12582912,-2,0,0,0
43.0010698240003,1779567098.5736005,5014,41582,2,12582912,0,0,0,0
43.0010698240003,1779567098.5736005,5014,41583,3,12582912,0,0,0,0
43.0010698240003,1779567098.5736005,5014,41584,4,12582912,-2,0,0,0
43.0010698240003,1779567098.5736005,5014,41585,5,12582912,-5,0,0,0
43.0010698240003,1779567098.5736005,5014,41586,6,12582912,-8,0,0,0
43.0010698240003,1779567098.5736005,5014,41587,7,12582912,-9,0,0,0
43.03765538500011,1779567098.610186,5015,41588,0,12582912,-9,0,0,0
43.03765538500011,1779567098.610186,5015,41589,1,12582912,-8,0,0,0
43.03765538500011,1779567098.610186,5015,41590,2,12582912,-10,0,0,0
43.03765538500011,1779567098.610186,5015,41591,3,12582912,-11,0,0,0
43.03765538500011,1779567098.610186,5015,41592,4,12582912,-11,0,0,0
43.03765538500011,1779567098.610186,5015,41593,5,12582912,-9,0,0,0
43.03765538500011,1779567098.610186,5015,41594,6,12582912,-7,0,0,0
43.03765538500011,1779567098.610186,5015,41595,7,12582912,-5,0,0,0
43.0593445909999,1779567098.6318753,5016,41596,0,12582912,-2,0,0,0
43.0593445909999,1779567098.6318753,5016,41597,1,12582912,0,0,0,0
43.0593445909999,1779567098.6318753,5016,41598,2,12582912,2,0,0,0
43.0593445909999,1779567098.6318753,5016,41599,3,12582912,1,0,0,0
43.0593445909999,1779567098.6318753,5016,41600,4,12582912,1,0,0,0
43.0593445909999,1779567098.6318753,5016,41601,5,12582912,3,0,0,0
43.0593445909999,1779567098.6318753,5016,41602,6,12582912,8,0,0,0
43.0593445909999,1779567098.6318753,5016,41603,7,12582912,8,0,0,0
43.10203030699995,1779567098.6745613,5017,41604,0,12582912,2,0,0,0
43.10203030699995,1779567098.6745613,5017,41605,1,12582912,0,0,0,0
43.10203030699995,1779567098.6745613,5017,41606,2,12582912,2,0,0,0
43.10203030699995,1779567098.6745613,5017,41607,3,12582912,6,0,0,0
43.10203030699995,1779567098.6745613,5017,41608,4,12582912,7,0,0,0
43.10203030699995,1779567098.6745613,5017,41609,5,12582912,8,0,0,0
43.10203030699995,1779567098.6745613,5017,41610,6,12582912,8,0,0,0
43.10203030699995,1779567098.6745613,5017,41611,7,12582912,7,0,0,0
43.123638420000134,1779567098.6961694,5018,41612,0,12582912,8,0,0,0
43.123638420000134,1779567098.6961694,5018,41613,1,12582912,11,0,0,0
43.123638420000134,1779567098.6961694,5018,41614,2,12582912,10,0,0,0
43.123638420000134,1779567098.6961694,5018,41615,3,12582912,6,0,0,0
43.123638420000134,1779567098.6961694,5018,41616,4,12582912,2,0,0,0
43.123638420000134,1779567098.6961694,5018,41617,5,12582912,0,0,0,0
43.123638420000134,1779567098.6961694,5018,41618,6,12582912,-1,0,0,0
43.123638420000134,1779567098.6961694,5018,41619,7,12582912,0,0,0,0
43.18877796400011,1779567098.7613087,5019,41620,0,12582912,1,0,0,0
43.18877796400011,1779567098.7613087,5019,41621,1,12582912,1,0,0,0
43.18877796400011,1779567098.7613087,5019,41622,2,12582912,-1,0,0,0
43.18877796400011,1779567098.7613087,5019,41623,3,12582912,-4,0,0,0
43.18877796400011,1779567098.7613087,5019,41624,4,12582912,-5,0,0,0
43.18877796400011,1779567098.7613087,5019,41625,5,12582912,-3,0,0,0
43.18877796400011,1779567098.7613087,5019,41626,6,12582912,1,0,0,0
43.18877796400011,1779567098.7613087,5019,41627,7,12582912,2,0,0,0
43.189120822000405,1779567098.7616508,5020,41628,0,12582912,0,0,0,0
43.189120822000405,1779567098.7616508,5020,41629,1,12582912,-3,0,0,0
43.189120822000405,1779567098.7616508,5020,41630,2,12582912,-5,0,0,0
43.189120822000405,1779567098.7616508,5020,41631,3,12582912,-4,0,0,0
43.189120822000405,1779567098.7616508,5020,41632,4,12582912,0,0,0,0
43.189120822000405,1779567098.7616508,5020,41633,5,12582912,2,0,0,0
43.189120822000405,1779567098.7616508,5020,41634,6,12582912,1,0,0,0
43.189120822000405,1779567098.7616508,5020,41635,7,12582912,3,0,0,0
43.28090391300066,1779567098.853434,5021,41636,0,12582912,9,0,0,0
43.28090391300066,1779567098.853434,5021,41637,1,12582912,13,0,0,0
43.28090391300066,1779567098.853434,5021,41638,2,12582912,14,0,0,0
43.28090391300066,1779567098.853434,5021,41639,3,12582912,11,0,0,0
43.28090391300066,1779567098.853434,5021,41640,4,12582912,6,0,0,0
43.28090391300066,1779567098.853434,5021,41641,5,12582912,2,0,0,0
43.28090391300066,1779567098.853434,5021,41642,6,12582912,-2,0,0,0
43.28090391300066,1779567098.853434,5021,41643,7,12582912,-5,0,0,0
43.28102547300114,1779567098.8535538,5022,41644,0,12582912,-6,0,0,0
43.28102547300114,1779567098.8535538,5022,41645,1,12582912,-6,0,0,0
43.28102547300114,1779567098.8535538,5022,41646,2,12582912,-5,0,0,0
43.28102547300114,1779567098.8535538,5022,41647,3,12582912,-5,0,0,0
43.28102547300114,1779567098.8535538,5022,41648,4,12582912,-7,0,0,0
43.28102547300114,1779567098.8535538,5022,41649,5,12582912,-10,0,0,0
43.28102547300114,1779567098.8535538,5022,41650,6,12582912,-10,0,0,0
43.28102547300114,1779567098.8535538,5022,41651,7,12582912,-9,0,0,0
43.316249235000214,1779567098.8887804,5023,41652,0,12582912,-9,0,0,0
43.316249235000214,1779567098.8887804,5023,41653,1,12582912,-9,0,0,0
43.316249235000214,1779567098.8887804,5023,41654,2,12582912,-9,0,0,0
43.316249235000214,1779567098.8887804,5023,41655,3,12582912,-10,0,0,0
43.316249235000214,1779567098.8887804,5023,41656,4,12582912,-9,0,0,0
43.316249235000214,1779567098.8887804,5023,41657,5,12582912,-6,0,0,0
43.316249235000214,1779567098.8887804,5023,41658,6,12582912,-3,0,0,0
43.316249235000214,1779567098.8887804,5023,41659,7,12582912,-3,0,0,0
43.31655141699957,1779567098.8890808,5024,41660,0,12582912,-5,0,0,0
43.31655141699957,1779567098.8890808,5024,41661,1,12582912,-5,0,0,0
43.31655141699957,1779567098.8890808,5024,41662,2,12582912,-3,0,0,0
43.31655141699957,1779567098.8890808,5024,41663,3,12582912,1,0,0,0
43.31655141699957,1779567098.8890808,5024,41664,4,12582912,1,0,0,0
43.31655141699957,1779567098.8890808,5024,41665,5,12582912,1,0,0,0
43.31655141699957,1779567098.8890808,5024,41666,6,12582912,1,0,0,0
43.31655141699957,1779567098.8890808,5024,41667,7,12582912,-1,0,0,0
43.359265465000135,1779567098.9317963,5025,41668,0,12582912,-3,0,0,0
43.359265465000135,1779567098.9317963,5025,41669,1,12582912,-5,0,0,0
43.359265465000135,1779567098.9317963,5025,41670,2,12582912,-6,0,0,0
43.359265465000135,1779567098.9317963,5025,41671,3,12582912,-4,0,0,0
43.359265465000135,1779567098.9317963,5025,41672,4,12582912,-4,0,0,0
43.359265465000135,1779567098.9317963,5025,41673,5,12582912,-5,0,0,0
43.359265465000135,1779567098.9317963,5025,41674,6,12582912,-8,0,0,0
43.359265465000135,1779567098.9317963,5025,41675,7,12582912,-9,0,0,0
43.38120487500055,1779567098.9537356,5026,41676,0,12582912,-7,0,0,0
43.38120487500055,1779567098.9537356,5026,41677,1,12582912,-4,0,0,0
43.38120487500055,1779567098.9537356,5026,41678,2,12582912,-3,0,0,0
43.38120487500055,1779567098.9537356,5026,41679,3,12582912,-6,0,0,0
43.38120487500055,1779567098.9537356,5026,41680,4,12582912,-8,0,0,0
43.38120487500055,1779567098.9537356,5026,41681,5,12582912,-10,0,0,0
43.38120487500055,1779567098.9537356,5026,41682,6,12582912,-11,0,0,0
43.38120487500055,1779567098.9537356,5026,41683,7,12582912,-9,0,0,0
43.423946371000056,1779567098.9964774,5027,41684,0,12582912,-7,0,0,0
43.423946371000056,1779567098.9964774,5027,41685,1,12582912,-6,0,0,0
43.423946371000056,1779567098.9964774,5027,41686,2,12582912,-7,0,0,0
43.423946371000056,1779567098.9964774,5027,41687,3,12582912,-7,0,0,0
43.423946371000056,1779567098.9964774,5027,41688,4,12582912,-8,0,0,0
43.423946371000056,1779567098.9964774,5027,41689,5,12582912,-11,0,0,0
43.423946371000056,1779567098.9964774,5027,41690,6,12582912,-13,0,0,0
43.423946371000056,1779567098.9964774,5027,41691,7,12582912,-14,0,0,0
43.46735020000051,1779567099.039881,5028,41692,0,12582912,-14,0,0,0
43.46735020000051,1779567099.039881,5028,41693,1,12582912,-15,0,0,0
43.46735020000051,1779567099.039881,5028,41694,2,12582912,-13,0,0,0
43.46735020000051,1779567099.039881,5028,41695,3,12582912,-13,0,0,0
43.46735020000051,1779567099.039881,5028,41696,4,12582912,-13,0,0,0
43.46735020000051,1779567099.039881,5028,41697,5,12582912,-13,0,0,0
43.46735020000051,1779567099.039881,5028,41698,6,12582912,-11,0,0,0
43.46735020000051,1779567099.039881,5028,41699,7,12582912,-10,0,0,0
43.48899362600059,1779567099.0615244,5029,41700,0,12582912,-9,0,0,0
43.48899362600059,1779567099.0615244,5029,41701,1,12582912,-7,0,0,0
43.48899362600059,1779567099.0615244,5029,41702,2,12582912,-3,0,0,0
43.48899362600059,1779567099.0615244,5029,41703,3,12582912,-1,0,0,0
43.48899362600059,1779567099.0615244,5029,41704,4,12582912,0,0,0,0
43.48899362600059,1779567099.0615244,5029,41705,5,12582912,-1,0,0,0
43.48899362600059,1779567099.0615244,5029,41706,6,12582912,-2,0,0,0
43.48899362600059,1779567099.0615244,5029,41707,7,12582912,-3,0,0,0
43.523586879000504,1779567099.0961175,5030,41708,0,12582912,-7,0,0,0
43.523586879000504,1779567099.0961175,5030,41709,1,12582912,-13,0,0,0
43.523586879000504,1779567099.0961175,5030,41710,2,12582912,-18,0,0,0
43.523586879000504,1779567099.0961175,5030,41711,3,12582912,-15,0,0,0
43.523586879000504,1779567099.0961175,5030,41712,4,12582912,-11,0,0,0
43.523586879000504,1779567099.0961175,5030,41713,5,12582912,-8,0,0,0
43.523586879000504,1779567099.0961175,5030,41714,6,12582912,-6,0,0,0
43.523586879000504,1779567099.0961175,5030,41715,7,12582912,-5,0,0,0
43.545006870999714,1779567099.1175368,5031,41716,0,12582912,-6,0,0,0
43.545006870999714,1779567099.1175368,5031,41717,1,12582912,-5,0,0,0
43.545006870999714,1779567099.1175368,5031,41718,2,12582912,-1,0,0,0
43.545006870999714,1779567099.1175368,5031,41719,3,12582912,3,0,0,0
43.545006870999714,1779567099.1175368,5031,41720,4,12582912,5,0,0,0
43.545006870999714,1779567099.1175368,5031,41721,5,12582912,4,0,0,0
43.545006870999714,1779567099.1175368,5031,41722,6,12582912,3,0,0,0
43.545006870999714,1779567099.1175368,5031,41723,7,12582912,3,0,0,0
43.56639332300074,1779567099.1389232,5032,41724,0,12582912,1,0,0,0
43.56639332300074,1779567099.1389232,5032,41725,1,12582912,-2,0,0,0
43.56639332300074,1779567099.1389232,5032,41726,2,12582912,-1,0,0,0
43.56639332300074,1779567099.1389232,5032,41727,3,12582912,2,0,0,0
43.56639332300074,1779567099.1389232,5032,41728,4,12582912,2,0,0,0
43.56639332300074,1779567099.1389232,5032,41729,5,12582912,-1,0,0,0
43.56639332300074,1779567099.1389232,5032,41730,6,12582912,-4,0,0,0
43.56639332300074,1779567099.1389232,5032,41731,7,12582912,-2,0,0,0
43.608513111999855,1779567099.181043,5033,41732,0,12582912,1,0,0,0
43.608513111999855,1779567099.181043,5033,41733,1,12582912,0,0,0,0
43.608513111999855,1779567099.181043,5033,41734,2,12582912,-3,0,0,0
43.608513111999855,1779567099.181043,5033,41735,3,12582912,-3,0,0,0
43.608513111999855,1779567099.181043,5033,41736,4,12582912,-2,0,0,0
43.608513111999855,1779567099.181043,5033,41737,5,12582912,0,0,0,0
43.608513111999855,1779567099.181043,5033,41738,6,12582912,0,0,0,0
43.608513111999855,1779567099.181043,5033,41739,7,12582912,-3,0,0,0
43.63079558900063,1779567099.2033257,5034,41740,0,12582912,-7,0,0,0
43.63079558900063,1779567099.2033257,5034,41741,1,12582912,-7,0,0,0
43.63079558900063,1779567099.2033257,5034,41742,2,12582912,-1,0,0,0
43.63079558900063,1779567099.2033257,5034,41743,3,12582912,7,0,0,0
43.63079558900063,1779567099.2033257,5034,41744,4,12582912,11,0,0,0
43.63079558900063,1779567099.2033257,5034,41745,5,12582912,10,0,0,0
43.63079558900063,1779567099.2033257,5034,41746,6,12582912,10,0,0,0
43.63079558900063,1779567099.2033257,5034,41747,7,12582912,11,0,0,0
43.677664201999505,1779567099.2501945,5035,41748,0,12582912,11,0,0,0
43.677664201999505,1779567099.2501945,5035,41749,1,12582912,9,0,0,0
43.677664201999505,1779567099.2501945,5035,41750,2,12582912,9,0,0,0
43.677664201999505,1779567099.2501945,5035,41751,3,12582912,11,0,0,0
43.677664201999505,1779567099.2501945,5035,41752,4,12582912,13,0,0,0
43.677664201999505,1779567099.2501945,5035,41753,5,12582912,14,0,0,0
43.677664201999505,1779567099.2501945,5035,41754,6,12582912,13,0,0,0
43.677664201999505,1779567099.2501945,5035,41755,7,12582912,10,0,0,0
43.69922539000072,1779567099.2717562,5036,41756,0,12582912,7,0,0,0
43.69922539000072,1779567099.2717562,5036,41757,1,12582912,4,0,0,0
43.69922539000072,1779567099.2717562,5036,41758,2,12582912,0,0,0,0
43.69922539000072,1779567099.2717562,5036,41759,3,12582912,-3,0,0,0
43.69922539000072,1779567099.2717562,5036,41760,4,12582912,-7,0,0,0
43.69922539000072,1779567099.2717562,5036,41761,5,12582912,-11,0,0,0
43.69922539000072,1779567099.2717562,5036,41762,6,12582912,-14,0,0,0
43.69922539000072,1779567099.2717562,5036,41763,7,12582912,-16,0,0,0
43.741692880999835,1779567099.314223,5037,41764,0,12582912,-16,0,0,0
43.741692880999835,1779567099.314223,5037,41765,1,12582912,-17,0,0,0
43.741692880999835,1779567099.314223,5037,41766,2,12582912,-16,0,0,0
43.741692880999835,1779567099.314223,5037,41767,3,12582912,-11,0,0,0
43.741692880999835,1779567099.314223,5037,41768,4,12582912,-4,0,0,0
43.741692880999835,1779567099.314223,5037,41769,5,12582912,0,0,0,0
43.741692880999835,1779567099.314223,5037,41770,6,12582912,-2,0,0,0
43.741692880999835,1779567099.314223,5037,41771,7,12582912,-2,0,0,0
43.77147845699983,1779567099.3440082,5038,41772,0,12582912,-1,0,0,0
43.77147845699983,1779567099.3440082,5038,41773,1,12582912,-1,0,0,0
43.77147845699983,1779567099.3440082,5038,41774,2,12582912,-1,0,0,0
43.77147845699983,1779567099.3440082,5038,41775,3,12582912,0,0,0,0
43.77147845699983,1779567099.3440082,5038,41776,4,12582912,0,0,0,0
43.77147845699983,1779567099.3440082,5038,41777,5,12582912,0,0,0,0
43.77147845699983,1779567099.3440082,5038,41778,6,12582912,0,0,0,0
43.77147845699983,1779567099.3440082,5038,41779,7,12582912,-1,0,0,0
43.792642620999686,1779567099.3651724,5039,41780,0,12582912,-2,0,0,0
43.792642620999686,1779567099.3651724,5039,41781,1,12582912,0,0,0,0
43.792642620999686,1779567099.3651724,5039,41782,2,12582912,3,0,0,0
43.792642620999686,1779567099.3651724,5039,41783,3,12582912,5,0,0,0
43.792642620999686,1779567099.3651724,5039,41784,4,12582912,3,0,0,0
43.792642620999686,1779567099.3651724,5039,41785,5,12582912,2,0,0,0
43.792642620999686,1779567099.3651724,5039,41786,6,12582912,2,0,0,0
43.792642620999686,1779567099.3651724,5039,41787,7,12582912,3,0,0,0
43.834904490000554,1779567099.407435,5040,41788,0,12582912,4,0,0,0
43.834904490000554,1779567099.407435,5040,41789,1,12582912,3,0,0,0
43.834904490000554,1779567099.407435,5040,41790,2,12582912,-1,0,0,0
43.834904490000554,1779567099.407435,5040,41791,3,12582912,-6,0,0,0
43.834904490000554,1779567099.407435,5040,41792,4,12582912,-13,0,0,0
43.834904490000554,1779567099.407435,5040,41793,5,12582912,-20,0,0,0
43.834904490000554,1779567099.407435,5040,41794,6,12582912,-26,0,0,0
43.834904490000554,1779567099.407435,5040,41795,7,12582912,-26,0,0,0
43.866662845000974,1779567099.4391935,5041,41796,0,12582912,-20,0,0,0
43.866662845000974,1779567099.4391935,5041,41797,1,12582912,-9,0,0,0
43.866662845000974,1779567099.4391935,5041,41798,2,12582912,0,0,0,0
43.866662845000974,1779567099.4391935,5041,41799,3,12582912,5,0,0,0
43.866662845000974,1779567099.4391935,5041,41800,4,12582912,7,0,0,0
43.866662845000974,1779567099.4391935,5041,41801,5,12582912,7,0,0,0
43.866662845000974,1779567099.4391935,5041,41802,6,12582912,7,0,0,0
43.866662845000974,1779567099.4391935,5041,41803,7,12582912,5,0,0,0
43.88832366600036,1779567099.4608545,5042,41804,0,12582912,2,0,0,0
43.88832366600036,1779567099.4608545,5042,41805,1,12582912,-2,0,0,0
43.88832366600036,1779567099.4608545,5042,41806,2,12582912,-1,0,0,0
43.88832366600036,1779567099.4608545,5042,41807,3,12582912,1,0,0,0
43.88832366600036,1779567099.4608545,5042,41808,4,12582912,2,0,0,0
43.88832366600036,1779567099.4608545,5042,41809,5,12582912,3,0,0,0
43.88832366600036,1779567099.4608545,5042,41810,6,12582912,5,0,0,0
43.88832366600036,1779567099.4608545,5042,41811,7,12582912,7,0,0,0
43.931107141999746,1779567099.5036383,5043,41812,0,12582912,6,0,0,0
43.931107141999746,1779567099.5036383,5043,41813,1,12582912,1,0,0,0
43.931107141999746,1779567099.5036383,5043,41814,2,12582912,-3,0,0,0
43.931107141999746,1779567099.5036383,5043,41815,3,12582912,-5,0,0,0
43.931107141999746,1779567099.5036383,5043,41816,4,12582912,-6,0,0,0
43.931107141999746,1779567099.5036383,5043,41817,5,12582912,-7,0,0,0
43.931107141999746,1779567099.5036383,5043,41818,6,12582912,-9,0,0,0
43.931107141999746,1779567099.5036383,5043,41819,7,12582912,-12,0,0,0
43.95858437300012,1779567099.531115,5044,41820,0,12582912,-16,0,0,0
43.95858437300012,1779567099.531115,5044,41821,1,12582912,-17,0,0,0
43.95858437300012,1779567099.531115,5044,41822,2,12582912,-18,0,0,0
43.95858437300012,1779567099.531115,5044,41823,3,12582912,-19,0,0,0
43.95858437300012,1779567099.531115,5044,41824,4,12582912,-17,0,0,0
43.95858437300012,1779567099.531115,5044,41825,5,12582912,-12,0,0,0
43.95858437300012,1779567099.531115,5044,41826,6,12582912,-9,0,0,0
43.95858437300012,1779567099.531115,5044,41827,7,12582912,-6,0,0,0
44.00164128100005,1779567099.5741725,5045,41828,0,12582912,-4,0,0,0
44.00164128100005,1779567099.5741725,5045,41829,1,12582912,-3,0,0,0
44.00164128100005,1779567099.5741725,5045,41830,2,12582912,-4,0,0,0
44.00164128100005,1779567099.5741725,5045,41831,3,12582912,-5,0,0,0
44.00164128100005,1779567099.5741725,5045,41832,4,12582912,-3,0,0,0
44.00164128100005,1779567099.5741725,5045,41833,5,12582912,0,0,0,0
44.00164128100005,1779567099.5741725,5045,41834,6,12582912,-3,0,0,0
44.00164128100005,1779567099.5741725,5045,41835,7,12582912,-8,0,0,0
44.03799148200051,1779567099.6105223,5046,41836,0,12582912,-10,0,0,0
44.03799148200051,1779567099.6105223,5046,41837,1,12582912,-10,0,0,0
44.03799148200051,1779567099.6105223,5046,41838,2,12582912,-11,0,0,0
44.03799148200051,1779567099.6105223,5046,41839,3,12582912,-12,0,0,0
44.03799148200051,1779567099.6105223,5046,41840,4,12582912,-14,0,0,0
44.03799148200051,1779567099.6105223,5046,41841,5,12582912,-15,0,0,0
44.03799148200051,1779567099.6105223,5046,41842,6,12582912,-12,0,0,0
44.03799148200051,1779567099.6105223,5046,41843,7,12582912,-9,0,0,0
44.118299202000344,1779567099.69083,5047,41844,0,12582912,-8,0,0,0
44.118299202000344,1779567099.69083,5047,41845,1,12582912,-8,0,0,0
44.118299202000344,1779567099.69083,5047,41846,2,12582912,-10,0,0,0
44.118299202000344,1779567099.69083,5047,41847,3,12582912,-14,0,0,0
44.118299202000344,1779567099.69083,5047,41848,4,12582912,-16,0,0,0
44.118299202000344,1779567099.69083,5047,41849,5,12582912,-17,0,0,0
44.118299202000344,1779567099.69083,5047,41850,6,12582912,-17,0,0,0
44.118299202000344,1779567099.69083,5047,41851,7,12582912,-14,0,0,0
44.11861232100091,1779567099.6911418,5048,41852,0,12582912,-10,0,0,0
44.11861232100091,1779567099.6911418,5048,41853,1,12582912,-8,0,0,0
44.11861232100091,1779567099.6911418,5048,41854,2,12582912,-8,0,0,0
44.11861232100091,1779567099.6911418,5048,41855,3,12582912,-9,0,0,0
44.11861232100091,1779567099.6911418,5048,41856,4,12582912,-8,0,0,0
44.11861232100091,1779567099.6911418,5048,41857,5,12582912,-5,0,0,0
44.11861232100091,1779567099.6911418,5048,41858,6,12582912,-2,0,0,0
44.11861232100091,1779567099.6911418,5048,41859,7,12582912,-1,0,0,0
44.11889216000054,1779567099.6914215,5049,41860,0,12582912,-2,0,0,0
44.11889216000054,1779567099.6914215,5049,41861,1,12582912,-1,0,0,0
44.11889216000054,1779567099.6914215,5049,41862,2,12582912,0,0,0,0
44.11889216000054,1779567099.6914215,5049,41863,3,12582912,0,0,0,0
44.11889216000054,1779567099.6914215,5049,41864,4,12582912,-2,0,0,0
44.11889216000054,1779567099.6914215,5049,41865,5,12582912,-5,0,0,0
44.11889216000054,1779567099.6914215,5049,41866,6,12582912,-7,0,0,0
44.11889216000054,1779567099.6914215,5049,41867,7,12582912,-4,0,0,0
44.14341657800105,1779567099.7159476,5050,41868,0,12582912,-2,0,0,0
44.14341657800105,1779567099.7159476,5050,41869,1,12582912,-3,0,0,0
44.14341657800105,1779567099.7159476,5050,41870,2,12582912,-7,0,0,0
44.14341657800105,1779567099.7159476,5050,41871,3,12582912,-14,0,0,0
44.14341657800105,1779567099.7159476,5050,41872,4,12582912,-17,0,0,0
44.14341657800105,1779567099.7159476,5050,41873,5,12582912,-15,0,0,0
44.14341657800105,1779567099.7159476,5050,41874,6,12582912,-13,0,0,0
44.14341657800105,1779567099.7159476,5050,41875,7,12582912,-13,0,0,0
44.21265459300048,1779567099.7851856,5051,41876,0,12582912,-11,0,0,0
44.21265459300048,1779567099.7851856,5051,41877,1,12582912,-7,0,0,0
44.21265459300048,1779567099.7851856,5051,41878,2,12582912,-4,0,0,0
44.21265459300048,1779567099.7851856,5051,41879,3,12582912,-1,0,0,0
44.21265459300048,1779567099.7851856,5051,41880,4,12582912,1,0,0,0
44.21265459300048,1779567099.7851856,5051,41881,5,12582912,2,0,0,0
44.21265459300048,1779567099.7851856,5051,41882,6,12582912,4,0,0,0
44.21265459300048,1779567099.7851856,5051,41883,7,12582912,7,0,0,0
44.21295797300081,1779567099.7854874,5052,41884,0,12582912,8,0,0,0
44.21295797300081,1779567099.7854874,5052,41885,1,12582912,5,0,0,0
44.21295797300081,1779567099.7854874,5052,41886,2,12582912,1,0,0,0
44.21295797300081,1779567099.7854874,5052,41887,3,12582912,-2,0,0,0
44.21295797300081,1779567099.7854874,5052,41888,4,12582912,-4,0,0,0
44.21295797300081,1779567099.7854874,5052,41889,5,12582912,-5,0,0,0
44.21295797300081,1779567099.7854874,5052,41890,6,12582912,-5,0,0,0
44.21295797300081,1779567099.7854874,5052,41891,7,12582912,-5,0,0,0
44.25573384500058,1779567099.828265,5053,41892,0,12582912,-4,0,0,0
44.25573384500058,1779567099.828265,5053,41893,1,12582912,-3,0,0,0
44.25573384500058,1779567099.828265,5053,41894,2,12582912,-4,0,0,0
44.25573384500058,1779567099.828265,5053,41895,3,12582912,-3,0,0,0
44.25573384500058,1779567099.828265,5053,41896,4,12582912,-1,0,0,0
44.25573384500058,1779567099.828265,5053,41897,5,12582912,-1,0,0,0
44.25573384500058,1779567099.828265,5053,41898,6,12582912,-3,0,0,0
44.25573384500058,1779567099.828265,5053,41899,7,12582912,-5,0,0,0
44.30567901900031,1779567099.8782105,5054,41900,0,12582912,-8,0,0,0
44.30567901900031,1779567099.8782105,5054,41901,1,12582912,-10,0,0,0
44.30567901900031,1779567099.8782105,5054,41902,2,12582912,-10,0,0,0
44.30567901900031,1779567099.8782105,5054,41903,3,12582912,-8,0,0,0
44.30567901900031,1779567099.8782105,5054,41904,4,12582912,-5,0,0,0
44.30567901900031,1779567099.8782105,5054,41905,5,12582912,-2,0,0,0
44.30567901900031,1779567099.8782105,5054,41906,6,12582912,0,0,0,0
44.30567901900031,1779567099.8782105,5054,41907,7,12582912,3,0,0,0
44.306056823999825,1779567099.8785863,5055,41908,0,12582912,5,0,0,0
44.306056823999825,1779567099.8785863,5055,41909,1,12582912,5,0,0,0
44.306056823999825,1779567099.8785863,5055,41910,2,12582912,5,0,0,0
44.306056823999825,1779567099.8785863,5055,41911,3,12582912,6,0,0,0
44.306056823999825,1779567099.8785863,5055,41912,4,12582912,7,0,0,0
44.306056823999825,1779567099.8785863,5055,41913,5,12582912,7,0,0,0
44.306056823999825,1779567099.8785863,5055,41914,6,12582912,5,0,0,0
44.306056823999825,1779567099.8785863,5055,41915,7,12582912,1,0,0,0
44.34873936400072,1779567099.9212704,5056,41916,0,12582912,-1,0,0,0
44.34873936400072,1779567099.9212704,5056,41917,1,12582912,-1,0,0,0
44.34873936400072,1779567099.9212704,5056,41918,2,12582912,0,0,0,0
44.34873936400072,1779567099.9212704,5056,41919,3,12582912,-2,0,0,0
44.34873936400072,1779567099.9212704,5056,41920,4,12582912,-4,0,0,0
44.34873936400072,1779567099.9212704,5056,41921,5,12582912,-3,0,0,0
44.34873936400072,1779567099.9212704,5056,41922,6,12582912,1,0,0,0
44.34873936400072,1779567099.9212704,5056,41923,7,12582912,5,0,0,0
44.370420862000174,1779567099.942952,5057,41924,0,12582912,8,0,0,0
44.370420862000174,1779567099.942952,5057,41925,1,12582912,9,0,0,0
44.370420862000174,1779567099.942952,5057,41926,2,12582912,10,0,0,0
44.370420862000174,1779567099.942952,5057,41927,3,12582912,14,0,0,0
44.370420862000174,1779567099.942952,5057,41928,4,12582912,19,0,0,0
44.370420862000174,1779567099.942952,5057,41929,5,12582912,19,0,0,0
44.370420862000174,1779567099.942952,5057,41930,6,12582912,14,0,0,0
44.370420862000174,1779567099.942952,5057,41931,7,12582912,11,0,0,0
44.41329397200025,1779567099.9858248,5058,41932,0,12582912,10,0,0,0
44.41329397200025,1779567099.9858248,5058,41933,1,12582912,9,0,0,0
44.41329397200025,1779567099.9858248,5058,41934,2,12582912,8,0,0,0
44.41329397200025,1779567099.9858248,5058,41935,3,12582912,6,0,0,0
44.41329397200025,1779567099.9858248,5058,41936,4,12582912,5,0,0,0
44.41329397200025,1779567099.9858248,5058,41937,5,12582912,6,0,0,0
44.41329397200025,1779567099.9858248,5058,41938,6,12582912,10,0,0,0
44.41329397200025,1779567099.9858248,5058,41939,7,12582912,14,0,0,0
44.43495479299963,1779567100.0074854,5059,41940,0,12582912,16,0,0,0
44.43495479299963,1779567100.0074854,5059,41941,1,12582912,12,0,0,0
44.43495479299963,1779567100.0074854,5059,41942,2,12582912,5,0,0,0
44.43495479299963,1779567100.0074854,5059,41943,3,12582912,1,0,0,0
44.43495479299963,1779567100.0074854,5059,41944,4,12582912,1,0,0,0
44.43495479299963,1779567100.0074854,5059,41945,5,12582912,4,0,0,0
44.43495479299963,1779567100.0074854,5059,41946,6,12582912,9,0,0,0
44.43495479299963,1779567100.0074854,5059,41947,7,12582912,10,0,0,0
44.46880972700092,1779567100.0413396,5060,41948,0,12582912,9,0,0,0
44.46880972700092,1779567100.0413396,5060,41949,1,12582912,5,0,0,0
44.46880972700092,1779567100.0413396,5060,41950,2,12582912,0,0,0,0
44.46880972700092,1779567100.0413396,5060,41951,3,12582912,-1,0,0,0
44.46880972700092,1779567100.0413396,5060,41952,4,12582912,2,0,0,0
44.46880972700092,1779567100.0413396,5060,41953,5,12582912,5,0,0,0
44.46880972700092,1779567100.0413396,5060,41954,6,12582912,6,0,0,0
44.46880972700092,1779567100.0413396,5060,41955,7,12582912,6,0,0,0
44.521184234999964,1779567100.0937147,5061,41956,0,12582912,8,0,0,0
44.521184234999964,1779567100.0937147,5061,41957,1,12582912,11,0,0,0
44.521184234999964,1779567100.0937147,5061,41958,2,12582912,9,0,0,0
44.521184234999964,1779567100.0937147,5061,41959,3,12582912,4,0,0,0
44.521184234999964,1779567100.0937147,5061,41960,4,12582912,1,0,0,0
44.521184234999964,1779567100.0937147,5061,41961,5,12582912,2,0,0,0
44.521184234999964,1779567100.0937147,5061,41962,6,12582912,6,0,0,0
44.521184234999964,1779567100.0937147,5061,41963,7,12582912,6,0,0,0
44.55219239500002,1779567100.1247232,5062,41964,0,12582912,2,0,0,0
44.55219239500002,1779567100.1247232,5062,41965,1,12582912,-3,0,0,0
44.55219239500002,1779567100.1247232,5062,41966,2,12582912,-5,0,0,0
44.55219239500002,1779567100.1247232,5062,41967,3,12582912,-5,0,0,0
44.55219239500002,1779567100.1247232,5062,41968,4,12582912,-3,0,0,0
44.55219239500002,1779567100.1247232,5062,41969,5,12582912,-2,0,0,0
44.55219239500002,1779567100.1247232,5062,41970,6,12582912,0,0,0,0
44.55219239500002,1779567100.1247232,5062,41971,7,12582912,2,0,0,0
44.57357832600064,1779567100.1461086,5063,41972,0,12582912,3,0,0,0
44.57357832600064,1779567100.1461086,5063,41973,1,12582912,3,0,0,0
44.57357832600064,1779567100.1461086,5063,41974,2,12582912,3,0,0,0
44.57357832600064,1779567100.1461086,5063,41975,3,12582912,3,0,0,0
44.57357832600064,1779567100.1461086,5063,41976,4,12582912,1,0,0,0
44.57357832600064,1779567100.1461086,5063,41977,5,12582912,-1,0,0,0
44.57357832600064,1779567100.1461086,5063,41978,6,12582912,1,0,0,0
44.57357832600064,1779567100.1461086,5063,41979,7,12582912,1,0,0,0
44.595210554000005,1779567100.1677415,5064,41980,0,12582912,1,0,0,0
44.595210554000005,1779567100.1677415,5064,41981,1,12582912,0,0,0,0
44.595210554000005,1779567100.1677415,5064,41982,2,12582912,1,0,0,0
44.595210554000005,1779567100.1677415,5064,41983,3,12582912,4,0,0,0
44.595210554000005,1779567100.1677415,5064,41984,4,12582912,5,0,0,0
44.595210554000005,1779567100.1677415,5064,41985,5,12582912,5,0,0,0
44.595210554000005,1779567100.1677415,5064,41986,6,12582912,4,0,0,0
44.595210554000005,1779567100.1677415,5064,41987,7,12582912,3,0,0,0
44.63798106200011,1779567100.2105122,5065,41988,0,12582912,2,0,0,0
44.63798106200011,1779567100.2105122,5065,41989,1,12582912,3,0,0,0
44.63798106200011,1779567100.2105122,5065,41990,2,12582912,3,0,0,0
44.63798106200011,1779567100.2105122,5065,41991,3,12582912,3,0,0,0
44.63798106200011,1779567100.2105122,5065,41992,4,12582912,0,0,0,0
44.63798106200011,1779567100.2105122,5065,41993,5,12582912,-2,0,0,0
44.63798106200011,1779567100.2105122,5065,41994,6,12582912,-3,0,0,0
44.63798106200011,1779567100.2105122,5065,41995,7,12582912,-4,0,0,0
44.65966756099988,1779567100.232199,5066,41996,0,12582912,-5,0,0,0
44.65966756099988,1779567100.232199,5066,41997,1,12582912,-6,0,0,0
44.65966756099988,1779567100.232199,5066,41998,2,12582912,-4,0,0,0
44.65966756099988,1779567100.232199,5066,41999,3,12582912,-1,0,0,0
44.65966756099988,1779567100.232199,5066,42000,4,12582912,3,0,0,0
44.65966756099988,1779567100.232199,5066,42001,5,12582912,-2,0,0,0
44.65966756099988,1779567100.232199,5066,42002,6,12582912,-21,0,0,0
44.65966756099988,1779567100.232199,5066,42003,7,12582912,-27,0,0,0
44.70272113700048,1779567100.2752523,5067,42004,0,12582912,-6,0,0,0
44.70272113700048,1779567100.2752523,5067,42005,1,12582912,18,0,0,0
44.70272113700048,1779567100.2752523,5067,42006,2,12582912,16,0,0,0
44.70272113700048,1779567100.2752523,5067,42007,3,12582912,-4,0,0,0
44.70272113700048,1779567100.2752523,5067,42008,4,12582912,-14,0,0,0
44.70272113700048,1779567100.2752523,5067,42009,5,12582912,-4,0,0,0
44.70272113700048,1779567100.2752523,5067,42010,6,12582912,12,0,0,0
44.70272113700048,1779567100.2752523,5067,42011,7,12582912,10,0,0,0
44.73864181600038,1779567100.3111727,5068,42012,0,12582912,-5,0,0,0
44.73864181600038,1779567100.3111727,5068,42013,1,12582912,-11,0,0,0
44.73864181600038,1779567100.3111727,5068,42014,2,12582912,2,0,0,0
44.73864181600038,1779567100.3111727,5068,42015,3,12582912,19,0,0,0
44.73864181600038,1779567100.3111727,5068,42016,4,12582912,17,0,0,0
44.73864181600038,1779567100.3111727,5068,42017,5,12582912,1,0,0,0
44.73864181600038,1779567100.3111727,5068,42018,6,12582912,-8,0,0,0
44.73864181600038,1779567100.3111727,5068,42019,7,12582912,-2,0,0,0
44.76029216999996,1779567100.332823,5069,42020,0,12582912,7,0,0,0
44.76029216999996,1779567100.332823,5069,42021,1,12582912,4,0,0,0
44.76029216999996,1779567100.332823,5069,42022,2,12582912,-9,0,0,0
44.76029216999996,1779567100.332823,5069,42023,3,12582912,-13,0,0,0
44.76029216999996,1779567100.332823,5069,42024,4,12582912,-4,0,0,0
44.76029216999996,1779567100.332823,5069,42025,5,12582912,5,0,0,0
44.76029216999996,1779567100.332823,5069,42026,6,12582912,3,0,0,0
44.76029216999996,1779567100.332823,5069,42027,7,12582912,-4,0,0,0
44.79476027000055,1779567100.3672912,5070,42028,0,12582912,-9,0,0,0
44.79476027000055,1779567100.3672912,5070,42029,1,12582912,-7,0,0,0
44.79476027000055,1779567100.3672912,5070,42030,2,12582912,-2,0,0,0
44.79476027000055,1779567100.3672912,5070,42031,3,12582912,-4,0,0,0
44.79476027000055,1779567100.3672912,5070,42032,4,12582912,-12,0,0,0
44.79476027000055,1779567100.3672912,5070,42033,5,12582912,-15,0,0,0
44.79476027000055,1779567100.3672912,5070,42034,6,12582912,-8,0,0,0
44.79476027000055,1779567100.3672912,5070,42035,7,12582912,-1,0,0,0
44.837579527000344,1779567100.4101105,5071,42036,0,12582912,-1,0,0,0
44.837579527000344,1779567100.4101105,5071,42037,1,12582912,-8,0,0,0
44.837579527000344,1779567100.4101105,5071,42038,2,12582912,-12,0,0,0
44.837579527000344,1779567100.4101105,5071,42039,3,12582912,-7,0,0,0
44.837579527000344,1779567100.4101105,5071,42040,4,12582912,0,0,0,0
44.837579527000344,1779567100.4101105,5071,42041,5,12582912,2,0,0,0
44.837579527000344,1779567100.4101105,5071,42042,6,12582912,-2,0,0,0
44.837579527000344,1779567100.4101105,5071,42043,7,12582912,-4,0,0,0
44.88295108300008,1779567100.455482,5072,42044,0,12582912,0,0,0,0
44.88295108300008,1779567100.455482,5072,42045,1,12582912,7,0,0,0
44.88295108300008,1779567100.455482,5072,42046,2,12582912,8,0,0,0
44.88295108300008,1779567100.455482,5072,42047,3,12582912,3,0,0,0
44.88295108300008,1779567100.455482,5072,42048,4,12582912,-3,0,0,0
44.88295108300008,1779567100.455482,5072,42049,5,12582912,-4,0,0,0
44.88295108300008,1779567100.455482,5072,42050,6,12582912,-3,0,0,0
44.88295108300008,1779567100.455482,5072,42051,7,12582912,-2,0,0,0
44.90444237700103,1779567100.4769733,5073,42052,0,12582912,1,0,0,0
44.90444237700103,1779567100.4769733,5073,42053,1,12582912,3,0,0,0
44.90444237700103,1779567100.4769733,5073,42054,2,12582912,4,0,0,0
44.90444237700103,1779567100.4769733,5073,42055,3,12582912,4,0,0,0
44.90444237700103,1779567100.4769733,5073,42056,4,12582912,6,0,0,0
44.90444237700103,1779567100.4769733,5073,42057,5,12582912,5,0,0,0
44.90444237700103,1779567100.4769733,5073,42058,6,12582912,3,0,0,0
44.90444237700103,1779567100.4769733,5073,42059,7,12582912,1,0,0,0
44.94232666800053,1779567100.5148578,5074,42060,0,12582912,-2,0,0,0
44.94232666800053,1779567100.5148578,5074,42061,1,12582912,-6,0,0,0
44.94232666800053,1779567100.5148578,5074,42062,2,12582912,-8,0,0,0
44.94232666800053,1779567100.5148578,5074,42063,3,12582912,-7,0,0,0
44.94232666800053,1779567100.5148578,5074,42064,4,12582912,-3,0,0,0
44.94232666800053,1779567100.5148578,5074,42065,5,12582912,1,0,0,0
44.94232666800053,1779567100.5148578,5074,42066,6,12582912,3,0,0,0
44.94232666800053,1779567100.5148578,5074,42067,7,12582912,2,0,0,0
45.11809075400015,1779567100.6906226,5075,42068,0,12582912,-1,0,0,0
45.11809075400015,1779567100.6906226,5075,42069,1,12582912,-4,0,0,0
45.11809075400015,1779567100.6906226,5075,42070,2,12582912,-6,0,0,0
45.11809075400015,1779567100.6906226,5075,42071,3,12582912,-6,0,0,0
45.11809075400015,1779567100.6906226,5075,42072,4,12582912,-6,0,0,0
45.11809075400015,1779567100.6906226,5075,42073,5,12582912,-7,0,0,0
45.11809075400015,1779567100.6906226,5075,42074,6,12582912,-11,0,0,0
45.11809075400015,1779567100.6906226,5075,42075,7,12582912,-15,0,0,0
45.157030964001024,1779567100.7295618,5076,42076,0,12582912,-15,0,0,0
45.157030964001024,1779567100.7295618,5076,42077,1,12582912,-12,0,0,0
45.157030964001024,1779567100.7295618,5076,42078,2,12582912,-9,0,0,0
45.157030964001024,1779567100.7295618,5076,42079,3,12582912,-8,0,0,0
45.157030964001024,1779567100.7295618,5076,42080,4,12582912,-8,0,0,0
45.157030964001024,1779567100.7295618,5076,42081,5,12582912,-6,0,0,0
45.157030964001024,1779567100.7295618,5076,42082,6,12582912,-4,0,0,0
45.157030964001024,1779567100.7295618,5076,42083,7,12582912,-4,0,0,0
45.22171687300033,1779567100.7942479,5077,42084,0,12582912,-7,0,0,0
45.22171687300033,1779567100.7942479,5077,42085,1,12582912,-8,0,0,0
45.22171687300033,1779567100.7942479,5077,42086,2,12582912,-9,0,0,0
45.22171687300033,1779567100.7942479,5077,42087,3,12582912,-12,0,0,0
45.22171687300033,1779567100.7942479,5077,42088,4,12582912,-17,0,0,0
45.22171687300033,1779567100.7942479,5077,42089,5,12582912,-19,0,0,0
45.22171687300033,1779567100.7942479,5077,42090,6,12582912,-16,0,0,0
45.22171687300033,1779567100.7942479,5077,42091,7,12582912,-10,0,0,0
45.22213170900068,1779567100.7946613,5078,42092,0,12582912,-2,0,0,0
45.22213170900068,1779567100.7946613,5078,42093,1,12582912,3,0,0,0
45.22213170900068,1779567100.7946613,5078,42094,2,12582912,3,0,0,0
45.22213170900068,1779567100.7946613,5078,42095,3,12582912,-1,0,0,0
45.22213170900068,1779567100.7946613,5078,42096,4,12582912,-1,0,0,0
45.22213170900068,1779567100.7946613,5078,42097,5,12582912,3,0,0,0
45.22213170900068,1779567100.7946613,5078,42098,6,12582912,7,0,0,0
45.22213170900068,1779567100.7946613,5078,42099,7,12582912,6,0,0,0
45.277441166001154,1779567100.8499715,5079,42100,0,12582912,1,0,0,0
45.277441166001154,1779567100.8499715,5079,42101,1,12582912,0,0,0,0
45.277441166001154,1779567100.8499715,5079,42102,2,12582912,3,0,0,0
45.277441166001154,1779567100.8499715,5079,42103,3,12582912,5,0,0,0
45.277441166001154,1779567100.8499715,5079,42104,4,12582912,4,0,0,0
45.277441166001154,1779567100.8499715,5079,42105,5,12582912,3,0,0,0
45.277441166001154,1779567100.8499715,5079,42106,6,12582912,2,0,0,0
45.277441166001154,1779567100.8499715,5079,42107,7,12582912,1,0,0,0
45.29898928200055,1779567100.87152,5080,42108,0,12582912,0,0,0,0
45.29898928200055,1779567100.87152,5080,42109,1,12582912,0,0,0,0
45.29898928200055,1779567100.87152,5080,42110,2,12582912,2,0,0,0
45.29898928200055,1779567100.87152,5080,42111,3,12582912,3,0,0,0
45.29898928200055,1779567100.87152,5080,42112,4,12582912,2,0,0,0
45.29898928200055,1779567100.87152,5080,42113,5,12582912,1,0,0,0
45.29898928200055,1779567100.87152,5080,42114,6,12582912,-2,0,0,0
45.29898928200055,1779567100.87152,5080,42115,7,12582912,-2,0,0,0
45.320392244000686,1779567100.8929224,5081,42116,0,12582912,-1,0,0,0
45.320392244000686,1779567100.8929224,5081,42117,1,12582912,1,0,0,0
45.320392244000686,1779567100.8929224,5081,42118,2,12582912,2,0,0,0
45.320392244000686,1779567100.8929224,5081,42119,3,12582912,2,0,0,0
45.320392244000686,1779567100.8929224,5081,42120,4,12582912,1,0,0,0
45.320392244000686,1779567100.8929224,5081,42121,5,12582912,2,0,0,0
45.320392244000686,1779567100.8929224,5081,42122,6,12582912,7,0,0,0
45.320392244000686,1779567100.8929224,5081,42123,7,12582912,10,0,0,0
45.35213492299954,1779567100.924666,5082,42124,0,12582912,11,0,0,0
45.35213492299954,1779567100.924666,5082,42125,1,12582912,9,0,0,0
45.35213492299954,1779567100.924666,5082,42126,2,12582912,7,0,0,0
45.35213492299954,1779567100.924666,5082,42127,3,12582912,6,0,0,0
45.35213492299954,1779567100.924666,5082,42128,4,12582912,3,0,0,0
45.35213492299954,1779567100.924666,5082,42129,5,12582912,-3,0,0,0
45.35213492299954,1779567100.924666,5082,42130,6,12582912,-6,0,0,0
45.35213492299954,1779567100.924666,5082,42131,7,12582912,-6,0,0,0
45.394974232000095,1779567100.9675055,5083,42132,0,12582912,-5,0,0,0
45.394974232000095,1779567100.9675055,5083,42133,1,12582912,-6,0,0,0
45.394974232000095,1779567100.9675055,5083,42134,2,12582912,-7,0,0,0
45.394974232000095,1779567100.9675055,5083,42135,3,12582912,-6,0,0,0
45.394974232000095,1779567100.9675055,5083,42136,4,12582912,-6,0,0,0
45.394974232000095,1779567100.9675055,5083,42137,5,12582912,-5,0,0,0
45.394974232000095,1779567100.9675055,5083,42138,6,12582912,-7,0,0,0
45.394974232000095,1779567100.9675055,5083,42139,7,12582912,-10,0,0,0
45.416612345999965,1779567100.9891434,5084,42140,0,12582912,-10,0,0,0
45.416612345999965,1779567100.9891434,5084,42141,1,12582912,-4,0,0,0
45.416612345999965,1779567100.9891434,5084,42142,2,12582912,4,0,0,0
45.416612345999965,1779567100.9891434,5084,42143,3,12582912,9,0,0,0
45.416612345999965,1779567100.9891434,5084,42144,4,12582912,8,0,0,0
45.416612345999965,1779567100.9891434,5084,42145,5,12582912,5,0,0,0
45.416612345999965,1779567100.9891434,5084,42146,6,12582912,4,0,0,0
45.416612345999965,1779567100.9891434,5084,42147,7,12582912,5,0,0,0
45.459391968999626,1779567101.0319226,5085,42148,0,12582912,6,0,0,0
45.459391968999626,1779567101.0319226,5085,42149,1,12582912,8,0,0,0
45.459391968999626,1779567101.0319226,5085,42150,2,12582912,12,0,0,0
45.459391968999626,1779567101.0319226,5085,42151,3,12582912,15,0,0,0
45.459391968999626,1779567101.0319226,5085,42152,4,12582912,14,0,0,0
45.459391968999626,1779567101.0319226,5085,42153,5,12582912,9,0,0,0
45.459391968999626,1779567101.0319226,5085,42154,6,12582912,4,0,0,0
45.459391968999626,1779567101.0319226,5085,42155,7,12582912,3,0,0,0
45.50131567000062,1779567101.0738463,5086,42156,0,12582912,5,0,0,0
45.50131567000062,1779567101.0738463,5086,42157,1,12582912,7,0,0,0
45.50131567000062,1779567101.0738463,5086,42158,2,12582912,8,0,0,0
45.50131567000062,1779567101.0738463,5086,42159,3,12582912,8,0,0,0
45.50131567000062,1779567101.0738463,5086,42160,4,12582912,7,0,0,0
45.50131567000062,1779567101.0738463,5086,42161,5,12582912,6,0,0,0
45.50131567000062,1779567101.0738463,5086,42162,6,12582912,4,0,0,0
45.50131567000062,1779567101.0738463,5086,42163,7,12582912,-1,0,0,0
45.522909618000995,1779567101.0954406,5087,42164,0,12582912,-5,0,0,0
45.522909618000995,1779567101.0954406,5087,42165,1,12582912,-4,0,0,0
45.522909618000995,1779567101.0954406,5087,42166,2,12582912,-1,0,0,0
45.522909618000995,1779567101.0954406,5087,42167,3,12582912,-1,0,0,0
45.522909618000995,1779567101.0954406,5087,42168,4,12582912,-5,0,0,0
45.522909618000995,1779567101.0954406,5087,42169,5,12582912,-9,0,0,0
45.522909618000995,1779567101.0954406,5087,42170,6,12582912,-10,0,0,0
45.522909618000995,1779567101.0954406,5087,42171,7,12582912,-8,0,0,0
45.559561326999756,1779567101.1320925,5088,42172,0,12582912,-4,0,0,0
45.559561326999756,1779567101.1320925,5088,42173,1,12582912,0,0,0,0
45.559561326999756,1779567101.1320925,5088,42174,2,12582912,3,0,0,0
45.559561326999756,1779567101.1320925,5088,42175,3,12582912,6,0,0,0
45.559561326999756,1779567101.1320925,5088,42176,4,12582912,10,0,0,0
45.559561326999756,1779567101.1320925,5088,42177,5,12582912,11,0,0,0
45.559561326999756,1779567101.1320925,5088,42178,6,12582912,7,0,0,0
45.559561326999756,1779567101.1320925,5088,42179,7,12582912,3,0,0,0
45.58121001499967,1779567101.153741,5089,42180,0,12582912,2,0,0,0
45.58121001499967,1779567101.153741,5089,42181,1,12582912,2,0,0,0
45.58121001499967,1779567101.153741,5089,42182,2,12582912,2,0,0,0
45.58121001499967,1779567101.153741,5089,42183,3,12582912,3,0,0,0
45.58121001499967,1779567101.153741,5089,42184,4,12582912,2,0,0,0
45.58121001499967,1779567101.153741,5089,42185,5,12582912,0,0,0,0
45.58121001499967,1779567101.153741,5089,42186,6,12582912,-2,0,0,0
45.58121001499967,1779567101.153741,5089,42187,7,12582912,-1,0,0,0
45.62394713899994,1779567101.1964781,5090,42188,0,12582912,0,0,0,0
45.62394713899994,1779567101.1964781,5090,42189,1,12582912,2,0,0,0
45.62394713899994,1779567101.1964781,5090,42190,2,12582912,3,0,0,0
45.62394713899994,1779567101.1964781,5090,42191,3,12582912,1,0,0,0
45.62394713899994,1779567101.1964781,5090,42192,4,12582912,-2,0,0,0
45.62394713899994,1779567101.1964781,5090,42193,5,12582912,-5,0,0,0
45.62394713899994,1779567101.1964781,5090,42194,6,12582912,-8,0,0,0
45.62394713899994,1779567101.1964781,5090,42195,7,12582912,-10,0,0,0
45.64535489300033,1779567101.217885,5091,42196,0,12582912,-8,0,0,0
45.64535489300033,1779567101.217885,5091,42197,1,12582912,-6,0,0,0
45.64535489300033,1779567101.217885,5091,42198,2,12582912,-6,0,0,0
45.64535489300033,1779567101.217885,5091,42199,3,12582912,-6,0,0,0
45.64535489300033,1779567101.217885,5091,42200,4,12582912,-6,0,0,0
45.64535489300033,1779567101.217885,5091,42201,5,12582912,-5,0,0,0
45.64535489300033,1779567101.217885,5091,42202,6,12582912,-2,0,0,0
45.64535489300033,1779567101.217885,5091,42203,7,12582912,2,0,0,0
45.687881084000765,1779567101.2604108,5092,42204,0,12582912,0,0,0,0
45.687881084000765,1779567101.2604108,5092,42205,1,12582912,-5,0,0,0
45.687881084000765,1779567101.2604108,5092,42206,2,12582912,-8,0,0,0
45.687881084000765,1779567101.2604108,5092,42207,3,12582912,-7,0,0,0
45.687881084000765,1779567101.2604108,5092,42208,4,12582912,-6,0,0,0
45.687881084000765,1779567101.2604108,5092,42209,5,12582912,-7,0,0,0
45.687881084000765,1779567101.2604108,5092,42210,6,12582912,-11,0,0,0
45.687881084000765,1779567101.2604108,5092,42211,7,12582912,-14,0,0,0
45.709416440000496,1779567101.2819476,5093,42212,0,12582912,-12,0,0,0
45.709416440000496,1779567101.2819476,5093,42213,1,12582912,-7,0,0,0
45.709416440000496,1779567101.2819476,5093,42214,2,12582912,-6,0,0,0
45.709416440000496,1779567101.2819476,5093,42215,3,12582912,-7,0,0,0
45.709416440000496,1779567101.2819476,5093,42216,4,12582912,-6,0,0,0
45.709416440000496,1779567101.2819476,5093,42217,5,12582912,-2,0,0,0
45.709416440000496,1779567101.2819476,5093,42218,6,12582912,3,0,0,0
45.709416440000496,1779567101.2819476,5093,42219,7,12582912,6,0,0,0
45.74436672000047,1779567101.3168979,5094,42220,0,12582912,5,0,0,0
45.74436672000047,1779567101.3168979,5094,42221,1,12582912,5,0,0,0
45.74436672000047,1779567101.3168979,5094,42222,2,12582912,2,0,0,0
45.74436672000047,1779567101.3168979,5094,42223,3,12582912,-4,0,0,0
45.74436672000047,1779567101.3168979,5094,42224,4,12582912,-7,0,0,0
45.74436672000047,1779567101.3168979,5094,42225,5,12582912,-4,0,0,0
45.74436672000047,1779567101.3168979,5094,42226,6,12582912,2,0,0,0
45.74436672000047,1779567101.3168979,5094,42227,7,12582912,7,0,0,0
45.78084327599936,1779567101.3533745,5095,42228,0,12582912,9,0,0,0
45.78084327599936,1779567101.3533745,5095,42229,1,12582912,6,0,0,0
45.78084327599936,1779567101.3533745,5095,42230,2,12582912,1,0,0,0
45.78084327599936,1779567101.3533745,5095,42231,3,12582912,-1,0,0,0
45.78084327599936,1779567101.3533745,5095,42232,4,12582912,1,0,0,0
45.78084327599936,1779567101.3533745,5095,42233,5,12582912,2,0,0,0
45.78084327599936,1779567101.3533745,5095,42234,6,12582912,0,0,0,0
45.78084327599936,1779567101.3533745,5095,42235,7,12582912,-3,0,0,0
45.80251441099972,1779567101.3750453,5096,42236,0,12582912,-5,0,0,0
45.80251441099972,1779567101.3750453,5096,42237,1,12582912,-6,0,0,0
45.80251441099972,1779567101.3750453,5096,42238,2,12582912,-8,0,0,0
45.80251441099972,1779567101.3750453,5096,42239,3,12582912,-10,0,0,0
45.80251441099972,1779567101.3750453,5096,42240,4,12582912,-11,0,0,0
45.80251441099972,1779567101.3750453,5096,42241,5,12582912,-11,0,0,0
45.80251441099972,1779567101.3750453,5096,42242,6,12582912,-9,0,0,0
45.80251441099972,1779567101.3750453,5096,42243,7,12582912,-7,0,0,0
45.84517570299977,1779567101.4177067,5097,42244,0,12582912,-4,0,0,0
45.84517570299977,1779567101.4177067,5097,42245,1,12582912,1,0,0,0
45.84517570299977,1779567101.4177067,5097,42246,2,12582912,7,0,0,0
45.84517570299977,1779567101.4177067,5097,42247,3,12582912,10,0,0,0
45.84517570299977,1779567101.4177067,5097,42248,4,12582912,9,0,0,0
45.84517570299977,1779567101.4177067,5097,42249,5,12582912,4,0,0,0
45.84517570299977,1779567101.4177067,5097,42250,6,12582912,0,0,0,0
45.84517570299977,1779567101.4177067,5097,42251,7,12582912,0,0,0,0
45.86685464999937,1779567101.4393854,5098,42252,0,12582912,-2,0,0,0
45.86685464999937,1779567101.4393854,5098,42253,1,12582912,-4,0,0,0
45.86685464999937,1779567101.4393854,5098,42254,2,12582912,-8,0,0,0
45.86685464999937,1779567101.4393854,5098,42255,3,12582912,-10,0,0,0
45.86685464999937,1779567101.4393854,5098,42256,4,12582912,-8,0,0,0
45.86685464999937,1779567101.4393854,5098,42257,5,12582912,-6,0,0,0
45.86685464999937,1779567101.4393854,5098,42258,6,12582912,-7,0,0,0
45.86685464999937,1779567101.4393854,5098,42259,7,12582912,-12,0,0,0
45.909568233000755,1779567101.482099,5099,42260,0,12582912,-16,0,0,0
45.909568233000755,1779567101.482099,5099,42261,1,12582912,-18,0,0,0
45.909568233000755,1779567101.482099,5099,42262,2,12582912,-17,0,0,0
45.909568233000755,1779567101.482099,5099,42263,3,12582912,-13,0,0,0
45.909568233000755,1779567101.482099,5099,42264,4,12582912,-9,0,0,0
45.909568233000755,1779567101.482099,5099,42265,5,12582912,-4,0,0,0
45.909568233000755,1779567101.482099,5099,42266,6,12582912,1,0,0,0
45.909568233000755,1779567101.482099,5099,42267,7,12582912,3,0,0,0
45.93128613800036,1779567101.5038173,5100,42268,0,12582912,0,0,0,0
45.93128613800036,1779567101.5038173,5100,42269,1,12582912,-2,0,0,0
45.93128613800036,1779567101.5038173,5100,42270,2,12582912,-3,0,0,0
45.93128613800036,1779567101.5038173,5100,42271,3,12582912,-3,0,0,0
45.93128613800036,1779567101.5038173,5100,42272,4,12582912,-3,0,0,0
45.93128613800036,1779567101.5038173,5100,42273,5,12582912,-2,0,0,0
45.93128613800036,1779567101.5038173,5100,42274,6,12582912,-2,0,0,0
45.93128613800036,1779567101.5038173,5100,42275,7,12582912,-2,0,0,0
45.99043667600017,1779567101.562968,5101,42276,0,12582912,0,0,0,0
45.99043667600017,1779567101.562968,5101,42277,1,12582912,4,0,0,0
45.99043667600017,1779567101.562968,5101,42278,2,12582912,8,0,0,0
45.99043667600017,1779567101.562968,5101,42279,3,12582912,7,0,0,0
45.99043667600017,1779567101.562968,5101,42280,4,12582912,0,0,0,0
45.99043667600017,1779567101.562968,5101,42281,5,12582912,-8,0,0,0
45.99043667600017,1779567101.562968,5101,42282,6,12582912,-11,0,0,0
45.99043667600017,1779567101.562968,5101,42283,7,12582912,-9,0,0,0
45.99643521799953,1779567101.5689664,5102,42284,0,12582912,-8,0,0,0
45.99643521799953,1779567101.5689664,5102,42285,1,12582912,-9,0,0,0
45.99643521799953,1779567101.5689664,5102,42286,2,12582912,-13,0,0,0
45.99643521799953,1779567101.5689664,5102,42287,3,12582912,-17,0,0,0
45.99643521799953,1779567101.5689664,5102,42288,4,12582912,-19,0,0,0
45.99643521799953,1779567101.5689664,5102,42289,5,12582912,-19,0,0,0
45.99643521799953,1779567101.5689664,5102,42290,6,12582912,-18,0,0,0
45.99643521799953,1779567101.5689664,5102,42291,7,12582912,-17,0,0,0
46.0322437119994,1779567101.6047747,5103,42292,0,12582912,-16,0,0,0
46.0322437119994,1779567101.6047747,5103,42293,1,12582912,-15,0,0,0
46.0322437119994,1779567101.6047747,5103,42294,2,12582912,-15,0,0,0
46.0322437119994,1779567101.6047747,5103,42295,3,12582912,-14,0,0,0
46.0322437119994,1779567101.6047747,5103,42296,4,12582912,-12,0,0,0
46.0322437119994,1779567101.6047747,5103,42297,5,12582912,-8,0,0,0
46.0322437119994,1779567101.6047747,5103,42298,6,12582912,-5,0,0,0
46.0322437119994,1779567101.6047747,5103,42299,7,12582912,-5,0,0,0
46.07740824299981,1779567101.6499379,5104,42300,0,12582912,-5,0,0,0
46.07740824299981,1779567101.6499379,5104,42301,1,12582912,-2,0,0,0
46.07740824299981,1779567101.6499379,5104,42302,2,12582912,1,0,0,0
46.07740824299981,1779567101.6499379,5104,42303,3,12582912,0,0,0,0
46.07740824299981,1779567101.6499379,5104,42304,4,12582912,-4,0,0,0
46.07740824299981,1779567101.6499379,5104,42305,5,12582912,-5,0,0,0
46.07740824299981,1779567101.6499379,5104,42306,6,12582912,-6,0,0,0
46.07740824299981,1779567101.6499379,5104,42307,7,12582912,-5,0,0,0
46.09861266699954,1779567101.6711426,5105,42308,0,12582912,-6,0,0,0
46.09861266699954,1779567101.6711426,5105,42309,1,12582912,-7,0,0,0
46.09861266699954,1779567101.6711426,5105,42310,2,12582912,-6,0,0,0
46.09861266699954,1779567101.6711426,5105,42311,3,12582912,-2,0,0,0
46.09861266699954,1779567101.6711426,5105,42312,4,12582912,0,0,0,0
46.09861266699954,1779567101.6711426,5105,42313,5,12582912,-1,0,0,0
46.09861266699954,1779567101.6711426,5105,42314,6,12582912,-6,0,0,0
46.09861266699954,1779567101.6711426,5105,42315,7,12582912,-10,0,0,0
46.119929329001025,1779567101.6924596,5106,42316,0,12582912,-12,0,0,0
46.119929329001025,1779567101.6924596,5106,42317,1,12582912,-11,0,0,0
46.119929329001025,1779567101.6924596,5106,42318,2,12582912,-9,0,0,0
46.119929329001025,1779567101.6924596,5106,42319,3,12582912,-7,0,0,0
46.119929329001025,1779567101.6924596,5106,42320,4,12582912,-8,0,0,0
46.119929329001025,1779567101.6924596,5106,42321,5,12582912,-6,0,0,0
46.119929329001025,1779567101.6924596,5106,42322,6,12582912,-2,0,0,0
46.119929329001025,1779567101.6924596,5106,42323,7,12582912,3,0,0,0
46.16479938500015,1779567101.7373302,5107,42324,0,12582912,1,0,0,0
46.16479938500015,1779567101.7373302,5107,42325,1,12582912,-3,0,0,0
46.16479938500015,1779567101.7373302,5107,42326,2,12582912,-3,0,0,0
46.16479938500015,1779567101.7373302,5107,42327,3,12582912,1,0,0,0
46.16479938500015,1779567101.7373302,5107,42328,4,12582912,3,0,0,0
46.16479938500015,1779567101.7373302,5107,42329,5,12582912,0,0,0,0
46.16479938500015,1779567101.7373302,5107,42330,6,12582912,-2,0,0,0
46.16479938500015,1779567101.7373302,5107,42331,7,12582912,-1,0,0,0
46.245061641000575,1779567101.8175926,5108,42332,0,12582912,1,0,0,0
46.245061641000575,1779567101.8175926,5108,42333,1,12582912,2,0,0,0
46.245061641000575,1779567101.8175926,5108,42334,2,12582912,1,0,0,0
46.245061641000575,1779567101.8175926,5108,42335,3,12582912,-1,0,0,0
46.245061641000575,1779567101.8175926,5108,42336,4,12582912,-1,0,0,0
46.245061641000575,1779567101.8175926,5108,42337,5,12582912,1,0,0,0
46.245061641000575,1779567101.8175926,5108,42338,6,12582912,5,0,0,0
46.245061641000575,1779567101.8175926,5108,42339,7,12582912,7,0,0,0
46.24537955199958,1779567101.817909,5109,42340,0,12582912,7,0,0,0
46.24537955199958,1779567101.817909,5109,42341,1,12582912,3,0,0,0
46.24537955199958,1779567101.817909,5109,42342,2,12582912,-3,0,0,0
46.24537955199958,1779567101.817909,5109,42343,3,12582912,-7,0,0,0
46.24537955199958,1779567101.817909,5109,42344,4,12582912,-9,0,0,0
46.24537955199958,1779567101.817909,5109,42345,5,12582912,-7,0,0,0
46.24537955199958,1779567101.817909,5109,42346,6,12582912,-2,0,0,0
46.24537955199958,1779567101.817909,5109,42347,7,12582912,3,0,0,0
46.24566590100039,1779567101.818195,5110,42348,0,12582912,5,0,0,0
46.24566590100039,1779567101.818195,5110,42349,1,12582912,3,0,0,0
46.24566590100039,1779567101.818195,5110,42350,2,12582912,0,0,0,0
46.24566590100039,1779567101.818195,5110,42351,3,12582912,2,0,0,0
46.24566590100039,1779567101.818195,5110,42352,4,12582912,7,0,0,0
46.24566590100039,1779567101.818195,5110,42353,5,12582912,11,0,0,0
46.24566590100039,1779567101.818195,5110,42354,6,12582912,13,0,0,0
46.24566590100039,1779567101.818195,5110,42355,7,12582912,13,0,0,0
46.2807216479996,1779567101.853253,5111,42356,0,12582912,13,0,0,0
46.2807216479996,1779567101.853253,5111,42357,1,12582912,11,0,0,0
46.2807216479996,1779567101.853253,5111,42358,2,12582912,7,0,0,0
46.2807216479996,1779567101.853253,5111,42359,3,12582912,2,0,0,0
46.2807216479996,1779567101.853253,5111,42360,4,12582912,-3,0,0,0
46.2807216479996,1779567101.853253,5111,42361,5,12582912,-4,0,0,0
46.2807216479996,1779567101.853253,5111,42362,6,12582912,-1,0,0,0
46.2807216479996,1779567101.853253,5111,42363,7,12582912,3,0,0,0
46.32349330299985,1779567101.8960242,5112,42364,0,12582912,4,0,0,0
46.32349330299985,1779567101.8960242,5112,42365,1,12582912,4,0,0,0
46.32349330299985,1779567101.8960242,5112,42366,2,12582912,6,0,0,0
46.32349330299985,1779567101.8960242,5112,42367,3,12582912,7,0,0,0
46.32349330299985,1779567101.8960242,5112,42368,4,12582912,7,0,0,0
46.32349330299985,1779567101.8960242,5112,42369,5,12582912,7,0,0,0
46.32349330299985,1779567101.8960242,5112,42370,6,12582912,4,0,0,0
46.32349330299985,1779567101.8960242,5112,42371,7,12582912,1,0,0,0
46.345101835000605,1779567101.9176328,5113,42372,0,12582912,0,0,0,0
46.345101835000605,1779567101.9176328,5113,42373,1,12582912,1,0,0,0
46.345101835000605,1779567101.9176328,5113,42374,2,12582912,2,0,0,0
46.345101835000605,1779567101.9176328,5113,42375,3,12582912,3,0,0,0
46.345101835000605,1779567101.9176328,5113,42376,4,12582912,3,0,0,0
46.345101835000605,1779567101.9176328,5113,42377,5,12582912,2,0,0,0
46.345101835000605,1779567101.9176328,5113,42378,6,12582912,2,0,0,0
46.345101835000605,1779567101.9176328,5113,42379,7,12582912,3,0,0,0
46.404248050001115,1779567101.976779,5114,42380,0,12582912,5,0,0,0
46.404248050001115,1779567101.976779,5114,42381,1,12582912,8,0,0,0
46.404248050001115,1779567101.976779,5114,42382,2,12582912,9,0,0,0
46.404248050001115,1779567101.976779,5114,42383,3,12582912,9,0,0,0
46.404248050001115,1779567101.976779,5114,42384,4,12582912,8,0,0,0
46.404248050001115,1779567101.976779,5114,42385,5,12582912,4,0,0,0
46.404248050001115,1779567101.976779,5114,42386,6,12582912,1,0,0,0
46.404248050001115,1779567101.976779,5114,42387,7,12582912,1,0,0,0
46.40455554500113,1779567101.9770849,5115,42388,0,12582912,2,0,0,0
46.40455554500113,1779567101.9770849,5115,42389,1,12582912,1,0,0,0
46.40455554500113,1779567101.9770849,5115,42390,2,12582912,1,0,0,0
46.40455554500113,1779567101.9770849,5115,42391,3,12582912,4,0,0,0
46.40455554500113,1779567101.9770849,5115,42392,4,12582912,9,0,0,0
46.40455554500113,1779567101.9770849,5115,42393,5,12582912,13,0,0,0
46.40455554500113,1779567101.9770849,5115,42394,6,12582912,13,0,0,0
46.40455554500113,1779567101.9770849,5115,42395,7,12582912,10,0,0,0
46.44731839800079,1779567102.0198493,5116,42396,0,12582912,6,0,0,0
46.44731839800079,1779567102.0198493,5116,42397,1,12582912,4,0,0,0
46.44731839800079,1779567102.0198493,5116,42398,2,12582912,5,0,0,0
46.44731839800079,1779567102.0198493,5116,42399,3,12582912,7,0,0,0
46.44731839800079,1779567102.0198493,5116,42400,4,12582912,9,0,0,0
46.44731839800079,1779567102.0198493,5116,42401,5,12582912,10,0,0,0
46.44731839800079,1779567102.0198493,5116,42402,6,12582912,10,0,0,0
46.44731839800079,1779567102.0198493,5116,42403,7,12582912,9,0,0,0
46.49085389500033,1779567102.0633838,5117,42404,0,12582912,6,0,0,0
46.49085389500033,1779567102.0633838,5117,42405,1,12582912,5,0,0,0
46.49085389500033,1779567102.0633838,5117,42406,2,12582912,6,0,0,0
46.49085389500033,1779567102.0633838,5117,42407,3,12582912,8,0,0,0
46.49085389500033,1779567102.0633838,5117,42408,4,12582912,8,0,0,0
46.49085389500033,1779567102.0633838,5117,42409,5,12582912,6,0,0,0
46.49085389500033,1779567102.0633838,5117,42410,6,12582912,3,0,0,0
46.49085389500033,1779567102.0633838,5117,42411,7,12582912,2,0,0,0
46.532990875000905,1779567102.105522,5118,42412,0,12582912,1,0,0,0
46.532990875000905,1779567102.105522,5118,42413,1,12582912,-1,0,0,0
46.532990875000905,1779567102.105522,5118,42414,2,12582912,-4,0,0,0
46.532990875000905,1779567102.105522,5118,42415,3,12582912,-1,0,0,0
46.532990875000905,1779567102.105522,5118,42416,4,12582912,6,0,0,0
46.532990875000905,1779567102.105522,5118,42417,5,12582912,10,0,0,0
46.532990875000905,1779567102.105522,5118,42418,6,12582912,12,0,0,0
46.532990875000905,1779567102.105522,5118,42419,7,12582912,13,0,0,0
46.533301441999356,1779567102.105831,5119,42420,0,12582912,14,0,0,0
46.533301441999356,1779567102.105831,5119,42421,1,12582912,14,0,0,0
46.533301441999356,1779567102.105831,5119,42422,2,12582912,15,0,0,0
46.533301441999356,1779567102.105831,5119,42423,3,12582912,16,0,0,0
46.533301441999356,1779567102.105831,5119,42424,4,12582912,12,0,0,0
46.533301441999356,1779567102.105831,5119,42425,5,12582912,8,0,0,0
46.533301441999356,1779567102.105831,5119,42426,6,12582912,7,0,0,0
46.533301441999356,1779567102.105831,5119,42427,7,12582912,7,0,0,0
46.57608039000115,1779567102.148611,5120,42428,0,12582912,7,0,0,0
46.57608039000115,1779567102.148611,5120,42429,1,12582912,7,0,0,0
46.57608039000115,1779567102.148611,5120,42430,2,12582912,7,0,0,0
46.57608039000115,1779567102.148611,5120,42431,3,12582912,6,0,0,0
46.57608039000115,1779567102.148611,5120,42432,4,12582912,6,0,0,0
46.57608039000115,1779567102.148611,5120,42433,5,12582912,7,0,0,0
46.57608039000115,1779567102.148611,5120,42434,6,12582912,7,0,0,0
46.57608039000115,1779567102.148611,5120,42435,7,12582912,8,0,0,0
46.612921470999936,1779567102.185452,5121,42436,0,12582912,9,0,0,0
46.612921470999936,1779567102.185452,5121,42437,1,12582912,9,0,0,0
46.612921470999936,1779567102.185452,5121,42438,2,12582912,8,0,0,0
46.612921470999936,1779567102.185452,5121,42439,3,12582912,3,0,0,0
46.612921470999936,1779567102.185452,5121,42440,4,12582912,-2,0,0,0
46.612921470999936,1779567102.185452,5121,42441,5,12582912,-4,0,0,0
46.612921470999936,1779567102.185452,5121,42442,6,12582912,-2,0,0,0
46.612921470999936,1779567102.185452,5121,42443,7,12582912,2,0,0,0
46.63478505199964,1779567102.2073162,5122,42444,0,12582912,5,0,0,0
46.63478505199964,1779567102.2073162,5122,42445,1,12582912,6,0,0,0
46.63478505199964,1779567102.2073162,5122,42446,2,12582912,7,0,0,0
46.63478505199964,1779567102.2073162,5122,42447,3,12582912,10,0,0,0
46.63478505199964,1779567102.2073162,5122,42448,4,12582912,15,0,0,0
46.63478505199964,1779567102.2073162,5122,42449,5,12582912,18,0,0,0
46.63478505199964,1779567102.2073162,5122,42450,6,12582912,18,0,0,0
46.63478505199964,1779567102.2073162,5122,42451,7,12582912,18,0,0,0
46.677472178000244,1779567102.2500029,5123,42452,0,12582912,21,0,0,0
46.677472178000244,1779567102.2500029,5123,42453,1,12582912,23,0,0,0
46.677472178000244,1779567102.2500029,5123,42454,2,12582912,23,0,0,0
46.677472178000244,1779567102.2500029,5123,42455,3,12582912,19,0,0,0
46.677472178000244,1779567102.2500029,5123,42456,4,12582912,15,0,0,0
46.677472178000244,1779567102.2500029,5123,42457,5,12582912,15,0,0,0
46.677472178000244,1779567102.2500029,5123,42458,6,12582912,15,0,0,0
46.677472178000244,1779567102.2500029,5123,42459,7,12582912,13,0,0,0
46.69907149199935,1779567102.2716017,5124,42460,0,12582912,11,0,0,0
46.69907149199935,1779567102.2716017,5124,42461,1,12582912,12,0,0,0
46.69907149199935,1779567102.2716017,5124,42462,2,12582912,13,0,0,0
46.69907149199935,1779567102.2716017,5124,42463,3,12582912,11,0,0,0
46.69907149199935,1779567102.2716017,5124,42464,4,12582912,7,0,0,0
46.69907149199935,1779567102.2716017,5124,42465,5,12582912,3,0,0,0
46.69907149199935,1779567102.2716017,5124,42466,6,12582912,0,0,0,0
46.69907149199935,1779567102.2716017,5124,42467,7,12582912,-2,0,0,0
46.74128951199964,1779567102.3138194,5125,42468,0,12582912,-6,0,0,0
46.74128951199964,1779567102.3138194,5125,42469,1,12582912,-11,0,0,0
46.74128951199964,1779567102.3138194,5125,42470,2,12582912,-13,0,0,0
46.74128951199964,1779567102.3138194,5125,42471,3,12582912,-9,0,0,0
46.74128951199964,1779567102.3138194,5125,42472,4,12582912,-1,0,0,0
46.74128951199964,1779567102.3138194,5125,42473,5,12582912,6,0,0,0
46.74128951199964,1779567102.3138194,5125,42474,6,12582912,6,0,0,0
46.74128951199964,1779567102.3138194,5125,42475,7,12582912,2,0,0,0
46.769288767000035,1779567102.3418188,5126,42476,0,12582912,-2,0,0,0
46.769288767000035,1779567102.3418188,5126,42477,1,12582912,-1,0,0,0
46.769288767000035,1779567102.3418188,5126,42478,2,12582912,1,0,0,0
46.769288767000035,1779567102.3418188,5126,42479,3,12582912,4,0,0,0
46.769288767000035,1779567102.3418188,5126,42480,4,12582912,6,0,0,0
46.769288767000035,1779567102.3418188,5126,42481,5,12582912,9,0,0,0
46.769288767000035,1779567102.3418188,5126,42482,6,12582912,9,0,0,0
46.769288767000035,1779567102.3418188,5126,42483,7,12582912,7,0,0,0
46.79114750400004,1779567102.363679,5127,42484,0,12582912,4,0,0,0
46.79114750400004,1779567102.363679,5127,42485,1,12582912,6,0,0,0
46.79114750400004,1779567102.363679,5127,42486,2,12582912,8,0,0,0
46.79114750400004,1779567102.363679,5127,42487,3,12582912,6,0,0,0
46.79114750400004,1779567102.363679,5127,42488,4,12582912,3,0,0,0
46.79114750400004,1779567102.363679,5127,42489,5,12582912,0,0,0,0
46.79114750400004,1779567102.363679,5127,42490,6,12582912,-2,0,0,0
46.79114750400004,1779567102.363679,5127,42491,7,12582912,-5,0,0,0
46.88086912899962,1779567102.4533987,5128,42492,0,12582912,-6,0,0,0
46.88086912899962,1779567102.4533987,5128,42493,1,12582912,-4,0,0,0
46.88086912899962,1779567102.4533987,5128,42494,2,12582912,-5,0,0,0
46.88086912899962,1779567102.4533987,5128,42495,3,12582912,-6,0,0,0
46.88086912899962,1779567102.4533987,5128,42496,4,12582912,-4,0,0,0
46.88086912899962,1779567102.4533987,5128,42497,5,12582912,0,0,0,0
46.88086912899962,1779567102.4533987,5128,42498,6,12582912,2,0,0,0
46.88086912899962,1779567102.4533987,5128,42499,7,12582912,0,0,0,0
46.90213454200057,1779567102.4746647,5129,42500,0,12582912,-2,0,0,0
46.90213454200057,1779567102.4746647,5129,42501,1,12582912,-9,0,0,0
46.90213454200057,1779567102.4746647,5129,42502,2,12582912,-11,0,0,0
46.90213454200057,1779567102.4746647,5129,42503,3,12582912,20,0,0,0
46.90213454200057,1779567102.4746647,5129,42504,4,12582912,53,0,0,0
46.90213454200057,1779567102.4746647,5129,42505,5,12582912,34,0,0,0
46.90213454200057,1779567102.4746647,5129,42506,6,12582912,-18,0,0,0
46.90213454200057,1779567102.4746647,5129,42507,7,12582912,-37,0,0,0
46.9022752689998,1779567102.4748037,5130,42508,0,12582912,-2,0,0,0
46.9022752689998,1779567102.4748037,5130,42509,1,12582912,38,0,0,0
46.9022752689998,1779567102.4748037,5130,42510,2,12582912,30,0,0,0
46.9022752689998,1779567102.4748037,5130,42511,3,12582912,-12,0,0,0
46.9022752689998,1779567102.4748037,5130,42512,4,12582912,-28,0,0,0
46.9022752689998,1779567102.4748037,5130,42513,5,12582912,-1,0,0,0
46.9022752689998,1779567102.4748037,5130,42514,6,12582912,29,0,0,0
46.9022752689998,1779567102.4748037,5130,42515,7,12582912,22,0,0,0
46.94446188300026,1779567102.5169919,5131,42516,0,12582912,-12,0,0,0
46.94446188300026,1779567102.5169919,5131,42517,1,12582912,-26,0,0,0
46.94446188300026,1779567102.5169919,5131,42518,2,12582912,-5,0,0,0
46.94446188300026,1779567102.5169919,5131,42519,3,12582912,20,0,0,0
46.94446188300026,1779567102.5169919,5131,42520,4,12582912,14,0,0,0
46.94446188300026,1779567102.5169919,5131,42521,5,12582912,-12,0,0,0
46.94446188300026,1779567102.5169919,5131,42522,6,12582912,-24,0,0,0
46.94446188300026,1779567102.5169919,5131,42523,7,12582912,-10,0,0,0
46.965688287000376,1779567102.5382183,5132,42524,0,12582912,4,0,0,0
46.965688287000376,1779567102.5382183,5132,42525,1,12582912,-2,0,0,0
46.965688287000376,1779567102.5382183,5132,42526,2,12582912,-20,0,0,0
46.965688287000376,1779567102.5382183,5132,42527,3,12582912,-26,0,0,0
46.965688287000376,1779567102.5382183,5132,42528,4,12582912,-15,0,0,0
46.965688287000376,1779567102.5382183,5132,42529,5,12582912,-1,0,0,0
46.965688287000376,1779567102.5382183,5132,42530,6,12582912,-2,0,0,0
46.965688287000376,1779567102.5382183,5132,42531,7,12582912,-15,0,0,0
47.008838061999995,1779567102.581369,5133,42532,0,12582912,-20,0,0,0
47.008838061999995,1779567102.581369,5133,42533,1,12582912,-10,0,0,0
47.008838061999995,1779567102.581369,5133,42534,2,12582912,4,0,0,0
47.008838061999995,1779567102.581369,5133,42535,3,12582912,7,0,0,0
47.008838061999995,1779567102.581369,5133,42536,4,12582912,-1,0,0,0
47.008838061999995,1779567102.581369,5133,42537,5,12582912,-5,0,0,0
47.008838061999995,1779567102.581369,5133,42538,6,12582912,1,0,0,0
47.008838061999995,1779567102.581369,5133,42539,7,12582912,7,0,0,0
47.06154918100037,1779567102.63408,5134,42540,0,12582912,5,0,0,0
47.06154918100037,1779567102.63408,5134,42541,1,12582912,-5,0,0,0
47.06154918100037,1779567102.63408,5134,42542,2,12582912,-11,0,0,0
47.06154918100037,1779567102.63408,5134,42543,3,12582912,-4,0,0,0
47.06154918100037,1779567102.63408,5134,42544,4,12582912,4,0,0,0
47.06154918100037,1779567102.63408,5134,42545,5,12582912,0,0,0,0
47.06154918100037,1779567102.63408,5134,42546,6,12582912,-12,0,0,0
47.06154918100037,1779567102.63408,5134,42547,7,12582912,-17,0,0,0
47.061915217000205,1779567102.6344447,5135,42548,0,12582912,-13,0,0,0
47.061915217000205,1779567102.6344447,5135,42549,1,12582912,-11,0,0,0
47.061915217000205,1779567102.6344447,5135,42550,2,12582912,-16,0,0,0
47.061915217000205,1779567102.6344447,5135,42551,3,12582912,-23,0,0,0
47.061915217000205,1779567102.6344447,5135,42552,4,12582912,-24,0,0,0
47.061915217000205,1779567102.6344447,5135,42553,5,12582912,-17,0,0,0
47.061915217000205,1779567102.6344447,5135,42554,6,12582912,-8,0,0,0
47.061915217000205,1779567102.6344447,5135,42555,7,12582912,-4,0,0,0
47.10465307100094,1779567102.677184,5136,42556,0,12582912,-6,0,0,0
47.10465307100094,1779567102.677184,5136,42557,1,12582912,-9,0,0,0
47.10465307100094,1779567102.677184,5136,42558,2,12582912,-9,0,0,0
47.10465307100094,1779567102.677184,5136,42559,3,12582912,-4,0,0,0
47.10465307100094,1779567102.677184,5136,42560,4,12582912,-2,0,0,0
47.10465307100094,1779567102.677184,5136,42561,5,12582912,-4,0,0,0
47.10465307100094,1779567102.677184,5136,42562,6,12582912,-6,0,0,0
47.10465307100094,1779567102.677184,5136,42563,7,12582912,-5,0,0,0
47.126361497999824,1779567102.6988924,5137,42564,0,12582912,-1,0,0,0
47.126361497999824,1779567102.6988924,5137,42565,1,12582912,-3,0,0,0
47.126361497999824,1779567102.6988924,5137,42566,2,12582912,-10,0,0,0
47.126361497999824,1779567102.6988924,5137,42567,3,12582912,-13,0,0,0
47.126361497999824,1779567102.6988924,5137,42568,4,12582912,-8,0,0,0
47.126361497999824,1779567102.6988924,5137,42569,5,12582912,-1,0,0,0
47.126361497999824,1779567102.6988924,5137,42570,6,12582912,2,0,0,0
47.126361497999824,1779567102.6988924,5137,42571,7,12582912,0,0,0,0
47.169041176000974,1779567102.7415721,5138,42572,0,12582912,-3,0,0,0
47.169041176000974,1779567102.7415721,5138,42573,1,12582912,-7,0,0,0
47.169041176000974,1779567102.7415721,5138,42574,2,12582912,-10,0,0,0
47.169041176000974,1779567102.7415721,5138,42575,3,12582912,-10,0,0,0
47.169041176000974,1779567102.7415721,5138,42576,4,12582912,-10,0,0,0
47.169041176000974,1779567102.7415721,5138,42577,5,12582912,-11,0,0,0
47.169041176000974,1779567102.7415721,5138,42578,6,12582912,-10,0,0,0
47.169041176000974,1779567102.7415721,5138,42579,7,12582912,-8,0,0,0
47.233457198000906,1779567102.805988,5139,42580,0,12582912,-9,0,0,0
47.233457198000906,1779567102.805988,5139,42581,1,12582912,-10,0,0,0
47.233457198000906,1779567102.805988,5139,42582,2,12582912,-9,0,0,0
47.233457198000906,1779567102.805988,5139,42583,3,12582912,-7,0,0,0
47.233457198000906,1779567102.805988,5139,42584,4,12582912,-7,0,0,0
47.233457198000906,1779567102.805988,5139,42585,5,12582912,-8,0,0,0
47.233457198000906,1779567102.805988,5139,42586,6,12582912,-9,0,0,0
47.233457198000906,1779567102.805988,5139,42587,7,12582912,-9,0,0,0
47.23376141100016,1779567102.8062906,5140,42588,0,12582912,-6,0,0,0
47.23376141100016,1779567102.8062906,5140,42589,1,12582912,-1,0,0,0
47.23376141100016,1779567102.8062906,5140,42590,2,12582912,0,0,0,0
47.23376141100016,1779567102.8062906,5140,42591,3,12582912,-3,0,0,0
47.23376141100016,1779567102.8062906,5140,42592,4,12582912,-8,0,0,0
47.23376141100016,1779567102.8062906,5140,42593,5,12582912,-10,0,0,0
47.23376141100016,1779567102.8062906,5140,42594,6,12582912,-8,0,0,0
47.23376141100016,1779567102.8062906,5140,42595,7,12582912,-7,0,0,0
47.313862889999655,1779567102.8863943,5141,42596,0,12582912,-13,0,0,0
47.313862889999655,1779567102.8863943,5141,42597,1,12582912,-18,0,0,0
47.313862889999655,1779567102.8863943,5141,42598,2,12582912,-14,0,0,0
47.313862889999655,1779567102.8863943,5141,42599,3,12582912,-7,0,0,0
47.313862889999655,1779567102.8863943,5141,42600,4,12582912,-1,0,0,0
47.313862889999655,1779567102.8863943,5141,42601,5,12582912,1,0,0,0
47.313862889999655,1779567102.8863943,5141,42602,6,12582912,3,0,0,0
47.313862889999655,1779567102.8863943,5141,42603,7,12582912,5,0,0,0
47.314187727999524,1779567102.886717,5142,42604,0,12582912,4,0,0,0
47.314187727999524,1779567102.886717,5142,42605,1,12582912,2,0,0,0
47.314187727999524,1779567102.886717,5142,42606,2,12582912,1,0,0,0
47.314187727999524,1779567102.886717,5142,42607,3,12582912,3,0,0,0
47.314187727999524,1779567102.886717,5142,42608,4,12582912,5,0,0,0
47.314187727999524,1779567102.886717,5142,42609,5,12582912,7,0,0,0
47.314187727999524,1779567102.886717,5142,42610,6,12582912,7,0,0,0
47.314187727999524,1779567102.886717,5142,42611,7,12582912,5,0,0,0
47.31447371300055,1779567102.8870032,5143,42612,0,12582912,1,0,0,0
47.31447371300055,1779567102.8870032,5143,42613,1,12582912,-1,0,0,0
47.31447371300055,1779567102.8870032,5143,42614,2,12582912,3,0,0,0
47.31447371300055,1779567102.8870032,5143,42615,3,12582912,9,0,0,0
47.31447371300055,1779567102.8870032,5143,42616,4,12582912,13,0,0,0
47.31447371300055,1779567102.8870032,5143,42617,5,12582912,11,0,0,0
47.31447371300055,1779567102.8870032,5143,42618,6,12582912,6,0,0,0
47.31447371300055,1779567102.8870032,5143,42619,7,12582912,0,0,0,0
47.34989231899999,1779567102.9224234,5144,42620,0,12582912,-6,0,0,0
47.34989231899999,1779567102.9224234,5144,42621,1,12582912,-11,0,0,0
47.34989231899999,1779567102.9224234,5144,42622,2,12582912,-15,0,0,0
47.34989231899999,1779567102.9224234,5144,42623,3,12582912,-15,0,0,0
47.34989231899999,1779567102.9224234,5144,42624,4,12582912,-11,0,0,0
47.34989231899999,1779567102.9224234,5144,42625,5,12582912,-7,0,0,0
47.34989231899999,1779567102.9224234,5144,42626,6,12582912,-3,0,0,0
47.34989231899999,1779567102.9224234,5144,42627,7,12582912,-1,0,0,0
47.39278215000013,1779567102.965313,5145,42628,0,12582912,3,0,0,0
47.39278215000013,1779567102.965313,5145,42629,1,12582912,8,0,0,0
47.39278215000013,1779567102.965313,5145,42630,2,12582912,9,0,0,0
47.39278215000013,1779567102.965313,5145,42631,3,12582912,7,0,0,0
47.39278215000013,1779567102.965313,5145,42632,4,12582912,4,0,0,0
47.39278215000013,1779567102.965313,5145,42633,5,12582912,3,0,0,0
47.39278215000013,1779567102.965313,5145,42634,6,12582912,6,0,0,0
47.39278215000013,1779567102.965313,5145,42635,7,12582912,7,0,0,0
47.41450338899995,1779567102.9870343,5146,42636,0,12582912,6,0,0,0
47.41450338899995,1779567102.9870343,5146,42637,1,12582912,4,0,0,0
47.41450338899995,1779567102.9870343,5146,42638,2,12582912,1,0,0,0
47.41450338899995,1779567102.9870343,5146,42639,3,12582912,-2,0,0,0
47.41450338899995,1779567102.9870343,5146,42640,4,12582912,0,0,0,0
47.41450338899995,1779567102.9870343,5146,42641,5,12582912,1,0,0,0
47.41450338899995,1779567102.9870343,5146,42642,6,12582912,0,0,0,0
47.41450338899995,1779567102.9870343,5146,42643,7,12582912,-2,0,0,0
47.47363059700001,1779567103.0461617,5147,42644,0,12582912,-1,0,0,0
47.47363059700001,1779567103.0461617,5147,42645,1,12582912,-1,0,0,0
47.47363059700001,1779567103.0461617,5147,42646,2,12582912,-3,0,0,0
47.47363059700001,1779567103.0461617,5147,42647,3,12582912,-8,0,0,0
47.47363059700001,1779567103.0461617,5147,42648,4,12582912,-9,0,0,0
47.47363059700001,1779567103.0461617,5147,42649,5,12582912,-7,0,0,0
47.47363059700001,1779567103.0461617,5147,42650,6,12582912,-4,0,0,0
47.47363059700001,1779567103.0461617,5147,42651,7,12582912,-2,0,0,0
47.47401210099997,1779567103.0465426,5148,42652,0,12582912,-1,0,0,0
47.47401210099997,1779567103.0465426,5148,42653,1,12582912,1,0,0,0
47.47401210099997,1779567103.0465426,5148,42654,2,12582912,4,0,0,0
47.47401210099997,1779567103.0465426,5148,42655,3,12582912,5,0,0,0
47.47401210099997,1779567103.0465426,5148,42656,4,12582912,4,0,0,0
47.47401210099997,1779567103.0465426,5148,42657,5,12582912,2,0,0,0
47.47401210099997,1779567103.0465426,5148,42658,6,12582912,1,0,0,0
47.47401210099997,1779567103.0465426,5148,42659,7,12582912,0,0,0,0
47.516728082000554,1779567103.0892596,5149,42660,0,12582912,0,0,0,0
47.516728082000554,1779567103.0892596,5149,42661,1,12582912,0,0,0,0
47.516728082000554,1779567103.0892596,5149,42662,2,12582912,-1,0,0,0
47.516728082000554,1779567103.0892596,5149,42663,3,12582912,-3,0,0,0
47.516728082000554,1779567103.0892596,5149,42664,4,12582912,-1,0,0,0
47.516728082000554,1779567103.0892596,5149,42665,5,12582912,2,0,0,0
47.516728082000554,1779567103.0892596,5149,42666,6,12582912,2,0,0,0
47.516728082000554,1779567103.0892596,5149,42667,7,12582912,-3,0,0,0
47.559473332999914,1779567103.1320043,5150,42668,0,12582912,-8,0,0,0
47.559473332999914,1779567103.1320043,5150,42669,1,12582912,-10,0,0,0
47.559473332999914,1779567103.1320043,5150,42670,2,12582912,-10,0,0,0
47.559473332999914,1779567103.1320043,5150,42671,3,12582912,-9,0,0,0
47.559473332999914,1779567103.1320043,5150,42672,4,12582912,-11,0,0,0
47.559473332999914,1779567103.1320043,5150,42673,5,12582912,-13,0,0,0
47.559473332999914,1779567103.1320043,5150,42674,6,12582912,-13,0,0,0
47.559473332999914,1779567103.1320043,5150,42675,7,12582912,-10,0,0,0
47.58108676200027,1779567103.1536176,5151,42676,0,12582912,-7,0,0,0
47.58108676200027,1779567103.1536176,5151,42677,1,12582912,-8,0,0,0
47.58108676200027,1779567103.1536176,5151,42678,2,12582912,-9,0,0,0
47.58108676200027,1779567103.1536176,5151,42679,3,12582912,-7,0,0,0
47.58108676200027,1779567103.1536176,5151,42680,4,12582912,-5,0,0,0
47.58108676200027,1779567103.1536176,5151,42681,5,12582912,-4,0,0,0
47.58108676200027,1779567103.1536176,5151,42682,6,12582912,-5,0,0,0
47.58108676200027,1779567103.1536176,5151,42683,7,12582912,-5,0,0,0
47.60276852300012,1779567103.1752994,5152,42684,0,12582912,-2,0,0,0
47.60276852300012,1779567103.1752994,5152,42685,1,12582912,2,0,0,0
47.60276852300012,1779567103.1752994,5152,42686,2,12582912,2,0,0,0
47.60276852300012,1779567103.1752994,5152,42687,3,12582912,-2,0,0,0
47.60276852300012,1779567103.1752994,5152,42688,4,12582912,-4,0,0,0
47.60276852300012,1779567103.1752994,5152,42689,5,12582912,-2,0,0,0
47.60276852300012,1779567103.1752994,5152,42690,6,12582912,0,0,0,0
47.60276852300012,1779567103.1752994,5152,42691,7,12582912,1,0,0,0
47.64516628099955,1779567103.2176962,5153,42692,0,12582912,2,0,0,0
47.64516628099955,1779567103.2176962,5153,42693,1,12582912,2,0,0,0
47.64516628099955,1779567103.2176962,5153,42694,2,12582912,-1,0,0,0
47.64516628099955,1779567103.2176962,5153,42695,3,12582912,-5,0,0,0
47.64516628099955,1779567103.2176962,5153,42696,4,12582912,-8,0,0,0
47.64516628099955,1779567103.2176962,5153,42697,5,12582912,-12,0,0,0
47.64516628099955,1779567103.2176962,5153,42698,6,12582912,-16,0,0,0
47.64516628099955,1779567103.2176962,5153,42699,7,12582912,-17,0,0,0
47.6937552849995,1779567103.2662857,5154,42700,0,12582912,-13,0,0,0
47.6937552849995,1779567103.2662857,5154,42701,1,12582912,-11,0,0,0
47.6937552849995,1779567103.2662857,5154,42702,2,12582912,-12,0,0,0
47.6937552849995,1779567103.2662857,5154,42703,3,12582912,-11,0,0,0
47.6937552849995,1779567103.2662857,5154,42704,4,12582912,-8,0,0,0
47.6937552849995,1779567103.2662857,5154,42705,5,12582912,-4,0,0,0
47.6937552849995,1779567103.2662857,5154,42706,6,12582912,-2,0,0,0
47.6937552849995,1779567103.2662857,5154,42707,7,12582912,-3,0,0,0
47.69424564200017,1779567103.2667756,5155,42708,0,12582912,-4,0,0,0
47.69424564200017,1779567103.2667756,5155,42709,1,12582912,-2,0,0,0
47.69424564200017,1779567103.2667756,5155,42710,2,12582912,0,0,0,0
47.69424564200017,1779567103.2667756,5155,42711,3,12582912,-1,0,0,0
47.69424564200017,1779567103.2667756,5155,42712,4,12582912,-3,0,0,0
47.69424564200017,1779567103.2667756,5155,42713,5,12582912,-6,0,0,0
47.69424564200017,1779567103.2667756,5155,42714,6,12582912,-8,0,0,0
47.69424564200017,1779567103.2667756,5155,42715,7,12582912,-8,0,0,0
47.73696745599955,1779567103.3094985,5156,42716,0,12582912,-7,0,0,0
47.73696745599955,1779567103.3094985,5156,42717,1,12582912,-7,0,0,0
47.73696745599955,1779567103.3094985,5156,42718,2,12582912,-8,0,0,0
47.73696745599955,1779567103.3094985,5156,42719,3,12582912,-8,0,0,0
47.73696745599955,1779567103.3094985,5156,42720,4,12582912,-8,0,0,0
47.73696745599955,1779567103.3094985,5156,42721,5,12582912,-10,0,0,0
47.73696745599955,1779567103.3094985,5156,42722,6,12582912,-16,0,0,0
47.73696745599955,1779567103.3094985,5156,42723,7,12582912,-20,0,0,0
47.758693121999386,1779567103.3312247,5157,42724,0,12582912,-21,0,0,0
47.758693121999386,1779567103.3312247,5157,42725,1,12582912,-19,0,0,0
47.758693121999386,1779567103.3312247,5157,42726,2,12582912,-17,0,0,0
47.758693121999386,1779567103.3312247,5157,42727,3,12582912,-15,0,0,0
47.758693121999386,1779567103.3312247,5157,42728,4,12582912,-13,0,0,0
47.758693121999386,1779567103.3312247,5157,42729,5,12582912,-13,0,0,0
47.758693121999386,1779567103.3312247,5157,42730,6,12582912,-13,0,0,0
47.758693121999386,1779567103.3312247,5157,42731,7,12582912,-12,0,0,0
47.79362871699959,1779567103.3661597,5158,42732,0,12582912,-10,0,0,0
47.79362871699959,1779567103.3661597,5158,42733,1,12582912,-6,0,0,0
47.79362871699959,1779567103.3661597,5158,42734,2,12582912,-2,0,0,0
47.79362871699959,1779567103.3661597,5158,42735,3,12582912,3,0,0,0
47.79362871699959,1779567103.3661597,5158,42736,4,12582912,7,0,0,0
47.79362871699959,1779567103.3661597,5158,42737,5,12582912,7,0,0,0
47.79362871699959,1779567103.3661597,5158,42738,6,12582912,5,0,0,0
47.79362871699959,1779567103.3661597,5158,42739,7,12582912,6,0,0,0
47.836404593001134,1779567103.408935,5159,42740,0,12582912,8,0,0,0
47.836404593001134,1779567103.408935,5159,42741,1,12582912,8,0,0,0
47.836404593001134,1779567103.408935,5159,42742,2,12582912,5,0,0,0
47.836404593001134,1779567103.408935,5159,42743,3,12582912,3,0,0,0
47.836404593001134,1779567103.408935,5159,42744,4,12582912,3,0,0,0
47.836404593001134,1779567103.408935,5159,42745,5,12582912,1,0,0,0
47.836404593001134,1779567103.408935,5159,42746,6,12582912,-3,0,0,0
47.836404593001134,1779567103.408935,5159,42747,7,12582912,-7,0,0,0
47.85811442600061,1779567103.4306455,5160,42748,0,12582912,-8,0,0,0
47.85811442600061,1779567103.4306455,5160,42749,1,12582912,-7,0,0,0
47.85811442600061,1779567103.4306455,5160,42750,2,12582912,-7,0,0,0
47.85811442600061,1779567103.4306455,5160,42751,3,12582912,-9,0,0,0
47.85811442600061,1779567103.4306455,5160,42752,4,12582912,-11,0,0,0
47.85811442600061,1779567103.4306455,5160,42753,5,12582912,-13,0,0,0
47.85811442600061,1779567103.4306455,5160,42754,6,12582912,-15,0,0,0
47.85811442600061,1779567103.4306455,5160,42755,7,12582912,-17,0,0,0
47.894774627000515,1779567103.467306,5161,42756,0,12582912,-18,0,0,0
47.894774627000515,1779567103.467306,5161,42757,1,12582912,-19,0,0,0
47.894774627000515,1779567103.467306,5161,42758,2,12582912,-20,0,0,0
47.894774627000515,1779567103.467306,5161,42759,3,12582912,-18,0,0,0
47.894774627000515,1779567103.467306,5161,42760,4,12582912,-13,0,0,0
47.894774627000515,1779567103.467306,5161,42761,5,12582912,-9,0,0,0
47.894774627000515,1779567103.467306,5161,42762,6,12582912,-7,0,0,0
47.894774627000515,1779567103.467306,5161,42763,7,12582912,-6,0,0,0
47.937582845999714,1779567103.5101137,5162,42764,0,12582912,-4,0,0,0
47.937582845999714,1779567103.5101137,5162,42765,1,12582912,-1,0,0,0
47.937582845999714,1779567103.5101137,5162,42766,2,12582912,2,0,0,0
47.937582845999714,1779567103.5101137,5162,42767,3,12582912,2,0,0,0
47.937582845999714,1779567103.5101137,5162,42768,4,12582912,2,0,0,0
47.937582845999714,1779567103.5101137,5162,42769,5,12582912,4,0,0,0
47.937582845999714,1779567103.5101137,5162,42770,6,12582912,6,0,0,0
47.937582845999714,1779567103.5101137,5162,42771,7,12582912,6,0,0,0
47.95928512700084,1779567103.5318162,5163,42772,0,12582912,3,0,0,0
47.95928512700084,1779567103.5318162,5163,42773,1,12582912,2,0,0,0
47.95928512700084,1779567103.5318162,5163,42774,2,12582912,2,0,0,0
47.95928512700084,1779567103.5318162,5163,42775,3,12582912,2,0,0,0
47.95928512700084,1779567103.5318162,5163,42776,4,12582912,1,0,0,0
47.95928512700084,1779567103.5318162,5163,42777,5,12582912,-3,0,0,0
47.95928512700084,1779567103.5318162,5163,42778,6,12582912,-6,0,0,0
47.95928512700084,1779567103.5318162,5163,42779,7,12582912,-7,0,0,0
48.002281572000356,1779567103.5748122,5164,42780,0,12582912,-7,0,0,0
48.002281572000356,1779567103.5748122,5164,42781,1,12582912,-8,0,0,0
48.002281572000356,1779567103.5748122,5164,42782,2,12582912,-11,0,0,0
48.002281572000356,1779567103.5748122,5164,42783,3,12582912,-14,0,0,0
48.002281572000356,1779567103.5748122,5164,42784,4,12582912,-13,0,0,0
48.002281572000356,1779567103.5748122,5164,42785,5,12582912,-9,0,0,0
48.002281572000356,1779567103.5748122,5164,42786,6,12582912,-5,0,0,0
48.002281572000356,1779567103.5748122,5164,42787,7,12582912,-4,0,0,0
48.02389828200103,1779567103.596429,5165,42788,0,12582912,-2,0,0,0
48.02389828200103,1779567103.596429,5165,42789,1,12582912,3,0,0,0
48.02389828200103,1779567103.596429,5165,42790,2,12582912,7,0,0,0
48.02389828200103,1779567103.596429,5165,42791,3,12582912,7,0,0,0
48.02389828200103,1779567103.596429,5165,42792,4,12582912,7,0,0,0
48.02389828200103,1779567103.596429,5165,42793,5,12582912,6,0,0,0
48.02389828200103,1779567103.596429,5165,42794,6,12582912,6,0,0,0
48.02389828200103,1779567103.596429,5165,42795,7,12582912,7,0,0,0
48.086418036000396,1779567103.658948,5166,42796,0,12582912,4,0,0,0
48.086418036000396,1779567103.658948,5166,42797,1,12582912,-1,0,0,0
48.086418036000396,1779567103.658948,5166,42798,2,12582912,-5,0,0,0
48.086418036000396,1779567103.658948,5166,42799,3,12582912,-8,0,0,0
48.086418036000396,1779567103.658948,5166,42800,4,12582912,-8,0,0,0
48.086418036000396,1779567103.658948,5166,42801,5,12582912,-9,0,0,0
48.086418036000396,1779567103.658948,5166,42802,6,12582912,-11,0,0,0
48.086418036000396,1779567103.658948,5166,42803,7,12582912,-11,0,0,0
48.123187348999636,1779567103.6957183,5167,42804,0,12582912,-7,0,0,0
48.123187348999636,1779567103.6957183,5167,42805,1,12582912,-2,0,0,0
48.123187348999636,1779567103.6957183,5167,42806,2,12582912,1,0,0,0
48.123187348999636,1779567103.6957183,5167,42807,3,12582912,-1,0,0,0
48.123187348999636,1779567103.6957183,5167,42808,4,12582912,-6,0,0,0
48.123187348999636,1779567103.6957183,5167,42809,5,12582912,-9,0,0,0
48.123187348999636,1779567103.6957183,5167,42810,6,12582912,-9,0,0,0
48.123187348999636,1779567103.6957183,5167,42811,7,12582912,-8,0,0,0
48.12349343800088,1779567103.6960227,5168,42812,0,12582912,-8,0,0,0
48.12349343800088,1779567103.6960227,5168,42813,1,12582912,-7,0,0,0
48.12349343800088,1779567103.6960227,5168,42814,2,12582912,-5,0,0,0
48.12349343800088,1779567103.6960227,5168,42815,3,12582912,-2,0,0,0
48.12349343800088,1779567103.6960227,5168,42816,4,12582912,1,0,0,0
48.12349343800088,1779567103.6960227,5168,42817,5,12582912,2,0,0,0
48.12349343800088,1779567103.6960227,5168,42818,6,12582912,1,0,0,0
48.12349343800088,1779567103.6960227,5168,42819,7,12582912,1,0,0,0
48.14804171200012,1779567103.7205725,5169,42820,0,12582912,-1,0,0,0
48.14804171200012,1779567103.7205725,5169,42821,1,12582912,-3,0,0,0
48.14804171200012,1779567103.7205725,5169,42822,2,12582912,-5,0,0,0
48.14804171200012,1779567103.7205725,5169,42823,3,12582912,-5,0,0,0
48.14804171200012,1779567103.7205725,5169,42824,4,12582912,-3,0,0,0
48.14804171200012,1779567103.7205725,5169,42825,5,12582912,2,0,0,0
48.14804171200012,1779567103.7205725,5169,42826,6,12582912,6,0,0,0
48.14804171200012,1779567103.7205725,5169,42827,7,12582912,7,0,0,0
48.233947415999864,1779567103.8064785,5170,42828,0,12582912,4,0,0,0
48.233947415999864,1779567103.8064785,5170,42829,1,12582912,2,0,0,0
48.233947415999864,1779567103.8064785,5170,42830,2,12582912,2,0,0,0
48.233947415999864,1779567103.8064785,5170,42831,3,12582912,2,0,0,0
48.233947415999864,1779567103.8064785,5170,42832,4,12582912,-1,0,0,0
48.233947415999864,1779567103.8064785,5170,42833,5,12582912,-3,0,0,0
48.233947415999864,1779567103.8064785,5170,42834,6,12582912,-3,0,0,0
48.233947415999864,1779567103.8064785,5170,42835,7,12582912,-3,0,0,0
48.23426407700026,1779567103.8067935,5171,42836,0,12582912,-2,0,0,0
48.23426407700026,1779567103.8067935,5171,42837,1,12582912,-1,0,0,0
48.23426407700026,1779567103.8067935,5171,42838,2,12582912,-3,0,0,0
48.23426407700026,1779567103.8067935,5171,42839,3,12582912,-5,0,0,0
48.23426407700026,1779567103.8067935,5171,42840,4,12582912,-4,0,0,0
48.23426407700026,1779567103.8067935,5171,42841,5,12582912,-2,0,0,0
48.23426407700026,1779567103.8067935,5171,42842,6,12582912,-1,0,0,0
48.23426407700026,1779567103.8067935,5171,42843,7,12582912,-2,0,0,0
48.25586406900038,1779567103.8283947,5172,42844,0,12582912,-3,0,0,0
48.25586406900038,1779567103.8283947,5172,42845,1,12582912,-4,0,0,0
48.25586406900038,1779567103.8283947,5172,42846,2,12582912,-4,0,0,0
48.25586406900038,1779567103.8283947,5172,42847,3,12582912,-4,0,0,0
48.25586406900038,1779567103.8283947,5172,42848,4,12582912,-4,0,0,0
48.25586406900038,1779567103.8283947,5172,42849,5,12582912,-3,0,0,0
48.25586406900038,1779567103.8283947,5172,42850,6,12582912,-1,0,0,0
48.25586406900038,1779567103.8283947,5172,42851,7,12582912,1,0,0,0
48.277489633001096,1779567103.8500206,5173,42852,0,12582912,1,0,0,0
48.277489633001096,1779567103.8500206,5173,42853,1,12582912,0,0,0,0
48.277489633001096,1779567103.8500206,5173,42854,2,12582912,-3,0,0,0
48.277489633001096,1779567103.8500206,5173,42855,3,12582912,-4,0,0,0
48.277489633001096,1779567103.8500206,5173,42856,4,12582912,-5,0,0,0
48.277489633001096,1779567103.8500206,5173,42857,5,12582912,-5,0,0,0
48.277489633001096,1779567103.8500206,5173,42858,6,12582912,-2,0,0,0
48.277489633001096,1779567103.8500206,5173,42859,7,12582912,2,0,0,0
48.32817589300066,1779567103.9007065,5174,42860,0,12582912,3,0,0,0
48.32817589300066,1779567103.9007065,5174,42861,1,12582912,2,0,0,0
48.32817589300066,1779567103.9007065,5174,42862,2,12582912,0,0,0,0
48.32817589300066,1779567103.9007065,5174,42863,3,12582912,0,0,0,0
48.32817589300066,1779567103.9007065,5174,42864,4,12582912,4,0,0,0
48.32817589300066,1779567103.9007065,5174,42865,5,12582912,8,0,0,0
48.32817589300066,1779567103.9007065,5174,42866,6,12582912,9,0,0,0
48.32817589300066,1779567103.9007065,5174,42867,7,12582912,7,0,0,0
48.34983713300062,1779567103.9223685,5175,42868,0,12582912,5,0,0,0
48.34983713300062,1779567103.9223685,5175,42869,1,12582912,5,0,0,0
48.34983713300062,1779567103.9223685,5175,42870,2,12582912,7,0,0,0
48.34983713300062,1779567103.9223685,5175,42871,3,12582912,7,0,0,0
48.34983713300062,1779567103.9223685,5175,42872,4,12582912,3,0,0,0
48.34983713300062,1779567103.9223685,5175,42873,5,12582912,1,0,0,0
48.34983713300062,1779567103.9223685,5175,42874,6,12582912,1,0,0,0
48.34983713300062,1779567103.9223685,5175,42875,7,12582912,3,0,0,0
48.371463374000086,1779567103.943994,5176,42876,0,12582912,3,0,0,0
48.371463374000086,1779567103.943994,5176,42877,1,12582912,-1,0,0,0
48.371463374000086,1779567103.943994,5176,42878,2,12582912,-6,0,0,0
48.371463374000086,1779567103.943994,5176,42879,3,12582912,-10,0,0,0
48.371463374000086,1779567103.943994,5176,42880,4,12582912,-8,0,0,0
48.371463374000086,1779567103.943994,5176,42881,5,12582912,-3,0,0,0
48.371463374000086,1779567103.943994,5176,42882,6,12582912,-2,0,0,0
48.371463374000086,1779567103.943994,5176,42883,7,12582912,-3,0,0,0
48.414152794000984,1779567103.9866836,5177,42884,0,12582912,-3,0,0,0
48.414152794000984,1779567103.9866836,5177,42885,1,12582912,-2,0,0,0
48.414152794000984,1779567103.9866836,5177,42886,2,12582912,0,0,0,0
48.414152794000984,1779567103.9866836,5177,42887,3,12582912,2,0,0,0
48.414152794000984,1779567103.9866836,5177,42888,4,12582912,1,0,0,0
48.414152794000984,1779567103.9866836,5177,42889,5,12582912,-1,0,0,0
48.414152794000984,1779567103.9866836,5177,42890,6,12582912,1,0,0,0
48.414152794000984,1779567103.9866836,5177,42891,7,12582912,0,0,0,0
48.4358015859998,1779567104.0083325,5178,42892,0,12582912,-3,0,0,0
48.4358015859998,1779567104.0083325,5178,42893,1,12582912,-4,0,0,0
48.4358015859998,1779567104.0083325,5178,42894,2,12582912,0,0,0,0
48.4358015859998,1779567104.0083325,5178,42895,3,12582912,0,0,0,0
48.4358015859998,1779567104.0083325,5178,42896,4,12582912,-8,0,0,0
48.4358015859998,1779567104.0083325,5178,42897,5,12582912,-12,0,0,0
48.4358015859998,1779567104.0083325,5178,42898,6,12582912,-8,0,0,0
48.4358015859998,1779567104.0083325,5178,42899,7,12582912,-1,0,0,0
48.48387039299996,1779567104.0564005,5179,42900,0,12582912,5,0,0,0
48.48387039299996,1779567104.0564005,5179,42901,1,12582912,-5,0,0,0
48.48387039299996,1779567104.0564005,5179,42902,2,12582912,-23,0,0,0
48.48387039299996,1779567104.0564005,5179,42903,3,12582912,-24,0,0,0
48.48387039299996,1779567104.0564005,5179,42904,4,12582912,-20,0,0,0
48.48387039299996,1779567104.0564005,5179,42905,5,12582912,-19,0,0,0
48.48387039299996,1779567104.0564005,5179,42906,6,12582912,-12,0,0,0
48.48387039299996,1779567104.0564005,5179,42907,7,12582912,-4,0,0,0
48.50539601200035,1779567104.0779269,5180,42908,0,12582912,0,0,0,0
48.50539601200035,1779567104.0779269,5180,42909,1,12582912,1,0,0,0
48.50539601200035,1779567104.0779269,5180,42910,2,12582912,2,0,0,0
48.50539601200035,1779567104.0779269,5180,42911,3,12582912,5,0,0,0
48.50539601200035,1779567104.0779269,5180,42912,4,12582912,7,0,0,0
48.50539601200035,1779567104.0779269,5180,42913,5,12582912,8,0,0,0
48.50539601200035,1779567104.0779269,5180,42914,6,12582912,9,0,0,0
48.50539601200035,1779567104.0779269,5180,42915,7,12582912,13,0,0,0
48.54215563800062,1779567104.1146889,5181,42916,0,12582912,20,0,0,0
48.54215563800062,1779567104.1146889,5181,42917,1,12582912,26,0,0,0
48.54215563800062,1779567104.1146889,5181,42918,2,12582912,28,0,0,0
48.54215563800062,1779567104.1146889,5181,42919,3,12582912,26,0,0,0
48.54215563800062,1779567104.1146889,5181,42920,4,12582912,29,0,0,0
48.54215563800062,1779567104.1146889,5181,42921,5,12582912,34,0,0,0
48.54215563800062,1779567104.1146889,5181,42922,6,12582912,36,0,0,0
48.54215563800062,1779567104.1146889,5181,42923,7,12582912,33,0,0,0
48.57985259199995,1779567104.1523838,5182,42924,0,12582912,29,0,0,0
48.57985259199995,1779567104.1523838,5182,42925,1,12582912,29,0,0,0
48.57985259199995,1779567104.1523838,5182,42926,2,12582912,31,0,0,0
48.57985259199995,1779567104.1523838,5182,42927,3,12582912,32,0,0,0
48.57985259199995,1779567104.1523838,5182,42928,4,12582912,31,0,0,0
48.57985259199995,1779567104.1523838,5182,42929,5,12582912,28,0,0,0
48.57985259199995,1779567104.1523838,5182,42930,6,12582912,28,0,0,0
48.57985259199995,1779567104.1523838,5182,42931,7,12582912,31,0,0,0
48.60152581300099,1779567104.174057,5183,42932,0,12582912,29,0,0,0
48.60152581300099,1779567104.174057,5183,42933,1,12582912,25,0,0,0
48.60152581300099,1779567104.174057,5183,42934,2,12582912,22,0,0,0
48.60152581300099,1779567104.174057,5183,42935,3,12582912,24,0,0,0
48.60152581300099,1779567104.174057,5183,42936,4,12582912,31,0,0,0
48.60152581300099,1779567104.174057,5183,42937,5,12582912,35,0,0,0
48.60152581300099,1779567104.174057,5183,42938,6,12582912,37,0,0,0
48.60152581300099,1779567104.174057,5183,42939,7,12582912,38,0,0,0
48.622807425001156,1779567104.1953373,5184,42940,0,12582912,39,0,0,0
48.622807425001156,1779567104.1953373,5184,42941,1,12582912,39,0,0,0
48.622807425001156,1779567104.1953373,5184,42942,2,12582912,34,0,0,0
48.622807425001156,1779567104.1953373,5184,42943,3,12582912,26,0,0,0
48.622807425001156,1779567104.1953373,5184,42944,4,12582912,27,0,0,0
48.622807425001156,1779567104.1953373,5184,42945,5,12582912,36,0,0,0
48.622807425001156,1779567104.1953373,5184,42946,6,12582912,42,0,0,0
48.622807425001156,1779567104.1953373,5184,42947,7,12582912,39,0,0,0
48.66528945299979,1779567104.2378201,5185,42948,0,12582912,30,0,0,0
48.66528945299979,1779567104.2378201,5185,42949,1,12582912,25,0,0,0
48.66528945299979,1779567104.2378201,5185,42950,2,12582912,23,0,0,0
48.66528945299979,1779567104.2378201,5185,42951,3,12582912,21,0,0,0
48.66528945299979,1779567104.2378201,5185,42952,4,12582912,19,0,0,0
48.66528945299979,1779567104.2378201,5185,42953,5,12582912,18,0,0,0
48.66528945299979,1779567104.2378201,5185,42954,6,12582912,20,0,0,0
48.66528945299979,1779567104.2378201,5185,42955,7,12582912,21,0,0,0
48.68692491299953,1779567104.259456,5186,42956,0,12582912,21,0,0,0
48.68692491299953,1779567104.259456,5186,42957,1,12582912,23,0,0,0
48.68692491299953,1779567104.259456,5186,42958,2,12582912,29,0,0,0
48.68692491299953,1779567104.259456,5186,42959,3,12582912,32,0,0,0
48.68692491299953,1779567104.259456,5186,42960,4,12582912,31,0,0,0
48.68692491299953,1779567104.259456,5186,42961,5,12582912,29,0,0,0
48.68692491299953,1779567104.259456,5186,42962,6,12582912,28,0,0,0
48.68692491299953,1779567104.259456,5186,42963,7,12582912,26,0,0,0
48.74562140099988,1779567104.3181527,5187,42964,0,12582912,23,0,0,0
48.74562140099988,1779567104.3181527,5187,42965,1,12582912,21,0,0,0
48.74562140099988,1779567104.3181527,5187,42966,2,12582912,22,0,0,0
48.74562140099988,1779567104.3181527,5187,42967,3,12582912,25,0,0,0
48.74562140099988,1779567104.3181527,5187,42968,4,12582912,27,0,0,0
48.74562140099988,1779567104.3181527,5187,42969,5,12582912,26,0,0,0
48.74562140099988,1779567104.3181527,5187,42970,6,12582912,25,0,0,0
48.74562140099988,1779567104.3181527,5187,42971,7,12582912,26,0,0,0
48.76733488100035,1779567104.3398662,5188,42972,0,12582912,27,0,0,0
48.76733488100035,1779567104.3398662,5188,42973,1,12582912,28,0,0,0
48.76733488100035,1779567104.3398662,5188,42974,2,12582912,30,0,0,0
48.76733488100035,1779567104.3398662,5188,42975,3,12582912,32,0,0,0
48.76733488100035,1779567104.3398662,5188,42976,4,12582912,31,0,0,0
48.76733488100035,1779567104.3398662,5188,42977,5,12582912,24,0,0,0
48.76733488100035,1779567104.3398662,5188,42978,6,12582912,17,0,0,0
48.76733488100035,1779567104.3398662,5188,42979,7,12582912,14,0,0,0
48.78897763299938,1779567104.3615086,5189,42980,0,12582912,15,0,0,0
48.78897763299938,1779567104.3615086,5189,42981,1,12582912,17,0,0,0
48.78897763299938,1779567104.3615086,5189,42982,2,12582912,20,0,0,0
48.78897763299938,1779567104.3615086,5189,42983,3,12582912,22,0,0,0
48.78897763299938,1779567104.3615086,5189,42984,4,12582912,19,0,0,0
48.78897763299938,1779567104.3615086,5189,42985,5,12582912,16,0,0,0
48.78897763299938,1779567104.3615086,5189,42986,6,12582912,17,0,0,0
48.78897763299938,1779567104.3615086,5189,42987,7,12582912,20,0,0,0
48.82394478999959,1779567104.3964756,5190,42988,0,12582912,21,0,0,0
48.82394478999959,1779567104.3964756,5190,42989,1,12582912,21,0,0,0
48.82394478999959,1779567104.3964756,5190,42990,2,12582912,22,0,0,0
48.82394478999959,1779567104.3964756,5190,42991,3,12582912,23,0,0,0
48.82394478999959,1779567104.3964756,5190,42992,4,12582912,25,0,0,0
48.82394478999959,1779567104.3964756,5190,42993,5,12582912,27,0,0,0
48.82394478999959,1779567104.3964756,5190,42994,6,12582912,27,0,0,0
48.82394478999959,1779567104.3964756,5190,42995,7,12582912,23,0,0,0
48.88861961300063,1779567104.4611495,5191,42996,0,12582912,20,0,0,0
48.88861961300063,1779567104.4611495,5191,42997,1,12582912,20,0,0,0
48.88861961300063,1779567104.4611495,5191,42998,2,12582912,20,0,0,0
48.88861961300063,1779567104.4611495,5191,42999,3,12582912,19,0,0,0
48.88861961300063,1779567104.4611495,5191,43000,4,12582912,20,0,0,0
48.88861961300063,1779567104.4611495,5191,43001,5,12582912,25,0,0,0
48.88861961300063,1779567104.4611495,5191,43002,6,12582912,40,0,0,0
48.88861961300063,1779567104.4611495,5191,43003,7,12582912,48,0,0,0
48.910128981000526,1779567104.48266,5192,43004,0,12582912,28,0,0,0
48.910128981000526,1779567104.48266,5192,43005,1,12582912,-4,0,0,0
48.910128981000526,1779567104.48266,5192,43006,2,12582912,-13,0,0,0
48.910128981000526,1779567104.48266,5192,43007,3,12582912,6,0,0,0
48.910128981000526,1779567104.48266,5192,43008,4,12582912,24,0,0,0
48.910128981000526,1779567104.48266,5192,43009,5,12582912,14,0,0,0
48.910128981000526,1779567104.48266,5192,43010,6,12582912,-9,0,0,0
48.910128981000526,1779567104.48266,5192,43011,7,12582912,-16,0,0,0
48.94786931999988,1779567104.5204005,5193,43012,0,12582912,1,0,0,0
48.94786931999988,1779567104.5204005,5193,43013,1,12582912,20,0,0,0
48.94786931999988,1779567104.5204005,5193,43014,2,12582912,18,0,0,0
48.94786931999988,1779567104.5204005,5193,43015,3,12582912,4,0,0,0
48.94786931999988,1779567104.5204005,5193,43016,4,12582912,4,0,0,0
48.94786931999988,1779567104.5204005,5193,43017,5,12582912,22,0,0,0
48.94786931999988,1779567104.5204005,5193,43018,6,12582912,36,0,0,0
48.94786931999988,1779567104.5204005,5193,43019,7,12582912,30,0,0,0
48.94817858600072,1779567104.520708,5194,43020,0,12582912,15,0,0,0
48.94817858600072,1779567104.520708,5194,43021,1,12582912,12,0,0,0
48.94817858600072,1779567104.520708,5194,43022,2,12582912,24,0,0,0
48.94817858600072,1779567104.520708,5194,43023,3,12582912,33,0,0,0
48.94817858600072,1779567104.520708,5194,43024,4,12582912,30,0,0,0
48.94817858600072,1779567104.520708,5194,43025,5,12582912,20,0,0,0
48.94817858600072,1779567104.520708,5194,43026,6,12582912,16,0,0,0
48.94817858600072,1779567104.520708,5194,43027,7,12582912,25,0,0,0
48.99089686000116,1779567104.5634277,5195,43028,0,12582912,32,0,0,0
48.99089686000116,1779567104.5634277,5195,43029,1,12582912,28,0,0,0
48.99089686000116,1779567104.5634277,5195,43030,2,12582912,18,0,0,0
48.99089686000116,1779567104.5634277,5195,43031,3,12582912,11,0,0,0
48.99089686000116,1779567104.5634277,5195,43032,4,12582912,15,0,0,0
48.99089686000116,1779567104.5634277,5195,43033,5,12582912,22,0,0,0
48.99089686000116,1779567104.5634277,5195,43034,6,12582912,24,0,0,0
48.99089686000116,1779567104.5634277,5195,43035,7,12582912,20,0,0,0
49.012537164000605,1779567104.585068,5196,43036,0,12582912,18,0,0,0
49.012537164000605,1779567104.585068,5196,43037,1,12582912,17,0,0,0
49.012537164000605,1779567104.585068,5196,43038,2,12582912,16,0,0,0
49.012537164000605,1779567104.585068,5196,43039,3,12582912,10,0,0,0
49.012537164000605,1779567104.585068,5196,43040,4,12582912,2,0,0,0
49.012537164000605,1779567104.585068,5196,43041,5,12582912,1,0,0,0
49.012537164000605,1779567104.585068,5196,43042,6,12582912,8,0,0,0
49.012537164000605,1779567104.585068,5196,43043,7,12582912,16,0,0,0
49.05540241400013,1779567104.6279333,5197,43044,0,12582912,18,0,0,0
49.05540241400013,1779567104.6279333,5197,43045,1,12582912,18,0,0,0
49.05540241400013,1779567104.6279333,5197,43046,2,12582912,21,0,0,0
49.05540241400013,1779567104.6279333,5197,43047,3,12582912,23,0,0,0
49.05540241400013,1779567104.6279333,5197,43048,4,12582912,19,0,0,0
49.05540241400013,1779567104.6279333,5197,43049,5,12582912,13,0,0,0
49.05540241400013,1779567104.6279333,5197,43050,6,12582912,12,0,0,0
49.05540241400013,1779567104.6279333,5197,43051,7,12582912,13,0,0,0
49.09732419200009,1779567104.6698549,5198,43052,0,12582912,19,0,0,0
49.09732419200009,1779567104.6698549,5198,43053,1,12582912,24,0,0,0
49.09732419200009,1779567104.6698549,5198,43054,2,12582912,24,0,0,0
49.09732419200009,1779567104.6698549,5198,43055,3,12582912,22,0,0,0
49.09732419200009,1779567104.6698549,5198,43056,4,12582912,21,0,0,0
49.09732419200009,1779567104.6698549,5198,43057,5,12582912,20,0,0,0
49.09732419200009,1779567104.6698549,5198,43058,6,12582912,19,0,0,0
49.09732419200009,1779567104.6698549,5198,43059,7,12582912,14,0,0,0
49.11898090199975,1779567104.6915119,5199,43060,0,12582912,8,0,0,0
49.11898090199975,1779567104.6915119,5199,43061,1,12582912,2,0,0,0
49.11898090199975,1779567104.6915119,5199,43062,2,12582912,-1,0,0,0
49.11898090199975,1779567104.6915119,5199,43063,3,12582912,-2,0,0,0
49.11898090199975,1779567104.6915119,5199,43064,4,12582912,-4,0,0,0
49.11898090199975,1779567104.6915119,5199,43065,5,12582912,-5,0,0,0
49.11898090199975,1779567104.6915119,5199,43066,6,12582912,-5,0,0,0
49.11898090199975,1779567104.6915119,5199,43067,7,12582912,-3,0,0,0
49.155537302000084,1779567104.728068,5200,43068,0,12582912,1,0,0,0
49.155537302000084,1779567104.728068,5200,43069,1,12582912,4,0,0,0
49.155537302000084,1779567104.728068,5200,43070,2,12582912,7,0,0,0
49.155537302000084,1779567104.728068,5200,43071,3,12582912,9,0,0,0
49.155537302000084,1779567104.728068,5200,43072,4,12582912,13,0,0,0
49.155537302000084,1779567104.728068,5200,43073,5,12582912,19,0,0,0
49.155537302000084,1779567104.728068,5200,43074,6,12582912,22,0,0,0
49.155537302000084,1779567104.728068,5200,43075,7,12582912,24,0,0,0
49.17717932500091,1779567104.7497106,5201,43076,0,12582912,24,0,0,0
49.17717932500091,1779567104.7497106,5201,43077,1,12582912,23,0,0,0
49.17717932500091,1779567104.7497106,5201,43078,2,12582912,22,0,0,0
49.17717932500091,1779567104.7497106,5201,43079,3,12582912,24,0,0,0
49.17717932500091,1779567104.7497106,5201,43080,4,12582912,25,0,0,0
49.17717932500091,1779567104.7497106,5201,43081,5,12582912,22,0,0,0
49.17717932500091,1779567104.7497106,5201,43082,6,12582912,20,0,0,0
49.17717932500091,1779567104.7497106,5201,43083,7,12582912,22,0,0,0
49.24262246800026,1779567104.8151526,5202,43084,0,12582912,26,0,0,0
49.24262246800026,1779567104.8151526,5202,43085,1,12582912,27,0,0,0
49.24262246800026,1779567104.8151526,5202,43086,2,12582912,26,0,0,0
49.24262246800026,1779567104.8151526,5202,43087,3,12582912,22,0,0,0
49.24262246800026,1779567104.8151526,5202,43088,4,12582912,20,0,0,0
49.24262246800026,1779567104.8151526,5202,43089,5,12582912,20,0,0,0
49.24262246800026,1779567104.8151526,5202,43090,6,12582912,18,0,0,0
49.24262246800026,1779567104.8151526,5202,43091,7,12582912,13,0,0,0
49.24275033000049,1779567104.8152785,5203,43092,0,12582912,10,0,0,0
49.24275033000049,1779567104.8152785,5203,43093,1,12582912,9,0,0,0
49.24275033000049,1779567104.8152785,5203,43094,2,12582912,9,0,0,0
49.24275033000049,1779567104.8152785,5203,43095,3,12582912,11,0,0,0
49.24275033000049,1779567104.8152785,5203,43096,4,12582912,14,0,0,0
49.24275033000049,1779567104.8152785,5203,43097,5,12582912,15,0,0,0
49.24275033000049,1779567104.8152785,5203,43098,6,12582912,14,0,0,0
49.24275033000049,1779567104.8152785,5203,43099,7,12582912,14,0,0,0
49.28647837800054,1779567104.8590083,5204,43100,0,12582912,14,0,0,0
49.28647837800054,1779567104.8590083,5204,43101,1,12582912,14,0,0,0
49.28647837800054,1779567104.8590083,5204,43102,2,12582912,15,0,0,0
49.28647837800054,1779567104.8590083,5204,43103,3,12582912,16,0,0,0
49.28647837800054,1779567104.8590083,5204,43104,4,12582912,16,0,0,0
49.28647837800054,1779567104.8590083,5204,43105,5,12582912,15,0,0,0
49.28647837800054,1779567104.8590083,5204,43106,6,12582912,15,0,0,0
49.28647837800054,1779567104.8590083,5204,43107,7,12582912,16,0,0,0
49.30792998800098,1779567104.880461,5205,43108,0,12582912,16,0,0,0
49.30792998800098,1779567104.880461,5205,43109,1,12582912,16,0,0,0
49.30792998800098,1779567104.880461,5205,43110,2,12582912,12,0,0,0
49.30792998800098,1779567104.880461,5205,43111,3,12582912,9,0,0,0
49.30792998800098,1779567104.880461,5205,43112,4,12582912,8,0,0,0
49.30792998800098,1779567104.880461,5205,43113,5,12582912,9,0,0,0
49.30792998800098,1779567104.880461,5205,43114,6,12582912,12,0,0,0
49.30792998800098,1779567104.880461,5205,43115,7,12582912,14,0,0,0
49.35855166700094,1779567104.9310825,5206,43116,0,12582912,14,0,0,0
49.35855166700094,1779567104.9310825,5206,43117,1,12582912,8,0,0,0
49.35855166700094,1779567104.9310825,5206,43118,2,12582912,0,0,0,0
49.35855166700094,1779567104.9310825,5206,43119,3,12582912,-4,0,0,0
49.35855166700094,1779567104.9310825,5206,43120,4,12582912,-3,0,0,0
49.35855166700094,1779567104.9310825,5206,43121,5,12582912,-2,0,0,0
49.35855166700094,1779567104.9310825,5206,43122,6,12582912,-3,0,0,0
49.35855166700094,1779567104.9310825,5206,43123,7,12582912,-5,0,0,0
49.38018796100005,1779567104.9527185,5207,43124,0,12582912,-6,0,0,0
49.38018796100005,1779567104.9527185,5207,43125,1,12582912,-5,0,0,0
49.38018796100005,1779567104.9527185,5207,43126,2,12582912,-8,0,0,0
49.38018796100005,1779567104.9527185,5207,43127,3,12582912,-10,0,0,0
49.38018796100005,1779567104.9527185,5207,43128,4,12582912,-9,0,0,0
49.38018796100005,1779567104.9527185,5207,43129,5,12582912,-6,0,0,0
49.38018796100005,1779567104.9527185,5207,43130,6,12582912,-5,0,0,0
49.38018796100005,1779567104.9527185,5207,43131,7,12582912,-5,0,0,0
49.40186769100001,1779567104.9743986,5208,43132,0,12582912,-4,0,0,0
49.40186769100001,1779567104.9743986,5208,43133,1,12582912,-1,0,0,0
49.40186769100001,1779567104.9743986,5208,43134,2,12582912,0,0,0,0
49.40186769100001,1779567104.9743986,5208,43135,3,12582912,-1,0,0,0
49.40186769100001,1779567104.9743986,5208,43136,4,12582912,-3,0,0,0
49.40186769100001,1779567104.9743986,5208,43137,5,12582912,-4,0,0,0
49.40186769100001,1779567104.9743986,5208,43138,6,12582912,-7,0,0,0
49.40186769100001,1779567104.9743986,5208,43139,7,12582912,-8,0,0,0
49.42423142000007,1779567104.9967623,5209,43140,0,12582912,-10,0,0,0
49.42423142000007,1779567104.9967623,5209,43141,1,12582912,-13,0,0,0
49.42423142000007,1779567104.9967623,5209,43142,2,12582912,-14,0,0,0
49.42423142000007,1779567104.9967623,5209,43143,3,12582912,-13,0,0,0
49.42423142000007,1779567104.9967623,5209,43144,4,12582912,-12,0,0,0
49.42423142000007,1779567104.9967623,5209,43145,5,12582912,-11,0,0,0
49.42423142000007,1779567104.9967623,5209,43146,6,12582912,-13,0,0,0
49.42423142000007,1779567104.9967623,5209,43147,7,12582912,-17,0,0,0
49.46689115400113,1779567105.0394223,5210,43148,0,12582912,-19,0,0,0
49.46689115400113,1779567105.0394223,5210,43149,1,12582912,-16,0,0,0
49.46689115400113,1779567105.0394223,5210,43150,2,12582912,-13,0,0,0
49.46689115400113,1779567105.0394223,5210,43151,3,12582912,-17,0,0,0
49.46689115400113,1779567105.0394223,5210,43152,4,12582912,-25,0,0,0
49.46689115400113,1779567105.0394223,5210,43153,5,12582912,-27,0,0,0
49.46689115400113,1779567105.0394223,5210,43154,6,12582912,-24,0,0,0
49.46689115400113,1779567105.0394223,5210,43155,7,12582912,-19,0,0,0
49.48850770900026,1779567105.0610392,5211,43156,0,12582912,-15,0,0,0
49.48850770900026,1779567105.0610392,5211,43157,1,12582912,-11,0,0,0
49.48850770900026,1779567105.0610392,5211,43158,2,12582912,-9,0,0,0
49.48850770900026,1779567105.0610392,5211,43159,3,12582912,-9,0,0,0
49.48850770900026,1779567105.0610392,5211,43160,4,12582912,-11,0,0,0
49.48850770900026,1779567105.0610392,5211,43161,5,12582912,-12,0,0,0
49.48850770900026,1779567105.0610392,5211,43162,6,12582912,-10,0,0,0
49.48850770900026,1779567105.0610392,5211,43163,7,12582912,-5,0,0,0
49.531227547000526,1779567105.1037583,5212,43164,0,12582912,1,0,0,0
49.531227547000526,1779567105.1037583,5212,43165,1,12582912,5,0,0,0
49.531227547000526,1779567105.1037583,5212,43166,2,12582912,7,0,0,0
49.531227547000526,1779567105.1037583,5212,43167,3,12582912,6,0,0,0
49.531227547000526,1779567105.1037583,5212,43168,4,12582912,2,0,0,0
49.531227547000526,1779567105.1037583,5212,43169,5,12582912,-2,0,0,0
49.531227547000526,1779567105.1037583,5212,43170,6,12582912,-5,0,0,0
49.531227547000526,1779567105.1037583,5212,43171,7,12582912,-6,0,0,0
49.5681086830009,1779567105.14064,5213,43172,0,12582912,-7,0,0,0
49.5681086830009,1779567105.14064,5213,43173,1,12582912,-6,0,0,0
49.5681086830009,1779567105.14064,5213,43174,2,12582912,-3,0,0,0
49.5681086830009,1779567105.14064,5213,43175,3,12582912,-2,0,0,0
49.5681086830009,1779567105.14064,5213,43176,4,12582912,-4,0,0,0
49.5681086830009,1779567105.14064,5213,43177,5,12582912,-7,0,0,0
49.5681086830009,1779567105.14064,5213,43178,6,12582912,-10,0,0,0
49.5681086830009,1779567105.14064,5213,43179,7,12582912,-11,0,0,0
49.61000926300039,1779567105.1825402,5214,43180,0,12582912,-10,0,0,0
49.61000926300039,1779567105.1825402,5214,43181,1,12582912,-11,0,0,0
49.61000926300039,1779567105.1825402,5214,43182,2,12582912,-12,0,0,0
49.61000926300039,1779567105.1825402,5214,43183,3,12582912,-11,0,0,0
49.61000926300039,1779567105.1825402,5214,43184,4,12582912,-8,0,0,0
49.61000926300039,1779567105.1825402,5214,43185,5,12582912,-3,0,0,0
49.61000926300039,1779567105.1825402,5214,43186,6,12582912,-2,0,0,0
49.61000926300039,1779567105.1825402,5214,43187,7,12582912,-5,0,0,0
49.63168243200016,1779567105.2042131,5215,43188,0,12582912,-6,0,0,0
49.63168243200016,1779567105.2042131,5215,43189,1,12582912,-3,0,0,0
49.63168243200016,1779567105.2042131,5215,43190,2,12582912,0,0,0,0
49.63168243200016,1779567105.2042131,5215,43191,3,12582912,-2,0,0,0
49.63168243200016,1779567105.2042131,5215,43192,4,12582912,-6,0,0,0
49.63168243200016,1779567105.2042131,5215,43193,5,12582912,-8,0,0,0
49.63168243200016,1779567105.2042131,5215,43194,6,12582912,-5,0,0,0
49.63168243200016,1779567105.2042131,5215,43195,7,12582912,-2,0,0,0
49.678058092000356,1779567105.250588,5216,43196,0,12582912,-1,0,0,0
49.678058092000356,1779567105.250588,5216,43197,1,12582912,-1,0,0,0
49.678058092000356,1779567105.250588,5216,43198,2,12582912,-2,0,0,0
49.678058092000356,1779567105.250588,5216,43199,3,12582912,-4,0,0,0
49.678058092000356,1779567105.250588,5216,43200,4,12582912,-4,0,0,0
49.678058092000356,1779567105.250588,5216,43201,5,12582912,-3,0,0,0
49.678058092000356,1779567105.250588,5216,43202,6,12582912,0,0,0,0
49.678058092000356,1779567105.250588,5216,43203,7,12582912,1,0,0,0
49.699536367999826,1779567105.272067,5217,43204,0,12582912,2,0,0,0
49.699536367999826,1779567105.272067,5217,43205,1,12582912,2,0,0,0
49.699536367999826,1779567105.272067,5217,43206,2,12582912,1,0,0,0
49.699536367999826,1779567105.272067,5217,43207,3,12582912,-3,0,0,0
49.699536367999826,1779567105.272067,5217,43208,4,12582912,-6,0,0,0
49.699536367999826,1779567105.272067,5217,43209,5,12582912,-7,0,0,0
49.699536367999826,1779567105.272067,5217,43210,6,12582912,-7,0,0,0
49.699536367999826,1779567105.272067,5217,43211,7,12582912,-8,0,0,0
49.72118177700031,1779567105.2937126,5218,43212,0,12582912,-8,0,0,0
49.72118177700031,1779567105.2937126,5218,43213,1,12582912,-7,0,0,0
49.72118177700031,1779567105.2937126,5218,43214,2,12582912,-5,0,0,0
49.72118177700031,1779567105.2937126,5218,43215,3,12582912,-7,0,0,0
49.72118177700031,1779567105.2937126,5218,43216,4,12582912,-10,0,0,0
49.72118177700031,1779567105.2937126,5218,43217,5,12582912,-13,0,0,0
49.72118177700031,1779567105.2937126,5218,43218,6,12582912,-14,0,0,0
49.72118177700031,1779567105.2937126,5218,43219,7,12582912,-11,0,0,0
49.77972795599999,1779567105.352259,5219,43220,0,12582912,-5,0,0,0
49.77972795599999,1779567105.352259,5219,43221,1,12582912,-4,0,0,0
49.77972795599999,1779567105.352259,5219,43222,2,12582912,-7,0,0,0
49.77972795599999,1779567105.352259,5219,43223,3,12582912,-10,0,0,0
49.77972795599999,1779567105.352259,5219,43224,4,12582912,-10,0,0,0
49.77972795599999,1779567105.352259,5219,43225,5,12582912,-9,0,0,0
49.77972795599999,1779567105.352259,5219,43226,6,12582912,-11,0,0,0
49.77972795599999,1779567105.352259,5219,43227,7,12582912,-15,0,0,0
49.78003362799973,1779567105.3525631,5220,43228,0,12582912,-16,0,0,0
49.78003362799973,1779567105.3525631,5220,43229,1,12582912,-16,0,0,0
49.78003362799973,1779567105.3525631,5220,43230,2,12582912,-13,0,0,0
49.78003362799973,1779567105.3525631,5220,43231,3,12582912,-9,0,0,0
49.78003362799973,1779567105.3525631,5220,43232,4,12582912,-10,0,0,0
49.78003362799973,1779567105.3525631,5220,43233,5,12582912,-12,0,0,0
49.78003362799973,1779567105.3525631,5220,43234,6,12582912,-13,0,0,0
49.78003362799973,1779567105.3525631,5220,43235,7,12582912,-13,0,0,0
49.82277804899968,1779567105.395309,5221,43236,0,12582912,-11,0,0,0
49.82277804899968,1779567105.395309,5221,43237,1,12582912,-10,0,0,0
49.82277804899968,1779567105.395309,5221,43238,2,12582912,-7,0,0,0
49.82277804899968,1779567105.395309,5221,43239,3,12582912,-2,0,0,0
49.82277804899968,1779567105.395309,5221,43240,4,12582912,-2,0,0,0
49.82277804899968,1779567105.395309,5221,43241,5,12582912,-7,0,0,0
49.82277804899968,1779567105.395309,5221,43242,6,12582912,-12,0,0,0
49.82277804899968,1779567105.395309,5221,43243,7,12582912,-14,0,0,0
49.857129697000346,1779567105.4296603,5222,43244,0,12582912,-14,0,0,0
49.857129697000346,1779567105.4296603,5222,43245,1,12582912,-12,0,0,0
49.857129697000346,1779567105.4296603,5222,43246,2,12582912,-10,0,0,0
49.857129697000346,1779567105.4296603,5222,43247,3,12582912,-10,0,0,0
49.857129697000346,1779567105.4296603,5222,43248,4,12582912,-14,0,0,0
49.857129697000346,1779567105.4296603,5222,43249,5,12582912,-17,0,0,0
49.857129697000346,1779567105.4296603,5222,43250,6,12582912,-16,0,0,0
49.857129697000346,1779567105.4296603,5222,43251,7,12582912,-15,0,0,0
49.878498027001115,1779567105.451028,5223,43252,0,12582912,-17,0,0,0
49.878498027001115,1779567105.451028,5223,43253,1,12582912,-18,0,0,0
49.878498027001115,1779567105.451028,5223,43254,2,12582912,-14,0,0,0
49.878498027001115,1779567105.451028,5223,43255,3,12582912,-9,0,0,0
49.878498027001115,1779567105.451028,5223,43256,4,12582912,-6,0,0,0
49.878498027001115,1779567105.451028,5223,43257,5,12582912,-3,0,0,0
49.878498027001115,1779567105.451028,5223,43258,6,12582912,1,0,0,0
49.878498027001115,1779567105.451028,5223,43259,7,12582912,3,0,0,0
49.920721623000645,1779567105.4932518,5224,43260,0,12582912,3,0,0,0
49.920721623000645,1779567105.4932518,5224,43261,1,12582912,2,0,0,0
49.920721623000645,1779567105.4932518,5224,43262,2,12582912,1,0,0,0
49.920721623000645,1779567105.4932518,5224,43263,3,12582912,1,0,0,0
49.920721623000645,1779567105.4932518,5224,43264,4,12582912,-1,0,0,0
49.920721623000645,1779567105.4932518,5224,43265,5,12582912,-1,0,0,0
49.920721623000645,1779567105.4932518,5224,43266,6,12582912,-1,0,0,0
49.920721623000645,1779567105.4932518,5224,43267,7,12582912,-2,0,0,0
49.942347239999435,1779567105.5148783,5225,43268,0,12582912,-3,0,0,0
49.942347239999435,1779567105.5148783,5225,43269,1,12582912,-3,0,0,0
49.942347239999435,1779567105.5148783,5225,43270,2,12582912,-3,0,0,0
49.942347239999435,1779567105.5148783,5225,43271,3,12582912,-3,0,0,0
49.942347239999435,1779567105.5148783,5225,43272,4,12582912,-4,0,0,0
49.942347239999435,1779567105.5148783,5225,43273,5,12582912,-7,0,0,0
49.942347239999435,1779567105.5148783,5225,43274,6,12582912,-8,0,0,0
49.942347239999435,1779567105.5148783,5225,43275,7,12582912,-4,0,0,0
50.15405182500035,1779567105.726583,5226,43276,0,12582912,-1,0,0,0
50.15405182500035,1779567105.726583,5226,43277,1,12582912,-3,0,0,0
50.15405182500035,1779567105.726583,5226,43278,2,12582912,-10,0,0,0
50.15405182500035,1779567105.726583,5226,43279,3,12582912,-16,0,0,0
50.15405182500035,1779567105.726583,5226,43280,4,12582912,-20,0,0,0
50.15405182500035,1779567105.726583,5226,43281,5,12582912,-15,0,0,0
50.15405182500035,1779567105.726583,5226,43282,6,12582912,-15,0,0,0
50.15405182500035,1779567105.726583,5226,43283,7,12582912,-47,0,0,0
50.17570671300018,1779567105.7482376,5227,43284,0,12582912,-72,0,0,0
50.17570671300018,1779567105.7482376,5227,43285,1,12582912,-38,0,0,0
50.17570671300018,1779567105.7482376,5227,43286,2,12582912,21,0,0,0
50.17570671300018,1779567105.7482376,5227,43287,3,12582912,32,0,0,0
50.17570671300018,1779567105.7482376,5227,43288,4,12582912,-15,0,0,0
50.17570671300018,1779567105.7482376,5227,43289,5,12582912,-53,0,0,0
50.17570671300018,1779567105.7482376,5227,43290,6,12582912,-36,0,0,0
50.17570671300018,1779567105.7482376,5227,43291,7,12582912,8,0,0,0
50.212373424999896,1779567105.7849042,5228,43292,0,12582912,19,0,0,0
50.212373424999896,1779567105.7849042,5228,43293,1,12582912,-15,0,0,0
50.212373424999896,1779567105.7849042,5228,43294,2,12582912,-44,0,0,0
50.212373424999896,1779567105.7849042,5228,43295,3,12582912,-30,0,0,0
50.212373424999896,1779567105.7849042,5228,43296,4,12582912,4,0,0,0
50.212373424999896,1779567105.7849042,5228,43297,5,12582912,12,0,0,0
50.212373424999896,1779567105.7849042,5228,43298,6,12582912,-12,0,0,0
50.212373424999896,1779567105.7849042,5228,43299,7,12582912,-32,0,0,0
50.27280436399997,1779567105.8453355,5229,43300,0,12582912,-20,0,0,0
50.27280436399997,1779567105.8453355,5229,43301,1,12582912,4,0,0,0
50.27280436399997,1779567105.8453355,5229,43302,2,12582912,7,0,0,0
50.27280436399997,1779567105.8453355,5229,43303,3,12582912,-15,0,0,0
50.27280436399997,1779567105.8453355,5229,43304,4,12582912,-34,0,0,0
50.27280436399997,1779567105.8453355,5229,43305,5,12582912,-29,0,0,0
50.27280436399997,1779567105.8453355,5229,43306,6,12582912,-11,0,0,0
50.27280436399997,1779567105.8453355,5229,43307,7,12582912,-4,0,0,0
50.27311066100083,1779567105.8456402,5230,43308,0,12582912,-15,0,0,0
50.27311066100083,1779567105.8456402,5230,43309,1,12582912,-24,0,0,0
50.27311066100083,1779567105.8456402,5230,43310,2,12582912,-15,0,0,0
50.27311066100083,1779567105.8456402,5230,43311,3,12582912,2,0,0,0
50.27311066100083,1779567105.8456402,5230,43312,4,12582912,7,0,0,0
50.27311066100083,1779567105.8456402,5230,43313,5,12582912,-4,0,0,0
50.27311066100083,1779567105.8456402,5230,43314,6,12582912,-15,0,0,0
50.27311066100083,1779567105.8456402,5230,43315,7,12582912,-12,0,0,0
50.308175162001135,1779567105.880706,5231,43316,0,12582912,-2,0,0,0
50.308175162001135,1779567105.880706,5231,43317,1,12582912,-1,0,0,0
50.308175162001135,1779567105.880706,5231,43318,2,12582912,-7,0,0,0
50.308175162001135,1779567105.880706,5231,43319,3,12582912,-9,0,0,0
50.308175162001135,1779567105.880706,5231,43320,4,12582912,0,0,0,0
50.308175162001135,1779567105.880706,5231,43321,5,12582912,8,0,0,0
50.308175162001135,1779567105.880706,5231,43322,6,12582912,6,0,0,0
50.308175162001135,1779567105.880706,5231,43323,7,12582912,-7,0,0,0
50.3514582709995,1779567105.9239893,5232,43324,0,12582912,-17,0,0,0
50.3514582709995,1779567105.9239893,5232,43325,1,12582912,-14,0,0,0
50.3514582709995,1779567105.9239893,5232,43326,2,12582912,-4,0,0,0
50.3514582709995,1779567105.9239893,5232,43327,3,12582912,-2,0,0,0
50.3514582709995,1779567105.9239893,5232,43328,4,12582912,-10,0,0,0
50.3514582709995,1779567105.9239893,5232,43329,5,12582912,-19,0,0,0
50.3514582709995,1779567105.9239893,5232,43330,6,12582912,-18,0,0,0
50.3514582709995,1779567105.9239893,5232,43331,7,12582912,-11,0,0,0
50.37307024199981,1779567105.9456012,5233,43332,0,12582912,-5,0,0,0
50.37307024199981,1779567105.9456012,5233,43333,1,12582912,-5,0,0,0
50.37307024199981,1779567105.9456012,5233,43334,2,12582912,-8,0,0,0
50.37307024199981,1779567105.9456012,5233,43335,3,12582912,-7,0,0,0
50.37307024199981,1779567105.9456012,5233,43336,4,12582912,-1,0,0,0
50.37307024199981,1779567105.9456012,5233,43337,5,12582912,0,0,0,0
50.37307024199981,1779567105.9456012,5233,43338,6,12582912,-5,0,0,0
50.37307024199981,1779567105.9456012,5233,43339,7,12582912,-11,0,0,0
50.394774869000685,1779567105.967306,5234,43340,0,12582912,-11,0,0,0
50.394774869000685,1779567105.967306,5234,43341,1,12582912,-8,0,0,0
50.394774869000685,1779567105.967306,5234,43342,2,12582912,-6,0,0,0
50.394774869000685,1779567105.967306,5234,43343,3,12582912,-6,0,0,0
50.394774869000685,1779567105.967306,5234,43344,4,12582912,-7,0,0,0
50.394774869000685,1779567105.967306,5234,43345,5,12582912,-5,0,0,0
50.394774869000685,1779567105.967306,5234,43346,6,12582912,0,0,0,0
50.394774869000685,1779567105.967306,5234,43347,7,12582912,3,0,0,0
50.431291427999895,1779567106.003822,5235,43348,0,12582912,2,0,0,0
50.431291427999895,1779567106.003822,5235,43349,1,12582912,-2,0,0,0
50.431291427999895,1779567106.003822,5235,43350,2,12582912,-2,0,0,0
50.431291427999895,1779567106.003822,5235,43351,3,12582912,0,0,0,0
50.431291427999895,1779567106.003822,5235,43352,4,12582912,1,0,0,0
50.431291427999895,1779567106.003822,5235,43353,5,12582912,-3,0,0,0
50.431291427999895,1779567106.003822,5235,43354,6,12582912,-9,0,0,0
50.431291427999895,1779567106.003822,5235,43355,7,12582912,-12,0,0,0
50.481762487001106,1779567106.0542922,5236,43356,0,12582912,-12,0,0,0
50.481762487001106,1779567106.0542922,5236,43357,1,12582912,-11,0,0,0
50.481762487001106,1779567106.0542922,5236,43358,2,12582912,-14,0,0,0
50.481762487001106,1779567106.0542922,5236,43359,3,12582912,-17,0,0,0
50.481762487001106,1779567106.0542922,5236,43360,4,12582912,-17,0,0,0
50.481762487001106,1779567106.0542922,5236,43361,5,12582912,-15,0,0,0
50.481762487001106,1779567106.0542922,5236,43362,6,12582912,-16,0,0,0
50.481762487001106,1779567106.0542922,5236,43363,7,12582912,-18,0,0,0
50.503276805000496,1779567106.0758078,5237,43364,0,12582912,-19,0,0,0
50.503276805000496,1779567106.0758078,5237,43365,1,12582912,-18,0,0,0
50.503276805000496,1779567106.0758078,5237,43366,2,12582912,-14,0,0,0
50.503276805000496,1779567106.0758078,5237,43367,3,12582912,-12,0,0,0
50.503276805000496,1779567106.0758078,5237,43368,4,12582912,-13,0,0,0
50.503276805000496,1779567106.0758078,5237,43369,5,12582912,-16,0,0,0
50.503276805000496,1779567106.0758078,5237,43370,6,12582912,-18,0,0,0
50.503276805000496,1779567106.0758078,5237,43371,7,12582912,-16,0,0,0
50.538239069001065,1779567106.11077,5238,43372,0,12582912,-14,0,0,0
50.538239069001065,1779567106.11077,5238,43373,1,12582912,-12,0,0,0
50.538239069001065,1779567106.11077,5238,43374,2,12582912,-11,0,0,0
50.538239069001065,1779567106.11077,5238,43375,3,12582912,-14,0,0,0
50.538239069001065,1779567106.11077,5238,43376,4,12582912,-17,0,0,0
50.538239069001065,1779567106.11077,5238,43377,5,12582912,-20,0,0,0
50.538239069001065,1779567106.11077,5238,43378,6,12582912,-20,0,0,0
50.538239069001065,1779567106.11077,5238,43379,7,12582912,-19,0,0,0
50.55989937300001,1779567106.13243,5239,43380,0,12582912,-20,0,0,0
50.55989937300001,1779567106.13243,5239,43381,1,12582912,-20,0,0,0
50.55989937300001,1779567106.13243,5239,43382,2,12582912,-19,0,0,0
50.55989937300001,1779567106.13243,5239,43383,3,12582912,-20,0,0,0
50.55989937300001,1779567106.13243,5239,43384,4,12582912,-23,0,0,0
50.55989937300001,1779567106.13243,5239,43385,5,12582912,-23,0,0,0
50.55989937300001,1779567106.13243,5239,43386,6,12582912,-21,0,0,0
50.55989937300001,1779567106.13243,5239,43387,7,12582912,-19,0,0,0
50.60304743400047,1779567106.175578,5240,43388,0,12582912,-18,0,0,0
50.60304743400047,1779567106.175578,5240,43389,1,12582912,-19,0,0,0
50.60304743400047,1779567106.175578,5240,43390,2,12582912,-19,0,0,0
50.60304743400047,1779567106.175578,5240,43391,3,12582912,-18,0,0,0
50.60304743400047,1779567106.175578,5240,43392,4,12582912,-17,0,0,0
50.60304743400047,1779567106.175578,5240,43393,5,12582912,-18,0,0,0
50.60304743400047,1779567106.175578,5240,43394,6,12582912,-22,0,0,0
50.60304743400047,1779567106.175578,5240,43395,7,12582912,-25,0,0,0
50.64711219700075,1779567106.2196429,5241,43396,0,12582912,-23,0,0,0
50.64711219700075,1779567106.2196429,5241,43397,1,12582912,-18,0,0,0
50.64711219700075,1779567106.2196429,5241,43398,2,12582912,-15,0,0,0
50.64711219700075,1779567106.2196429,5241,43399,3,12582912,-12,0,0,0
50.64711219700075,1779567106.2196429,5241,43400,4,12582912,-10,0,0,0
50.64711219700075,1779567106.2196429,5241,43401,5,12582912,-9,0,0,0
50.64711219700075,1779567106.2196429,5241,43402,6,12582912,-7,0,0,0
50.64711219700075,1779567106.2196429,5241,43403,7,12582912,-5,0,0,0
50.66874890899999,1779567106.24128,5242,43404,0,12582912,-3,0,0,0
50.66874890899999,1779567106.24128,5242,43405,1,12582912,-3,0,0,0
50.66874890899999,1779567106.24128,5242,43406,2,12582912,-7,0,0,0
50.66874890899999,1779567106.24128,5242,43407,3,12582912,-10,0,0,0
50.66874890899999,1779567106.24128,5242,43408,4,12582912,-9,0,0,0
50.66874890899999,1779567106.24128,5242,43409,5,12582912,-10,0,0,0
50.66874890899999,1779567106.24128,5242,43410,6,12582912,-13,0,0,0
50.66874890899999,1779567106.24128,5242,43411,7,12582912,-13,0,0,0
50.69049093099966,1779567106.2630217,5243,43412,0,12582912,-11,0,0,0
50.69049093099966,1779567106.2630217,5243,43413,1,12582912,-10,0,0,0
50.69049093099966,1779567106.2630217,5243,43414,2,12582912,-11,0,0,0
50.69049093099966,1779567106.2630217,5243,43415,3,12582912,-13,0,0,0
50.69049093099966,1779567106.2630217,5243,43416,4,12582912,-12,0,0,0
50.69049093099966,1779567106.2630217,5243,43417,5,12582912,-11,0,0,0
50.69049093099966,1779567106.2630217,5243,43418,6,12582912,-11,0,0,0
50.69049093099966,1779567106.2630217,5243,43419,7,12582912,-14,0,0,0
50.73321868600033,1779567106.3057494,5244,43420,0,12582912,-16,0,0,0
50.73321868600033,1779567106.3057494,5244,43421,1,12582912,-17,0,0,0
50.73321868600033,1779567106.3057494,5244,43422,2,12582912,-17,0,0,0
50.73321868600033,1779567106.3057494,5244,43423,3,12582912,-16,0,0,0
50.73321868600033,1779567106.3057494,5244,43424,4,12582912,-15,0,0,0
50.73321868600033,1779567106.3057494,5244,43425,5,12582912,-12,0,0,0
50.73321868600033,1779567106.3057494,5244,43426,6,12582912,-8,0,0,0
50.73321868600033,1779567106.3057494,5244,43427,7,12582912,-3,0,0,0
50.75489909499993,1779567106.3274302,5245,43428,0,12582912,-4,0,0,0
50.75489909499993,1779567106.3274302,5245,43429,1,12582912,-8,0,0,0
50.75489909499993,1779567106.3274302,5245,43430,2,12582912,-11,0,0,0
50.75489909499993,1779567106.3274302,5245,43431,3,12582912,-11,0,0,0
50.75489909499993,1779567106.3274302,5245,43432,4,12582912,-7,0,0,0
50.75489909499993,1779567106.3274302,5245,43433,5,12582912,-5,0,0,0
50.75489909499993,1779567106.3274302,5245,43434,6,12582912,-7,0,0,0
50.75489909499993,1779567106.3274302,5245,43435,7,12582912,-10,0,0,0
50.78601767500004,1779567106.358548,5246,43436,0,12582912,-8,0,0,0
50.78601767500004,1779567106.358548,5246,43437,1,12582912,-4,0,0,0
50.78601767500004,1779567106.358548,5246,43438,2,12582912,0,0,0,0
50.78601767500004,1779567106.358548,5246,43439,3,12582912,1,0,0,0
50.78601767500004,1779567106.358548,5246,43440,4,12582912,0,0,0,0
50.78601767500004,1779567106.358548,5246,43441,5,12582912,-2,0,0,0
50.78601767500004,1779567106.358548,5246,43442,6,12582912,-4,0,0,0
50.78601767500004,1779567106.358548,5246,43443,7,12582912,-3,0,0,0
50.82821976200103,1779567106.4007504,5247,43444,0,12582912,-1,0,0,0
50.82821976200103,1779567106.4007504,5247,43445,1,12582912,-1,0,0,0
50.82821976200103,1779567106.4007504,5247,43446,2,12582912,-2,0,0,0
50.82821976200103,1779567106.4007504,5247,43447,3,12582912,-4,0,0,0
50.82821976200103,1779567106.4007504,5247,43448,4,12582912,-7,0,0,0
50.82821976200103,1779567106.4007504,5247,43449,5,12582912,-10,0,0,0
50.82821976200103,1779567106.4007504,5247,43450,6,12582912,-9,0,0,0
50.82821976200103,1779567106.4007504,5247,43451,7,12582912,-5,0,0,0
50.884742591999384,1779567106.457274,5248,43452,0,12582912,-2,0,0,0
50.884742591999384,1779567106.457274,5248,43453,1,12582912,-3,0,0,0
50.884742591999384,1779567106.457274,5248,43454,2,12582912,-7,0,0,0
50.884742591999384,1779567106.457274,5248,43455,3,12582912,-10,0,0,0
50.884742591999384,1779567106.457274,5248,43456,4,12582912,-10,0,0,0
50.884742591999384,1779567106.457274,5248,43457,5,12582912,-8,0,0,0
50.884742591999384,1779567106.457274,5248,43458,6,12582912,-7,0,0,0
50.884742591999384,1779567106.457274,5248,43459,7,12582912,-8,0,0,0
50.88505404500029,1779567106.457584,5249,43460,0,12582912,-10,0,0,0
50.88505404500029,1779567106.457584,5249,43461,1,12582912,-10,0,0,0
50.88505404500029,1779567106.457584,5249,43462,2,12582912,-12,0,0,0
50.88505404500029,1779567106.457584,5249,43463,3,12582912,-14,0,0,0
50.88505404500029,1779567106.457584,5249,43464,4,12582912,-15,0,0,0
50.88505404500029,1779567106.457584,5249,43465,5,12582912,-15,0,0,0
50.88505404500029,1779567106.457584,5249,43466,6,12582912,-12,0,0,0
50.88505404500029,1779567106.457584,5249,43467,7,12582912,-10,0,0,0
50.906688205001046,1779567106.4792194,5250,43468,0,12582912,-12,0,0,0
50.906688205001046,1779567106.4792194,5250,43469,1,12582912,-15,0,0,0
50.906688205001046,1779567106.4792194,5250,43470,2,12582912,-15,0,0,0
50.906688205001046,1779567106.4792194,5250,43471,3,12582912,-10,0,0,0
50.906688205001046,1779567106.4792194,5250,43472,4,12582912,-6,0,0,0
50.906688205001046,1779567106.4792194,5250,43473,5,12582912,-4,0,0,0
50.906688205001046,1779567106.4792194,5250,43474,6,12582912,-6,0,0,0
50.906688205001046,1779567106.4792194,5250,43475,7,12582912,-8,0,0,0
50.94926236900028,1779567106.5217934,5251,43476,0,12582912,-6,0,0,0
50.94926236900028,1779567106.5217934,5251,43477,1,12582912,-4,0,0,0
50.94926236900028,1779567106.5217934,5251,43478,2,12582912,-3,0,0,0
50.94926236900028,1779567106.5217934,5251,43479,3,12582912,-3,0,0,0
50.94926236900028,1779567106.5217934,5251,43480,4,12582912,-5,0,0,0
50.94926236900028,1779567106.5217934,5251,43481,5,12582912,-4,0,0,0
50.94926236900028,1779567106.5217934,5251,43482,6,12582912,0,0,0,0
50.94926236900028,1779567106.5217934,5251,43483,7,12582912,4,0,0,0
50.970931423000366,1779567106.5434625,5252,43484,0,12582912,3,0,0,0
50.970931423000366,1779567106.5434625,5252,43485,1,12582912,1,0,0,0
50.970931423000366,1779567106.5434625,5252,43486,2,12582912,-1,0,0,0
50.970931423000366,1779567106.5434625,5252,43487,3,12582912,-1,0,0,0
50.970931423000366,1779567106.5434625,5252,43488,4,12582912,1,0,0,0
50.970931423000366,1779567106.5434625,5252,43489,5,12582912,1,0,0,0
50.970931423000366,1779567106.5434625,5252,43490,6,12582912,1,0,0,0
50.970931423000366,1779567106.5434625,5252,43491,7,12582912,4,0,0,0
51.03475793100006,1779567106.6072888,5253,43492,0,12582912,5,0,0,0
51.03475793100006,1779567106.6072888,5253,43493,1,12582912,3,0,0,0
51.03475793100006,1779567106.6072888,5253,43494,2,12582912,-2,0,0,0
51.03475793100006,1779567106.6072888,5253,43495,3,12582912,-7,0,0,0
51.03475793100006,1779567106.6072888,5253,43496,4,12582912,-11,0,0,0
51.03475793100006,1779567106.6072888,5253,43497,5,12582912,-12,0,0,0
51.03475793100006,1779567106.6072888,5253,43498,6,12582912,-8,0,0,0
51.03475793100006,1779567106.6072888,5253,43499,7,12582912,-7,0,0,0
51.086178036001,1779567106.6587093,5254,43500,0,12582912,-8,0,0,0
51.086178036001,1779567106.6587093,5254,43501,1,12582912,-14,0,0,0
51.086178036001,1779567106.6587093,5254,43502,2,12582912,-7,0,0,0
51.086178036001,1779567106.6587093,5254,43503,3,12582912,28,0,0,0
51.086178036001,1779567106.6587093,5254,43504,4,12582912,47,0,0,0
51.086178036001,1779567106.6587093,5254,43505,5,12582912,7,0,0,0
51.086178036001,1779567106.6587093,5254,43506,6,12582912,-48,0,0,0
51.086178036001,1779567106.6587093,5254,43507,7,12582912,-49,0,0,0
51.08649214599973,1779567106.6590216,5255,43508,0,12582912,1,0,0,0
51.08649214599973,1779567106.6590216,5255,43509,1,12582912,32,0,0,0
51.08649214599973,1779567106.6590216,5255,43510,2,12582912,6,0,0,0
51.08649214599973,1779567106.6590216,5255,43511,3,12582912,-39,0,0,0
51.08649214599973,1779567106.6590216,5255,43512,4,12582912,-41,0,0,0
51.08649214599973,1779567106.6590216,5255,43513,5,12582912,-4,0,0,0
51.08649214599973,1779567106.6590216,5255,43514,6,12582912,20,0,0,0
51.08649214599973,1779567106.6590216,5255,43515,7,12582912,2,0,0,0
51.13560354100082,1779567106.7081344,5256,43516,0,12582912,-28,0,0,0
51.13560354100082,1779567106.7081344,5256,43517,1,12582912,-29,0,0,0
51.13560354100082,1779567106.7081344,5256,43518,2,12582912,-1,0,0,0
51.13560354100082,1779567106.7081344,5256,43519,3,12582912,17,0,0,0
51.13560354100082,1779567106.7081344,5256,43520,4,12582912,1,0,0,0
51.13560354100082,1779567106.7081344,5256,43521,5,12582912,-26,0,0,0
51.13560354100082,1779567106.7081344,5256,43522,6,12582912,-29,0,0,0
51.13560354100082,1779567106.7081344,5256,43523,7,12582912,-6,0,0,0
51.157221347000814,1779567106.7297523,5257,43524,0,12582912,10,0,0,0
51.157221347000814,1779567106.7297523,5257,43525,1,12582912,1,0,0,0
51.157221347000814,1779567106.7297523,5257,43526,2,12582912,-18,0,0,0
51.157221347000814,1779567106.7297523,5257,43527,3,12582912,-19,0,0,0
51.157221347000814,1779567106.7297523,5257,43528,4,12582912,-3,0,0,0
51.157221347000814,1779567106.7297523,5257,43529,5,12582912,6,0,0,0
51.157221347000814,1779567106.7297523,5257,43530,6,12582912,-4,0,0,0
51.157221347000814,1779567106.7297523,5257,43531,7,12582912,-18,0,0,0
51.17888998499984,1779567106.751421,5258,43532,0,12582912,-16,0,0,0
51.17888998499984,1779567106.751421,5258,43533,1,12582912,0,0,0,0
51.17888998499984,1779567106.751421,5258,43534,2,12582912,9,0,0,0
51.17888998499984,1779567106.751421,5258,43535,3,12582912,0,0,0,0
51.17888998499984,1779567106.751421,5258,43536,4,12582912,-14,0,0,0
51.17888998499984,1779567106.751421,5258,43537,5,12582912,-17,0,0,0
51.17888998499984,1779567106.751421,5258,43538,6,12582912,-7,0,0,0
51.17888998499984,1779567106.751421,5258,43539,7,12582912,2,0,0,0
51.22163706200081,1779567106.794168,5259,43540,0,12582912,-1,0,0,0
51.22163706200081,1779567106.794168,5259,43541,1,12582912,-11,0,0,0
51.22163706200081,1779567106.794168,5259,43542,2,12582912,-12,0,0,0
51.22163706200081,1779567106.794168,5259,43543,3,12582912,-1,0,0,0
51.22163706200081,1779567106.794168,5259,43544,4,12582912,7,0,0,0
51.22163706200081,1779567106.794168,5259,43545,5,12582912,4,0,0,0
51.22163706200081,1779567106.794168,5259,43546,6,12582912,-2,0,0,0
51.22163706200081,1779567106.794168,5259,43547,7,12582912,-3,0,0,0
51.302186771999914,1779567106.874718,5260,43548,0,12582912,2,0,0,0
51.302186771999914,1779567106.874718,5260,43549,1,12582912,6,0,0,0
51.302186771999914,1779567106.874718,5260,43550,2,12582912,3,0,0,0
51.302186771999914,1779567106.874718,5260,43551,3,12582912,-3,0,0,0
51.302186771999914,1779567106.874718,5260,43552,4,12582912,-5,0,0,0
51.302186771999914,1779567106.874718,5260,43553,5,12582912,-1,0,0,0
51.302186771999914,1779567106.874718,5260,43554,6,12582912,4,0,0,0
51.302186771999914,1779567106.874718,5260,43555,7,12582912,4,0,0,0
51.30249301600088,1779567106.8750226,5261,43556,0,12582912,0,0,0,0
51.30249301600088,1779567106.8750226,5261,43557,1,12582912,-3,0,0,0
51.30249301600088,1779567106.8750226,5261,43558,2,12582912,1,0,0,0
51.30249301600088,1779567106.8750226,5261,43559,3,12582912,5,0,0,0
51.30249301600088,1779567106.8750226,5261,43560,4,12582912,5,0,0,0
51.30249301600088,1779567106.8750226,5261,43561,5,12582912,2,0,0,0
51.30249301600088,1779567106.8750226,5261,43562,6,12582912,2,0,0,0
51.30249301600088,1779567106.8750226,5261,43563,7,12582912,7,0,0,0
51.30277066800045,1779567106.8753002,5262,43564,0,12582912,12,0,0,0
51.30277066800045,1779567106.8753002,5262,43565,1,12582912,10,0,0,0
51.30277066800045,1779567106.8753002,5262,43566,2,12582912,4,0,0,0
51.30277066800045,1779567106.8753002,5262,43567,3,12582912,2,0,0,0
51.30277066800045,1779567106.8753002,5262,43568,4,12582912,4,0,0,0
51.30277066800045,1779567106.8753002,5262,43569,5,12582912,8,0,0,0
51.30277066800045,1779567106.8753002,5262,43570,6,12582912,10,0,0,0
51.30277066800045,1779567106.8753002,5262,43571,7,12582912,11,0,0,0
51.352490907000174,1779567106.925022,5263,43572,0,12582912,10,0,0,0
51.352490907000174,1779567106.925022,5263,43573,1,12582912,8,0,0,0
51.352490907000174,1779567106.925022,5263,43574,2,12582912,9,0,0,0
51.352490907000174,1779567106.925022,5263,43575,3,12582912,8,0,0,0
51.352490907000174,1779567106.925022,5263,43576,4,12582912,5,0,0,0
51.352490907000174,1779567106.925022,5263,43577,5,12582912,-1,0,0,0
51.352490907000174,1779567106.925022,5263,43578,6,12582912,-6,0,0,0
51.352490907000174,1779567106.925022,5263,43579,7,12582912,-8,0,0,0
51.374175169999944,1779567106.9467058,5264,43580,0,12582912,-9,0,0,0
51.374175169999944,1779567106.9467058,5264,43581,1,12582912,-11,0,0,0
51.374175169999944,1779567106.9467058,5264,43582,2,12582912,-10,0,0,0
51.374175169999944,1779567106.9467058,5264,43583,3,12582912,-6,0,0,0
51.374175169999944,1779567106.9467058,5264,43584,4,12582912,0,0,0,0
51.374175169999944,1779567106.9467058,5264,43585,5,12582912,2,0,0,0
51.374175169999944,1779567106.9467058,5264,43586,6,12582912,2,0,0,0
51.374175169999944,1779567106.9467058,5264,43587,7,12582912,3,0,0,0
51.416880009001034,1779567106.989411,5265,43588,0,12582912,6,0,0,0
51.416880009001034,1779567106.989411,5265,43589,1,12582912,10,0,0,0
51.416880009001034,1779567106.989411,5265,43590,2,12582912,12,0,0,0
51.416880009001034,1779567106.989411,5265,43591,3,12582912,11,0,0,0
51.416880009001034,1779567106.989411,5265,43592,4,12582912,11,0,0,0
51.416880009001034,1779567106.989411,5265,43593,5,12582912,10,0,0,0
51.416880009001034,1779567106.989411,5265,43594,6,12582912,10,0,0,0
51.416880009001034,1779567106.989411,5265,43595,7,12582912,9,0,0,0
51.43859656300083,1779567107.0111272,5266,43596,0,12582912,9,0,0,0
51.43859656300083,1779567107.0111272,5266,43597,1,12582912,10,0,0,0
51.43859656300083,1779567107.0111272,5266,43598,2,12582912,10,0,0,0
51.43859656300083,1779567107.0111272,5266,43599,3,12582912,10,0,0,0
51.43859656300083,1779567107.0111272,5266,43600,4,12582912,8,0,0,0
51.43859656300083,1779567107.0111272,5266,43601,5,12582912,5,0,0,0
51.43859656300083,1779567107.0111272,5266,43602,6,12582912,2,0,0,0
51.43859656300083,1779567107.0111272,5266,43603,7,12582912,1,0,0,0
51.481335620999744,1779567107.0538664,5267,43604,0,12582912,3,0,0,0
51.481335620999744,1779567107.0538664,5267,43605,1,12582912,5,0,0,0
51.481335620999744,1779567107.0538664,5267,43606,2,12582912,4,0,0,0
51.481335620999744,1779567107.0538664,5267,43607,3,12582912,3,0,0,0
51.481335620999744,1779567107.0538664,5267,43608,4,12582912,3,0,0,0
51.481335620999744,1779567107.0538664,5267,43609,5,12582912,3,0,0,0
51.481335620999744,1779567107.0538664,5267,43610,6,12582912,3,0,0,0
51.481335620999744,1779567107.0538664,5267,43611,7,12582912,5,0,0,0
51.50301847800074,1779567107.0755494,5268,43612,0,12582912,5,0,0,0
51.50301847800074,1779567107.0755494,5268,43613,1,12582912,3,0,0,0
51.50301847800074,1779567107.0755494,5268,43614,2,12582912,1,0,0,0
51.50301847800074,1779567107.0755494,5268,43615,3,12582912,-1,0,0,0
51.50301847800074,1779567107.0755494,5268,43616,4,12582912,-1,0,0,0
51.50301847800074,1779567107.0755494,5268,43617,5,12582912,-2,0,0,0
51.50301847800074,1779567107.0755494,5268,43618,6,12582912,-2,0,0,0
51.50301847800074,1779567107.0755494,5268,43619,7,12582912,0,0,0,0
51.52533731400035,1779567107.097868,5269,43620,0,12582912,4,0,0,0
51.52533731400035,1779567107.097868,5269,43621,1,12582912,5,0,0,0
51.52533731400035,1779567107.097868,5269,43622,2,12582912,2,0,0,0
51.52533731400035,1779567107.097868,5269,43623,3,12582912,-1,0,0,0
51.52533731400035,1779567107.097868,5269,43624,4,12582912,-1,0,0,0
51.52533731400035,1779567107.097868,5269,43625,5,12582912,1,0,0,0
51.52533731400035,1779567107.097868,5269,43626,6,12582912,3,0,0,0
51.52533731400035,1779567107.097868,5269,43627,7,12582912,3,0,0,0
51.57526197799962,1779567107.1477928,5270,43628,0,12582912,3,0,0,0
51.57526197799962,1779567107.1477928,5270,43629,1,12582912,4,0,0,0
51.57526197799962,1779567107.1477928,5270,43630,2,12582912,5,0,0,0
51.57526197799962,1779567107.1477928,5270,43631,3,12582912,5,0,0,0
51.57526197799962,1779567107.1477928,5270,43632,4,12582912,3,0,0,0
51.57526197799962,1779567107.1477928,5270,43633,5,12582912,5,0,0,0
51.57526197799962,1779567107.1477928,5270,43634,6,12582912,8,0,0,0
51.57526197799962,1779567107.1477928,5270,43635,7,12582912,7,0,0,0
51.59722634100035,1779567107.1697571,5271,43636,0,12582912,1,0,0,0
51.59722634100035,1779567107.1697571,5271,43637,1,12582912,-4,0,0,0
51.59722634100035,1779567107.1697571,5271,43638,2,12582912,-6,0,0,0
51.59722634100035,1779567107.1697571,5271,43639,3,12582912,-6,0,0,0
51.59722634100035,1779567107.1697571,5271,43640,4,12582912,-5,0,0,0
51.59722634100035,1779567107.1697571,5271,43641,5,12582912,-5,0,0,0
51.59722634100035,1779567107.1697571,5271,43642,6,12582912,-7,0,0,0
51.59722634100035,1779567107.1697571,5271,43643,7,12582912,-8,0,0,0
51.67858546500065,1779567107.2511165,5272,43644,0,12582912,-6,0,0,0
51.67858546500065,1779567107.2511165,5272,43645,1,12582912,-3,0,0,0
51.67858546500065,1779567107.2511165,5272,43646,2,12582912,-1,0,0,0
51.67858546500065,1779567107.2511165,5272,43647,3,12582912,0,0,0,0
51.67858546500065,1779567107.2511165,5272,43648,4,12582912,2,0,0,0
51.67858546500065,1779567107.2511165,5272,43649,5,12582912,5,0,0,0
51.67858546500065,1779567107.2511165,5272,43650,6,12582912,6,0,0,0
51.67858546500065,1779567107.2511165,5272,43651,7,12582912,5,0,0,0
51.678894574999504,1779567107.251424,5273,43652,0,12582912,3,0,0,0
51.678894574999504,1779567107.251424,5273,43653,1,12582912,4,0,0,0
51.678894574999504,1779567107.251424,5273,43654,2,12582912,8,0,0,0
51.678894574999504,1779567107.251424,5273,43655,3,12582912,11,0,0,0
51.678894574999504,1779567107.251424,5273,43656,4,12582912,10,0,0,0
51.678894574999504,1779567107.251424,5273,43657,5,12582912,9,0,0,0
51.678894574999504,1779567107.251424,5273,43658,6,12582912,8,0,0,0
51.678894574999504,1779567107.251424,5273,43659,7,12582912,7,0,0,0
51.700528004999796,1779567107.273059,5274,43660,0,12582912,6,0,0,0
51.700528004999796,1779567107.273059,5274,43661,1,12582912,4,0,0,0
51.700528004999796,1779567107.273059,5274,43662,2,12582912,3,0,0,0
51.700528004999796,1779567107.273059,5274,43663,3,12582912,3,0,0,0
51.700528004999796,1779567107.273059,5274,43664,4,12582912,4,0,0,0
51.700528004999796,1779567107.273059,5274,43665,5,12582912,5,0,0,0
51.700528004999796,1779567107.273059,5274,43666,6,12582912,4,0,0,0
51.700528004999796,1779567107.273059,5274,43667,7,12582912,3,0,0,0
51.72220461300094,1779567107.2947354,5275,43668,0,12582912,2,0,0,0
51.72220461300094,1779567107.2947354,5275,43669,1,12582912,2,0,0,0
51.72220461300094,1779567107.2947354,5275,43670,2,12582912,3,0,0,0
51.72220461300094,1779567107.2947354,5275,43671,3,12582912,3,0,0,0
51.72220461300094,1779567107.2947354,5275,43672,4,12582912,4,0,0,0
51.72220461300094,1779567107.2947354,5275,43673,5,12582912,6,0,0,0
51.72220461300094,1779567107.2947354,5275,43674,6,12582912,9,0,0,0
51.72220461300094,1779567107.2947354,5275,43675,7,12582912,10,0,0,0
51.78102558200044,1779567107.353556,5276,43676,0,12582912,8,0,0,0
51.78102558200044,1779567107.353556,5276,43677,1,12582912,8,0,0,0
51.78102558200044,1779567107.353556,5276,43678,2,12582912,8,0,0,0
51.78102558200044,1779567107.353556,5276,43679,3,12582912,8,0,0,0
51.78102558200044,1779567107.353556,5276,43680,4,12582912,7,0,0,0
51.78102558200044,1779567107.353556,5276,43681,5,12582912,4,0,0,0
51.78102558200044,1779567107.353556,5276,43682,6,12582912,-1,0,0,0
51.78102558200044,1779567107.353556,5276,43683,7,12582912,-7,0,0,0
51.78119219400105,1779567107.353721,5277,43684,0,12582912,-10,0,0,0
51.78119219400105,1779567107.353721,5277,43685,1,12582912,-9,0,0,0
51.78119219400105,1779567107.353721,5277,43686,2,12582912,-4,0,0,0
51.78119219400105,1779567107.353721,5277,43687,3,12582912,1,0,0,0
51.78119219400105,1779567107.353721,5277,43688,4,12582912,3,0,0,0
51.78119219400105,1779567107.353721,5277,43689,5,12582912,3,0,0,0
51.78119219400105,1779567107.353721,5277,43690,6,12582912,3,0,0,0
51.78119219400105,1779567107.353721,5277,43691,7,12582912,0,0,0,0
51.81470500400064,1779567107.3872359,5278,43692,0,12582912,-4,0,0,0
51.81470500400064,1779567107.3872359,5278,43693,1,12582912,-5,0,0,0
51.81470500400064,1779567107.3872359,5278,43694,2,12582912,-3,0,0,0
51.81470500400064,1779567107.3872359,5278,43695,3,12582912,1,0,0,0
51.81470500400064,1779567107.3872359,5278,43696,4,12582912,3,0,0,0
51.81470500400064,1779567107.3872359,5278,43697,5,12582912,4,0,0,0
51.81470500400064,1779567107.3872359,5278,43698,6,12582912,4,0,0,0
51.81470500400064,1779567107.3872359,5278,43699,7,12582912,6,0,0,0
51.8574361459996,1779567107.4299672,5279,43700,0,12582912,7,0,0,0
51.8574361459996,1779567107.4299672,5279,43701,1,12582912,9,0,0,0
51.8574361459996,1779567107.4299672,5279,43702,2,12582912,10,0,0,0
51.8574361459996,1779567107.4299672,5279,43703,3,12582912,11,0,0,0
51.8574361459996,1779567107.4299672,5279,43704,4,12582912,12,0,0,0
51.8574361459996,1779567107.4299672,5279,43705,5,12582912,12,0,0,0
51.8574361459996,1779567107.4299672,5279,43706,6,12582912,6,0,0,0
51.8574361459996,1779567107.4299672,5279,43707,7,12582912,-2,0,0,0
51.87916259600024,1779567107.4516938,5280,43708,0,12582912,-6,0,0,0
51.87916259600024,1779567107.4516938,5280,43709,1,12582912,-4,0,0,0
51.87916259600024,1779567107.4516938,5280,43710,2,12582912,-1,0,0,0
51.87916259600024,1779567107.4516938,5280,43711,3,12582912,-1,0,0,0
51.87916259600024,1779567107.4516938,5280,43712,4,12582912,-3,0,0,0
51.87916259600024,1779567107.4516938,5280,43713,5,12582912,-4,0,0,0
51.87916259600024,1779567107.4516938,5280,43714,6,12582912,-5,0,0,0
51.87916259600024,1779567107.4516938,5280,43715,7,12582912,-6,0,0,0
51.92195123700003,1779567107.4944825,5281,43716,0,12582912,-4,0,0,0
51.92195123700003,1779567107.4944825,5281,43717,1,12582912,-1,0,0,0
51.92195123700003,1779567107.4944825,5281,43718,2,12582912,2,0,0,0
51.92195123700003,1779567107.4944825,5281,43719,3,12582912,3,0,0,0
51.92195123700003,1779567107.4944825,5281,43720,4,12582912,4,0,0,0
51.92195123700003,1779567107.4944825,5281,43721,5,12582912,4,0,0,0
51.92195123700003,1779567107.4944825,5281,43722,6,12582912,5,0,0,0
51.92195123700003,1779567107.4944825,5281,43723,7,12582912,7,0,0,0
51.94357430300079,1779567107.5161052,5282,43724,0,12582912,9,0,0,0
51.94357430300079,1779567107.5161052,5282,43725,1,12582912,9,0,0,0
51.94357430300079,1779567107.5161052,5282,43726,2,12582912,12,0,0,0
51.94357430300079,1779567107.5161052,5282,43727,3,12582912,13,0,0,0
51.94357430300079,1779567107.5161052,5282,43728,4,12582912,12,0,0,0
51.94357430300079,1779567107.5161052,5282,43729,5,12582912,11,0,0,0
51.94357430300079,1779567107.5161052,5282,43730,6,12582912,12,0,0,0
51.94357430300079,1779567107.5161052,5282,43731,7,12582912,10,0,0,0
51.98004648999995,1779567107.552577,5283,43732,0,12582912,6,0,0,0
51.98004648999995,1779567107.552577,5283,43733,1,12582912,4,0,0,0
51.98004648999995,1779567107.552577,5283,43734,2,12582912,5,0,0,0
51.98004648999995,1779567107.552577,5283,43735,3,12582912,3,0,0,0
51.98004648999995,1779567107.552577,5283,43736,4,12582912,-2,0,0,0
51.98004648999995,1779567107.552577,5283,43737,5,12582912,-6,0,0,0
51.98004648999995,1779567107.552577,5283,43738,6,12582912,-9,0,0,0
51.98004648999995,1779567107.552577,5283,43739,7,12582912,-9,0,0,0
52.02278049599954,1779567107.5953112,5284,43740,0,12582912,-5,0,0,0
52.02278049599954,1779567107.5953112,5284,43741,1,12582912,-1,0,0,0
52.02278049599954,1779567107.5953112,5284,43742,2,12582912,0,0,0,0
52.02278049599954,1779567107.5953112,5284,43743,3,12582912,-4,0,0,0
52.02278049599954,1779567107.5953112,5284,43744,4,12582912,-7,0,0,0
52.02278049599954,1779567107.5953112,5284,43745,5,12582912,-8,0,0,0
52.02278049599954,1779567107.5953112,5284,43746,6,12582912,-7,0,0,0
52.02278049599954,1779567107.5953112,5284,43747,7,12582912,-4,0,0,0
52.0444151770007,1779567107.6169462,5285,43748,0,12582912,0,0,0,0
52.0444151770007,1779567107.6169462,5285,43749,1,12582912,5,0,0,0
52.0444151770007,1779567107.6169462,5285,43750,2,12582912,7,0,0,0
52.0444151770007,1779567107.6169462,5285,43751,3,12582912,6,0,0,0
52.0444151770007,1779567107.6169462,5285,43752,4,12582912,4,0,0,0
52.0444151770007,1779567107.6169462,5285,43753,5,12582912,4,0,0,0
52.0444151770007,1779567107.6169462,5285,43754,6,12582912,5,0,0,0
52.0444151770007,1779567107.6169462,5285,43755,7,12582912,6,0,0,0
52.12463005000063,1779567107.697161,5286,43756,0,12582912,6,0,0,0
52.12463005000063,1779567107.697161,5286,43757,1,12582912,3,0,0,0
52.12463005000063,1779567107.697161,5286,43758,2,12582912,-1,0,0,0
52.12463005000063,1779567107.697161,5286,43759,3,12582912,-4,0,0,0
52.12463005000063,1779567107.697161,5286,43760,4,12582912,-7,0,0,0
52.12463005000063,1779567107.697161,5286,43761,5,12582912,-7,0,0,0
52.12463005000063,1779567107.697161,5286,43762,6,12582912,-7,0,0,0
52.12463005000063,1779567107.697161,5286,43763,7,12582912,-6,0,0,0
52.13076822599942,1779567107.7033,5287,43764,0,12582912,-4,0,0,0
52.13076822599942,1779567107.7033,5287,43765,1,12582912,-3,0,0,0
52.13076822599942,1779567107.7033,5287,43766,2,12582912,-5,0,0,0
52.13076822599942,1779567107.7033,5287,43767,3,12582912,-8,0,0,0
52.13076822599942,1779567107.7033,5287,43768,4,12582912,-11,0,0,0
52.13076822599942,1779567107.7033,5287,43769,5,12582912,-11,0,0,0
52.13076822599942,1779567107.7033,5287,43770,6,12582912,-10,0,0,0
52.13076822599942,1779567107.7033,5287,43771,7,12582912,-9,0,0,0
52.152470041000925,1779567107.7250009,5288,43772,0,12582912,-9,0,0,0
52.152470041000925,1779567107.7250009,5288,43773,1,12582912,-7,0,0,0
52.152470041000925,1779567107.7250009,5288,43774,2,12582912,-5,0,0,0
52.152470041000925,1779567107.7250009,5288,43775,3,12582912,-1,0,0,0
52.152470041000925,1779567107.7250009,5288,43776,4,12582912,0,0,0,0
52.152470041000925,1779567107.7250009,5288,43777,5,12582912,-1,0,0,0
52.152470041000925,1779567107.7250009,5288,43778,6,12582912,-3,0,0,0
52.152470041000925,1779567107.7250009,5288,43779,7,12582912,-3,0,0,0
52.19353808699998,1779567107.766069,5289,43780,0,12582912,-2,0,0,0
52.19353808699998,1779567107.766069,5289,43781,1,12582912,-3,0,0,0
52.19353808699998,1779567107.766069,5289,43782,2,12582912,-4,0,0,0
52.19353808699998,1779567107.766069,5289,43783,3,12582912,-1,0,0,0
52.19353808699998,1779567107.766069,5289,43784,4,12582912,3,0,0,0
52.19353808699998,1779567107.766069,5289,43785,5,12582912,5,0,0,0
52.19353808699998,1779567107.766069,5289,43786,6,12582912,2,0,0,0
52.19353808699998,1779567107.766069,5289,43787,7,12582912,-3,0,0,0
52.215399222001,1779567107.7879303,5290,43788,0,12582912,-7,0,0,0
52.215399222001,1779567107.7879303,5290,43789,1,12582912,-6,0,0,0
52.215399222001,1779567107.7879303,5290,43790,2,12582912,-5,0,0,0
52.215399222001,1779567107.7879303,5290,43791,3,12582912,-6,0,0,0
52.215399222001,1779567107.7879303,5290,43792,4,12582912,-10,0,0,0
52.215399222001,1779567107.7879303,5290,43793,5,12582912,-14,0,0,0
52.215399222001,1779567107.7879303,5290,43794,6,12582912,-16,0,0,0
52.215399222001,1779567107.7879303,5290,43795,7,12582912,-16,0,0,0
52.23702843399951,1779567107.8095593,5291,43796,0,12582912,-16,0,0,0
52.23702843399951,1779567107.8095593,5291,43797,1,12582912,-14,0,0,0
52.23702843399951,1779567107.8095593,5291,43798,2,12582912,-11,0,0,0
52.23702843399951,1779567107.8095593,5291,43799,3,12582912,-8,0,0,0
52.23702843399951,1779567107.8095593,5291,43800,4,12582912,-6,0,0,0
52.23702843399951,1779567107.8095593,5291,43801,5,12582912,-7,0,0,0
52.23702843399951,1779567107.8095593,5291,43802,6,12582912,-10,0,0,0
52.23702843399951,1779567107.8095593,5291,43803,7,12582912,-12,0,0,0
52.30214070200054,1779567107.8746717,5292,43804,0,12582912,-12,0,0,0
52.30214070200054,1779567107.8746717,5292,43805,1,12582912,-14,0,0,0
52.30214070200054,1779567107.8746717,5292,43806,2,12582912,-15,0,0,0
52.30214070200054,1779567107.8746717,5292,43807,3,12582912,-15,0,0,0
52.30214070200054,1779567107.8746717,5292,43808,4,12582912,-11,0,0,0
52.30214070200054,1779567107.8746717,5292,43809,5,12582912,-6,0,0,0
52.30214070200054,1779567107.8746717,5292,43810,6,12582912,-2,0,0,0
52.30214070200054,1779567107.8746717,5292,43811,7,12582912,-2,0,0,0
52.30245241600096,1779567107.8749816,5293,43812,0,12582912,-6,0,0,0
52.30245241600096,1779567107.8749816,5293,43813,1,12582912,-5,0,0,0
52.30245241600096,1779567107.8749816,5293,43814,2,12582912,-2,0,0,0
52.30245241600096,1779567107.8749816,5293,43815,3,12582912,-3,0,0,0
52.30245241600096,1779567107.8749816,5293,43816,4,12582912,-8,0,0,0
52.30245241600096,1779567107.8749816,5293,43817,5,12582912,-13,0,0,0
52.30245241600096,1779567107.8749816,5293,43818,6,12582912,-15,0,0,0
52.30245241600096,1779567107.8749816,5293,43819,7,12582912,-16,0,0,0
52.337207964999834,1779567107.9097388,5294,43820,0,12582912,-18,0,0,0
52.337207964999834,1779567107.9097388,5294,43821,1,12582912,-19,0,0,0
52.337207964999834,1779567107.9097388,5294,43822,2,12582912,-21,0,0,0
52.337207964999834,1779567107.9097388,5294,43823,3,12582912,-22,0,0,0
52.337207964999834,1779567107.9097388,5294,43824,4,12582912,-21,0,0,0
52.337207964999834,1779567107.9097388,5294,43825,5,12582912,-19,0,0,0
52.337207964999834,1779567107.9097388,5294,43826,6,12582912,-17,0,0,0
52.337207964999834,1779567107.9097388,5294,43827,7,12582912,-16,0,0,0
52.35889144700013,1779567107.9314225,5295,43828,0,12582912,-16,0,0,0
52.35889144700013,1779567107.9314225,5295,43829,1,12582912,-16,0,0,0
52.35889144700013,1779567107.9314225,5295,43830,2,12582912,-15,0,0,0
52.35889144700013,1779567107.9314225,5295,43831,3,12582912,-12,0,0,0
52.35889144700013,1779567107.9314225,5295,43832,4,12582912,-10,0,0,0
52.35889144700013,1779567107.9314225,5295,43833,5,12582912,-10,0,0,0
52.35889144700013,1779567107.9314225,5295,43834,6,12582912,-9,0,0,0
52.35889144700013,1779567107.9314225,5295,43835,7,12582912,-8,0,0,0
52.39530894699965,1779567107.9678397,5296,43836,0,12582912,-6,0,0,0
52.39530894699965,1779567107.9678397,5296,43837,1,12582912,-5,0,0,0
52.39530894699965,1779567107.9678397,5296,43838,2,12582912,-5,0,0,0
52.39530894699965,1779567107.9678397,5296,43839,3,12582912,-2,0,0,0
52.39530894699965,1779567107.9678397,5296,43840,4,12582912,1,0,0,0
52.39530894699965,1779567107.9678397,5296,43841,5,12582912,3,0,0,0
52.39530894699965,1779567107.9678397,5296,43842,6,12582912,3,0,0,0
52.39530894699965,1779567107.9678397,5296,43843,7,12582912,0,0,0,0
52.43804420299966,1779567108.0105753,5297,43844,0,12582912,-4,0,0,0
52.43804420299966,1779567108.0105753,5297,43845,1,12582912,-6,0,0,0
52.43804420299966,1779567108.0105753,5297,43846,2,12582912,-8,0,0,0
52.43804420299966,1779567108.0105753,5297,43847,3,12582912,-14,0,0,0
52.43804420299966,1779567108.0105753,5297,43848,4,12582912,-21,0,0,0
52.43804420299966,1779567108.0105753,5297,43849,5,12582912,-25,0,0,0
52.43804420299966,1779567108.0105753,5297,43850,6,12582912,-25,0,0,0
52.43804420299966,1779567108.0105753,5297,43851,7,12582912,-20,0,0,0
52.48308275499949,1779567108.0556126,5298,43852,0,12582912,-16,0,0,0
52.48308275499949,1779567108.0556126,5298,43853,1,12582912,-14,0,0,0
52.48308275499949,1779567108.0556126,5298,43854,2,12582912,-13,0,0,0
52.48308275499949,1779567108.0556126,5298,43855,3,12582912,-13,0,0,0
52.48308275499949,1779567108.0556126,5298,43856,4,12582912,-14,0,0,0
52.48308275499949,1779567108.0556126,5298,43857,5,12582912,-15,0,0,0
52.48308275499949,1779567108.0556126,5298,43858,6,12582912,-15,0,0,0
52.48308275499949,1779567108.0556126,5298,43859,7,12582912,-12,0,0,0
52.504553844999464,1779567108.0770848,5299,43860,0,12582912,-10,0,0,0
52.504553844999464,1779567108.0770848,5299,43861,1,12582912,-10,0,0,0
52.504553844999464,1779567108.0770848,5299,43862,2,12582912,-13,0,0,0
52.504553844999464,1779567108.0770848,5299,43863,3,12582912,-14,0,0,0
52.504553844999464,1779567108.0770848,5299,43864,4,12582912,-13,0,0,0
52.504553844999464,1779567108.0770848,5299,43865,5,12582912,-11,0,0,0
52.504553844999464,1779567108.0770848,5299,43866,6,12582912,-11,0,0,0
52.504553844999464,1779567108.0770848,5299,43867,7,12582912,-12,0,0,0
52.526267379000274,1779567108.0987983,5300,43868,0,12582912,-10,0,0,0
52.526267379000274,1779567108.0987983,5300,43869,1,12582912,-5,0,0,0
52.526267379000274,1779567108.0987983,5300,43870,2,12582912,-4,0,0,0
52.526267379000274,1779567108.0987983,5300,43871,3,12582912,-7,0,0,0
52.526267379000274,1779567108.0987983,5300,43872,4,12582912,-12,0,0,0
52.526267379000274,1779567108.0987983,5300,43873,5,12582912,-15,0,0,0
52.526267379000274,1779567108.0987983,5300,43874,6,12582912,-14,0,0,0
52.526267379000274,1779567108.0987983,5300,43875,7,12582912,-11,0,0,0
52.54810789000112,1779567108.1206386,5301,43876,0,12582912,-11,0,0,0
52.54810789000112,1779567108.1206386,5301,43877,1,12582912,-14,0,0,0
52.54810789000112,1779567108.1206386,5301,43878,2,12582912,-16,0,0,0
52.54810789000112,1779567108.1206386,5301,43879,3,12582912,-14,0,0,0
52.54810789000112,1779567108.1206386,5301,43880,4,12582912,-11,0,0,0
52.54810789000112,1779567108.1206386,5301,43881,5,12582912,-11,0,0,0
52.54810789000112,1779567108.1206386,5301,43882,6,12582912,-14,0,0,0
52.54810789000112,1779567108.1206386,5301,43883,7,12582912,-16,0,0,0
52.59802505600055,1779567108.1705556,5302,43884,0,12582912,-16,0,0,0
52.59802505600055,1779567108.1705556,5302,43885,1,12582912,-14,0,0,0
52.59802505600055,1779567108.1705556,5302,43886,2,12582912,-15,0,0,0
52.59802505600055,1779567108.1705556,5302,43887,3,12582912,-20,0,0,0
52.59802505600055,1779567108.1705556,5302,43888,4,12582912,-22,0,0,0
52.59802505600055,1779567108.1705556,5302,43889,5,12582912,-19,0,0,0
52.59802505600055,1779567108.1705556,5302,43890,6,12582912,-16,0,0,0
52.59802505600055,1779567108.1705556,5302,43891,7,12582912,-13,0,0,0
52.619674580999344,1779567108.192205,5303,43892,0,12582912,-11,0,0,0
52.619674580999344,1779567108.192205,5303,43893,1,12582912,-11,0,0,0
52.619674580999344,1779567108.192205,5303,43894,2,12582912,-10,0,0,0
52.619674580999344,1779567108.192205,5303,43895,3,12582912,-8,0,0,0
52.619674580999344,1779567108.192205,5303,43896,4,12582912,-6,0,0,0
52.619674580999344,1779567108.192205,5303,43897,5,12582912,-4,0,0,0
52.619674580999344,1779567108.192205,5303,43898,6,12582912,-4,0,0,0
52.619674580999344,1779567108.192205,5303,43899,7,12582912,-4,0,0,0
52.66954971599989,1779567108.2420807,5304,43900,0,12582912,-3,0,0,0
52.66954971599989,1779567108.2420807,5304,43901,1,12582912,-1,0,0,0
52.66954971599989,1779567108.2420807,5304,43902,2,12582912,-2,0,0,0
52.66954971599989,1779567108.2420807,5304,43903,3,12582912,-3,0,0,0
52.66954971599989,1779567108.2420807,5304,43904,4,12582912,-3,0,0,0
52.66954971599989,1779567108.2420807,5304,43905,5,12582912,-2,0,0,0
52.66954971599989,1779567108.2420807,5304,43906,6,12582912,-2,0,0,0
52.66954971599989,1779567108.2420807,5304,43907,7,12582912,-3,0,0,0
52.69124439600091,1779567108.2637753,5305,43908,0,12582912,-4,0,0,0
52.69124439600091,1779567108.2637753,5305,43909,1,12582912,-5,0,0,0
52.69124439600091,1779567108.2637753,5305,43910,2,12582912,-5,0,0,0
52.69124439600091,1779567108.2637753,5305,43911,3,12582912,-6,0,0,0
52.69124439600091,1779567108.2637753,5305,43912,4,12582912,-9,0,0,0
52.69124439600091,1779567108.2637753,5305,43913,5,12582912,-11,0,0,0
52.69124439600091,1779567108.2637753,5305,43914,6,12582912,-11,0,0,0
52.69124439600091,1779567108.2637753,5305,43915,7,12582912,-9,0,0,0
52.71272527800102,1779567108.2852564,5306,43916,0,12582912,-10,0,0,0
52.71272527800102,1779567108.2852564,5306,43917,1,12582912,-12,0,0,0
52.71272527800102,1779567108.2852564,5306,43918,2,12582912,-15,0,0,0
52.71272527800102,1779567108.2852564,5306,43919,3,12582912,-15,0,0,0
52.71272527800102,1779567108.2852564,5306,43920,4,12582912,-12,0,0,0
52.71272527800102,1779567108.2852564,5306,43921,5,12582912,-9,0,0,0
52.71272527800102,1779567108.2852564,5306,43922,6,12582912,-8,0,0,0
52.71272527800102,1779567108.2852564,5306,43923,7,12582912,-7,0,0,0
52.75546564000069,1779567108.3279967,5307,43924,0,12582912,-7,0,0,0
52.75546564000069,1779567108.3279967,5307,43925,1,12582912,-7,0,0,0
52.75546564000069,1779567108.3279967,5307,43926,2,12582912,-8,0,0,0
52.75546564000069,1779567108.3279967,5307,43927,3,12582912,-9,0,0,0
52.75546564000069,1779567108.3279967,5307,43928,4,12582912,-10,0,0,0
52.75546564000069,1779567108.3279967,5307,43929,5,12582912,-9,0,0,0
52.75546564000069,1779567108.3279967,5307,43930,6,12582912,-9,0,0,0
52.75546564000069,1779567108.3279967,5307,43931,7,12582912,-10,0,0,0
52.77699573999962,1779567108.349527,5308,43932,0,12582912,-10,0,0,0
52.77699573999962,1779567108.349527,5308,43933,1,12582912,-9,0,0,0
52.77699573999962,1779567108.349527,5308,43934,2,12582912,-7,0,0,0
52.77699573999962,1779567108.349527,5308,43935,3,12582912,-4,0,0,0
52.77699573999962,1779567108.349527,5308,43936,4,12582912,-4,0,0,0
52.77699573999962,1779567108.349527,5308,43937,5,12582912,-6,0,0,0
52.77699573999962,1779567108.349527,5308,43938,6,12582912,-6,0,0,0
52.77699573999962,1779567108.349527,5308,43939,7,12582912,-3,0,0,0
52.81348709300073,1779567108.3860183,5309,43940,0,12582912,-2,0,0,0
52.81348709300073,1779567108.3860183,5309,43941,1,12582912,-4,0,0,0
52.81348709300073,1779567108.3860183,5309,43942,2,12582912,-8,0,0,0
52.81348709300073,1779567108.3860183,5309,43943,3,12582912,-13,0,0,0
52.81348709300073,1779567108.3860183,5309,43944,4,12582912,-17,0,0,0
52.81348709300073,1779567108.3860183,5309,43945,5,12582912,-20,0,0,0
52.81348709300073,1779567108.3860183,5309,43946,6,12582912,-21,0,0,0
52.81348709300073,1779567108.3860183,5309,43947,7,12582912,-20,0,0,0
52.878287077001005,1779567108.450817,5310,43948,0,12582912,-18,0,0,0
52.878287077001005,1779567108.450817,5310,43949,1,12582912,-17,0,0,0
52.878287077001005,1779567108.450817,5310,43950,2,12582912,-15,0,0,0
52.878287077001005,1779567108.450817,5310,43951,3,12582912,-12,0,0,0
52.878287077001005,1779567108.450817,5310,43952,4,12582912,-11,0,0,0
52.878287077001005,1779567108.450817,5310,43953,5,12582912,-10,0,0,0
52.878287077001005,1779567108.450817,5310,43954,6,12582912,-9,0,0,0
52.878287077001005,1779567108.450817,5310,43955,7,12582912,-7,0,0,0
52.87839962699945,1779567108.450928,5311,43956,0,12582912,-4,0,0,0
52.87839962699945,1779567108.450928,5311,43957,1,12582912,-3,0,0,0
52.87839962699945,1779567108.450928,5311,43958,2,12582912,-5,0,0,0
52.87839962699945,1779567108.450928,5311,43959,3,12582912,-7,0,0,0
52.87839962699945,1779567108.450928,5311,43960,4,12582912,-7,0,0,0
52.87839962699945,1779567108.450928,5311,43961,5,12582912,-7,0,0,0
52.87839962699945,1779567108.450928,5311,43962,6,12582912,-4,0,0,0
52.87839962699945,1779567108.450928,5311,43963,7,12582912,1,0,0,0
52.89985764499943,1779567108.4723883,5312,43964,0,12582912,5,0,0,0
52.89985764499943,1779567108.4723883,5312,43965,1,12582912,8,0,0,0
52.89985764499943,1779567108.4723883,5312,43966,2,12582912,9,0,0,0
52.89985764499943,1779567108.4723883,5312,43967,3,12582912,8,0,0,0
52.89985764499943,1779567108.4723883,5312,43968,4,12582912,5,0,0,0
52.89985764499943,1779567108.4723883,5312,43969,5,12582912,4,0,0,0
52.89985764499943,1779567108.4723883,5312,43970,6,12582912,6,0,0,0
52.89985764499943,1779567108.4723883,5312,43971,7,12582912,9,0,0,0
52.942742274999546,1779567108.5152729,5313,43972,0,12582912,10,0,0,0
52.942742274999546,1779567108.5152729,5313,43973,1,12582912,9,0,0,0
52.942742274999546,1779567108.5152729,5313,43974,2,12582912,5,0,0,0
52.942742274999546,1779567108.5152729,5313,43975,3,12582912,3,0,0,0
52.942742274999546,1779567108.5152729,5313,43976,4,12582912,2,0,0,0
52.942742274999546,1779567108.5152729,5313,43977,5,12582912,1,0,0,0
52.942742274999546,1779567108.5152729,5313,43978,6,12582912,1,0,0,0
52.942742274999546,1779567108.5152729,5313,43979,7,12582912,1,0,0,0
52.96438060199944,1779567108.5369112,5314,43980,0,12582912,0,0,0,0
52.96438060199944,1779567108.5369112,5314,43981,1,12582912,-1,0,0,0
52.96438060199944,1779567108.5369112,5314,43982,2,12582912,-4,0,0,0
52.96438060199944,1779567108.5369112,5314,43983,3,12582912,-6,0,0,0
52.96438060199944,1779567108.5369112,5314,43984,4,12582912,-7,0,0,0
52.96438060199944,1779567108.5369112,5314,43985,5,12582912,-6,0,0,0
52.96438060199944,1779567108.5369112,5314,43986,6,12582912,-6,0,0,0
52.96438060199944,1779567108.5369112,5314,43987,7,12582912,-6,0,0,0
53.023310685999604,1779567108.5958407,5315,43988,0,12582912,-5,0,0,0
53.023310685999604,1779567108.5958407,5315,43989,1,12582912,-2,0,0,0
53.023310685999604,1779567108.5958407,5315,43990,2,12582912,-1,0,0,0
53.023310685999604,1779567108.5958407,5315,43991,3,12582912,0,0,0,0
53.023310685999604,1779567108.5958407,5315,43992,4,12582912,-1,0,0,0
53.023310685999604,1779567108.5958407,5315,43993,5,12582912,-3,0,0,0
53.023310685999604,1779567108.5958407,5315,43994,6,12582912,-3,0,0,0
53.023310685999604,1779567108.5958407,5315,43995,7,12582912,-2,0,0,0
53.04458823800087,1779567108.6171184,5316,43996,0,12582912,-1,0,0,0
53.04458823800087,1779567108.6171184,5316,43997,1,12582912,-5,0,0,0
53.04458823800087,1779567108.6171184,5316,43998,2,12582912,-10,0,0,0
53.04458823800087,1779567108.6171184,5316,43999,3,12582912,-14,0,0,0
53.04458823800087,1779567108.6171184,5316,44000,4,12582912,-16,0,0,0
53.04458823800087,1779567108.6171184,5316,44001,5,12582912,-6,0,0,0
53.04458823800087,1779567108.6171184,5316,44002,6,12582912,11,0,0,0
53.04458823800087,1779567108.6171184,5316,44003,7,12582912,-8,0,0,0
53.087027511001,1779567108.6595576,5317,44004,0,12582912,-55,0,0,0
53.087027511001,1779567108.6595576,5317,44005,1,12582912,-64,0,0,0
53.087027511001,1779567108.6595576,5317,44006,2,12582912,-21,0,0,0
53.087027511001,1779567108.6595576,5317,44007,3,12582912,16,0,0,0
53.087027511001,1779567108.6595576,5317,44008,4,12582912,1,0,0,0
53.087027511001,1779567108.6595576,5317,44009,5,12582912,-38,0,0,0
53.087027511001,1779567108.6595576,5317,44010,6,12582912,-45,0,0,0
53.087027511001,1779567108.6595576,5317,44011,7,12582912,-12,0,0,0
53.11917216800066,1779567108.6917028,5318,44012,0,12582912,17,0,0,0
53.11917216800066,1779567108.6917028,5318,44013,1,12582912,6,0,0,0
53.11917216800066,1779567108.6917028,5318,44014,2,12582912,-24,0,0,0
53.11917216800066,1779567108.6917028,5318,44015,3,12582912,-33,0,0,0
53.11917216800066,1779567108.6917028,5318,44016,4,12582912,-9,0,0,0
53.11917216800066,1779567108.6917028,5318,44017,5,12582912,14,0,0,0
53.11917216800066,1779567108.6917028,5318,44018,6,12582912,7,0,0,0
53.11917216800066,1779567108.6917028,5318,44019,7,12582912,-17,0,0,0
53.14081346400053,1779567108.7133446,5319,44020,0,12582912,-25,0,0,0
53.14081346400053,1779567108.7133446,5319,44021,1,12582912,-7,0,0,0
53.14081346400053,1779567108.7133446,5319,44022,2,12582912,10,0,0,0
53.14081346400053,1779567108.7133446,5319,44023,3,12582912,5,0,0,0
53.14081346400053,1779567108.7133446,5319,44024,4,12582912,-16,0,0,0
53.14081346400053,1779567108.7133446,5319,44025,5,12582912,-23,0,0,0
53.14081346400053,1779567108.7133446,5319,44026,6,12582912,-9,0,0,0
53.14081346400053,1779567108.7133446,5319,44027,7,12582912,4,0,0,0
53.168139871000676,1779567108.7406704,5320,44028,0,12582912,-1,0,0,0
53.168139871000676,1779567108.7406704,5320,44029,1,12582912,-16,0,0,0
53.168139871000676,1779567108.7406704,5320,44030,2,12582912,-22,0,0,0
53.168139871000676,1779567108.7406704,5320,44031,3,12582912,-12,0,0,0
53.168139871000676,1779567108.7406704,5320,44032,4,12582912,2,0,0,0
53.168139871000676,1779567108.7406704,5320,44033,5,12582912,4,0,0,0
53.168139871000676,1779567108.7406704,5320,44034,6,12582912,-5,0,0,0
53.168139871000676,1779567108.7406704,5320,44035,7,12582912,-10,0,0,0
53.22131416800039,1779567108.7938442,5321,44036,0,12582912,-4,0,0,0
53.22131416800039,1779567108.7938442,5321,44037,1,12582912,1,0,0,0
53.22131416800039,1779567108.7938442,5321,44038,2,12582912,-5,0,0,0
53.22131416800039,1779567108.7938442,5321,44039,3,12582912,-15,0,0,0
53.22131416800039,1779567108.7938442,5321,44040,4,12582912,-18,0,0,0
53.22131416800039,1779567108.7938442,5321,44041,5,12582912,-11,0,0,0
53.22131416800039,1779567108.7938442,5321,44042,6,12582912,-5,0,0,0
53.22131416800039,1779567108.7938442,5321,44043,7,12582912,-8,0,0,0
53.242621407000115,1779567108.8151515,5322,44044,0,12582912,-16,0,0,0
53.242621407000115,1779567108.8151515,5322,44045,1,12582912,-19,0,0,0
53.242621407000115,1779567108.8151515,5322,44046,2,12582912,-15,0,0,0
53.242621407000115,1779567108.8151515,5322,44047,3,12582912,-10,0,0,0
53.242621407000115,1779567108.8151515,5322,44048,4,12582912,-9,0,0,0
53.242621407000115,1779567108.8151515,5322,44049,5,12582912,-12,0,0,0
53.242621407000115,1779567108.8151515,5322,44050,6,12582912,-10,0,0,0
53.242621407000115,1779567108.8151515,5322,44051,7,12582912,-4,0,0,0
53.29476593099935,1779567108.8672962,5323,44052,0,12582912,1,0,0,0
53.29476593099935,1779567108.8672962,5323,44053,1,12582912,1,0,0,0
53.29476593099935,1779567108.8672962,5323,44054,2,12582912,-2,0,0,0
53.29476593099935,1779567108.8672962,5323,44055,3,12582912,-2,0,0,0
53.29476593099935,1779567108.8672962,5323,44056,4,12582912,3,0,0,0
53.29476593099935,1779567108.8672962,5323,44057,5,12582912,6,0,0,0
53.29476593099935,1779567108.8672962,5323,44058,6,12582912,4,0,0,0
53.29476593099935,1779567108.8672962,5323,44059,7,12582912,0,0,0,0
53.29492144899996,1779567108.8674498,5324,44060,0,12582912,-3,0,0,0
53.29492144899996,1779567108.8674498,5324,44061,1,12582912,-3,0,0,0
53.29492144899996,1779567108.8674498,5324,44062,2,12582912,-3,0,0,0
53.29492144899996,1779567108.8674498,5324,44063,3,12582912,-2,0,0,0
53.29492144899996,1779567108.8674498,5324,44064,4,12582912,-3,0,0,0
53.29492144899996,1779567108.8674498,5324,44065,5,12582912,-5,0,0,0
53.29492144899996,1779567108.8674498,5324,44066,6,12582912,-4,0,0,0
53.29492144899996,1779567108.8674498,5324,44067,7,12582912,-3,0,0,0
53.33720463099962,1779567108.9097352,5325,44068,0,12582912,-3,0,0,0
53.33720463099962,1779567108.9097352,5325,44069,1,12582912,-6,0,0,0
53.33720463099962,1779567108.9097352,5325,44070,2,12582912,-10,0,0,0
53.33720463099962,1779567108.9097352,5325,44071,3,12582912,-10,0,0,0
53.33720463099962,1779567108.9097352,5325,44072,4,12582912,-7,0,0,0
53.33720463099962,1779567108.9097352,5325,44073,5,12582912,-7,0,0,0
53.33720463099962,1779567108.9097352,5325,44074,6,12582912,-10,0,0,0
53.33720463099962,1779567108.9097352,5325,44075,7,12582912,-13,0,0,0
53.36867669499952,1779567108.9412067,5326,44076,0,12582912,-14,0,0,0
53.36867669499952,1779567108.9412067,5326,44077,1,12582912,-11,0,0,0
53.36867669499952,1779567108.9412067,5326,44078,2,12582912,-6,0,0,0
53.36867669499952,1779567108.9412067,5326,44079,3,12582912,-3,0,0,0
53.36867669499952,1779567108.9412067,5326,44080,4,12582912,1,0,0,0
53.36867669499952,1779567108.9412067,5326,44081,5,12582912,5,0,0,0
53.36867669499952,1779567108.9412067,5326,44082,6,12582912,7,0,0,0
53.36867669499952,1779567108.9412067,5326,44083,7,12582912,7,0,0,0
53.39015502500115,1779567108.9626856,5327,44084,0,12582912,5,0,0,0
53.39015502500115,1779567108.9626856,5327,44085,1,12582912,1,0,0,0
53.39015502500115,1779567108.9626856,5327,44086,2,12582912,-2,0,0,0
53.39015502500115,1779567108.9626856,5327,44087,3,12582912,-3,0,0,0
53.39015502500115,1779567108.9626856,5327,44088,4,12582912,-3,0,0,0
53.39015502500115,1779567108.9626856,5327,44089,5,12582912,-5,0,0,0
53.39015502500115,1779567108.9626856,5327,44090,6,12582912,-9,0,0,0
53.39015502500115,1779567108.9626856,5327,44091,7,12582912,-10,0,0,0
53.424304180000036,1779567108.996835,5328,44092,0,12582912,-8,0,0,0
53.424304180000036,1779567108.996835,5328,44093,1,12582912,-8,0,0,0
53.424304180000036,1779567108.996835,5328,44094,2,12582912,-7,0,0,0
53.424304180000036,1779567108.996835,5328,44095,3,12582912,-4,0,0,0
53.424304180000036,1779567108.996835,5328,44096,4,12582912,-2,0,0,0
53.424304180000036,1779567108.996835,5328,44097,5,12582912,-2,0,0,0
53.424304180000036,1779567108.996835,5328,44098,6,12582912,-6,0,0,0
53.424304180000036,1779567108.996835,5328,44099,7,12582912,-9,0,0,0
53.467023761000746,1779567109.0395548,5329,44100,0,12582912,-10,0,0,0
53.467023761000746,1779567109.0395548,5329,44101,1,12582912,-10,0,0,0
53.467023761000746,1779567109.0395548,5329,44102,2,12582912,-3,0,0,0
53.467023761000746,1779567109.0395548,5329,44103,3,12582912,7,0,0,0
53.467023761000746,1779567109.0395548,5329,44104,4,12582912,12,0,0,0
53.467023761000746,1779567109.0395548,5329,44105,5,12582912,10,0,0,0
53.467023761000746,1779567109.0395548,5329,44106,6,12582912,6,0,0,0
53.467023761000746,1779567109.0395548,5329,44107,7,12582912,5,0,0,0
53.48864688100002,1779567109.0611782,5330,44108,0,12582912,5,0,0,0
53.48864688100002,1779567109.0611782,5330,44109,1,12582912,3,0,0,0
53.48864688100002,1779567109.0611782,5330,44110,2,12582912,1,0,0,0
53.48864688100002,1779567109.0611782,5330,44111,3,12582912,0,0,0,0
53.48864688100002,1779567109.0611782,5330,44112,4,12582912,0,0,0,0
53.48864688100002,1779567109.0611782,5330,44113,5,12582912,1,0,0,0
53.48864688100002,1779567109.0611782,5330,44114,6,12582912,-1,0,0,0
53.48864688100002,1779567109.0611782,5330,44115,7,12582912,-3,0,0,0
53.53144167000028,1779567109.1039727,5331,44116,0,12582912,-5,0,0,0
53.53144167000028,1779567109.1039727,5331,44117,1,12582912,-6,0,0,0
53.53144167000028,1779567109.1039727,5331,44118,2,12582912,-5,0,0,0
53.53144167000028,1779567109.1039727,5331,44119,3,12582912,-3,0,0,0
53.53144167000028,1779567109.1039727,5331,44120,4,12582912,-1,0,0,0
53.53144167000028,1779567109.1039727,5331,44121,5,12582912,0,0,0,0
53.53144167000028,1779567109.1039727,5331,44122,6,12582912,0,0,0,0
53.53144167000028,1779567109.1039727,5331,44123,7,12582912,0,0,0,0
53.55308687199977,1779567109.1256177,5332,44124,0,12582912,0,0,0,0
53.55308687199977,1779567109.1256177,5332,44125,1,12582912,-1,0,0,0
53.55308687199977,1779567109.1256177,5332,44126,2,12582912,-1,0,0,0
53.55308687199977,1779567109.1256177,5332,44127,3,12582912,2,0,0,0
53.55308687199977,1779567109.1256177,5332,44128,4,12582912,3,0,0,0
53.55308687199977,1779567109.1256177,5332,44129,5,12582912,3,0,0,0
53.55308687199977,1779567109.1256177,5332,44130,6,12582912,2,0,0,0
53.55308687199977,1779567109.1256177,5332,44131,7,12582912,1,0,0,0
53.59580588100107,1779567109.1683369,5333,44132,0,12582912,2,0,0,0
53.59580588100107,1779567109.1683369,5333,44133,1,12582912,6,0,0,0
53.59580588100107,1779567109.1683369,5333,44134,2,12582912,9,0,0,0
53.59580588100107,1779567109.1683369,5333,44135,3,12582912,10,0,0,0
53.59580588100107,1779567109.1683369,5333,44136,4,12582912,9,0,0,0
53.59580588100107,1779567109.1683369,5333,44137,5,12582912,7,0,0,0
53.59580588100107,1779567109.1683369,5333,44138,6,12582912,7,0,0,0
53.59580588100107,1779567109.1683369,5333,44139,7,12582912,5,0,0,0
53.68451160299992,1779567109.2570415,5334,44140,0,12582912,2,0,0,0
53.68451160299992,1779567109.2570415,5334,44141,1,12582912,1,0,0,0
53.68451160299992,1779567109.2570415,5334,44142,2,12582912,1,0,0,0
53.68451160299992,1779567109.2570415,5334,44143,3,12582912,0,0,0,0
53.68451160299992,1779567109.2570415,5334,44144,4,12582912,-2,0,0,0
53.68451160299992,1779567109.2570415,5334,44145,5,12582912,-2,0,0,0
53.68451160299992,1779567109.2570415,5334,44146,6,12582912,-2,0,0,0
53.68451160299992,1779567109.2570415,5334,44147,7,12582912,-2,0,0,0
53.69190158099991,1779567109.2644334,5335,44148,0,12582912,-3,0,0,0
53.69190158099991,1779567109.2644334,5335,44149,1,12582912,-1,0,0,0
53.69190158099991,1779567109.2644334,5335,44150,2,12582912,2,0,0,0
53.69190158099991,1779567109.2644334,5335,44151,3,12582912,4,0,0,0
53.69190158099991,1779567109.2644334,5335,44152,4,12582912,4,0,0,0
53.69190158099991,1779567109.2644334,5335,44153,5,12582912,2,0,0,0
53.69190158099991,1779567109.2644334,5335,44154,6,12582912,-1,0,0,0
53.69190158099991,1779567109.2644334,5335,44155,7,12582912,-4,0,0,0
53.692223555000965,1779567109.2647529,5336,44156,0,12582912,-6,0,0,0
53.692223555000965,1779567109.2647529,5336,44157,1,12582912,-2,0,0,0
53.692223555000965,1779567109.2647529,5336,44158,2,12582912,5,0,0,0
53.692223555000965,1779567109.2647529,5336,44159,3,12582912,8,0,0,0
53.692223555000965,1779567109.2647529,5336,44160,4,12582912,7,0,0,0
53.692223555000965,1779567109.2647529,5336,44161,5,12582912,7,0,0,0
53.692223555000965,1779567109.2647529,5336,44162,6,12582912,8,0,0,0
53.692223555000965,1779567109.2647529,5336,44163,7,12582912,7,0,0,0
53.71411531500053,1779567109.2866464,5337,44164,0,12582912,6,0,0,0
53.71411531500053,1779567109.2866464,5337,44165,1,12582912,2,0,0,0
53.71411531500053,1779567109.2866464,5337,44166,2,12582912,-2,0,0,0
53.71411531500053,1779567109.2866464,5337,44167,3,12582912,-3,0,0,0
53.71411531500053,1779567109.2866464,5337,44168,4,12582912,-2,0,0,0
53.71411531500053,1779567109.2866464,5337,44169,5,12582912,-2,0,0,0
53.71411531500053,1779567109.2866464,5337,44170,6,12582912,-6,0,0,0
53.71411531500053,1779567109.2866464,5337,44171,7,12582912,-10,0,0,0
53.75682354300079,1779567109.3293545,5338,44172,0,12582912,-12,0,0,0
53.75682354300079,1779567109.3293545,5338,44173,1,12582912,-11,0,0,0
53.75682354300079,1779567109.3293545,5338,44174,2,12582912,-9,0,0,0
53.75682354300079,1779567109.3293545,5338,44175,3,12582912,-8,0,0,0
53.75682354300079,1779567109.3293545,5338,44176,4,12582912,-10,0,0,0
53.75682354300079,1779567109.3293545,5338,44177,5,12582912,-10,0,0,0
53.75682354300079,1779567109.3293545,5338,44178,6,12582912,-6,0,0,0
53.75682354300079,1779567109.3293545,5338,44179,7,12582912,0,0,0,0
53.77849260000039,1779567109.3510237,5339,44180,0,12582912,3,0,0,0
53.77849260000039,1779567109.3510237,5339,44181,1,12582912,4,0,0,0
53.77849260000039,1779567109.3510237,5339,44182,2,12582912,6,0,0,0
53.77849260000039,1779567109.3510237,5339,44183,3,12582912,9,0,0,0
53.77849260000039,1779567109.3510237,5339,44184,4,12582912,13,0,0,0
53.77849260000039,1779567109.3510237,5339,44185,5,12582912,13,0,0,0
53.77849260000039,1779567109.3510237,5339,44186,6,12582912,9,0,0,0
53.77849260000039,1779567109.3510237,5339,44187,7,12582912,3,0,0,0
53.82124061800096,1779567109.3937712,5340,44188,0,12582912,2,0,0,0
53.82124061800096,1779567109.3937712,5340,44189,1,12582912,1,0,0,0
53.82124061800096,1779567109.3937712,5340,44190,2,12582912,-2,0,0,0
53.82124061800096,1779567109.3937712,5340,44191,3,12582912,-5,0,0,0
53.82124061800096,1779567109.3937712,5340,44192,4,12582912,-6,0,0,0
53.82124061800096,1779567109.3937712,5340,44193,5,12582912,-6,0,0,0
53.82124061800096,1779567109.3937712,5340,44194,6,12582912,-8,0,0,0
53.82124061800096,1779567109.3937712,5340,44195,7,12582912,-11,0,0,0
53.858863985000426,1779567109.4313948,5341,44196,0,12582912,-16,0,0,0
53.858863985000426,1779567109.4313948,5341,44197,1,12582912,-18,0,0,0
53.858863985000426,1779567109.4313948,5341,44198,2,12582912,-18,0,0,0
53.858863985000426,1779567109.4313948,5341,44199,3,12582912,-14,0,0,0
53.858863985000426,1779567109.4313948,5341,44200,4,12582912,-11,0,0,0
53.858863985000426,1779567109.4313948,5341,44201,5,12582912,-8,0,0,0
53.858863985000426,1779567109.4313948,5341,44202,6,12582912,-5,0,0,0
53.858863985000426,1779567109.4313948,5341,44203,7,12582912,-2,0,0,0
53.894897067000784,1779567109.4674277,5342,44204,0,12582912,2,0,0,0
53.894897067000784,1779567109.4674277,5342,44205,1,12582912,7,0,0,0
53.894897067000784,1779567109.4674277,5342,44206,2,12582912,13,0,0,0
53.894897067000784,1779567109.4674277,5342,44207,3,12582912,15,0,0,0
53.894897067000784,1779567109.4674277,5342,44208,4,12582912,12,0,0,0
53.894897067000784,1779567109.4674277,5342,44209,5,12582912,9,0,0,0
53.894897067000784,1779567109.4674277,5342,44210,6,12582912,7,0,0,0
53.894897067000784,1779567109.4674277,5342,44211,7,12582912,8,0,0,0
53.91669346399976,1779567109.4892266,5343,44212,0,12582912,8,0,0,0
53.91669346399976,1779567109.4892266,5343,44213,1,12582912,8,0,0,0
53.91669346399976,1779567109.4892266,5343,44214,2,12582912,6,0,0,0
53.91669346399976,1779567109.4892266,5343,44215,3,12582912,2,0,0,0
53.91669346399976,1779567109.4892266,5343,44216,4,12582912,-2,0,0,0
53.91669346399976,1779567109.4892266,5343,44217,5,12582912,-5,0,0,0
53.91669346399976,1779567109.4892266,5343,44218,6,12582912,-2,0,0,0
53.91669346399976,1779567109.4892266,5343,44219,7,12582912,3,0,0,0
53.93819908600017,1779567109.5107298,5344,44220,0,12582912,3,0,0,0
53.93819908600017,1779567109.5107298,5344,44221,1,12582912,-3,0,0,0
53.93819908600017,1779567109.5107298,5344,44222,2,12582912,-8,0,0,0
53.93819908600017,1779567109.5107298,5344,44223,3,12582912,-8,0,0,0
53.93819908600017,1779567109.5107298,5344,44224,4,12582912,-8,0,0,0
53.93819908600017,1779567109.5107298,5344,44225,5,12582912,-10,0,0,0
53.93819908600017,1779567109.5107298,5344,44226,6,12582912,-10,0,0,0
53.93819908600017,1779567109.5107298,5344,44227,7,12582912,-7,0,0,0
53.98030982400087,1779567109.5528398,5345,44228,0,12582912,-4,0,0,0
53.98030982400087,1779567109.5528398,5345,44229,1,12582912,-8,0,0,0
53.98030982400087,1779567109.5528398,5345,44230,2,12582912,-10,0,0,0
53.98030982400087,1779567109.5528398,5345,44231,3,12582912,-8,0,0,0
53.98030982400087,1779567109.5528398,5345,44232,4,12582912,-5,0,0,0
53.98030982400087,1779567109.5528398,5345,44233,5,12582912,-4,0,0,0
53.98030982400087,1779567109.5528398,5345,44234,6,12582912,-2,0,0,0
53.98030982400087,1779567109.5528398,5345,44235,7,12582912,-2,0,0,0
54.001510710999355,1779567109.574041,5346,44236,0,12582912,-2,0,0,0
54.001510710999355,1779567109.574041,5346,44237,1,12582912,-1,0,0,0
54.001510710999355,1779567109.574041,5346,44238,2,12582912,2,0,0,0
54.001510710999355,1779567109.574041,5346,44239,3,12582912,4,0,0,0
54.001510710999355,1779567109.574041,5346,44240,4,12582912,4,0,0,0
54.001510710999355,1779567109.574041,5346,44241,5,12582912,3,0,0,0
54.001510710999355,1779567109.574041,5346,44242,6,12582912,4,0,0,0
54.001510710999355,1779567109.574041,5346,44243,7,12582912,3,0,0,0
54.073325629000465,1779567109.6458554,5347,44244,0,12582912,1,0,0,0
54.073325629000465,1779567109.6458554,5347,44245,1,12582912,-5,0,0,0
54.073325629000465,1779567109.6458554,5347,44246,2,12582912,-10,0,0,0
54.073325629000465,1779567109.6458554,5347,44247,3,12582912,-12,0,0,0
54.073325629000465,1779567109.6458554,5347,44248,4,12582912,-10,0,0,0
54.073325629000465,1779567109.6458554,5347,44249,5,12582912,-8,0,0,0
54.073325629000465,1779567109.6458554,5347,44250,6,12582912,-8,0,0,0
54.073325629000465,1779567109.6458554,5347,44251,7,12582912,-10,0,0,0
54.07345354300014,1779567109.6459823,5348,44252,0,12582912,-12,0,0,0
54.07345354300014,1779567109.6459823,5348,44253,1,12582912,-13,0,0,0
54.07345354300014,1779567109.6459823,5348,44254,2,12582912,-13,0,0,0
54.07345354300014,1779567109.6459823,5348,44255,3,12582912,-11,0,0,0
54.07345354300014,1779567109.6459823,5348,44256,4,12582912,-9,0,0,0
54.07345354300014,1779567109.6459823,5348,44257,5,12582912,-9,0,0,0
54.07345354300014,1779567109.6459823,5348,44258,6,12582912,-8,0,0,0
54.07345354300014,1779567109.6459823,5348,44259,7,12582912,-6,0,0,0
54.094939685999634,1779567109.6674707,5349,44260,0,12582912,-5,0,0,0
54.094939685999634,1779567109.6674707,5349,44261,1,12582912,-4,0,0,0
54.094939685999634,1779567109.6674707,5349,44262,2,12582912,-3,0,0,0
54.094939685999634,1779567109.6674707,5349,44263,3,12582912,-1,0,0,0
54.094939685999634,1779567109.6674707,5349,44264,4,12582912,2,0,0,0
54.094939685999634,1779567109.6674707,5349,44265,5,12582912,4,0,0,0
54.094939685999634,1779567109.6674707,5349,44266,6,12582912,6,0,0,0
54.094939685999634,1779567109.6674707,5349,44267,7,12582912,6,0,0,0
54.129974555000445,1779567109.7025056,5350,44268,0,12582912,6,0,0,0
54.129974555000445,1779567109.7025056,5350,44269,1,12582912,7,0,0,0
54.129974555000445,1779567109.7025056,5350,44270,2,12582912,6,0,0,0
54.129974555000445,1779567109.7025056,5350,44271,3,12582912,3,0,0,0
54.129974555000445,1779567109.7025056,5350,44272,4,12582912,1,0,0,0
54.129974555000445,1779567109.7025056,5350,44273,5,12582912,2,0,0,0
54.129974555000445,1779567109.7025056,5350,44274,6,12582912,2,0,0,0
54.129974555000445,1779567109.7025056,5350,44275,7,12582912,-1,0,0,0
54.17273538600057,1779567109.7452664,5351,44276,0,12582912,-1,0,0,0
54.17273538600057,1779567109.7452664,5351,44277,1,12582912,1,0,0,0
54.17273538600057,1779567109.7452664,5351,44278,2,12582912,3,0,0,0
54.17273538600057,1779567109.7452664,5351,44279,3,12582912,2,0,0,0
54.17273538600057,1779567109.7452664,5351,44280,4,12582912,-1,0,0,0
54.17273538600057,1779567109.7452664,5351,44281,5,12582912,-4,0,0,0
54.17273538600057,1779567109.7452664,5351,44282,6,12582912,-4,0,0,0
54.17273538600057,1779567109.7452664,5351,44283,7,12582912,-1,0,0,0
54.19734303800033,1779567109.769874,5352,44284,0,12582912,3,0,0,0
54.19734303800033,1779567109.769874,5352,44285,1,12582912,5,0,0,0
54.19734303800033,1779567109.769874,5352,44286,2,12582912,8,0,0,0
54.19734303800033,1779567109.769874,5352,44287,3,12582912,12,0,0,0
54.19734303800033,1779567109.769874,5352,44288,4,12582912,17,0,0,0
54.19734303800033,1779567109.769874,5352,44289,5,12582912,18,0,0,0
54.19734303800033,1779567109.769874,5352,44290,6,12582912,16,0,0,0
54.19734303800033,1779567109.769874,5352,44291,7,12582912,14,0,0,0
54.22477647500091,1779567109.7973075,5353,44292,0,12582912,12,0,0,0
54.22477647500091,1779567109.7973075,5353,44293,1,12582912,10,0,0,0
54.22477647500091,1779567109.7973075,5353,44294,2,12582912,7,0,0,0
54.22477647500091,1779567109.7973075,5353,44295,3,12582912,4,0,0,0
54.22477647500091,1779567109.7973075,5353,44296,4,12582912,2,0,0,0
54.22477647500091,1779567109.7973075,5353,44297,5,12582912,2,0,0,0
54.22477647500091,1779567109.7973075,5353,44298,6,12582912,1,0,0,0
54.22477647500091,1779567109.7973075,5353,44299,7,12582912,1,0,0,0
54.26136475600106,1779567109.8338957,5354,44300,0,12582912,2,0,0,0
54.26136475600106,1779567109.8338957,5354,44301,1,12582912,3,0,0,0
54.26136475600106,1779567109.8338957,5354,44302,2,12582912,5,0,0,0
54.26136475600106,1779567109.8338957,5354,44303,3,12582912,5,0,0,0
54.26136475600106,1779567109.8338957,5354,44304,4,12582912,3,0,0,0
54.26136475600106,1779567109.8338957,5354,44305,5,12582912,-3,0,0,0
54.26136475600106,1779567109.8338957,5354,44306,6,12582912,-7,0,0,0
54.26136475600106,1779567109.8338957,5354,44307,7,12582912,-6,0,0,0
54.328569908000645,1779567109.9011014,5355,44308,0,12582912,-1,0,0,0
54.328569908000645,1779567109.9011014,5355,44309,1,12582912,3,0,0,0
54.328569908000645,1779567109.9011014,5355,44310,2,12582912,2,0,0,0
54.328569908000645,1779567109.9011014,5355,44311,3,12582912,-3,0,0,0
54.328569908000645,1779567109.9011014,5355,44312,4,12582912,-6,0,0,0
54.328569908000645,1779567109.9011014,5355,44313,5,12582912,-3,0,0,0
54.328569908000645,1779567109.9011014,5355,44314,6,12582912,0,0,0,0
54.328569908000645,1779567109.9011014,5355,44315,7,12582912,1,0,0,0
54.32887703800043,1779567109.9014072,5356,44316,0,12582912,1,0,0,0
54.32887703800043,1779567109.9014072,5356,44317,1,12582912,3,0,0,0
54.32887703800043,1779567109.9014072,5356,44318,2,12582912,6,0,0,0
54.32887703800043,1779567109.9014072,5356,44319,3,12582912,8,0,0,0
54.32887703800043,1779567109.9014072,5356,44320,4,12582912,10,0,0,0
54.32887703800043,1779567109.9014072,5356,44321,5,12582912,11,0,0,0
54.32887703800043,1779567109.9014072,5356,44322,6,12582912,11,0,0,0
54.32887703800043,1779567109.9014072,5356,44323,7,12582912,10,0,0,0
54.350561041999754,1779567109.9230917,5357,44324,0,12582912,8,0,0,0
54.350561041999754,1779567109.9230917,5357,44325,1,12582912,5,0,0,0
54.350561041999754,1779567109.9230917,5357,44326,2,12582912,2,0,0,0
54.350561041999754,1779567109.9230917,5357,44327,3,12582912,1,0,0,0
54.350561041999754,1779567109.9230917,5357,44328,4,12582912,1,0,0,0
54.350561041999754,1779567109.9230917,5357,44329,5,12582912,0,0,0,0
54.350561041999754,1779567109.9230917,5357,44330,6,12582912,-2,0,0,0
54.350561041999754,1779567109.9230917,5357,44331,7,12582912,-6,0,0,0
54.38549357000011,1779567109.9580245,5358,44332,0,12582912,-11,0,0,0
54.38549357000011,1779567109.9580245,5358,44333,1,12582912,-12,0,0,0
54.38549357000011,1779567109.9580245,5358,44334,2,12582912,-10,0,0,0
54.38549357000011,1779567109.9580245,5358,44335,3,12582912,-8,0,0,0
54.38549357000011,1779567109.9580245,5358,44336,4,12582912,-8,0,0,0
54.38549357000011,1779567109.9580245,5358,44337,5,12582912,-7,0,0,0
54.38549357000011,1779567109.9580245,5358,44338,6,12582912,-4,0,0,0
54.38549357000011,1779567109.9580245,5358,44339,7,12582912,0,0,0,0
54.42828518100032,1779567110.0008159,5359,44340,0,12582912,3,0,0,0
54.42828518100032,1779567110.0008159,5359,44341,1,12582912,2,0,0,0
54.42828518100032,1779567110.0008159,5359,44342,2,12582912,3,0,0,0
54.42828518100032,1779567110.0008159,5359,44343,3,12582912,2,0,0,0
54.42828518100032,1779567110.0008159,5359,44344,4,12582912,1,0,0,0
54.42828518100032,1779567110.0008159,5359,44345,5,12582912,0,0,0,0
54.42828518100032,1779567110.0008159,5359,44346,6,12582912,0,0,0,0
54.42828518100032,1779567110.0008159,5359,44347,7,12582912,0,0,0,0
54.48742260899962,1779567110.059953,5360,44348,0,12582912,1,0,0,0
54.48742260899962,1779567110.059953,5360,44349,1,12582912,3,0,0,0
54.48742260899962,1779567110.059953,5360,44350,2,12582912,5,0,0,0
54.48742260899962,1779567110.059953,5360,44351,3,12582912,5,0,0,0
54.48742260899962,1779567110.059953,5360,44352,4,12582912,4,0,0,0
54.48742260899962,1779567110.059953,5360,44353,5,12582912,3,0,0,0
54.48742260899962,1779567110.059953,5360,44354,6,12582912,2,0,0,0
54.48742260899962,1779567110.059953,5360,44355,7,12582912,1,0,0,0
54.48759661599979,1779567110.060129,5361,44356,0,12582912,0,0,0,0
54.48759661599979,1779567110.060129,5361,44357,1,12582912,-1,0,0,0
54.48759661599979,1779567110.060129,5361,44358,2,12582912,-3,0,0,0
54.48759661599979,1779567110.060129,5361,44359,3,12582912,-4,0,0,0
54.48759661599979,1779567110.060129,5361,44360,4,12582912,-7,0,0,0
54.48759661599979,1779567110.060129,5361,44361,5,12582912,-9,0,0,0
54.48759661599979,1779567110.060129,5361,44362,6,12582912,-10,0,0,0
54.48759661599979,1779567110.060129,5361,44363,7,12582912,-8,0,0,0
54.50929645399992,1779567110.0818274,5362,44364,0,12582912,-6,0,0,0
54.50929645399992,1779567110.0818274,5362,44365,1,12582912,-6,0,0,0
54.50929645399992,1779567110.0818274,5362,44366,2,12582912,-6,0,0,0
54.50929645399992,1779567110.0818274,5362,44367,3,12582912,-6,0,0,0
54.50929645399992,1779567110.0818274,5362,44368,4,12582912,-4,0,0,0
54.50929645399992,1779567110.0818274,5362,44369,5,12582912,-2,0,0,0
54.50929645399992,1779567110.0818274,5362,44370,6,12582912,-1,0,0,0
54.50929645399992,1779567110.0818274,5362,44371,7,12582912,0,0,0,0
54.55202244300017,1779567110.1245532,5363,44372,0,12582912,2,0,0,0
54.55202244300017,1779567110.1245532,5363,44373,1,12582912,5,0,0,0
54.55202244300017,1779567110.1245532,5363,44374,2,12582912,7,0,0,0
54.55202244300017,1779567110.1245532,5363,44375,3,12582912,8,0,0,0
54.55202244300017,1779567110.1245532,5363,44376,4,12582912,8,0,0,0
54.55202244300017,1779567110.1245532,5363,44377,5,12582912,6,0,0,0
54.55202244300017,1779567110.1245532,5363,44378,6,12582912,2,0,0,0
54.55202244300017,1779567110.1245532,5363,44379,7,12582912,-2,0,0,0
54.57364124000014,1779567110.146172,5364,44380,0,12582912,-6,0,0,0
54.57364124000014,1779567110.146172,5364,44381,1,12582912,-8,0,0,0
54.57364124000014,1779567110.146172,5364,44382,2,12582912,-8,0,0,0
54.57364124000014,1779567110.146172,5364,44383,3,12582912,-8,0,0,0
54.57364124000014,1779567110.146172,5364,44384,4,12582912,-8,0,0,0
54.57364124000014,1779567110.146172,5364,44385,5,12582912,-9,0,0,0
54.57364124000014,1779567110.146172,5364,44386,6,12582912,-9,0,0,0
54.57364124000014,1779567110.146172,5364,44387,7,12582912,-9,0,0,0
54.61637556200003,1779567110.1889067,5365,44388,0,12582912,-5,0,0,0
54.61637556200003,1779567110.1889067,5365,44389,1,12582912,-3,0,0,0
54.61637556200003,1779567110.1889067,5365,44390,2,12582912,-2,0,0,0
54.61637556200003,1779567110.1889067,5365,44391,3,12582912,-1,0,0,0
54.61637556200003,1779567110.1889067,5365,44392,4,12582912,2,0,0,0
54.61637556200003,1779567110.1889067,5365,44393,5,12582912,5,0,0,0
54.61637556200003,1779567110.1889067,5365,44394,6,12582912,5,0,0,0
54.61637556200003,1779567110.1889067,5365,44395,7,12582912,2,0,0,0
54.667561980000755,1779567110.2400928,5366,44396,0,12582912,-1,0,0,0
54.667561980000755,1779567110.2400928,5366,44397,1,12582912,-1,0,0,0
54.667561980000755,1779567110.2400928,5366,44398,2,12582912,2,0,0,0
54.667561980000755,1779567110.2400928,5366,44399,3,12582912,7,0,0,0
54.667561980000755,1779567110.2400928,5366,44400,4,12582912,7,0,0,0
54.667561980000755,1779567110.2400928,5366,44401,5,12582912,5,0,0,0
54.667561980000755,1779567110.2400928,5366,44402,6,12582912,4,0,0,0
54.667561980000755,1779567110.2400928,5366,44403,7,12582912,4,0,0,0
54.66787431800003,1779567110.2404034,5367,44404,0,12582912,3,0,0,0
54.66787431800003,1779567110.2404034,5367,44405,1,12582912,1,0,0,0
54.66787431800003,1779567110.2404034,5367,44406,2,12582912,0,0,0,0
54.66787431800003,1779567110.2404034,5367,44407,3,12582912,0,0,0,0
54.66787431800003,1779567110.2404034,5367,44408,4,12582912,-1,0,0,0
54.66787431800003,1779567110.2404034,5367,44409,5,12582912,-3,0,0,0
54.66787431800003,1779567110.2404034,5367,44410,6,12582912,-8,0,0,0
54.66787431800003,1779567110.2404034,5367,44411,7,12582912,-14,0,0,0
54.71079827200083,1779567110.283329,5368,44412,0,12582912,-18,0,0,0
54.71079827200083,1779567110.283329,5368,44413,1,12582912,-18,0,0,0
54.71079827200083,1779567110.283329,5368,44414,2,12582912,-16,0,0,0
54.71079827200083,1779567110.283329,5368,44415,3,12582912,-13,0,0,0
54.71079827200083,1779567110.283329,5368,44416,4,12582912,-14,0,0,0
54.71079827200083,1779567110.283329,5368,44417,5,12582912,-16,0,0,0
54.71079827200083,1779567110.283329,5368,44418,6,12582912,-16,0,0,0
54.71079827200083,1779567110.283329,5368,44419,7,12582912,-15,0,0,0
54.73789379899972,1779567110.310425,5369,44420,0,12582912,-12,0,0,0
54.73789379899972,1779567110.310425,5369,44421,1,12582912,-10,0,0,0
54.73789379899972,1779567110.310425,5369,44422,2,12582912,-9,0,0,0
54.73789379899972,1779567110.310425,5369,44423,3,12582912,-9,0,0,0
54.73789379899972,1779567110.310425,5369,44424,4,12582912,-7,0,0,0
54.73789379899972,1779567110.310425,5369,44425,5,12582912,-7,0,0,0
54.73789379899972,1779567110.310425,5369,44426,6,12582912,-10,0,0,0
54.73789379899972,1779567110.310425,5369,44427,7,12582912,-13,0,0,0
54.78061681899999,1779567110.353148,5370,44428,0,12582912,-15,0,0,0
54.78061681899999,1779567110.353148,5370,44429,1,12582912,-13,0,0,0
54.78061681899999,1779567110.353148,5370,44430,2,12582912,-10,0,0,0
54.78061681899999,1779567110.353148,5370,44431,3,12582912,-6,0,0,0
54.78061681899999,1779567110.353148,5370,44432,4,12582912,-4,0,0,0
54.78061681899999,1779567110.353148,5370,44433,5,12582912,-3,0,0,0
54.78061681899999,1779567110.353148,5370,44434,6,12582912,-2,0,0,0
54.78061681899999,1779567110.353148,5370,44435,7,12582912,-2,0,0,0
54.802323271000205,1779567110.374854,5371,44436,0,12582912,-2,0,0,0
54.802323271000205,1779567110.374854,5371,44437,1,12582912,0,0,0,0
54.802323271000205,1779567110.374854,5371,44438,2,12582912,1,0,0,0
54.802323271000205,1779567110.374854,5371,44439,3,12582912,-1,0,0,0
54.802323271000205,1779567110.374854,5371,44440,4,12582912,-3,0,0,0
54.802323271000205,1779567110.374854,5371,44441,5,12582912,-4,0,0,0
54.802323271000205,1779567110.374854,5371,44442,6,12582912,-1,0,0,0
54.802323271000205,1779567110.374854,5371,44443,7,12582912,4,0,0,0
54.87184458400043,1779567110.4443755,5372,44444,0,12582912,7,0,0,0
54.87184458400043,1779567110.4443755,5372,44445,1,12582912,6,0,0,0
54.87184458400043,1779567110.4443755,5372,44446,2,12582912,2,0,0,0
54.87184458400043,1779567110.4443755,5372,44447,3,12582912,-1,0,0,0
54.87184458400043,1779567110.4443755,5372,44448,4,12582912,2,0,0,0
54.87184458400043,1779567110.4443755,5372,44449,5,12582912,8,0,0,0
54.87184458400043,1779567110.4443755,5372,44450,6,12582912,7,0,0,0
54.87184458400043,1779567110.4443755,5372,44451,7,12582912,-2,0,0,0
54.87215546399966,1779567110.444685,5373,44452,0,12582912,-8,0,0,0
54.87215546399966,1779567110.444685,5373,44453,1,12582912,-9,0,0,0
54.87215546399966,1779567110.444685,5373,44454,2,12582912,-7,0,0,0
54.87215546399966,1779567110.444685,5373,44455,3,12582912,-6,0,0,0
54.87215546399966,1779567110.444685,5373,44456,4,12582912,-6,0,0,0
54.87215546399966,1779567110.444685,5373,44457,5,12582912,-5,0,0,0
54.87215546399966,1779567110.444685,5373,44458,6,12582912,-7,0,0,0
54.87215546399966,1779567110.444685,5373,44459,7,12582912,-8,0,0,0
54.93365290300062,1779567110.5061834,5374,44460,0,12582912,-4,0,0,0
54.93365290300062,1779567110.5061834,5374,44461,1,12582912,-1,0,0,0
54.93365290300062,1779567110.5061834,5374,44462,2,12582912,-4,0,0,0
54.93365290300062,1779567110.5061834,5374,44463,3,12582912,-11,0,0,0
54.93365290300062,1779567110.5061834,5374,44464,4,12582912,-15,0,0,0
54.93365290300062,1779567110.5061834,5374,44465,5,12582912,-18,0,0,0
54.93365290300062,1779567110.5061834,5374,44466,6,12582912,-20,0,0,0
54.93365290300062,1779567110.5061834,5374,44467,7,12582912,-18,0,0,0
54.934061386000394,1779567110.5065906,5375,44468,0,12582912,-11,0,0,0
54.934061386000394,1779567110.5065906,5375,44469,1,12582912,-7,0,0,0
54.934061386000394,1779567110.5065906,5375,44470,2,12582912,-8,0,0,0
54.934061386000394,1779567110.5065906,5375,44471,3,12582912,-12,0,0,0
54.934061386000394,1779567110.5065906,5375,44472,4,12582912,-14,0,0,0
54.934061386000394,1779567110.5065906,5375,44473,5,12582912,-13,0,0,0
54.934061386000394,1779567110.5065906,5375,44474,6,12582912,-11,0,0,0
54.934061386000394,1779567110.5065906,5375,44475,7,12582912,-10,0,0,0
54.955690390999735,1779567110.5282214,5376,44476,0,12582912,-10,0,0,0
54.955690390999735,1779567110.5282214,5376,44477,1,12582912,-9,0,0,0
54.955690390999735,1779567110.5282214,5376,44478,2,12582912,-6,0,0,0
54.955690390999735,1779567110.5282214,5376,44479,3,12582912,-4,0,0,0
54.955690390999735,1779567110.5282214,5376,44480,4,12582912,-6,0,0,0
54.955690390999735,1779567110.5282214,5376,44481,5,12582912,-9,0,0,0
54.955690390999735,1779567110.5282214,5376,44482,6,12582912,-8,0,0,0
54.955690390999735,1779567110.5282214,5376,44483,7,12582912,-6,0,0,0
55.161443023000174,1779567110.733974,5377,44484,0,12582912,-5,0,0,0
55.161443023000174,1779567110.733974,5377,44485,1,12582912,-7,0,0,0
55.161443023000174,1779567110.733974,5377,44486,2,12582912,-9,0,0,0
55.161443023000174,1779567110.733974,5377,44487,3,12582912,-20,0,0,0
55.161443023000174,1779567110.733974,5377,44488,4,12582912,-36,0,0,0
55.161443023000174,1779567110.733974,5377,44489,5,12582912,-18,0,0,0
55.161443023000174,1779567110.733974,5377,44490,6,12582912,36,0,0,0
55.161443023000174,1779567110.733974,5377,44491,7,12582912,62,0,0,0
55.20429369700105,1779567110.7768252,5378,44492,0,12582912,31,0,0,0
55.20429369700105,1779567110.7768252,5378,44493,1,12582912,-14,0,0,0
55.20429369700105,1779567110.7768252,5378,44494,2,12582912,-12,0,0,0
55.20429369700105,1779567110.7768252,5378,44495,3,12582912,29,0,0,0
55.20429369700105,1779567110.7768252,5378,44496,4,12582912,52,0,0,0
55.20429369700105,1779567110.7768252,5378,44497,5,12582912,26,0,0,0
55.20429369700105,1779567110.7768252,5378,44498,6,12582912,-12,0,0,0
55.20429369700105,1779567110.7768252,5378,44499,7,12582912,-13,0,0,0
55.280401512000026,1779567110.8529327,5379,44500,0,12582912,18,0,0,0
55.280401512000026,1779567110.8529327,5379,44501,1,12582912,42,0,0,0
55.280401512000026,1779567110.8529327,5379,44502,2,12582912,45,0,0,0
55.280401512000026,1779567110.8529327,5379,44503,3,12582912,45,0,0,0
55.280401512000026,1779567110.8529327,5379,44504,4,12582912,32,0,0,0
55.280401512000026,1779567110.8529327,5379,44505,5,12582912,-1,0,0,0
55.280401512000026,1779567110.8529327,5379,44506,6,12582912,-23,0,0,0
55.280401512000026,1779567110.8529327,5379,44507,7,12582912,-9,0,0,0
55.28070864199981,1779567110.853238,5380,44508,0,12582912,19,0,0,0
55.28070864199981,1779567110.853238,5380,44509,1,12582912,25,0,0,0
55.28070864199981,1779567110.853238,5380,44510,2,12582912,5,0,0,0
55.28070864199981,1779567110.853238,5380,44511,3,12582912,-10,0,0,0
55.28070864199981,1779567110.853238,5380,44512,4,12582912,3,0,0,0
55.28070864199981,1779567110.853238,5380,44513,5,12582912,25,0,0,0
55.28070864199981,1779567110.853238,5380,44514,6,12582912,28,0,0,0
55.28070864199981,1779567110.853238,5380,44515,7,12582912,10,0,0,0
55.36689237800056,1779567110.9394233,5381,44516,0,12582912,-3,0,0,0
55.36689237800056,1779567110.9394233,5381,44517,1,12582912,4,0,0,0
55.36689237800056,1779567110.9394233,5381,44518,2,12582912,19,0,0,0
55.36689237800056,1779567110.9394233,5381,44519,3,12582912,20,0,0,0
55.36689237800056,1779567110.9394233,5381,44520,4,12582912,6,0,0,0
55.36689237800056,1779567110.9394233,5381,44521,5,12582912,-5,0,0,0
55.36689237800056,1779567110.9394233,5381,44522,6,12582912,0,0,0,0
55.36689237800056,1779567110.9394233,5381,44523,7,12582912,13,0,0,0
55.36720294599945,1779567110.9397333,5382,44524,0,12582912,17,0,0,0
55.36720294599945,1779567110.9397333,5382,44525,1,12582912,7,0,0,0
55.36720294599945,1779567110.9397333,5382,44526,2,12582912,-3,0,0,0
55.36720294599945,1779567110.9397333,5382,44527,3,12582912,-1,0,0,0
55.36720294599945,1779567110.9397333,5382,44528,4,12582912,8,0,0,0
55.36720294599945,1779567110.9397333,5382,44529,5,12582912,10,0,0,0
55.36720294599945,1779567110.9397333,5382,44530,6,12582912,2,0,0,0
55.36720294599945,1779567110.9397333,5382,44531,7,12582912,-6,0,0,0
55.36748372200054,1779567110.9400132,5383,44532,0,12582912,-4,0,0,0
55.36748372200054,1779567110.9400132,5383,44533,1,12582912,3,0,0,0
55.36748372200054,1779567110.9400132,5383,44534,2,12582912,8,0,0,0
55.36748372200054,1779567110.9400132,5383,44535,3,12582912,6,0,0,0
55.36748372200054,1779567110.9400132,5383,44536,4,12582912,3,0,0,0
55.36748372200054,1779567110.9400132,5383,44537,5,12582912,3,0,0,0
55.36748372200054,1779567110.9400132,5383,44538,6,12582912,6,0,0,0
55.36748372200054,1779567110.9400132,5383,44539,7,12582912,5,0,0,0
55.418269521000184,1779567110.9908001,5384,44540,0,12582912,0,0,0,0
55.418269521000184,1779567110.9908001,5384,44541,1,12582912,-2,0,0,0
55.418269521000184,1779567110.9908001,5384,44542,2,12582912,3,0,0,0
55.418269521000184,1779567110.9908001,5384,44543,3,12582912,9,0,0,0
55.418269521000184,1779567110.9908001,5384,44544,4,12582912,10,0,0,0
55.418269521000184,1779567110.9908001,5384,44545,5,12582912,6,0,0,0
55.418269521000184,1779567110.9908001,5384,44546,6,12582912,2,0,0,0
55.418269521000184,1779567110.9908001,5384,44547,7,12582912,3,0,0,0
55.43991441199978,1779567111.0124454,5385,44548,0,12582912,7,0,0,0
55.43991441199978,1779567111.0124454,5385,44549,1,12582912,10,0,0,0
55.43991441199978,1779567111.0124454,5385,44550,2,12582912,9,0,0,0
55.43991441199978,1779567111.0124454,5385,44551,3,12582912,7,0,0,0
55.43991441199978,1779567111.0124454,5385,44552,4,12582912,7,0,0,0
55.43991441199978,1779567111.0124454,5385,44553,5,12582912,10,0,0,0
55.43991441199978,1779567111.0124454,5385,44554,6,12582912,12,0,0,0
55.43991441199978,1779567111.0124454,5385,44555,7,12582912,11,0,0,0
55.46156544900077,1779567111.0340965,5386,44556,0,12582912,8,0,0,0
55.46156544900077,1779567111.0340965,5386,44557,1,12582912,8,0,0,0
55.46156544900077,1779567111.0340965,5386,44558,2,12582912,11,0,0,0
55.46156544900077,1779567111.0340965,5386,44559,3,12582912,13,0,0,0
55.46156544900077,1779567111.0340965,5386,44560,4,12582912,10,0,0,0
55.46156544900077,1779567111.0340965,5386,44561,5,12582912,6,0,0,0
55.46156544900077,1779567111.0340965,5386,44562,6,12582912,6,0,0,0
55.46156544900077,1779567111.0340965,5386,44563,7,12582912,11,0,0,0
55.504736639999464,1779567111.0772674,5387,44564,0,12582912,15,0,0,0
55.504736639999464,1779567111.0772674,5387,44565,1,12582912,18,0,0,0
55.504736639999464,1779567111.0772674,5387,44566,2,12582912,18,0,0,0
55.504736639999464,1779567111.0772674,5387,44567,3,12582912,19,0,0,0
55.504736639999464,1779567111.0772674,5387,44568,4,12582912,21,0,0,0
55.504736639999464,1779567111.0772674,5387,44569,5,12582912,24,0,0,0
55.504736639999464,1779567111.0772674,5387,44570,6,12582912,25,0,0,0
55.504736639999464,1779567111.0772674,5387,44571,7,12582912,22,0,0,0
55.526390176999485,1779567111.0989213,5388,44572,0,12582912,19,0,0,0
55.526390176999485,1779567111.0989213,5388,44573,1,12582912,15,0,0,0
55.526390176999485,1779567111.0989213,5388,44574,2,12582912,10,0,0,0
55.526390176999485,1779567111.0989213,5388,44575,3,12582912,3,0,0,0
55.526390176999485,1779567111.0989213,5388,44576,4,12582912,-4,0,0,0
55.526390176999485,1779567111.0989213,5388,44577,5,12582912,-8,0,0,0
55.526390176999485,1779567111.0989213,5388,44578,6,12582912,-8,0,0,0
55.526390176999485,1779567111.0989213,5388,44579,7,12582912,-8,0,0,0
55.5694632449995,1779567111.141994,5389,44580,0,12582912,-6,0,0,0
55.5694632449995,1779567111.141994,5389,44581,1,12582912,-2,0,0,0
55.5694632449995,1779567111.141994,5389,44582,2,12582912,4,0,0,0
55.5694632449995,1779567111.141994,5389,44583,3,12582912,9,0,0,0
55.5694632449995,1779567111.141994,5389,44584,4,12582912,10,0,0,0
55.5694632449995,1779567111.141994,5389,44585,5,12582912,8,0,0,0
55.5694632449995,1779567111.141994,5389,44586,6,12582912,5,0,0,0
55.5694632449995,1779567111.141994,5389,44587,7,12582912,2,0,0,0
55.62022060799973,1779567111.1927514,5390,44588,0,12582912,-1,0,0,0
55.62022060799973,1779567111.1927514,5390,44589,1,12582912,-4,0,0,0
55.62022060799973,1779567111.1927514,5390,44590,2,12582912,-6,0,0,0
55.62022060799973,1779567111.1927514,5390,44591,3,12582912,-8,0,0,0
55.62022060799973,1779567111.1927514,5390,44592,4,12582912,-8,0,0,0
55.62022060799973,1779567111.1927514,5390,44593,5,12582912,-6,0,0,0
55.62022060799973,1779567111.1927514,5390,44594,6,12582912,-5,0,0,0
55.62022060799973,1779567111.1927514,5390,44595,7,12582912,-8,0,0,0
55.62052216600023,1779567111.1930513,5391,44596,0,12582912,-11,0,0,0
55.62052216600023,1779567111.1930513,5391,44597,1,12582912,-9,0,0,0
55.62052216600023,1779567111.1930513,5391,44598,2,12582912,-4,0,0,0
55.62052216600023,1779567111.1930513,5391,44599,3,12582912,1,0,0,0
55.62052216600023,1779567111.1930513,5391,44600,4,12582912,5,0,0,0
55.62052216600023,1779567111.1930513,5391,44601,5,12582912,9,0,0,0
55.62052216600023,1779567111.1930513,5391,44602,6,12582912,10,0,0,0
55.62052216600023,1779567111.1930513,5391,44603,7,12582912,9,0,0,0
55.68683926400081,1779567111.259369,5392,44604,0,12582912,8,0,0,0
55.68683926400081,1779567111.259369,5392,44605,1,12582912,8,0,0,0
55.68683926400081,1779567111.259369,5392,44606,2,12582912,6,0,0,0
55.68683926400081,1779567111.259369,5392,44607,3,12582912,4,0,0,0
55.68683926400081,1779567111.259369,5392,44608,4,12582912,2,0,0,0
55.68683926400081,1779567111.259369,5392,44609,5,12582912,2,0,0,0
55.68683926400081,1779567111.259369,5392,44610,6,12582912,1,0,0,0
55.68683926400081,1779567111.259369,5392,44611,7,12582912,-1,0,0,0
55.68694806399981,1779567111.2594764,5393,44612,0,12582912,-3,0,0,0
55.68694806399981,1779567111.2594764,5393,44613,1,12582912,-3,0,0,0
55.68694806399981,1779567111.2594764,5393,44614,2,12582912,0,0,0,0
55.68694806399981,1779567111.2594764,5393,44615,3,12582912,1,0,0,0
55.68694806399981,1779567111.2594764,5393,44616,4,12582912,-1,0,0,0
55.68694806399981,1779567111.2594764,5393,44617,5,12582912,-4,0,0,0
55.68694806399981,1779567111.2594764,5393,44618,6,12582912,-6,0,0,0
55.68694806399981,1779567111.2594764,5393,44619,7,12582912,-7,0,0,0
55.7085923300001,1779567111.2811234,5394,44620,0,12582912,-7,0,0,0
55.7085923300001,1779567111.2811234,5394,44621,1,12582912,-8,0,0,0
55.7085923300001,1779567111.2811234,5394,44622,2,12582912,-8,0,0,0
55.7085923300001,1779567111.2811234,5394,44623,3,12582912,-6,0,0,0
55.7085923300001,1779567111.2811234,5394,44624,4,12582912,-6,0,0,0
55.7085923300001,1779567111.2811234,5394,44625,5,12582912,-5,0,0,0
55.7085923300001,1779567111.2811234,5394,44626,6,12582912,-2,0,0,0
55.7085923300001,1779567111.2811234,5394,44627,7,12582912,0,0,0,0
55.75811580899972,1779567111.3306468,5395,44628,0,12582912,4,0,0,0
55.75811580899972,1779567111.3306468,5395,44629,1,12582912,10,0,0,0
55.75811580899972,1779567111.3306468,5395,44630,2,12582912,12,0,0,0
55.75811580899972,1779567111.3306468,5395,44631,3,12582912,10,0,0,0
55.75811580899972,1779567111.3306468,5395,44632,4,12582912,9,0,0,0
55.75811580899972,1779567111.3306468,5395,44633,5,12582912,12,0,0,0
55.75811580899972,1779567111.3306468,5395,44634,6,12582912,14,0,0,0
55.75811580899972,1779567111.3306468,5395,44635,7,12582912,12,0,0,0
55.77975814800084,1779567111.352289,5396,44636,0,12582912,9,0,0,0
55.77975814800084,1779567111.352289,5396,44637,1,12582912,8,0,0,0
55.77975814800084,1779567111.352289,5396,44638,2,12582912,9,0,0,0
55.77975814800084,1779567111.352289,5396,44639,3,12582912,9,0,0,0
55.77975814800084,1779567111.352289,5396,44640,4,12582912,7,0,0,0
55.77975814800084,1779567111.352289,5396,44641,5,12582912,7,0,0,0
55.77975814800084,1779567111.352289,5396,44642,6,12582912,8,0,0,0
55.77975814800084,1779567111.352289,5396,44643,7,12582912,10,0,0,0
55.83936489200096,1779567111.4118955,5397,44644,0,12582912,9,0,0,0
55.83936489200096,1779567111.4118955,5397,44645,1,12582912,4,0,0,0
55.83936489200096,1779567111.4118955,5397,44646,2,12582912,-3,0,0,0
55.83936489200096,1779567111.4118955,5397,44647,3,12582912,-8,0,0,0
55.83936489200096,1779567111.4118955,5397,44648,4,12582912,-8,0,0,0
55.83936489200096,1779567111.4118955,5397,44649,5,12582912,-7,0,0,0
55.83936489200096,1779567111.4118955,5397,44650,6,12582912,-7,0,0,0
55.83936489200096,1779567111.4118955,5397,44651,7,12582912,-7,0,0,0
55.839672439000424,1779567111.4122016,5398,44652,0,12582912,-7,0,0,0
55.839672439000424,1779567111.4122016,5398,44653,1,12582912,-4,0,0,0
55.839672439000424,1779567111.4122016,5398,44654,2,12582912,2,0,0,0
55.839672439000424,1779567111.4122016,5398,44655,3,12582912,5,0,0,0
55.839672439000424,1779567111.4122016,5398,44656,4,12582912,4,0,0,0
55.839672439000424,1779567111.4122016,5398,44657,5,12582912,0,0,0,0
55.839672439000424,1779567111.4122016,5398,44658,6,12582912,-3,0,0,0
55.839672439000424,1779567111.4122016,5398,44659,7,12582912,-1,0,0,0
55.874689288999434,1779567111.4472203,5399,44660,0,12582912,3,0,0,0
55.874689288999434,1779567111.4472203,5399,44661,1,12582912,6,0,0,0
55.874689288999434,1779567111.4472203,5399,44662,2,12582912,10,0,0,0
55.874689288999434,1779567111.4472203,5399,44663,3,12582912,15,0,0,0
55.874689288999434,1779567111.4472203,5399,44664,4,12582912,20,0,0,0
55.874689288999434,1779567111.4472203,5399,44665,5,12582912,22,0,0,0
55.874689288999434,1779567111.4472203,5399,44666,6,12582912,19,0,0,0
55.874689288999434,1779567111.4472203,5399,44667,7,12582912,16,0,0,0
55.91737814500084,1779567111.489909,5400,44668,0,12582912,15,0,0,0
55.91737814500084,1779567111.489909,5400,44669,1,12582912,15,0,0,0
55.91737814500084,1779567111.489909,5400,44670,2,12582912,13,0,0,0
55.91737814500084,1779567111.489909,5400,44671,3,12582912,9,0,0,0
55.91737814500084,1779567111.489909,5400,44672,4,12582912,4,0,0,0
55.91737814500084,1779567111.489909,5400,44673,5,12582912,1,0,0,0
55.91737814500084,1779567111.489909,5400,44674,6,12582912,0,0,0,0
55.91737814500084,1779567111.489909,5400,44675,7,12582912,1,0,0,0
55.9391088680004,1779567111.5116398,5401,44676,0,12582912,2,0,0,0
55.9391088680004,1779567111.5116398,5401,44677,1,12582912,1,0,0,0
55.9391088680004,1779567111.5116398,5401,44678,2,12582912,-2,0,0,0
55.9391088680004,1779567111.5116398,5401,44679,3,12582912,-4,0,0,0
55.9391088680004,1779567111.5116398,5401,44680,4,12582912,-6,0,0,0
55.9391088680004,1779567111.5116398,5401,44681,5,12582912,-7,0,0,0
55.9391088680004,1779567111.5116398,5401,44682,6,12582912,-6,0,0,0
55.9391088680004,1779567111.5116398,5401,44683,7,12582912,-6,0,0,0
55.981915325000955,1779567111.554447,5402,44684,0,12582912,-6,0,0,0
55.981915325000955,1779567111.554447,5402,44685,1,12582912,-4,0,0,0
55.981915325000955,1779567111.554447,5402,44686,2,12582912,-2,0,0,0
55.981915325000955,1779567111.554447,5402,44687,3,12582912,-1,0,0,0
55.981915325000955,1779567111.554447,5402,44688,4,12582912,-1,0,0,0
55.981915325000955,1779567111.554447,5402,44689,5,12582912,2,0,0,0
55.981915325000955,1779567111.554447,5402,44690,6,12582912,4,0,0,0
55.981915325000955,1779567111.554447,5402,44691,7,12582912,2,0,0,0
56.00355922699964,1779567111.5760899,5403,44692,0,12582912,-1,0,0,0
56.00355922699964,1779567111.5760899,5403,44693,1,12582912,-5,0,0,0
56.00355922699964,1779567111.5760899,5403,44694,2,12582912,-6,0,0,0
56.00355922699964,1779567111.5760899,5403,44695,3,12582912,-6,0,0,0
56.00355922699964,1779567111.5760899,5403,44696,4,12582912,-8,0,0,0
56.00355922699964,1779567111.5760899,5403,44697,5,12582912,-12,0,0,0
56.00355922699964,1779567111.5760899,5403,44698,6,12582912,-14,0,0,0
56.00355922699964,1779567111.5760899,5403,44699,7,12582912,-15,0,0,0
56.04006074000063,1779567111.6125906,5404,44700,0,12582912,-13,0,0,0
56.04006074000063,1779567111.6125906,5404,44701,1,12582912,-12,0,0,0
56.04006074000063,1779567111.6125906,5404,44702,2,12582912,-10,0,0,0
56.04006074000063,1779567111.6125906,5404,44703,3,12582912,-6,0,0,0
56.04006074000063,1779567111.6125906,5404,44704,4,12582912,0,0,0,0
56.04006074000063,1779567111.6125906,5404,44705,5,12582912,4,0,0,0
56.04006074000063,1779567111.6125906,5404,44706,6,12582912,5,0,0,0
56.04006074000063,1779567111.6125906,5404,44707,7,12582912,6,0,0,0
56.08390639800018,1779567111.6564364,5405,44708,0,12582912,6,0,0,0
56.08390639800018,1779567111.6564364,5405,44709,1,12582912,6,0,0,0
56.08390639800018,1779567111.6564364,5405,44710,2,12582912,2,0,0,0
56.08390639800018,1779567111.6564364,5405,44711,3,12582912,-3,0,0,0
56.08390639800018,1779567111.6564364,5405,44712,4,12582912,-7,0,0,0
56.08390639800018,1779567111.6564364,5405,44713,5,12582912,-7,0,0,0
56.08390639800018,1779567111.6564364,5405,44714,6,12582912,-6,0,0,0
56.08390639800018,1779567111.6564364,5405,44715,7,12582912,-6,0,0,0
56.12017489400023,1779567111.6927063,5406,44716,0,12582912,-9,0,0,0
56.12017489400023,1779567111.6927063,5406,44717,1,12582912,-14,0,0,0
56.12017489400023,1779567111.6927063,5406,44718,2,12582912,-15,0,0,0
56.12017489400023,1779567111.6927063,5406,44719,3,12582912,-13,0,0,0
56.12017489400023,1779567111.6927063,5406,44720,4,12582912,-12,0,0,0
56.12017489400023,1779567111.6927063,5406,44721,5,12582912,-14,0,0,0
56.12017489400023,1779567111.6927063,5406,44722,6,12582912,-13,0,0,0
56.12017489400023,1779567111.6927063,5406,44723,7,12582912,-9,0,0,0
56.1417632240009,1779567111.7143464,5407,44724,0,12582912,-6,0,0,0
56.1417632240009,1779567111.7143464,5407,44725,1,12582912,-7,0,0,0
56.1417632240009,1779567111.7143464,5407,44726,2,12582912,-10,0,0,0
56.1417632240009,1779567111.7143464,5407,44727,3,12582912,-9,0,0,0
56.1417632240009,1779567111.7143464,5407,44728,4,12582912,-7,0,0,0
56.1417632240009,1779567111.7143464,5407,44729,5,12582912,-5,0,0,0
56.1417632240009,1779567111.7143464,5407,44730,6,12582912,-6,0,0,0
56.1417632240009,1779567111.7143464,5407,44731,7,12582912,-8,0,0,0
56.163200827000765,1779567111.7357311,5408,44732,0,12582912,-8,0,0,0
56.163200827000765,1779567111.7357311,5408,44733,1,12582912,-6,0,0,0
56.163200827000765,1779567111.7357311,5408,44734,2,12582912,-3,0,0,0
56.163200827000765,1779567111.7357311,5408,44735,3,12582912,-1,0,0,0
56.163200827000765,1779567111.7357311,5408,44736,4,12582912,-1,0,0,0
56.163200827000765,1779567111.7357311,5408,44737,5,12582912,-4,0,0,0
56.163200827000765,1779567111.7357311,5408,44738,6,12582912,-6,0,0,0
56.163200827000765,1779567111.7357311,5408,44739,7,12582912,-8,0,0,0
56.20700445500006,1779567111.779534,5409,44740,0,12582912,-8,0,0,0
56.20700445500006,1779567111.779534,5409,44741,1,12582912,-8,0,0,0
56.20700445500006,1779567111.779534,5409,44742,2,12582912,-6,0,0,0
56.20700445500006,1779567111.779534,5409,44743,3,12582912,-3,0,0,0
56.20700445500006,1779567111.779534,5409,44744,4,12582912,1,0,0,0
56.20700445500006,1779567111.779534,5409,44745,5,12582912,3,0,0,0
56.20700445500006,1779567111.779534,5409,44746,6,12582912,3,0,0,0
56.20700445500006,1779567111.779534,5409,44747,7,12582912,-1,0,0,0
56.23570224700052,1779567111.8082318,5410,44748,0,12582912,-6,0,0,0
56.23570224700052,1779567111.8082318,5410,44749,1,12582912,-11,0,0,0
56.23570224700052,1779567111.8082318,5410,44750,2,12582912,-14,0,0,0
56.23570224700052,1779567111.8082318,5410,44751,3,12582912,-18,0,0,0
56.23570224700052,1779567111.8082318,5410,44752,4,12582912,-21,0,0,0
56.23570224700052,1779567111.8082318,5410,44753,5,12582912,-18,0,0,0
56.23570224700052,1779567111.8082318,5410,44754,6,12582912,-12,0,0,0
56.23570224700052,1779567111.8082318,5410,44755,7,12582912,-11,0,0,0
56.26158467000096,1779567111.8341153,5411,44756,0,12582912,-8,0,0,0
56.26158467000096,1779567111.8341153,5411,44757,1,12582912,-4,0,0,0
56.26158467000096,1779567111.8341153,5411,44758,2,12582912,-8,0,0,0
56.26158467000096,1779567111.8341153,5411,44759,3,12582912,-15,0,0,0
56.26158467000096,1779567111.8341153,5411,44760,4,12582912,-14,0,0,0
56.26158467000096,1779567111.8341153,5411,44761,5,12582912,-9,0,0,0
56.26158467000096,1779567111.8341153,5411,44762,6,12582912,-3,0,0,0
56.26158467000096,1779567111.8341153,5411,44763,7,12582912,1,0,0,0
56.2839566319999,1779567111.8564878,5412,44764,0,12582912,4,0,0,0
56.2839566319999,1779567111.8564878,5412,44765,1,12582912,6,0,0,0
56.2839566319999,1779567111.8564878,5412,44766,2,12582912,5,0,0,0
56.2839566319999,1779567111.8564878,5412,44767,3,12582912,5,0,0,0
56.2839566319999,1779567111.8564878,5412,44768,4,12582912,8,0,0,0
56.2839566319999,1779567111.8564878,5412,44769,5,12582912,14,0,0,0
56.2839566319999,1779567111.8564878,5412,44770,6,12582912,13,0,0,0
56.2839566319999,1779567111.8564878,5412,44771,7,12582912,7,0,0,0
56.346338745999674,1779567111.9188693,5413,44772,0,12582912,3,0,0,0
56.346338745999674,1779567111.9188693,5413,44773,1,12582912,3,0,0,0
56.346338745999674,1779567111.9188693,5413,44774,2,12582912,4,0,0,0
56.346338745999674,1779567111.9188693,5413,44775,3,12582912,3,0,0,0
56.346338745999674,1779567111.9188693,5413,44776,4,12582912,-1,0,0,0
56.346338745999674,1779567111.9188693,5413,44777,5,12582912,-6,0,0,0
56.346338745999674,1779567111.9188693,5413,44778,6,12582912,-8,0,0,0
56.346338745999674,1779567111.9188693,5413,44779,7,12582912,-7,0,0,0
56.3774422259994,1779567111.9499722,5414,44780,0,12582912,-8,0,0,0
56.3774422259994,1779567111.9499722,5414,44781,1,12582912,-10,0,0,0
56.3774422259994,1779567111.9499722,5414,44782,2,12582912,-12,0,0,0
56.3774422259994,1779567111.9499722,5414,44783,3,12582912,-12,0,0,0
56.3774422259994,1779567111.9499722,5414,44784,4,12582912,-14,0,0,0
56.3774422259994,1779567111.9499722,5414,44785,5,12582912,-17,0,0,0
56.3774422259994,1779567111.9499722,5414,44786,6,12582912,-20,0,0,0
56.3774422259994,1779567111.9499722,5414,44787,7,12582912,-22,0,0,0
56.40264184800071,1779567111.9751718,5415,44788,0,12582912,-20,0,0,0
56.40264184800071,1779567111.9751718,5415,44789,1,12582912,-13,0,0,0
56.40264184800071,1779567111.9751718,5415,44790,2,12582912,-6,0,0,0
56.40264184800071,1779567111.9751718,5415,44791,3,12582912,-4,0,0,0
56.40264184800071,1779567111.9751718,5415,44792,4,12582912,-9,0,0,0
56.40264184800071,1779567111.9751718,5415,44793,5,12582912,-10,0,0,0
56.40264184800071,1779567111.9751718,5415,44794,6,12582912,-7,0,0,0
56.40264184800071,1779567111.9751718,5415,44795,7,12582912,-2,0,0,0
56.4239125790009,1779567111.9964428,5416,44796,0,12582912,0,0,0,0
56.4239125790009,1779567111.9964428,5416,44797,1,12582912,1,0,0,0
56.4239125790009,1779567111.9964428,5416,44798,2,12582912,-1,0,0,0
56.4239125790009,1779567111.9964428,5416,44799,3,12582912,-3,0,0,0
56.4239125790009,1779567111.9964428,5416,44800,4,12582912,-5,0,0,0
56.4239125790009,1779567111.9964428,5416,44801,5,12582912,-8,0,0,0
56.4239125790009,1779567111.9964428,5416,44802,6,12582912,-10,0,0,0
56.4239125790009,1779567111.9964428,5416,44803,7,12582912,-11,0,0,0
56.49155642699952,1779567112.0640876,5417,44804,0,12582912,-13,0,0,0
56.49155642699952,1779567112.0640876,5417,44805,1,12582912,-15,0,0,0
56.49155642699952,1779567112.0640876,5417,44806,2,12582912,-16,0,0,0
56.49155642699952,1779567112.0640876,5417,44807,3,12582912,-16,0,0,0
56.49155642699952,1779567112.0640876,5417,44808,4,12582912,-14,0,0,0
56.49155642699952,1779567112.0640876,5417,44809,5,12582912,-9,0,0,0
56.49155642699952,1779567112.0640876,5417,44810,6,12582912,-5,0,0,0
56.49155642699952,1779567112.0640876,5417,44811,7,12582912,-7,0,0,0
56.51326610900105,1779567112.0857968,5418,44812,0,12582912,-11,0,0,0
56.51326610900105,1779567112.0857968,5418,44813,1,12582912,-11,0,0,0
56.51326610900105,1779567112.0857968,5418,44814,2,12582912,-9,0,0,0
56.51326610900105,1779567112.0857968,5418,44815,3,12582912,-7,0,0,0
56.51326610900105,1779567112.0857968,5418,44816,4,12582912,-6,0,0,0
56.51326610900105,1779567112.0857968,5418,44817,5,12582912,-2,0,0,0
56.51326610900105,1779567112.0857968,5418,44818,6,12582912,1,0,0,0
56.51326610900105,1779567112.0857968,5418,44819,7,12582912,2,0,0,0
56.51361605100101,1779567112.0861464,5419,44820,0,12582912,3,0,0,0
56.51361605100101,1779567112.0861464,5419,44821,1,12582912,2,0,0,0
56.51361605100101,1779567112.0861464,5419,44822,2,12582912,-2,0,0,0
56.51361605100101,1779567112.0861464,5419,44823,3,12582912,-5,0,0,0
56.51361605100101,1779567112.0861464,5419,44824,4,12582912,-4,0,0,0
56.51361605100101,1779567112.0861464,5419,44825,5,12582912,0,0,0,0
56.51361605100101,1779567112.0861464,5419,44826,6,12582912,1,0,0,0
56.51361605100101,1779567112.0861464,5419,44827,7,12582912,0,0,0,0
56.556458343000486,1779567112.1289897,5420,44828,0,12582912,-2,0,0,0
56.556458343000486,1779567112.1289897,5420,44829,1,12582912,-5,0,0,0
56.556458343000486,1779567112.1289897,5420,44830,2,12582912,-7,0,0,0
56.556458343000486,1779567112.1289897,5420,44831,3,12582912,-9,0,0,0
56.556458343000486,1779567112.1289897,5420,44832,4,12582912,-8,0,0,0
56.556458343000486,1779567112.1289897,5420,44833,5,12582912,-8,0,0,0
56.556458343000486,1779567112.1289897,5420,44834,6,12582912,-7,0,0,0
56.556458343000486,1779567112.1289897,5420,44835,7,12582912,-5,0,0,0
56.57818672299982,1779567112.1507177,5421,44836,0,12582912,-2,0,0,0
56.57818672299982,1779567112.1507177,5421,44837,1,12582912,2,0,0,0
56.57818672299982,1779567112.1507177,5421,44838,2,12582912,4,0,0,0
56.57818672299982,1779567112.1507177,5421,44839,3,12582912,4,0,0,0
56.57818672299982,1779567112.1507177,5421,44840,4,12582912,3,0,0,0
56.57818672299982,1779567112.1507177,5421,44841,5,12582912,3,0,0,0
56.57818672299982,1779567112.1507177,5421,44842,6,12582912,3,0,0,0
56.57818672299982,1779567112.1507177,5421,44843,7,12582912,4,0,0,0
56.61309050300042,1779567112.1856217,5422,44844,0,12582912,7,0,0,0
56.61309050300042,1779567112.1856217,5422,44845,1,12582912,8,0,0,0
56.61309050300042,1779567112.1856217,5422,44846,2,12582912,4,0,0,0
56.61309050300042,1779567112.1856217,5422,44847,3,12582912,-1,0,0,0
56.61309050300042,1779567112.1856217,5422,44848,4,12582912,-2,0,0,0
56.61309050300042,1779567112.1856217,5422,44849,5,12582912,0,0,0,0
56.61309050300042,1779567112.1856217,5422,44850,6,12582912,0,0,0,0
56.61309050300042,1779567112.1856217,5422,44851,7,12582912,-1,0,0,0
56.63555350600109,1779567112.2080846,5423,44852,0,12582912,-2,0,0,0
56.63555350600109,1779567112.2080846,5423,44853,1,12582912,-2,0,0,0
56.63555350600109,1779567112.2080846,5423,44854,2,12582912,1,0,0,0
56.63555350600109,1779567112.2080846,5423,44855,3,12582912,3,0,0,0
56.63555350600109,1779567112.2080846,5423,44856,4,12582912,4,0,0,0
56.63555350600109,1779567112.2080846,5423,44857,5,12582912,4,0,0,0
56.63555350600109,1779567112.2080846,5423,44858,6,12582912,4,0,0,0
56.63555350600109,1779567112.2080846,5423,44859,7,12582912,4,0,0,0
56.67218345500078,1779567112.2447145,5424,44860,0,12582912,1,0,0,0
56.67218345500078,1779567112.2447145,5424,44861,1,12582912,-3,0,0,0
56.67218345500078,1779567112.2447145,5424,44862,2,12582912,-4,0,0,0
56.67218345500078,1779567112.2447145,5424,44863,3,12582912,-3,0,0,0
56.67218345500078,1779567112.2447145,5424,44864,4,12582912,-1,0,0,0
56.67218345500078,1779567112.2447145,5424,44865,5,12582912,-1,0,0,0
56.67218345500078,1779567112.2447145,5424,44866,6,12582912,-1,0,0,0
56.67218345500078,1779567112.2447145,5424,44867,7,12582912,0,0,0,0
56.71494897699995,1779567112.28748,5425,44868,0,12582912,2,0,0,0
56.71494897699995,1779567112.28748,5425,44869,1,12582912,7,0,0,0
56.71494897699995,1779567112.28748,5425,44870,2,12582912,12,0,0,0
56.71494897699995,1779567112.28748,5425,44871,3,12582912,13,0,0,0
56.71494897699995,1779567112.28748,5425,44872,4,12582912,12,0,0,0
56.71494897699995,1779567112.28748,5425,44873,5,12582912,10,0,0,0
56.71494897699995,1779567112.28748,5425,44874,6,12582912,9,0,0,0
56.71494897699995,1779567112.28748,5425,44875,7,12582912,6,0,0,0
56.73660813999959,1779567112.3091393,5426,44876,0,12582912,3,0,0,0
56.73660813999959,1779567112.3091393,5426,44877,1,12582912,3,0,0,0
56.73660813999959,1779567112.3091393,5426,44878,2,12582912,5,0,0,0
56.73660813999959,1779567112.3091393,5426,44879,3,12582912,6,0,0,0
56.73660813999959,1779567112.3091393,5426,44880,4,12582912,4,0,0,0
56.73660813999959,1779567112.3091393,5426,44881,5,12582912,1,0,0,0
56.73660813999959,1779567112.3091393,5426,44882,6,12582912,-3,0,0,0
56.73660813999959,1779567112.3091393,5426,44883,7,12582912,-3,0,0,0
56.76378601000033,1779567112.3363166,5427,44884,0,12582912,1,0,0,0
56.76378601000033,1779567112.3363166,5427,44885,1,12582912,6,0,0,0
56.76378601000033,1779567112.3363166,5427,44886,2,12582912,7,0,0,0
56.76378601000033,1779567112.3363166,5427,44887,3,12582912,8,0,0,0
56.76378601000033,1779567112.3363166,5427,44888,4,12582912,5,0,0,0
56.76378601000033,1779567112.3363166,5427,44889,5,12582912,2,0,0,0
56.76378601000033,1779567112.3363166,5427,44890,6,12582912,2,0,0,0
56.76378601000033,1779567112.3363166,5427,44891,7,12582912,5,0,0,0
56.806646061999345,1779567112.3791773,5428,44892,0,12582912,8,0,0,0
56.806646061999345,1779567112.3791773,5428,44893,1,12582912,10,0,0,0
56.806646061999345,1779567112.3791773,5428,44894,2,12582912,10,0,0,0
56.806646061999345,1779567112.3791773,5428,44895,3,12582912,9,0,0,0
56.806646061999345,1779567112.3791773,5428,44896,4,12582912,8,0,0,0
56.806646061999345,1779567112.3791773,5428,44897,5,12582912,7,0,0,0
56.806646061999345,1779567112.3791773,5428,44898,6,12582912,8,0,0,0
56.806646061999345,1779567112.3791773,5428,44899,7,12582912,10,0,0,0
56.82833501499954,1779567112.4008658,5429,44900,0,12582912,10,0,0,0
56.82833501499954,1779567112.4008658,5429,44901,1,12582912,8,0,0,0
56.82833501499954,1779567112.4008658,5429,44902,2,12582912,4,0,0,0
56.82833501499954,1779567112.4008658,5429,44903,3,12582912,3,0,0,0
56.82833501499954,1779567112.4008658,5429,44904,4,12582912,3,0,0,0
56.82833501499954,1779567112.4008658,5429,44905,5,12582912,3,0,0,0
56.82833501499954,1779567112.4008658,5429,44906,6,12582912,4,0,0,0
56.82833501499954,1779567112.4008658,5429,44907,7,12582912,5,0,0,0
56.92211727299946,1779567112.4946482,5430,44908,0,12582912,5,0,0,0
56.92211727299946,1779567112.4946482,5430,44909,1,12582912,4,0,0,0
56.92211727299946,1779567112.4946482,5430,44910,2,12582912,1,0,0,0
56.92211727299946,1779567112.4946482,5430,44911,3,12582912,-4,0,0,0
56.92211727299946,1779567112.4946482,5430,44912,4,12582912,-9,0,0,0
56.92211727299946,1779567112.4946482,5430,44913,5,12582912,-11,0,0,0
56.92211727299946,1779567112.4946482,5430,44914,6,12582912,-9,0,0,0
56.92211727299946,1779567112.4946482,5430,44915,7,12582912,-5,0,0,0
56.922437110999454,1779567112.4949665,5431,44916,0,12582912,-1,0,0,0
56.922437110999454,1779567112.4949665,5431,44917,1,12582912,1,0,0,0
56.922437110999454,1779567112.4949665,5431,44918,2,12582912,5,0,0,0
56.922437110999454,1779567112.4949665,5431,44919,3,12582912,10,0,0,0
56.922437110999454,1779567112.4949665,5431,44920,4,12582912,12,0,0,0
56.922437110999454,1779567112.4949665,5431,44921,5,12582912,10,0,0,0
56.922437110999454,1779567112.4949665,5431,44922,6,12582912,7,0,0,0
56.922437110999454,1779567112.4949665,5431,44923,7,12582912,6,0,0,0
56.94407830499949,1779567112.5166092,5432,44924,0,12582912,6,0,0,0
56.94407830499949,1779567112.5166092,5432,44925,1,12582912,5,0,0,0
56.94407830499949,1779567112.5166092,5432,44926,2,12582912,4,0,0,0
56.94407830499949,1779567112.5166092,5432,44927,3,12582912,2,0,0,0
56.94407830499949,1779567112.5166092,5432,44928,4,12582912,1,0,0,0
56.94407830499949,1779567112.5166092,5432,44929,5,12582912,2,0,0,0
56.94407830499949,1779567112.5166092,5432,44930,6,12582912,1,0,0,0
56.94407830499949,1779567112.5166092,5432,44931,7,12582912,1,0,0,0
56.96568486400065,1779567112.5382156,5433,44932,0,12582912,2,0,0,0
56.96568486400065,1779567112.5382156,5433,44933,1,12582912,5,0,0,0
56.96568486400065,1779567112.5382156,5433,44934,2,12582912,6,0,0,0
56.96568486400065,1779567112.5382156,5433,44935,3,12582912,0,0,0,0
56.96568486400065,1779567112.5382156,5433,44936,4,12582912,-9,0,0,0
56.96568486400065,1779567112.5382156,5433,44937,5,12582912,-16,0,0,0
56.96568486400065,1779567112.5382156,5433,44938,6,12582912,-18,0,0,0
56.96568486400065,1779567112.5382156,5433,44939,7,12582912,-16,0,0,0
56.98737126600099,1779567112.5599022,5434,44940,0,12582912,-14,0,0,0
56.98737126600099,1779567112.5599022,5434,44941,1,12582912,-14,0,0,0
56.98737126600099,1779567112.5599022,5434,44942,2,12582912,-14,0,0,0
56.98737126600099,1779567112.5599022,5434,44943,3,12582912,-11,0,0,0
56.98737126600099,1779567112.5599022,5434,44944,4,12582912,-5,0,0,0
56.98737126600099,1779567112.5599022,5434,44945,5,12582912,1,0,0,0
56.98737126600099,1779567112.5599022,5434,44946,6,12582912,3,0,0,0
56.98737126600099,1779567112.5599022,5434,44947,7,12582912,3,0,0,0
57.03009413200016,1779567112.6026247,5435,44948,0,12582912,5,0,0,0
57.03009413200016,1779567112.6026247,5435,44949,1,12582912,7,0,0,0
57.03009413200016,1779567112.6026247,5435,44950,2,12582912,6,0,0,0
57.03009413200016,1779567112.6026247,5435,44951,3,12582912,3,0,0,0
57.03009413200016,1779567112.6026247,5435,44952,4,12582912,1,0,0,0
57.03009413200016,1779567112.6026247,5435,44953,5,12582912,0,0,0,0
57.03009413200016,1779567112.6026247,5435,44954,6,12582912,2,0,0,0
57.03009413200016,1779567112.6026247,5435,44955,7,12582912,5,0,0,0
57.05173522199948,1779567112.6242661,5436,44956,0,12582912,8,0,0,0
57.05173522199948,1779567112.6242661,5436,44957,1,12582912,9,0,0,0
57.05173522199948,1779567112.6242661,5436,44958,2,12582912,8,0,0,0
57.05173522199948,1779567112.6242661,5436,44959,3,12582912,8,0,0,0
57.05173522199948,1779567112.6242661,5436,44960,4,12582912,8,0,0,0
57.05173522199948,1779567112.6242661,5436,44961,5,12582912,4,0,0,0
57.05173522199948,1779567112.6242661,5436,44962,6,12582912,-1,0,0,0
57.05173522199948,1779567112.6242661,5436,44963,7,12582912,-3,0,0,0
57.088378869000735,1779567112.660909,5437,44964,0,12582912,-2,0,0,0
57.088378869000735,1779567112.660909,5437,44965,1,12582912,-2,0,0,0
57.088378869000735,1779567112.660909,5437,44966,2,12582912,-4,0,0,0
57.088378869000735,1779567112.660909,5437,44967,3,12582912,-9,0,0,0
57.088378869000735,1779567112.660909,5437,44968,4,12582912,-13,0,0,0
57.088378869000735,1779567112.660909,5437,44969,5,12582912,-14,0,0,0
57.088378869000735,1779567112.660909,5437,44970,6,12582912,-12,0,0,0
57.088378869000735,1779567112.660909,5437,44971,7,12582912,-9,0,0,0
57.11648531699939,1779567112.6890154,5438,44972,0,12582912,-6,0,0,0
57.11648531699939,1779567112.6890154,5438,44973,1,12582912,0,0,0,0
57.11648531699939,1779567112.6890154,5438,44974,2,12582912,6,0,0,0
57.11648531699939,1779567112.6890154,5438,44975,3,12582912,8,0,0,0
57.11648531699939,1779567112.6890154,5438,44976,4,12582912,7,0,0,0
57.11648531699939,1779567112.6890154,5438,44977,5,12582912,5,0,0,0
57.11648531699939,1779567112.6890154,5438,44978,6,12582912,4,0,0,0
57.11648531699939,1779567112.6890154,5438,44979,7,12582912,4,0,0,0
57.15896600000087,1779567112.7314985,5439,44980,0,12582912,6,0,0,0
57.15896600000087,1779567112.7314985,5439,44981,1,12582912,6,0,0,0
57.15896600000087,1779567112.7314985,5439,44982,2,12582912,4,0,0,0
57.15896600000087,1779567112.7314985,5439,44983,3,12582912,3,0,0,0
57.15896600000087,1779567112.7314985,5439,44984,4,12582912,2,0,0,0
57.15896600000087,1779567112.7314985,5439,44985,5,12582912,2,0,0,0
57.15896600000087,1779567112.7314985,5439,44986,6,12582912,2,0,0,0
57.15896600000087,1779567112.7314985,5439,44987,7,12582912,3,0,0,0
57.180497716999525,1779567112.7530286,5440,44988,0,12582912,4,0,0,0
57.180497716999525,1779567112.7530286,5440,44989,1,12582912,3,0,0,0
57.180497716999525,1779567112.7530286,5440,44990,2,12582912,0,0,0,0
57.180497716999525,1779567112.7530286,5440,44991,3,12582912,-4,0,0,0
57.180497716999525,1779567112.7530286,5440,44992,4,12582912,-10,0,0,0
57.180497716999525,1779567112.7530286,5440,44993,5,12582912,-12,0,0,0
57.180497716999525,1779567112.7530286,5440,44994,6,12582912,-9,0,0,0
57.180497716999525,1779567112.7530286,5440,44995,7,12582912,-6,0,0,0
57.22347484900092,1779567112.7960055,5441,44996,0,12582912,-4,0,0,0
57.22347484900092,1779567112.7960055,5441,44997,1,12582912,-1,0,0,0
57.22347484900092,1779567112.7960055,5441,44998,2,12582912,4,0,0,0
57.22347484900092,1779567112.7960055,5441,44999,3,12582912,4,0,0,0
57.22347484900092,1779567112.7960055,5441,45000,4,12582912,2,0,0,0
57.22347484900092,1779567112.7960055,5441,45001,5,12582912,10,0,0,0
57.22347484900092,1779567112.7960055,5441,45002,6,12582912,27,0,0,0
57.22347484900092,1779567112.7960055,5441,45003,7,12582912,19,0,0,0
57.27689373100111,1779567112.8494236,5442,45004,0,12582912,-12,0,0,0
57.27689373100111,1779567112.8494236,5442,45005,1,12582912,-23,0,0,0
57.27689373100111,1779567112.8494236,5442,45006,2,12582912,2,0,0,0
57.27689373100111,1779567112.8494236,5442,45007,3,12582912,26,0,0,0
57.27689373100111,1779567112.8494236,5442,45008,4,12582912,14,0,0,0
57.27689373100111,1779567112.8494236,5442,45009,5,12582912,-16,0,0,0
57.27689373100111,1779567112.8494236,5442,45010,6,12582912,-25,0,0,0
57.27689373100111,1779567112.8494236,5442,45011,7,12582912,0,0,0,0
57.28270061200055,1779567112.8552322,5443,45012,0,12582912,24,0,0,0
57.28270061200055,1779567112.8552322,5443,45013,1,12582912,20,0,0,0
57.28270061200055,1779567112.8552322,5443,45014,2,12582912,-1,0,0,0
57.28270061200055,1779567112.8552322,5443,45015,3,12582912,-8,0,0,0
57.28270061200055,1779567112.8552322,5443,45016,4,12582912,8,0,0,0
57.28270061200055,1779567112.8552322,5443,45017,5,12582912,22,0,0,0
57.28270061200055,1779567112.8552322,5443,45018,6,12582912,12,0,0,0
57.28270061200055,1779567112.8552322,5443,45019,7,12582912,-14,0,0,0
57.31944524699975,1779567112.891976,5444,45020,0,12582912,-23,0,0,0
57.31944524699975,1779567112.891976,5444,45021,1,12582912,-10,0,0,0
57.31944524699975,1779567112.891976,5444,45022,2,12582912,7,0,0,0
57.31944524699975,1779567112.891976,5444,45023,3,12582912,8,0,0,0
57.31944524699975,1779567112.891976,5444,45024,4,12582912,1,0,0,0
57.31944524699975,1779567112.891976,5444,45025,5,12582912,2,0,0,0
57.31944524699975,1779567112.891976,5444,45026,6,12582912,12,0,0,0
57.31944524699975,1779567112.891976,5444,45027,7,12582912,20,0,0,0
57.391703964000044,1779567112.9642348,5445,45028,0,12582912,16,0,0,0
57.391703964000044,1779567112.9642348,5445,45029,1,12582912,6,0,0,0
57.391703964000044,1779567112.9642348,5445,45030,2,12582912,0,0,0,0
57.391703964000044,1779567112.9642348,5445,45031,3,12582912,4,0,0,0
57.391703964000044,1779567112.9642348,5445,45032,4,12582912,11,0,0,0
57.391703964000044,1779567112.9642348,5445,45033,5,12582912,11,0,0,0
57.391703964000044,1779567112.9642348,5445,45034,6,12582912,3,0,0,0
57.391703964000044,1779567112.9642348,5445,45035,7,12582912,-3,0,0,0
57.39201250000042,1779567112.964542,5446,45036,0,12582912,-2,0,0,0
57.39201250000042,1779567112.964542,5446,45037,1,12582912,3,0,0,0
57.39201250000042,1779567112.964542,5446,45038,2,12582912,3,0,0,0
57.39201250000042,1779567112.964542,5446,45039,3,12582912,-1,0,0,0
57.39201250000042,1779567112.964542,5446,45040,4,12582912,-3,0,0,0
57.39201250000042,1779567112.964542,5446,45041,5,12582912,1,0,0,0
57.39201250000042,1779567112.964542,5446,45042,6,12582912,6,0,0,0
57.39201250000042,1779567112.964542,5446,45043,7,12582912,8,0,0,0
57.4280272520009,1779567113.0005584,5447,45044,0,12582912,7,0,0,0
57.4280272520009,1779567113.0005584,5447,45045,1,12582912,6,0,0,0
57.4280272520009,1779567113.0005584,5447,45046,2,12582912,7,0,0,0
57.4280272520009,1779567113.0005584,5447,45047,3,12582912,9,0,0,0
57.4280272520009,1779567113.0005584,5447,45048,4,12582912,7,0,0,0
57.4280272520009,1779567113.0005584,5447,45049,5,12582912,2,0,0,0
57.4280272520009,1779567113.0005584,5447,45050,6,12582912,1,0,0,0
57.4280272520009,1779567113.0005584,5447,45051,7,12582912,6,0,0,0
57.44963761300096,1779567113.0221686,5448,45052,0,12582912,7,0,0,0
57.44963761300096,1779567113.0221686,5448,45053,1,12582912,4,0,0,0
57.44963761300096,1779567113.0221686,5448,45054,2,12582912,2,0,0,0
57.44963761300096,1779567113.0221686,5448,45055,3,12582912,1,0,0,0
57.44963761300096,1779567113.0221686,5448,45056,4,12582912,1,0,0,0
57.44963761300096,1779567113.0221686,5448,45057,5,12582912,3,0,0,0
57.44963761300096,1779567113.0221686,5448,45058,6,12582912,5,0,0,0
57.44963761300096,1779567113.0221686,5448,45059,7,12582912,6,0,0,0
57.47136771300029,1779567113.0438986,5449,45060,0,12582912,4,0,0,0
57.47136771300029,1779567113.0438986,5449,45061,1,12582912,3,0,0,0
57.47136771300029,1779567113.0438986,5449,45062,2,12582912,2,0,0,0
57.47136771300029,1779567113.0438986,5449,45063,3,12582912,2,0,0,0
57.47136771300029,1779567113.0438986,5449,45064,4,12582912,4,0,0,0
57.47136771300029,1779567113.0438986,5449,45065,5,12582912,7,0,0,0
57.47136771300029,1779567113.0438986,5449,45066,6,12582912,9,0,0,0
57.47136771300029,1779567113.0438986,5449,45067,7,12582912,8,0,0,0
57.53029436699944,1779567113.1028252,5450,45068,0,12582912,5,0,0,0
57.53029436699944,1779567113.1028252,5450,45069,1,12582912,2,0,0,0
57.53029436699944,1779567113.1028252,5450,45070,2,12582912,1,0,0,0
57.53029436699944,1779567113.1028252,5450,45071,3,12582912,1,0,0,0
57.53029436699944,1779567113.1028252,5450,45072,4,12582912,4,0,0,0
57.53029436699944,1779567113.1028252,5450,45073,5,12582912,8,0,0,0
57.53029436699944,1779567113.1028252,5450,45074,6,12582912,11,0,0,0
57.53029436699944,1779567113.1028252,5450,45075,7,12582912,7,0,0,0
57.551894833000915,1779567113.1244256,5451,45076,0,12582912,3,0,0,0
57.551894833000915,1779567113.1244256,5451,45077,1,12582912,1,0,0,0
57.551894833000915,1779567113.1244256,5451,45078,2,12582912,2,0,0,0
57.551894833000915,1779567113.1244256,5451,45079,3,12582912,2,0,0,0
57.551894833000915,1779567113.1244256,5451,45080,4,12582912,0,0,0,0
57.551894833000915,1779567113.1244256,5451,45081,5,12582912,-3,0,0,0
57.551894833000915,1779567113.1244256,5451,45082,6,12582912,-4,0,0,0
57.551894833000915,1779567113.1244256,5451,45083,7,12582912,-3,0,0,0
57.573515142999895,1779567113.1460462,5452,45084,0,12582912,-2,0,0,0
57.573515142999895,1779567113.1460462,5452,45085,1,12582912,-1,0,0,0
57.573515142999895,1779567113.1460462,5452,45086,2,12582912,2,0,0,0
57.573515142999895,1779567113.1460462,5452,45087,3,12582912,4,0,0,0
57.573515142999895,1779567113.1460462,5452,45088,4,12582912,5,0,0,0
57.573515142999895,1779567113.1460462,5452,45089,5,12582912,2,0,0,0
57.573515142999895,1779567113.1460462,5452,45090,6,12582912,-1,0,0,0
57.573515142999895,1779567113.1460462,5452,45091,7,12582912,-1,0,0,0
57.61628722800015,1779567113.1888182,5453,45092,0,12582912,1,0,0,0
57.61628722800015,1779567113.1888182,5453,45093,1,12582912,3,0,0,0
57.61628722800015,1779567113.1888182,5453,45094,2,12582912,5,0,0,0
57.61628722800015,1779567113.1888182,5453,45095,3,12582912,5,0,0,0
57.61628722800015,1779567113.1888182,5453,45096,4,12582912,4,0,0,0
57.61628722800015,1779567113.1888182,5453,45097,5,12582912,5,0,0,0
57.61628722800015,1779567113.1888182,5453,45098,6,12582912,7,0,0,0
57.61628722800015,1779567113.1888182,5453,45099,7,12582912,9,0,0,0
57.67925318900052,1779567113.2517848,5454,45100,0,12582912,10,0,0,0
57.67925318900052,1779567113.2517848,5454,45101,1,12582912,12,0,0,0
57.67925318900052,1779567113.2517848,5454,45102,2,12582912,14,0,0,0
57.67925318900052,1779567113.2517848,5454,45103,3,12582912,16,0,0,0
57.67925318900052,1779567113.2517848,5454,45104,4,12582912,15,0,0,0
57.67925318900052,1779567113.2517848,5454,45105,5,12582912,13,0,0,0
57.67925318900052,1779567113.2517848,5454,45106,6,12582912,9,0,0,0
57.67925318900052,1779567113.2517848,5454,45107,7,12582912,9,0,0,0
57.6795603190003,1779567113.2520907,5455,45108,0,12582912,12,0,0,0
57.6795603190003,1779567113.2520907,5455,45109,1,12582912,12,0,0,0
57.6795603190003,1779567113.2520907,5455,45110,2,12582912,10,0,0,0
57.6795603190003,1779567113.2520907,5455,45111,3,12582912,9,0,0,0
57.6795603190003,1779567113.2520907,5455,45112,4,12582912,10,0,0,0
57.6795603190003,1779567113.2520907,5455,45113,5,12582912,11,0,0,0
57.6795603190003,1779567113.2520907,5455,45114,6,12582912,13,0,0,0
57.6795603190003,1779567113.2520907,5455,45115,7,12582912,15,0,0,0
57.701209169999856,1779567113.27374,5456,45116,0,12582912,15,0,0,0
57.701209169999856,1779567113.27374,5456,45117,1,12582912,14,0,0,0
57.701209169999856,1779567113.27374,5456,45118,2,12582912,13,0,0,0
57.701209169999856,1779567113.27374,5456,45119,3,12582912,14,0,0,0
57.701209169999856,1779567113.27374,5456,45120,4,12582912,13,0,0,0
57.701209169999856,1779567113.27374,5456,45121,5,12582912,8,0,0,0
57.701209169999856,1779567113.27374,5456,45122,6,12582912,3,0,0,0
57.701209169999856,1779567113.27374,5456,45123,7,12582912,-1,0,0,0
57.73776047499996,1779567113.3102913,5457,45124,0,12582912,-3,0,0,0
57.73776047499996,1779567113.3102913,5457,45125,1,12582912,-4,0,0,0
57.73776047499996,1779567113.3102913,5457,45126,2,12582912,-2,0,0,0
57.73776047499996,1779567113.3102913,5457,45127,3,12582912,0,0,0,0
57.73776047499996,1779567113.3102913,5457,45128,4,12582912,2,0,0,0
57.73776047499996,1779567113.3102913,5457,45129,5,12582912,4,0,0,0
57.73776047499996,1779567113.3102913,5457,45130,6,12582912,4,0,0,0
57.73776047499996,1779567113.3102913,5457,45131,7,12582912,2,0,0,0
57.759421409000424,1779567113.3319526,5458,45132,0,12582912,3,0,0,0
57.759421409000424,1779567113.3319526,5458,45133,1,12582912,6,0,0,0
57.759421409000424,1779567113.3319526,5458,45134,2,12582912,9,0,0,0
57.759421409000424,1779567113.3319526,5458,45135,3,12582912,9,0,0,0
57.759421409000424,1779567113.3319526,5458,45136,4,12582912,6,0,0,0
57.759421409000424,1779567113.3319526,5458,45137,5,12582912,5,0,0,0
57.759421409000424,1779567113.3319526,5458,45138,6,12582912,6,0,0,0
57.759421409000424,1779567113.3319526,5458,45139,7,12582912,6,0,0,0
57.807859595999616,1779567113.3803904,5459,45140,0,12582912,5,0,0,0
57.807859595999616,1779567113.3803904,5459,45141,1,12582912,5,0,0,0
57.807859595999616,1779567113.3803904,5459,45142,2,12582912,7,0,0,0
57.807859595999616,1779567113.3803904,5459,45143,3,12582912,9,0,0,0
57.807859595999616,1779567113.3803904,5459,45144,4,12582912,10,0,0,0
57.807859595999616,1779567113.3803904,5459,45145,5,12582912,7,0,0,0
57.807859595999616,1779567113.3803904,5459,45146,6,12582912,3,0,0,0
57.807859595999616,1779567113.3803904,5459,45147,7,12582912,1,0,0,0
57.829480165999485,1779567113.402011,5460,45148,0,12582912,3,0,0,0
57.829480165999485,1779567113.402011,5460,45149,1,12582912,6,0,0,0
57.829480165999485,1779567113.402011,5460,45150,2,12582912,6,0,0,0
57.829480165999485,1779567113.402011,5460,45151,3,12582912,3,0,0,0
57.829480165999485,1779567113.402011,5460,45152,4,12582912,-1,0,0,0
57.829480165999485,1779567113.402011,5460,45153,5,12582912,-3,0,0,0
57.829480165999485,1779567113.402011,5460,45154,6,12582912,-5,0,0,0
57.829480165999485,1779567113.402011,5460,45155,7,12582912,-8,0,0,0
57.87228230300025,1779567113.444813,5461,45156,0,12582912,-8,0,0,0
57.87228230300025,1779567113.444813,5461,45157,1,12582912,-6,0,0,0
57.87228230300025,1779567113.444813,5461,45158,2,12582912,-2,0,0,0
57.87228230300025,1779567113.444813,5461,45159,3,12582912,1,0,0,0
57.87228230300025,1779567113.444813,5461,45160,4,12582912,0,0,0,0
57.87228230300025,1779567113.444813,5461,45161,5,12582912,-3,0,0,0
57.87228230300025,1779567113.444813,5461,45162,6,12582912,-4,0,0,0
57.87228230300025,1779567113.444813,5461,45163,7,12582912,-3,0,0,0
57.90835700200114,1779567113.4808881,5462,45164,0,12582912,-2,0,0,0
57.90835700200114,1779567113.4808881,5462,45165,1,12582912,-2,0,0,0
57.90835700200114,1779567113.4808881,5462,45166,2,12582912,-3,0,0,0
57.90835700200114,1779567113.4808881,5462,45167,3,12582912,-6,0,0,0
57.90835700200114,1779567113.4808881,5462,45168,4,12582912,-6,0,0,0
57.90835700200114,1779567113.4808881,5462,45169,5,12582912,-3,0,0,0
57.90835700200114,1779567113.4808881,5462,45170,6,12582912,-2,0,0,0
57.90835700200114,1779567113.4808881,5462,45171,7,12582912,-1,0,0,0
57.94639390700104,1779567113.518925,5463,45172,0,12582912,0,0,0,0
57.94639390700104,1779567113.518925,5463,45173,1,12582912,2,0,0,0
57.94639390700104,1779567113.518925,5463,45174,2,12582912,3,0,0,0
57.94639390700104,1779567113.518925,5463,45175,3,12582912,4,0,0,0
57.94639390700104,1779567113.518925,5463,45176,4,12582912,3,0,0,0
57.94639390700104,1779567113.518925,5463,45177,5,12582912,3,0,0,0
57.94639390700104,1779567113.518925,5463,45178,6,12582912,5,0,0,0
57.94639390700104,1779567113.518925,5463,45179,7,12582912,7,0,0,0
57.96803505000025,1779567113.540566,5464,45180,0,12582912,9,0,0,0
57.96803505000025,1779567113.540566,5464,45181,1,12582912,9,0,0,0
57.96803505000025,1779567113.540566,5464,45182,2,12582912,7,0,0,0
57.96803505000025,1779567113.540566,5464,45183,3,12582912,6,0,0,0
57.96803505000025,1779567113.540566,5464,45184,4,12582912,5,0,0,0
57.96803505000025,1779567113.540566,5464,45185,5,12582912,3,0,0,0
57.96803505000025,1779567113.540566,5464,45186,6,12582912,-1,0,0,0
57.96803505000025,1779567113.540566,5464,45187,7,12582912,-8,0,0,0
57.98964900499959,1779567113.5621798,5465,45188,0,12582912,-14,0,0,0
57.98964900499959,1779567113.5621798,5465,45189,1,12582912,-18,0,0,0
57.98964900499959,1779567113.5621798,5465,45190,2,12582912,-18,0,0,0
57.98964900499959,1779567113.5621798,5465,45191,3,12582912,-18,0,0,0
57.98964900499959,1779567113.5621798,5465,45192,4,12582912,-17,0,0,0
57.98964900499959,1779567113.5621798,5465,45193,5,12582912,-14,0,0,0
57.98964900499959,1779567113.5621798,5465,45194,6,12582912,-9,0,0,0
57.98964900499959,1779567113.5621798,5465,45195,7,12582912,-6,0,0,0
58.032503589000044,1779567113.6050346,5466,45196,0,12582912,-5,0,0,0
58.032503589000044,1779567113.6050346,5466,45197,1,12582912,-4,0,0,0
58.032503589000044,1779567113.6050346,5466,45198,2,12582912,-2,0,0,0
58.032503589000044,1779567113.6050346,5466,45199,3,12582912,1,0,0,0
58.032503589000044,1779567113.6050346,5466,45200,4,12582912,3,0,0,0
58.032503589000044,1779567113.6050346,5466,45201,5,12582912,5,0,0,0
58.032503589000044,1779567113.6050346,5466,45202,6,12582912,6,0,0,0
58.032503589000044,1779567113.6050346,5466,45203,7,12582912,5,0,0,0
58.08123573000012,1779567113.6537657,5467,45204,0,12582912,5,0,0,0
58.08123573000012,1779567113.6537657,5467,45205,1,12582912,5,0,0,0
58.08123573000012,1779567113.6537657,5467,45206,2,12582912,2,0,0,0
58.08123573000012,1779567113.6537657,5467,45207,3,12582912,0,0,0,0
58.08123573000012,1779567113.6537657,5467,45208,4,12582912,0,0,0,0
58.08123573000012,1779567113.6537657,5467,45209,5,12582912,1,0,0,0
58.08123573000012,1779567113.6537657,5467,45210,6,12582912,4,0,0,0
58.08123573000012,1779567113.6537657,5467,45211,7,12582912,5,0,0,0
58.08134484199945,1779567113.6538732,5468,45212,0,12582912,7,0,0,0
58.08134484199945,1779567113.6538732,5468,45213,1,12582912,9,0,0,0
58.08134484199945,1779567113.6538732,5468,45214,2,12582912,10,0,0,0
58.08134484199945,1779567113.6538732,5468,45215,3,12582912,7,0,0,0
58.08134484199945,1779567113.6538732,5468,45216,4,12582912,2,0,0,0
58.08134484199945,1779567113.6538732,5468,45217,5,12582912,1,0,0,0
58.08134484199945,1779567113.6538732,5468,45218,6,12582912,4,0,0,0
58.08134484199945,1779567113.6538732,5468,45219,7,12582912,6,0,0,0
58.12402885600022,1779567113.69656,5469,45220,0,12582912,3,0,0,0
58.12402885600022,1779567113.69656,5469,45221,1,12582912,-2,0,0,0
58.12402885600022,1779567113.69656,5469,45222,2,12582912,-6,0,0,0
58.12402885600022,1779567113.69656,5469,45223,3,12582912,-7,0,0,0
58.12402885600022,1779567113.69656,5469,45224,4,12582912,-5,0,0,0
58.12402885600022,1779567113.69656,5469,45225,5,12582912,-2,0,0,0
58.12402885600022,1779567113.69656,5469,45226,6,12582912,1,0,0,0
58.12402885600022,1779567113.69656,5469,45227,7,12582912,4,0,0,0
58.17547871100032,1779567113.7480092,5470,45228,0,12582912,5,0,0,0
58.17547871100032,1779567113.7480092,5470,45229,1,12582912,5,0,0,0
58.17547871100032,1779567113.7480092,5470,45230,2,12582912,5,0,0,0
58.17547871100032,1779567113.7480092,5470,45231,3,12582912,3,0,0,0
58.17547871100032,1779567113.7480092,5470,45232,4,12582912,2,0,0,0
58.17547871100032,1779567113.7480092,5470,45233,5,12582912,0,0,0,0
58.17547871100032,1779567113.7480092,5470,45234,6,12582912,-1,0,0,0
58.17547871100032,1779567113.7480092,5470,45235,7,12582912,-4,0,0,0
58.17579136200038,1779567113.7483208,5471,45236,0,12582912,-9,0,0,0
58.17579136200038,1779567113.7483208,5471,45237,1,12582912,-10,0,0,0
58.17579136200038,1779567113.7483208,5471,45238,2,12582912,-7,0,0,0
58.17579136200038,1779567113.7483208,5471,45239,3,12582912,-2,0,0,0
58.17579136200038,1779567113.7483208,5471,45240,4,12582912,-1,0,0,0
58.17579136200038,1779567113.7483208,5471,45241,5,12582912,0,0,0,0
58.17579136200038,1779567113.7483208,5471,45242,6,12582912,3,0,0,0
58.17579136200038,1779567113.7483208,5471,45243,7,12582912,7,0,0,0
58.22136704500008,1779567113.7938976,5472,45244,0,12582912,9,0,0,0
58.22136704500008,1779567113.7938976,5472,45245,1,12582912,6,0,0,0
58.22136704500008,1779567113.7938976,5472,45246,2,12582912,1,0,0,0
58.22136704500008,1779567113.7938976,5472,45247,3,12582912,-3,0,0,0
58.22136704500008,1779567113.7938976,5472,45248,4,12582912,-8,0,0,0
58.22136704500008,1779567113.7938976,5472,45249,5,12582912,-11,0,0,0
58.22136704500008,1779567113.7938976,5472,45250,6,12582912,-10,0,0,0
58.22136704500008,1779567113.7938976,5472,45251,7,12582912,-8,0,0,0
58.24313917499967,1779567113.81567,5473,45252,0,12582912,-8,0,0,0
58.24313917499967,1779567113.81567,5473,45253,1,12582912,-8,0,0,0
58.24313917499967,1779567113.81567,5473,45254,2,12582912,-7,0,0,0
58.24313917499967,1779567113.81567,5473,45255,3,12582912,-6,0,0,0
58.24313917499967,1779567113.81567,5473,45256,4,12582912,-7,0,0,0
58.24313917499967,1779567113.81567,5473,45257,5,12582912,-8,0,0,0
58.24313917499967,1779567113.81567,5473,45258,6,12582912,-6,0,0,0
58.24313917499967,1779567113.81567,5473,45259,7,12582912,-4,0,0,0
58.28596110299986,1779567113.8584921,5474,45260,0,12582912,-2,0,0,0
58.28596110299986,1779567113.8584921,5474,45261,1,12582912,-3,0,0,0
58.28596110299986,1779567113.8584921,5474,45262,2,12582912,-6,0,0,0
58.28596110299986,1779567113.8584921,5474,45263,3,12582912,-8,0,0,0
58.28596110299986,1779567113.8584921,5474,45264,4,12582912,-9,0,0,0
58.28596110299986,1779567113.8584921,5474,45265,5,12582912,-10,0,0,0
58.28596110299986,1779567113.8584921,5474,45266,6,12582912,-10,0,0,0
58.28596110299986,1779567113.8584921,5474,45267,7,12582912,-9,0,0,0
58.313329751999845,1779567113.8858607,5475,45268,0,12582912,-6,0,0,0
58.313329751999845,1779567113.8858607,5475,45269,1,12582912,-3,0,0,0
58.313329751999845,1779567113.8858607,5475,45270,2,12582912,-1,0,0,0
58.313329751999845,1779567113.8858607,5475,45271,3,12582912,-2,0,0,0
58.313329751999845,1779567113.8858607,5475,45272,4,12582912,-5,0,0,0
58.313329751999845,1779567113.8858607,5475,45273,5,12582912,-5,0,0,0
58.313329751999845,1779567113.8858607,5475,45274,6,12582912,-3,0,0,0
58.313329751999845,1779567113.8858607,5475,45275,7,12582912,-4,0,0,0
58.33502907100046,1779567113.9075599,5476,45276,0,12582912,-9,0,0,0
58.33502907100046,1779567113.9075599,5476,45277,1,12582912,-11,0,0,0
58.33502907100046,1779567113.9075599,5476,45278,2,12582912,-10,0,0,0
58.33502907100046,1779567113.9075599,5476,45279,3,12582912,-8,0,0,0
58.33502907100046,1779567113.9075599,5476,45280,4,12582912,-8,0,0,0
58.33502907100046,1779567113.9075599,5476,45281,5,12582912,-10,0,0,0
58.33502907100046,1779567113.9075599,5476,45282,6,12582912,-13,0,0,0
58.33502907100046,1779567113.9075599,5476,45283,7,12582912,-15,0,0,0
58.40119815400067,1779567113.9737287,5477,45284,0,12582912,-14,0,0,0
58.40119815400067,1779567113.9737287,5477,45285,1,12582912,-10,0,0,0
58.40119815400067,1779567113.9737287,5477,45286,2,12582912,-9,0,0,0
58.40119815400067,1779567113.9737287,5477,45287,3,12582912,-9,0,0,0
58.40119815400067,1779567113.9737287,5477,45288,4,12582912,-6,0,0,0
58.40119815400067,1779567113.9737287,5477,45289,5,12582912,-3,0,0,0
58.40119815400067,1779567113.9737287,5477,45290,6,12582912,-5,0,0,0
58.40119815400067,1779567113.9737287,5477,45291,7,12582912,-10,0,0,0
58.401505961999646,1779567113.9740355,5478,45292,0,12582912,-12,0,0,0
58.401505961999646,1779567113.9740355,5478,45293,1,12582912,-10,0,0,0
58.401505961999646,1779567113.9740355,5478,45294,2,12582912,-8,0,0,0
58.401505961999646,1779567113.9740355,5478,45295,3,12582912,-6,0,0,0
58.401505961999646,1779567113.9740355,5478,45296,4,12582912,-6,0,0,0
58.401505961999646,1779567113.9740355,5478,45297,5,12582912,-7,0,0,0
58.401505961999646,1779567113.9740355,5478,45298,6,12582912,-10,0,0,0
58.401505961999646,1779567113.9740355,5478,45299,7,12582912,-12,0,0,0
58.491523546999815,1779567114.0640535,5479,45300,0,12582912,-13,0,0,0
58.491523546999815,1779567114.0640535,5479,45301,1,12582912,-11,0,0,0
58.491523546999815,1779567114.0640535,5479,45302,2,12582912,-8,0,0,0
58.491523546999815,1779567114.0640535,5479,45303,3,12582912,-5,0,0,0
58.491523546999815,1779567114.0640535,5479,45304,4,12582912,-6,0,0,0
58.491523546999815,1779567114.0640535,5479,45305,5,12582912,-10,0,0,0
58.491523546999815,1779567114.0640535,5479,45306,6,12582912,-15,0,0,0
58.491523546999815,1779567114.0640535,5479,45307,7,12582912,-21,0,0,0
58.49164547200053,1779567114.064174,5480,45308,0,12582912,-27,0,0,0
58.49164547200053,1779567114.064174,5480,45309,1,12582912,-28,0,0,0
58.49164547200053,1779567114.064174,5480,45310,2,12582912,-24,0,0,0
58.49164547200053,1779567114.064174,5480,45311,3,12582912,-22,0,0,0
58.49164547200053,1779567114.064174,5480,45312,4,12582912,-20,0,0,0
58.49164547200053,1779567114.064174,5480,45313,5,12582912,-18,0,0,0
58.49164547200053,1779567114.064174,5480,45314,6,12582912,-15,0,0,0
58.49164547200053,1779567114.064174,5480,45315,7,12582912,-14,0,0,0
58.51310406599987,1779567114.0856347,5481,45316,0,12582912,-14,0,0,0
58.51310406599987,1779567114.0856347,5481,45317,1,12582912,-14,0,0,0
58.51310406599987,1779567114.0856347,5481,45318,2,12582912,-14,0,0,0
58.51310406599987,1779567114.0856347,5481,45319,3,12582912,-16,0,0,0
58.51310406599987,1779567114.0856347,5481,45320,4,12582912,-18,0,0,0
58.51310406599987,1779567114.0856347,5481,45321,5,12582912,-19,0,0,0
58.51310406599987,1779567114.0856347,5481,45322,6,12582912,-18,0,0,0
58.51310406599987,1779567114.0856347,5481,45323,7,12582912,-16,0,0,0
58.534782656999596,1779567114.1073136,5482,45324,0,12582912,-16,0,0,0
58.534782656999596,1779567114.1073136,5482,45325,1,12582912,-17,0,0,0
58.534782656999596,1779567114.1073136,5482,45326,2,12582912,-16,0,0,0
58.534782656999596,1779567114.1073136,5482,45327,3,12582912,-14,0,0,0
58.534782656999596,1779567114.1073136,5482,45328,4,12582912,-12,0,0,0
58.534782656999596,1779567114.1073136,5482,45329,5,12582912,-11,0,0,0
58.534782656999596,1779567114.1073136,5482,45330,6,12582912,-13,0,0,0
58.534782656999596,1779567114.1073136,5482,45331,7,12582912,-19,0,0,0
58.55672801299988,1779567114.1292589,5483,45332,0,12582912,-23,0,0,0
58.55672801299988,1779567114.1292589,5483,45333,1,12582912,-23,0,0,0
58.55672801299988,1779567114.1292589,5483,45334,2,12582912,-20,0,0,0
58.55672801299988,1779567114.1292589,5483,45335,3,12582912,-18,0,0,0
58.55672801299988,1779567114.1292589,5483,45336,4,12582912,-17,0,0,0
58.55672801299988,1779567114.1292589,5483,45337,5,12582912,-18,0,0,0
58.55672801299988,1779567114.1292589,5483,45338,6,12582912,-18,0,0,0
58.55672801299988,1779567114.1292589,5483,45339,7,12582912,-15,0,0,0
58.59954905700033,1779567114.1720798,5484,45340,0,12582912,-15,0,0,0
58.59954905700033,1779567114.1720798,5484,45341,1,12582912,-17,0,0,0
58.59954905700033,1779567114.1720798,5484,45342,2,12582912,-18,0,0,0
58.59954905700033,1779567114.1720798,5484,45343,3,12582912,-15,0,0,0
58.59954905700033,1779567114.1720798,5484,45344,4,12582912,-12,0,0,0
58.59954905700033,1779567114.1720798,5484,45345,5,12582912,-12,0,0,0
58.59954905700033,1779567114.1720798,5484,45346,6,12582912,-14,0,0,0
58.59954905700033,1779567114.1720798,5484,45347,7,12582912,-14,0,0,0
58.621494310000344,1779567114.1940253,5485,45348,0,12582912,-11,0,0,0
58.621494310000344,1779567114.1940253,5485,45349,1,12582912,-8,0,0,0
58.621494310000344,1779567114.1940253,5485,45350,2,12582912,-7,0,0,0
58.621494310000344,1779567114.1940253,5485,45351,3,12582912,-10,0,0,0
58.621494310000344,1779567114.1940253,5485,45352,4,12582912,-12,0,0,0
58.621494310000344,1779567114.1940253,5485,45353,5,12582912,-13,0,0,0
58.621494310000344,1779567114.1940253,5485,45354,6,12582912,-14,0,0,0
58.621494310000344,1779567114.1940253,5485,45355,7,12582912,-13,0,0,0
58.671161956001015,1779567114.243693,5486,45356,0,12582912,-11,0,0,0
58.671161956001015,1779567114.243693,5486,45357,1,12582912,-10,0,0,0
58.671161956001015,1779567114.243693,5486,45358,2,12582912,-9,0,0,0
58.671161956001015,1779567114.243693,5486,45359,3,12582912,-7,0,0,0
58.671161956001015,1779567114.243693,5486,45360,4,12582912,-7,0,0,0
58.671161956001015,1779567114.243693,5486,45361,5,12582912,-8,0,0,0
58.671161956001015,1779567114.243693,5486,45362,6,12582912,-11,0,0,0
58.671161956001015,1779567114.243693,5486,45363,7,12582912,-12,0,0,0
58.69278560000021,1779567114.2653162,5487,45364,0,12582912,-11,0,0,0
58.69278560000021,1779567114.2653162,5487,45365,1,12582912,-11,0,0,0
58.69278560000021,1779567114.2653162,5487,45366,2,12582912,-12,0,0,0
58.69278560000021,1779567114.2653162,5487,45367,3,12582912,-14,0,0,0
58.69278560000021,1779567114.2653162,5487,45368,4,12582912,-15,0,0,0
58.69278560000021,1779567114.2653162,5487,45369,5,12582912,-13,0,0,0
58.69278560000021,1779567114.2653162,5487,45370,6,12582912,-11,0,0,0
58.69278560000021,1779567114.2653162,5487,45371,7,12582912,-10,0,0,0
58.73553023900058,1779567114.3080611,5488,45372,0,12582912,-8,0,0,0
58.73553023900058,1779567114.3080611,5488,45373,1,12582912,-5,0,0,0
58.73553023900058,1779567114.3080611,5488,45374,2,12582912,-2,0,0,0
58.73553023900058,1779567114.3080611,5488,45375,3,12582912,-2,0,0,0
58.73553023900058,1779567114.3080611,5488,45376,4,12582912,-5,0,0,0
58.73553023900058,1779567114.3080611,5488,45377,5,12582912,-9,0,0,0
58.73553023900058,1779567114.3080611,5488,45378,6,12582912,-11,0,0,0
58.73553023900058,1779567114.3080611,5488,45379,7,12582912,-12,0,0,0
58.75719528800073,1779567114.3297262,5489,45380,0,12582912,-14,0,0,0
58.75719528800073,1779567114.3297262,5489,45381,1,12582912,-15,0,0,0
58.75719528800073,1779567114.3297262,5489,45382,2,12582912,-13,0,0,0
58.75719528800073,1779567114.3297262,5489,45383,3,12582912,-11,0,0,0
58.75719528800073,1779567114.3297262,5489,45384,4,12582912,-9,0,0,0
58.75719528800073,1779567114.3297262,5489,45385,5,12582912,-11,0,0,0
58.75719528800073,1779567114.3297262,5489,45386,6,12582912,-16,0,0,0
58.75719528800073,1779567114.3297262,5489,45387,7,12582912,-17,0,0,0
58.79996404099984,1779567114.3724957,5490,45388,0,12582912,-15,0,0,0
58.79996404099984,1779567114.3724957,5490,45389,1,12582912,-11,0,0,0
58.79996404099984,1779567114.3724957,5490,45390,2,12582912,-7,0,0,0
58.79996404099984,1779567114.3724957,5490,45391,3,12582912,-5,0,0,0
58.79996404099984,1779567114.3724957,5490,45392,4,12582912,-2,0,0,0
58.79996404099984,1779567114.3724957,5490,45393,5,12582912,-2,0,0,0
58.79996404099984,1779567114.3724957,5490,45394,6,12582912,-4,0,0,0
58.79996404099984,1779567114.3724957,5490,45395,7,12582912,-5,0,0,0
58.827294878999965,1779567114.3998258,5491,45396,0,12582912,-6,0,0,0
58.827294878999965,1779567114.3998258,5491,45397,1,12582912,-9,0,0,0
58.827294878999965,1779567114.3998258,5491,45398,2,12582912,-10,0,0,0
58.827294878999965,1779567114.3998258,5491,45399,3,12582912,-8,0,0,0
58.827294878999965,1779567114.3998258,5491,45400,4,12582912,-6,0,0,0
58.827294878999965,1779567114.3998258,5491,45401,5,12582912,-7,0,0,0
58.827294878999965,1779567114.3998258,5491,45402,6,12582912,-9,0,0,0
58.827294878999965,1779567114.3998258,5491,45403,7,12582912,-8,0,0,0
58.88266742800079,1779567114.4551983,5492,45404,0,12582912,-6,0,0,0
58.88266742800079,1779567114.4551983,5492,45405,1,12582912,-7,0,0,0
58.88266742800079,1779567114.4551983,5492,45406,2,12582912,-7,0,0,0
58.88266742800079,1779567114.4551983,5492,45407,3,12582912,-4,0,0,0
58.88266742800079,1779567114.4551983,5492,45408,4,12582912,-1,0,0,0
58.88266742800079,1779567114.4551983,5492,45409,5,12582912,0,0,0,0
58.88266742800079,1779567114.4551983,5492,45410,6,12582912,-2,0,0,0
58.88266742800079,1779567114.4551983,5492,45411,7,12582912,-8,0,0,0
58.921863793999364,1779567114.494395,5493,45412,0,12582912,-13,0,0,0
58.921863793999364,1779567114.494395,5493,45413,1,12582912,-17,0,0,0
58.921863793999364,1779567114.494395,5493,45414,2,12582912,-18,0,0,0
58.921863793999364,1779567114.494395,5493,45415,3,12582912,-18,0,0,0
58.921863793999364,1779567114.494395,5493,45416,4,12582912,-17,0,0,0
58.921863793999364,1779567114.494395,5493,45417,5,12582912,-16,0,0,0
58.921863793999364,1779567114.494395,5493,45418,6,12582912,-13,0,0,0
58.921863793999364,1779567114.494395,5493,45419,7,12582912,-6,0,0,0
58.92218003900052,1779567114.4947097,5494,45420,0,12582912,0,0,0,0
58.92218003900052,1779567114.4947097,5494,45421,1,12582912,2,0,0,0
58.92218003900052,1779567114.4947097,5494,45422,2,12582912,2,0,0,0
58.92218003900052,1779567114.4947097,5494,45423,3,12582912,3,0,0,0
58.92218003900052,1779567114.4947097,5494,45424,4,12582912,4,0,0,0
58.92218003900052,1779567114.4947097,5494,45425,5,12582912,2,0,0,0
58.92218003900052,1779567114.4947097,5494,45426,6,12582912,0,0,0,0
58.92218003900052,1779567114.4947097,5494,45427,7,12582912,-1,0,0,0
58.957108925000284,1779567114.52964,5495,45428,0,12582912,0,0,0,0
58.957108925000284,1779567114.52964,5495,45429,1,12582912,1,0,0,0
58.957108925000284,1779567114.52964,5495,45430,2,12582912,1,0,0,0
58.957108925000284,1779567114.52964,5495,45431,3,12582912,-1,0,0,0
58.957108925000284,1779567114.52964,5495,45432,4,12582912,-3,0,0,0
58.957108925000284,1779567114.52964,5495,45433,5,12582912,-1,0,0,0
58.957108925000284,1779567114.52964,5495,45434,6,12582912,2,0,0,0
58.957108925000284,1779567114.52964,5495,45435,7,12582912,4,0,0,0
58.97875668300003,1779567114.5512877,5496,45436,0,12582912,3,0,0,0
58.97875668300003,1779567114.5512877,5496,45437,1,12582912,3,0,0,0
58.97875668300003,1779567114.5512877,5496,45438,2,12582912,2,0,0,0
58.97875668300003,1779567114.5512877,5496,45439,3,12582912,3,0,0,0
58.97875668300003,1779567114.5512877,5496,45440,4,12582912,4,0,0,0
58.97875668300003,1779567114.5512877,5496,45441,5,12582912,2,0,0,0
58.97875668300003,1779567114.5512877,5496,45442,6,12582912,-3,0,0,0
58.97875668300003,1779567114.5512877,5496,45443,7,12582912,-5,0,0,0
59.02141991700046,1779567114.5939505,5497,45444,0,12582912,-5,0,0,0
59.02141991700046,1779567114.5939505,5497,45445,1,12582912,-6,0,0,0
59.02141991700046,1779567114.5939505,5497,45446,2,12582912,-8,0,0,0
59.02141991700046,1779567114.5939505,5497,45447,3,12582912,-9,0,0,0
59.02141991700046,1779567114.5939505,5497,45448,4,12582912,-8,0,0,0
59.02141991700046,1779567114.5939505,5497,45449,5,12582912,-6,0,0,0
59.02141991700046,1779567114.5939505,5497,45450,6,12582912,-5,0,0,0
59.02141991700046,1779567114.5939505,5497,45451,7,12582912,-7,0,0,0
59.04311960099949,1779567114.6156507,5498,45452,0,12582912,-11,0,0,0
59.04311960099949,1779567114.6156507,5498,45453,1,12582912,-12,0,0,0
59.04311960099949,1779567114.6156507,5498,45454,2,12582912,-12,0,0,0
59.04311960099949,1779567114.6156507,5498,45455,3,12582912,-10,0,0,0
59.04311960099949,1779567114.6156507,5498,45456,4,12582912,-7,0,0,0
59.04311960099949,1779567114.6156507,5498,45457,5,12582912,-6,0,0,0
59.04311960099949,1779567114.6156507,5498,45458,6,12582912,-8,0,0,0
59.04311960099949,1779567114.6156507,5498,45459,7,12582912,-9,0,0,0
59.08595324899943,1779567114.6584842,5499,45460,0,12582912,-14,0,0,0
59.08595324899943,1779567114.6584842,5499,45461,1,12582912,-21,0,0,0
59.08595324899943,1779567114.6584842,5499,45462,2,12582912,-25,0,0,0
59.08595324899943,1779567114.6584842,5499,45463,3,12582912,-24,0,0,0
59.08595324899943,1779567114.6584842,5499,45464,4,12582912,-22,0,0,0
59.08595324899943,1779567114.6584842,5499,45465,5,12582912,-19,0,0,0
59.08595324899943,1779567114.6584842,5499,45466,6,12582912,-18,0,0,0
59.08595324899943,1779567114.6584842,5499,45467,7,12582912,-18,0,0,0
59.123767762999705,1779567114.6962988,5500,45468,0,12582912,-17,0,0,0
59.123767762999705,1779567114.6962988,5500,45469,1,12582912,-15,0,0,0
59.123767762999705,1779567114.6962988,5500,45470,2,12582912,-12,0,0,0
59.123767762999705,1779567114.6962988,5500,45471,3,12582912,-11,0,0,0
59.123767762999705,1779567114.6962988,5500,45472,4,12582912,-10,0,0,0
59.123767762999705,1779567114.6962988,5500,45473,5,12582912,-9,0,0,0
59.123767762999705,1779567114.6962988,5500,45474,6,12582912,-9,0,0,0
59.123767762999705,1779567114.6962988,5500,45475,7,12582912,-10,0,0,0
59.14537864600061,1779567114.7179096,5501,45476,0,12582912,-11,0,0,0
59.14537864600061,1779567114.7179096,5501,45477,1,12582912,-11,0,0,0
59.14537864600061,1779567114.7179096,5501,45478,2,12582912,-9,0,0,0
59.14537864600061,1779567114.7179096,5501,45479,3,12582912,-6,0,0,0
59.14537864600061,1779567114.7179096,5501,45480,4,12582912,-5,0,0,0
59.14537864600061,1779567114.7179096,5501,45481,5,12582912,-6,0,0,0
59.14537864600061,1779567114.7179096,5501,45482,6,12582912,-9,0,0,0
59.14537864600061,1779567114.7179096,5501,45483,7,12582912,-9,0,0,0
59.18043779099935,1779567114.7529688,5502,45484,0,12582912,-5,0,0,0
59.18043779099935,1779567114.7529688,5502,45485,1,12582912,0,0,0,0
59.18043779099935,1779567114.7529688,5502,45486,2,12582912,2,0,0,0
59.18043779099935,1779567114.7529688,5502,45487,3,12582912,-2,0,0,0
59.18043779099935,1779567114.7529688,5502,45488,4,12582912,-7,0,0,0
59.18043779099935,1779567114.7529688,5502,45489,5,12582912,-8,0,0,0
59.18043779099935,1779567114.7529688,5502,45490,6,12582912,-8,0,0,0
59.18043779099935,1779567114.7529688,5502,45491,7,12582912,-9,0,0,0
59.22329362600067,1779567114.7958245,5503,45492,0,12582912,-10,0,0,0
59.22329362600067,1779567114.7958245,5503,45493,1,12582912,-9,0,0,0
59.22329362600067,1779567114.7958245,5503,45494,2,12582912,-8,0,0,0
59.22329362600067,1779567114.7958245,5503,45495,3,12582912,-8,0,0,0
59.22329362600067,1779567114.7958245,5503,45496,4,12582912,-10,0,0,0
59.22329362600067,1779567114.7958245,5503,45497,5,12582912,-11,0,0,0
59.22329362600067,1779567114.7958245,5503,45498,6,12582912,-11,0,0,0
59.22329362600067,1779567114.7958245,5503,45499,7,12582912,-9,0,0,0
59.24492242499946,1779567114.8174534,5504,45500,0,12582912,-6,0,0,0
59.24492242499946,1779567114.8174534,5504,45501,1,12582912,-11,0,0,0
59.24492242499946,1779567114.8174534,5504,45502,2,12582912,-36,0,0,0
59.24492242499946,1779567114.8174534,5504,45503,3,12582912,-64,0,0,0
59.24492242499946,1779567114.8174534,5504,45504,4,12582912,-41,0,0,0
59.24492242499946,1779567114.8174534,5504,45505,5,12582912,27,0,0,0
59.24492242499946,1779567114.8174534,5504,45506,6,12582912,60,0,0,0
59.24492242499946,1779567114.8174534,5504,45507,7,12582912,19,0,0,0
59.29076602200075,1779567114.863296,5505,45508,0,12582912,-37,0,0,0
59.29076602200075,1779567114.863296,5505,45509,1,12582912,-35,0,0,0
59.29076602200075,1779567114.863296,5505,45510,2,12582912,17,0,0,0
59.29076602200075,1779567114.863296,5505,45511,3,12582912,46,0,0,0
59.29076602200075,1779567114.863296,5505,45512,4,12582912,14,0,0,0
59.29076602200075,1779567114.863296,5505,45513,5,12582912,-32,0,0,0
59.29076602200075,1779567114.863296,5505,45514,6,12582912,-31,0,0,0
59.29076602200075,1779567114.863296,5505,45515,7,12582912,11,0,0,0
59.32324088700079,1779567114.895771,5506,45516,0,12582912,35,0,0,0
59.32324088700079,1779567114.895771,5506,45517,1,12582912,12,0,0,0
59.32324088700079,1779567114.895771,5506,45518,2,12582912,-23,0,0,0
59.32324088700079,1779567114.895771,5506,45519,3,12582912,-23,0,0,0
59.32324088700079,1779567114.895771,5506,45520,4,12582912,8,0,0,0
59.32324088700079,1779567114.895771,5506,45521,5,12582912,28,0,0,0
59.32324088700079,1779567114.895771,5506,45522,6,12582912,11,0,0,0
59.32324088700079,1779567114.895771,5506,45523,7,12582912,-16,0,0,0
59.349157894999735,1779567114.9216883,5507,45524,0,12582912,-19,0,0,0
59.349157894999735,1779567114.9216883,5507,45525,1,12582912,2,0,0,0
59.349157894999735,1779567114.9216883,5507,45526,2,12582912,17,0,0,0
59.349157894999735,1779567114.9216883,5507,45527,3,12582912,9,0,0,0
59.349157894999735,1779567114.9216883,5507,45528,4,12582912,-8,0,0,0
59.349157894999735,1779567114.9216883,5507,45529,5,12582912,-10,0,0,0
59.349157894999735,1779567114.9216883,5507,45530,6,12582912,4,0,0,0
59.349157894999735,1779567114.9216883,5507,45531,7,12582912,15,0,0,0
59.38734922600088,1779567114.9598794,5508,45532,0,12582912,8,0,0,0
59.38734922600088,1779567114.9598794,5508,45533,1,12582912,-8,0,0,0
59.38734922600088,1779567114.9598794,5508,45534,2,12582912,-8,0,0,0
59.38734922600088,1779567114.9598794,5508,45535,3,12582912,6,0,0,0
59.38734922600088,1779567114.9598794,5508,45536,4,12582912,15,0,0,0
59.38734922600088,1779567114.9598794,5508,45537,5,12582912,7,0,0,0
59.38734922600088,1779567114.9598794,5508,45538,6,12582912,-6,0,0,0
59.38734922600088,1779567114.9598794,5508,45539,7,12582912,-6,0,0,0
59.409221666999656,1779567114.9817529,5509,45540,0,12582912,6,0,0,0
59.409221666999656,1779567114.9817529,5509,45541,1,12582912,11,0,0,0
59.409221666999656,1779567114.9817529,5509,45542,2,12582912,5,0,0,0
59.409221666999656,1779567114.9817529,5509,45543,3,12582912,-5,0,0,0
59.409221666999656,1779567114.9817529,5509,45544,4,12582912,-5,0,0,0
59.409221666999656,1779567114.9817529,5509,45545,5,12582912,5,0,0,0
59.409221666999656,1779567114.9817529,5509,45546,6,12582912,12,0,0,0
59.409221666999656,1779567114.9817529,5509,45547,7,12582912,8,0,0,0
59.4438671730004,1779567115.0163975,5510,45548,0,12582912,-1,0,0,0
59.4438671730004,1779567115.0163975,5510,45549,1,12582912,-4,0,0,0
59.4438671730004,1779567115.0163975,5510,45550,2,12582912,3,0,0,0
59.4438671730004,1779567115.0163975,5510,45551,3,12582912,10,0,0,0
59.4438671730004,1779567115.0163975,5510,45552,4,12582912,11,0,0,0
59.4438671730004,1779567115.0163975,5510,45553,5,12582912,7,0,0,0
59.4438671730004,1779567115.0163975,5510,45554,6,12582912,6,0,0,0
59.4438671730004,1779567115.0163975,5510,45555,7,12582912,10,0,0,0
59.46537274600087,1779567115.0379033,5511,45556,0,12582912,13,0,0,0
59.46537274600087,1779567115.0379033,5511,45557,1,12582912,11,0,0,0
59.46537274600087,1779567115.0379033,5511,45558,2,12582912,7,0,0,0
59.46537274600087,1779567115.0379033,5511,45559,3,12582912,7,0,0,0
59.46537274600087,1779567115.0379033,5511,45560,4,12582912,11,0,0,0
59.46537274600087,1779567115.0379033,5511,45561,5,12582912,11,0,0,0
59.46537274600087,1779567115.0379033,5511,45562,6,12582912,5,0,0,0
59.46537274600087,1779567115.0379033,5511,45563,7,12582912,-1,0,0,0
59.50775062200046,1779567115.0802808,5512,45564,0,12582912,-1,0,0,0
59.50775062200046,1779567115.0802808,5512,45565,1,12582912,4,0,0,0
59.50775062200046,1779567115.0802808,5512,45566,2,12582912,5,0,0,0
59.50775062200046,1779567115.0802808,5512,45567,3,12582912,1,0,0,0
59.50775062200046,1779567115.0802808,5512,45568,4,12582912,-5,0,0,0
59.50775062200046,1779567115.0802808,5512,45569,5,12582912,-7,0,0,0
59.50775062200046,1779567115.0802808,5512,45570,6,12582912,-5,0,0,0
59.50775062200046,1779567115.0802808,5512,45571,7,12582912,0,0,0,0
59.537126217999685,1779567115.109656,5513,45572,0,12582912,2,0,0,0
59.537126217999685,1779567115.109656,5513,45573,1,12582912,1,0,0,0
59.537126217999685,1779567115.109656,5513,45574,2,12582912,0,0,0,0
59.537126217999685,1779567115.109656,5513,45575,3,12582912,1,0,0,0
59.537126217999685,1779567115.109656,5513,45576,4,12582912,2,0,0,0
59.537126217999685,1779567115.109656,5513,45577,5,12582912,0,0,0,0
59.537126217999685,1779567115.109656,5513,45578,6,12582912,-3,0,0,0
59.537126217999685,1779567115.109656,5513,45579,7,12582912,-4,0,0,0
59.57997570000043,1779567115.1525054,5514,45580,0,12582912,-1,0,0,0
59.57997570000043,1779567115.1525054,5514,45581,1,12582912,3,0,0,0
59.57997570000043,1779567115.1525054,5514,45582,2,12582912,3,0,0,0
59.57997570000043,1779567115.1525054,5514,45583,3,12582912,-1,0,0,0
59.57997570000043,1779567115.1525054,5514,45584,4,12582912,-5,0,0,0
59.57997570000043,1779567115.1525054,5514,45585,5,12582912,-6,0,0,0
59.57997570000043,1779567115.1525054,5514,45586,6,12582912,-4,0,0,0
59.57997570000043,1779567115.1525054,5514,45587,7,12582912,-2,0,0,0
59.60133080699961,1779567115.173861,5515,45588,0,12582912,-2,0,0,0
59.60133080699961,1779567115.173861,5515,45589,1,12582912,-3,0,0,0
59.60133080699961,1779567115.173861,5515,45590,2,12582912,-4,0,0,0
59.60133080699961,1779567115.173861,5515,45591,3,12582912,-5,0,0,0
59.60133080699961,1779567115.173861,5515,45592,4,12582912,-6,0,0,0
59.60133080699961,1779567115.173861,5515,45593,5,12582912,-5,0,0,0
59.60133080699961,1779567115.173861,5515,45594,6,12582912,-3,0,0,0
59.60133080699961,1779567115.173861,5515,45595,7,12582912,0,0,0,0
59.62362209499952,1779567115.1961532,5516,45596,0,12582912,3,0,0,0
59.62362209499952,1779567115.1961532,5516,45597,1,12582912,5,0,0,0
59.62362209499952,1779567115.1961532,5516,45598,2,12582912,3,0,0,0
59.62362209499952,1779567115.1961532,5516,45599,3,12582912,1,0,0,0
59.62362209499952,1779567115.1961532,5516,45600,4,12582912,4,0,0,0
59.62362209499952,1779567115.1961532,5516,45601,5,12582912,8,0,0,0
59.62362209499952,1779567115.1961532,5516,45602,6,12582912,11,0,0,0
59.62362209499952,1779567115.1961532,5516,45603,7,12582912,11,0,0,0
59.66410844100028,1779567115.2366395,5517,45604,0,12582912,11,0,0,0
59.66410844100028,1779567115.2366395,5517,45605,1,12582912,12,0,0,0
59.66410844100028,1779567115.2366395,5517,45606,2,12582912,12,0,0,0
59.66410844100028,1779567115.2366395,5517,45607,3,12582912,11,0,0,0
59.66410844100028,1779567115.2366395,5517,45608,4,12582912,9,0,0,0
59.66410844100028,1779567115.2366395,5517,45609,5,12582912,8,0,0,0
59.66410844100028,1779567115.2366395,5517,45610,6,12582912,9,0,0,0
59.66410844100028,1779567115.2366395,5517,45611,7,12582912,11,0,0,0
59.71972265400109,1779567115.2922535,5518,45612,0,12582912,11,0,0,0
59.71972265400109,1779567115.2922535,5518,45613,1,12582912,8,0,0,0
59.71972265400109,1779567115.2922535,5518,45614,2,12582912,2,0,0,0
59.71972265400109,1779567115.2922535,5518,45615,3,12582912,-2,0,0,0
59.71972265400109,1779567115.2922535,5518,45616,4,12582912,-3,0,0,0
59.71972265400109,1779567115.2922535,5518,45617,5,12582912,-2,0,0,0
59.71972265400109,1779567115.2922535,5518,45618,6,12582912,-1,0,0,0
59.71972265400109,1779567115.2922535,5518,45619,7,12582912,-2,0,0,0
59.72003275300085,1779567115.2925625,5519,45620,0,12582912,-1,0,0,0
59.72003275300085,1779567115.2925625,5519,45621,1,12582912,2,0,0,0
59.72003275300085,1779567115.2925625,5519,45622,2,12582912,2,0,0,0
59.72003275300085,1779567115.2925625,5519,45623,3,12582912,-1,0,0,0
59.72003275300085,1779567115.2925625,5519,45624,4,12582912,-3,0,0,0
59.72003275300085,1779567115.2925625,5519,45625,5,12582912,-2,0,0,0
59.72003275300085,1779567115.2925625,5519,45626,6,12582912,0,0,0,0
59.72003275300085,1779567115.2925625,5519,45627,7,12582912,1,0,0,0
59.7565020309994,1779567115.329033,5520,45628,0,12582912,1,0,0,0
59.7565020309994,1779567115.329033,5520,45629,1,12582912,1,0,0,0
59.7565020309994,1779567115.329033,5520,45630,2,12582912,4,0,0,0
59.7565020309994,1779567115.329033,5520,45631,3,12582912,8,0,0,0
59.7565020309994,1779567115.329033,5520,45632,4,12582912,11,0,0,0
59.7565020309994,1779567115.329033,5520,45633,5,12582912,12,0,0,0
59.7565020309994,1779567115.329033,5520,45634,6,12582912,13,0,0,0
59.7565020309994,1779567115.329033,5520,45635,7,12582912,15,0,0,0
59.79944317800073,1779567115.3719742,5521,45636,0,12582912,17,0,0,0
59.79944317800073,1779567115.3719742,5521,45637,1,12582912,18,0,0,0
59.79944317800073,1779567115.3719742,5521,45638,2,12582912,16,0,0,0
59.79944317800073,1779567115.3719742,5521,45639,3,12582912,14,0,0,0
59.79944317800073,1779567115.3719742,5521,45640,4,12582912,12,0,0,0
59.79944317800073,1779567115.3719742,5521,45641,5,12582912,11,0,0,0
59.79944317800073,1779567115.3719742,5521,45642,6,12582912,10,0,0,0
59.79944317800073,1779567115.3719742,5521,45643,7,12582912,8,0,0,0
59.82108348800102,1779567115.3936145,5522,45644,0,12582912,6,0,0,0
59.82108348800102,1779567115.3936145,5522,45645,1,12582912,6,0,0,0
59.82108348800102,1779567115.3936145,5522,45646,2,12582912,5,0,0,0
59.82108348800102,1779567115.3936145,5522,45647,3,12582912,4,0,0,0
59.82108348800102,1779567115.3936145,5522,45648,4,12582912,2,0,0,0
59.82108348800102,1779567115.3936145,5522,45649,5,12582912,3,0,0,0
59.82108348800102,1779567115.3936145,5522,45650,6,12582912,7,0,0,0
59.82108348800102,1779567115.3936145,5522,45651,7,12582912,12,0,0,0
59.87015755200082,1779567115.4426885,5523,45652,0,12582912,17,0,0,0
59.87015755200082,1779567115.4426885,5523,45653,1,12582912,17,0,0,0
59.87015755200082,1779567115.4426885,5523,45654,2,12582912,12,0,0,0
59.87015755200082,1779567115.4426885,5523,45655,3,12582912,7,0,0,0
59.87015755200082,1779567115.4426885,5523,45656,4,12582912,7,0,0,0
59.87015755200082,1779567115.4426885,5523,45657,5,12582912,11,0,0,0
59.87015755200082,1779567115.4426885,5523,45658,6,12582912,15,0,0,0
59.87015755200082,1779567115.4426885,5523,45659,7,12582912,17,0,0,0
59.89177603999997,1779567115.4643068,5524,45660,0,12582912,20,0,0,0
59.89177603999997,1779567115.4643068,5524,45661,1,12582912,23,0,0,0
59.89177603999997,1779567115.4643068,5524,45662,2,12582912,22,0,0,0
59.89177603999997,1779567115.4643068,5524,45663,3,12582912,18,0,0,0
59.89177603999997,1779567115.4643068,5524,45664,4,12582912,14,0,0,0
59.89177603999997,1779567115.4643068,5524,45665,5,12582912,11,0,0,0
59.89177603999997,1779567115.4643068,5524,45666,6,12582912,10,0,0,0
59.89177603999997,1779567115.4643068,5524,45667,7,12582912,8,0,0,0
59.9134408810005,1779567115.485972,5525,45668,0,12582912,1,0,0,0
59.9134408810005,1779567115.485972,5525,45669,1,12582912,-5,0,0,0
59.9134408810005,1779567115.485972,5525,45670,2,12582912,-7,0,0,0
59.9134408810005,1779567115.485972,5525,45671,3,12582912,-7,0,0,0
59.9134408810005,1779567115.485972,5525,45672,4,12582912,-5,0,0,0
59.9134408810005,1779567115.485972,5525,45673,5,12582912,-3,0,0,0
59.9134408810005,1779567115.485972,5525,45674,6,12582912,-3,0,0,0
59.9134408810005,1779567115.485972,5525,45675,7,12582912,-3,0,0,0
59.96322665200023,1779567115.5357575,5526,45676,0,12582912,-1,0,0,0
59.96322665200023,1779567115.5357575,5526,45677,1,12582912,-1,0,0,0
59.96322665200023,1779567115.5357575,5526,45678,2,12582912,-2,0,0,0
59.96322665200023,1779567115.5357575,5526,45679,3,12582912,-4,0,0,0
59.96322665200023,1779567115.5357575,5526,45680,4,12582912,-2,0,0,0
59.96322665200023,1779567115.5357575,5526,45681,5,12582912,3,0,0,0
59.96322665200023,1779567115.5357575,5526,45682,6,12582912,5,0,0,0
59.96322665200023,1779567115.5357575,5526,45683,7,12582912,4,0,0,0
