capture,condition,channel,window_start_sec,window_end_sec,rms_uV,ptp_uV,line_50_ratio_1_50,spectral_entropy_0p5_40,quality_score,quality_warnings,peak_freq,peak_delta,peak_theta,peak_alpha,peak_beta,peak_gamma,delta_abs,delta_rel,theta_abs,theta_rel,alpha_abs,alpha_rel,beta_abs,beta_rel,gamma_abs,gamma_rel,alpha_beta_ratio,theta_alpha_ratio,slow_power_rel,fast_power_rel
20260523-201055_ear_eeg_ch1_only_eyes_closed_60s,ear_eeg_ch1_only_eyes_closed_60s,0,0.0,4.0,117.06575075571847,2651.0,0.05856502199239496,0.513439455425548,1.0,,0.75,0.75,6.5,10.75,25.0,48.75,1.472453415394457e-09,0.7965350444366084,4.7328122842474246e-11,0.02560251349027052,3.009670621968114e-11,0.016281045617777382,1.217268817988612e-10,0.06584909660915218,1.7696817341136998e-10,0.09573229984619155,0.24724782048892263,1.5725349643584907,0.8221375579268789,0.16158139645534375
20260523-201055_ear_eeg_ch1_only_eyes_closed_60s,ear_eeg_ch1_only_eyes_closed_60s,0,0.256,4.256,117.00606394542122,2651.0,0.06728113716401202,0.5214496527279022,1.0,,0.0,0.75,6.5,10.75,23.75,48.75,1.4277605828576432e-09,0.7733312708937504,5.1921408662241986e-11,0.028122676469328492,3.443404141317628e-11,0.018650830767972474,1.3604562283078899e-10,0.07368765860778481,1.96085401086132e-10,0.1062075632611638,0.25310657334418396,1.5078511418172982,0.801453947363079,0.17989522186894863
20260523-201055_ear_eeg_ch1_only_eyes_closed_60s,ear_eeg_ch1_only_eyes_closed_60s,0,0.512,4.512,116.8335568233716,2651.0,0.07858147639048237,0.528351710144852,1.0,,0.0,0.5,6.25,10.25,24.75,48.75,1.2946375242258667e-09,0.7370416622893756,6.123275276841104e-11,0.0348600199225419,3.881411374266286e-11,0.022097010458805577,1.5453062671479424e-10,0.08797482527520217,2.0731733406351632e-10,0.11802648205407464,0.2511742466061385,1.577589872961766,0.7719016822119176,0.2060013073292768
20260523-201055_ear_eeg_ch1_only_eyes_closed_60s,ear_eeg_ch1_only_eyes_closed_60s,0,0.768,4.768,114.07307307160616,2651.0,0.09096778359809106,0.6140869831185207,1.0,,0.0,0.5,6.0,12.5,24.75,48.75,6.071953161333225e-10,0.6330323906688564,6.12369507173936e-11,0.06384267513254492,3.7499614155308436e-11,0.03909527917485172,1.1406902652511564e-10,0.11892283527860427,1.3918431755942009e-10,0.14510681974514275,0.32874493013273676,1.6330021547361686,0.6968750658014013,0.26402965502374703
20260523-201055_ear_eeg_ch1_only_eyes_closed_60s,ear_eeg_ch1_only_eyes_closed_60s,0,1.024,5.024,111.53613315872126,2651.0,0.1308653040883248,0.7376549525916256,1.0,,0.0,0.5,6.5,13.0,25.0,48.75,1.256278316520244e-10,0.41808691229325956,3.8502443804586585e-11,0.12813536327358038,1.8845410815124104e-11,0.06271715045132097,4.141750365002885e-11,0.1378366241638171,7.608938429453921e-11,0.253223949818022,0.455010784193194,2.0430673643732415,0.54622227556684,0.3910605739818391
20260523-201055_ear_eeg_ch1_only_eyes_closed_60s,ear_eeg_ch1_only_eyes_closed_60s,0,1.28,5.28,110.66474596726819,2651.0,0.10963142070324201,0.7417157138175559,1.0,,0.0,0.5,6.75,9.0,25.25,48.75,1.0603018610037793e-10,0.41980840985803186,2.242981909578733e-11,0.08880703726287466,2.0672331965141627e-11,0.08184856718187479,3.1825234013271134e-11,0.12600657771007612,7.161046607897428e-11,0.2835294079871427,0.6495578934791574,1.0850163945513858,0.5086154471209066,0.40953598569721883
20260523-201055_ear_eeg_ch1_only_eyes_closed_60s,ear_eeg_ch1_only_eyes_closed_60s,0,1.536,5.536,110.46504424477456,2651.0,0.10888620535623245,0.7249704011190897,1.0,,0.25,0.5,5.25,10.75,13.75,48.5,1.022986340262108e-10,0.4171708740252759,2.4420950964315872e-11,0.09958793248110993,1.6985743502542307e-11,0.06926737126430418,3.175416082501764e-11,0.1294925504275813,6.97604922188139e-11,0.2844812718017288,0.5349139470617035,1.437732234721472,0.5167588065063858,0.41397382222931006
20260523-201055_ear_eeg_ch1_only_eyes_closed_60s,ear_eeg_ch1_only_eyes_closed_60s,0,1.792,5.792,18.4981350411332,189.0,0.10646290113645741,0.7880192446849579,1.0,,0.5,0.5,4.25,13.0,13.75,48.5,5.825362093072984e-11,0.3545401326744065,2.164689328551284e-11,0.13174618667156368,1.254147570344792e-11,0.07632927170519772,2.4396351018385932e-11,0.1484797921336969,4.7469210061311494e-11,0.2889046168151353,0.5140717845056513,1.7260244166929772,0.48628631934597016,0.4373844089488322
20260523-201055_ear_eeg_ch1_only_eyes_closed_60s,ear_eeg_ch1_only_eyes_closed_60s,0,2.048,6.048,14.278480311293636,136.0,0.09949236596924654,0.8589190948052703,1.0,,0.75,0.75,5.25,13.0,13.0,48.75,3.253449533877274e-11,0.28006137380902246,1.6723388149455435e-11,0.14395720637769965,1.0395112562484303e-11,0.08948254690397174,1.8453812422401937e-11,0.15885293456120486,3.8062354365308424e-11,0.32764593834810124,0.5633043364993348,1.6087741281234142,0.4240185801867221,0.4864988729093061
20260523-201055_ear_eeg_ch1_only_eyes_closed_60s,ear_eeg_ch1_only_eyes_closed_60s,0,2.304,6.304,12.505798655023996,136.0,0.07564855975515732,0.9053658630304949,1.0,,0.75,0.75,5.25,13.0,13.0,48.75,2.1539821669189113e-11,0.24678659230095923,1.3687576972358426e-11,0.1568216547817214,9.910382207303238e-12,0.1135454829154348,1.7505634275517644e-11,0.20056599795816726,2.4637751442902135e-11,0.2822802720437173,0.5661252857980312,1.3811351253710142,0.4036082470826806,0.48284627000188457
20260523-201055_ear_eeg_ch1_only_eyes_closed_60s,ear_eeg_ch1_only_eyes_closed_60s,0,2.56,6.56,11.297256304076667,136.0,0.03838823896525606,0.912739871515887,1.0,,1.0,1.0,5.25,13.0,13.0,48.75,1.7094112156135777e-11,0.2550617891959879,1.2372973499729256e-11,0.1846175296903452,7.189773974696033e-12,0.10727884532116401,1.5599602824633287e-11,0.23276216809947486,1.4763031958376028e-11,0.22027966769302795,0.4608946814557792,1.7209127217733373,0.43967931888633305,0.4530418357925028
20260523-201055_ear_eeg_ch1_only_eyes_closed_60s,ear_eeg_ch1_only_eyes_closed_60s,0,2.816,6.816,11.102342095251794,136.0,0.03174721133788585,0.9100347240123674,1.0,,1.0,1.0,5.25,13.0,13.0,48.5,1.6707263296150576e-11,0.26180774699828446,1.351179103456713e-11,0.21173375351585516,6.195747640492092e-12,0.09708919420099815,1.5590835480258102e-11,0.24431299360965686,1.180936988771543e-11,0.1850563116752054,0.3973967686553719,2.180816879348231,0.4735415005141396,0.4293693052848623
20260523-201055_ear_eeg_ch1_only_eyes_closed_60s,ear_eeg_ch1_only_eyes_closed_60s,0,3.072,7.072,10.368027777740567,117.0,0.026720090421616695,0.9145262537633052,1.0,,5.25,0.75,5.25,13.0,13.0,48.5,1.3322735414918108e-11,0.23942923206508443,1.202058533171342e-11,0.2160276718940345,6.810836681312115e-12,0.12240079424689915,1.3315036007519348e-11,0.23929086234269414,1.0174536029018475e-11,0.18285143945128787,0.5115147024360924,1.764920507446031,0.4554569039591189,0.42214230179398204
20260523-201055_ear_eeg_ch1_only_eyes_closed_60s,ear_eeg_ch1_only_eyes_closed_60s,0,3.328,7.328,10.270735124614985,117.0,0.036357655792715625,0.9122055189432794,1.0,,5.25,0.75,5.25,9.75,13.25,48.25,1.2981118613974264e-11,0.23500082124868876,1.1288225553350719e-11,0.20435390464903058,7.71184368629598e-12,0.1396096633513639,1.2429706024200407e-11,0.22501844489907075,1.0827715693832184e-11,0.19601716585184603,0.6204365309429816,1.463751861751296,0.43935472589771934,0.4210356107509168
20260523-201055_ear_eeg_ch1_only_eyes_closed_60s,ear_eeg_ch1_only_eyes_closed_60s,0,3.584,7.584,10.379980732159382,117.0,0.042721911831413696,0.908379635806257,1.0,,5.25,0.75,5.25,9.75,13.25,49.25,1.2757583681956549e-11,0.22075227211156412,1.1946613068555638e-11,0.2067195516539152,8.802060989865112e-12,0.1523074440440817,1.2643909390037724e-11,0.21878529632309685,1.1641236599776714e-11,0.2014354358673421,0.6961502742814935,1.3572517939049995,0.4274718237654793,0.420220732190439
20260523-201055_ear_eeg_ch1_only_eyes_closed_60s,ear_eeg_ch1_only_eyes_closed_60s,0,3.84,7.84,9.619043611503173,47.0,0.043425260250534635,0.9066856362652069,1.0,,5.0,0.75,5.0,9.75,13.25,49.0,1.1611098404403767e-11,0.21190687166405642,1.0889323294597888e-11,0.19873420700849417,9.593319988885945e-12,0.1750816638455206,1.1758071205645578e-11,0.21458918004230967,1.0941589100580814e-11,0.19968807743961908,0.8158923195055802,1.1350943476516357,0.4106410786725506,0.4142772574819288
20260523-201055_ear_eeg_ch1_only_eyes_closed_60s,ear_eeg_ch1_only_eyes_closed_60s,0,4.096,8.096,9.458276798656296,47.0,0.04069301856058862,0.903325715592741,1.0,,5.0,1.25,5.0,9.75,13.25,48.75,1.1863519385426353e-11,0.21369077823547653,1.0272402873027642e-11,0.18503090802735966,1.0903200848553872e-11,0.1963931105846507,1.1549190797794348e-11,0.20802895746117456,1.0928912825278517e-11,0.19685624569133847,0.944066215499371,0.9421456153758835,0.3987216862628362,0.40488520315251303
20260523-201055_ear_eeg_ch1_only_eyes_closed_60s,ear_eeg_ch1_only_eyes_closed_60s,0,4.352,8.352,9.451825220559254,50.0,0.040290651217798505,0.8864790873605521,1.0,,1.0,1.0,5.0,9.75,13.25,48.25,1.3728025780058622e-11,0.2385435420589958,1.0270611375360015e-11,0.17846615790514128,1.1586983629533355e-11,0.20133995674625568,1.1215520812254313e-11,0.19488527363328603,1.0748208351925633e-11,0.18676506965632123,1.0331204251231183,0.8863921537941833,0.41700969996413706,0.38165034328960723
20260523-201055_ear_eeg_ch1_only_eyes_closed_60s,ear_eeg_ch1_only_eyes_closed_60s,0,4.608,8.608,9.493945439067996,59.0,0.03879231102246775,0.8717542795410781,1.0,,0.75,0.75,5.0,9.75,13.25,49.25,1.5754828194816113e-11,0.26352277595029655,1.1345371024720852e-11,0.1897680907497446,1.1951084917603726e-11,0.19989955042105198,1.1097974236510923e-11,0.18563001399104537,9.63619333162208e-12,0.16117956888786156,1.0768708471394877,0.9493172463371363,0.45329086670004115,0.34680958287890695
20260523-201055_ear_eeg_ch1_only_eyes_closed_60s,ear_eeg_ch1_only_eyes_closed_60s,0,4.864,8.864,8.852852647593316,57.0,0.033080163968772835,0.8645096975692573,1.0,,0.75,0.75,5.0,10.0,13.0,49.5,1.6470178841086923e-11,0.29582148202051756,1.0589504398959742e-11,0.1901984741870799,1.1156366841090198e-11,0.20037991115572276,9.936249298432362e-12,0.1784653355344872,7.523775017031174e-12,0.1351347971021926,1.1227945783174273,0.9491893328531797,0.48601995620759747,0.3136001326366798
20260523-201055_ear_eeg_ch1_only_eyes_closed_60s,ear_eeg_ch1_only_eyes_closed_60s,0,5.12,9.12,9.022361110042095,69.0,0.036085966362949064,0.8687779470297847,1.0,,0.75,0.75,4.0,9.75,13.0,49.25,2.0151729077937406e-11,0.3292722936911502,8.814952408863747e-12,0.14403327809833663,1.231769262518589e-11,0.20126684355428298,1.0642348164582874e-11,0.17389229365178993,9.27408162963199e-12,0.15153529100444027,1.1574224442476395,0.7156334126116999,0.47330557178948685,0.32542758465623023
20260523-201055_ear_eeg_ch1_only_eyes_closed_60s,ear_eeg_ch1_only_eyes_closed_60s,0,5.376,9.376,8.955054438695502,69.0,0.045886526197001086,0.8632089826257753,1.0,,0.75,0.75,4.0,10.0,13.25,49.25,2.136619533498564e-11,0.35018118688772193,7.299304117532512e-12,0.11963192038905363,1.167119179495396e-11,0.1912849588367749,1.0364448463907499e-11,0.16986809338885012,1.0313546785288901e-11,0.16903384049759948,1.1260793891345964,0.6254120612334009,0.46981310727677555,0.3389019338864496
20260523-201055_ear_eeg_ch1_only_eyes_closed_60s,ear_eeg_ch1_only_eyes_closed_60s,0,5.632,9.632,8.883974335847666,69.0,0.04990992185118331,0.856430406454259,1.0,,0.75,0.75,4.0,10.0,13.25,49.25,2.2360870010649452e-11,0.37519475917021045,6.236057685051717e-12,0.10463529192738076,1.1097453906919495e-11,0.1862050333473693,9.71380099763927e-12,0.1629886146737974,1.0189851391748052e-11,0.1709763008812421,1.1424419657780196,0.5619358942471844,0.4798300510975912,0.3339649155550395
20260523-201055_ear_eeg_ch1_only_eyes_closed_60s,ear_eeg_ch1_only_eyes_closed_60s,0,5.888,9.888,8.819410411132935,69.0,0.04835345972758611,0.83750431546928,1.0,,0.75,0.75,4.0,9.75,13.25,49.25,2.6148194416849927e-11,0.39998454868698474,6.572722950361876e-12,0.10054184166731446,1.1970216985562066e-11,0.18310640353698732,1.0060946967007148e-11,0.1539006199743118,1.0620929969494256e-11,0.1624665861344017,1.1897704087712602,0.5490897080888004,0.5005263903542992,0.3163672061087135
20260523-201055_ear_eeg_ch1_only_eyes_closed_60s,ear_eeg_ch1_only_eyes_closed_60s,0,6.144,10.144,9.000666641977137,69.0,0.048595603084419826,0.8020665481715954,1.0,,0.75,0.75,4.0,10.0,13.25,49.25,3.253224035232746e-11,0.4422069679337277,6.613624461109554e-12,0.0898982298275795,1.270225393823072e-11,0.1726602637603899,1.0334723725259921e-11,0.1404787003134566,1.1385062851065666e-11,0.15475583816484628,1.2290850027450786,0.5206654262519614,0.5321051977613072,0.2952345384783029
20260523-201055_ear_eeg_ch1_only_eyes_closed_60s,ear_eeg_ch1_only_eyes_closed_60s,0,6.4,10.4,9.009661480877071,69.0,0.0514430265086215,0.7914176728033798,1.0,,0.75,0.75,4.0,10.0,13.25,49.25,3.4672913142301254e-11,0.45292295819620754,6.5373397636031556e-12,0.08539551471527497,1.2676567072851156e-11,0.16559059329236733,1.0857733825683492e-11,0.14183166275797968,1.1809112806739547e-11,0.15425927103817055,1.1675149968094902,0.5157026919065405,0.5383184729114825,0.29609093379615026
20260523-201055_ear_eeg_ch1_only_eyes_closed_60s,ear_eeg_ch1_only_eyes_closed_60s,0,6.656,10.656,9.085317826031185,69.0,0.04462024168354478,0.7912689658885375,1.0,,0.25,0.75,4.0,9.5,13.25,49.25,3.624458872027552e-11,0.47357573118462026,6.4525688356063796e-12,0.08430996494193785,1.1953599624832238e-11,0.15618703046425678,1.1249553796568151e-11,0.1469878912360296,1.0633570160612867e-11,0.13893938217315543,1.0625843336540928,0.5398013182741962,0.5578856961265581,0.285927273409185
20260523-201055_ear_eeg_ch1_only_eyes_closed_60s,ear_eeg_ch1_only_eyes_closed_60s,0,6.912,10.912,9.024909971850134,69.0,0.033218921676868164,0.7894434094595624,1.0,,0.25,0.5,4.0,9.75,13.25,49.5,3.6876345804129787e-11,0.491351752655467,7.059920486461325e-12,0.09406854798076349,1.0831025757587465e-11,0.14431591235515298,1.1324814516269043e-11,0.15089530537062334,8.958700937173867e-12,0.1193684816379932,0.9563976294735591,0.6518238110102946,0.5854203006362305,0.27026378700861653
20260523-201055_ear_eeg_ch1_only_eyes_closed_60s,ear_eeg_ch1_only_eyes_closed_60s,0,7.168,11.168,8.91728658281206,69.0,0.037985605147724665,0.7871693851991944,1.0,,0.5,0.5,4.0,9.25,13.25,49.25,3.6943552847542244e-11,0.49439888497102225,7.087454799897755e-12,0.09484820706910119,9.107133477909686e-12,0.12187665478038504,1.1371388026701898e-11,0.15217815092595427,1.0214654033975588e-11,0.1366981022535372,0.8008814277135414,0.7782311324511851,0.5892470920401234,0.2888762531794915
20260523-201055_ear_eeg_ch1_only_eyes_closed_60s,ear_eeg_ch1_only_eyes_closed_60s,0,7.424,11.424,8.836401982707667,69.0,0.047666735128420165,0.7964422262289107,1.0,,0.75,0.75,4.0,8.75,13.25,49.25,3.611144972495996e-11,0.4784434257966401,7.603570449349155e-12,0.10074030042494346,7.888103367319398e-12,0.10451009934086743,1.197743116504754e-11,0.15868992362519008,1.1896393617636254e-11,0.1576162508123588,0.6585805636135408,0.9639288553001133,0.5791837262215835,0.3163061744375489
20260523-201055_ear_eeg_ch1_only_eyes_closed_60s,ear_eeg_ch1_only_eyes_closed_60s,0,7.68,11.68,8.470714255598521,69.0,0.04767083576461823,0.8233125985308013,1.0,,0.0,0.75,4.0,8.75,13.25,49.25,3.158570280677191e-11,0.4549149853536885,7.562984913862798e-12,0.10892634532679836,7.315392317412757e-12,0.10536037805746779,1.1852379631813077e-11,0.17070461086769312,1.1115640444877552e-11,0.1600936803943523,0.6172087415912201,1.0338454297058952,0.5638413306804869,0.3307982912620454
20260523-201055_ear_eeg_ch1_only_eyes_closed_60s,ear_eeg_ch1_only_eyes_closed_60s,0,7.936,11.936,8.404046644325577,69.0,0.045229033870373865,0.8330297299384838,1.0,,0.0,0.75,4.0,9.5,14.0,49.25,2.9796244388387366e-11,0.43843910822573373,8.159923002169682e-12,0.12006980871912347,7.817432534733288e-12,0.11503020664171702,1.1708060681681886e-11,0.17227915093655216,1.0478162842551217e-11,0.15418172547687356,0.6676966192158733,1.0438111190489574,0.5585089169448572,0.3264608764134257
20260523-201055_ear_eeg_ch1_only_eyes_closed_60s,ear_eeg_ch1_only_eyes_closed_60s,0,8.192,12.192,8.749342832464619,69.0,0.04587951459338516,0.8176249318083566,1.0,,0.0,0.75,4.0,8.5,13.5,49.25,3.539990729460367e-11,0.46276315399103096,8.413028697572222e-12,0.1099788104614347,8.697647411773899e-12,0.11369947144432145,1.232060422224017e-11,0.16106035593568374,1.1665627189990857e-11,0.15249820816752896,0.7059432520422659,0.9672763563838663,0.5727419644524656,0.3135585641032127
20260523-201055_ear_eeg_ch1_only_eyes_closed_60s,ear_eeg_ch1_only_eyes_closed_60s,0,8.448,12.448,8.797840644158088,69.0,0.04829882460962768,0.7948527967126271,1.0,,0.0,0.75,4.0,9.5,14.0,49.25,3.741178770759574e-11,0.4885802851646633,7.661141152892128e-12,0.10005088659280541,8.630679239352261e-12,0.1127125962780798,1.1590376124078164e-11,0.15136484030454622,1.1278462195992138e-11,0.14729139165990526,0.744641860364018,0.8876637562847373,0.5886311717574687,0.29865623196445146
20260523-201055_ear_eeg_ch1_only_eyes_closed_60s,ear_eeg_ch1_only_eyes_closed_60s,0,8.704,12.704,9.155053249435527,69.0,0.03917492304150352,0.7767575664028498,1.0,,0.75,0.75,4.0,9.25,14.0,49.25,4.2812123718704085e-11,0.5130007069282526,8.31926098270192e-12,0.09968640643216145,1.0211680911788762e-11,0.12236252424881924,1.2232832242672388e-11,0.14658117942147283,9.878419341968042e-12,0.11836918296929387,0.8347765022205451,0.8146808595534788,0.612687113360414,0.2649503623907667
20260523-201055_ear_eeg_ch1_only_eyes_closed_60s,ear_eeg_ch1_only_eyes_closed_60s,0,8.96,12.96,9.169732820535177,54.0,0.027007828464191662,0.7519312705036441,1.0,,0.75,0.75,4.0,9.0,14.0,49.5,4.385480553039342e-11,0.5289817028297378,8.389471872319735e-12,0.10119477359867043,1.1478852429298251e-11,0.13845923681894362,1.1486907567351686e-11,0.13855639881960696,7.694163815530104e-12,0.09280788793304118,0.9992987548645094,0.7308632917787774,0.6301764764284082,0.23136428675264814
20260523-201055_ear_eeg_ch1_only_eyes_closed_60s,ear_eeg_ch1_only_eyes_closed_60s,0,9.216,13.216,9.134166628653103,54.0,0.03864496843842507,0.761098159705411,1.0,,0.75,0.75,4.0,9.0,14.0,49.25,4.279655205407601e-11,0.5200121882705567,7.451749789846766e-12,0.09054469410915585,1.239847892784433e-11,0.1506513924380658,1.1033629918664773e-11,0.13406739008606403,8.61872194414674e-12,0.10472433509615771,1.1236990019821804,0.6010212892415158,0.6105568823797126,0.23879172518222175
20260523-201055_ear_eeg_ch1_only_eyes_closed_60s,ear_eeg_ch1_only_eyes_closed_60s,0,9.472,13.472,9.78314877736202,63.0,0.05055761256231739,0.7579274413299132,1.0,,0.75,0.75,4.0,9.5,14.0,49.25,4.434720307253497e-11,0.524157366521591,7.517456753198876e-12,0.08885183420139951,1.2096295880877794e-11,0.1429709689518971,1.1008412684955403e-11,0.13011284145905141,9.637289656246979e-12,0.11390698886606096,1.0988228936410733,0.6214676647487359,0.6130092007229905,0.24401983032511237
20260523-201055_ear_eeg_ch1_only_eyes_closed_60s,ear_eeg_ch1_only_eyes_closed_60s,0,9.728,13.728,9.901060549254307,63.0,0.05161266085049982,0.7553886175224535,1.0,,0.75,0.75,4.0,9.75,13.5,49.25,4.38692463367579e-11,0.5344662065893263,7.676204531541934e-12,0.09352045589028957,1.123388823142338e-11,0.136864298561393,1.0381653582294582e-11,0.12648138437710715,8.919493971586855e-12,0.10866765458188407,1.0820904533534275,0.6833078960203726,0.6279866624796159,0.23514903895899122
20260523-201055_ear_eeg_ch1_only_eyes_closed_60s,ear_eeg_ch1_only_eyes_closed_60s,0,9.984,13.984,9.680082644275306,63.0,0.04714450157409946,0.7465122641067611,1.0,,1.0,1.0,4.0,9.0,13.25,49.25,4.5359585170637316e-11,0.548647397665222,7.783330948418251e-12,0.09414337132829777,1.1261513965812257e-11,0.1362137750570314,9.990817768907421e-12,0.1208440542134151,8.280046631655251e-12,0.10015140173603382,1.1271864051869096,0.6911442788284874,0.6427907689935197,0.22099545594944892
20260523-201055_ear_eeg_ch1_only_eyes_closed_60s,ear_eeg_ch1_only_eyes_closed_60s,0,10.24,14.24,9.391645223282234,63.0,0.049573694018358073,0.7426700629278618,1.0,,0.75,0.75,4.5,9.0,13.25,49.25,4.501423397746227e-11,0.5425589343615211,7.771547704832452e-12,0.09367087404363583,1.1569395876144315e-11,0.1394465381974565,9.982121922152851e-12,0.12031504158132865,8.629233971547548e-12,0.10400861181605785,1.1590116777144248,0.671733233785967,0.636229808405157,0.2243236533973865
20260523-201055_ear_eeg_ch1_only_eyes_closed_60s,ear_eeg_ch1_only_eyes_closed_60s,0,10.496,14.496,9.635559143090763,72.0,0.06131799746152962,0.7386114045772244,1.0,,1.0,1.0,4.5,9.0,13.5,49.25,4.879027961581382e-11,0.5320252820723574,8.054093873931133e-12,0.08782449288785418,1.2440391890307171e-11,0.1356541314509321,1.1053426506994414e-11,0.12053020399874348,1.1368501873379221e-11,0.12396588959011273,1.125478319545085,0.647414803725469,0.6198497749602117,0.2444960935888562
20260523-201055_ear_eeg_ch1_only_eyes_closed_60s,ear_eeg_ch1_only_eyes_closed_60s,0,10.752,14.752,9.826443914255044,72.0,0.06777572670106663,0.7358998710419122,1.0,,1.0,1.0,4.0,9.0,13.5,49.25,5.1791696798861554e-11,0.5388987689772387,7.927436855317179e-12,0.0824859239322919,1.2696175128457166e-11,0.13210521319694235,1.1026432239796705e-11,0.11473133972254788,1.266480028059469e-11,0.13177875417097917,1.1514309300005499,0.6243956762654169,0.6213846929095306,0.24651009389352707
20260523-201055_ear_eeg_ch1_only_eyes_closed_60s,ear_eeg_ch1_only_eyes_closed_60s,0,11.008,15.008,10.102326464730785,73.0,0.06932118733037806,0.7417303199005028,1.0,,0.75,0.75,4.0,9.75,13.0,49.25,5.3776831253443894e-11,0.5396483596907906,7.830471324347885e-12,0.07857846785123646,1.3509873548716038e-11,0.13557104296151176,1.0862747773829358e-11,0.10900724124585512,1.3671692356325065e-11,0.1371948882506062,1.243688413834312,0.579611000510962,0.6182268275420271,0.2462021294964613
20260523-201055_ear_eeg_ch1_only_eyes_closed_60s,ear_eeg_ch1_only_eyes_closed_60s,0,11.264,15.264,10.207448260951411,73.0,0.07881460178367086,0.7472408959081469,1.0,,0.75,0.75,4.0,9.75,13.5,49.25,5.32291861278457e-11,0.525985157531412,8.42085421071682e-12,0.08321082193394418,1.3465380793859616e-11,0.1330584018524678,1.0583862203339208e-11,0.10458462421242803,1.549974360572957e-11,0.15316099446974799,1.2722558679582288,0.6253706701378127,0.6091959794653561,0.25774561868217605
20260523-201055_ear_eeg_ch1_only_eyes_closed_60s,ear_eeg_ch1_only_eyes_closed_60s,0,11.52,15.52,10.112071993414604,73.0,0.08460706613937342,0.7514515891873694,1.0,,0.75,0.75,4.75,9.75,13.5,49.25,5.137639653820614e-11,0.5120489529003535,9.365603823611566e-12,0.09334340191791297,1.2482084569453873e-11,0.12440417710201826,1.0390333341580335e-11,0.10355649026270938,1.672051307931544e-11,0.16664697781700585,1.2013170472118262,0.7503236956534527,0.6053923548182665,0.27020346807971524
20260523-201055_ear_eeg_ch1_only_eyes_closed_60s,ear_eeg_ch1_only_eyes_closed_60s,0,11.776,15.776,10.064094594150037,73.0,0.08597656597948092,0.7569697392431648,1.0,,0.75,0.75,4.0,9.25,13.0,49.25,4.913356971932657e-11,0.5021326298108234,9.980514319720886e-12,0.1019983268232748,1.2049190468934105e-11,0.12313967276994986,9.980533189342201e-12,0.1019985196660222,1.670597700564896e-11,0.1707308509299298,1.2072692150155804,0.8283140967397937,0.6041309566340982,0.272729370595952
20260523-201055_ear_eeg_ch1_only_eyes_closed_60s,ear_eeg_ch1_only_eyes_closed_60s,0,12.032,16.032,10.061958059940421,73.0,0.08541874408088862,0.7638986533724061,1.0,,0.75,0.75,7.0,9.25,13.0,49.25,4.911313607350797e-11,0.4968113818016143,1.0317076149384112e-11,0.1043639496011091,1.2727179131691688e-11,0.12874371209748708,1.0055799745594887e-11,0.10172096848492868,1.664351362225809e-11,0.16835998801486085,1.2656555871915651,0.8106333730853031,0.6011753314027234,0.2700809564997895
20260523-201055_ear_eeg_ch1_only_eyes_closed_60s,ear_eeg_ch1_only_eyes_closed_60s,0,12.288,16.288,10.071395136722618,73.0,0.09026981599637267,0.784097261064755,1.0,,0.0,0.75,7.0,9.25,13.5,49.25,4.58478380685781e-11,0.4662021747823125,1.1508135146307503e-11,0.11702007900290323,1.2561838053979452e-11,0.12773462101459693,1.065553597412882e-11,0.10835045345386961,1.7769904995128353e-11,0.1806926717463178,1.1789025051840707,0.9161187317378169,0.5832222537852157,0.28904312520018743
20260523-201055_ear_eeg_ch1_only_eyes_closed_60s,ear_eeg_ch1_only_eyes_closed_60s,0,12.544,16.544,10.159675191658442,73.0,0.08971651148603145,0.783562888770641,1.0,,0.0,0.75,5.0,9.5,13.0,49.25,4.4335034264307317e-11,0.4623934629307703,1.2877451100514531e-11,0.13430573150323027,1.0931576942374688e-11,0.11401118329005462,1.1087578285503251e-11,0.1156382036018251,1.6649979323162152e-11,0.17365141867411965,0.9859300796700996,1.178004890639057,0.5966991944340005,0.28928962227594474
20260523-201055_ear_eeg_ch1_only_eyes_closed_60s,ear_eeg_ch1_only_eyes_closed_60s,0,12.8,16.8,9.86301171042598,73.0,0.07582222098995559,0.8083236923467026,1.0,,0.0,0.75,5.75,9.5,13.0,49.25,4.0211248312090314e-11,0.43575427782662896,1.506537832437746e-11,0.16325787752155432,1.0548028140821451e-11,0.1143050409508582,1.1189288959495722e-11,0.12125414491229634,1.526569724034605e-11,0.16542865878866217,0.9426897615214352,1.4282648968363683,0.5990121553481833,0.2866828037009585
20260523-201055_ear_eeg_ch1_only_eyes_closed_60s,ear_eeg_ch1_only_eyes_closed_60s,0,13.056,17.056,10.093909054474386,73.0,0.06991838691761303,0.8005214672606709,1.0,,0.0,0.75,5.75,9.5,13.5,49.25,3.943617869875963e-11,0.4141228720337688,1.688875408264649e-11,0.17735033100449926,1.1778652637527883e-11,0.12368869449043735,1.166282670063836e-11,0.12247239587268613,1.546179516366093e-11,0.16236570659860852,1.0099312062043402,1.4338443116012565,0.5914732030382681,0.28483810247129465
20260523-201055_ear_eeg_ch1_only_eyes_closed_60s,ear_eeg_ch1_only_eyes_closed_60s,0,13.312,17.312,9.616964177951377,73.0,0.0800632702256296,0.8159073839302263,1.0,,0.0,0.75,5.5,10.25,13.5,49.25,3.27474783914017e-11,0.37068508153247287,1.618860187556393e-11,0.18324687887161933,1.1525861368906211e-11,0.1304669877234509,1.0938231284897338e-11,0.1238153089896478,1.6942951803911553e-11,0.19178574288280908,1.0537225871992877,1.404545947362909,0.5539319604040922,0.3156010518724569
20260523-201055_ear_eeg_ch1_only_eyes_closed_60s,ear_eeg_ch1_only_eyes_closed_60s,0,13.568,17.568,9.313484847252397,67.0,0.08889303172728874,0.8171839574509304,1.0,,0.0,0.75,5.75,10.25,24.75,49.25,3.0853330218339523e-11,0.36859716573115886,1.5149187001578293e-11,0.1809836199981394,1.0313544400883468e-11,0.12321338435448483,9.88427251608889e-12,0.11808497847597448,1.7504406666360615e-11,0.20912085144024253,1.0434297905177987,1.4688633133998628,0.5495807857292982,0.327205829916217
20260523-201055_ear_eeg_ch1_only_eyes_closed_60s,ear_eeg_ch1_only_eyes_closed_60s,0,13.824,17.824,9.207605551933684,67.0,0.08711489033730702,0.8127562731181358,1.0,,0.0,0.75,5.75,10.25,13.25,49.25,3.137932087775027e-11,0.38379088304791664,1.480559462408456e-11,0.18108270274440333,9.872682332896826e-12,0.12074976017982239,9.556986844766775e-12,0.1168885851519847,1.6146922077900313e-11,0.19748806887587295,1.033032952044181,1.4996526906118257,0.5648735857923199,0.31437665402785764
20260523-201055_ear_eeg_ch1_only_eyes_closed_60s,ear_eeg_ch1_only_eyes_closed_60s,0,14.08,18.08,9.338468825241106,67.0,0.07905186841586145,0.812520306556977,1.0,,0.0,0.75,5.75,10.25,14.75,49.25,3.353213733661664e-11,0.38802274657256036,1.5684628813541193e-11,0.18149731077701245,1.133010634830279e-11,0.13110822433101837,1.0213642432101261e-11,0.11818887502546095,1.5657453172620232e-11,0.1811828432939479,1.1093110438928728,1.3843320028404407,0.5695200573495728,0.29937171831940884
20260523-201055_ear_eeg_ch1_only_eyes_closed_60s,ear_eeg_ch1_only_eyes_closed_60s,0,14.336,18.336,9.052679161441656,67.0,0.06367983311938907,0.817942612227821,1.0,,0.0,0.5,5.75,10.25,19.25,49.25,3.061508396366062e-11,0.38036908554875565,1.5740558132878705e-11,0.19556443843619023,1.2018654256003796e-11,0.14932261934375604,9.800991984011483e-12,0.12176985576306677,1.2312546050649775e-11,0.15297400090823135,1.2262691649590187,1.30967725650446,0.5759335239849459,0.27474385667129814
20260523-201055_ear_eeg_ch1_only_eyes_closed_60s,ear_eeg_ch1_only_eyes_closed_60s,0,14.592,18.592,8.765101254406591,67.0,0.05781193607608326,0.8185817247892674,1.0,,0.0,0.75,5.75,9.25,15.0,49.25,2.7489590590091265e-11,0.36390783284864164,1.5749143836842564e-11,0.20848752854663344,1.215228132251837e-11,0.16087217980753504,9.45974869111289e-12,0.1252283708698274,1.0689216039945397e-11,0.1415040879273624,1.284630461053899,1.2959824924114576,0.572395361395275,0.2667324587971898
20260523-201055_ear_eeg_ch1_only_eyes_closed_60s,ear_eeg_ch1_only_eyes_closed_60s,0,14.848,18.848,8.749571418075288,67.0,0.044741183466372306,0.8175547457303165,1.0,,0.0,0.75,6.0,9.75,15.0,49.5,2.8029509259837464e-11,0.3732977549241042,1.634654550641007e-11,0.21770373079813846,1.229320700725362e-11,0.16372126012211366,9.608186168375841e-12,0.1279620806878276,8.808750381325317e-12,0.11731517346781604,1.2794513752986172,1.3297218127673904,0.5910014857222426,0.24527725415564366
20260523-201055_ear_eeg_ch1_only_eyes_closed_60s,ear_eeg_ch1_only_eyes_closed_60s,0,15.104,19.104,8.458545974338616,67.0,0.03962346958002839,0.8237112111806879,1.0,,0.0,0.75,5.75,10.0,18.75,49.5,2.5725214219743794e-11,0.36846364832986855,1.507219747435182e-11,0.21587990763884926,1.1520000364465628e-11,0.16500159441994708,9.537160923765625e-12,0.13660127681202025,7.962936387588482e-12,0.11405357279931479,1.2079066775269536,1.3083504338110292,0.5843435559687178,0.25065484961133505
20260523-201055_ear_eeg_ch1_only_eyes_closed_60s,ear_eeg_ch1_only_eyes_closed_60s,0,15.36,19.36,8.38158696190644,67.0,0.05026037769268876,0.8391155820791594,1.0,,0.0,0.75,5.75,8.75,18.75,49.25,2.2331049548281147e-11,0.3339626899411627,1.4001685874513572e-11,0.2093963684176078,1.1527558819921938e-11,0.17239559401955776,9.736440824353786e-12,0.1456092764974597,9.270164203070829e-12,0.13863607112421206,1.1839602404903466,1.214627146409858,0.5433590583587705,0.28424534762167175
20260523-201055_ear_eeg_ch1_only_eyes_closed_60s,ear_eeg_ch1_only_eyes_closed_60s,0,15.616,19.616,8.490936344126013,67.0,0.053987379785750085,0.8410184053446513,1.0,,0.0,0.75,6.0,10.0,18.75,49.25,2.1951284648352188e-11,0.324689880812513,1.3851795992515344e-11,0.2048872337950694,1.1985757281138554e-11,0.17728593863196618,9.818546180692805e-12,0.14522988700803047,9.99954159951481e-12,0.14790705975242102,1.2207262725623629,1.155688010995625,0.5295771146075824,0.2931369467604515
20260523-201055_ear_eeg_ch1_only_eyes_closed_60s,ear_eeg_ch1_only_eyes_closed_60s,0,15.872,19.872,8.586733954187704,67.0,0.05309924774173885,0.844846278333629,1.0,,0.5,0.5,6.0,10.0,18.75,49.25,2.4649787927883845e-11,0.3413226398633182,1.374752167311216e-11,0.19036027420490895,1.284641011743655e-11,0.177882691197121,1.0148328142226993e-11,0.14052267556370368,1.0826390206486506e-11,0.14991171917094806,1.265864676170934,1.070145009184513,0.5316829140682271,0.2904343947346517
20260523-201055_ear_eeg_ch1_only_eyes_closed_60s,ear_eeg_ch1_only_eyes_closed_60s,0,16.128,20.128,8.827173953197025,67.0,0.053590381980788325,0.8370799942279802,1.0,,1.0,1.0,5.75,10.25,19.5,49.25,2.8451544046851205e-11,0.3678837655559452,1.3152338577697232e-11,0.1700621883249065,1.3616743631495893e-11,0.17606703219746853,1.0473753289153672e-11,0.13542758147581987,1.164402652405404e-11,0.15055943244585998,1.3000825258694049,0.9658945584666454,0.5379459538808518,0.28598701392167986
20260523-201055_ear_eeg_ch1_only_eyes_closed_60s,ear_eeg_ch1_only_eyes_closed_60s,0,16.384,20.384,8.819183635688736,67.0,0.058147605310055354,0.8496816996595913,1.0,,0.75,0.75,5.75,10.75,19.25,49.25,2.4036383892880264e-11,0.34049428041115876,1.098410936304512e-11,0.15559854719392047,1.4129415032963447e-11,0.20015427552330545,1.0151342219966023e-11,0.14380174571178223,1.1291371087770773e-11,0.15995115115983324,1.39187653482642,0.7773930723543448,0.4960928276050792,0.30375289687161544
20260523-201055_ear_eeg_ch1_only_eyes_closed_60s,ear_eeg_ch1_only_eyes_closed_60s,0,16.64,20.64,8.544120785663086,67.0,0.05158008852281011,0.8554768455240388,1.0,,0.75,0.75,7.0,9.75,19.25,49.25,1.9303992090516285e-11,0.3134877387320951,1.0303830765468696e-11,0.1673293581865835,1.3924387347098491e-11,0.2261254916705137,9.21723556363949e-12,0.1496835639311077,8.828694956073767e-12,0.1433738474797001,1.5106901902375107,0.7399844968845806,0.48081709691867863,0.2930574114108078
20260523-201055_ear_eeg_ch1_only_eyes_closed_60s,ear_eeg_ch1_only_eyes_closed_60s,0,16.896,20.896,8.615219091816527,67.0,0.035189105613108514,0.8491385619741264,1.0,,0.75,0.75,7.5,9.75,18.75,49.5,2.0925074765723615e-11,0.3236042542279076,1.1810479591038172e-11,0.18264792278746556,1.5477056997460858e-11,0.23935118719433363,9.505382375596246e-12,0.14699981764674708,6.9445516240704554e-12,0.10739681814354608,1.6282413884996418,0.7630959550627604,0.5062521770153732,0.25439663579029315
20260523-201055_ear_eeg_ch1_only_eyes_closed_60s,ear_eeg_ch1_only_eyes_closed_60s,0,17.152,21.152,8.739507995304999,73.0,0.034663635276022314,0.8487103257782097,1.0,,0.5,0.5,7.5,9.75,19.5,49.5,2.2502940970067695e-11,0.3086253382438634,1.2721166728614794e-11,0.1744693900098477,1.8959830536373885e-11,0.2600319718261749,1.0533529781524651e-11,0.14446619204347821,8.195991060090037e-12,0.11240710787663585,1.7999503423466456,0.6709536092218549,0.48309472825371114,0.2568732999201141
20260523-201055_ear_eeg_ch1_only_eyes_closed_60s,ear_eeg_ch1_only_eyes_closed_60s,0,17.408,21.408,8.765101254406591,73.0,0.045265292448219384,0.8331006975191888,1.0,,0.75,0.75,7.5,9.75,14.25,49.25,2.324680955931477e-11,0.3125246875634026,1.1442977970604552e-11,0.15383672782853478,2.0212802232232665e-11,0.2717362004575893,1.0215910164077584e-11,0.1373403143368051,9.26541431926067e-12,0.12456206981366828,1.978561078513333,0.5661252625505249,0.46636141539193743,0.2619023841504734
20260523-201055_ear_eeg_ch1_only_eyes_closed_60s,ear_eeg_ch1_only_eyes_closed_60s,0,17.664,21.664,8.851440560722306,73.0,0.04988967603625897,0.8192231538975846,1.0,,0.0,0.75,7.5,9.75,18.75,49.25,2.4682232046983275e-11,0.32107591765117416,1.111372209047876e-11,0.1445715489558703,2.1265730858130026e-11,0.27663276306615525,1.0025256453198087e-11,0.13041237150966456,9.786566310825587e-12,0.12730739881713585,2.1212156474407386,0.5226118097996106,0.4656474666070445,0.2577197703268004
20260523-201055_ear_eeg_ch1_only_eyes_closed_60s,ear_eeg_ch1_only_eyes_closed_60s,0,17.92,21.92,9.135097153287424,73.0,0.04993088294978383,0.8094920150101208,1.0,,0.0,0.75,7.5,9.75,18.75,49.25,2.7193375948999083e-11,0.33312386605906297,1.1505929819732796e-11,0.14094976038805235,2.2241695851292722e-11,0.2724648724596906,1.0042545112882508e-11,0.12302302808412818,1.0647878450474047e-11,0.13043847300906591,2.2147469193602354,0.5173135131718859,0.4740736264471153,0.2534615010931941
20260523-201055_ear_eeg_ch1_only_eyes_closed_60s,ear_eeg_ch1_only_eyes_closed_60s,0,18.176,22.176,9.605519246766413,73.0,0.051377394845005676,0.7925946832365804,1.0,,0.0,0.75,7.5,9.75,18.75,49.25,3.044657422356489e-11,0.359709265143412,1.0724465120102366e-11,0.12670356405557182,2.2241588418871823e-11,0.26277194166503026,1.0364856092537059e-11,0.12245498429436058,1.086469018352191e-11,0.12836024484162534,2.1458656271056475,0.482180720105527,0.4864128291989838,0.2508152291359859
20260523-201055_ear_eeg_ch1_only_eyes_closed_60s,ear_eeg_ch1_only_eyes_closed_60s,0,18.432,22.432,9.620083159723725,73.0,0.05267546919558383,0.7812725743113484,1.0,,0.75,0.75,7.5,9.75,18.75,49.25,3.232867154222281e-11,0.37509739739615433,1.0026463534610502e-11,0.11633327933094706,2.2383326091502237e-11,0.2597053006346529,1.054884772360645e-11,0.12239430628893286,1.0900096743611634e-11,0.12646971634931284,2.1218740357216763,0.44794341527361387,0.4914306767271014,0.2488640226382457
20260523-201055_ear_eeg_ch1_only_eyes_closed_60s,ear_eeg_ch1_only_eyes_closed_60s,0,18.688,22.688,9.54127874029472,73.0,0.046611884797016376,0.7680536848480273,1.0,,0.75,0.75,7.5,9.75,18.75,49.25,3.3636323135763664e-11,0.3994154623261592,9.282423975132537e-12,0.11022440379617349,2.2199771530353033e-11,0.26361180957687197,9.875656023496709e-12,0.1172687543902531,9.219698628663355e-12,0.10947956991054231,2.2479287935438523,0.4181315092563442,0.5096398661223327,0.2267483243007954
20260523-201055_ear_eeg_ch1_only_eyes_closed_60s,ear_eeg_ch1_only_eyes_closed_60s,0,18.944,22.944,9.428361469523749,69.0,0.03760592983303528,0.7560194297197919,1.0,,0.75,0.75,7.5,9.75,18.75,49.5,3.5339144400911005e-11,0.42016925247781783,8.812536665583311e-12,0.10477777563613136,2.2955225251213315e-11,0.2729290705185717,9.309256481223651e-12,0.11068358906672311,7.690763618243132e-12,0.09144031230075597,2.4658494797638206,0.3839011192067269,0.5249470281139492,0.2021239013674791
20260523-201055_ear_eeg_ch1_only_eyes_closed_60s,ear_eeg_ch1_only_eyes_closed_60s,0,19.2,23.2,9.433822131034695,69.0,0.04107401584416309,0.7474994811062717,1.0,,0.0,0.75,7.5,9.75,14.0,49.5,3.6899550892808097e-11,0.42400683345831935,8.44141961250922e-12,0.09699900170033222,2.368817562084092e-11,0.2721970347166185,9.375852077087337e-12,0.10773641559291276,8.620841903728516e-12,0.09906071453181706,2.526509102967822,0.3563558354017959,0.5210058351586516,0.20679713012472983
20260523-201055_ear_eeg_ch1_only_eyes_closed_60s,ear_eeg_ch1_only_eyes_closed_60s,0,19.456,23.456,9.783097668939016,69.0,0.043185849675898044,0.7506494798389226,1.0,,0.0,0.75,8.0,9.75,14.0,49.5,4.1215356898738504e-11,0.4342786949158233,9.367612558719922e-12,0.09870482418660022,2.4451748478432488e-11,0.25764361191176893,9.947708245584535e-12,0.10481718658678055,9.922890107934783e-12,0.10455568239902703,2.458028309111883,0.38310604114804164,0.5329835191024236,0.2093728689858076
20260523-201055_ear_eeg_ch1_only_eyes_closed_60s,ear_eeg_ch1_only_eyes_closed_60s,0,19.712,23.712,10.456529060830846,69.0,0.03905936379434161,0.7422618677735658,1.0,,0.0,0.5,7.5,9.75,14.0,49.5,5.1123039446129966e-11,0.4708566493731402,1.0632343608128281e-11,0.09792668316566976,2.599941379122683e-11,0.23946144431225913,1.034332383171775e-11,0.09526473495215175,1.0476409414261268e-11,0.09649048819677924,2.513642056869549,0.4089455129067575,0.56878333253881,0.191755223148931
20260523-201055_ear_eeg_ch1_only_eyes_closed_60s,ear_eeg_ch1_only_eyes_closed_60s,0,19.968,23.968,10.795276744947301,72.0,0.03869502731162638,0.7326596671026544,1.0,,0.0,0.5,7.5,9.75,14.0,49.5,5.655958105370595e-11,0.4920154117841164,1.0050427560175872e-11,0.08742931193091565,2.642049727016156e-11,0.22983359497617623,1.0643820879328109e-11,0.092591278353464,1.128057037818965e-11,0.09813040295532777,2.4822380580900334,0.3804026645450952,0.5794447237150321,0.19072168130879175
20260523-201055_ear_eeg_ch1_only_eyes_closed_60s,ear_eeg_ch1_only_eyes_closed_60s,0,20.224,24.224,10.453229166147654,72.0,0.05269361022154345,0.7251661952078816,1.0,,0.75,0.75,7.75,9.75,14.0,49.0,5.355617115128959e-11,0.5103758474456804,6.815764584112265e-12,0.06495239578983217,2.1851986140197876e-11,0.2082435264681203,9.818780865204302e-12,0.09357032994023902,1.289206527246798e-11,0.122857900356128,2.225529466457157,0.3119059540118556,0.5753282432355126,0.216428230296367
20260523-201055_ear_eeg_ch1_only_eyes_closed_60s,ear_eeg_ch1_only_eyes_closed_60s,0,20.48,24.48,10.261189014924147,72.0,0.06319964045661593,0.7237874840993844,1.0,,0.75,0.75,5.0,9.75,14.0,49.0,5.236311434009758e-11,0.5276281180008959,5.4205570081370306e-12,0.054619331351149325,1.7940575314196307e-11,0.18077519086052682,9.618422423983328e-12,0.09691841643990501,1.3899794598981441e-11,0.140058943347523,1.8652305464835761,0.30213953082361666,0.5822474493520453,0.236977359787428
20260523-201055_ear_eeg_ch1_only_eyes_closed_60s,ear_eeg_ch1_only_eyes_closed_60s,0,20.736,24.736,10.26235840340806,72.0,0.06060246530751917,0.7270383833276849,1.0,,0.0,0.75,5.0,9.75,13.0,49.0,5.283222732855508e-11,0.5475938956974752,5.928777000850696e-12,0.06145041121260289,1.6085489231772033e-11,0.16672239952800672,9.575073730422526e-12,0.09924343891514721,1.2059105235368208e-11,0.12498985464676785,1.6799337200573408,0.3685792154297791,0.609044306910078,0.22423329356191507
20260523-201055_ear_eeg_ch1_only_eyes_closed_60s,ear_eeg_ch1_only_eyes_closed_60s,0,20.992,24.992,9.86336656522508,72.0,0.050633772458686124,0.7204851359211655,1.0,,0.0,1.0,4.0,9.75,15.25,49.5,5.012602184035318e-11,0.5775006694901909,4.981120657315045e-12,0.057387369051000475,1.344185058840449e-11,0.154863231291606,8.572108856067877e-12,0.09875905610639843,9.677103650596988e-12,0.11148967406080422,1.5680914479859298,0.3705680720489462,0.6348880385411914,0.21024873016720264
20260523-201055_ear_eeg_ch1_only_eyes_closed_60s,ear_eeg_ch1_only_eyes_closed_60s,0,21.248,25.248,9.478132727494376,72.0,0.0682295606651335,0.7224713843833983,1.0,,0.0,0.75,8.0,9.0,15.5,49.5,4.8156586514927775e-11,0.5696078260511763,4.7422964214495094e-12,0.056093036292653005,1.1593617138610025e-11,0.13713212526694013,8.567432147971892e-12,0.10133767265947065,1.1483475210142249e-11,0.13582933972975994,1.3532196040040423,0.4090437319735461,0.6257008623438294,0.2371670123892306
20260523-201055_ear_eeg_ch1_only_eyes_closed_60s,ear_eeg_ch1_only_eyes_closed_60s,0,21.504,25.504,9.400425522283552,72.0,0.07746814577394898,0.7334489476650157,1.0,,0.0,0.5,8.0,9.5,13.5,49.0,4.415648687769927e-11,0.5477958684641465,5.340524041714248e-12,0.06625339134400225,1.0986903279305852e-11,0.13630115639155485,8.181412026089015e-12,0.1014968359803528,1.1942231114936945e-11,0.14815274781994375,1.342910397895943,0.48608091888578636,0.6140492598081487,0.24964958380029656
20260523-201055_ear_eeg_ch1_only_eyes_closed_60s,ear_eeg_ch1_only_eyes_closed_60s,0,21.76,25.76,9.432656041645958,72.0,0.08369126220097405,0.7552232627358877,1.0,,0.0,0.5,7.0,9.5,13.5,49.0,4.375532304376351e-11,0.5207123080321469,6.310957003202676e-12,0.07510384470804839,1.1031833396136184e-11,0.13128485930232314,9.223766690127838e-12,0.10976787526314627,1.3707865983433927e-11,0.1631311126943354,1.196022597573236,0.5720678310291596,0.5958161527401953,0.2728989879574817
20260523-201055_ear_eeg_ch1_only_eyes_closed_60s,ear_eeg_ch1_only_eyes_closed_60s,0,22.016,26.016,9.164496712858814,72.0,0.07567629915539208,0.7763159823201589,1.0,,0.0,0.75,6.75,9.5,13.5,49.75,3.822926813063227e-11,0.49226164849167225,6.892697686743564e-12,0.08875426843739072,1.1703961229557459e-11,0.1507068152353166,8.950330237391971e-12,0.11524950731853216,1.1884206917526945e-11,0.15302776051708825,1.3076569153461612,0.588920071722092,0.581015916929063,0.2682772678356204
20260523-201055_ear_eeg_ch1_only_eyes_closed_60s,ear_eeg_ch1_only_eyes_closed_60s,0,22.272,26.272,8.898033490609034,72.0,0.07452326680746918,0.7807524997744332,1.0,,1.0,1.0,6.25,9.5,13.5,49.0,3.535874597196721e-11,0.4942986848382209,6.4175210496979394e-12,0.08971393434886583,1.0084987638698258e-11,0.14098339715923247,8.470143593992736e-12,0.11840863480341797,1.1201759847287964e-11,0.15659534885026283,1.1906513185739631,0.6363439678470736,0.5840126191870868,0.2750039836536808
20260523-201055_ear_eeg_ch1_only_eyes_closed_60s,ear_eeg_ch1_only_eyes_closed_60s,0,22.528,26.528,8.810505093353047,72.0,0.07419385483223542,0.7864277726206064,1.0,,1.0,1.0,8.0,9.5,13.5,49.0,3.49223545548017e-11,0.5021136771459281,6.558015875080836e-12,0.09429116414962498,9.099844152595985e-12,0.13083757573518479,8.31954940705609e-12,0.11961849646818237,1.0650929696613064e-11,0.15313908650107966,1.0937905056346082,0.7206734274905113,0.5964048412955532,0.272757582969262
20260523-201055_ear_eeg_ch1_only_eyes_closed_60s,ear_eeg_ch1_only_eyes_closed_60s,0,22.784,26.784,8.898763959112523,72.0,0.06949054297963499,0.7825413314481924,1.0,,1.0,1.0,6.25,9.5,24.75,49.25,3.560000489227512e-11,0.5106320460085345,6.707006351790208e-12,0.0962025816111622,9.204533324699961e-12,0.13202609657969924,8.498544971678087e-12,0.12189968569148105,9.707440274910426e-12,0.139239590109123,1.083071673489359,0.7286633787062566,0.6068346276196968,0.26113927580060403
20260523-201055_ear_eeg_ch1_only_eyes_closed_60s,ear_eeg_ch1_only_eyes_closed_60s,0,23.04,27.04,8.967831398950361,72.0,0.06942650652246385,0.7847375646896053,1.0,,1.0,1.0,6.25,10.0,24.25,49.25,3.608393574646877e-11,0.499440108476569,6.7372119495740355e-12,0.09325019007257769,9.584411032366816e-12,0.13265845830461426,9.539136527112012e-12,0.13203181092405808,1.0304079190196784e-11,0.14261943222218104,1.0047461848487151,0.7029343719527771,0.5926902985491467,0.2746512431462391
20260523-201055_ear_eeg_ch1_only_eyes_closed_60s,ear_eeg_ch1_only_eyes_closed_60s,0,23.296,27.296,9.020254985309451,72.0,0.07867105351285444,0.817304401727301,1.0,,1.0,1.0,6.5,9.5,18.0,49.75,3.07306911085384e-11,0.43486912734857797,7.049836323470495e-12,0.09976203135523085,9.611048534011606e-12,0.13600567179334233,1.1173617058945426e-11,0.15811753411561613,1.2101334387327475e-11,0.17124563538723261,0.8601555327437277,0.7335137574763579,0.5346311587038088,0.3293631695028487
20260523-201055_ear_eeg_ch1_only_eyes_closed_60s,ear_eeg_ch1_only_eyes_closed_60s,0,23.552,27.552,8.593194982077389,72.0,0.07568940070556833,0.8661611331004619,1.0,,1.5,1.5,8.0,9.5,18.0,49.75,2.3138729599472463e-11,0.3491205299278695,7.671347530316712e-12,0.11574641138060078,1.0636689739890879e-11,0.16048792751153027,1.2466401233400653e-11,0.18809488162208823,1.2364027352176727e-11,0.1865502495579111,0.8532285734067734,0.7212156900230703,0.4648669413084703,0.3746451311799993
20260523-201055_ear_eeg_ch1_only_eyes_closed_60s,ear_eeg_ch1_only_eyes_closed_60s,0,23.808,27.808,7.71621668954417,72.0,0.06218779154563935,0.8884758713815771,1.0,,1.75,1.75,8.0,9.5,18.5,49.5,1.359522154917656e-11,0.2722448527031249,6.494306968217033e-12,0.1300487555554555,1.0866711789618748e-11,0.21760633615501854,1.055514780826899e-11,0.21136725502615664,8.426090643965434e-12,0.1687328005602446,1.0295177279379903,0.5976331289490178,0.4022936082585804,0.38010005558640125
20260523-201055_ear_eeg_ch1_only_eyes_closed_60s,ear_eeg_ch1_only_eyes_closed_60s,0,24.064,28.064,7.104857493292881,59.0,0.05006163118647879,0.8892494023467608,1.0,,1.25,1.25,8.0,9.5,18.0,49.5,1.2778975810930609e-11,0.27177064227897646,6.884904138418184e-12,0.1464213445123371,1.0748724463485728e-11,0.2285932608638792,9.623321687722667e-12,0.20465930561450332,6.985252139191043e-12,0.14855544673030388,1.1169453554897617,0.6405322009887546,0.41819198679131353,0.3532147523448072
20260523-201055_ear_eeg_ch1_only_eyes_closed_60s,ear_eeg_ch1_only_eyes_closed_60s,0,24.32,28.32,7.940528949635534,59.0,0.05275368337582229,0.8665106827932253,1.0,,0.75,0.75,8.0,9.5,18.0,49.5,2.039704896833942e-11,0.32784685249476553,8.231821173808243e-12,0.13231211369457793,1.2889716814163293e-11,0.20717963140803944,1.1558714284162932e-11,0.18578609596080292,9.137872744352105e-12,0.1468753064418142,1.115151434431079,0.6386347576513918,0.4601589661893435,0.3326614024026171
20260523-201055_ear_eeg_ch1_only_eyes_closed_60s,ear_eeg_ch1_only_eyes_closed_60s,0,24.576,28.576,8.090550043105845,59.0,0.04179648401497715,0.8484690372453763,1.0,,0.5,0.5,8.0,9.75,18.0,49.5,2.348351419925168e-11,0.36654399476157873,8.674049659380038e-12,0.13538948157132227,1.2794709016765148e-11,0.19970706747827943,1.1208156449166925e-11,0.17494325610437428,7.906952858376379e-12,0.12341620008444545,1.1415533923704417,0.6779403617553371,0.501933476332901,0.29835945618881976
20260523-201055_ear_eeg_ch1_only_eyes_closed_60s,ear_eeg_ch1_only_eyes_closed_60s,0,24.832,28.832,8.605405278079585,72.0,0.031134368107576384,0.8476495349143213,1.0,,0.0,0.75,7.25,9.25,18.0,49.5,2.5230334062243414e-11,0.37051763180241104,9.368898504603512e-12,0.13758605327852647,1.4864326201118727e-11,0.2182886254613201,1.1695317993640754e-11,0.17175046178499115,6.9359503037306556e-12,0.10185722767275117,1.2709638343481637,0.6302941941558297,0.5081036850809375,0.27360768945774233
20260523-201055_ear_eeg_ch1_only_eyes_closed_60s,ear_eeg_ch1_only_eyes_closed_60s,0,25.088,29.088,8.665910223398347,68.0,0.015346270372292154,0.8614763659543934,1.0,,0.0,0.75,7.25,9.0,18.0,47.5,2.3873053273383867e-11,0.34766741964220577,8.556443789383086e-12,0.12460897646825109,1.5524832097502612e-11,0.22609082524583857,1.1751863968949184e-11,0.17114443532976895,8.960158460332824e-12,0.13048834331393577,1.3210527401033894,0.5511456572054979,0.47227639611045685,0.30163277864370475
20260523-201055_ear_eeg_ch1_only_eyes_closed_60s,ear_eeg_ch1_only_eyes_closed_60s,0,25.344,29.344,8.78578397184907,68.0,0.01822148762527593,0.8679529844789426,1.0,,0.0,0.5,8.0,9.25,18.0,48.0,2.1637748196289886e-11,0.3267891027344444,7.897498356156208e-12,0.11927379772806285,1.4589190807068823e-11,0.2203366325466852,1.0825132342459266e-11,0.16348906795118545,1.126361799380149e-11,0.17011139903962205,1.3477147757211099,0.5413253182163931,0.44606290046250724,0.3336004669908075
20260523-201055_ear_eeg_ch1_only_eyes_closed_60s,ear_eeg_ch1_only_eyes_closed_60s,0,25.6,29.6,8.724448406632938,68.0,0.02055320347971461,0.8549615977814796,1.0,,0.0,0.75,8.0,9.25,18.0,48.0,2.1371895831976672e-11,0.33448154653325873,7.66775973057178e-12,0.12000452151230061,1.4417175382746676e-11,0.22563646934153736,9.760397904862827e-12,0.15275542290047506,1.0678361365464248e-11,0.16712203971242812,1.4771093887026623,0.5318489598002631,0.45448606804555935,0.3198774626129032
20260523-201055_ear_eeg_ch1_only_eyes_closed_60s,ear_eeg_ch1_only_eyes_closed_60s,0,25.856,29.856,8.764131445842194,68.0,0.021542789641051694,0.8516511685574416,1.0,,0.0,0.75,8.0,9.25,18.0,48.0,2.148869240127016e-11,0.32595830152069827,8.445951172274582e-12,0.1281151894881536,1.53301339479537e-11,0.23254018115427166,9.809259715236352e-12,0.14879498371733665,1.085062951057195e-11,0.16459134411953985,1.5628227198574407,0.550937858791636,0.45407349100885186,0.3133863278368765
20260523-201055_ear_eeg_ch1_only_eyes_closed_60s,ear_eeg_ch1_only_eyes_closed_60s,0,26.112,30.112,8.8040899586499,68.0,0.021144506690442873,0.8549541534164479,1.0,,0.0,0.75,7.5,9.0,18.0,48.0,2.000700004466971e-11,0.3097025627172044,8.315528579879469e-12,0.12872197259893306,1.5948758781000794e-11,0.2468821640229074,9.678902500406128e-12,0.1498266057866259,1.0650502671904482e-11,0.16486669487432917,1.6477858703847448,0.5213903284928649,0.43842453531613745,0.3146933006609551
20260523-201055_ear_eeg_ch1_only_eyes_closed_60s,ear_eeg_ch1_only_eyes_closed_60s,0,26.368,30.368,9.293223337464779,77.0,0.01902419081595116,0.8351423068059463,1.0,,0.0,0.75,8.0,9.0,17.5,48.0,2.5175397963664408e-11,0.3183909774529329,9.533494401499225e-12,0.12056924007383543,2.1770482873351592e-11,0.27532932475081434,1.0868545261983823e-11,0.1374535073665539,1.1722781078618517e-11,0.1482569503558633,2.0030723844432745,0.4379091845118791,0.4389602175267683,0.2857104577224172
20260523-201055_ear_eeg_ch1_only_eyes_closed_60s,ear_eeg_ch1_only_eyes_closed_60s,0,26.624,30.624,9.241428461011857,77.0,0.017747601319878126,0.8224566298374546,1.0,,0.0,0.75,8.0,9.25,18.5,48.0,2.6014689079051023e-11,0.32097164406742257,9.776750938784194e-12,0.12062645887958279,2.363241002760366e-11,0.2915788644171676,1.0096274661495976e-11,0.12456877217364908,1.1529680034029859e-11,0.14225426046217796,2.3407059355992224,0.41370096944681195,0.44159810294700536,0.266823032635827
20260523-201055_ear_eeg_ch1_only_eyes_closed_60s,ear_eeg_ch1_only_eyes_closed_60s,0,26.88,30.88,9.136903195284495,77.0,0.01617024775885913,0.8088178461315368,1.0,,0.25,0.75,8.0,9.25,14.0,47.75,2.5965812918136076e-11,0.3362062327978205,9.826834471572542e-12,0.12723818847618534,2.404256870456365e-11,0.3113040010119725,8.546420279865179e-12,0.11065934177602584,8.850164779741706e-12,0.11459223593799593,2.813174161491497,0.4087264797836372,0.46344442127400587,0.22525157771402177
20260523-201055_ear_eeg_ch1_only_eyes_closed_60s,ear_eeg_ch1_only_eyes_closed_60s,0,27.136,31.136,8.971454731536017,77.0,0.018779685234226854,0.8296140003487725,1.0,,0.25,0.75,8.0,9.0,19.25,48.0,2.5159933472884655e-11,0.3274888446373019,9.660058390718245e-12,0.12573806544101648,2.1615587259962608e-11,0.28135462701246666,8.71979638822916e-12,0.11349934799037763,1.1671465722292562e-11,0.15191911491883722,2.4789096324704847,0.4469024262232769,0.4532269100783184,0.26541846290921484
20260523-201055_ear_eeg_ch1_only_eyes_closed_60s,ear_eeg_ch1_only_eyes_closed_60s,0,27.392,31.392,8.85607136375944,77.0,0.01956281440833386,0.8225292721977345,1.0,,0.75,0.75,8.0,9.0,14.0,48.0,2.336446624566839e-11,0.3376586557566315,8.619921550616411e-12,0.12457340531151058,1.9744325706662068e-11,0.2853410990361744,7.538919737695128e-12,0.10895098042135704,9.927886694461914e-12,0.14347585947432628,2.618986060819702,0.43657715531444585,0.4622320610681421,0.2524268398956833
20260523-201055_ear_eeg_ch1_only_eyes_closed_60s,ear_eeg_ch1_only_eyes_closed_60s,0,27.648,31.648,8.790278721405825,77.0,0.02027573215830786,0.8287049021705333,1.0,,9.25,1.25,8.0,9.25,20.0,48.0,2.067577058684016e-11,0.31832059827973763,8.454229286835132e-12,0.13015985611159384,1.881077087803241e-11,0.2896073843946368,7.5387397579971e-12,0.11606513720791041,9.473152618524343e-12,0.14584702400612123,2.495214250906849,0.449435556982311,0.44848045439133144,0.26191216121403166
20260523-201055_ear_eeg_ch1_only_eyes_closed_60s,ear_eeg_ch1_only_eyes_closed_60s,0,27.904,31.904,8.770005701252423,77.0,0.020663526077643317,0.8437371463598574,1.0,,9.0,1.75,8.0,9.0,20.0,48.0,1.7303970152284114e-11,0.28602672537262525,9.142541566824492e-12,0.15112203748205957,1.721375415454807e-11,0.2845354961239861,7.575539699065018e-12,0.12522021212385603,9.261933335211226e-12,0.1530955288974731,2.272280898570515,0.5311184001317301,0.43714876285468485,0.27831574102132917
20260523-201055_ear_eeg_ch1_only_eyes_closed_60s,ear_eeg_ch1_only_eyes_closed_60s,0,28.16,32.16,8.618758611308243,77.0,0.021421428311148422,0.8523405437037462,1.0,,9.0,1.75,8.0,9.0,19.25,48.0,1.5972344679556594e-11,0.26678216955614364,1.0014656668472568e-11,0.1672723627605301,1.6271491498003022e-11,0.2717787457534444,7.766982757019092e-12,0.1297300147469792,9.844884946645247e-12,0.16443670718290251,2.094956562546547,0.6154725686764273,0.43405453231667374,0.2941667219298817
20260523-201055_ear_eeg_ch1_only_eyes_closed_60s,ear_eeg_ch1_only_eyes_closed_60s,0,28.416,32.416,8.031251459143837,77.0,0.021858080670319562,0.8504521786922115,1.0,,8.75,2.0,8.0,8.75,19.25,48.0,1.5290127916294284e-11,0.2695866105126056,9.730957325544567e-12,0.1715705595661335,1.5180445993712676e-11,0.26765276287541406,7.68069474092214e-12,0.13542152642036423,8.834715147645446e-12,0.15576854062548245,1.9764417810842616,0.6410191986174097,0.4411571700787391,0.2911900670458467
20260523-201055_ear_eeg_ch1_only_eyes_closed_60s,ear_eeg_ch1_only_eyes_closed_60s,0,28.672,32.672,7.778881667694914,77.0,0.020858960630099028,0.8447141240230334,1.0,,8.5,2.0,8.0,8.5,19.5,49.0,1.5867568972922267e-11,0.2952114608227485,9.409086803493937e-12,0.1750532967594177,1.4178857959382538e-11,0.2637934883491292,7.715015021727269e-12,0.14353558876726322,6.57931187772462e-12,0.12240616530144138,1.8378263580111758,0.6635997645542169,0.47026475758216624,0.26594175406870457
20260523-201055_ear_eeg_ch1_only_eyes_closed_60s,ear_eeg_ch1_only_eyes_closed_60s,0,28.928,32.928,7.432294396752593,75.0,0.017927354236430288,0.8435210899078347,1.0,,8.75,2.0,8.0,8.75,19.25,49.5,1.5252201799318035e-11,0.30783363462753965,8.783286779594338e-12,0.17727218200453104,1.3724518048512982e-11,0.2770005491649031,7.429015635599471e-12,0.149939065513391,4.357876073059502e-12,0.08795456868963522,1.8474208053548544,0.6399705074194562,0.4851058166320707,0.23789363420302623
20260523-201055_ear_eeg_ch1_only_eyes_closed_60s,ear_eeg_ch1_only_eyes_closed_60s,0,29.184,33.184,7.584194090343416,75.0,0.025292714713859434,0.8433049514241336,1.0,,8.75,1.5,8.0,8.75,19.25,49.5,1.4928135140748797e-11,0.2850368107081619,9.022707444099883e-12,0.17227897051915486,1.4773387813929504e-11,0.2820820756333311,7.57312827557226e-12,0.14460080314121823,6.0752983998726215e-12,0.11600133999813388,1.9507642385488524,0.6107405801391452,0.45731578122731675,0.2606021431393521
20260523-201055_ear_eeg_ch1_only_eyes_closed_60s,ear_eeg_ch1_only_eyes_closed_60s,0,29.44,33.44,7.569676347110224,75.0,0.03656625071628116,0.8453407603393557,1.0,,8.75,1.5,8.0,8.75,19.0,49.0,1.433206612782264e-11,0.2699899193491361,9.137603039406443e-12,0.17213573295370832,1.4676582352577024e-11,0.2764799750679926,7.408136120745583e-12,0.139555738574546,7.529320678532623e-12,0.1418386340546169,1.9811437200076603,0.622597469894072,0.4421256523028444,0.2813943726291629
20260523-201055_ear_eeg_ch1_only_eyes_closed_60s,ear_eeg_ch1_only_eyes_closed_60s,0,29.696,33.696,7.639698946948106,75.0,0.043639237916683137,0.8493225983411058,1.0,,8.5,1.75,7.25,8.5,19.25,49.0,1.3896843505171787e-11,0.2562238200879308,1.0435883347853158e-11,0.19241217592929255,1.3585845277915802e-11,0.2504897730866497,7.724791498368362e-12,0.14242627013523715,8.59376194474046e-12,0.15844796076088985,1.7587329419551863,0.7681438390010961,0.44863599601722337,0.30087423089612697
20260523-201055_ear_eeg_ch1_only_eyes_closed_60s,ear_eeg_ch1_only_eyes_closed_60s,0,29.952,33.952,7.459557627634497,75.0,0.04880463916228589,0.8672244007006009,1.0,,1.75,1.75,7.0,8.5,19.25,49.5,1.2715749037971764e-11,0.24608178231406183,1.1501443540701096e-11,0.22258191139416578,1.0310685663335597e-11,0.19953774624969936,7.989224594256613e-12,0.15461162544110682,9.155755342823098e-12,0.17718693460096624,1.2905740152489722,1.1154877489476562,0.4686636937082276,0.3317985600420731
20260523-201055_ear_eeg_ch1_only_eyes_closed_60s,ear_eeg_ch1_only_eyes_closed_60s,0,30.208,34.208,6.973879838368309,75.0,0.055560455077647446,0.8750209391584038,1.0,,0.75,0.75,7.5,8.0,19.25,49.0,1.0845270780861954e-11,0.2483453422751787,1.0652449995274053e-11,0.24392994823272676,6.23033094119392e-12,0.1426680533241114,7.309656711806506e-12,0.16738348305798292,8.632411096781094e-12,0.19767317311000016,0.8523424815738246,1.7097727385301174,0.49227529050790547,0.3650566561679831
20260523-201055_ear_eeg_ch1_only_eyes_closed_60s,ear_eeg_ch1_only_eyes_closed_60s,0,30.464,34.464,6.920910344745119,75.0,0.056905735297948776,0.8722797820714384,1.0,,0.75,0.75,7.25,8.0,19.5,49.0,1.0817357472243602e-11,0.2547056839397618,1.0310624956366943e-11,0.24277415145948122,5.697980594599095e-12,0.13416474847454965,7.33417305201431e-12,0.1726905640438659,8.309891703197829e-12,0.19566485208234144,0.7769083922875477,1.8095226519619958,0.497479835399243,0.36835541612620737
20260523-201055_ear_eeg_ch1_only_eyes_closed_60s,ear_eeg_ch1_only_eyes_closed_60s,0,30.72,34.72,6.877790342835408,75.0,0.05122762493523894,0.8657263492211249,1.0,,0.75,0.75,7.25,8.0,27.5,49.5,1.0895804074622178e-11,0.2667054681819208,1.044182060490902e-11,0.2555929451402563,5.274450381457667e-12,0.12910701667859764,7.332506160995804e-12,0.17948372375473512,6.908739667522218e-12,0.1691108462444902,0.7193243709107721,1.9796983286860081,0.5222984133221771,0.34859456999922533
20260523-201055_ear_eeg_ch1_only_eyes_closed_60s,ear_eeg_ch1_only_eyes_closed_60s,0,30.976,34.976,7.287111910764099,80.0,0.05108025732258314,0.8647500659443744,1.0,,0.75,0.75,7.25,8.0,27.5,49.25,1.1565476699389255e-11,0.26619169940141546,1.118575632108806e-11,0.2574520325960964,5.836260926533233e-12,0.13432772851170074,7.660633031603742e-12,0.17631758535996206,7.199796925085602e-12,0.16571095413082532,0.761850998795516,1.9165963382881948,0.5236437319975118,0.3420285394907874
20260523-201055_ear_eeg_ch1_only_eyes_closed_60s,ear_eeg_ch1_only_eyes_closed_60s,0,31.232,35.232,7.830644928739906,80.0,0.07219658516747346,0.8573395880380902,1.0,,1.5,1.5,7.25,8.0,27.5,49.5,1.2789446763574443e-11,0.2786701785941049,1.0480294505522066e-11,0.2283558933831791,5.884556754352619e-12,0.12821903183123137,7.52241816179956e-12,0.1639065122487243,9.217849311846797e-12,0.2008483839427604,0.7822692952959794,1.78098282385842,0.507026071977284,0.3647548961914847
20260523-201055_ear_eeg_ch1_only_eyes_closed_60s,ear_eeg_ch1_only_eyes_closed_60s,0,31.488,35.488,7.871975609718313,80.0,0.09363313795393892,0.8528942579517307,1.0,,1.5,1.5,7.25,8.0,25.25,49.5,1.4851082947208077e-11,0.29899276103058614,9.316651152715172e-12,0.18756957062399157,5.9501445701070665e-12,0.11979262117594687,7.481947312949418e-12,0.15063198373723138,1.2070550303116546e-11,0.24301306343224408,0.7952668364569774,1.5657856784726039,0.48656233165457774,0.39364504716947546
20260523-201055_ear_eeg_ch1_only_eyes_closed_60s,ear_eeg_ch1_only_eyes_closed_60s,0,31.744,35.744,7.869498078022511,80.0,0.09441277395545934,0.8228002130360286,1.0,,0.75,0.75,7.25,9.0,27.5,49.5,1.902461198300638e-11,0.35737789441847295,8.766939453049923e-12,0.1646872149100256,5.913794892514339e-12,0.11109081060876978,7.608064288769229e-12,0.1429177109393565,1.1920469485858236e-11,0.22392636912337516,0.777306114676776,1.4824557855645424,0.5220651093284986,0.36684408006273167
20260523-201055_ear_eeg_ch1_only_eyes_closed_60s,ear_eeg_ch1_only_eyes_closed_60s,0,32.0,36.0,7.905377916330123,80.0,0.09057846878463455,0.8082727356371536,1.0,,0.75,0.75,7.5,8.0,14.75,49.25,1.9904059539211364e-11,0.37040710588704845,8.880942177291303e-12,0.16527101333073246,6.108125353958999e-12,0.11366992900609564,7.530492979268265e-12,0.14013965868914469,1.1312010889491002e-11,0.21051229308697877,0.8111189228613456,1.453955454849186,0.5356781192177809,0.35065195177612346
20260523-201055_ear_eeg_ch1_only_eyes_closed_60s,ear_eeg_ch1_only_eyes_closed_60s,0,32.256,36.256,8.241116429222439,80.0,0.09081291358361315,0.8008061087969671,1.0,,0.75,0.75,7.5,8.75,14.75,49.5,2.1392794604105906e-11,0.3791529909726466,9.684472528331388e-12,0.1716417510223059,6.111716575933437e-12,0.10832037901665788,7.54326214577598e-12,0.1336922294253589,1.1690346380261516e-11,0.20719264956303057,0.81022195143461,1.5845748748341273,0.5507947419949525,0.3408848789883895
20260523-201055_ear_eeg_ch1_only_eyes_closed_60s,ear_eeg_ch1_only_eyes_closed_60s,0,32.512,36.512,8.198231516613811,80.0,0.08831832749460465,0.8013304796886546,1.0,,0.75,0.75,7.25,9.0,15.25,49.5,2.200249030728055e-11,0.39094639087154,1.0249681248561335e-11,0.18211919813380512,5.451632350483562e-12,0.09686612569827335,7.634457784426661e-12,0.1356511774530868,1.0941808469840035e-11,0.1944171078432947,0.7140824541075086,1.8801123387662382,0.5730655890053451,0.3300682852963815
20260523-201055_ear_eeg_ch1_only_eyes_closed_60s,ear_eeg_ch1_only_eyes_closed_60s,0,32.768,36.768,8.269824665614138,80.0,0.07668129635089407,0.795780135226606,1.0,,0.75,0.75,7.25,8.0,14.5,49.5,2.4038927356919632e-11,0.4180399919861501,1.0785847361471757e-11,0.1875672519662403,4.992248857403533e-12,0.08681584004791737,8.331009731963648e-12,0.1448773146104676,9.355860620447348e-12,0.16269960138922443,0.5992369494239976,2.1605187701082422,0.6056072439523904,0.30757691599969206
20260523-201055_ear_eeg_ch1_only_eyes_closed_60s,ear_eeg_ch1_only_eyes_closed_60s,0,33.024,37.024,9.40521132138986,85.0,0.07208021108037915,0.7752064765631793,1.0,,0.75,0.75,7.5,8.0,14.5,49.25,2.7910705522003044e-11,0.4552622695683959,1.0294137015122475e-11,0.16791163437477863,4.572381449404456e-12,0.07458187520008319,9.283378952242679e-12,0.15142477024558454,9.246268699114988e-12,0.15081945061115784,0.4925341810268189,2.2513731911984873,0.6231739039431745,0.3022442208567424
20260523-201055_ear_eeg_ch1_only_eyes_closed_60s,ear_eeg_ch1_only_eyes_closed_60s,0,33.28,37.28,9.698814360528816,85.0,0.07709679839391789,0.7662022369948004,1.0,,0.75,0.75,7.25,13.0,15.25,49.25,3.34504487648307e-11,0.48765235548684394,9.321312906269037e-12,0.13588936360552353,4.5695858949050135e-12,0.0666170233145799,1.012802056946013e-11,0.14764983040553942,1.112549947557272e-11,0.1621914271875133,0.45118252511098456,2.0398594359856754,0.6235417190923674,0.3098412575930527
20260523-201055_ear_eeg_ch1_only_eyes_closed_60s,ear_eeg_ch1_only_eyes_closed_60s,0,33.536,37.536,9.883066325791809,85.0,0.07944595793407876,0.7019468335684201,1.0,,1.0,1.0,6.25,13.0,15.25,49.25,4.2654532885390315e-11,0.5681110395787111,7.153891481356974e-12,0.09528189506674997,3.777946572441449e-12,0.05031805553959473,9.638068919562511e-12,0.12836838157708075,1.1856890926549528e-11,0.15792062823786332,0.39198169301044344,1.8935925493339798,0.6633929346454611,0.2862890098149441
20260523-201055_ear_eeg_ch1_only_eyes_closed_60s,ear_eeg_ch1_only_eyes_closed_60s,0,33.792,37.792,9.923003577546467,85.0,0.07555992304266043,0.6824105930018244,1.0,,1.0,1.0,6.25,12.75,14.5,49.25,4.5138665397990724e-11,0.6027810798381242,6.380790725951628e-12,0.0852089863556626,3.5247690324193218e-12,0.047069714286153336,9.118325872567023e-12,0.12176599080456016,1.0721460609446927e-11,0.14317422871549962,0.38655879178696395,1.810272011375451,0.6879900661937868,0.26494021952005975
20260523-201055_ear_eeg_ch1_only_eyes_closed_60s,ear_eeg_ch1_only_eyes_closed_60s,0,34.048,38.048,9.730930068600843,85.0,0.07553275631182398,0.6828064777447312,1.0,,0.75,0.75,6.25,12.75,15.25,49.25,4.423275580840443e-11,0.600038056092676,6.263111331445902e-12,0.08496203955030884,3.51464780747489e-12,0.047677844161066574,8.856397886862826e-12,0.12014118665893152,1.0849671237894e-11,0.14718087353701714,0.3968484537814586,1.782002543220868,0.6850000956429849,0.2673220601959487
20260523-201055_ear_eeg_ch1_only_eyes_closed_60s,ear_eeg_ch1_only_eyes_closed_60s,0,34.304,38.304,9.662246115681384,85.0,0.07252585755555573,0.6896257351365865,1.0,,0.75,0.75,4.75,8.0,15.25,49.25,4.3746051304258335e-11,0.601227503467867,6.6481497428215505e-12,0.09136940028614791,3.653228849445833e-12,0.050208455283718416,8.656665829765828e-12,0.118973608588967,1.0057132015174167e-11,0.13822103237329975,0.42201338497834295,1.8198010627858763,0.692596903754015,0.25719464096226674
20260523-201055_ear_eeg_ch1_only_eyes_closed_60s,ear_eeg_ch1_only_eyes_closed_60s,0,34.56,38.56,10.469049622577973,94.0,0.07399676714005567,0.699380903468225,1.0,,0.75,0.75,4.5,8.0,14.5,49.25,5.156679849922952e-11,0.5919735017683015,8.269953507588642e-12,0.09493692608086662,4.564789016994748e-12,0.052402596590599655,1.0355509679018954e-11,0.11887857120654842,1.2352926931627806e-11,0.14180840435368378,0.44080775920120635,1.8116836236679363,0.6869104278491682,0.2606869755602322
20260523-201055_ear_eeg_ch1_only_eyes_closed_60s,ear_eeg_ch1_only_eyes_closed_60s,0,34.816,38.816,10.639266892037252,94.0,0.07540205459001903,0.7067577306723821,1.0,,0.75,0.75,4.0,8.0,14.5,49.25,5.359240778005586e-11,0.5815827217411098,9.05105970334833e-12,0.09822174735119013,5.4895922975789425e-12,0.05957284178717424,1.1440416826833999e-11,0.12415095778695338,1.2575766787196248e-11,0.13647173133357252,0.4798419830912859,1.6487671966714341,0.6798044690923,0.2606226891205259
20260523-201055_ear_eeg_ch1_only_eyes_closed_60s,ear_eeg_ch1_only_eyes_closed_60s,0,35.072,39.072,10.562433431742896,98.0,0.07447664889596332,0.7225190835562035,1.0,,0.75,0.75,4.25,8.75,14.5,49.25,5.2477935269276525e-11,0.5562301224785381,9.146056677570047e-12,0.09694192806664845,6.3211040800745775e-12,0.06699936799376942,1.225036740299413e-11,0.1298454927010785,1.415026354264969e-11,0.14998308875996558,0.5159930206280693,1.4469080973370305,0.6531720505451866,0.27982858146104406
20260523-201055_ear_eeg_ch1_only_eyes_closed_60s,ear_eeg_ch1_only_eyes_closed_60s,0,35.328,39.328,10.854768537375636,98.0,0.08300400052277036,0.7389265373387612,1.0,,0.75,0.75,4.0,9.5,15.0,49.0,5.577372889882769e-11,0.5232349908697446,9.485504557866987e-12,0.08898719860982389,8.316974942984486e-12,0.07802476890599028,1.3762147870773137e-11,0.12910804885529917,1.9255678669982607e-11,0.18064499275914214,0.6043369843923391,1.140499354981005,0.6122221894795684,0.3097530416144413
20260523-201055_ear_eeg_ch1_only_eyes_closed_60s,ear_eeg_ch1_only_eyes_closed_60s,0,35.584,39.584,11.06480908104609,98.0,0.09148333076165883,0.7318695697929491,1.0,,0.75,0.75,4.75,9.5,18.75,49.0,6.052699622774851e-11,0.5165621581897782,9.483869259451041e-12,0.08093922180142454,9.897564359453956e-12,0.0844698651012497,1.3889722837616568e-11,0.11854057945746431,2.337457332387795e-11,0.1994881754500831,0.7125818473964847,0.9582023329196376,0.5975013799912028,0.3180287549075474
20260523-201055_ear_eeg_ch1_only_eyes_closed_60s,ear_eeg_ch1_only_eyes_closed_60s,0,35.84,39.84,11.168661513359602,98.0,0.09242168604112992,0.7256855870438158,1.0,,0.75,0.75,4.75,9.25,18.75,49.25,6.191673718077845e-11,0.523565926472635,9.003673877688175e-12,0.07613477502320165,1.0020887273989685e-11,0.08473629859347645,1.403569801684675e-11,0.11868540834806478,2.3282680322025602e-11,0.1968775915626222,0.7139571727720151,0.8984906856559699,0.5997007014958367,0.315562999910687
20260523-201055_ear_eeg_ch1_only_eyes_closed_60s,ear_eeg_ch1_only_eyes_closed_60s,0,36.096,40.096,11.21802121588295,98.0,0.09267747001791912,0.7118011412280789,1.0,,0.75,0.75,4.75,9.0,18.75,49.0,6.529478224998573e-11,0.5426487770251585,8.016798089044912e-12,0.06662562503114558,9.701379008742056e-12,0.08062576017783674,1.3980039537832172e-11,0.11618464901105705,2.3333048116540142e-11,0.1939151887548021,0.6939450337381813,0.826356550117345,0.609274402056304,0.31009983776585914
20260523-201055_ear_eeg_ch1_only_eyes_closed_60s,ear_eeg_ch1_only_eyes_closed_60s,0,36.352,40.352,11.229158472476911,98.0,0.09186507353529251,0.7074798137822054,1.0,,0.75,0.75,5.0,9.5,18.75,49.0,6.58984267629138e-11,0.544697303520679,7.986315950510785e-12,0.06601257385033003,1.0068238668445e-11,0.08322114386182856,1.3743604962533505e-11,0.11360065682111911,2.328515220465146e-11,0.1924683219460432,0.7325762560763399,0.7932187757468248,0.610709877371009,0.3060689787671623
20260523-201055_ear_eeg_ch1_only_eyes_closed_60s,ear_eeg_ch1_only_eyes_closed_60s,0,36.608,40.608,11.42037652619212,98.0,0.09106062063188777,0.7192037155238914,1.0,,0.75,0.75,5.0,9.5,18.75,49.25,6.369321046540971e-11,0.5209242353381532,8.428772361607036e-12,0.06893594725758123,1.2209395924757633e-11,0.09985632989091033,1.456729077597454e-11,0.11914071771502524,2.3370954622227213e-11,0.19114276979832995,0.8381377232404997,0.6903513010431229,0.5898601825957345,0.3102834875133552
20260523-201055_ear_eeg_ch1_only_eyes_closed_60s,ear_eeg_ch1_only_eyes_closed_60s,0,36.864,40.864,11.224482170683867,98.0,0.08581934208821553,0.7502538674758519,1.0,,0.0,0.75,4.75,9.5,18.5,49.25,5.728585360631632e-11,0.4771805089296999,9.692366721183133e-12,0.08073561260920972,1.4525706217332862e-11,0.12099643191117516,1.581152038043983e-11,0.13170702480828,2.2735251991174797e-11,0.18938042174163527,0.9186786512511708,0.6672561441190153,0.5579161215389096,0.3210874465499153
20260523-201055_ear_eeg_ch1_only_eyes_closed_60s,ear_eeg_ch1_only_eyes_closed_60s,0,37.12,41.12,10.387348073497874,83.0,0.09684095297827605,0.7776964886725632,1.0,,0.0,0.75,5.0,9.5,18.5,48.75,4.140787033922751e-11,0.41056599548555556,9.102537117923447e-12,0.09025318575063378,1.3916725295256397e-11,0.13798667084148689,1.4626737189517782e-11,0.1450265581331029,2.1801706980017774e-11,0.21616758978922096,0.9514579441018319,0.6540717679486067,0.5008191812361893,0.36119414792232385
20260523-201055_ear_eeg_ch1_only_eyes_closed_60s,ear_eeg_ch1_only_eyes_closed_60s,0,37.376,41.376,10.131831028989774,83.0,0.11203615524919476,0.7891774337020518,1.0,,0.0,0.75,5.0,9.5,18.5,48.75,3.634880521234422e-11,0.37559483907590724,8.645482352393111e-12,0.08933439583257397,1.4125575383547275e-11,0.14596059435913084,1.3917349614112073e-11,0.14380898238989032,2.3739423937121818e-11,0.24530118834249764,1.0149615965114553,0.6120446153622112,0.4649292349084812,0.38911017073238796
20260523-201055_ear_eeg_ch1_only_eyes_closed_60s,ear_eeg_ch1_only_eyes_closed_60s,0,37.632,41.632,9.971910549137512,83.0,0.12635838807977615,0.7980890603171021,1.0,,0.0,0.75,6.75,9.5,18.5,49.25,3.4920756029560996e-11,0.35971311541181095,8.003580180962828e-12,0.08244359769603067,1.4300211192744874e-11,0.14730418536284406,1.419481843010359e-11,0.14621855139319398,2.566009703131256e-11,0.26432055013612027,1.0074247348185712,0.5596826559473048,0.4421567131078416,0.4105391015293143
20260523-201055_ear_eeg_ch1_only_eyes_closed_60s,ear_eeg_ch1_only_eyes_closed_60s,0,37.888,41.888,10.056589879278164,83.0,0.12343706770010282,0.794423027127318,1.0,,0.0,0.75,7.0,9.5,18.5,49.0,3.6627420411501925e-11,0.36623945112298545,7.501851018968562e-12,0.07501139225001716,1.51925745120899e-11,0.1519113300347406,1.460362820594522e-11,0.14602242577994892,2.6084014996349555e-11,0.2608154008123079,1.0403287661010787,0.49378405305820705,0.4412508433730026,0.40683782659225687
20260523-201055_ear_eeg_ch1_only_eyes_closed_60s,ear_eeg_ch1_only_eyes_closed_60s,0,38.144,42.144,10.232692705246258,83.0,0.1132265032744784,0.7974083256186392,1.0,,0.0,0.75,6.75,9.5,18.5,48.75,3.7316925765449386e-11,0.36008729451616545,7.757822865047344e-12,0.07485861682092142,1.727229082433015e-11,0.16666786841235218,1.5372849578480248e-11,0.14833933128661264,2.5913108669626576e-11,0.25004688896394833,1.123558175480286,0.44914846235216777,0.4349459113370869,0.398386220250561
20260523-201055_ear_eeg_ch1_only_eyes_closed_60s,ear_eeg_ch1_only_eyes_closed_60s,0,38.4,42.4,10.175313262990974,83.0,0.10489535078840259,0.8048883849708514,1.0,,0.0,0.5,6.75,9.0,18.5,49.25,3.4759512289677566e-11,0.3415180475939335,7.6894414095818e-12,0.07555005361994624,1.980839578559382e-11,0.1946208162613623,1.5715135862697274e-11,0.15440384988070166,2.3806944859917746e-11,0.23390723264405616,1.260466085604302,0.38819102227218977,0.4170681012138797,0.3883110825247578
20260523-201055_ear_eeg_ch1_only_eyes_closed_60s,ear_eeg_ch1_only_eyes_closed_60s,0,38.656,42.656,9.590359742991918,83.0,0.09221518953245564,0.8042224643567645,1.0,,0.0,0.75,6.75,9.5,18.5,49.25,3.1718269410460575e-11,0.3489287601370362,7.404753481658351e-12,0.08145877752786049,1.9300041691190554e-11,0.212317372387261,1.4465008757052116e-11,0.15912777288236912,1.8013775501229245e-11,0.19816731706547314,1.334257172971376,0.38366515472545476,0.4303875376648967,0.35729508994784226
20260523-201055_ear_eeg_ch1_only_eyes_closed_60s,ear_eeg_ch1_only_eyes_closed_60s,0,38.912,42.912,9.50599810645889,74.0,0.07867785032231091,0.7907147937550377,1.0,,0.0,0.75,4.25,9.5,18.5,49.5,3.5354019385058145e-11,0.39486100752531117,7.2553006579318785e-12,0.08103280412016788,1.8875128006644734e-11,0.21081201491400664,1.4152437761915462e-11,0.15806536090691256,1.3898466404233976e-11,0.15522881253360182,1.3337015377971237,0.3843841830040966,0.47589381164547906,0.31329417344051436
20260523-201055_ear_eeg_ch1_only_eyes_closed_60s,ear_eeg_ch1_only_eyes_closed_60s,0,39.168,43.168,8.983763131338671,73.0,0.07696821897028058,0.7977209666580264,1.0,,0.0,0.5,7.0,9.5,18.5,49.5,3.0900878634787075e-11,0.39281171475371185,6.715422058209024e-12,0.08536638990615433,1.636764728272034e-11,0.20806539747938824,1.2323534112705246e-11,0.156656664163199,1.2358396433458826e-11,0.15709983369754651,1.3281618026963318,0.4102863375665868,0.4781781046598662,0.31375649786074555
20260523-201055_ear_eeg_ch1_only_eyes_closed_60s,ear_eeg_ch1_only_eyes_closed_60s,0,39.424,43.424,8.639502300480046,73.0,0.08170408864769757,0.8347689335489835,1.0,,0.75,0.75,4.25,9.25,17.5,49.5,2.3490109811217416e-11,0.33064654360183077,6.914043346233336e-12,0.09732200288197831,1.5949937368379254e-11,0.22451115400924374,1.1885925208374043e-11,0.16730616073076016,1.280294620131988e-11,0.180214138776187,1.3419180323583035,0.4334840436389691,0.4279685464838091,0.3475202995069472
20260523-201055_ear_eeg_ch1_only_eyes_closed_60s,ear_eeg_ch1_only_eyes_closed_60s,0,39.68,43.68,8.30078309558803,73.0,0.08131871772768541,0.8619597162319089,1.0,,0.0,0.75,4.25,9.25,18.25,49.5,1.6313043601258638e-11,0.26544066323442256,7.142114256063914e-12,0.11621421430390574,1.521275759254067e-11,0.24753715883386304,1.1033773017830348e-11,0.1795380493928791,1.1754771904588796e-11,0.19126991423492956,1.3787448380492484,0.46948189456235956,0.3816548775383283,0.37080796362780866
20260523-201055_ear_eeg_ch1_only_eyes_closed_60s,ear_eeg_ch1_only_eyes_closed_60s,0,39.936,43.936,8.299156583653547,73.0,0.0775605740276708,0.8612886032457375,1.0,,0.75,0.75,4.0,9.75,18.25,49.5,1.7082749567644447e-11,0.27668221941219967,7.248950629998299e-12,0.11740825098298001,1.5003134711716383e-11,0.24299955892582342,1.10158863214363e-11,0.178419748187397,1.1390685947215743e-11,0.18449022249159988,1.3619543878662874,0.4831624036767052,0.3940904703951797,0.3629099706789969
20260523-201055_ear_eeg_ch1_only_eyes_closed_60s,ear_eeg_ch1_only_eyes_closed_60s,0,40.192,44.192,8.403630167969078,73.0,0.08123459595547063,0.8716702302631876,1.0,,0.75,0.75,6.25,9.5,18.25,49.5,1.676028633872765e-11,0.2663691981355121,7.2355637867170744e-12,0.11499393775109508,1.5121440273865025e-11,0.24032321638182946,1.156004921455569e-11,0.18372246019288563,1.2243923265039426e-11,0.19459118753867788,1.3080774997761304,0.47849699867694356,0.38136313588660714,0.3783136477315635
20260523-201055_ear_eeg_ch1_only_eyes_closed_60s,ear_eeg_ch1_only_eyes_closed_60s,0,40.448,44.448,8.110918566968849,73.0,0.07717008820340064,0.878190701753782,1.0,,1.25,1.25,6.25,9.5,18.25,49.5,1.6267725217474738e-11,0.26378936766632466,7.063543701336697e-12,0.11453892302394683,1.4850305934244354e-11,0.24080519923202165,1.1790321635642214e-11,0.1911860107833467,1.1697477684306148e-11,0.1896804992943602,1.259533572803628,0.4756497093469556,0.3783282906902715,0.3808665100777069
20260523-201055_ear_eeg_ch1_only_eyes_closed_60s,ear_eeg_ch1_only_eyes_closed_60s,0,40.704,44.704,8.133203550877107,73.0,0.06153365912443687,0.8617565308146344,1.0,,0.75,0.75,4.0,9.0,18.25,49.5,1.9341194843192902e-11,0.30749090576596977,6.776354936811876e-12,0.10773209898380852,1.4792689702868927e-11,0.23517769157115845,1.2412483797745046e-11,0.19733661320915435,9.577331584462096e-12,0.15226269046990895,1.1917590342036368,0.4580880876246363,0.4152230047497783,0.34959930367906333
20260523-201055_ear_eeg_ch1_only_eyes_closed_60s,ear_eeg_ch1_only_eyes_closed_60s,0,40.96,44.96,8.416709570847743,90.0,0.038988712405851805,0.8473843220292173,1.0,,1.0,1.0,4.0,8.75,18.25,49.5,2.1742459047275238e-11,0.3354484104439334,7.2546398295359965e-12,0.1119265026034887,1.5554770947492512e-11,0.2399831214036361,1.270264494943393e-11,0.19597976693695413,7.561589194384283e-12,0.11666219861198762,1.2245300887659372,0.4663932277771967,0.4473749130474221,0.31264196554894175
20260523-201055_ear_eeg_ch1_only_eyes_closed_60s,ear_eeg_ch1_only_eyes_closed_60s,0,41.216,45.216,8.638923544053391,90.0,0.06281079998880214,0.8380978468702508,1.0,,1.0,1.0,4.0,8.75,18.25,49.5,2.2551749845601583e-11,0.32086620476892386,7.1293008236249835e-12,0.10143566302366855,1.6248393430584204e-11,0.231182075420223,1.2620735513955277e-11,0.17956777338699584,1.173378769230326e-11,0.16694828340018877,1.287436331473524,0.43876958384116704,0.4223018677925924,0.3465160567871846
20260523-201055_ear_eeg_ch1_only_eyes_closed_60s,ear_eeg_ch1_only_eyes_closed_60s,0,41.472,45.472,8.702585822616172,90.0,0.0909454679207975,0.8281760525018946,1.0,,1.0,1.0,8.0,9.5,18.25,49.5,2.198775348619729e-11,0.31074221794987794,6.704625539236364e-12,0.09475320941239199,1.5461488658638214e-11,0.21850969366234468,1.1951527165392355e-11,0.16890511627727617,1.4653427788996417e-11,0.2070897626981093,1.2936830954465417,0.43363389433335975,0.40549542736226996,0.37599487897538547
20260523-201055_ear_eeg_ch1_only_eyes_closed_60s,ear_eeg_ch1_only_eyes_closed_60s,0,41.728,45.728,8.649566463124033,90.0,0.10277195191477896,0.8272520900082587,1.0,,1.0,1.0,8.0,9.75,18.25,49.5,2.211624782820196e-11,0.30919682028823,6.570984254349323e-12,0.09186582884181828,1.5303025501438557e-11,0.21394437531129704,1.1884143347947338e-11,0.16614659790297598,1.5653656205213942e-11,0.21884637765567877,1.2876843583413808,0.4293911850131609,0.40106264913004824,0.38499297555865475
20260523-201055_ear_eeg_ch1_only_eyes_closed_60s,ear_eeg_ch1_only_eyes_closed_60s,0,41.984,45.984,8.774280597291153,90.0,0.10115782438286451,0.823280485130068,1.0,,1.0,1.0,8.0,9.75,18.25,49.5,2.2980502661934047e-11,0.3154539695823463,7.06885627802801e-12,0.09703437762502608,1.543676338605443e-11,0.2119008604498673,1.1654584510602958e-11,0.1599827907068598,1.5708281852157237e-11,0.2156280016359005,1.3245228409481755,0.4579234714716178,0.4124883472073724,0.3756107923427603
20260523-201055_ear_eeg_ch1_only_eyes_closed_60s,ear_eeg_ch1_only_eyes_closed_60s,0,42.24,46.24,8.610691029179947,90.0,0.0987559042317931,0.8323664136866677,1.0,,1.0,1.0,8.0,9.75,18.75,49.5,1.999594139303144e-11,0.2916219431840252,7.535111024207587e-12,0.10989248646990828,1.5791602586979507e-11,0.23030562762150028,1.090101510483493e-11,0.15898102245179818,1.4344357298997923e-11,0.20919892027276815,1.448635969688314,0.47715936256022784,0.40151442965393347,0.36817994272456633
20260523-201055_ear_eeg_ch1_only_eyes_closed_60s,ear_eeg_ch1_only_eyes_closed_60s,0,42.496,46.496,8.403094668037484,90.0,0.10367283110060638,0.8329589381122484,1.0,,1.0,1.0,5.75,9.25,18.75,49.5,1.7471517941591284e-11,0.2697641214456341,7.437178276831797e-12,0.11483168609569336,1.6008434943875362e-11,0.2471737946749235,1.020685945342712e-11,0.15759617924314434,1.364191616225321e-11,0.21063421854060466,1.5683996646490777,0.4645787238356598,0.3845958075413275,0.368230397783749
20260523-201055_ear_eeg_ch1_only_eyes_closed_60s,ear_eeg_ch1_only_eyes_closed_60s,0,42.752,46.752,10.5364130518882,90.0,0.09004159159021705,0.8079828579911547,1.0,,0.5,0.5,8.0,9.75,18.75,49.5,3.931284694708261e-11,0.371304001660722,1.1049619940633702e-11,0.10436201952786499,2.324224476294455e-11,0.2195195504328565,1.352044015289486e-11,0.12769854952864745,1.875263774691784e-11,0.17711587884990904,1.719044979313647,0.4754110480004183,0.47566602118858703,0.3048144283785565
20260523-201055_ear_eeg_ch1_only_eyes_closed_60s,ear_eeg_ch1_only_eyes_closed_60s,0,43.008,47.008,11.868234915100054,90.0,0.07354900090527451,0.7417583500833822,1.0,,0.5,0.5,8.0,10.0,18.0,49.5,5.906404175303832e-11,0.48192103576707723,1.1434851278015792e-11,0.09330034329153204,2.25334127135899e-11,0.18385679801097687,1.2662905864728235e-11,0.10332040492025603,1.6864372574425955e-11,0.13760141801015793,1.7794819731192482,0.5074620264297309,0.5752213790586093,0.24092182293041398
20260523-201055_ear_eeg_ch1_only_eyes_closed_60s,ear_eeg_ch1_only_eyes_closed_60s,0,43.264,47.264,12.570560846676651,90.0,0.0793139761639297,0.7354071803934863,1.0,,0.0,0.75,4.75,9.25,18.0,49.5,6.28995420691141e-11,0.4840305834547255,1.1493344097127121e-11,0.08844468284149973,2.296061111158553e-11,0.17668869481762073,1.2758416569070331e-11,0.09817978975268121,1.9837606326341086e-11,0.15265624913347273,1.7996442573640314,0.500567865605623,0.5724752662962252,0.2508360388861539
20260523-201055_ear_eeg_ch1_only_eyes_closed_60s,ear_eeg_ch1_only_eyes_closed_60s,0,43.52,47.52,12.870353530497908,90.0,0.08211353795139029,0.7321186829040981,1.0,,0.0,0.75,4.75,9.25,18.0,49.5,6.904280248180098e-11,0.48515148564296173,1.1603373924978681e-11,0.08153484354372877,2.5886877054383924e-11,0.1819024780302263,1.3895690045673905e-11,0.09764254096536432,2.1883100370750386e-11,0.15376865181771893,1.862942895912045,0.44823382521584076,0.5666863291866905,0.2514111927830832
20260523-201055_ear_eeg_ch1_only_eyes_closed_60s,ear_eeg_ch1_only_eyes_closed_60s,0,43.776,47.776,12.906316283122772,90.0,0.07453940548751789,0.7053416677095778,1.0,,0.75,0.75,5.0,9.25,18.0,49.5,8.183108567432008e-11,0.5340769775532078,1.1025871852218527e-11,0.07196121455797595,2.6119787262568826e-11,0.17047283340520633,1.3607124698274905e-11,0.08880796303946444,2.0635776956126063e-11,0.13468101144414535,1.9195669799278214,0.422127169007201,0.6060381921111838,0.22348897448360977
20260523-201055_ear_eeg_ch1_only_eyes_closed_60s,ear_eeg_ch1_only_eyes_closed_60s,0,44.032,48.032,13.120175303706883,100.0,0.07137067478506968,0.6894763165293832,1.0,,0.0,0.5,4.75,9.25,18.0,49.5,9.417507062308332e-11,0.5627777901161165,1.2015078970039548e-11,0.07180052583015624,2.649687072733163e-11,0.15834180164941714,1.3313291662096974e-11,0.07955847350253838,2.1339395228801728e-11,0.12752140890177172,1.990256910150056,0.4534527527300024,0.6345783159462728,0.20707988240431008
20260523-201055_ear_eeg_ch1_only_eyes_closed_60s,ear_eeg_ch1_only_eyes_closed_60s,0,44.288,48.288,13.843157154348859,125.0,0.09144834679097606,0.6867615342800086,1.0,,0.0,0.75,4.75,9.25,18.0,49.0,9.997673903616938e-11,0.5409083324424735,1.3862447055760302e-11,0.07500057706213699,2.7264971436027983e-11,0.14751281523813375,1.4335891928675036e-11,0.07756207565851649,2.939115583230057e-11,0.1590161995987393,1.9018678134348836,0.5084343142733845,0.6159089095046105,0.23657827525725578
20260523-201055_ear_eeg_ch1_only_eyes_closed_60s,ear_eeg_ch1_only_eyes_closed_60s,0,44.544,48.544,14.272526055327418,125.0,0.10608670202843935,0.6823440235703296,1.0,,0.0,0.5,4.75,9.25,13.0,49.0,1.0467703102656735e-10,0.5342243289430518,1.4019033471100112e-11,0.07154682049233733,2.7860508121586464e-11,0.1421874608909134,1.5696050031008994e-11,0.08010555622984908,3.368946638500806e-11,0.17193583344384836,1.7750012306628393,0.503186568239152,0.6057711494353891,0.25204138967369744
20260523-201055_ear_eeg_ch1_only_eyes_closed_60s,ear_eeg_ch1_only_eyes_closed_60s,0,44.8,48.8,14.2224470468341,125.0,0.09700694089161867,0.6728544275811097,1.0,,0.0,0.5,5.25,9.5,13.5,49.75,1.0859121236456366e-10,0.5691304467178611,1.4059511107189784e-11,0.07368640300475021,2.581447265677638e-11,0.13529457895371558,1.4736128924774056e-11,0.07723258130402358,2.7600648362109473e-11,0.14465599001964954,1.7517811352327175,0.544636773879598,0.6428168497226112,0.22188857132367312
20260523-201055_ear_eeg_ch1_only_eyes_closed_60s,ear_eeg_ch1_only_eyes_closed_60s,0,45.056,49.056,14.326339378920213,120.0,0.0868770082146182,0.6734673827307232,1.0,,0.0,0.5,5.25,9.25,13.25,49.5,1.1126400908792017e-10,0.5781976984866494,1.4974149612700007e-11,0.07781508965775609,2.456224276527921e-11,0.12764084588514682,1.464497945401559e-11,0.07610451469535813,2.6987085309435226e-11,0.14024185127508956,1.6771783697207134,0.6096409743929094,0.6560127881444054,0.2163463659704477
20260523-201055_ear_eeg_ch1_only_eyes_closed_60s,ear_eeg_ch1_only_eyes_closed_60s,0,45.312,49.312,14.241839768793918,120.0,0.11385358201345969,0.6792529744877365,1.0,,0.0,0.75,4.75,9.25,13.25,49.5,1.0372805089097098e-10,0.5421739789641757,1.4716706465804564e-11,0.07692244511756856,2.2922984234561377e-11,0.11981566669221036,1.4963053422605364e-11,0.07821007087190568,3.498796043268313e-11,0.18287783835413962,1.5319723579901534,0.642006569267536,0.6190964240817443,0.2610879092260453
20260523-201055_ear_eeg_ch1_only_eyes_closed_60s,ear_eeg_ch1_only_eyes_closed_60s,0,45.568,49.568,14.220653993399882,120.0,0.13249752866225192,0.6820442062944584,1.0,,0.0,0.75,4.75,9.0,17.5,49.0,1.0185900897860295e-10,0.5284459790406851,1.4347184506652123e-11,0.07443339611411089,2.0784011980478603e-11,0.10782774807601497,1.4987553556774324e-11,0.07775563980205279,4.0774221347392404e-11,0.2115372369671362,1.3867514735975237,0.6902990875932772,0.6028793751547961,0.28929287676918897
20260523-201055_ear_eeg_ch1_only_eyes_closed_60s,ear_eeg_ch1_only_eyes_closed_60s,0,45.824,49.824,14.114956606380339,120.0,0.13020544857265712,0.6819476406730051,1.0,,0.0,0.75,4.75,8.75,17.5,49.0,1.0216050278081221e-10,0.547595563187153,1.351415896268548e-11,0.07243791178328451,1.8308443446750383e-11,0.09813599314221884,1.4052322947483845e-11,0.07532255117249133,3.8526534099892306e-11,0.2065079807148523,1.3028766500152646,0.7381380619270584,0.6200334749704375,0.28183053188734364
20260523-201055_ear_eeg_ch1_only_eyes_closed_60s,ear_eeg_ch1_only_eyes_closed_60s,0,46.08,50.08,14.048736598000547,120.0,0.12892923816635998,0.6898280065045467,1.0,,0.0,0.75,4.75,9.5,17.5,49.75,9.590058847802434e-11,0.5351759119956117,1.3362294233373575e-11,0.07456865610723652,1.819124806496673e-11,0.10151676781147045,1.399960532664917e-11,0.0781251884599743,3.774077980937405e-11,0.21061347562570687,1.2994114934324965,0.7345452156802312,0.6097445681028482,0.28873866408568116
20260523-201055_ear_eeg_ch1_only_eyes_closed_60s,ear_eeg_ch1_only_eyes_closed_60s,0,46.336,50.336,14.385617817806784,120.0,0.14707893927373736,0.7031102955072611,1.0,,0.0,0.75,4.75,9.0,18.0,49.0,8.305737454523291e-11,0.4767282719727571,1.2213531850222362e-11,0.07010257626756301,2.097152051379789e-11,0.12037121074347655,1.531002723693054e-11,0.08787567471859911,4.2671269153321554e-11,0.2449222662976043,1.3697898892832021,0.5823865676399884,0.5468308482403201,0.3327979410162034
20260523-201055_ear_eeg_ch1_only_eyes_closed_60s,ear_eeg_ch1_only_eyes_closed_60s,0,46.592,50.592,14.300384610212411,120.0,0.16538998123272022,0.6984319695362612,1.0,,0.0,0.5,8.0,8.75,17.75,49.75,7.228324435642374e-11,0.44428485827891107,1.0304148951057528e-11,0.06333386661273378,2.1788692968845514e-11,0.13392296449800883,1.5161945811941872e-11,0.09319203926535544,4.3157686681976085e-11,0.26526627134499103,1.4370644268946189,0.4729126692358683,0.5076187248916448,0.3584583106103465
20260523-201055_ear_eeg_ch1_only_eyes_closed_60s,ear_eeg_ch1_only_eyes_closed_60s,0,46.848,50.848,12.714991152179383,120.0,0.15675233172585734,0.7418502411989546,1.0,,0.0,0.75,8.0,8.75,17.75,49.25,6.056065493955982e-11,0.4343656868537272,1.104322169822016e-11,0.07920648452056268,1.8369693506221643e-11,0.13175492479540896,1.2899703080199406e-11,0.09252192523730131,3.6549928866699033e-11,0.26215097859299985,1.4240400257288464,0.6011652668282094,0.5135721713742899,0.35467290383030114
20260523-201055_ear_eeg_ch1_only_eyes_closed_60s,ear_eeg_ch1_only_eyes_closed_60s,0,47.104,51.104,12.365233519832936,119.0,0.17262629069122615,0.7970682250665203,1.0,,0.0,0.75,8.0,8.0,17.75,49.5,4.4458958115593825e-11,0.35870741540014583,1.1298388084700486e-11,0.09115858220323891,1.5801838368195388e-11,0.12749368945823567,1.238505684757233e-11,0.09992613231793927,3.9997880232019595e-11,0.32271418062044027,1.2758793570893299,0.7150046609412822,0.44986599760338475,0.42264031293837956
20260523-201055_ear_eeg_ch1_only_eyes_closed_60s,ear_eeg_ch1_only_eyes_closed_60s,0,47.36,51.36,11.738398527908311,119.0,0.1983343530957624,0.8312196858956686,1.0,,0.0,0.75,8.0,8.0,17.75,49.75,2.606685495776693e-11,0.2837840637576392,9.056960555492617e-12,0.09860111915666728,1.2896848699926021e-11,0.14040512902926616,1.0352969969383668e-11,0.11271048596513115,3.3480906952019883e-11,0.36449920209129627,1.245714875834204,0.7022615187805196,0.38238518291430645,0.47720968805642744
20260523-201055_ear_eeg_ch1_only_eyes_closed_60s,ear_eeg_ch1_only_eyes_closed_60s,0,47.616,51.616,11.513296660817874,119.0,0.202527067421679,0.8204129420974993,1.0,,0.0,0.75,8.0,8.75,17.75,49.75,2.687808522784435e-11,0.2966374909755544,7.923383471466305e-12,0.08744568569855098,1.363937677068565e-11,0.1505297148003329,9.847044238371642e-12,0.10867598906821832,3.23213085404783e-11,0.3567111194573433,1.385123945877705,0.5809197593614094,0.3840831766741054,0.46538710852556164
20260523-201055_ear_eeg_ch1_only_eyes_closed_60s,ear_eeg_ch1_only_eyes_closed_60s,0,47.872,51.872,11.490082680294341,119.0,0.18516894065148798,0.8108825245880171,1.0,,0.0,0.75,7.75,9.0,17.5,49.5,2.8991767172185442e-11,0.30513744880712024,8.965226619971967e-12,0.09435873165470487,1.6927245843471107e-11,0.17815873662793177,9.446761445128481e-12,0.09942687072975269,3.0681155852203924e-11,0.3229182121804903,1.7918570233611828,0.5296329186020468,0.3994961804618251,0.42234508291024303
20260523-201055_ear_eeg_ch1_only_eyes_closed_60s,ear_eeg_ch1_only_eyes_closed_60s,0,48.128,52.128,10.462743426080943,111.0,0.15502568795729096,0.8056170245481069,1.0,,0.0,0.75,7.75,9.75,18.25,49.25,2.481290058972029e-11,0.3023532471494908,7.718965451770587e-12,0.0940580993559642,1.7684621252850588e-11,0.21549284982117228,7.956971699279536e-12,0.09695828273097876,2.3892471581459573e-11,0.29113752094239403,2.222531626504571,0.4364789803189235,0.396411346505455,0.3880958036733728
20260523-201055_ear_eeg_ch1_only_eyes_closed_60s,ear_eeg_ch1_only_eyes_closed_60s,0,48.384,52.384,10.17128310489881,111.0,0.15154074012900806,0.8085780269372842,1.0,,0.0,0.75,8.0,9.25,18.0,49.25,2.2829675102917023e-11,0.2843598454017922,7.335988819484574e-12,0.09137495987892386,1.9365373577200762e-11,0.24120950524859405,7.8230583646574e-12,0.09744175758589467,2.293035875224685e-11,0.28561393188479517,2.475422357154924,0.37881989677293804,0.37573480528071607,0.38305568947068985
20260523-201055_ear_eeg_ch1_only_eyes_closed_60s,ear_eeg_ch1_only_eyes_closed_60s,0,48.64,52.64,9.703968260459224,111.0,0.1182858727912346,0.8003980811267417,1.0,,0.0,0.75,8.0,9.25,18.25,49.25,2.141509114693462e-11,0.2941027905882761,6.36150989623359e-12,0.08736539106932736,2.154578672420638e-11,0.29589768997625615,8.27241071698093e-12,0.11360862580800675,1.522018944588242e-11,0.20902550255813362,2.6045354203677227,0.2952554008662179,0.38146818165760343,0.32263412836614036
20260523-201055_ear_eeg_ch1_only_eyes_closed_60s,ear_eeg_ch1_only_eyes_closed_60s,0,48.896,52.896,10.358185169227282,126.0,0.08827566104315968,0.809510347018101,1.0,,0.0,0.75,7.75,9.25,14.5,49.5,2.3150600443801006e-11,0.28780886631420943,8.8511682308e-12,0.1100379534538172,2.5107681474384918e-11,0.31213934854359043,9.288336984080275e-12,0.11547284675496623,1.4039625168634102e-11,0.17454098493341674,2.7031406717282302,0.3525282985539721,0.3978468197680266,0.29001383168838296
20260523-201055_ear_eeg_ch1_only_eyes_closed_60s,ear_eeg_ch1_only_eyes_closed_60s,0,49.152,53.152,10.11340694326101,126.0,0.05956132025781381,0.8276498855864546,1.0,,0.0,0.75,4.25,9.25,18.0,49.5,2.5637955838196972e-11,0.29711688526730035,1.0214835604934712e-11,0.11837917802846025,2.297249169444304e-11,0.26622696529154555,1.0489090315687492e-11,0.12155750105635736,1.697475082566207e-11,0.19671947035633633,2.1901319373792942,0.4446551005786474,0.4154960632957606,0.3182769714126937
20260523-201055_ear_eeg_ch1_only_eyes_closed_60s,ear_eeg_ch1_only_eyes_closed_60s,0,49.408,53.408,10.267424214475605,126.0,0.05608512236942989,0.8375397125323621,1.0,,0.75,0.75,4.25,9.25,18.25,49.25,2.56862240943003e-11,0.2980522117640811,1.0615747037975507e-11,0.12318069298860806,1.885537653738604e-11,0.21878991088688302,1.1620437428264456e-11,0.13483870048182253,1.940249835734917e-11,0.22513848387860524,1.6226047129279317,0.5630090185113423,0.42123290475268915,0.3599771843604278
20260523-201055_ear_eeg_ch1_only_eyes_closed_60s,ear_eeg_ch1_only_eyes_closed_60s,0,49.664,53.664,10.400144229769124,126.0,0.05500584343423284,0.860242167824171,1.0,,0.75,0.75,4.25,9.25,18.25,49.5,2.2217531107204108e-11,0.2696817246097542,1.1567749859884235e-11,0.14041212396710806,1.7817241470320427e-11,0.21626995296279403,1.204796599609929e-11,0.14624110267653434,1.8733778202854577e-11,0.22739509578380945,1.4788588775971834,0.6492447149663173,0.41009384857686226,0.3736361984603438
20260523-201055_ear_eeg_ch1_only_eyes_closed_60s,ear_eeg_ch1_only_eyes_closed_60s,0,49.92,53.92,10.522404668135511,126.0,0.05331406811127326,0.86939840011802,1.0,,1.0,1.0,4.25,9.25,14.5,49.5,2.134961077902428e-11,0.25975325704672136,1.3045157639046095e-11,0.1587158763924315,1.764239637180481e-11,0.2146488742636926,1.237364612727577e-11,0.15054583038400113,1.778107773040569e-11,0.2163361619131534,1.4258041801369203,0.7394209587023115,0.4184691334391529,0.36688199229715457
20260523-201055_ear_eeg_ch1_only_eyes_closed_60s,ear_eeg_ch1_only_eyes_closed_60s,0,50.176,54.176,10.588862072951937,126.0,0.0534608793668596,0.8655231296661113,1.0,,1.0,1.0,4.25,9.25,14.5,49.5,2.3267329370749576e-11,0.2642275866460239,1.4501796480074771e-11,0.16468476570323795,1.8657012788332664e-11,0.21187207971029512,1.274891696853504e-11,0.144778780119965,1.888285562744317e-11,0.21443678782047787,1.4634194288329823,0.7772839438231829,0.42891235234926184,0.35921556794044285
20260523-201055_ear_eeg_ch1_only_eyes_closed_60s,ear_eeg_ch1_only_eyes_closed_60s,0,50.432,54.432,10.098960342530315,126.0,0.05520318372209282,0.8630574740679658,1.0,,1.0,1.0,4.25,9.5,14.5,49.75,2.190114905068912e-11,0.26856885190097973,1.2934949499968283e-11,0.1586183687697576,1.7992181131584237e-11,0.22063405981669282,1.1718572824406994e-11,0.143702215901315,1.700076143170929e-11,0.2084765036112548,1.535356002917933,0.718920591415219,0.42718722067073733,0.3521787195125698
20260523-201055_ear_eeg_ch1_only_eyes_closed_60s,ear_eeg_ch1_only_eyes_closed_60s,0,50.688,54.688,9.927587823837168,126.0,0.037952094585410275,0.8639516121936163,1.0,,1.0,1.0,4.25,9.5,14.5,49.5,2.2508861941403673e-11,0.2679371071924043,1.310178679547036e-11,0.1559587891279702,1.919292179330224e-11,0.22846539097599378,1.3145030971192127e-11,0.15647355168575627,1.605940387446096e-11,0.19116516101787537,1.4600895072338982,0.6826363873395499,0.4238958963203745,0.34763871270363167
20260523-201055_ear_eeg_ch1_only_eyes_closed_60s,ear_eeg_ch1_only_eyes_closed_60s,0,50.944,54.944,9.46276915072961,98.0,0.015508661405930492,0.8681423623132234,1.0,,1.0,1.0,4.25,9.5,14.5,43.5,2.1884266852547392e-11,0.26506772226496716,1.3229990600079343e-11,0.16024496034427357,2.0226229170898273e-11,0.2449851545159333,1.3543623401914688e-11,0.1640437594070988,1.3676930094984434e-11,0.16565840346772723,1.4934134367645555,0.6541006970846945,0.4253126826092407,0.329702162874826
20260523-201055_ear_eeg_ch1_only_eyes_closed_60s,ear_eeg_ch1_only_eyes_closed_60s,0,51.2,55.2,9.287733846315795,98.0,0.021193014353700596,0.8709937704851631,1.0,,1.0,1.0,4.25,9.25,14.5,43.5,2.0565476399414637e-11,0.25732239271931695,1.2642210900362744e-11,0.15818373933881574,1.8523199027459914e-11,0.23176870800317462,1.368457544065297e-11,0.17122616696771745,1.4505590504645993e-11,0.1814989929709751,1.353582294736947,0.6825068867219515,0.4155061320581327,0.3527251599386926
20260523-201055_ear_eeg_ch1_only_eyes_closed_60s,ear_eeg_ch1_only_eyes_closed_60s,0,51.456,55.456,9.38924917125965,98.0,0.033493650518852315,0.8714086484742806,1.0,,1.0,1.0,4.25,9.25,14.5,43.5,2.041633388940518e-11,0.2615073655381952,1.2129833140453576e-11,0.1553677916006263,1.696425921259133e-11,0.21729066339838674,1.3592161906667836e-11,0.17409837003233275,1.4969147411321624e-11,0.19173580943045898,1.248091313882103,0.7150228600285999,0.4168751571388215,0.36583417946279173
20260523-201055_ear_eeg_ch1_only_eyes_closed_60s,ear_eeg_ch1_only_eyes_closed_60s,0,51.712,55.712,9.373313181580993,98.0,0.03796515059553875,0.8736759615806934,1.0,,1.0,1.0,4.25,9.5,14.5,43.5,2.1213273200797667e-11,0.27035215829186526,1.3055658841961251e-11,0.16638759669176262,1.499892578925331e-11,0.19115352547440315,1.4009559858862875e-11,0.1785445701241541,1.518791927860587e-11,0.1935621494178149,1.0706207718413459,0.8704395918350097,0.4367397549836279,0.372106719541969
20260523-201055_ear_eeg_ch1_only_eyes_closed_60s,ear_eeg_ch1_only_eyes_closed_60s,0,51.968,55.968,9.313109040486962,98.0,0.03599268292768389,0.8713206607299985,1.0,,0.75,0.75,7.5,9.5,16.25,43.5,2.1437108126752136e-11,0.27536258525987506,1.3978507240201415e-11,0.1795558369616208,1.3563159526343705e-11,0.17422063878127902,1.396465061796114e-11,0.17937784675415014,1.4907049732212814e-11,0.19148309224307483,0.9712494710679662,1.0306232270623215,0.45491842222149587,0.37086093899722494
20260523-201055_ear_eeg_ch1_only_eyes_closed_60s,ear_eeg_ch1_only_eyes_closed_60s,0,52.224,56.224,9.754332370798117,98.0,0.030891587149266694,0.8693012872802232,1.0,,1.0,1.0,4.25,9.75,18.0,43.5,2.607651919434132e-11,0.29022443575753315,1.5204258579102344e-11,0.16921918659255594,1.3583661047045527e-11,0.1511823849463721,1.6760345654303746e-11,0.18653800472254312,1.8224711231098778e-11,0.2028359879809957,0.810464254569684,1.119304915401235,0.45944362235008906,0.3893739927035388
20260523-201055_ear_eeg_ch1_only_eyes_closed_60s,ear_eeg_ch1_only_eyes_closed_60s,0,52.48,56.48,10.155048005794951,98.0,0.03532819275626722,0.8499841788924026,1.0,,0.0,0.5,4.25,9.25,18.0,49.0,3.0138681015649734e-11,0.32247492036451786,1.4163262385973927e-11,0.1515426938440707,1.4161748147415032e-11,0.15152649194198883,1.7673342727155938e-11,0.1890995092172443,1.7323508272607915e-11,0.18535638463217835,0.801305580163668,1.000106924550778,0.47401761420858857,0.3744558938494227
20260523-201055_ear_eeg_ch1_only_eyes_closed_60s,ear_eeg_ch1_only_eyes_closed_60s,0,52.736,56.736,10.126203632161463,98.0,0.03946937325161008,0.8401683162970334,1.0,,0.0,0.75,7.5,9.25,16.25,49.25,2.986551060020345e-11,0.3355184365782252,1.3346479197031453e-11,0.1499384990920361,1.5336104586664484e-11,0.1722905696473431,1.7379037692450916e-11,0.19524151566876127,1.3085891782445565e-11,0.14701097901363425,0.8824484334553323,0.8702652698806508,0.4854569356702613,0.3422524946823955
20260523-201055_ear_eeg_ch1_only_eyes_closed_60s,ear_eeg_ch1_only_eyes_closed_60s,0,52.992,56.992,10.202009605955094,124.0,0.05045630504272149,0.8318845754524733,1.0,,0.0,0.75,7.5,9.25,16.25,49.5,2.8557043060835708e-11,0.34350894419949274,1.2127009381695606e-11,0.14587421324151945,1.5096272933374788e-11,0.18159109700691806,1.6054123440948353e-11,0.19311295576017212,1.1298883060091399e-11,0.13591278979189755,0.940336169016215,0.8033114819277847,0.4893831574410122,0.32902574555206965
20260523-201055_ear_eeg_ch1_only_eyes_closed_60s,ear_eeg_ch1_only_eyes_closed_60s,0,53.248,57.248,10.031450543166725,124.0,0.09035817870725821,0.8333011837329802,1.0,,0.0,0.75,7.5,9.5,16.75,49.5,2.874849633960076e-11,0.3357502247259295,1.0818398792968358e-11,0.12634677594982324,1.3489111072844938e-11,0.15753770286142232,1.5106142365766393e-11,0.1764228164887175,1.7462503990312094e-11,0.20394247997410736,0.8929553784303013,0.8020097643607504,0.46209700067575277,0.38036529646282485
20260523-201055_ear_eeg_ch1_only_eyes_closed_60s,ear_eeg_ch1_only_eyes_closed_60s,0,53.504,57.504,10.075217119248597,124.0,0.1261794274347724,0.8207545336314862,1.0,,0.0,0.75,6.25,9.5,16.75,49.5,3.115099016006927e-11,0.34530332626475113,9.653738690099141e-12,0.10701002001711468,1.2174949223170527e-11,0.1349572017538682,1.4288309500404617e-11,0.15838343410073447,2.294542130661332e-11,0.2543460178635315,0.8520916503681388,0.7929181890735781,0.4523133462818658,0.41272945196426597
