capture,condition,channel,window_start_sec,window_end_sec,rms_uV,ptp_uV,line_50_ratio_1_50,spectral_entropy_0p5_40,quality_score,quality_warnings,peak_freq,peak_delta,peak_theta,peak_alpha,peak_beta,peak_gamma,delta_abs,delta_rel,theta_abs,theta_rel,alpha_abs,alpha_rel,beta_abs,beta_rel,gamma_abs,gamma_rel,alpha_beta_ratio,theta_alpha_ratio,slow_power_rel,fast_power_rel
20260523-202323_fp1_fp2_ch1_only_eyes_closed_60s,fp1_fp2_ch1_only_eyes_closed_60s,0,0.0,4.0,40.73133928561642,402.0,0.22262384846155964,0.5325286683968125,1.0,,0.0,0.75,4.0,10.25,26.75,49.0,7.655906025036363e-10,0.6112104812831114,3.4415061261210313e-11,0.027475319169362727,2.4767453383755435e-11,0.01977313599897575,4.789822226002863e-11,0.03823962230521043,3.799096060235147e-10,0.3033014412433397,0.517085023517126,1.3895276485624712,0.6386858004524741,0.34154106354855013
20260523-202323_fp1_fp2_ch1_only_eyes_closed_60s,fp1_fp2_ch1_only_eyes_closed_60s,0,0.256,4.256,40.44267548023993,402.0,0.2413900311255617,0.5239394205071507,1.0,,0.0,0.75,4.0,9.75,16.25,49.25,7.566443243517086e-10,0.6226936195349579,3.859954020882653e-11,0.03176616361407729,2.34068680309199e-11,0.019263089548234837,4.5605446744169044e-11,0.03753179636676311,3.5085876742870624e-10,0.2887453309359668,0.5132472040505255,1.64906898940249,0.6544597831490352,0.32627712730272995
20260523-202323_fp1_fp2_ch1_only_eyes_closed_60s,fp1_fp2_ch1_only_eyes_closed_60s,0,0.512,4.512,40.393873297815844,402.0,0.25113884336515935,0.5480899470014918,0.75,high_50hz_ratio,0.25,0.75,4.0,10.25,27.0,49.25,7.67340019753668e-10,0.6154574462689023,3.8863528369565e-11,0.03117112011310182,2.6461751659546898e-11,0.021224074961468567,5.440815452655682e-11,0.0436389383833625,3.5970652114717285e-10,0.28850842027316487,0.4863563539290938,1.468668018261889,0.6466285663820042,0.33214735865652734
20260523-202323_fp1_fp2_ch1_only_eyes_closed_60s,fp1_fp2_ch1_only_eyes_closed_60s,0,0.768,4.768,39.890224366378284,402.0,0.22795541212056397,0.5344355166618404,1.0,,0.75,0.75,4.5,9.75,26.75,49.25,6.184138516085575e-10,0.6766999388429288,3.622274056604914e-11,0.03963676793786347,2.2357074434928123e-11,0.024464249730937488,3.158977642464808e-11,0.03456714256806816,2.0528371744756164e-10,0.22463190092020208,0.7077313284649872,1.6201914374565436,0.7163367067807922,0.2591990434882702
20260523-202323_fp1_fp2_ch1_only_eyes_closed_60s,fp1_fp2_ch1_only_eyes_closed_60s,0,1.024,5.024,39.058340978592526,402.0,0.18623881533741846,0.5119380878427983,1.0,,0.75,0.75,4.0,10.25,21.25,49.0,5.398059535916325e-10,0.700676172837928,2.85575278640425e-11,0.03706809677876802,1.7786198695789157e-11,0.023086750986315303,2.083067037845764e-11,0.02703852060414241,1.63426828303165e-10,0.2121304587928462,0.8538466776461994,1.6056004069494305,0.737744269616696,0.2391689793969886
20260523-202323_fp1_fp2_ch1_only_eyes_closed_60s,fp1_fp2_ch1_only_eyes_closed_60s,0,1.28,5.28,38.58932494874716,402.0,0.19430594114601316,0.49761845150383144,1.0,,0.75,0.75,4.75,10.0,16.25,49.5,5.603375443686158e-10,0.7064976760267533,2.8501383179351716e-11,0.035935769755441355,1.4735651246424988e-11,0.018579342871038004,2.3078520794872367e-11,0.029098391624078464,1.6646705265225122e-10,0.209888819722689,0.6385006811051332,1.9341787276803546,0.7424334457821946,0.23898721134676745
20260523-202323_fp1_fp2_ch1_only_eyes_closed_60s,fp1_fp2_ch1_only_eyes_closed_60s,0,1.536,5.536,34.83037467498735,338.0,0.14365700175387408,0.4897688198775229,1.0,,0.75,0.75,4.0,10.0,15.75,49.5,5.62986693011189e-10,0.7366072871247143,2.558812385506099e-11,0.03347929663252816,1.1081041474705629e-11,0.014498346054223942,2.303629425200661e-11,0.030140503185996263,1.416047839860404e-10,0.18527456700253728,0.481025348673014,2.3091804063246455,0.7700865837572425,0.21541507018853354
20260523-202323_fp1_fp2_ch1_only_eyes_closed_60s,fp1_fp2_ch1_only_eyes_closed_60s,0,1.792,5.792,26.293725487271672,285.0,0.12502497679283409,0.5254356752497911,1.0,,0.5,0.5,6.0,10.25,21.25,49.25,3.7817429841397214e-10,0.7127583476570428,1.9125695169084602e-11,0.03604686765779791,8.544642487853903e-12,0.01610438701547122,1.9063206224215773e-11,0.03592909255441745,1.056707186674986e-10,0.1991613051152707,0.4482269345121882,2.2383259681457157,0.7488052153148408,0.23509039766968814
20260523-202323_fp1_fp2_ch1_only_eyes_closed_60s,fp1_fp2_ch1_only_eyes_closed_60s,0,2.048,6.048,22.315443083210337,285.0,0.11645735387170165,0.5413038386702008,1.0,,0.75,0.75,5.0,10.25,21.25,49.25,2.715729619121675e-10,0.7175314581285783,1.3827116669268328e-11,0.03653305953419201,6.91118043268714e-12,0.018260247037624997,1.764112571069935e-11,0.046610172695769114,6.852992268573709e-11,0.1810650626038356,0.3917652731478189,2.000688131924838,0.7540645176627704,0.2276752352996047
20260523-202323_fp1_fp2_ch1_only_eyes_closed_60s,fp1_fp2_ch1_only_eyes_closed_60s,0,2.304,6.304,21.398691548784004,285.0,0.09114824725303318,0.5433404150569453,1.0,,0.75,0.75,5.0,10.25,16.25,49.0,2.2486758170022862e-10,0.72311222433718,1.517268543404734e-11,0.04879117848124725,5.0106662931856e-12,0.016112923086916836,1.288745355500386e-11,0.04144250200824508,5.303351216686373e-11,0.17054117208641079,0.3888018895121519,3.028077414511094,0.7719034028184273,0.21198367409465585
20260523-202323_fp1_fp2_ch1_only_eyes_closed_60s,fp1_fp2_ch1_only_eyes_closed_60s,0,2.56,6.56,21.78382427398826,285.0,0.08587432203469639,0.5504183852770275,1.0,,0.75,0.75,4.75,10.25,16.0,49.0,2.312677538528935e-10,0.7365724439372645,1.5857261504093158e-11,0.0505043252491297,5.037839061058075e-12,0.01604518298615254,1.2982778303329964e-11,0.041349287069489996,4.8832653808973787e-11,0.15552876075796318,0.3880401361984218,3.147631615838623,0.7870767691863942,0.19687804782745316
20260523-202323_fp1_fp2_ch1_only_eyes_closed_60s,fp1_fp2_ch1_only_eyes_closed_60s,0,2.816,6.816,30.550630108068148,537.0,0.11036912714667353,0.5709979058002177,1.0,,0.75,0.75,4.75,10.0,15.75,49.0,2.548835856536564e-10,0.6773992416852217,2.1574678673515734e-11,0.057338611804138476,7.56698268256221e-12,0.02011062547581244,1.842964976580417e-11,0.048980128492243986,7.38129966156049e-11,0.19617139254258334,0.4105874381076188,2.8511600433860735,0.7347378534893602,0.24515152103482732
20260523-202323_fp1_fp2_ch1_only_eyes_closed_60s,fp1_fp2_ch1_only_eyes_closed_60s,0,3.072,7.072,30.267639485100254,537.0,0.14972977792491146,0.6080837143627787,1.0,,0.75,0.75,5.5,9.5,23.5,49.0,2.3008274087625613e-10,0.6201496644440393,2.5186994844468292e-11,0.06788734496844073,8.665533869712641e-12,0.023356501670070834,2.3043826635788904e-11,0.06211079241000929,8.403253865472494e-11,0.22649569650743984,0.3760457846985524,2.906571623071104,0.68803700941248,0.2886064889174491
20260523-202323_fp1_fp2_ch1_only_eyes_closed_60s,fp1_fp2_ch1_only_eyes_closed_60s,0,3.328,7.328,29.55466122289342,537.0,0.15476943395525228,0.6951617554773366,1.0,,0.75,0.75,5.5,8.0,16.25,49.0,1.4840524345544359e-10,0.567226801092767,3.023255135500475e-11,0.11555328500991127,7.180919897544983e-12,0.02744653846149823,2.1517737794537054e-11,0.08224397798729181,5.4296536576158626e-11,0.20752939744853183,0.33372094994893386,4.210122350110139,0.6827800861026783,0.28977337543582365
20260523-202323_fp1_fp2_ch1_only_eyes_closed_60s,fp1_fp2_ch1_only_eyes_closed_60s,0,3.584,7.584,30.154850356120157,537.0,0.1339466305576453,0.6843434062864936,1.0,,0.75,0.75,5.5,8.0,15.75,49.5,1.5065766998605227e-10,0.6140307769042025,2.8855457208269676e-11,0.11760528892528424,7.333363423734423e-12,0.029888361082534894,2.0476085373432363e-11,0.08345374391472696,3.8035923374996564e-11,0.15502182917325125,0.35814284273542984,3.9348189283622603,0.7316360658294867,0.2384755730879782
20260523-202323_fp1_fp2_ch1_only_eyes_closed_60s,fp1_fp2_ch1_only_eyes_closed_60s,0,3.84,7.84,29.404999574902224,537.0,0.14431519452965244,0.6947369523272207,1.0,,1.0,1.0,5.0,8.0,15.75,49.25,1.4246927567083167e-10,0.5944215688022724,2.8672900298664585e-11,0.11963134014257358,6.9306174665984315e-12,0.02891646979930084,1.7411764627512533e-11,0.07264674012532302,4.41926056670085e-11,0.18438388113053034,0.3980422211570263,4.137135029721577,0.714052908944846,0.25703062125585335
20260523-202323_fp1_fp2_ch1_only_eyes_closed_60s,fp1_fp2_ch1_only_eyes_closed_60s,0,4.096,8.096,29.019682975525424,537.0,0.15318022233103543,0.7173832695945795,1.0,,0.25,0.75,5.0,8.0,25.25,49.5,1.2987084275582364e-10,0.5544688161310396,2.633235741038079e-11,0.11242300988778739,7.922657692555101e-12,0.03382488738955624,2.0674283785301006e-11,0.08826650702764431,4.942555144727251e-11,0.21101677956397252,0.38321316350450546,3.323677285101593,0.666891826018827,0.29928328659161685
20260523-202323_fp1_fp2_ch1_only_eyes_closed_60s,fp1_fp2_ch1_only_eyes_closed_60s,0,4.352,8.352,28.982908756713844,537.0,0.1707139571523523,0.723440607286792,1.0,,0.0,0.75,6.5,8.25,20.5,49.5,1.25458234708332e-10,0.53001291359377,2.909363137510744e-11,0.12290943171640001,6.950804578710252e-12,0.02936448289064339,1.596319638551788e-11,0.0674383809578342,5.924201589363342e-11,0.25027479084135235,0.43542686632710703,4.185649451894945,0.65292234531017,0.31771317179918657
20260523-202323_fp1_fp2_ch1_only_eyes_closed_60s,fp1_fp2_ch1_only_eyes_closed_60s,0,4.608,8.608,28.493999368288055,537.0,0.17086432733435772,0.749305063804261,1.0,,0.0,0.5,6.75,8.0,26.0,49.5,1.0614038281499541e-10,0.5199876529812587,1.8865208506064357e-11,0.09242170824999683,1.0473408548231209e-11,0.05130981239441306,1.9376890715442076e-11,0.09492846792119895,4.926507691604891e-11,0.24135235845313235,0.5405102759796548,1.8012482201174507,0.6124093612312556,0.3362808263743313
20260523-202323_fp1_fp2_ch1_only_eyes_closed_60s,fp1_fp2_ch1_only_eyes_closed_60s,0,4.864,8.864,27.69411489829563,537.0,0.14473891909152753,0.760887482207066,1.0,,0.0,0.75,6.75,9.75,24.5,49.5,8.257202498876931e-11,0.5268202429121307,2.0577403989974253e-11,0.1312865098073315,7.331871452981671e-12,0.04677829204728446,1.2927144512456245e-11,0.08247686081501197,3.332817651199449e-11,0.21263809441824127,0.5671686771906108,2.8065691170302753,0.6581067527194622,0.29511495523325326
20260523-202323_fp1_fp2_ch1_only_eyes_closed_60s,fp1_fp2_ch1_only_eyes_closed_60s,0,5.12,9.12,27.69230940170935,537.0,0.15782680377341562,0.7681582101048833,1.0,,0.5,0.5,7.0,10.0,24.25,49.5,7.667724447380228e-11,0.5005294070759824,2.1098177970721685e-11,0.13772350040143813,7.630086888953435e-12,0.049807252368998814,1.2455038349201057e-11,0.08130329934018675,3.533173910370481e-11,0.23063654081339374,0.6126104693561925,2.7651294510507958,0.6382529074774205,0.3119398401535805
20260523-202323_fp1_fp2_ch1_only_eyes_closed_60s,fp1_fp2_ch1_only_eyes_closed_60s,0,5.376,9.376,27.584452142466052,537.0,0.1628601261644461,0.7703744949612277,1.0,,0.5,0.5,6.75,10.0,24.5,49.5,7.277909023226315e-11,0.49424153151351846,2.0836045732256552e-11,0.14149722290470515,7.698487696123291e-12,0.05228029557840264,1.153337150478186e-11,0.07832292459065139,3.4407101448818294e-11,0.23365802541272232,0.6674967240005591,2.7065115324856475,0.6357387544182236,0.3119809500033737
20260523-202323_fp1_fp2_ch1_only_eyes_closed_60s,fp1_fp2_ch1_only_eyes_closed_60s,0,5.632,9.632,31.017543423037228,537.0,0.17691198517639067,0.7667579077511629,1.0,,0.5,0.5,5.0,10.25,25.25,49.5,9.242782191998446e-11,0.4779622689763042,2.648882906703129e-11,0.13697889423775664,9.292682489799561e-12,0.04805427105645807,1.5737027503769322e-11,0.08137923426515117,4.9432547605537975e-11,0.2556253314643301,0.5904979506182971,2.8505040494074434,0.6149411632140609,0.33700456572948123
20260523-202323_fp1_fp2_ch1_only_eyes_closed_60s,fp1_fp2_ch1_only_eyes_closed_60s,0,5.888,9.888,31.123303166598497,537.0,0.2287149302431965,0.7908129645634523,1.0,,0.5,0.5,5.0,8.0,25.25,49.5,8.255900692558126e-11,0.398108584743669,2.261756739642661e-11,0.10906439020823473,1.0548081973576658e-11,0.05086400797003343,2.048311057669291e-11,0.09877180536081018,7.117034575681517e-11,0.34319121171725253,0.5149648503864931,2.1442350801865655,0.5071729749519037,0.44196301707806274
20260523-202323_fp1_fp2_ch1_only_eyes_closed_60s,fp1_fp2_ch1_only_eyes_closed_60s,0,6.144,10.144,31.129118201452478,537.0,0.2555554483941942,0.7927348046082001,0.75,high_50hz_ratio,0.5,0.5,6.75,10.0,26.25,49.75,7.648086428087471e-11,0.39085823630401856,2.341485904409777e-11,0.119662488065944,8.636696393171824e-12,0.044138150784111534,1.5797407237866857e-11,0.08073322378383509,7.134435149826124e-11,0.36460790106209073,0.5467160694869855,2.711089747534667,0.5105207243699625,0.4453411248459258
20260523-202323_fp1_fp2_ch1_only_eyes_closed_60s,fp1_fp2_ch1_only_eyes_closed_60s,0,6.4,10.4,31.07648628786723,537.0,0.24489850790283332,0.7820098191633393,1.0,,0.5,0.5,6.75,10.0,13.0,49.5,7.366106109945474e-11,0.39082962541520067,2.4428747547707765e-11,0.12961363997380432,9.867448193530831e-12,0.05235454151379446,1.3552761714530137e-11,0.07190801632737402,6.696356765564878e-11,0.3552941767698265,0.7280765648636601,2.475690479299747,0.520443265389005,0.42720219309720053
20260523-202323_fp1_fp2_ch1_only_eyes_closed_60s,fp1_fp2_ch1_only_eyes_closed_60s,0,6.656,10.656,25.032898353966125,341.0,0.20986069713340555,0.7807882898608142,1.0,,0.5,0.5,6.75,10.0,13.0,49.5,7.184087515381033e-11,0.41767454522812714,2.2908001226975075e-11,0.13318447157105262,1.0414943911795292e-11,0.06055128020952052,1.2153151030741986e-11,0.07065701550803946,5.4685071833441845e-11,0.31793268748326015,0.8569747784299055,2.19953188619969,0.5508590167991798,0.3885897029912996
20260523-202323_fp1_fp2_ch1_only_eyes_closed_60s,fp1_fp2_ch1_only_eyes_closed_60s,0,6.912,10.912,21.548178577318318,337.0,0.18544829165690915,0.7707291672976146,1.0,,0.75,0.75,4.0,10.0,19.0,49.5,6.32410093265456e-11,0.4655996466262139,1.7199525523825322e-11,0.12662816566828886,6.375878901071928e-12,0.04694116989724484,1.0869930907723226e-11,0.08002775482843076,3.814066849429504e-11,0.28080326297982167,0.5865611249232305,2.6975928794591284,0.5922278122945027,0.36083101780825244
20260523-202323_fp1_fp2_ch1_only_eyes_closed_60s,fp1_fp2_ch1_only_eyes_closed_60s,0,7.168,11.168,21.463387430692297,337.0,0.20552068194584971,0.7534204724805756,1.0,,0.5,0.5,4.0,10.0,13.0,49.25,6.260118905051149e-11,0.4763875128921069,1.5566850389728558e-11,0.11846185756539908,6.089536378644563e-12,0.046340638797575495,1.120561407006154e-11,0.08527337416799113,3.594493344842923e-11,0.2735366165769274,0.5434362044391844,2.5563276778048407,0.594849370457506,0.35880999074491854
20260523-202323_fp1_fp2_ch1_only_eyes_closed_60s,fp1_fp2_ch1_only_eyes_closed_60s,0,7.424,11.424,21.190162812022,337.0,0.20532986265962277,0.7369683263486985,1.0,,0.5,0.5,4.0,10.25,13.0,49.5,5.423469826108212e-11,0.5051886800070504,1.1808233620072453e-11,0.10999205576884225,6.2315817490980995e-12,0.058046318300288856,8.404817096974495e-12,0.07828970365947631,2.6676000869524424e-11,0.2484832422643423,0.7414297868946249,1.8949015026211384,0.6151807357758927,0.3267729459238186
20260523-202323_fp1_fp2_ch1_only_eyes_closed_60s,fp1_fp2_ch1_only_eyes_closed_60s,0,7.68,11.68,23.507530708264532,397.0,0.22131040969392496,0.7568678653486449,1.0,,1.0,1.0,4.0,9.0,13.0,49.5,5.372100281128761e-11,0.4728847917317316,1.092536607478351e-11,0.09617168687292967,8.279135121750536e-12,0.07287795988322929,1.1449673790034411e-11,0.10078696082082526,2.922755113440284e-11,0.2572786006912842,0.7230891703619141,1.319626496502144,0.5690564786046612,0.3580655615121095
20260523-202323_fp1_fp2_ch1_only_eyes_closed_60s,fp1_fp2_ch1_only_eyes_closed_60s,0,7.936,11.936,23.43608329051593,397.0,0.17082055872453764,0.7599814136993085,1.0,,1.25,1.25,8.0,8.0,23.0,49.5,5.050779739708569e-11,0.4958205432651368,1.020231419685466e-11,0.10015318878146075,9.372121772655087e-12,0.09200342815054113,9.666699929570437e-12,0.09489521732613167,2.211815971388913e-11,0.21712762247672965,0.9695265024194827,1.0885810539318657,0.5959737320465975,0.31202283980286133
20260523-202323_fp1_fp2_ch1_only_eyes_closed_60s,fp1_fp2_ch1_only_eyes_closed_60s,0,8.192,12.192,23.520501695329546,397.0,0.18271369608022267,0.7570821925094946,1.0,,1.5,1.5,4.0,9.0,27.5,49.5,5.865939061404059e-11,0.5009183570998825,9.502736240552146e-12,0.08114804766538998,8.040671335388328e-12,0.06866283186956214,1.1224727219256365e-11,0.09585288661724352,2.967616979900979e-11,0.2534178767479217,0.7163355668540711,1.1818336857930043,0.5820664047652725,0.3492707633651652
20260523-202323_fp1_fp2_ch1_only_eyes_closed_60s,fp1_fp2_ch1_only_eyes_closed_60s,0,8.448,12.448,23.556166920787433,397.0,0.1484366115262473,0.7523789717114332,1.0,,1.5,1.5,7.0,8.0,13.25,49.5,5.705802776338692e-11,0.5220884502801163,1.0536085759455751e-11,0.09640656892284657,7.43328346770164e-12,0.06801552030922835,9.876304115673321e-12,0.0903694802005709,2.438434717903664e-11,0.22311998028723792,0.7526381711864563,1.4174201488798452,0.6184950192029629,0.3134894604878088
20260523-202323_fp1_fp2_ch1_only_eyes_closed_60s,fp1_fp2_ch1_only_eyes_closed_60s,0,8.704,12.704,24.17221545493917,397.0,0.15125533636102986,0.7473951389657925,1.0,,1.25,1.25,4.0,8.0,27.5,49.5,6.574654877429772e-11,0.5261080860494664,1.2091104289531869e-11,0.09675378943201499,7.915508960351778e-12,0.06334040868873818,1.0368244698397929e-11,0.08296735685233582,2.8846352788564212e-11,0.23083035897744447,0.7634377072114107,1.5275207633640933,0.6228618754814813,0.3137977158297803
20260523-202323_fp1_fp2_ch1_only_eyes_closed_60s,fp1_fp2_ch1_only_eyes_closed_60s,0,8.96,12.96,24.984034902313116,397.0,0.17776122577821304,0.7373818489121621,1.0,,0.5,0.5,4.25,9.0,13.0,49.5,7.692212886828395e-11,0.5111227820879094,1.4058910835618753e-11,0.09341693638942083,7.906823084841645e-12,0.052538293883172486,1.1090488806001255e-11,0.0736927276537639,4.0518029243653215e-11,0.2692292599857334,0.712937294572907,1.7780732773155656,0.6045397184773302,0.34292198763949727
20260523-202323_fp1_fp2_ch1_only_eyes_closed_60s,fp1_fp2_ch1_only_eyes_closed_60s,0,9.216,13.216,25.430060951558886,397.0,0.16565393386820904,0.6810804161961825,1.0,,1.25,1.25,4.25,9.75,27.75,49.5,1.3111913546683215e-10,0.6157854867010728,1.332718343165166e-11,0.06258953818293023,8.779777061579055e-12,0.04123318287405113,1.3572136986820424e-11,0.06373993353637511,4.6131656273585896e-11,0.2166518587055706,0.646897173975247,1.5179409839427913,0.678375024884003,0.2803917922419457
20260523-202323_fp1_fp2_ch1_only_eyes_closed_60s,fp1_fp2_ch1_only_eyes_closed_60s,0,9.472,13.472,25.607596529155174,397.0,0.1158842353196836,0.6041784639403892,1.0,,0.75,0.75,4.25,9.75,22.75,49.5,1.7596713223369743e-10,0.7294318625857467,1.0938144358515354e-11,0.04534159823703564,5.438815071541733e-12,0.0225453751364506,1.261504678806537e-11,0.05229281717794984,3.6279476502448036e-11,0.15038834686281716,0.43113713035826345,2.0111263601788054,0.7747734608227823,0.202681164040767
20260523-202323_fp1_fp2_ch1_only_eyes_closed_60s,fp1_fp2_ch1_only_eyes_closed_60s,0,9.728,13.728,2618.288742671442,45532.0,0.04086125031788789,0.354725670724348,0.4,high_rms;possible_artifact_window,0.0,0.5,8.0,9.0,28.25,48.0,5.323899886140666e-08,0.6804225831127522,6.689595804100911e-09,0.08549657496106991,8.172669981791467e-09,0.10445104789469875,2.9779242510800416e-09,0.03805944804688713,7.164832071431216e-09,0.09157034598459221,2.744418357460698,0.8185324770246671,0.765919158073822,0.12962979403147934
20260523-202323_fp1_fp2_ch1_only_eyes_closed_60s,fp1_fp2_ch1_only_eyes_closed_60s,0,9.984,13.984,2637.2986550635483,45532.0,0.005561041993241736,0.6497610919709685,0.4,high_rms;possible_artifact_window,0.0,0.5,5.0,10.75,13.75,44.0,8.384477996713574e-09,0.5272446877444269,3.742549833563613e-09,0.23534434930101142,1.963934360486164e-09,0.1234989177681602,6.9322991880111e-10,0.04359267114979009,1.1182497577641495e-09,0.07031937403661138,2.8330201960738273,1.9056389606815372,0.7625890370454383,0.11391204518640147
20260523-202323_fp1_fp2_ch1_only_eyes_closed_60s,fp1_fp2_ch1_only_eyes_closed_60s,0,10.24,14.24,2641.270524766443,45532.0,0.029917048178900153,0.3160265315505746,0.4,high_rms;possible_artifact_window,0.25,0.5,4.25,8.25,20.25,50.0,2.657498484217416e-09,0.9202456723782145,5.242687942088797e-11,0.018154519820008125,1.8257332041733182e-11,0.006322197698458791,6.191076737000089e-11,0.021438625867226117,9.772069786807245e-11,0.03383898423609243,0.2948975245714665,2.8715520592520836,0.9384001921982227,0.05527761010331855
20260523-202323_fp1_fp2_ch1_only_eyes_closed_60s,fp1_fp2_ch1_only_eyes_closed_60s,0,10.496,14.496,2642.1489032603745,45532.0,0.009149059798783105,0.35277130872783785,0.4,high_rms;possible_artifact_window,0.25,0.5,5.0,9.75,23.0,44.5,6.417638168229571e-09,0.8600135780854231,3.3848053446137453e-10,0.045359032080597654,6.847388278880021e-11,0.009176034453628827,1.67612281322845e-10,0.02246135322884473,4.700472787003054e-10,0.06299000215150569,0.40852545081055136,4.943206382868322,0.9053726101660208,0.08545135538035042
20260523-202323_fp1_fp2_ch1_only_eyes_closed_60s,fp1_fp2_ch1_only_eyes_closed_60s,0,10.752,14.752,2642.4469203751282,45532.0,0.004300624608820622,0.46222293557599475,0.4,high_rms;possible_artifact_window,0.0,0.5,5.25,8.0,25.5,37.75,8.936186423764687e-09,0.7711699918681176,1.3338370496023421e-09,0.11510671979265753,1.1508833899165043e-10,0.009931828772985245,6.530298451237404e-10,0.05635480242606162,5.49687897603427e-10,0.047436657140177856,0.17623748723129604,11.589680251611858,0.8862767116607752,0.10379145956623947
20260523-202323_fp1_fp2_ch1_only_eyes_closed_60s,fp1_fp2_ch1_only_eyes_closed_60s,0,11.008,15.008,2642.5936462119935,45532.0,0.004865319038084326,0.5249816608711745,0.4,high_rms;possible_artifact_window,0.0,0.5,5.25,11.0,25.0,38.0,1.1117331207365927e-08,0.6849630619582474,2.1092000470178424e-09,0.1299524225320013,7.248506033920155e-10,0.04465962914127436,1.4089041157550775e-09,0.08680566038131264,8.702698400665653e-10,0.053619225987164405,0.5144783064272224,2.909841058485178,0.8149154844902486,0.14042488636847705
20260523-202323_fp1_fp2_ch1_only_eyes_closed_60s,fp1_fp2_ch1_only_eyes_closed_60s,0,11.264,15.264,2645.1004706815957,45532.0,0.004699852404480851,0.48208066785523057,0.4,high_rms;possible_artifact_window,0.0,0.5,8.0,8.0,16.5,37.75,2.1761284648406805e-08,0.7443176260945853,1.2226766090387032e-09,0.041820129915339926,8.155738897073725e-10,0.02789568866450915,3.936011105378282e-09,0.1346263554551488,1.5010106762462553e-09,0.05134019987041693,0.207208228806303,1.499161050235925,0.7861377560099252,0.18596655532556575
20260523-202323_fp1_fp2_ch1_only_eyes_closed_60s,fp1_fp2_ch1_only_eyes_closed_60s,0,11.52,15.52,2645.228473686158,45532.0,0.01906245727599509,0.47745727750366107,0.4,high_rms;possible_artifact_window,0.0,0.5,7.25,8.0,16.5,37.5,2.5542932863714206e-08,0.7574381684716914,1.2557250712928046e-09,0.03723668316316051,7.177887107108246e-10,0.02128497026129704,4.136407325491026e-09,0.12265908560264012,2.0699420627605483e-09,0.061381092501211015,0.17352950380089008,1.74943552685478,0.794674851634852,0.18404017810385115
20260523-202323_fp1_fp2_ch1_only_eyes_closed_60s,fp1_fp2_ch1_only_eyes_closed_60s,0,11.776,15.776,2645.373166492773,45532.0,0.021602706538060176,0.5427715482629996,0.4,high_rms;possible_artifact_window,0.0,0.5,7.0,12.25,15.25,43.5,2.5505176374369666e-08,0.6809276613584062,1.2885946184056361e-09,0.03440241726113775,1.0941535342722274e-09,0.02921130190684421,6.091973235884394e-09,0.1626412234003334,3.4766160809740567e-09,0.0928173960732784,0.17960576842773754,1.1777091404843294,0.715330078619544,0.2554586194736118
20260523-202323_fp1_fp2_ch1_only_eyes_closed_60s,fp1_fp2_ch1_only_eyes_closed_60s,0,12.032,16.032,2645.41118750942,45532.0,0.026434602478504612,0.5230336633274738,0.4,high_rms;possible_artifact_window,0.0,0.5,7.25,8.0,25.0,43.5,2.9355857069759634e-08,0.6560574498524195,3.3814458008592997e-09,0.07557002010379692,1.2216478271879777e-09,0.027301916486993455,5.699715342536024e-09,0.1273797151833425,5.087197414699378e-09,0.11369089837344759,0.2143348840723718,2.767938292529692,0.7316274699562164,0.2410706135567901
20260523-202323_fp1_fp2_ch1_only_eyes_closed_60s,fp1_fp2_ch1_only_eyes_closed_60s,0,12.288,16.288,2645.4111710658517,45532.0,0.02744199549073116,0.5349112141987191,0.4,high_rms;possible_artifact_window,0.25,0.5,4.5,11.5,25.0,49.25,4.671571131938127e-08,0.6867906449286835,5.137610374879555e-09,0.07553053658185328,3.045269266482882e-09,0.04477000102193837,7.3070599904690345e-09,0.10742468222473113,5.814657223241556e-09,0.08548413524279369,0.416757118520305,1.6870791793111979,0.7623211815105367,0.1929088174675248
20260523-202323_fp1_fp2_ch1_only_eyes_closed_60s,fp1_fp2_ch1_only_eyes_closed_60s,0,12.544,16.544,2645.411827674474,45532.0,0.03204333852583891,0.5338503928270362,0.4,high_rms;possible_artifact_window,0.25,0.5,4.25,10.75,24.75,49.25,5.557542576980408e-08,0.6954925751473362,5.123688278363283e-09,0.06411983544185923,2.4273939969600313e-09,0.030377356150822137,1.0089264076285706e-08,0.1262609895751806,6.69223517547391e-09,0.08374924368480177,0.24059177940098675,2.1107773541419235,0.7596124105891955,0.21001023325998236
20260523-202323_fp1_fp2_ch1_only_eyes_closed_60s,fp1_fp2_ch1_only_eyes_closed_60s,0,12.8,16.8,2645.4054175116526,45532.0,0.045281762793577894,0.5434556226324319,0.4,high_rms;possible_artifact_window,0.0,0.5,4.25,9.5,25.0,48.75,6.059775471991962e-08,0.6527547974452692,7.815236462346343e-09,0.08418518338747678,3.799617277567447e-09,0.04092921293621445,1.0659586751547887e-08,0.11482432679258428,9.96167587939453e-09,0.10730647943845512,0.35645071109494014,2.056848332722009,0.736939980832746,0.2221308062310394
20260523-202323_fp1_fp2_ch1_only_eyes_closed_60s,fp1_fp2_ch1_only_eyes_closed_60s,0,13.056,17.056,2645.4000264610263,45532.0,0.04039017166465147,0.5432947851531786,0.4,high_rms;possible_artifact_window,0.0,0.5,5.0,9.5,25.0,49.0,6.118046558223244e-08,0.6669276377434821,6.927278446622347e-09,0.07551419242123066,3.3303583105005603e-09,0.03630420232543228,1.1602754409287447e-08,0.12648150869500926,8.693931435025274e-09,0.09477245881484567,0.2870316989416555,2.0800399839202774,0.7424418301647128,0.22125396750985493
20260523-202323_fp1_fp2_ch1_only_eyes_closed_60s,fp1_fp2_ch1_only_eyes_closed_60s,0,13.312,17.312,2645.396381830141,45532.0,0.030329218120704736,0.48666938325999715,0.4,high_rms;possible_artifact_window,0.0,0.5,7.0,8.0,25.0,44.25,3.805827472701658e-08,0.7198128794250642,2.655296512716805e-09,0.050220790150248745,1.063051791720396e-09,0.020105965829108837,6.058587104059531e-09,0.11458872110996815,5.037245769158535e-09,0.09527164348561007,0.17546199690817393,2.497805406469981,0.7700336695753129,0.20986036459557822
20260523-202323_fp1_fp2_ch1_only_eyes_closed_60s,fp1_fp2_ch1_only_eyes_closed_60s,0,13.568,17.568,1878.1271775361752,45206.0,0.05876277908264433,0.5509893066752204,0.4,high_rms;possible_artifact_window,0.25,0.75,6.5,8.0,25.0,49.5,1.2423420002688906e-08,0.6599350494748496,9.389991340417331e-10,0.04987985915686259,6.55880794043628e-10,0.03484054504903661,2.7812705838660585e-09,0.14774176031795816,2.0256457131914514e-09,0.10760278600129303,0.23582056267676477,1.4316612752945965,0.7098149086317121,0.2553445463192512
20260523-202323_fp1_fp2_ch1_only_eyes_closed_60s,fp1_fp2_ch1_only_eyes_closed_60s,0,13.824,17.824,293.1168623603903,4166.0,0.07410472869413179,0.5428808791103765,0.4,high_rms;possible_artifact_window,0.5,0.5,6.25,8.0,25.0,49.25,1.8423786179311407e-08,0.6668544950906589,7.352347522998357e-10,0.026612043515169447,3.630771881703924e-10,0.013141688284907811,4.285385505841709e-09,0.155110820325082,3.820411687291497e-09,0.13828095278418187,0.08472451023961705,2.02500949179652,0.6934665386058283,0.2933917731092639
20260523-202323_fp1_fp2_ch1_only_eyes_closed_60s,fp1_fp2_ch1_only_eyes_closed_60s,0,14.08,18.08,178.80919159819496,3069.0,0.12237962770766758,0.7323563736688948,0.8529770210045127,high_rms,0.75,0.75,5.25,8.0,25.25,49.25,3.9919973237006596e-09,0.37502642242455453,7.206983617253613e-10,0.06770568873892531,2.1648881662115263e-10,0.020337946097892794,2.772754831414542e-09,0.26048522590737294,2.9426368483771638e-09,0.2764447168312543,0.07807715783898182,3.329032755472799,0.4427321111634798,0.5369299427386273
20260523-202323_fp1_fp2_ch1_only_eyes_closed_60s,fp1_fp2_ch1_only_eyes_closed_60s,0,14.336,18.336,142.75079334280423,2822.0,0.12080465994170302,0.8650680636880484,0.9431230166429895,high_rms,54.75,0.75,5.75,8.0,25.5,49.25,5.899376934175581e-10,0.1346348843410511,4.3816936968080815e-10,0.09999849656497824,1.301178006005801e-10,0.02969533093077259,1.7817188832153188e-09,0.4066217813279697,1.4418158268018171e-09,0.3290495068352283,0.0730293660949293,3.3674821404785926,0.2346333809060293,0.735671288163198
20260523-202323_fp1_fp2_ch1_only_eyes_closed_60s,fp1_fp2_ch1_only_eyes_closed_60s,0,14.592,18.592,132.0994473871863,2822.0,0.1331399842586167,0.9241665049809424,0.9697513815320342,high_rms,0.0,0.5,8.0,8.25,23.5,49.5,1.706583875124866e-10,0.15534822590966138,6.642306699194152e-11,0.060464098876603485,6.298736371742095e-11,0.05733662054853283,3.1717186730760435e-10,0.2887176400344563,4.813131377483769e-10,0.43813341463074607,0.19859063873509816,1.0545459132078319,0.21581232478626486,0.7268510546652024
20260523-202323_fp1_fp2_ch1_only_eyes_closed_60s,fp1_fp2_ch1_only_eyes_closed_60s,0,14.848,18.848,127.82005319980117,2822.0,0.12644279416282356,0.8972707592063371,0.9804498670004971,high_rms,0.75,0.75,7.75,13.0,21.5,49.5,9.691602003900909e-11,0.2016597384535422,3.809894800856677e-11,0.079275066058947,6.900980914259176e-11,0.14359339206069824,1.2795784805199431e-10,0.26625057612618713,1.4860919136051772e-10,0.3092212273006255,0.5393167374505263,0.5520801822512607,0.2809348045124892,0.5754718034268127
20260523-202323_fp1_fp2_ch1_only_eyes_closed_60s,fp1_fp2_ch1_only_eyes_closed_60s,0,15.104,19.104,124.86659681436024,2822.0,0.1577496269466572,0.8852326070495673,0.9878335079640994,high_rms,0.75,0.75,4.5,12.75,13.0,49.5,8.50998841588962e-11,0.23251148226788618,2.7118035764625856e-11,0.07409240040860346,4.404561325259577e-11,0.12034224166083668,7.32463433087991e-11,0.20012501805093225,1.3649305519330903e-10,0.3729288576117413,0.6013353194562078,0.6156807400797784,0.30660388267648964,0.5730538756626735
20260523-202323_fp1_fp2_ch1_only_eyes_closed_60s,fp1_fp2_ch1_only_eyes_closed_60s,0,15.36,19.36,47.28072545974734,580.0,0.19484055478969106,0.8025646336895956,1.0,,0.25,0.5,4.0,12.75,13.25,49.5,1.162826817102484e-10,0.3802431976995216,1.6113035777560326e-11,0.05268946466141186,2.5994271032829786e-11,0.08500100439737382,4.280086103269554e-11,0.13995838437849384,1.0462049017282216e-10,0.34210794886319873,0.6073305631158398,0.6198687301986722,0.4329326623609334,0.48206633324169257
20260523-202323_fp1_fp2_ch1_only_eyes_closed_60s,fp1_fp2_ch1_only_eyes_closed_60s,0,15.616,19.616,40.843151200660316,580.0,0.24096741460755772,0.679184152220417,1.0,,1.0,1.0,4.0,12.0,13.25,49.5,1.27119399536677e-10,0.5144340299528116,1.064444753066242e-11,0.04307655684166447,1.2013989415189737e-11,0.04861889698340876,1.6297705147390888e-11,0.06595448191631807,8.102980548006315e-11,0.3279160343057971,0.7371583487699227,0.8860044039329888,0.5575105867944761,0.39387051622211516
20260523-202323_fp1_fp2_ch1_only_eyes_closed_60s,fp1_fp2_ch1_only_eyes_closed_60s,0,15.872,19.872,32.151998382682216,580.0,0.2652728814565337,0.6400486564169904,0.75,high_50hz_ratio,0.75,0.75,4.5,10.25,24.25,49.25,9.758989966771593e-11,0.5456824284150154,8.93698577254796e-12,0.04997193475635584,5.342918978133018e-12,0.029875397072232024,7.714070842299497e-12,0.043133899353561794,5.925622400945004e-11,0.33133634040283494,0.6926199003560538,1.6726785132105486,0.5956543631713712,0.3744702397563967
20260523-202323_fp1_fp2_ch1_only_eyes_closed_60s,fp1_fp2_ch1_only_eyes_closed_60s,0,16.128,20.128,32.275842359263066,580.0,0.2928099046364095,0.6713814749164028,0.75,high_50hz_ratio,0.0,0.75,4.25,10.25,24.75,49.25,7.445066413436633e-11,0.4830739715207123,8.800634571439936e-12,0.05710301639022654,4.999800868035359e-12,0.03244126416086137,8.069532765905608e-12,0.05235925410292136,5.779792614933124e-11,0.37502249382527836,0.6195898837117186,1.7601970165860008,0.5401769879109388,0.4273817479281997
20260523-202323_fp1_fp2_ch1_only_eyes_closed_60s,fp1_fp2_ch1_only_eyes_closed_60s,0,16.384,20.384,32.420533616829935,580.0,0.29365669729830474,0.6751511207905647,0.75,high_50hz_ratio,0.0,0.75,4.0,10.5,24.75,49.5,7.65423566113644e-11,0.4733424458942251,9.12506279438962e-12,0.056429926295129024,4.906335784363733e-12,0.030341069747051433,7.889998105419849e-12,0.04879221344441515,6.32423376652313e-11,0.39109434461917925,0.6218424540550195,1.8598528913309962,0.5297723721893541,0.4398865580635944
20260523-202323_fp1_fp2_ch1_only_eyes_closed_60s,fp1_fp2_ch1_only_eyes_closed_60s,0,16.64,20.64,32.36538274144151,580.0,0.27739610966768097,0.6303859274364337,0.75,high_50hz_ratio,0.0,0.75,4.25,10.25,24.75,49.5,9.587712143898183e-11,0.5352236582204766,8.001393468321913e-12,0.04466691342733078,5.164665223975527e-12,0.028831184887204656,8.670087892783736e-12,0.048399827710952324,6.142141701164002e-11,0.3428784157540357,0.595687758629779,1.5492569452861458,0.5798905716478073,0.391278243464988
20260523-202323_fp1_fp2_ch1_only_eyes_closed_60s,fp1_fp2_ch1_only_eyes_closed_60s,0,16.896,20.896,39.95912911963923,597.0,0.22462398475474696,0.6718853876295569,1.0,,0.75,0.75,4.0,9.5,19.0,49.5,1.588848419104034e-10,0.4892815421445998,1.707377565516029e-11,0.05257822698718222,1.1416642515428649e-11,0.03515723960132396,2.6982501689501595e-11,0.08309187886534425,1.1037315126167469e-10,0.3398911124015497,0.4231128250006061,1.4955163597429364,0.541859769131782,0.4229829912668939
20260523-202323_fp1_fp2_ch1_only_eyes_closed_60s,fp1_fp2_ch1_only_eyes_closed_60s,0,17.152,21.152,40.61795169626356,597.0,0.2418838171933858,0.6664600386861831,1.0,,0.0,0.75,4.0,10.0,17.0,49.75,1.913079730695137e-10,0.43766293652645977,2.8273875431643333e-11,0.0646832808369151,1.4396479207567736e-11,0.032935403917205036,2.2500543786817097e-11,0.05147539806719041,1.8063370328138994e-10,0.41324298065222975,0.6398280567780112,1.963943754857835,0.5023462173633748,0.4647183787194202
20260523-202323_fp1_fp2_ch1_only_eyes_closed_60s,fp1_fp2_ch1_only_eyes_closed_60s,0,17.408,21.408,40.53681043200118,597.0,0.22632888357946054,0.65343528839547,1.0,,0.0,0.75,4.0,10.0,17.0,49.75,2.1028061291879305e-10,0.47820521782215736,3.615672898889289e-11,0.08222506212946737,1.260094871533908e-11,0.028656181573484568,2.0729363096303608e-11,0.04714124358487891,1.599611595220936e-10,0.3637722948900119,0.6078792028871374,2.8693656172792346,0.5604302799516248,0.4109135384748908
20260523-202323_fp1_fp2_ch1_only_eyes_closed_60s,fp1_fp2_ch1_only_eyes_closed_60s,0,17.664,21.664,39.40177660969109,566.0,0.22027215138007047,0.6572679607895597,1.0,,0.0,0.75,6.75,8.25,17.0,49.25,2.1688932523504428e-10,0.4889772735323746,4.049969183542527e-11,0.09130660935537756,1.3461313784142064e-11,0.030348549912266567,2.2158122847405042e-11,0.04995551756536554,1.5054861321079626e-10,0.3394120496346158,0.6075114700304376,3.0085987508244134,0.5802838828877521,0.38936756719998133
20260523-202323_fp1_fp2_ch1_only_eyes_closed_60s,fp1_fp2_ch1_only_eyes_closed_60s,0,17.92,21.92,39.42005834597407,566.0,0.2720842329996107,0.7089612084465058,0.75,high_50hz_ratio,0.0,0.75,5.0,9.5,18.5,49.25,1.963743923621478e-10,0.3817838794564169,4.726310609284581e-11,0.09188719456867953,2.2442542822662293e-11,0.04363196728777933,3.075393990466216e-11,0.05979068016016245,2.175261134391344e-10,0.4229062785269618,0.7297452909199483,2.1059603836477887,0.47367107402509645,0.48269695868712426
20260523-202323_fp1_fp2_ch1_only_eyes_closed_60s,fp1_fp2_ch1_only_eyes_closed_60s,0,18.176,22.176,39.427312868112125,566.0,0.28364921298975593,0.713595917989069,0.75,high_50hz_ratio,0.0,0.75,5.0,9.5,19.5,49.0,1.8442983336851339e-10,0.36100024333578173,4.6677868563589743e-11,0.0913665734121319,2.2693537831051386e-11,0.044419997185541855,3.2205517183470716e-11,0.06303860567263572,2.248788636953734e-10,0.4401745803939087,0.7046475205403222,2.0568793156490917,0.4523668167479136,0.5032131860665444
20260523-202323_fp1_fp2_ch1_only_eyes_closed_60s,fp1_fp2_ch1_only_eyes_closed_60s,0,18.432,22.432,39.380121889095264,566.0,0.28663843638475983,0.7099849786199205,0.75,high_50hz_ratio,0.0,0.75,5.0,9.5,17.25,49.25,1.7500382576119147e-10,0.3680840312192441,4.544917150872951e-11,0.09559284885198086,1.9741630143588165e-11,0.04152239972174768,2.7277556805191786e-11,0.05737264900921649,2.0797312423846743e-10,0.437428071197811,0.7237316114700824,2.3021995234517565,0.463676880071225,0.49480072020702753
20260523-202323_fp1_fp2_ch1_only_eyes_closed_60s,fp1_fp2_ch1_only_eyes_closed_60s,0,18.688,22.688,39.30447811636735,566.0,0.2665132713324068,0.7043604354950556,0.75,high_50hz_ratio,0.0,0.75,4.75,8.0,17.25,49.25,1.7474572243731572e-10,0.3698490048834782,4.7073387264434975e-11,0.0996307388439288,1.9533661829341954e-11,0.041342959865035084,2.5284318685186747e-11,0.05351421467971871,2.0584146219288494e-10,0.43566308172783924,0.7725603395746664,2.409859844800066,0.46947974372740703,0.48917729640755797
20260523-202323_fp1_fp2_ch1_only_eyes_closed_60s,fp1_fp2_ch1_only_eyes_closed_60s,0,18.944,22.944,39.30304059484457,566.0,0.28227572378739707,0.6757711488600051,0.75,high_50hz_ratio,0.0,0.75,4.75,9.0,17.0,49.25,1.6905571398895425e-10,0.413442080078653,4.555370693688378e-11,0.11140599100074877,1.168741653551175e-11,0.028582706192961566,3.4304623897081265e-11,0.08389527171646995,1.482967184223817e-10,0.3626739510111667,0.3406950786160972,3.8976712088998164,0.5248480710794018,0.4465692227276366
20260523-202323_fp1_fp2_ch1_only_eyes_closed_60s,fp1_fp2_ch1_only_eyes_closed_60s,0,19.2,23.2,39.25701211248762,566.0,0.28603860746308746,0.6760121386870602,0.75,high_50hz_ratio,0.0,0.5,4.75,8.0,17.25,49.25,1.632037002047906e-10,0.40657475019374395,4.6773145178297434e-11,0.1165217442544467,1.2147055930929222e-11,0.030260871686792902,3.1106445805933134e-11,0.07749270033150427,1.481809557881116e-10,0.36914993353351216,0.39049964135125764,3.8505746120096602,0.5230964944481906,0.44664263386501646
20260523-202323_fp1_fp2_ch1_only_eyes_closed_60s,fp1_fp2_ch1_only_eyes_closed_60s,0,19.456,23.456,38.90687599897992,566.0,0.30522057685190745,0.6305834620627082,0.75,high_50hz_ratio,0.0,0.5,4.75,8.0,13.5,49.25,1.668446289936185e-10,0.44956227556034484,3.903371703190296e-11,0.1051762154903534,1.2604862308399865e-11,0.03396375787862973,2.7757740787341562e-11,0.0747931365129456,1.2488589595411516e-10,0.3365046145577265,0.45410260168392724,3.0967190340421995,0.5547384910506983,0.4112977510706721
20260523-202323_fp1_fp2_ch1_only_eyes_closed_60s,fp1_fp2_ch1_only_eyes_closed_60s,0,19.712,23.712,38.60129531505387,566.0,0.2839932423826872,0.6584304897370883,0.75,high_50hz_ratio,0.75,0.75,5.25,8.25,13.5,49.25,1.61436879895162e-10,0.4380123088725543,4.0590943331889884e-11,0.11013179156870537,1.5809470468285245e-11,0.042894428251853293,2.818593131036609e-11,0.07647437722405248,1.2254376871806052e-10,0.33248709408283456,0.5608993470608123,2.567508090376447,0.5481441004412597,0.40896147130688704
20260523-202323_fp1_fp2_ch1_only_eyes_closed_60s,fp1_fp2_ch1_only_eyes_closed_60s,0,19.968,23.968,38.13782898907592,566.0,0.2270319786125365,0.7111467018813191,1.0,,0.75,0.75,5.25,12.5,13.0,49.25,1.2767346453814535e-10,0.45258348330938436,3.035594043803235e-11,0.1076073036184599,1.4326162472582102e-11,0.05078411976797428,2.1357534379073467e-11,0.07570928962527716,8.838615553916231e-11,0.31331580367890444,0.6707779193191493,2.1189163878413764,0.5601907869278443,0.3890250933041816
20260523-202323_fp1_fp2_ch1_only_eyes_closed_60s,fp1_fp2_ch1_only_eyes_closed_60s,0,20.224,24.224,37.813119416414196,566.0,0.22737327921350023,0.7472117926677149,1.0,,0.25,0.75,4.25,12.5,13.0,49.25,8.535252316894247e-11,0.4212647727154418,2.1194485490822607e-11,0.10460721934885876,1.0737608508401383e-11,0.05299639705841807,1.3856431784136929e-11,0.06838961953869314,7.146911144341723e-11,0.3527419913385881,0.7749187291272183,1.9738553025321692,0.5258719920643006,0.42113161087728124
20260523-202323_fp1_fp2_ch1_only_eyes_closed_60s,fp1_fp2_ch1_only_eyes_closed_60s,0,20.48,24.48,38.312543637821804,566.0,0.22170771976565792,0.7369081576237368,1.0,,0.25,0.75,5.25,12.5,13.0,49.25,1.1365387812015823e-10,0.4561910681239971,2.436212607268866e-11,0.09778623042780378,1.1510582900804008e-11,0.046201899971209597,1.5392315758990854e-11,0.06178264290790129,8.421766746106286e-11,0.33803815856908814,0.74781358965304,2.116498033386909,0.5539772985518009,0.39982080147698945
20260523-202323_fp1_fp2_ch1_only_eyes_closed_60s,fp1_fp2_ch1_only_eyes_closed_60s,0,20.736,24.736,38.364879773042425,566.0,0.19260199820475649,0.703103489326081,1.0,,0.75,0.75,5.25,12.5,14.25,49.25,1.627765981634373e-10,0.5056462618721154,3.0161331285762385e-11,0.09369261054601574,1.440589640143263e-11,0.04475021438270576,2.037486677051708e-11,0.0632921152972496,9.4199237832385e-11,0.29261879790191336,0.7070424834521277,2.093679591001565,0.5993388724181311,0.35591091319916296
20260523-202323_fp1_fp2_ch1_only_eyes_closed_60s,fp1_fp2_ch1_only_eyes_closed_60s,0,20.992,24.992,29.917369536775787,566.0,0.15840742182334652,0.6827700878464,1.0,,0.75,0.75,5.25,9.25,13.5,49.5,1.3313369373582016e-10,0.5816950582256325,1.9243465308752372e-11,0.08407960719132293,9.023202715512881e-12,0.039424673662229744,1.1714840622481173e-11,0.05118512606974061,5.5756767308775056e-11,0.2436155348510743,0.7702369162579175,2.13266463310955,0.6657746654169554,0.2948006609208149
20260523-202323_fp1_fp2_ch1_only_eyes_closed_60s,fp1_fp2_ch1_only_eyes_closed_60s,0,21.248,25.248,29.63906206343244,566.0,0.1369749621879008,0.6614755551277542,1.0,,1.0,1.0,5.5,9.5,13.5,49.5,1.2687652501957857e-10,0.627980011535355,1.4021128247810518e-11,0.06939808823925486,7.829613653638128e-12,0.0387529597911853,9.559554525596658e-12,0.047315365551907074,4.3752292361117874e-11,0.2165535748822977,0.8190354093042264,1.790781623215269,0.6973780997746098,0.2638689404342048
20260523-202323_fp1_fp2_ch1_only_eyes_closed_60s,fp1_fp2_ch1_only_eyes_closed_60s,0,21.504,25.504,30.150091210475633,564.0,0.1205425672027531,0.628457487447396,1.0,,1.25,1.25,5.25,9.5,16.75,49.5,1.219592248022466e-10,0.6802411337233738,1.3543963414484604e-11,0.07554296153583939,4.266092247639042e-12,0.023794603744062344,6.669560219045923e-12,0.03720021353199465,3.284938338308436e-11,0.18322108746472973,0.6396362140125192,3.1747938460496625,0.7557840952592132,0.22042130099672438
20260523-202323_fp1_fp2_ch1_only_eyes_closed_60s,fp1_fp2_ch1_only_eyes_closed_60s,0,21.76,25.76,34.08019952993234,564.0,0.09134496373396733,0.6327680765404364,1.0,,1.25,1.25,5.25,9.25,13.25,49.5,1.4734121061543286e-10,0.70556636938268,1.9395754210325783e-11,0.09287959439492345,4.699739385615108e-12,0.022505435115556978,6.780100088557067e-12,0.03246756683722626,3.061005736631589e-11,0.14658103426961325,0.6931666677822306,4.126985055744158,0.7984459637776035,0.1790486011068395
20260523-202323_fp1_fp2_ch1_only_eyes_closed_60s,fp1_fp2_ch1_only_eyes_closed_60s,0,22.016,26.016,34.91340716687502,564.0,0.08802390044577943,0.6616867032480653,1.0,,1.25,1.25,5.25,9.75,17.25,49.5,1.8393174182034644e-10,0.6509776289211154,2.6908262143053328e-11,0.09523465887351794,8.41856099478323e-12,0.029795264379459847,9.695172067795556e-12,0.034313490766810215,5.3593210286453665e-11,0.18967895705909663,0.8683250731306933,3.1963018572565667,0.7462122877946333,0.22399244782590683
20260523-202323_fp1_fp2_ch1_only_eyes_closed_60s,fp1_fp2_ch1_only_eyes_closed_60s,0,22.272,26.272,35.300821520185615,564.0,0.1069939099193728,0.6829903436126942,1.0,,1.0,1.0,5.25,10.25,17.25,49.0,1.7792168492053516e-10,0.5915101385343349,2.6096598184166787e-11,0.08675953363461963,1.2738989474522355e-11,0.042351450483551815,1.1923191947325751e-11,0.039639288059148334,7.211181836042786e-11,0.2397395892883453,1.0684210680160675,2.0485610916281307,0.6782696721689545,0.2793788773474936
20260523-202323_fp1_fp2_ch1_only_eyes_closed_60s,fp1_fp2_ch1_only_eyes_closed_60s,0,22.528,26.528,35.37704057718791,564.0,0.11362230120313213,0.6747722658167158,1.0,,1.0,1.0,5.25,10.25,17.75,49.25,1.7869604661519872e-10,0.5987967967978876,2.5382500550467397e-11,0.08505481969094537,1.2520696578243213e-11,0.04195589744005356,1.1004447196022868e-11,0.036875061627410034,7.082149698824263e-11,0.23731742444370346,1.137785147696318,2.0272434837670055,0.683851616488833,0.2741924860711135
20260523-202323_fp1_fp2_ch1_only_eyes_closed_60s,fp1_fp2_ch1_only_eyes_closed_60s,0,22.784,26.784,35.43405141950324,564.0,0.10023063456856825,0.6618687632368976,1.0,,1.0,1.0,5.25,10.25,17.75,49.5,1.8821131025859724e-10,0.6363534133214754,2.6140599740470752e-11,0.08838289180529833,8.661142085428035e-12,0.02928382636384442,1.1300117335988587e-11,0.03820635554690872,6.145221239183221e-11,0.2077735129624731,0.7664647921702592,3.0181469698379715,0.7247363051267738,0.2459798685093818
20260523-202323_fp1_fp2_ch1_only_eyes_closed_60s,fp1_fp2_ch1_only_eyes_closed_60s,0,23.04,27.04,36.032873879278625,564.0,0.1233868753259314,0.6560417130172818,1.0,,1.0,1.0,5.25,8.5,13.0,49.5,2.612133820920662e-10,0.5972280224904449,3.09162130156172e-11,0.07068561577638721,2.370264521654682e-11,0.05419279754006453,1.3311413590551916e-11,0.030434693473842575,1.0823264501172269e-10,0.2474588707192607,1.7806257055501844,1.3043359816243036,0.6679136382668321,0.2778935641931033
20260523-202323_fp1_fp2_ch1_only_eyes_closed_60s,fp1_fp2_ch1_only_eyes_closed_60s,0,23.296,27.296,36.235728225054345,564.0,0.145272758601895,0.6605248870575516,1.0,,1.0,1.0,5.25,10.25,14.75,49.5,2.858149298320199e-10,0.5265500157862928,2.8299434301380585e-11,0.052135371608798775,3.8621354135549755e-11,0.07115119788078851,2.5885818806447247e-11,0.047688825454942775,1.6418526429790577e-10,0.3024745892691773,1.4919888926183218,0.7327406025707378,0.5786853873950916,0.3501634147241201
20260523-202323_fp1_fp2_ch1_only_eyes_closed_60s,fp1_fp2_ch1_only_eyes_closed_60s,0,23.552,27.552,40.82041156088459,594.0,0.12450405167179393,0.6539685351026678,1.0,,1.0,1.0,5.25,10.25,14.75,49.5,3.2061318997672865e-10,0.5785787618666407,3.2582152563436944e-11,0.058797772763097,3.7458192960284e-11,0.06759707829330386,2.557373023546171e-11,0.04615036947487685,1.3791196492362733e-10,0.24887601760208167,1.4647136970398922,0.8698271322907382,0.6373765346297378,0.2950263870769585
20260523-202323_fp1_fp2_ch1_only_eyes_closed_60s,fp1_fp2_ch1_only_eyes_closed_60s,0,23.808,27.808,41.476451150020054,594.0,0.14761962156445582,0.691909122321794,1.0,,1.0,1.0,4.5,8.0,22.5,49.5,2.949824086772734e-10,0.4693226746478975,4.4162730117512527e-11,0.07026375135874702,3.381666259813192e-11,0.05380295933370196,3.1807404391191294e-11,0.05060619095701108,2.237587231052837e-10,0.3560044237026424,1.0631695117976074,1.3059458481261288,0.5395864260066445,0.4066106146596535
20260523-202323_fp1_fp2_ch1_only_eyes_closed_60s,fp1_fp2_ch1_only_eyes_closed_60s,0,24.064,28.064,41.493168112353146,594.0,0.14605184644936514,0.7364378095988898,1.0,,1.0,1.0,4.5,10.25,14.25,49.25,2.645002472804256e-10,0.4455129507884233,4.879820175437294e-11,0.08219361259693005,4.721912665613837e-11,0.0795338857582434,3.345166683497649e-11,0.05634456282621601,1.9972898063985563e-10,0.33641498803018727,1.4115627448126697,1.0334414295659002,0.5277065633853534,0.3927595508564033
20260523-202323_fp1_fp2_ch1_only_eyes_closed_60s,fp1_fp2_ch1_only_eyes_closed_60s,0,24.32,28.32,41.51004697660556,594.0,0.16293959103799488,0.6910425587035435,1.0,,0.0,1.0,4.5,10.25,14.5,49.25,2.56821789650412e-10,0.47970298228747704,5.479657420873717e-11,0.10235144028413283,2.4836814845922187e-11,0.04639129011727781,2.3762460666909272e-11,0.044384564346824154,1.7515903980927049e-10,0.32716972296428815,1.0452122443913825,2.206264150563328,0.5820544225716099,0.3715542873111123
20260523-202323_fp1_fp2_ch1_only_eyes_closed_60s,fp1_fp2_ch1_only_eyes_closed_60s,0,24.576,28.576,41.056156663769684,594.0,0.16090801786697748,0.6874961936185959,1.0,,0.0,0.75,4.5,10.25,14.75,49.25,2.5105429910860763e-10,0.48470171336969986,5.533832773743617e-11,0.10683976480221788,2.1793169359545124e-11,0.04207530628168158,2.4992488083345995e-11,0.04825211851930511,1.6477800136817657e-10,0.3181310970270956,0.8719887866653511,2.539251029736008,0.5915414781719177,0.3663832155464007
20260523-202323_fp1_fp2_ch1_only_eyes_closed_60s,fp1_fp2_ch1_only_eyes_closed_60s,0,24.832,28.832,40.97799409439168,594.0,0.1478904476473109,0.6769556889322922,1.0,,0.0,0.75,5.0,8.0,14.5,49.25,2.493970268773987e-10,0.5198151922913521,5.073634182720861e-11,0.10574914069057928,1.65357470134944e-11,0.034465256547449655,2.259951075932843e-11,0.047103885632228434,1.4051155420188655e-10,0.2928665248383904,0.7316860612422292,3.0682824178311376,0.6255643329819314,0.3399704104706188
20260523-202323_fp1_fp2_ch1_only_eyes_closed_60s,fp1_fp2_ch1_only_eyes_closed_60s,0,25.088,29.088,41.094415679018965,594.0,0.17593449622757892,0.6649422857374563,1.0,,0.0,0.75,5.0,8.0,17.0,49.25,2.3691107372139756e-10,0.5233575257378879,3.802149505853936e-11,0.08399284704645381,1.4710702359037985e-11,0.03249724323796886,3.108443324595093e-11,0.06866826365278546,1.319476887650511e-10,0.291484120324904,0.4732498174453352,2.5846145296509007,0.6073503727843417,0.36015238397768945
20260523-202323_fp1_fp2_ch1_only_eyes_closed_60s,fp1_fp2_ch1_only_eyes_closed_60s,0,25.344,29.344,41.14774598930055,594.0,0.18280129417195842,0.6429189539733515,1.0,,0.0,0.75,5.0,8.0,17.0,49.5,2.7643486222410807e-10,0.5569164796602288,4.709826980138412e-11,0.0948860154787922,1.7874395865089702e-11,0.036010456644823885,1.978801800198489e-11,0.03986571460796588,1.3517127448372944e-10,0.2723213336081891,0.9032938954925532,2.634957296283857,0.651802495139021,0.312187048216155
20260523-202323_fp1_fp2_ch1_only_eyes_closed_60s,fp1_fp2_ch1_only_eyes_closed_60s,0,25.6,29.6,41.38933437493287,646.0,0.17520821914436266,0.6392984590913318,1.0,,0.0,0.75,4.5,8.75,14.75,49.5,2.781483354019125e-10,0.6197478398358622,4.24556399173091e-11,0.09459625594948141,1.2974169163632795e-11,0.02890800443298714,2.028112870702273e-11,0.045188786362674045,9.494960926718634e-11,0.2115591134189951,0.6397163269882628,3.2723205148514825,0.7143440957853436,0.2567478997816692
20260523-202323_fp1_fp2_ch1_only_eyes_closed_60s,fp1_fp2_ch1_only_eyes_closed_60s,0,25.856,29.856,38.08033613297026,646.0,0.18958220620141872,0.6639927465476615,1.0,,0.0,0.5,4.5,8.0,17.0,49.25,2.1176698952318424e-10,0.584991239186494,2.792244095128095e-11,0.07713375616275295,8.226212793876367e-12,0.022724327464525254,2.7479012933161364e-11,0.07590881781710306,8.660561890975111e-11,0.2392418593691248,0.29936347473198593,3.394325147055101,0.662124995349247,0.31515067718622786
20260523-202323_fp1_fp2_ch1_only_eyes_closed_60s,fp1_fp2_ch1_only_eyes_closed_60s,0,26.112,30.112,37.362922797875434,646.0,0.2163970296898588,0.6892974728411988,1.0,,0.0,0.75,4.5,8.0,17.0,49.25,1.6561172722889665e-10,0.5338909436796154,2.338002044304098e-11,0.07537136038881834,8.253052600225686e-12,0.026605785198303138,2.182568908614433e-11,0.07036058338159941,9.11271815133661e-11,0.29377132735166367,0.3781348010434638,2.8328936668114335,0.6092623040684337,0.36413191073326306
20260523-202323_fp1_fp2_ch1_only_eyes_closed_60s,fp1_fp2_ch1_only_eyes_closed_60s,0,26.368,30.368,37.201532226509165,646.0,0.21886434497194304,0.6993002059717713,1.0,,0.0,0.75,4.5,8.0,17.0,49.25,1.4709472782480128e-10,0.5165469999815988,2.1549942100521568e-11,0.07567611773999085,7.1079659371258035e-12,0.0249607755158079,2.003237160038241e-11,0.07034692273280388,8.898042110425246e-11,0.31246918402979845,0.3548239858425008,3.0318015436685624,0.5922231177215896,0.38281610676260236
20260523-202323_fp1_fp2_ch1_only_eyes_closed_60s,fp1_fp2_ch1_only_eyes_closed_60s,0,26.624,30.624,43.046567807433846,646.0,0.19124520719184565,0.775915886629418,1.0,,0.0,0.75,4.5,8.75,14.75,49.25,1.8150851005541485e-10,0.4281948269197651,4.80453692685269e-11,0.11334332793515949,2.7573553978254648e-11,0.06504848268368739,2.6998961509706165e-11,0.06369296760318563,1.39765951952543e-10,0.32972039485820226,1.0212820211007716,1.742443839717468,0.5415381548549246,0.3934133624613879
20260523-202323_fp1_fp2_ch1_only_eyes_closed_60s,fp1_fp2_ch1_only_eyes_closed_60s,0,26.88,30.88,43.00415096243617,646.0,0.19537770695067277,0.8044752583889886,1.0,,0.0,1.75,5.0,8.0,17.5,49.25,1.5995468860868253e-10,0.38246978769969453,5.128314227699449e-11,0.12262380496541836,3.284554753444147e-11,0.07853742645275702,2.842827497482236e-11,0.0679752271650426,1.4570357236368778e-10,0.3483937537170874,1.1553830671587104,1.56134228614151,0.5050935926651129,0.41636898088213004
20260523-202323_fp1_fp2_ch1_only_eyes_closed_60s,fp1_fp2_ch1_only_eyes_closed_60s,0,27.136,31.136,42.57960779528153,646.0,0.20473895345130633,0.7716658266483527,1.0,,0.0,0.75,5.0,8.0,17.5,49.25,1.35126006659176e-10,0.4158218984673501,4.0102457013510547e-11,0.12340688680768376,1.6391051938548165e-11,0.050440018938435784,2.0930402717498433e-11,0.0644089173420812,1.1241133829875044e-10,0.345922278444449,0.783121670413191,2.4466066707529825,0.5392287852750339,0.4103311957865302
20260523-202323_fp1_fp2_ch1_only_eyes_closed_60s,fp1_fp2_ch1_only_eyes_closed_60s,0,27.392,31.392,42.50499970591695,646.0,0.2126821846679927,0.7355941578790076,1.0,,0.0,2.0,4.75,8.0,17.5,49.75,1.3731804918326546e-10,0.4508934062891289,3.843037551129109e-11,0.12618882238947562,1.6114110868818097e-11,0.052911808623680334,1.476507357173818e-11,0.04848215042718469,9.79189805198538e-11,0.3215238122705306,1.0913667846303259,2.3848896053989854,0.5770822286786045,0.3700059626977153
20260523-202323_fp1_fp2_ch1_only_eyes_closed_60s,fp1_fp2_ch1_only_eyes_closed_60s,0,27.648,31.648,37.008850292869134,587.0,0.1930980513315015,0.7348274587545982,1.0,,1.0,1.0,7.0,8.0,17.75,49.5,1.4446746389689127e-10,0.473860804005717,3.8265362194837474e-11,0.12551238047728916,1.643065409758545e-11,0.053893400984588134,1.5274113682291432e-11,0.05009988820133976,9.043561504471633e-11,0.2966335263310658,1.0757189869966004,2.328900722245788,0.5993731844830061,0.3467334145324056
20260523-202323_fp1_fp2_ch1_only_eyes_closed_60s,fp1_fp2_ch1_only_eyes_closed_60s,0,27.904,31.904,37.03799400615536,587.0,0.20655374193886258,0.7660070846469386,1.0,,0.0,1.75,7.0,8.0,17.75,49.75,1.2551731968167123e-10,0.40268357937022203,4.261732313882631e-11,0.13672452748547625,2.1936497674309562e-11,0.07037648210414614,1.291441827229151e-11,0.04143192500094423,1.0871654708478227e-10,0.34878348603921133,1.6986051722806088,1.942758765394744,0.5394081068556983,0.39021541104015556
20260523-202323_fp1_fp2_ch1_only_eyes_closed_60s,fp1_fp2_ch1_only_eyes_closed_60s,0,28.16,32.16,37.03293129094698,587.0,0.1865879436556994,0.7708417488989584,1.0,,0.0,1.75,5.0,8.0,15.25,49.0,1.1789711392001595e-10,0.3984921332703882,4.118673790474011e-11,0.1392111350685218,1.6098547871332198e-11,0.0544130765419314,1.5149719116151047e-11,0.0512060362490118,1.0552595234325683e-10,0.3566776188701468,1.0626301219122676,2.55841323291551,0.53770326833891,0.40788365511915864
20260523-202323_fp1_fp2_ch1_only_eyes_closed_60s,fp1_fp2_ch1_only_eyes_closed_60s,0,28.416,32.416,36.78757942567029,587.0,0.19206393025974774,0.7587445788314858,1.0,,0.0,2.25,5.25,8.75,15.25,49.75,1.1406335028231492e-10,0.4163239967810054,3.91678488387718e-11,0.14296016497421785,1.3391076267931596e-11,0.04887657936809645,1.300805135699996e-11,0.04747856272742206,9.434703503049849e-11,0.34436069614925824,1.0294452182282878,2.9249216459598077,0.5592841617552232,0.3918392588766803
20260523-202323_fp1_fp2_ch1_only_eyes_closed_60s,fp1_fp2_ch1_only_eyes_closed_60s,0,28.672,32.672,36.80021739066225,587.0,0.1891077759758131,0.7699457236073031,1.0,,2.25,2.25,5.25,8.75,15.25,49.5,1.1739110780646265e-10,0.40053212730181986,4.0873153906782834e-11,0.13945699627273775,1.601333206213553e-11,0.054636625174470696,1.53171260271753e-11,0.05226120773925305,1.0349314957078594e-10,0.35311304351171874,1.0454527849235578,2.5524452842284977,0.5399891235745576,0.4053742512509718
20260523-202323_fp1_fp2_ch1_only_eyes_closed_60s,fp1_fp2_ch1_only_eyes_closed_60s,0,28.928,32.928,36.64184766083719,587.0,0.19397465211480286,0.777817364416728,1.0,,0.0,2.25,5.0,8.0,15.25,49.0,1.0039646247464766e-10,0.38210869812476617,3.995673613149962e-11,0.15207524297360167,1.582051574317298e-11,0.060212845405909904,1.4748085332940724e-11,0.05613117780744511,9.182140131617901e-11,0.3494720356882772,1.0727165856463359,2.525627911260866,0.5341839410983679,0.4056032134957223
20260523-202323_fp1_fp2_ch1_only_eyes_closed_60s,fp1_fp2_ch1_only_eyes_closed_60s,0,29.184,33.184,36.50134244106646,587.0,0.207963123452054,0.7759074316847074,1.0,,0.0,2.25,6.0,8.75,15.25,49.0,8.96004538822371e-11,0.3705344418008963,3.6204455215804806e-11,0.14972019697272146,1.3693296965944225e-11,0.05662737104388616,1.336445945323108e-11,0.0552674937337053,8.895143804291335e-11,0.36785049644879086,1.024605373218716,2.643954579079584,0.5202546387736178,0.4231179901824962
20260523-202323_fp1_fp2_ch1_only_eyes_closed_60s,fp1_fp2_ch1_only_eyes_closed_60s,0,29.44,33.44,36.45835980951419,587.0,0.20002473965993617,0.764991692637469,1.0,,0.0,2.25,5.25,8.75,15.25,49.5,9.710721827003889e-11,0.40757203574977063,3.605484167296908e-11,0.15132701235889073,1.399981433422888e-11,0.05875910081630845,1.2460544901683302e-11,0.05229858029717048,7.863538496949296e-11,0.33004327077785967,1.1235314703081434,2.5753799880628923,0.5588990481086613,0.38234185107503016
20260523-202323_fp1_fp2_ch1_only_eyes_closed_60s,fp1_fp2_ch1_only_eyes_closed_60s,0,29.696,33.696,36.71821074072101,596.0,0.1733087248023523,0.7763801525619539,1.0,,2.25,2.25,5.0,8.5,13.0,49.5,1.0324102451143514e-10,0.4197701067389296,3.8501615706662896e-11,0.1565446237219103,1.6820537194763788e-11,0.06839101730213913,1.5476747845608436e-11,0.06292727262119498,7.190666039405336e-11,0.29236697961582586,1.086826338618462,2.2889646900604577,0.5763147304608399,0.3552942522370208
20260523-202323_fp1_fp2_ch1_only_eyes_closed_60s,fp1_fp2_ch1_only_eyes_closed_60s,0,29.952,33.952,36.725236554718066,596.0,0.17664053118040648,0.785554649604881,1.0,,2.25,2.25,5.0,9.5,13.0,49.5,1.0007252143739284e-10,0.40725639931657015,3.56455950215327e-11,0.145063764472529,1.731118702647962e-11,0.0704498257367331,1.6777492447321693e-11,0.0682778955253153,7.591683567951477e-11,0.30895211494885255,1.0318101516560731,2.059107498925886,0.5523201637890991,0.3772300104741678
20260523-202323_fp1_fp2_ch1_only_eyes_closed_60s,fp1_fp2_ch1_only_eyes_closed_60s,0,30.208,34.208,36.73197517150419,596.0,0.19182660443583172,0.7844125527686888,1.0,,2.25,2.25,4.0,9.5,13.0,49.5,9.917463977550443e-11,0.4078264652257802,3.168326009560197e-11,0.13028806558680184,1.6624322291507117e-11,0.06836262387508134,1.7076568307458585e-11,0.07022235227455352,7.861973822251661e-11,0.3233004930377831,0.9735165750044791,1.9058376961199812,0.5381145308125821,0.3935228453123366
20260523-202323_fp1_fp2_ch1_only_eyes_closed_60s,fp1_fp2_ch1_only_eyes_closed_60s,0,30.464,34.464,33.49229762199064,596.0,0.20653508556615194,0.7664663304226691,1.0,,2.25,2.25,4.25,9.75,13.0,49.5,9.007298518042897e-11,0.4320128650199194,3.2743182258568675e-11,0.15704460054319566,1.1120997077437573e-11,0.053339120488546415,1.074782195306757e-11,0.051549278014575886,6.381108499882223e-11,0.3060541359337626,1.0347209998453215,2.9442667802690536,0.5890574655631151,0.3576034139483385
20260523-202323_fp1_fp2_ch1_only_eyes_closed_60s,fp1_fp2_ch1_only_eyes_closed_60s,0,30.72,34.72,29.588105718345673,596.0,0.1935661648490952,0.7850290934176561,1.0,,2.25,2.25,4.0,9.75,13.0,49.5,6.216930951356625e-11,0.4199083600311869,2.4702241081961427e-11,0.1668456288638362,9.079389886728442e-12,0.06132465918071583,8.604220184203994e-12,0.058115234271790175,4.349930890625544e-11,0.29380611765247094,1.0552251909355814,2.7206939442119644,0.5867539888950231,0.3519213519242611
20260523-202323_fp1_fp2_ch1_only_eyes_closed_60s,fp1_fp2_ch1_only_eyes_closed_60s,0,30.976,34.976,29.35126913780731,596.0,0.19364283010194935,0.7985010595412225,1.0,,2.25,2.25,4.25,9.75,13.0,49.5,5.341723853801881e-11,0.40380931478935134,2.2760512468604892e-11,0.17205881838426293,8.293130980294389e-12,0.06269218758336854,7.894844142611973e-12,0.059681325558000375,3.991759815654817e-11,0.3017583536850168,1.050448980434292,2.744501747613414,0.5758681331736143,0.3614396792430172
20260523-202323_fp1_fp2_ch1_only_eyes_closed_60s,fp1_fp2_ch1_only_eyes_closed_60s,0,31.232,35.232,29.340586224545685,596.0,0.21256781413051695,0.7835504409981431,1.0,,49.5,2.25,4.0,8.0,13.0,49.5,5.73910782827067e-11,0.4379836526307645,2.142125816202091e-11,0.1634776898167387,7.387377924918284e-12,0.05637724300946854,7.32631854838345e-12,0.05591126450614876,3.750871675352831e-11,0.28625015003687937,1.0083342508425746,2.8997106117672815,0.6014613424475033,0.3421614145430281
20260523-202323_fp1_fp2_ch1_only_eyes_closed_60s,fp1_fp2_ch1_only_eyes_closed_60s,0,31.488,35.488,37.95644872745605,601.0,0.23142163995564768,0.7835578118004992,1.0,,49.5,1.25,4.0,9.5,13.0,49.5,7.866531871655858e-11,0.4468217114872913,2.6730752646612858e-11,0.1518315929023101,1.1887561876715514e-11,0.06752175964993627,1.0600016752992034e-11,0.06020845913599399,4.817162371956692e-11,0.2736164768244686,1.1214663291319844,2.2486320512006,0.5986533043896014,0.3338249359604626
20260523-202323_fp1_fp2_ch1_only_eyes_closed_60s,fp1_fp2_ch1_only_eyes_closed_60s,0,31.744,35.744,37.69153751175455,601.0,0.20299407166199349,0.8018353810741872,1.0,,2.25,2.25,4.0,9.5,13.0,49.5,6.265769275210038e-11,0.40217282216968014,2.3376680011512277e-11,0.15004487015478704,1.2812682023309828e-11,0.08223910365267172,1.1089255608228142e-11,0.07117716959937957,4.5861618500364274e-11,0.2943660344234816,1.1554140761083111,1.8244954466975456,0.5522176923244672,0.36554320402286117
20260523-202323_fp1_fp2_ch1_only_eyes_closed_60s,fp1_fp2_ch1_only_eyes_closed_60s,0,32.0,36.0,37.779677076438865,601.0,0.17240658163792708,0.8045253787900183,1.0,,1.75,1.75,6.0,9.0,13.75,50.0,6.003840502881728e-11,0.36748073811087406,2.3262350208483146e-11,0.14238328984095985,1.2728707642943474e-11,0.0779093794643821,1.1396792242780218e-11,0.06975704340351731,5.5952117679478666e-11,0.3424695491802666,1.1168675686798637,1.8275500436510772,0.5098640279518339,0.4122265925837839
20260523-202323_fp1_fp2_ch1_only_eyes_closed_60s,fp1_fp2_ch1_only_eyes_closed_60s,0,32.256,36.256,37.85746954036944,601.0,0.18484440182344525,0.8061274487380558,1.0,,1.0,1.0,4.0,9.25,13.0,49.5,5.7276638371936657e-11,0.3647532308631219,2.143622962917597e-11,0.13651174784371933,1.1340138338049297e-11,0.07221708911018926,1.1836559969251386e-11,0.07537843724440554,5.5138894375545424e-11,0.351139494938564,0.9580603120761711,1.8902970131547245,0.5012649787068413,0.4265179321829695
20260523-202323_fp1_fp2_ch1_only_eyes_closed_60s,fp1_fp2_ch1_only_eyes_closed_60s,0,32.512,36.512,38.02086269405259,601.0,0.1926342651322781,0.8086745434892255,1.0,,0.75,0.75,4.0,9.5,13.0,49.5,5.681865767355822e-11,0.35873626311131157,2.2394403008796034e-11,0.1413916621568279,1.1775903349714533e-11,0.07434958401705613,1.2073311139828978e-11,0.07622732917356481,5.532332315254058e-11,0.3492951615412396,0.9753665099267328,1.9017142331878014,0.5001279252681394,0.4255224907148044
20260523-202323_fp1_fp2_ch1_only_eyes_closed_60s,fp1_fp2_ch1_only_eyes_closed_60s,0,32.768,36.768,38.20751235032189,601.0,0.18436981388117774,0.8161986001205378,1.0,,0.0,0.75,4.0,9.5,13.25,49.5,6.238466940583598e-11,0.3553588866894307,2.3147626450798272e-11,0.131854746420905,1.2928214872761648e-11,0.0736423882313071,1.484399667340109e-11,0.08455516687226305,6.224947968619808e-11,0.3545888117860942,0.8709389497457699,1.7904735246602237,0.4872136331103357,0.43914397865835725
20260523-202323_fp1_fp2_ch1_only_eyes_closed_60s,fp1_fp2_ch1_only_eyes_closed_60s,0,33.024,37.024,38.2221140179347,601.0,0.13855935282454127,0.7987292137652106,1.0,,1.0,1.0,4.0,9.5,13.25,49.5,8.569576021616099e-11,0.4040034958888384,1.838231060980931e-11,0.0866614372769974,1.781471366885491e-11,0.08398556220659756,1.8617362029561824e-11,0.08776956205533087,7.160623634904282e-11,0.3375799425722357,0.9568871057332171,1.031861131843321,0.4906649331658358,0.4253495046275666
20260523-202323_fp1_fp2_ch1_only_eyes_closed_60s,fp1_fp2_ch1_only_eyes_closed_60s,0,33.28,37.28,38.19769626561267,601.0,0.14851861636973185,0.7682094558728053,1.0,,1.0,1.0,4.0,9.5,13.5,50.0,9.160099203046522e-11,0.44400773076174194,1.8954167626676053e-11,0.09187451762093503,1.4859232062486054e-11,0.07202557267864824,1.671926613809916e-11,0.08104151771096642,6.417129064691798e-11,0.3110506612277083,0.8887490599019452,1.2755819107589121,0.535882248382677,0.3920921789386747
20260523-202323_fp1_fp2_ch1_only_eyes_closed_60s,fp1_fp2_ch1_only_eyes_closed_60s,0,33.536,37.536,37.651573672291576,586.0,0.1314015305939108,0.7701014533028089,1.0,,0.0,1.5,4.0,9.5,13.5,50.0,9.303850110265559e-11,0.42522470666182144,2.4896695697915752e-11,0.11378827044208134,1.701017142108001e-11,0.0777435692436106,1.5784032922081878e-11,0.07213960553628508,6.806903564759019e-11,0.31110384811620145,1.0776822061288762,1.4636357907047481,0.5390129771039027,0.3832434536524865
20260523-202323_fp1_fp2_ch1_only_eyes_closed_60s,fp1_fp2_ch1_only_eyes_closed_60s,0,33.792,37.792,37.416360058135,586.0,0.12097659362173858,0.7713734193617471,1.0,,0.0,0.5,4.0,13.0,13.5,48.0,8.910631063200279e-11,0.40306244499290733,3.001605588792781e-11,0.13577427669737657,1.2378434338665617e-11,0.05599246534099921,2.0852181897646258e-11,0.09432251609891656,6.872023242154662e-11,0.31084829686980026,0.593627774754011,2.4248669150482813,0.5388367216902838,0.4051708129687168
20260523-202323_fp1_fp2_ch1_only_eyes_closed_60s,fp1_fp2_ch1_only_eyes_closed_60s,0,34.048,38.048,37.82926116116994,586.0,0.11371222647953642,0.7675564996004445,1.0,,0.0,0.5,4.75,8.0,13.5,48.5,1.2188980160401076e-10,0.4042695549309385,5.2601276396688174e-11,0.17446163926637062,1.5905339154753593e-11,0.052752931717843454,1.8809440624311922e-11,0.0623849090705246,9.230040238081877e-11,0.30613096501432263,0.8456040491813103,3.3071458511444156,0.5787311941973091,0.3685158740848472
20260523-202323_fp1_fp2_ch1_only_eyes_closed_60s,fp1_fp2_ch1_only_eyes_closed_60s,0,34.304,38.304,37.85757519968758,586.0,0.11676560999506809,0.7664689973124873,1.0,,0.0,0.75,4.25,8.0,13.5,49.5,1.2504947939042068e-10,0.4036928813231161,5.876983006111536e-11,0.18972459659883217,1.5291683657262533e-11,0.04936561004471328,1.9134073337140137e-11,0.06176986289404437,9.151882877204752e-11,0.2954470491392941,0.7991860064412242,3.843254371352601,0.5934174779219483,0.35721691203333844
20260523-202323_fp1_fp2_ch1_only_eyes_closed_60s,fp1_fp2_ch1_only_eyes_closed_60s,0,34.56,38.56,37.83010705773908,586.0,0.11291405376588738,0.7667752149978534,1.0,,0.0,0.5,4.25,8.0,13.5,49.5,1.280262117430675e-10,0.408488956718939,5.875353315652323e-11,0.18746293540907924,1.5673519338118093e-11,0.05000897453242548,1.9781303929498e-11,0.06311554559559507,9.117956368937601e-11,0.2909235877439612,0.7923400496741596,3.7485858720724123,0.5959518921280182,0.3540391333395563
20260523-202323_fp1_fp2_ch1_only_eyes_closed_60s,fp1_fp2_ch1_only_eyes_closed_60s,0,34.816,38.816,37.861207059469194,586.0,0.113738882727065,0.7576949548454054,1.0,,0.0,0.5,4.0,10.0,14.0,49.5,1.1938067240966095e-10,0.41396654645968467,5.0475460898834855e-11,0.17502960745227436,1.5422032741561742e-11,0.053477715484000335,1.8799610761534613e-11,0.06518986519889136,8.43046382183798e-11,0.29233626540514934,0.8203378749264509,3.272944737226862,0.588996153911959,0.3575261306040407
20260523-202323_fp1_fp2_ch1_only_eyes_closed_60s,fp1_fp2_ch1_only_eyes_closed_60s,0,35.072,39.072,37.93155678323789,586.0,0.11993298312922779,0.746992949945703,1.0,,0.0,0.5,4.25,8.25,13.5,49.25,1.3191086109705673e-10,0.4359296502895879,5.873734572255478e-11,0.1941110107751639,1.3521617941329356e-11,0.04468528316387925,1.5913391625218358e-11,0.05258944705848396,8.251345491029511e-11,0.2726846087128849,0.849700570424051,4.343958391474868,0.6300406610647518,0.32527405577136886
20260523-202323_fp1_fp2_ch1_only_eyes_closed_60s,fp1_fp2_ch1_only_eyes_closed_60s,0,35.328,39.328,31.022701365290548,553.0,0.12709750403577222,0.719669652244746,1.0,,0.0,0.75,4.25,8.25,13.5,49.5,1.5129367846929548e-10,0.49606071357301657,6.30541296588033e-11,0.20674146381218014,1.398431708865637e-11,0.0458516864948727,1.1906080071058566e-11,0.03903757668966595,6.475203951419911e-11,0.21230855943026467,1.174552581974449,4.508917329252409,0.7028021773851967,0.2513461361199306
20260523-202323_fp1_fp2_ch1_only_eyes_closed_60s,fp1_fp2_ch1_only_eyes_closed_60s,0,35.584,39.584,34.570507661878494,603.0,0.12951350930824496,0.7118096241749977,1.0,,0.0,0.75,4.0,8.0,13.5,49.5,1.5034626917723776e-10,0.5543091620675578,5.637077664443288e-11,0.20783247990036444,1.1929326044578524e-11,0.043982034007147446,1.0578989636992742e-11,0.03900350113969194,4.200643379389938e-11,0.15487282288523832,1.1276432300173458,4.725394916173952,0.7621416419679222,0.19387632402493027
20260523-202323_fp1_fp2_ch1_only_eyes_closed_60s,fp1_fp2_ch1_only_eyes_closed_60s,0,35.84,39.84,34.9099985677456,603.0,0.13145619951239412,0.7163151200075771,1.0,,0.0,0.75,4.25,8.25,13.25,49.5,1.6545097194399057e-10,0.5392702241380964,6.383823355603434e-11,0.20807407846474846,1.3995637281180475e-11,0.04561732315560343,1.1102467290666054e-11,0.03618733667125388,5.241800670308525e-11,0.17085103757029782,1.2605880219927996,4.561295228897919,0.7473443026028449,0.2070383742415517
20260523-202323_fp1_fp2_ch1_only_eyes_closed_60s,fp1_fp2_ch1_only_eyes_closed_60s,0,36.096,40.096,38.67791359419481,611.0,0.15940366516552348,0.7308158097343553,1.0,,0.75,0.75,4.25,11.0,13.25,49.25,1.6105563345542987e-10,0.4948700321397278,6.235045367444044e-11,0.19158206609603498,1.6399158110523794e-11,0.050389121616570075,1.3189144358187732e-11,0.04052582422854593,7.245597715540143e-11,0.22263295591912136,1.2433830175149543,3.8020521086645553,0.6864520982357628,0.2631587801476673
20260523-202323_fp1_fp2_ch1_only_eyes_closed_60s,fp1_fp2_ch1_only_eyes_closed_60s,0,36.352,40.352,42.19185940439222,611.0,0.15897865128051003,0.7652295990010722,1.0,,0.75,0.75,4.0,8.25,13.5,49.25,2.0576680683012838e-10,0.45531467009685694,8.629183342753749e-11,0.19094400245783144,2.708659884771217e-11,0.059936420302101834,2.1452523691603778e-11,0.047469506369175005,1.1132443594604691e-10,0.2463354007740346,1.2626299468119684,3.1857758854366462,0.6462586725546884,0.2938049071432096
20260523-202323_fp1_fp2_ch1_only_eyes_closed_60s,fp1_fp2_ch1_only_eyes_closed_60s,0,36.608,40.608,42.00345223907197,611.0,0.16972737979451483,0.7620634300872491,1.0,,1.0,1.0,4.0,11.5,13.5,49.25,1.7328864001954818e-10,0.4412005829718718,6.670086203432348e-11,0.1698233606712487,1.815401186564397e-11,0.04622092144930483,2.1777941841134828e-11,0.05544760830919041,1.1284466175510091e-10,0.2873075265983845,0.8335963057516357,3.6741664888163514,0.6110239436431205,0.3427551349075749
20260523-202323_fp1_fp2_ch1_only_eyes_closed_60s,fp1_fp2_ch1_only_eyes_closed_60s,0,36.864,40.864,42.00553534952269,611.0,0.17393007425676055,0.7683509652515128,1.0,,0.75,0.75,4.0,11.5,26.0,49.25,1.613822061516991e-10,0.415490957853068,6.86628398800486e-11,0.17677778604573172,1.7055193575621263e-11,0.04390991351576441,2.0803969107351253e-11,0.05356142574624236,1.205090722519607e-10,0.3102599168391934,0.8198047924227435,4.0259197044937345,0.5922687438987997,0.36382134258543575
20260523-202323_fp1_fp2_ch1_only_eyes_closed_60s,fp1_fp2_ch1_only_eyes_closed_60s,0,37.12,41.12,42.00197614398637,611.0,0.19258652416550925,0.7795007086296495,1.0,,1.25,1.25,4.0,8.25,13.25,49.25,1.7063186061443433e-10,0.393226409456193,7.80254226302973e-11,0.17981200390554922,2.3670411125174246e-11,0.05454919581599413,2.122074846296727e-11,0.048903872313279764,1.403793313733591e-10,0.323508518508984,1.1154371471148592,3.2963273099770856,0.5730384133617422,0.37241239082226374
20260523-202323_fp1_fp2_ch1_only_eyes_closed_60s,fp1_fp2_ch1_only_eyes_closed_60s,0,37.376,41.376,42.026432158821194,611.0,0.20184534663833342,0.7686269511095137,1.0,,1.0,1.0,4.0,8.25,13.5,49.5,1.8088354724659398e-10,0.41682489367004827,6.99866490388967e-11,0.16127601425347662,2.2566752998691506e-11,0.05200243229603599,2.0710359926028007e-11,0.04772459245431789,1.3980841174962868e-10,0.32217206732612125,1.08963596380237,3.1013167487123536,0.5781009079235249,0.3698966597804391
20260523-202323_fp1_fp2_ch1_only_eyes_closed_60s,fp1_fp2_ch1_only_eyes_closed_60s,0,37.632,41.632,41.105401104964294,559.0,0.20712857476409094,0.7760786152453371,1.0,,1.0,1.0,4.0,10.0,13.5,49.25,1.9412577772641638e-10,0.4172683220458822,6.557240737177157e-11,0.14094618817233395,2.653429690227832e-11,0.057034782679324054,2.482569548854411e-11,0.05336218827530391,1.5417190941193249e-10,0.3313885188271559,1.0688239092646024,2.471232142056167,0.5582145102182161,0.38475070710245984
20260523-202323_fp1_fp2_ch1_only_eyes_closed_60s,fp1_fp2_ch1_only_eyes_closed_60s,0,37.888,41.888,41.07757295654162,559.0,0.2273894451349586,0.8045139236442284,1.0,,49.25,1.25,6.25,8.25,15.0,49.25,1.682909628609336e-10,0.3626790303892545,6.314628064685487e-11,0.13608473947952798,3.1322670416274105e-11,0.06750258922200011,2.7831321695471493e-11,0.05997848366525786,1.7343052676444232e-10,0.3737551572439595,1.1254467451817316,2.0159928833541088,0.49876376986878246,0.4337336409092174
20260523-202323_fp1_fp2_ch1_only_eyes_closed_60s,fp1_fp2_ch1_only_eyes_closed_60s,0,38.144,42.144,40.896197867283455,559.0,0.2194639098851239,0.8040449155726144,1.0,,49.25,1.25,6.25,8.25,22.5,49.25,1.579497178379874e-10,0.371756081041221,6.092122760661474e-11,0.1433863709113158,2.6369078271031443e-11,0.06206320171311028,2.5586329071598498e-11,0.060220895320908796,1.5404825153826822e-10,0.36257345101344407,1.0305924776173467,2.3103282936340483,0.5151424519525368,0.42279434633435287
20260523-202323_fp1_fp2_ch1_only_eyes_closed_60s,fp1_fp2_ch1_only_eyes_closed_60s,0,38.4,42.4,41.17636457969547,559.0,0.22122869077427115,0.8130109636862807,1.0,,49.25,1.0,4.25,8.25,19.0,49.25,1.5978699594024695e-10,0.35561413625960864,6.361588921025227e-11,0.1415804168591459,2.925825698650106e-11,0.06511574815892464,2.957528235299556e-11,0.06582130433522627,1.670904712878419e-10,0.37186839438709457,0.9892807323794701,2.1742884150481987,0.49719455311875455,0.43768969872232083
20260523-202323_fp1_fp2_ch1_only_eyes_closed_60s,fp1_fp2_ch1_only_eyes_closed_60s,0,38.656,42.656,41.39066319835912,559.0,0.23782321253581196,0.8143769620551495,1.0,,49.25,1.25,4.0,8.25,19.0,49.25,1.7940733081192513e-10,0.3500564022238294,6.081115796635597e-11,0.1186536529830172,3.3315315378190315e-11,0.06500425254343249,3.734442085725716e-11,0.07286577170098026,2.0163155818746654e-10,0.3934199205487408,0.8921095738914406,1.8253213957615917,0.4687100552068466,0.46628569224972105
20260523-202323_fp1_fp2_ch1_only_eyes_closed_60s,fp1_fp2_ch1_only_eyes_closed_60s,0,38.912,42.912,43.343511625155614,559.0,0.23990036798242798,0.7843788233728829,1.0,,0.75,0.75,4.0,8.25,18.25,49.25,2.2861834301918693e-10,0.38757733792539695,7.0069606685376e-11,0.11878920680620288,3.670150040609171e-11,0.062220159753616465,4.120778852061021e-11,0.06985968302320537,2.1326785575976145e-10,0.36155361249157847,0.8906447475999673,1.9091755353344044,0.5063665447315998,0.43141329551478386
20260523-202323_fp1_fp2_ch1_only_eyes_closed_60s,fp1_fp2_ch1_only_eyes_closed_60s,0,39.168,43.168,44.98818733845586,559.0,0.23466322358040212,0.7220146652144815,1.0,,0.75,0.75,5.25,8.25,18.75,49.25,3.140215971119329e-10,0.4686499166477958,6.745995772796044e-11,0.10067811850215926,3.4294454581027687e-11,0.05118149015448562,4.711590731598589e-11,0.0703163930108646,2.0716388815493386e-10,0.30917408168469473,0.7278742262359441,1.9670806418154998,0.5693280351499551,0.37949047469555935
20260523-202323_fp1_fp2_ch1_only_eyes_closed_60s,fp1_fp2_ch1_only_eyes_closed_60s,0,39.424,43.424,45.39072592501689,559.0,0.23713468727347234,0.702100978893961,1.0,,0.25,0.5,5.75,8.25,18.0,49.25,3.4951774551080205e-10,0.4922077880500954,5.795293310395218e-11,0.08161212236140918,3.463205396539947e-11,0.048770532818094035,4.2487108858541903e-11,0.05983240090240343,2.2551218050499053e-10,0.317577155867998,0.815119100730169,1.673390009205124,0.5738199104115046,0.37740955677040144
20260523-202323_fp1_fp2_ch1_only_eyes_closed_60s,fp1_fp2_ch1_only_eyes_closed_60s,0,39.68,43.68,42.782987272980364,559.0,0.21095554978496298,0.6807742308118733,1.0,,0.25,0.75,4.0,10.5,18.0,49.25,3.963330662946155e-10,0.5227494824071858,6.36470998400828e-11,0.08394830340345433,3.223050262196844e-11,0.042510908112907926,5.0216158154340736e-11,0.06623336006021165,2.1574334758550087e-10,0.28455794601624024,0.6418352937894434,1.9747473561489135,0.6066977858106402,0.35079130607645187
20260523-202323_fp1_fp2_ch1_only_eyes_closed_60s,fp1_fp2_ch1_only_eyes_closed_60s,0,39.936,43.936,43.15721260693281,559.0,0.2612116141239011,0.6113878317797385,0.75,high_50hz_ratio,0.75,0.75,4.25,8.0,18.25,49.25,5.175213657992094e-10,0.5058328987656738,6.857316308318268e-11,0.06702440546842169,3.8675613921508894e-11,0.037802106723163205,3.894253159688636e-11,0.03806299593545587,3.593946937875167e-10,0.35127759310728546,0.9931458571276139,1.7730336025783595,0.5728573042340955,0.3893405890427413
20260523-202323_fp1_fp2_ch1_only_eyes_closed_60s,fp1_fp2_ch1_only_eyes_closed_60s,0,40.192,44.192,36.442008726194004,528.0,0.24728374813454965,0.5711882669205659,1.0,,0.0,0.75,4.25,8.0,18.75,49.5,5.309233589188778e-10,0.5614565403233823,5.137980760870836e-11,0.05433463896033653,2.792479989512419e-11,0.029530743514968944,3.1578514214260546e-11,0.033394581423946204,3.0381142705198694e-10,0.32128349577736603,0.8842974595211838,1.8399346746144285,0.6157911792837188,0.3546780772013122
20260523-202323_fp1_fp2_ch1_only_eyes_closed_60s,fp1_fp2_ch1_only_eyes_closed_60s,0,40.448,44.448,36.16220402575042,528.0,0.24484488635500123,0.5679182327190251,1.0,,0.0,0.5,4.0,8.0,18.75,49.5,5.348220673193996e-10,0.5981973826044056,3.5171089213862334e-11,0.03933879096748956,1.7349080522430187e-11,0.019404910891444,5.066611681381648e-11,0.05666994747741724,2.560478270367245e-10,0.28638896805924363,0.3424197790050323,2.027259552365932,0.6375361735718952,0.3430589155366609
20260523-202323_fp1_fp2_ch1_only_eyes_closed_60s,fp1_fp2_ch1_only_eyes_closed_60s,0,40.704,44.704,36.48106358098678,528.0,0.1966292953775618,0.5845482640691929,1.0,,0.0,0.5,5.25,8.0,18.0,49.5,5.248185905246053e-10,0.60998372695283,4.301437954011715e-11,0.04999455434346716,2.666851113408422e-11,0.030996153923570028,5.086277729600002e-11,0.059116553830863776,2.1501703912821902e-10,0.24990901094926904,0.5243227474363948,1.6129276705343243,0.6599782812962971,0.3090255647801328
20260523-202323_fp1_fp2_ch1_only_eyes_closed_60s,fp1_fp2_ch1_only_eyes_closed_60s,0,40.96,44.96,36.54151064200822,528.0,0.23585702835892036,0.5634603862901456,1.0,,0.0,0.75,4.25,8.0,18.75,49.5,5.247292716411984e-10,0.5975343965058715,3.155335817338401e-11,0.035931322784597465,2.2253239435106724e-11,0.025340831386379162,5.350506999452433e-11,0.06092879021059046,2.461164935489334e-10,0.28026465911256143,0.41590898652004576,1.4179220182930048,0.6334657192904689,0.3411934493231519
20260523-202323_fp1_fp2_ch1_only_eyes_closed_60s,fp1_fp2_ch1_only_eyes_closed_60s,0,41.216,45.216,36.662187605215266,528.0,0.22546409937782272,0.5482343712385871,1.0,,0.0,0.75,4.25,8.0,18.75,49.5,5.899734471084743e-10,0.6259712167465771,4.1712217061458134e-11,0.04425732614769271,2.5012605527708286e-11,0.026538772537847696,3.6815773653146676e-11,0.03906212176509965,2.489788881530002e-10,0.26417056280278284,0.6793991554641807,1.6676478192266084,0.6702285428942698,0.3032326845678825
20260523-202323_fp1_fp2_ch1_only_eyes_closed_60s,fp1_fp2_ch1_only_eyes_closed_60s,0,41.472,45.472,36.648083169519246,528.0,0.1966879254251434,0.5272036278565061,1.0,,0.0,0.75,4.0,12.75,18.75,49.5,6.566120268804841e-10,0.6726856673737948,3.729278689795395e-11,0.03820570171682989,1.735825065464483e-11,0.01778317476384992,3.10604287290377e-11,0.03182077752637937,2.3378177966751616e-10,0.23950467861914626,0.558854187302862,2.1484185036799723,0.7108913690906247,0.2713254561455256
20260523-202323_fp1_fp2_ch1_only_eyes_closed_60s,fp1_fp2_ch1_only_eyes_closed_60s,0,41.728,45.728,38.98813922207624,430.0,0.14321126583673796,0.5745048717209761,1.0,,0.0,0.75,4.75,13.0,18.25,49.25,6.632234433370659e-10,0.6546181273080959,4.816529813599644e-11,0.04754035398443821,1.748697882402685e-11,0.017260085488629204,5.6957328176405124e-11,0.05621830754309101,2.2731250260428674e-10,0.2243631256757456,0.3070189453035285,2.7543521737338663,0.7021584812925341,0.2805814332188366
20260523-202323_fp1_fp2_ch1_only_eyes_closed_60s,fp1_fp2_ch1_only_eyes_closed_60s,0,41.984,45.984,46.05575968323615,430.0,0.12470156733529511,0.6831250647098074,1.0,,0.0,0.75,4.75,10.0,24.25,49.5,7.55542641123968e-10,0.5025945911010569,7.111234437529728e-11,0.047304649265554576,2.8006667146527905e-11,0.018630317676938412,2.2976459277558331e-10,0.15284172629059814,4.1885821983473843e-10,0.278628715665852,0.12189287656641988,2.5391219884624276,0.5498992403666114,0.4314704419564501
20260523-202323_fp1_fp2_ch1_only_eyes_closed_60s,fp1_fp2_ch1_only_eyes_closed_60s,0,42.24,46.24,52.70377595580795,430.0,0.09101095538184487,0.7698260241219678,1.0,,0.0,0.75,5.0,10.0,24.0,49.0,6.858758098261421e-10,0.36404030426587053,1.0296745914995904e-10,0.0546517381447471,4.563032658217645e-11,0.024219075428447073,4.2356580692659964e-10,0.22481478865578322,6.26026185278242e-10,0.3322740935051521,0.10772901361720116,2.2565575761226064,0.41869204241061764,0.5570888821609353
20260523-202323_fp1_fp2_ch1_only_eyes_closed_60s,fp1_fp2_ch1_only_eyes_closed_60s,0,42.496,46.496,58.149385207412124,430.0,0.07042654038203168,0.7927729595994948,1.0,,55.25,0.75,7.0,8.0,24.0,49.0,7.059287034518836e-10,0.2661602867986106,2.20008461564053e-10,0.08295103307412226,6.070541306016762e-11,0.022888104806215216,9.193164603625142e-10,0.34661507819740917,7.463100582881319e-10,0.2813854971236429,0.06603320584103285,3.6241984112025336,0.34911131987273286,0.628000575321052
20260523-202323_fp1_fp2_ch1_only_eyes_closed_60s,fp1_fp2_ch1_only_eyes_closed_60s,0,42.752,46.752,133.3554910755459,2950.0,0.05746470186447981,0.8256421430617165,0.9666112723111353,high_rms,55.5,0.5,7.0,10.25,24.25,49.5,6.67766585793895e-10,0.18366560397012804,3.178547665748487e-10,0.08742424212248953,8.705692301562014e-11,0.023944537935265756,1.5499330726647486e-09,0.426300746339096,1.0131624242817297e-09,0.27866486963302056,0.056168182066046284,3.651114185575084,0.27108984609261755,0.7049656159721165
20260523-202323_fp1_fp2_ch1_only_eyes_closed_60s,fp1_fp2_ch1_only_eyes_closed_60s,0,43.008,47.008,135.12292921632508,2950.0,0.04917092630697626,0.8402765794639956,0.9621926769591873,high_rms,55.25,0.75,6.0,10.5,25.0,48.25,5.216147816230517e-10,0.1324113421352996,4.0526484647124513e-10,0.10287603827970628,1.2519643251709392e-10,0.03178097754162123,1.8598220299740816e-09,0.47211378932820963,1.0274531251892241e-09,0.2608178527151633,0.06731635097302222,3.237031905169595,0.23528738041500585,0.7329316420433729
20260523-202323_fp1_fp2_ch1_only_eyes_closed_60s,fp1_fp2_ch1_only_eyes_closed_60s,0,43.264,47.264,137.13806546688633,2950.0,0.04020656829397488,0.8308658625019387,0.9571548363327842,high_rms,56.25,0.75,6.25,10.5,25.0,49.25,3.874194753905496e-10,0.0902225225341976,5.120113565766076e-10,0.11923756829707614,1.800927241157491e-10,0.04194012147530402,2.2003785380843576e-09,0.5124257164303707,1.014141837531759e-09,0.2361740712630515,0.0818462464520024,2.843042988497014,0.20946009083127376,0.7485997876934223
20260523-202323_fp1_fp2_ch1_only_eyes_closed_60s,fp1_fp2_ch1_only_eyes_closed_60s,0,43.52,47.52,138.31121429587697,2950.0,0.03534865311571791,0.8218440363331742,0.9542219642603076,high_rms,55.5,0.5,6.25,8.0,25.0,37.5,2.55541563529461e-10,0.07067037116749322,4.692254569972812e-10,0.1297649460590057,1.3208231701244923e-10,0.036527546591676674,1.9094899946665737e-09,0.5280720865908918,8.496253119279334e-10,0.2349650495909326,0.06917151563054555,3.5525229085211683,0.20043531722649893,0.7630371361818243
20260523-202323_fp1_fp2_ch1_only_eyes_closed_60s,fp1_fp2_ch1_only_eyes_closed_60s,0,43.776,47.776,1878.474454178177,45572.0,0.04691313457682653,0.7150758875552531,0.4,high_rms;possible_artifact_window,0.0,0.5,7.0,8.25,25.0,45.0,5.184826491051548e-09,0.28766166051027336,1.342881326844252e-09,0.07450499510735047,1.1014847687464967e-09,0.06111196549223956,6.179854346184272e-09,0.3428672427135466,4.214997292790282e-09,0.2338541361765899,0.17823798216645745,1.219155602462363,0.36216665561762384,0.5767213788901365
20260523-202323_fp1_fp2_ch1_only_eyes_closed_60s,fp1_fp2_ch1_only_eyes_closed_60s,0,44.032,48.032,1882.0009521782924,45572.0,0.02971568569501689,0.7865517759466158,0.4,high_rms;possible_artifact_window,0.0,0.5,7.75,8.25,25.0,45.75,5.812572532137542e-09,0.37897973809062296,1.5209973430981208e-09,0.09916902912381917,1.3887774939131746e-09,0.09054829475234365,3.8831267021878354e-09,0.25317986699198536,2.7319488775060925e-09,0.17812307104122876,0.3576441358791378,1.0952059273457757,0.4781487672144421,0.4313029380332141
20260523-202323_fp1_fp2_ch1_only_eyes_closed_60s,fp1_fp2_ch1_only_eyes_closed_60s,0,44.288,48.288,1882.8594450993946,45572.0,0.024140892278776763,0.6611577529348783,0.4,high_rms;possible_artifact_window,0.0,0.5,5.75,12.25,25.25,46.75,1.167852679905135e-08,0.5401752539940267,1.449374147696401e-09,0.06703893922886539,9.881737425596155e-10,0.04570670698128876,4.566448181449252e-09,0.21121519423710874,2.9373619956843267e-09,0.1358639055587105,0.2163987640490424,1.466719955482891,0.607214193222892,0.34707909979581925
20260523-202323_fp1_fp2_ch1_only_eyes_closed_60s,fp1_fp2_ch1_only_eyes_closed_60s,0,44.544,48.544,1883.1706207882492,45572.0,0.0334349363488618,0.619142185744922,0.4,high_rms;possible_artifact_window,0.0,0.5,5.75,11.5,24.5,45.75,1.4518774174804456e-08,0.5679279004750695,2.070661693169943e-09,0.0809976471730608,8.73418616565459e-10,0.0341653362170668,3.9787034334766315e-09,0.15563412312787536,4.122909266391179e-09,0.1612749930069277,0.21952342796312838,2.3707551612677995,0.6489255476481303,0.3169091161348031
20260523-202323_fp1_fp2_ch1_only_eyes_closed_60s,fp1_fp2_ch1_only_eyes_closed_60s,0,44.8,48.8,1883.2048008647387,45572.0,0.03912427688764472,0.6193695516910165,0.4,high_rms;possible_artifact_window,0.0,0.5,6.0,12.25,24.5,49.5,1.553973382173169e-08,0.5815948806376047,1.81571837283172e-09,0.06795563697762823,7.373817339506703e-10,0.02759747666601922,4.306587416987965e-09,0.16117967163863636,4.319750949645087e-09,0.16167233408011153,0.17122181963425612,2.462385884043595,0.6495505176152329,0.3228520057187479
20260523-202323_fp1_fp2_ch1_only_eyes_closed_60s,fp1_fp2_ch1_only_eyes_closed_60s,0,45.056,49.056,1883.2147832894686,45572.0,0.04149835017023768,0.6193871013452338,0.4,high_rms;possible_artifact_window,0.0,0.5,5.75,12.25,24.5,49.5,1.5983572116438097e-08,0.5831569319960139,1.8699950450909106e-09,0.0682263367286623,7.828067052487423e-10,0.028560521593873494,4.289353690844277e-09,0.15649607737096702,4.482970237892388e-09,0.16356013231048322,0.18249991995755935,2.388833708950802,0.6513832687246762,0.3200562096814502
20260523-202323_fp1_fp2_ch1_only_eyes_closed_60s,fp1_fp2_ch1_only_eyes_closed_60s,0,45.312,49.312,1883.2219901010076,45572.0,0.038119805873936874,0.6008037050111914,0.4,high_rms;possible_artifact_window,0.0,0.5,6.0,12.25,24.5,46.75,1.687156349521873e-08,0.6060535104315948,1.853816387525359e-09,0.06659204582158354,7.442369003619135e-10,0.026734178263021685,4.117636847712062e-09,0.14791209285052861,4.251152062441294e-09,0.15270817263327136,0.18074369544644125,2.4908955557348347,0.6726455562531783,0.30062026548379994
20260523-202323_fp1_fp2_ch1_only_eyes_closed_60s,fp1_fp2_ch1_only_eyes_closed_60s,0,45.568,49.568,1883.3200718412152,45572.0,0.03976300222853349,0.587849080537225,0.4,high_rms;possible_artifact_window,0.0,0.5,6.0,11.5,24.5,46.75,1.7979768295787047e-08,0.616637217866903,1.8548558632236077e-09,0.06361445488206446,7.442591946879682e-10,0.02552524101724865,4.122100832306885e-09,0.14137227728324828,4.4567892581330206e-09,0.15285080895053565,0.18055336949907952,2.4922175990062962,0.6802516727489674,0.2942230862337839
20260523-202323_fp1_fp2_ch1_only_eyes_closed_60s,fp1_fp2_ch1_only_eyes_closed_60s,0,45.824,49.824,1883.165816384739,45572.0,0.04103309876933894,0.5946583746685644,0.4,high_rms;possible_artifact_window,0.0,0.5,5.75,11.5,25.0,47.75,1.5741109657267607e-08,0.5824028316079615,2.1354691705182507e-09,0.07900988677422251,6.12392565478662e-10,0.022657815869147994,3.6516437044986225e-09,0.13510658904161071,4.8872577128958115e-09,0.18082287670705735,0.16770326325217005,3.487091925828839,0.661412718382184,0.3159294657486681
20260523-202323_fp1_fp2_ch1_only_eyes_closed_60s,fp1_fp2_ch1_only_eyes_closed_60s,0,46.08,50.08,1882.9993412107185,45572.0,0.04448640935037655,0.6052574303785495,0.4,high_rms;possible_artifact_window,0.25,0.5,7.5,12.25,25.25,48.75,1.3930697295881283e-08,0.5820095515550391,1.1407351846364923e-09,0.04765868923514921,1.1241212632558357e-09,0.04696457746694752,3.88010796884704e-09,0.16210673816029805,3.859851473822121e-09,0.16126044358256605,0.2897139131903755,1.0147794743536271,0.6296682407901883,0.3233671817428641
20260523-202323_fp1_fp2_ch1_only_eyes_closed_60s,fp1_fp2_ch1_only_eyes_closed_60s,0,46.336,50.336,1882.8231125095103,45572.0,0.05260929860303124,0.5659539618430813,0.4,high_rms;possible_artifact_window,0.25,0.5,7.25,10.75,25.25,48.75,1.3385142929326975e-08,0.6367800176130158,8.529448491901954e-10,0.04057769416120636,1.2769691573514719e-09,0.06075007542339591,2.329172266063641e-09,0.11080721098301559,3.175813134668482e-09,0.15108500181936624,0.5482501985607021,0.667944753622136,0.6773577117742222,0.26189221280238184
20260523-202323_fp1_fp2_ch1_only_eyes_closed_60s,fp1_fp2_ch1_only_eyes_closed_60s,0,46.592,50.592,1879.0839709816057,45572.0,0.05323012453091226,0.5989659020687184,0.4,high_rms;possible_artifact_window,0.25,0.5,7.0,8.5,24.5,49.0,9.82379546762018e-09,0.592951803133117,9.266473988776571e-10,0.055931258732346736,1.3209624224462713e-09,0.07973161216988912,1.8631328914273624e-09,0.1124563322892652,2.633073918473516e-09,0.1589289936753819,0.7090006453776201,0.7014941402811536,0.6488830618654637,0.2713853259646471
20260523-202323_fp1_fp2_ch1_only_eyes_closed_60s,fp1_fp2_ch1_only_eyes_closed_60s,0,46.848,50.848,1878.8104579760036,45572.0,0.05121191058434504,0.5890937724122629,0.4,high_rms;possible_artifact_window,0.0,0.5,7.25,8.75,24.5,49.0,1.0027627976506981e-08,0.602989143818844,9.232558018336174e-10,0.055517937719440455,1.4076116623477545e-09,0.0846436019661904,1.587213444869543e-09,0.0954435563846107,2.6841559790068632e-09,0.16140576011091437,0.8868445935218559,0.6559023532766983,0.6585070815382845,0.25684931649552506
20260523-202323_fp1_fp2_ch1_only_eyes_closed_60s,fp1_fp2_ch1_only_eyes_closed_60s,0,47.104,51.104,1878.634430111404,45572.0,0.0590446581194773,0.5595733708543835,0.4,high_rms;possible_artifact_window,0.0,0.5,7.0,8.75,24.0,49.0,9.360208911125655e-09,0.618500633002655,9.024410632432162e-10,0.05963118709883518,1.099600960140781e-09,0.07265905027921125,1.282075769746826e-09,0.08471655736265148,2.489382804955091e-09,0.16449257225664707,0.857672367022365,0.8206986861194424,0.6781318201014902,0.24920912961929853
20260523-202323_fp1_fp2_ch1_only_eyes_closed_60s,fp1_fp2_ch1_only_eyes_closed_60s,0,47.36,51.36,1878.4808420636075,45572.0,0.07306583092160465,0.5568075142724455,0.4,high_rms;possible_artifact_window,0.0,0.5,6.75,8.5,24.25,49.25,8.10583833645175e-09,0.6573783847710637,8.288602316523419e-10,0.06722004284668472,6.673255928230287e-10,0.054119685357359996,9.205526182595593e-10,0.07465623766105625,1.807975189410009e-09,0.14662564936383546,0.7249184670015998,1.2420627060712048,0.7245984276177484,0.2212818870248917
20260523-202323_fp1_fp2_ch1_only_eyes_closed_60s,fp1_fp2_ch1_only_eyes_closed_60s,0,47.616,51.616,243.05618486267738,2886.0,0.1523349716226987,0.4666297315937183,0.4423595378433065,high_rms;possible_artifact_window,0.0,0.5,6.75,8.0,24.25,49.75,1.1101920232249282e-08,0.7018112957252245,3.7700148456137263e-10,0.023832264584443395,9.089253846613615e-11,0.005745799722770112,1.4415493813959723e-09,0.09112798669464324,2.8075898339706354e-09,0.17748265327291862,0.06305197701803135,4.147771543445583,0.7256435603096679,0.26861063996756185
20260523-202323_fp1_fp2_ch1_only_eyes_closed_60s,fp1_fp2_ch1_only_eyes_closed_60s,0,47.872,51.872,110.36961991417746,858.0,0.19719536866964532,0.6032226664312217,1.0,,0.0,0.5,7.25,8.0,24.5,48.75,2.123123678089006e-09,0.4071605322783152,1.9424509311026403e-10,0.037251214481491185,4.7487207612206846e-11,0.009106825441841472,6.561312801159976e-10,0.12582910925704555,2.1934761032476725e-09,0.42065231854130664,0.07237455224480621,4.090472000302083,0.44441174675980644,0.5464814277983522
20260523-202323_fp1_fp2_ch1_only_eyes_closed_60s,fp1_fp2_ch1_only_eyes_closed_60s,0,48.128,52.128,64.9186028808384,606.0,0.17049932870274448,0.8122687551422119,1.0,,0.0,0.5,4.25,8.75,23.5,48.75,1.8478300757719158e-10,0.24682238689652977,9.202082291465289e-11,0.12291605951098843,6.208110920516799e-11,0.08292433247035785,8.587593389011608e-11,0.11470807439300146,3.238868074461739e-10,0.4326291467291225,0.7229162629498139,1.4822676993502,0.3697384464075182,0.5473372211221239
20260523-202323_fp1_fp2_ch1_only_eyes_closed_60s,fp1_fp2_ch1_only_eyes_closed_60s,0,48.384,52.384,45.963093890642305,569.0,0.1835362231619001,0.7699858221496256,1.0,,0.0,0.5,4.0,8.0,22.5,49.25,1.1705360008318504e-10,0.36922056483793914,5.128108104947714e-11,0.16175521040901325,1.3790276470114759e-11,0.043498479875447575,2.907616176990775e-11,0.09171453816350249,1.0582780921519886e-10,0.33381120671409753,0.47428118536563335,3.7186405334664325,0.5309757752469524,0.42552574487760003
20260523-202323_fp1_fp2_ch1_only_eyes_closed_60s,fp1_fp2_ch1_only_eyes_closed_60s,0,48.64,52.64,36.867194089054294,569.0,0.21575135439261536,0.7266593378329528,1.0,,0.0,0.5,4.0,9.25,13.0,49.25,1.1168679966785681e-10,0.38501282178987983,3.756289817866804e-11,0.12948886945801802,1.3483204937735022e-11,0.046480038780649366,1.8768113543790005e-11,0.06469846370973656,1.0858490639171275e-10,0.3743198062617163,0.7184102390618979,2.7859027843997195,0.5145016912478979,0.4390182699714529
20260523-202323_fp1_fp2_ch1_only_eyes_closed_60s,fp1_fp2_ch1_only_eyes_closed_60s,0,48.896,52.896,36.25179995531256,569.0,0.21747716358785132,0.729764270280459,1.0,,0.0,0.5,4.25,9.25,13.25,49.25,1.0672593123474424e-10,0.37405161117579594,3.844617024561903e-11,0.1347456214018127,1.3148270429252294e-11,0.046081881707074904,1.8676019611370612e-11,0.06545546283984768,1.0832768688429419e-10,0.37966542287546884,0.7040188810493199,2.924047725705727,0.5087972325776087,0.4451208857153165
20260523-202323_fp1_fp2_ch1_only_eyes_closed_60s,fp1_fp2_ch1_only_eyes_closed_60s,0,49.152,53.152,35.649796633361035,569.0,0.20982892376969745,0.7164740280334411,1.0,,0.0,0.5,4.0,9.25,14.75,49.25,1.0701773210179602e-10,0.40904031467553054,3.438045355609358e-11,0.13140805047050674,1.1219967225786131e-11,0.0428846587808384,1.8478668980995953e-11,0.07062867457873086,9.053443613660228e-11,0.34603830149439346,0.6071848160343746,3.0642204976391723,0.5404483651460372,0.4166669760731243
20260523-202323_fp1_fp2_ch1_only_eyes_closed_60s,fp1_fp2_ch1_only_eyes_closed_60s,0,49.408,53.408,34.12356956708955,569.0,0.2102639382900679,0.6675685268834451,1.0,,0.0,0.5,4.0,8.0,13.25,49.5,1.2229856111445036e-10,0.5009169155099409,3.995719454492596e-11,0.1636587909251372,8.255649617440974e-12,0.03381392637996239,1.1158411831431022e-11,0.045703213395612306,6.247957638937117e-11,0.25590715378934725,0.739858838529911,4.839981878653372,0.6645757064350781,0.30161036718495954
20260523-202323_fp1_fp2_ch1_only_eyes_closed_60s,fp1_fp2_ch1_only_eyes_closed_60s,0,49.664,53.664,34.898825195126555,596.0,0.17407803826622964,0.6632501973275006,1.0,,0.0,0.5,4.0,8.0,14.0,49.5,1.241176075013083e-10,0.5458217944733913,4.0381774877791713e-11,0.1775836101866889,9.377910660491553e-12,0.04124046642670494,9.252285223786459e-12,0.040688013775753255,4.426626550474582e-11,0.19466611513746157,1.013577773886837,4.30605241825529,0.7234054046600802,0.23535412891321483
20260523-202323_fp1_fp2_ch1_only_eyes_closed_60s,fp1_fp2_ch1_only_eyes_closed_60s,0,49.92,53.92,34.76498238170127,596.0,0.19209118638539296,0.6997951749855224,1.0,,0.0,0.5,4.0,8.25,13.75,49.5,1.1080981579565244e-10,0.4955752920881884,3.861989191696162e-11,0.1727199353210497,1.090242043696954e-11,0.04875894931982548,1.1954202499356438e-11,0.053462839485492145,5.1312015686562224e-11,0.2294829837854443,0.9120157064058836,3.5423227475252723,0.6682952274092381,0.2829458232709364
20260523-202323_fp1_fp2_ch1_only_eyes_closed_60s,fp1_fp2_ch1_only_eyes_closed_60s,0,50.176,54.176,34.646904623645675,596.0,0.21129656562298713,0.7297480490838335,1.0,,0.5,0.5,4.0,8.25,14.5,49.25,1.0523787864780378e-10,0.458535325632622,3.707080030065386e-11,0.16152236918619187,1.2098184524725355e-11,0.05271338658558431,1.3554436859268518e-11,0.05905847019048792,6.154746979907863e-11,0.2681704484051138,0.892562682635732,3.0641622488805127,0.6200576948188139,0.3272289185956017
20260523-202323_fp1_fp2_ch1_only_eyes_closed_60s,fp1_fp2_ch1_only_eyes_closed_60s,0,50.432,54.432,34.821071206957434,596.0,0.23413844489768026,0.6926536782788201,1.0,,0.5,0.5,4.0,8.0,14.5,49.25,1.0904925709368105e-10,0.4880228020074118,3.872965203973383e-11,0.17332491584941032,6.463837969096089e-12,0.028927297640278578,8.72746647166214e-12,0.03905760346691166,6.048093798088241e-11,0.27066738103598753,0.740631658693162,5.991742402099512,0.6613477178568221,0.3097249845028992
20260523-202323_fp1_fp2_ch1_only_eyes_closed_60s,fp1_fp2_ch1_only_eyes_closed_60s,0,50.688,54.688,35.336043921186196,596.0,0.23170910605261405,0.6660203363960286,1.0,,0.0,0.75,4.0,8.0,14.5,49.5,1.1022522210546315e-10,0.5212826967116011,3.264345210615766e-11,0.1543790651434801,6.0669663979999434e-12,0.028692204419258134,1.0104319567686538e-11,0.04778585928037224,5.2410031930228726e-11,0.24786017444528835,0.6004329492311398,5.3805229771701075,0.6756617618550812,0.29564603372566056
20260523-202323_fp1_fp2_ch1_only_eyes_closed_60s,fp1_fp2_ch1_only_eyes_closed_60s,0,50.944,54.944,35.37759177784717,596.0,0.23439244170385617,0.6621822628055952,1.0,,0.0,0.5,4.0,10.0,14.5,49.25,1.1123292436218475e-10,0.5312728460443195,2.904734593805561e-11,0.13873649582650963,6.4795970722321195e-12,0.030947976936903255,1.0157180974258002e-11,0.04851292434253208,5.2453570141280015e-11,0.25052975684973555,0.63793262014862,4.482893861184065,0.6700093418708291,0.2990426811922676
20260523-202323_fp1_fp2_ch1_only_eyes_closed_60s,fp1_fp2_ch1_only_eyes_closed_60s,0,51.2,55.2,35.31956964630232,596.0,0.26031119945482245,0.6370450520940459,0.75,high_50hz_ratio,0.5,0.5,4.0,9.75,14.5,49.25,1.1981534524777355e-10,0.5660366465266632,2.2499165321893987e-11,0.10629149431667241,5.7260221461035975e-12,0.027051112416488367,1.043487082211179e-11,0.04929685154161704,5.3198780427041046e-11,0.25132389519855897,0.5487391500784075,3.929283671598102,0.6723281408433356,0.300620746740176
20260523-202323_fp1_fp2_ch1_only_eyes_closed_60s,fp1_fp2_ch1_only_eyes_closed_60s,0,51.456,55.456,35.28037698211288,596.0,0.29595417140929237,0.6023584906914646,0.75,high_50hz_ratio,0.5,0.5,4.0,10.25,14.25,49.5,1.3280623867495412e-10,0.6141170433706775,1.606386820344828e-11,0.07428186615798156,5.365119593071319e-12,0.02480916118625396,1.0785566984153661e-11,0.04987416685744888,5.123478861717471e-11,0.23691776242763807,0.4974351001624526,2.994130498823112,0.6883989095286591,0.28679192928508696
20260523-202323_fp1_fp2_ch1_only_eyes_closed_60s,fp1_fp2_ch1_only_eyes_closed_60s,0,51.712,55.712,36.70701567820517,630.0,0.29108200330447254,0.619621231352967,0.75,high_50hz_ratio,0.0,0.75,4.25,10.25,14.5,49.5,1.204386166458528e-10,0.6069541952501806,1.8386680193283882e-11,0.09266025292246939,6.204446177457572e-12,0.031267501582861235,9.165089677083632e-12,0.04618775758366021,4.42363134922533e-11,0.2229302926608286,0.6769651357554258,2.9634684011101027,0.69961444817265,0.2691180502444888
20260523-202323_fp1_fp2_ch1_only_eyes_closed_60s,fp1_fp2_ch1_only_eyes_closed_60s,0,51.968,55.968,36.9912286900557,630.0,0.2760268109622245,0.6341913003229678,0.75,high_50hz_ratio,0.0,0.75,4.25,9.75,14.5,49.25,1.5241201193464127e-10,0.5323274234252676,1.9856495168468705e-11,0.06935251872286821,8.759224286782796e-12,0.030593227112484075,2.2952736283979756e-11,0.08016671922059654,8.233206335063156e-11,0.28756011151878347,0.38162004644720476,2.2669239327997457,0.6016799421481358,0.36772683073938
20260523-202323_fp1_fp2_ch1_only_eyes_closed_60s,fp1_fp2_ch1_only_eyes_closed_60s,0,52.224,56.224,37.153223278741244,630.0,0.2701340944587205,0.6351847165761216,0.75,high_50hz_ratio,0.0,0.75,4.25,10.5,14.0,49.25,1.7152106087319368e-10,0.49812870978604634,2.751012050695467e-11,0.07989445007175594,9.048116108280408e-12,0.02627739345866221,2.0458931595265105e-11,0.05941650050010344,1.1579257840352068e-10,0.3362829461834321,0.4422575082256226,3.0404252308144795,0.5780231598578023,0.3956994466835355
20260523-202323_fp1_fp2_ch1_only_eyes_closed_60s,fp1_fp2_ch1_only_eyes_closed_60s,0,52.48,56.48,37.145753458504515,630.0,0.27724274334406135,0.614246810376471,0.75,high_50hz_ratio,0.0,0.75,4.75,8.0,14.0,49.25,1.698926959317434e-10,0.5232190898793576,2.3976527146797232e-11,0.07384058886943005,8.17354230143683e-12,0.025172084889195992,1.9045818804076393e-11,0.05865547030155804,1.0361802384685111e-10,0.3191127660604583,0.42915153113225246,2.933431584807775,0.5970596787487876,0.37776823636201634
20260523-202323_fp1_fp2_ch1_only_eyes_closed_60s,fp1_fp2_ch1_only_eyes_closed_60s,0,52.736,56.736,37.14646685756264,630.0,0.2851534353547176,0.6184149582486573,0.75,high_50hz_ratio,0.0,0.5,4.25,11.5,14.0,49.25,1.5968731928549682e-10,0.5071335664462611,1.8129764391778296e-11,0.05757634429566128,9.536543398059043e-12,0.03028606959316946,2.102754784487526e-11,0.0667790991789759,1.0650099784643638e-10,0.33822492048593233,0.4535261775843847,1.901083404650391,0.5647099107419223,0.40500401966490823
20260523-202323_fp1_fp2_ch1_only_eyes_closed_60s,fp1_fp2_ch1_only_eyes_closed_60s,0,52.992,56.992,36.72074345652604,630.0,0.2749028709491561,0.6291063898375868,0.75,high_50hz_ratio,0.0,0.75,4.25,10.5,14.75,49.25,1.3619734617681413e-10,0.5205543142217158,1.8198249511335622e-11,0.06955478620053816,7.84925299718455e-12,0.030000309299695695,1.840948709366873e-11,0.07036214873656373,8.098473329766703e-11,0.30952844154148657,0.42636999918829965,2.318468969959709,0.590109100422254,0.3798905902780503
