capture,condition,channel,window_start_sec,window_end_sec,rms_uV,ptp_uV,line_50_ratio_1_50,spectral_entropy_0p5_40,quality_score,quality_warnings,peak_freq,peak_delta,peak_theta,peak_alpha,peak_beta,peak_gamma,delta_abs,delta_rel,theta_abs,theta_rel,alpha_abs,alpha_rel,beta_abs,beta_rel,gamma_abs,gamma_rel,alpha_beta_ratio,theta_alpha_ratio,slow_power_rel,fast_power_rel
20260523-200925_ear_eeg_ch1_only_eyes_open_60s,ear_eeg_ch1_only_eyes_open_60s,0,0.0,4.0,20.297462895642894,239.0,0.0746301631276997,0.6838107245695586,1.0,,1.0,1.0,5.25,12.75,13.0,47.75,2.1027787939069304e-10,0.5916522547298678,1.9145997884888402e-11,0.05387049199122214,1.2834895672609993e-11,0.03611314221888824,4.2433608586313746e-11,0.11939410968554975,7.071550833604075e-11,0.1989700013744721,0.30247004910041225,1.4917143367005676,0.64552274672109,0.3183641110600218
20260523-200925_ear_eeg_ch1_only_eyes_open_60s,ear_eeg_ch1_only_eyes_open_60s,0,0.256,4.256,19.512560057562922,239.0,0.052253861027322504,0.6970807857909985,1.0,,1.0,1.0,4.0,12.75,13.0,48.25,1.8670043403115893e-10,0.603879768799018,1.8065349585015716e-11,0.058432103745683014,1.2632877489688138e-11,0.04086085379140582,3.680079361229196e-11,0.1190316179688278,5.4968766635682605e-11,0.1777956556950653,0.34327731142919127,1.430026500277704,0.6623118725447009,0.2968272736638931
20260523-200925_ear_eeg_ch1_only_eyes_open_60s,ear_eeg_ch1_only_eyes_open_60s,0,0.512,4.512,19.31960144516444,239.0,0.038691351008021665,0.7236544843129946,1.0,,1.0,1.0,5.0,12.75,13.0,47.75,1.7065226211344596e-10,0.5770275966638941,2.0456133436650512e-11,0.06916845617985122,1.4014095161682014e-11,0.04738595053131341,4.121794277559278e-11,0.1393704962634436,4.9403241685320884e-11,0.16704750036149746,0.33999986942532384,1.4596827837006998,0.6461960528437454,0.30641799662494107
20260523-200925_ear_eeg_ch1_only_eyes_open_60s,ear_eeg_ch1_only_eyes_open_60s,0,0.768,4.768,19.5021537272169,239.0,0.057137951663694744,0.6704956936505453,1.0,,1.0,1.0,5.25,13.0,13.0,47.75,1.9636497989114682e-10,0.6151446208087556,1.5981869251537965e-11,0.050065754626931185,1.233669180281099e-11,0.03864665484284143,3.217483492012259e-11,0.10079280245130642,6.235920850174199e-11,0.19535016727016544,0.38342673189895526,1.29547446811441,0.6652103754356868,0.29614296972147186
20260523-200925_ear_eeg_ch1_only_eyes_open_60s,ear_eeg_ch1_only_eyes_open_60s,0,1.024,5.024,19.180276327519373,239.0,0.06025223194848684,0.6942522340452756,1.0,,1.0,1.0,4.0,13.0,20.0,47.75,1.8040583304084997e-10,0.603694882177763,1.792037205743168e-11,0.059967223428652856,1.2868766098827066e-11,0.04306295479950183,3.2943610221681135e-11,0.11023972205369131,5.469753325896883e-11,0.18303521754039115,0.3906301104290556,1.392547810707745,0.6636621056064159,0.29327493959408246
20260523-200925_ear_eeg_ch1_only_eyes_open_60s,ear_eeg_ch1_only_eyes_open_60s,0,1.28,5.28,18.40119561332904,239.0,0.047287094182895714,0.7071511184976796,1.0,,0.75,0.75,4.0,13.0,13.0,48.0,1.609599095477476e-10,0.6107863754859701,1.7886867783416154e-11,0.0678743866899893,1.3501528123948693e-11,0.05123356150931629,3.250885682338459e-11,0.12335970420297293,3.867181611379336e-11,0.1467459721117513,0.4153184529773019,1.3248032088818782,0.6786607621759595,0.27010567631472426
20260523-200925_ear_eeg_ch1_only_eyes_open_60s,ear_eeg_ch1_only_eyes_open_60s,0,1.536,5.536,14.230390015737447,92.0,0.035753709844052475,0.7309479887555623,1.0,,0.75,0.75,5.25,13.0,13.0,48.75,1.2006138394531315e-10,0.5944118494634789,1.5543081690668912e-11,0.07695223585229304,1.1929535087570664e-11,0.05906192966984501,2.7701555455958408e-11,0.13714761791427904,2.674794070683381e-11,0.1324263671001039,0.43064495445163553,1.302907579932699,0.671364085315772,0.2695739850143829
20260523-200925_ear_eeg_ch1_only_eyes_open_60s,ear_eeg_ch1_only_eyes_open_60s,0,1.792,5.792,13.407945405616776,92.0,0.041973451402385675,0.7391927795802813,1.0,,0.75,0.75,5.25,13.0,13.0,49.0,1.0189574746648632e-10,0.5768708458988676,1.2799661383668675e-11,0.07246378453668585,1.1617591517695818e-11,0.06577163436899018,2.5629583199965418e-11,0.14509888497027074,2.4692703500148835e-11,0.13979485022518556,0.4532883514746933,1.1017482723654328,0.6493346304355535,0.2848937351954563
20260523-200925_ear_eeg_ch1_only_eyes_open_60s,ear_eeg_ch1_only_eyes_open_60s,0,2.048,6.048,12.946891518816399,92.0,0.04337902663505574,0.7319233682252435,1.0,,1.0,1.0,4.0,13.0,13.0,49.5,9.662024731507018e-11,0.5776885409014125,1.0536410418665748e-11,0.06299677065873215,1.204474874001972e-11,0.07201506432141826,2.4070211702750405e-11,0.1439148197624326,2.3981564938925058e-11,0.14338480435600431,0.500400615032539,0.8747721223654598,0.6406853115601446,0.2872996241184369
20260523-200925_ear_eeg_ch1_only_eyes_open_60s,ear_eeg_ch1_only_eyes_open_60s,0,2.304,6.304,12.719984276719842,92.0,0.04413487073456231,0.7219873357862919,1.0,,1.0,1.0,4.0,13.0,13.0,48.75,9.48090254996678e-11,0.5910523331798405,9.45781202844302e-12,0.0589612838727806,1.1186563226512344e-11,0.06973855348104062,2.2449497134657512e-11,0.1399532121570004,2.250426096516222e-11,0.1402946173093378,0.49829905585023276,0.8454618131534666,0.6500136170526212,0.2802478294663382
20260523-200925_ear_eeg_ch1_only_eyes_open_60s,ear_eeg_ch1_only_eyes_open_60s,0,2.56,6.56,12.612810947604027,92.0,0.0499777733506442,0.7266250593250907,1.0,,1.0,1.0,4.0,13.0,13.0,49.0,9.009699486477339e-11,0.5779016328567738,9.98732227166011e-12,0.06406084750464687,1.0161114791638481e-11,0.06517559035733066,2.3102923127421668e-11,0.1481871511823491,2.2555331216150618e-11,0.14467477809889978,0.43981944343561863,0.9828963136878068,0.6419624803614207,0.2928619292812489
20260523-200925_ear_eeg_ch1_only_eyes_open_60s,ear_eeg_ch1_only_eyes_open_60s,0,2.816,6.816,12.471888389494191,92.0,0.05703864065136021,0.7346980032872824,1.0,,1.0,1.0,4.25,8.75,17.75,49.5,8.435297085284295e-11,0.5549667380423038,9.794238536692465e-12,0.06443728723910441,1.0023864130631766e-11,0.06594801727683877,2.437529850257453e-11,0.1603675574435956,2.34500722153505e-11,0.15428039999815746,0.41123041547872907,0.9770921082980771,0.6194040252814081,0.31464795744175306
20260523-200925_ear_eeg_ch1_only_eyes_open_60s,ear_eeg_ch1_only_eyes_open_60s,0,3.072,7.072,11.213206499480869,81.0,0.055790243512447206,0.7806949982277923,1.0,,1.0,1.0,4.75,9.0,18.5,49.5,6.074100440734984e-11,0.5006884016352303,7.874637065491754e-12,0.06491067252258877,9.446300637298696e-12,0.07786590316709743,2.2580643462758953e-11,0.18613235644644277,2.0672396377894734e-11,0.17040266622864086,0.4183362025479023,0.833621262740545,0.5655990741578191,0.35653502267508363
20260523-200925_ear_eeg_ch1_only_eyes_open_60s,ear_eeg_ch1_only_eyes_open_60s,0,3.328,7.328,11.170407333665143,115.0,0.043945593019875336,0.8037204925934169,1.0,,0.75,0.75,4.0,9.0,18.5,49.5,5.202505307342297e-11,0.4703991095606937,6.6071522581894615e-12,0.05974042034321292,1.0219689068324753e-11,0.09240418517098925,2.2353560709452764e-11,0.2021159889716505,1.9392231017204196e-11,0.1753402959534537,0.45718394492753456,0.6465120625506984,0.5301395299039067,0.3774562849251042
20260523-200925_ear_eeg_ch1_only_eyes_open_60s,ear_eeg_ch1_only_eyes_open_60s,0,3.584,7.584,10.668130107943004,115.0,0.04533380506043132,0.8334761749900902,1.0,,1.0,1.0,5.0,9.0,18.5,49.0,4.4967547356149366e-11,0.4257283359554989,6.594127310797062e-12,0.062429618962094445,9.897857373613115e-12,0.09370754237093018,2.0937208465911465e-11,0.19822212781918452,2.322824039883991e-11,0.21991237489229193,0.47274006894128845,0.6662176531636504,0.48815795491759334,0.41813450271147645
20260523-200925_ear_eeg_ch1_only_eyes_open_60s,ear_eeg_ch1_only_eyes_open_60s,0,3.84,7.84,10.286009916386432,115.0,0.05542474827915699,0.8327542550490299,1.0,,0.75,0.75,5.0,9.5,18.25,49.0,3.863464058508419e-11,0.4028022913894508,6.276671961370001e-12,0.06544018036797392,8.06295451806404e-12,0.08406384804053284,1.828406202337879e-11,0.19062846107509002,2.4656320383970446e-11,0.25706521912695246,0.4409826715614068,0.7784580636425399,0.4682424717574247,0.4476936802020425
20260523-200925_ear_eeg_ch1_only_eyes_open_60s,ear_eeg_ch1_only_eyes_open_60s,0,4.096,8.096,10.21327567433681,115.0,0.06381671760003944,0.8371735684147508,1.0,,1.0,1.0,5.0,11.0,18.25,49.25,3.731685715357519e-11,0.3937395037514462,6.2737497957235945e-12,0.06619590500515347,7.354839833921964e-12,0.07760275669684467,1.8057160212246282e-11,0.19052561880734495,2.5772889996909947e-11,0.2719362157392108,0.40730877654471637,0.8530097102574321,0.45993540875659966,0.46246183454655576
20260523-200925_ear_eeg_ch1_only_eyes_open_60s,ear_eeg_ch1_only_eyes_open_60s,0,4.352,8.352,10.257436326880123,115.0,0.0635524414854187,0.8500790911258964,1.0,,0.75,0.75,4.75,13.0,18.5,49.0,3.415876712196463e-11,0.3692044869428747,7.127877011878884e-12,0.077041544437664,7.29540455727885e-12,0.07885226322699707,1.828803645167557e-11,0.19766594886827196,2.5649828157307368e-11,0.27723575652419225,0.3989167769080227,0.9770365654043381,0.44624603138053875,0.47490170539246424
20260523-200925_ear_eeg_ch1_only_eyes_open_60s,ear_eeg_ch1_only_eyes_open_60s,0,4.608,8.608,10.509091302296312,115.0,0.05412023444558862,0.8613398442820439,1.0,,1.0,1.0,4.75,9.0,18.5,49.0,3.37436152665432e-11,0.3508250986800254,8.621248597038253e-12,0.08963326442379806,7.780790736842564e-12,0.08089520510767305,1.90510593722932e-11,0.1980697602035122,2.6986869794530586e-11,0.2805766715849913,0.4084177464775797,1.1080170240559313,0.44045836310382347,0.47864643178850347
20260523-200925_ear_eeg_ch1_only_eyes_open_60s,ear_eeg_ch1_only_eyes_open_60s,0,4.864,8.864,9.890449939209034,115.0,0.047659733281611626,0.8998116802352467,1.0,,0.0,1.0,4.5,9.0,18.5,49.5,2.3905631709671906e-11,0.2959805445823958,8.99807954549056e-12,0.1114070741327657,7.0165097147448105e-12,0.08687285036678673,1.630618689493463e-11,0.20189025480855263,2.4541170096746036e-11,0.3038492761094992,0.43029739325043714,1.2824153191980323,0.4073876187151615,0.5057395309180518
20260523-200925_ear_eeg_ch1_only_eyes_open_60s,ear_eeg_ch1_only_eyes_open_60s,0,5.12,9.12,10.891556362614114,115.0,0.044239049427799944,0.9048225422043695,1.0,,0.0,0.75,4.75,12.25,14.0,49.25,2.594589989259092e-11,0.3152383605689266,9.054886681969256e-12,0.11001536445365338,7.409001491536647e-12,0.09001813362856982,1.6039529740353454e-11,0.19487761382635366,2.3856337653009166e-11,0.28985052752249657,0.4619213662415878,1.2221466944382067,0.42525372502258,0.4847281413488502
20260523-200925_ear_eeg_ch1_only_eyes_open_60s,ear_eeg_ch1_only_eyes_open_60s,0,5.376,9.376,11.388766395005211,115.0,0.040238101152325116,0.8974913214940267,1.0,,0.0,0.75,4.75,11.75,19.25,49.25,2.957006758396773e-11,0.3428891166863405,9.559464107275436e-12,0.110849804263404,7.92064476574177e-12,0.09184635373589702,1.608350935865382e-11,0.18650144446052402,2.3104302341381395e-11,0.26791328085383453,0.49246993234595426,1.2069047899511738,0.4537389209497445,0.45441472531435856
20260523-200925_ear_eeg_ch1_only_eyes_open_60s,ear_eeg_ch1_only_eyes_open_60s,0,5.632,9.632,11.41183596096614,115.0,0.05857088801227273,0.8858133861939492,1.0,,0.0,0.75,4.75,11.75,19.25,49.5,3.149612755093587e-11,0.35248277985749327,9.368907096959084e-12,0.10485029984788112,7.376999481024796e-12,0.08255825354636785,1.518889211238887e-11,0.16998352912027434,2.5924155342164954e-11,0.29012513762798336,0.48568384227363903,1.2700159625953473,0.4573330797053744,0.4601086667482577
20260523-200925_ear_eeg_ch1_only_eyes_open_60s,ear_eeg_ch1_only_eyes_open_60s,0,5.888,9.888,11.399912280364266,115.0,0.07542844806274597,0.8655028782716417,1.0,,0.0,0.75,4.75,11.5,18.75,49.5,3.5515646846627155e-11,0.3682810924567,8.946830333158106e-12,0.09277455830522548,7.25305515362026e-12,0.07521088063408429,1.5088339585178443e-11,0.1564592138722345,2.963237630071024e-11,0.30727425473175585,0.4807059857497554,1.233525754825182,0.46105565076192545,0.46373346860399034
20260523-200925_ear_eeg_ch1_only_eyes_open_60s,ear_eeg_ch1_only_eyes_open_60s,0,6.144,10.144,11.354998899163311,115.0,0.07925487371149055,0.8603875391231491,1.0,,0.0,0.75,6.75,11.5,19.25,49.5,3.553350742965333e-11,0.3694080389541776,9.131636356255018e-12,0.0949329273358408,7.0787836187293186e-12,0.0735913723111253,1.4550460583273088e-11,0.1512672825948331,2.989601309337431e-11,0.3108003788040231,0.48649893783203974,1.290000775287746,0.4643409662900184,0.46206766139885624
20260523-200925_ear_eeg_ch1_only_eyes_open_60s,ear_eeg_ch1_only_eyes_open_60s,0,6.4,10.4,11.119442432064657,115.0,0.07707015917138088,0.8620092142082981,1.0,,0.0,0.5,6.75,10.75,19.25,49.5,3.3651030337257635e-11,0.3624837255642981,9.527096910602337e-12,0.1026244233046174,7.306664335502478e-12,0.07870626495641993,1.3568480237784788e-11,0.14615758321647276,2.87813245041671e-11,0.31002800295819183,0.5385027805218203,1.3038914165402344,0.4651081488689155,0.4561855861746646
20260523-200925_ear_eeg_ch1_only_eyes_open_60s,ear_eeg_ch1_only_eyes_open_60s,0,6.656,10.656,11.262681741041963,115.0,0.08030203017352568,0.861871872801685,1.0,,0.0,0.75,6.75,10.75,19.25,49.5,3.269555125426875e-11,0.35408505784752564,1.0069834280578035e-11,0.10905391458380584,7.1592139619627745e-12,0.07753258754227105,1.3497354648631168e-11,0.14617314644374313,2.8916173458768846e-11,0.3131552935826543,0.5304160813977593,1.4065558501365538,0.4631389724313315,0.45932844002639744
20260523-200925_ear_eeg_ch1_only_eyes_open_60s,ear_eeg_ch1_only_eyes_open_60s,0,6.912,10.912,11.234277902918372,115.0,0.08374759574240033,0.8590014057481379,1.0,,0.0,0.75,5.0,11.5,19.25,49.5,3.2355523998336514e-11,0.35624894725514455,1.0539795004781039e-11,0.1160479080768811,7.088797272124392e-12,0.07805086283347758,1.3592766427762573e-11,0.14966250370182385,2.7245909189103366e-11,0.29998977813267286,0.5215124757566542,1.4868241536864322,0.47229685533202564,0.4496522818344967
20260523-200925_ear_eeg_ch1_only_eyes_open_60s,ear_eeg_ch1_only_eyes_open_60s,0,7.168,11.168,11.320954023402798,115.0,0.07612303736673809,0.8530036003336704,1.0,,0.0,0.5,5.0,11.5,19.25,49.5,3.4737937585037414e-11,0.37662202186974153,1.2067672852750614e-11,0.13083538243856951,7.332114104070084e-12,0.07949336749467675,1.4338028607506005e-11,0.15545014181011835,2.3759792219387253e-11,0.2575990863868939,0.5113753295367047,1.6458653918181396,0.5074574043083111,0.41304922819701223
20260523-200925_ear_eeg_ch1_only_eyes_open_60s,ear_eeg_ch1_only_eyes_open_60s,0,7.424,11.424,11.154416165806259,96.0,0.0708070956725263,0.8474565953157421,1.0,,0.0,0.75,5.25,10.75,19.25,49.25,3.6586164962326766e-11,0.3873807817866881,1.3265217239647014e-11,0.14045446496390335,7.600859921616202e-12,0.08047924841859493,1.4928990836989743e-11,0.1580707939100594,2.2063733549072786e-11,0.23361471092075425,0.5091342077043451,1.7452258529224909,0.5278352467505915,0.39168550483081366
20260523-200925_ear_eeg_ch1_only_eyes_open_60s,ear_eeg_ch1_only_eyes_open_60s,0,7.68,11.68,11.044863059359315,96.0,0.09081129146399615,0.8610203107343374,1.0,,0.75,0.75,5.25,11.5,19.25,49.5,3.0438708022541425e-11,0.35174175742532515,1.2066226898261622e-11,0.13943416558758762,6.616652885866436e-12,0.0764603120679263,1.3808169204202023e-11,0.1595635957713935,2.3607332714688215e-11,0.2728001691477674,0.4791839372777163,1.823614916241987,0.4911759230129128,0.4323637649191609
20260523-200925_ear_eeg_ch1_only_eyes_open_60s,ear_eeg_ch1_only_eyes_open_60s,0,7.936,11.936,11.079711187571633,96.0,0.09107638006677189,0.8794120446259164,1.0,,0.75,0.75,6.75,11.5,20.0,49.5,2.5875380665234592e-11,0.331833712325723,1.1249477833464098e-11,0.1442667081694305,7.422590305910228e-12,0.09518954438387908,1.2182337774207669e-11,0.1562299863612293,2.1247163032125005e-11,0.2724800487597381,0.6092911265049032,1.5155730506244856,0.4761004204951535,0.4287100351209674
20260523-200925_ear_eeg_ch1_only_eyes_open_60s,ear_eeg_ch1_only_eyes_open_60s,0,8.192,12.192,11.069101137852162,96.0,0.092011208202899,0.8843814658435082,1.0,,0.75,0.75,6.5,11.75,20.0,49.5,2.3840447303895754e-11,0.32820523075756286,1.0124688975951272e-11,0.1393839569930231,7.563837283973529e-12,0.10412937851185061,1.1263948643700577e-11,0.1550678482128554,1.9845917974481052e-11,0.27321358552470804,0.6715085023229084,1.3385651483280514,0.467589187750586,0.42828143373756344
20260523-200925_ear_eeg_ch1_only_eyes_open_60s,ear_eeg_ch1_only_eyes_open_60s,0,8.448,12.448,10.877453746166886,96.0,0.08640680565367394,0.8786164605031005,1.0,,1.0,1.0,5.25,11.5,20.0,49.5,2.3261265214263827e-11,0.3316143934166147,9.254888636433834e-12,0.1319384071777566,8.009422847868463e-12,0.11418295070572469,1.0774650836420157e-11,0.15360425447556075,1.884529592858718e-11,0.2686599942243433,0.7433579954902343,1.1555000668864455,0.4635528005943713,0.42226424869990403
20260523-200925_ear_eeg_ch1_only_eyes_open_60s,ear_eeg_ch1_only_eyes_open_60s,0,8.704,12.704,10.52178692048076,96.0,0.09718325751091038,0.8780816915268375,1.0,,0.75,0.75,5.0,11.5,20.0,49.25,2.155228754278559e-11,0.306724709392157,8.815490812548365e-12,0.12545901924611433,8.349310659879575e-12,0.11882450439158372,1.1208569370668772e-11,0.15951648640986274,2.0340240913512985e-11,0.28947528056028216,0.7449042231677248,1.0558345678654522,0.43218372863827137,0.44899176697014487
20260523-200925_ear_eeg_ch1_only_eyes_open_60s,ear_eeg_ch1_only_eyes_open_60s,0,8.96,12.96,9.731546639666277,96.0,0.0961017292903344,0.8932756312255303,1.0,,0.75,0.75,5.0,11.5,21.0,49.5,1.7339871960516965e-11,0.2873391587157676,7.954029880478121e-12,0.13180629357937435,7.741686282868273e-12,0.12828754610333623,1.0387338142654918e-11,0.17212866450241557,1.69234325034305e-11,0.2804383370991062,0.7453003047120946,1.027428597575666,0.41914545229514194,0.45256700160152175
20260523-200925_ear_eeg_ch1_only_eyes_open_60s,ear_eeg_ch1_only_eyes_open_60s,0,9.216,13.216,8.53820824295121,96.0,0.07895841798944953,0.9234855246569256,1.0,,1.0,1.0,5.25,11.25,20.75,49.5,1.2630384884727797e-11,0.24700603626473214,7.741967757665664e-12,0.15140573990129558,7.059496442304464e-12,0.1380589942549628,9.670273640928495e-12,0.1891166408182299,1.4031789124167428e-11,0.27441258876077945,0.7300203390756007,1.0966742204545141,0.39841177616602774,0.4635292295790093
20260523-200925_ear_eeg_ch1_only_eyes_open_60s,ear_eeg_ch1_only_eyes_open_60s,0,9.472,13.472,8.732983453551254,103.0,0.07343762463028299,0.9284091445366367,1.0,,0.75,0.75,5.25,11.25,20.0,49.5,1.168835627473883e-11,0.2244612212723782,8.341747951390083e-12,0.16019351983324231,7.404005657070553e-12,0.1421852750745988,1.0598137061347242e-11,0.20352483549319342,1.4040695581927818e-11,0.2696351483265874,0.698613880365249,1.1266533735592192,0.3846547411056205,0.47315998381978086
20260523-200925_ear_eeg_ch1_only_eyes_open_60s,ear_eeg_ch1_only_eyes_open_60s,0,9.728,13.728,8.827004021750527,103.0,0.07312865759414643,0.9212888766243705,1.0,,5.25,0.75,5.25,11.0,20.0,49.25,1.0027312621734857e-11,0.19744140929553614,9.575343305529598e-12,0.1885419701221251,7.317706755392844e-12,0.1440882905619687,1.1016019744150871e-11,0.21690940984507698,1.284988706707332e-11,0.253018920175293,0.664278652848121,1.3085169473992615,0.38598337941766125,0.46992833002036993
20260523-200925_ear_eeg_ch1_only_eyes_open_60s,ear_eeg_ch1_only_eyes_open_60s,0,9.984,13.984,9.04240012386092,103.0,0.10218193350940373,0.9202182895661238,1.0,,5.25,0.5,5.25,11.0,21.0,49.25,1.0277167919400692e-11,0.19206052404155777,1.0203365924695596e-11,0.1906813065480287,6.63142842972677e-12,0.1239286571306387,1.0467566530763322e-11,0.19561870829639127,1.5930519502773927e-11,0.2977108039833835,0.6335214980709741,1.5386377207898174,0.38274183058958644,0.4933295122797748
20260523-200925_ear_eeg_ch1_only_eyes_open_60s,ear_eeg_ch1_only_eyes_open_60s,0,10.24,14.24,9.042510713291968,103.0,0.09521259315173207,0.9094385513861998,1.0,,5.25,1.0,5.25,11.75,16.5,49.25,1.2992014655540475e-11,0.23442325360682859,1.0271679439500909e-11,0.18533850046015035,6.433696281737396e-12,0.11608730863306538,1.0342641406812811e-11,0.186618912751904,1.538115385241404e-11,0.2775320245480516,0.6220554332957391,1.5965440377808882,0.4197617540669789,0.4641509372999556
20260523-200925_ear_eeg_ch1_only_eyes_open_60s,ear_eeg_ch1_only_eyes_open_60s,0,10.496,14.496,9.849873095629201,104.0,0.09508893757317108,0.9049159160665988,1.0,,1.25,1.25,5.25,11.75,16.5,49.5,1.5973288474212472e-11,0.25391014979717125,1.0655909820949929e-11,0.16938551277218702,6.880653640143679e-12,0.10937433448922099,1.1624832636787852e-11,0.18478743440582443,1.777453149103812e-11,0.28254256853559623,0.5918927054802681,1.5486769685339683,0.42329566256935824,0.4673300029414207
20260523-200925_ear_eeg_ch1_only_eyes_open_60s,ear_eeg_ch1_only_eyes_open_60s,0,10.752,14.752,9.971509414326398,104.0,0.1255729476624714,0.9108911339172664,1.0,,1.25,1.25,5.25,12.0,17.0,49.0,1.6375070641193866e-11,0.24048208577233907,8.76648052891507e-12,0.12874335437507414,6.929362946629473e-12,0.10176369256612408,1.1624307891102273e-11,0.1707130227749861,2.4397461855089175e-11,0.3582978445114766,0.5961097221051322,1.2651207039428056,0.3692254401474132,0.5290108672864627
20260523-200925_ear_eeg_ch1_only_eyes_open_60s,ear_eeg_ch1_only_eyes_open_60s,0,11.008,15.008,9.824255696998119,104.0,0.13282443847699998,0.9134191766854718,1.0,,1.25,1.25,5.25,11.75,16.5,49.0,1.4820741205947272e-11,0.2305368273609778,9.251106594332583e-12,0.14390108660556294,7.271604587337996e-12,0.1131099064543235,1.1754185087319223e-11,0.18283650598776482,2.1190317623624022e-11,0.3296156735913709,0.618639619277633,1.2722235489043894,0.37443791396654075,0.5124521795791357
20260523-200925_ear_eeg_ch1_only_eyes_open_60s,ear_eeg_ch1_only_eyes_open_60s,0,11.264,15.264,9.813969635168023,104.0,0.12179722193047773,0.9105792429094702,1.0,,1.0,1.0,5.0,11.75,16.5,49.75,1.6302368619983176e-11,0.2437127629151593,9.981472064730578e-12,0.1492183247454062,7.83300161104676e-12,0.11709969937786072,1.3141273733766722e-11,0.19645587733520434,1.963361514196794e-11,0.2935133356263694,0.5960610645313423,1.274284439141933,0.3929310876605655,0.4899692129615737
20260523-200925_ear_eeg_ch1_only_eyes_open_60s,ear_eeg_ch1_only_eyes_open_60s,0,11.52,15.52,82.14742844423068,1946.0,0.12311512236692539,0.880116313904352,1.0,,0.25,0.5,5.0,12.0,16.5,49.75,2.6140025722359262e-11,0.2725049725462707,1.128040914797758e-11,0.11759619588097676,9.983250600240892e-12,0.10407355599555423,1.7635659978617997e-11,0.18384851986576067,3.088560402276574e-11,0.3219767557114377,0.566083186699272,1.1299334855628473,0.39010116842724746,0.5058252755771984
20260523-200925_ear_eeg_ch1_only_eyes_open_60s,ear_eeg_ch1_only_eyes_open_60s,0,11.776,15.776,82.46741780848967,1946.0,0.11997592823096774,0.884521644436053,1.0,,0.0,0.5,5.25,8.0,14.0,49.0,3.322581935471423e-11,0.28038164509506003,1.5696538763239218e-11,0.13245787300986314,9.258521517406383e-12,0.0781295855035127,2.2133872584041465e-11,0.18678039331955457,3.818736778723972e-11,0.32225050307200964,0.418296503797613,1.6953612662377153,0.41283951810492314,0.5090308963915642
20260523-200925_ear_eeg_ch1_only_eyes_open_60s,ear_eeg_ch1_only_eyes_open_60s,0,12.032,16.032,82.52782561051757,1946.0,0.11303887431450928,0.8458693704658481,1.0,,0.0,0.5,5.25,8.0,25.0,49.0,4.4131887882402554e-11,0.3374747277121149,1.6692671663751844e-11,0.1276481722133322,7.76299102536157e-12,0.0593632724141885,2.463155445605398e-11,0.188356481719821,3.755183649327057e-11,0.2871573459405434,0.315164478929326,2.150288672139018,0.4651228999254471,0.4755138276603644
20260523-200925_ear_eeg_ch1_only_eyes_open_60s,ear_eeg_ch1_only_eyes_open_60s,0,12.288,16.288,82.56647019220333,1946.0,0.11208068084084312,0.8512967425525191,1.0,,0.0,0.5,5.25,8.0,25.0,49.75,4.483357708056637e-11,0.3428390667303426,1.6205713990131696e-11,0.12392390306246383,6.512448985994005e-12,0.04980021844955462,2.6856009855651712e-11,0.20536593228925115,3.6363744445473576e-11,0.2780708794683877,0.24249503262017508,2.488420872852057,0.4667629697928064,0.48343681175763886
20260523-200925_ear_eeg_ch1_only_eyes_open_60s,ear_eeg_ch1_only_eyes_open_60s,0,12.544,16.544,82.60098667691567,1946.0,0.12679316144937086,0.8527659843497783,1.0,,0.0,1.25,5.25,8.0,24.25,49.75,4.829750093664715e-11,0.35524504784371125,1.4817639935742282e-11,0.10898893536558782,6.8214237058632225e-12,0.050173962291139455,2.8422884096204732e-11,0.20906027485473985,3.7596003005464295e-11,0.2765317796448216,0.239997590771377,2.1722210164142224,0.4642339832092991,0.48559205449956144
20260523-200925_ear_eeg_ch1_only_eyes_open_60s,ear_eeg_ch1_only_eyes_open_60s,0,12.8,16.8,82.64144843841981,1946.0,0.12883606720483015,0.8487974556981492,1.0,,0.0,0.5,5.25,8.0,24.25,49.0,4.8412481317420913e-11,0.3568274366679483,1.5354249986562727e-11,0.11316952809631224,6.623907412474398e-12,0.04882195331451723,2.758410204751907e-11,0.20331047198073443,3.770003180815545e-11,0.2778706099404879,0.24013496618680602,2.3180049222377432,0.46999696476426056,0.48118108192122233
20260523-200925_ear_eeg_ch1_only_eyes_open_60s,ear_eeg_ch1_only_eyes_open_60s,0,13.056,17.056,82.67517765327149,1946.0,0.118147277311376,0.8392168239072108,1.0,,0.5,0.5,5.25,8.0,24.25,49.0,5.07357752537831e-11,0.38223745700184597,1.471484892409766e-11,0.11085996823304764,6.606600810080835e-12,0.04977336564662696,2.801387353444065e-11,0.21105327999846565,3.266255780667406e-11,0.2460759291200139,0.23583317751322705,2.2272949958842174,0.49309742523489364,0.45712920911847954
20260523-200925_ear_eeg_ch1_only_eyes_open_60s,ear_eeg_ch1_only_eyes_open_60s,0,13.312,17.312,82.70637823046056,1946.0,0.10723720289724022,0.834664121600446,1.0,,0.5,0.5,5.25,8.25,24.5,49.75,5.302440079720837e-11,0.40475175952430364,1.3393759761655753e-11,0.10223873817846889,6.315969103066669e-12,0.04821175853253511,2.9623510237733983e-11,0.2261254764172707,2.864710448866561e-11,0.2186722673474216,0.21320799096325466,2.120618315747067,0.5069904977027725,0.4447977437646923
20260523-200925_ear_eeg_ch1_only_eyes_open_60s,ear_eeg_ch1_only_eyes_open_60s,0,13.568,17.568,82.68659504417872,1946.0,0.11368519425903578,0.8345878838997551,1.0,,0.25,0.5,5.25,8.25,24.5,50.0,5.271094368238484e-11,0.386646171849231,1.3061956814382388e-11,0.09581227817836764,6.137004129645146e-12,0.04501625255749663,3.0636789116137403e-11,0.22472747406845084,3.378193827333624e-11,0.2477978233464539,0.20031486022837114,2.1283930299616167,0.48245845002759863,0.47252529741490473
20260523-200925_ear_eeg_ch1_only_eyes_open_60s,ear_eeg_ch1_only_eyes_open_60s,0,13.824,17.824,82.65786109015887,1946.0,0.13103799926239346,0.8151566948098788,1.0,,0.25,0.5,5.25,8.25,24.5,49.25,5.596384149840224e-11,0.3914118904876735,1.2470910456934241e-11,0.0872217222291734,6.257925946285744e-12,0.04376802162942115,3.021344940886536e-11,0.21131328791314835,3.807328353131123e-11,0.2662850777405835,0.20712384943539472,1.9928184775558233,0.4786336127168469,0.47759836565373187
20260523-200925_ear_eeg_ch1_only_eyes_open_60s,ear_eeg_ch1_only_eyes_open_60s,0,14.08,18.08,82.65633672018134,1946.0,0.1304887354448564,0.8122682019854525,1.0,,0.25,0.5,5.0,8.25,24.5,49.75,5.5200587767152714e-11,0.3957549309282923,1.2249569195955095e-11,0.08782202522001516,6.394048845167775e-12,0.04584147490866516,3.028271923284661e-11,0.2171088378418955,3.535481846532732e-11,0.25347273110113183,0.2111451351512837,1.9157766061190726,0.4835769561483074,0.47058156894302733
20260523-200925_ear_eeg_ch1_only_eyes_open_60s,ear_eeg_ch1_only_eyes_open_60s,0,14.336,18.336,82.70967899828895,1946.0,0.10569791606785704,0.8273467812157776,1.0,,0.25,0.5,5.25,8.0,24.0,49.75,6.017711365377857e-11,0.3977733958377654,1.3651523553533404e-11,0.09023717743410334,8.71775574568547e-12,0.0576247529417317,3.454792898854042e-11,0.2283633461052649,3.419059123632136e-11,0.22600132768113454,0.25233801275257794,1.5659447169404488,0.4880105732718687,0.45436467378639944
20260523-200925_ear_eeg_ch1_only_eyes_open_60s,ear_eeg_ch1_only_eyes_open_60s,0,14.592,18.592,82.60321422317656,1946.0,0.09351258382395737,0.8180738434629623,1.0,,0.25,0.5,5.25,10.0,24.5,50.0,5.766751136775951e-11,0.4079618701140316,1.3603416793668204e-11,0.09623573522522755,8.75701522296226e-12,0.061950450474511726,3.272740852666839e-11,0.2315261135751049,2.8599798146569696e-11,0.2023258306111242,0.26757435486608977,1.5534307577766817,0.5041976053392592,0.4338519441862291
20260523-200925_ear_eeg_ch1_only_eyes_open_60s,ear_eeg_ch1_only_eyes_open_60s,0,14.848,18.848,82.59609554936601,1946.0,0.09013059000908943,0.7980893121874949,1.0,,0.25,0.5,5.0,10.5,24.5,49.25,5.888633458415788e-11,0.4294742092056325,1.4586043970990177e-11,0.10638002423001679,6.876799622615672e-12,0.05015438812153558,3.000579500238752e-11,0.21884050300022576,2.6757648071485e-11,0.19515087544258938,0.22918238367183721,2.121051182445564,0.5358542334356493,0.41399137844281514
20260523-200925_ear_eeg_ch1_only_eyes_open_60s,ear_eeg_ch1_only_eyes_open_60s,0,15.104,19.104,82.62005809729257,1946.0,0.09459257943624062,0.8013023813737064,1.0,,0.25,0.5,5.25,10.5,24.5,50.0,6.219195054171992e-11,0.42213719361959673,1.5645093729765342e-11,0.10619342058693447,8.098553738630978e-12,0.05497014835239528,3.3036642959861633e-11,0.22424116986543577,2.8354153106928207e-11,0.19245806757563758,0.24513851932444947,1.9318379842485394,0.5283306142065312,0.41669923744107334
20260523-200925_ear_eeg_ch1_only_eyes_open_60s,ear_eeg_ch1_only_eyes_open_60s,0,15.36,19.36,17.914491340811214,205.0,0.08141082954383805,0.8506675029617969,1.0,,0.0,0.5,5.75,10.5,24.5,50.0,4.8041467426363174e-11,0.36313031113219174,1.5881170870210174e-11,0.12004076536759294,8.691769665058338e-12,0.06569834752861782,3.168911864461115e-11,0.23952806043155675,2.799462079042119e-11,0.21160251554004064,0.2742824678254789,1.8271504517720765,0.4831710764997847,0.4511305759715974
20260523-200925_ear_eeg_ch1_only_eyes_open_60s,ear_eeg_ch1_only_eyes_open_60s,0,15.616,19.616,12.64871534978948,140.0,0.11089713269905675,0.8819610567881293,1.0,,0.75,0.75,6.0,10.5,23.75,49.25,2.7592411782829286e-11,0.28958949472314527,1.2047935402375274e-11,0.1264461966243241,7.985640233922879e-12,0.08381135866570558,2.0892568912202105e-11,0.2192729117836003,2.676256499942977e-11,0.28088003820322477,0.38222395089284317,1.50869999767781,0.41603569134746937,0.5001529499868251
20260523-200925_ear_eeg_ch1_only_eyes_open_60s,ear_eeg_ch1_only_eyes_open_60s,0,15.872,19.872,11.59978448075653,140.0,0.13471265360053672,0.8706147283940574,1.0,,0.0,0.75,6.0,10.5,13.75,49.25,2.3127811189565138e-11,0.2864593167458806,1.065064839914692e-11,0.13191812395531755,6.806273851162669e-12,0.08430199213443473,1.557611497771511e-11,0.1929245797408053,2.4575960747119324e-11,0.3043959874235619,0.43696864467811564,1.5648280736349658,0.41837744070119814,0.4973205671643672
20260523-200925_ear_eeg_ch1_only_eyes_open_60s,ear_eeg_ch1_only_eyes_open_60s,0,16.128,20.128,11.48329221086009,140.0,0.1352833801481591,0.8522597199481435,1.0,,0.0,0.75,6.0,10.5,13.75,49.25,2.335541417812421e-11,0.297023777615545,1.0625766113913115e-11,0.13513377100243767,6.682562468350936e-12,0.08498585952547948,1.5348006773843383e-11,0.1951891289988705,2.2619713460473344e-11,0.28766746285766737,0.43540262698734244,1.5900735929125178,0.43215754861798267,0.48285659185653784
20260523-200925_ear_eeg_ch1_only_eyes_open_60s,ear_eeg_ch1_only_eyes_open_60s,0,16.384,20.384,11.283483504662911,140.0,0.130075775776387,0.8458418897050983,1.0,,0.0,0.75,6.0,10.5,13.75,49.25,2.4441770412932387e-11,0.30441076799010847,1.093411113422029e-11,0.13617921743901465,7.068374366513331e-12,0.08803328208227662,1.569454718742079e-11,0.1954682120756641,2.2153265981458263e-11,0.2759085204129361,0.4503713475836147,1.5469060589123604,0.4405899854291231,0.47137673248860024
20260523-200925_ear_eeg_ch1_only_eyes_open_60s,ear_eeg_ch1_only_eyes_open_60s,0,16.64,20.64,11.055858175646067,140.0,0.127668054396975,0.8272547715175479,1.0,,0.5,0.5,6.0,10.5,13.75,49.25,2.7967822402353156e-11,0.3351139535782957,1.0897886781025303e-11,0.1305798453772633,7.010797797753266e-12,0.08400425796273045,1.5611917720430592e-11,0.18706395496105407,2.1969223372225747e-11,0.2632379881206564,0.4490670475785663,1.5544431740019262,0.465693798955559,0.45030194308171045
20260523-200925_ear_eeg_ch1_only_eyes_open_60s,ear_eeg_ch1_only_eyes_open_60s,0,16.896,20.896,10.824463035181006,140.0,0.12715663012419962,0.8276494505209846,1.0,,0.5,0.5,6.0,10.5,13.75,49.25,2.856748308471485e-11,0.3381029609414871,1.1389363454811469e-11,0.13479582698592363,7.448466123078338e-12,0.08815436919021397,1.603507586420628e-11,0.18977893896121073,2.1053053959363563e-11,0.24916790392116445,0.4645108128053767,1.5290884413802526,0.47289878792741075,0.4389468428823752
20260523-200925_ear_eeg_ch1_only_eyes_open_60s,ear_eeg_ch1_only_eyes_open_60s,0,17.152,21.152,10.599103735693882,140.0,0.10989987027743488,0.8342729988970714,1.0,,0.0,0.75,6.0,10.5,13.75,49.25,2.8883699051417522e-11,0.3437779839262367,1.199165054879156e-11,0.14272636763985375,8.675007187727358e-12,0.10325119633166108,1.686181127192909e-11,0.20069172837209678,1.760629851423307e-11,0.20955272373015174,0.5144765913831086,1.382321684500308,0.48650435156609045,0.4102444521022485
20260523-200925_ear_eeg_ch1_only_eyes_open_60s,ear_eeg_ch1_only_eyes_open_60s,0,17.408,21.408,10.124919752768413,108.0,0.0893998167951781,0.8367853702132929,1.0,,0.75,0.75,6.0,10.5,13.75,49.5,2.9014471190241664e-11,0.3528548912478299,1.1772899793685779e-11,0.1431742542931383,9.134857824239637e-12,0.11109212513307978,1.6809165106597878e-11,0.20442199641571376,1.5496377075274015e-11,0.1884567329102383,0.5434450650171824,1.288788508831086,0.4960291455409682,0.392878729325952
20260523-200925_ear_eeg_ch1_only_eyes_open_60s,ear_eeg_ch1_only_eyes_open_60s,0,17.664,21.664,10.190142295375468,108.0,0.0981929121128633,0.8626293768269012,1.0,,0.75,0.75,6.0,9.75,13.75,49.25,2.5332804954731997e-11,0.32282620742948337,1.1138313370578396e-11,0.14194004450001774,7.911598974900698e-12,0.10082071433992931,1.6167406876216438e-11,0.20602782262543654,1.7921834951195572e-11,0.22838521110513302,0.4893548505010596,1.4078460505789474,0.4647662519295011,0.43441303373056955
20260523-200925_ear_eeg_ch1_only_eyes_open_60s,ear_eeg_ch1_only_eyes_open_60s,0,17.92,21.92,10.296941293413301,108.0,0.10280893046040183,0.873869531964291,1.0,,0.75,0.75,6.25,13.0,13.75,49.5,2.4133832312314384e-11,0.3108585398333204,1.1116437756031439e-11,0.1431865260464527,7.206553456184958e-12,0.09282482183641196,1.5644355490296103e-11,0.20150887937782588,1.9534881185593328e-11,0.25162123290598915,0.4606487918696968,1.5425456598106349,0.4540450658797731,0.45313011228381506
20260523-200925_ear_eeg_ch1_only_eyes_open_60s,ear_eeg_ch1_only_eyes_open_60s,0,18.176,22.176,10.237480158710932,108.0,0.09922978414849463,0.8712971155832349,1.0,,0.5,0.5,6.25,13.0,13.0,49.5,2.321904543203284e-11,0.30684560683734946,1.161487880063009e-11,0.15349358544278355,7.013606062685646e-12,0.09268659276810215,1.5373343315870053e-11,0.2031626525166784,1.8449251411430398e-11,0.2438115624350866,0.45621865839979203,1.6560494981924503,0.460339192280133,0.446974214951765
20260523-200925_ear_eeg_ch1_only_eyes_open_60s,ear_eeg_ch1_only_eyes_open_60s,0,18.432,22.432,9.77634901177326,108.0,0.09778091479543712,0.8676574079147871,1.0,,1.0,1.0,6.0,13.0,13.0,49.5,2.2721494960614283e-11,0.313288292386026,1.0741979740618036e-11,0.14811245895646508,6.947740597117067e-12,0.09579676827536653,1.488784046437956e-11,0.20527637483739564,1.7226779108295924e-11,0.23752610554474668,0.4666721552894212,1.546111227162881,0.4614007513424911,0.4428024803821423
20260523-200925_ear_eeg_ch1_only_eyes_open_60s,ear_eeg_ch1_only_eyes_open_60s,0,18.688,22.688,9.7066987178958,108.0,0.1028697529583848,0.8666501581559977,1.0,,0.5,0.5,6.5,13.0,13.75,49.5,2.3888260623038426e-11,0.31571027475038743,1.0456834373722186e-11,0.1381988460877408,6.9563230612950694e-12,0.09193564569602317,1.541307917220415e-11,0.20370120441138734,1.895063796980736e-11,0.2504540290544611,0.45132597994046897,1.503212872890268,0.45390912083812823,0.45415523346584846
20260523-200925_ear_eeg_ch1_only_eyes_open_60s,ear_eeg_ch1_only_eyes_open_60s,0,18.944,22.944,9.910146315771529,108.0,0.09089283640170796,0.8575021119162844,1.0,,0.5,0.5,6.75,13.0,13.5,49.5,2.8899022471826273e-11,0.3402897746116848,1.1550609572760528e-11,0.13600994054294244,7.789444670788185e-12,0.09172173120931146,1.698594669770002e-11,0.2000117470741963,1.96997219889984e-11,0.23196680656186505,0.4585817210790444,1.4828540494134819,0.4762997151546272,0.43197855363606136
20260523-200925_ear_eeg_ch1_only_eyes_open_60s,ear_eeg_ch1_only_eyes_open_60s,0,19.2,23.2,9.451613618848372,108.0,0.06230267130204182,0.8612906960220705,1.0,,1.0,1.0,6.75,13.0,13.0,49.5,2.7786935310835032e-11,0.35899308565376936,1.1390259886652522e-11,0.14715637033614493,7.435460547988325e-12,0.09606237231704919,1.6335348309670564e-11,0.21104440015848197,1.4454420730366355e-11,0.1867437715345547,0.4551761252367368,1.5318835750845554,0.5061494559899142,0.3977881716930367
20260523-200925_ear_eeg_ch1_only_eyes_open_60s,ear_eeg_ch1_only_eyes_open_60s,0,19.456,23.456,9.24883776482213,85.0,0.043524678818057765,0.8669378531459242,1.0,,1.0,1.0,4.25,13.0,14.0,49.5,2.755936698511948e-11,0.3697961291868248,1.1526025215690362e-11,0.15465810633362612,6.983671814274115e-12,0.09370805961632292,1.587248263678841e-11,0.21297958849485504,1.2584292884961181e-11,0.16885811636837095,0.43998610514071224,1.6504248083553996,0.5244542355204509,0.381837704863226
20260523-200925_ear_eeg_ch1_only_eyes_open_60s,ear_eeg_ch1_only_eyes_open_60s,0,19.712,23.712,9.4424573072903,85.0,0.07276771468338435,0.8687600230072476,1.0,,0.75,0.75,4.25,9.75,15.0,49.5,2.9860424170565767e-11,0.3539855461435101,1.2146924675544481e-11,0.14399781264578143,6.983096185086158e-12,0.08278231758298396,1.614929857157877e-11,0.19144464398901423,1.921518132531774e-11,0.22778967963871025,0.4324086370770148,1.7394754924737745,0.4979833587892915,0.4192343236277245
20260523-200925_ear_eeg_ch1_only_eyes_open_60s,ear_eeg_ch1_only_eyes_open_60s,0,19.968,23.968,9.799438759439235,98.0,0.09354174396244365,0.8673551642016872,1.0,,0.75,0.75,4.5,9.0,14.5,49.0,3.106575237713354e-11,0.3410343540694112,1.3245653304094771e-11,0.14540844734583985,7.369014429961791e-12,0.08089574157875502,1.5491975242136922e-11,0.17006817365383792,2.392034063188897e-11,0.2625932833521561,0.47566655089395354,1.797479626344476,0.48644280141525104,0.432661457005994
20260523-200925_ear_eeg_ch1_only_eyes_open_60s,ear_eeg_ch1_only_eyes_open_60s,0,20.224,24.224,10.320125968223449,106.0,0.11837328453886652,0.8697591441187614,1.0,,0.75,0.75,4.25,8.5,14.0,49.0,3.249183614843683e-11,0.32285608173869906,1.378268128411763e-11,0.1369520163438839,8.237798089740662e-12,0.08185512204536226,1.628500586412729e-11,0.16181643783885755,2.9841439926222884e-11,0.29652034203319727,0.505851711597288,1.6731025856633406,0.45980809808258294,0.4583367798720548
20260523-200925_ear_eeg_ch1_only_eyes_open_60s,ear_eeg_ch1_only_eyes_open_60s,0,20.48,24.48,10.26786248447066,106.0,0.13300142239294424,0.8809738479229198,1.0,,0.75,0.75,4.25,8.25,13.0,49.25,2.905192479448484e-11,0.29812108338689125,1.2920954042976638e-11,0.13259048565400683,7.59398390023696e-12,0.0779269092694,1.6068078693005194e-11,0.16488522057629382,3.181514316053695e-11,0.3264763011134081,0.47261306378483176,1.701472404039921,0.4307115690408981,0.49136152168970193
20260523-200925_ear_eeg_ch1_only_eyes_open_60s,ear_eeg_ch1_only_eyes_open_60s,0,20.736,24.736,10.174527016033718,106.0,0.1350989255696538,0.8764826954598856,1.0,,1.25,1.25,4.25,9.25,13.5,49.0,2.7296088696006045e-11,0.309370260578851,1.2133676134858351e-11,0.13752148116992924,6.57090124574268e-12,0.07447372600788603,1.415985027452414e-11,0.16048587099689565,2.807061693535006e-11,0.3181486612464381,0.4640516049498626,1.8465771560209983,0.4468917417487802,0.47863453224333374
20260523-200925_ear_eeg_ch1_only_eyes_open_60s,ear_eeg_ch1_only_eyes_open_60s,0,20.992,24.992,10.16941492909007,106.0,0.12136478248394153,0.8655865050121505,1.0,,1.0,1.0,4.25,13.0,13.75,49.0,2.768115528052514e-11,0.3255063457413497,1.3779935729346378e-11,0.16204007666421016,6.0924103930951645e-12,0.07164145512410149,1.464522802539689e-11,0.17221516258209102,2.2841564386740237e-11,0.2685969598882477,0.4159996950904462,2.261820008869375,0.48754642240555984,0.44081212247033874
20260523-200925_ear_eeg_ch1_only_eyes_open_60s,ear_eeg_ch1_only_eyes_open_60s,0,21.248,25.248,10.20352880135103,106.0,0.13121824231963644,0.8640613549649848,1.0,,1.0,1.0,4.25,13.0,14.0,49.25,2.9114373758989104e-11,0.3178694785746847,1.3851279775702448e-11,0.15122767593567804,6.951795497898981e-12,0.0758994037916657,1.5176751647993955e-11,0.16569912074154913,2.6498027329279532e-11,0.28930432095642256,0.45805556150204657,1.9924751497492519,0.46909715451036277,0.4550034416979717
20260523-200925_ear_eeg_ch1_only_eyes_open_60s,ear_eeg_ch1_only_eyes_open_60s,0,21.504,25.504,10.245438009182427,106.0,0.13684073085547313,0.8719802571105194,1.0,,1.25,1.25,4.25,8.75,13.5,49.25,2.7837955607511252e-11,0.3050062431211172,1.2606981062528989e-11,0.13812824422866457,6.642475343282508e-12,0.0727782053410774,1.564937932047047e-11,0.1714622460431722,2.8533326033794152e-11,0.3126250612659686,0.4244561530049752,1.8979341903434155,0.4431344873497818,0.48408730730914085
20260523-200925_ear_eeg_ch1_only_eyes_open_60s,ear_eeg_ch1_only_eyes_open_60s,0,21.76,25.76,10.25163401609714,106.0,0.13261618365652716,0.8757281102570976,1.0,,0.75,0.75,4.75,8.75,13.75,49.0,2.643596826142479e-11,0.3022482922312747,1.2277763262065948e-11,0.14037439225535342,6.183027684443384e-12,0.07069192775392538,1.6217054330387704e-11,0.18541318131077625,2.6350595495283193e-11,0.30127220644867025,0.38126700191523416,1.9857202472110929,0.4426226844866281,0.4866853877594465
20260523-200925_ear_eeg_ch1_only_eyes_open_60s,ear_eeg_ch1_only_eyes_open_60s,0,22.016,26.016,10.21077861869505,106.0,0.14213848930136136,0.8765786091595013,1.0,,1.0,1.0,4.75,8.0,14.25,49.25,2.666755202216383e-11,0.2987827894162871,1.0796952391730886e-11,0.12096886696293208,6.424988227664412e-12,0.07198545644657996,1.55158614342995e-11,0.17383944186866684,2.984862228021772e-11,0.3344234453055339,0.41409162197474103,1.6804625952841246,0.4197516563792192,0.5082628871742008
20260523-200925_ear_eeg_ch1_only_eyes_open_60s,ear_eeg_ch1_only_eyes_open_60s,0,22.272,26.272,10.283433278822788,106.0,0.1316375096227938,0.8758845545177625,1.0,,1.25,1.25,4.5,8.25,14.5,49.25,2.573145727152883e-11,0.2990665881986041,1.2500914192686798e-11,0.14529319958520248,5.690091511890478e-12,0.06613369142064976,1.6117194718119237e-11,0.1873238031105922,2.5999566635444973e-11,0.3021827176849515,0.35304478300392905,2.1969618883218085,0.4443597877838066,0.4895065207955437
20260523-200925_ear_eeg_ch1_only_eyes_open_60s,ear_eeg_ch1_only_eyes_open_60s,0,22.528,26.528,10.280904629457469,106.0,0.15567782704843466,0.8867256653359825,1.0,,0.75,0.75,4.75,8.75,14.5,49.0,2.538753686516279e-11,0.2664501022044132,1.2203026755329043e-11,0.12807456443804804,5.982964720154786e-12,0.06279307715582982,1.60292710477628e-11,0.16823218934639456,3.567784285989481e-11,0.3744500668553144,0.3732524518630451,2.039628733597703,0.3945246666424612,0.542682256201709
20260523-200925_ear_eeg_ch1_only_eyes_open_60s,ear_eeg_ch1_only_eyes_open_60s,0,22.784,26.784,10.158149437766705,106.0,0.15589491087523794,0.8866174088638429,1.0,,0.75,0.75,5.0,8.5,14.0,49.25,2.4793973898494925e-11,0.27054948817999075,1.1093262925301273e-11,0.1210486313720171,6.390557269581004e-12,0.06973315393281967,1.566569646899332e-11,0.17094259189836897,3.3699535877213905e-11,0.3677261346168035,0.40793317311041094,1.7358835008184819,0.39159811955200785,0.5386687265151724
20260523-200925_ear_eeg_ch1_only_eyes_open_60s,ear_eeg_ch1_only_eyes_open_60s,0,23.04,27.04,10.108263945900898,106.0,0.1459310192663901,0.8895811056327928,1.0,,0.0,1.0,4.75,8.5,18.25,49.25,2.4477301720530492e-11,0.27534892641314573,1.0628495682283412e-11,0.11956158031294904,6.993016993221732e-12,0.07866552218284119,1.647597235933039e-11,0.18534074354074534,3.0320790356141083e-11,0.3410832275503187,0.4244372860495585,1.5198727091018822,0.3949105067260948,0.5264239710910641
20260523-200925_ear_eeg_ch1_only_eyes_open_60s,ear_eeg_ch1_only_eyes_open_60s,0,23.296,27.296,9.873196037757987,106.0,0.12390032190553915,0.8973402303065396,1.0,,0.0,0.75,4.5,8.5,18.25,49.25,2.0911011612864194e-11,0.26029985340691936,1.213812268808797e-11,0.1510951079191589,6.749494047915631e-12,0.08401756661846503,1.7316088340470876e-11,0.21555032057047652,2.3219602900824937e-11,0.28903715148498027,0.3897816825143369,1.7983751970025734,0.4113949613260782,0.5045874720554568
20260523-200925_ear_eeg_ch1_only_eyes_open_60s,ear_eeg_ch1_only_eyes_open_60s,0,23.552,27.552,9.970857535839132,112.0,0.10488118206692085,0.9066160765201089,1.0,,0.0,0.75,5.25,8.25,18.25,49.75,1.8718013835484925e-11,0.25216442530178323,1.023535276499985e-11,0.13788812586804777,6.3485823767072105e-12,0.08552652223541476,1.665104308760729e-11,0.2243187096540013,2.2276407316512102e-11,0.300102216940753,0.38127235292737954,1.612226503125029,0.390052551169831,0.5244209265947544
20260523-200925_ear_eeg_ch1_only_eyes_open_60s,ear_eeg_ch1_only_eyes_open_60s,0,23.808,27.808,9.855201672213513,112.0,0.11197640239767974,0.9129876185264085,1.0,,0.0,0.5,5.0,8.25,18.25,48.5,1.8593707353500712e-11,0.22891044084958354,9.056616538056984e-12,0.1114976182488928,6.948872569954718e-12,0.0855488070858785,1.843641705067557e-11,0.2269740119343307,2.8191382008381512e-11,0.3470691218813144,0.37691014207666174,1.3033217182907704,0.3404080590984763,0.5740431338156451
20260523-200925_ear_eeg_ch1_only_eyes_open_60s,ear_eeg_ch1_only_eyes_open_60s,0,24.064,28.064,8.955612765188098,111.0,0.09370018018526316,0.9061013465055976,1.0,,0.0,0.5,5.0,8.5,18.25,49.0,1.7221973406538108e-11,0.25102281842399,8.534850143873258e-12,0.12440166334992192,5.750832660667477e-12,0.08382257878864464,1.567653539180817e-11,0.22849693262684853,2.142301117916979e-11,0.31225600681059484,0.3668433436939514,1.484106849821405,0.3754244817739119,0.5407529394374434
20260523-200925_ear_eeg_ch1_only_eyes_open_60s,ear_eeg_ch1_only_eyes_open_60s,0,24.32,28.32,9.39356162485774,111.0,0.09043151179429891,0.902419131722884,1.0,,0.75,0.75,7.75,8.5,18.25,49.5,2.0228759855183867e-11,0.27630473802311184,8.596196566153979e-12,0.11741549443515106,5.9678008967055555e-12,0.08151422406231994,1.6464437230843145e-11,0.22488783535587303,2.195457879932079e-11,0.2998777081235442,0.3624661330984311,1.4404295174960333,0.39372023245826293,0.5247655434794172
20260523-200925_ear_eeg_ch1_only_eyes_open_60s,ear_eeg_ch1_only_eyes_open_60s,0,24.576,28.576,11.023973875150467,111.0,0.07090935996101858,0.8604363674222079,1.0,,0.75,0.75,8.0,8.0,18.5,49.0,3.839012407771836e-11,0.3654698343582497,8.591267934201823e-12,0.08178794271369526,7.760355963657188e-12,0.07387775050836487,2.2316114516383824e-11,0.21244699963228814,2.798534619071947e-11,0.2664174727874021,0.34774673512092646,1.107071373328222,0.447257777071945,0.4788644724196902
20260523-200925_ear_eeg_ch1_only_eyes_open_60s,ear_eeg_ch1_only_eyes_open_60s,0,24.832,28.832,67.98674135447294,412.0,0.017498263746751844,0.5450854168062087,1.0,,0.25,0.5,5.25,10.25,19.0,49.0,1.3293505020005528e-09,0.8492393760456602,7.017915488495012e-11,0.044833098280864084,2.71239095888154e-11,0.017327779257960453,6.059409258123285e-11,0.038709797979011674,7.809485743308464e-11,0.04988994843650348,0.44763290336352357,2.5873539599869715,0.8940724743265244,0.08859974641551516
20260523-200925_ear_eeg_ch1_only_eyes_open_60s,ear_eeg_ch1_only_eyes_open_60s,0,25.088,29.088,74.98017071199558,412.0,0.006102114921089123,0.4980859188205731,1.0,,0.75,0.75,4.0,10.0,18.25,49.25,2.527515709679796e-09,0.9201951351704216,1.0332707832421259e-10,0.03761839122944921,2.6428167146681257e-11,0.009621728856802148,4.243559421446176e-11,0.015449568603931967,4.7010546907799586e-11,0.01711517613939517,0.6227830111938132,3.909733041672093,0.9578135263998708,0.032564744743327136
20260523-200925_ear_eeg_ch1_only_eyes_open_60s,ear_eeg_ch1_only_eyes_open_60s,0,25.344,29.344,75.3504479084232,412.0,0.004594701296946561,0.4839011481395784,1.0,,0.75,0.75,5.25,9.5,18.0,49.25,2.427691185409744e-09,0.9285827407555111,8.955401867928475e-11,0.03425407506962014,2.3106528413529903e-11,0.008838160146781316,3.6859807574980773e-11,0.014098737659633393,3.719327153303625e-11,0.014226286368454065,0.6268759913226963,3.875702012719785,0.9628368158251313,0.02832502402808746
20260523-200925_ear_eeg_ch1_only_eyes_open_60s,ear_eeg_ch1_only_eyes_open_60s,0,25.6,29.6,75.50735063555071,412.0,0.00741819835577179,0.46522555383815445,1.0,,0.75,0.75,4.75,8.0,18.25,49.25,1.9796806366620502e-09,0.9198807461698428,7.024067253771348e-11,0.03263811398105497,2.0320280338784816e-11,0.009442045496761961,3.9889054841062985e-11,0.018534895402662194,4.1975098571258596e-11,0.019504198949678114,0.509419950403701,3.4566783216886456,0.9525188601508978,0.038039094352340305
20260523-200925_ear_eeg_ch1_only_eyes_open_60s,ear_eeg_ch1_only_eyes_open_60s,0,25.856,29.856,77.57912090246963,509.0,0.009390223630982186,0.4605623635143325,1.0,,0.75,0.75,4.0,8.0,18.25,49.25,1.6606357112264815e-09,0.9118313244320517,5.585007811254626e-11,0.030666479319166714,1.8034095566547572e-11,0.009902264015046576,4.003417968803433e-11,0.021982195637916476,4.6655260783355544e-11,0.02561773659581858,0.4504674682253504,3.0969159449363026,0.9424978037512184,0.04759993223373506
20260523-200925_ear_eeg_ch1_only_eyes_open_60s,ear_eeg_ch1_only_eyes_open_60s,0,26.112,30.112,78.3336390064958,509.0,0.008154997532218463,0.4979126190269015,1.0,,0.5,0.5,4.0,10.25,18.25,49.25,1.490453893852669e-09,0.8956690465872493,6.568708502674485e-11,0.039473806644847384,2.108175649828866e-11,0.01266880969688906,4.061137621252992e-11,0.024404882809792142,4.6233547699453945e-11,0.027783454261222112,0.5191096304632065,3.115826000175891,0.9351428532320967,0.05218833707101425
20260523-200925_ear_eeg_ch1_only_eyes_open_60s,ear_eeg_ch1_only_eyes_open_60s,0,26.368,30.368,78.50618446976009,509.0,0.009625769579784274,0.5209576757605827,1.0,,0.75,0.75,4.0,10.25,20.0,48.75,1.1879107566860927e-09,0.8782585192138336,5.3292349379440035e-11,0.0394006532796987,1.9470907380194542e-11,0.014395433484569576,4.2098052739788336e-11,0.03112436961525262,4.980320715136248e-11,0.03682102440664556,0.46251325448580455,2.7370244405583306,0.9176591724935322,0.06794539402189817
20260523-200925_ear_eeg_ch1_only_eyes_open_60s,ear_eeg_ch1_only_eyes_open_60s,0,26.624,30.624,78.56998790887015,509.0,0.010876649923052538,0.5258704389982718,1.0,,0.75,0.75,4.0,10.25,26.5,48.75,1.175856401311895e-09,0.8721584669973955,5.486950239697298e-11,0.04069791263802492,1.9065681615176147e-11,0.014141433963535325,4.50285919586172e-11,0.03339869365839506,5.3393989989083134e-11,0.03960349274264902,0.4234127869842822,2.8779197882596157,0.9128563796354204,0.07300218640104408
20260523-200925_ear_eeg_ch1_only_eyes_open_60s,ear_eeg_ch1_only_eyes_open_60s,0,26.88,30.88,78.78572840305533,509.0,0.006629951390194284,0.5085149361050768,1.0,,0.5,0.5,4.0,8.25,26.25,49.25,1.7981223585756311e-09,0.8845008712049158,9.128186630895644e-11,0.04490177761842599,2.4487029456442493e-11,0.012045230839908288,5.350080091592842e-11,0.026317177357043052,6.553116405669752e-11,0.032234942979706714,0.45769463329944543,3.7277639768975876,0.9294026488233418,0.058552120336749766
20260523-200925_ear_eeg_ch1_only_eyes_open_60s,ear_eeg_ch1_only_eyes_open_60s,0,27.136,31.136,79.27477530715555,509.0,0.003455723008133246,0.5009581409375892,1.0,,0.75,0.75,4.0,8.0,20.0,38.75,2.1725215135900376e-09,0.8902214851296175,1.1068046519316135e-10,0.045352889480148095,3.0974992185458026e-11,0.012692442110573347,5.7336314215167433e-11,0.023494367477235743,6.891479915264324e-11,0.02823881580242534,0.5402334037241632,3.573220116747052,0.9355743746097656,0.05173318327966108
20260523-200925_ear_eeg_ch1_only_eyes_open_60s,ear_eeg_ch1_only_eyes_open_60s,0,27.392,31.392,79.42595923248268,509.0,0.001159936917276183,0.49892373556155883,1.0,,0.75,0.75,4.0,8.0,18.25,38.75,2.5977263093822543e-09,0.8990914477831471,1.331804853990124e-10,0.04609470789951507,3.576016664106432e-11,0.012376846583937036,5.923947203992734e-11,0.020503200237038555,6.337286708871657e-11,0.021933797496362366,0.6036543778945567,3.724269149408208,0.9451861556826622,0.04243699773340092
20260523-200925_ear_eeg_ch1_only_eyes_open_60s,ear_eeg_ch1_only_eyes_open_60s,0,27.648,31.648,79.6640006527415,509.0,0.0013074102605381062,0.49505059481031194,1.0,,0.75,0.75,4.0,8.0,18.25,38.75,3.581946730771543e-09,0.9174752948895829,1.5742160851785902e-10,0.040321771246945706,4.0597045295381144e-11,0.010398475718259132,6.07201616726457e-11,0.015552785237639232,6.344871296818506e-11,0.016251672907573147,0.6685925099186623,3.877661720759993,0.9577970661365286,0.03180445814521238
20260523-200925_ear_eeg_ch1_only_eyes_open_60s,ear_eeg_ch1_only_eyes_open_60s,0,27.904,31.904,79.79989348363819,509.0,0.001588140359504366,0.4984142057320425,1.0,,0.75,0.75,4.0,8.0,18.25,38.75,3.286872640141615e-09,0.9138224907038625,1.5587953761509196e-10,0.04333792115141171,3.848284901857633e-11,0.010699073797401825,5.546720072975498e-11,0.015421095087229159,6.013706412799525e-11,0.016719419260094848,0.6937946842868615,4.050623630798391,0.9571604118552741,0.032140514347324005
20260523-200925_ear_eeg_ch1_only_eyes_open_60s,ear_eeg_ch1_only_eyes_open_60s,0,28.16,32.16,79.88662591447958,509.0,0.0017661915911337993,0.5010212689764825,1.0,,0.75,0.75,4.0,8.0,18.25,38.75,3.1236296726585025e-09,0.9163874800818981,1.3955848049865049e-10,0.040942639707789344,3.506877266812884e-11,0.010288218381393552,5.3686654707847464e-11,0.015750195566518414,5.669058411012996e-11,0.016631466262400463,0.6532121038080396,3.979565575885804,0.9573301197896874,0.03238166182891888
20260523-200925_ear_eeg_ch1_only_eyes_open_60s,ear_eeg_ch1_only_eyes_open_60s,0,28.416,32.416,79.98381086194881,509.0,0.0026236241352956564,0.5162117357050677,1.0,,0.75,0.75,4.0,8.0,18.25,38.75,3.0520073124511784e-09,0.9094324038262378,1.2551421158311213e-10,0.03740053003434953,3.999515437294266e-11,0.011917694048240769,6.478558303847947e-11,0.0193047075200647,7.364514004396939e-11,0.021944664571107046,0.617346522129584,3.1382354575439377,0.9468329338605873,0.04124937209117174
20260523-200925_ear_eeg_ch1_only_eyes_open_60s,ear_eeg_ch1_only_eyes_open_60s,0,28.672,32.672,70.44611415826994,504.0,0.004464976619607105,0.5156091777367898,1.0,,0.75,0.75,4.0,8.0,29.0,41.5,2.166315089928587e-09,0.8690755818559379,1.2909972943992775e-10,0.05179182982294048,3.963247780609344e-11,0.015899634762207487,7.49920422174398e-11,0.03008507535569769,8.262658651321559e-11,0.03314787820321651,0.5284891121004396,3.257422613634287,0.9208674116788784,0.0632329535589142
20260523-200925_ear_eeg_ch1_only_eyes_open_60s,ear_eeg_ch1_only_eyes_open_60s,0,28.928,32.928,35.42381966982104,283.0,0.006275793161062461,0.6143037997933614,1.0,,1.0,1.0,4.0,8.0,29.25,41.0,6.675559226510646e-10,0.8038487026374018,6.44925807163793e-11,0.07765982680929293,1.6636298178196704e-11,0.02003287852517874,4.16826984951661e-11,0.050192923125751875,4.008221078267913e-11,0.04826566890237464,0.3991175902425319,3.8766184655732103,0.8815085294466948,0.09845859202812651
20260523-200925_ear_eeg_ch1_only_eyes_open_60s,ear_eeg_ch1_only_eyes_open_60s,0,29.184,33.184,29.259579627875723,278.0,0.0058582561886546414,0.6378786408378546,1.0,,0.0,0.75,4.0,8.0,29.25,41.5,5.507962703944157e-10,0.765641669643431,6.517312558180643e-11,0.09059476864395485,1.9146663770921703e-11,0.0266150742218579,3.8593796593557336e-11,0.05364781943895637,4.5681854210957276e-11,0.06350066805179976,0.49610728824015093,3.403889385720855,0.8562364382873859,0.11714848749075613
20260523-200925_ear_eeg_ch1_only_eyes_open_60s,ear_eeg_ch1_only_eyes_open_60s,0,29.44,33.44,28.773216712769536,278.0,0.008979235214635055,0.5796064036716514,1.0,,0.25,0.75,5.0,8.75,24.75,41.5,5.778035306693588e-10,0.7832456471777092,5.323010657974837e-11,0.07215644603122258,1.7806001350126327e-11,0.02413705059048447,4.313841959322167e-11,0.058476588631043255,4.572604875199376e-11,0.06198426756954067,0.41276434134652856,2.9894475201402093,0.8554020932089318,0.12046085620058392
20260523-200925_ear_eeg_ch1_only_eyes_open_60s,ear_eeg_ch1_only_eyes_open_60s,0,29.696,33.696,26.91854379419511,182.0,0.02648100534643636,0.4494654346085172,1.0,,0.25,0.5,6.5,8.25,22.0,49.5,4.832220644413904e-10,0.792658066337636,2.6529401821146832e-11,0.04351776521826223,1.3619671380933711e-11,0.022341161911646035,4.4882904467735766e-11,0.07362411380808825,4.136829690572818e-11,0.0678588927243675,0.30344897556093453,1.9478738568013878,0.8361758315558983,0.14148300653245577
20260523-200925_ear_eeg_ch1_only_eyes_open_60s,ear_eeg_ch1_only_eyes_open_60s,0,29.952,33.952,21.312508064514603,107.0,0.034081267972308135,0.49649921163434335,1.0,,0.25,0.75,7.0,8.25,22.0,49.5,2.4817452665339247e-10,0.7444513268979367,1.8671803382163142e-11,0.05600997407297249,9.371446664082561e-12,0.028111611606993017,2.9072911637531265e-11,0.08721027068009422,2.8074996814489744e-11,0.08421681674200357,0.322342900529599,1.9924141972365437,0.8004613009709092,0.17142708742209778
20260523-200925_ear_eeg_ch1_only_eyes_open_60s,ear_eeg_ch1_only_eyes_open_60s,0,30.208,34.208,20.119169962997976,94.0,0.029264783920191953,0.6057370316482902,1.0,,0.75,0.75,7.0,8.0,21.5,49.5,1.6307778535503983e-10,0.6962849131567117,1.6542737679524106e-11,0.07063168440437577,8.209616624455575e-12,0.03505218191407264,2.3918968388848273e-11,0.1021256009282239,2.2462178558504756e-11,0.09590561959661595,0.3432261998507904,2.015043873089646,0.7669165975610874,0.19803122052483985
20260523-200925_ear_eeg_ch1_only_eyes_open_60s,ear_eeg_ch1_only_eyes_open_60s,0,30.464,34.464,19.5736557648284,86.0,0.030971677238344254,0.6796596079248672,1.0,,0.75,0.75,6.75,8.0,21.5,49.5,8.933709214130658e-11,0.6257135172109098,1.2381214001700224e-11,0.08671754110925228,6.1323279525997556e-12,0.04295058636834486,1.7988708825901883e-11,0.1259922166677921,1.693700709170957e-11,0.11862613864370092,0.3408987277491443,2.0190071531401546,0.7124310583201621,0.244618355311493
20260523-200925_ear_eeg_ch1_only_eyes_open_60s,ear_eeg_ch1_only_eyes_open_60s,0,30.72,34.72,19.32493208267496,86.0,0.03518247772942608,0.6889869534299093,1.0,,0.25,0.75,6.5,8.25,21.5,49.5,7.458091506623886e-11,0.6129789645689535,9.906688504001994e-12,0.08142286342420095,5.426406992449683e-12,0.04459952437707843,1.6302872047955565e-11,0.13399296078065542,1.54527331137436e-11,0.12700568684911173,0.3328497565636095,1.8256442094716054,0.6944018279931544,0.26099864762976716
20260523-200925_ear_eeg_ch1_only_eyes_open_60s,ear_eeg_ch1_only_eyes_open_60s,0,30.976,34.976,18.268689060794703,86.0,0.029486954031278823,0.6770137184672764,1.0,,0.75,0.75,4.5,8.5,21.5,49.5,8.576090619778597e-11,0.6377244316763404,1.0622369186308688e-11,0.07898872169997968,5.344510622903951e-12,0.039742175668236776,1.775963582696309e-11,0.13206196350594535,1.4992146358764497e-11,0.11148270744949791,0.30093582295138,1.9875288751015714,0.7167131533763201,0.24354467095544324
20260523-200925_ear_eeg_ch1_only_eyes_open_60s,ear_eeg_ch1_only_eyes_open_60s,0,31.232,35.232,16.713886442117524,86.0,0.02006813574753168,0.6217251553482049,1.0,,0.75,0.75,4.25,8.0,21.5,49.5,9.545612082930377e-11,0.6875653364507441,1.020656461299755e-11,0.07351733939294529,4.064492808405212e-12,0.029276324462316226,1.718245623311863e-11,0.12376431388931566,1.1922438293511635e-11,0.08587668580467867,0.2365489981910173,2.511153320751552,0.7610826758436894,0.20964099969399433
20260523-200925_ear_eeg_ch1_only_eyes_open_60s,ear_eeg_ch1_only_eyes_open_60s,0,31.488,35.488,16.323296235748465,82.0,0.024189289828550585,0.6125999207886986,1.0,,0.5,0.5,4.5,8.0,21.5,49.5,9.79421808242116e-11,0.6884055241540841,9.705041674559241e-12,0.06821375881861741,4.1608555497709844e-12,0.029245376420712156,1.701453202073312e-11,0.11958992270135126,1.3451351117430234e-11,0.09454541790523506,0.24454716384210615,2.332463013548599,0.7566192829727014,0.21413534060658632
20260523-200925_ear_eeg_ch1_only_eyes_open_60s,ear_eeg_ch1_only_eyes_open_60s,0,31.744,35.744,15.106587966844135,82.0,0.04406818565637893,0.6173403465172149,1.0,,0.25,0.75,4.5,8.0,21.5,49.5,8.832406289680729e-11,0.6588421325309106,8.874196041325347e-12,0.06619593859937235,3.922257002892143e-12,0.029257578097816064,1.6207728615897444e-11,0.12089949368900843,1.6731279774824124e-11,0.12480485708289225,0.24199917803688878,2.262522836923182,0.725038071130283,0.24570435077190067
20260523-200925_ear_eeg_ch1_only_eyes_open_60s,ear_eeg_ch1_only_eyes_open_60s,0,32.0,36.0,14.572405429440947,82.0,0.05670219053463991,0.6144056249996744,1.0,,0.75,0.75,5.25,8.0,21.75,49.5,9.08605192417082e-11,0.6529214229104472,8.352223250195867e-12,0.0600188677601165,3.969576372042335e-12,0.02852527670781606,1.6857236570588176e-11,0.12113568115021413,1.9120404789607667e-11,0.137398751471406,0.23548203499548026,2.104059090289948,0.7129402906705637,0.2585344326216201
20260523-200925_ear_eeg_ch1_only_eyes_open_60s,ear_eeg_ch1_only_eyes_open_60s,0,32.256,36.256,13.491701152931013,82.0,0.055561987446122806,0.6105652246364672,1.0,,0.75,0.75,7.75,10.0,21.5,49.5,8.74097166571765e-11,0.6566934839049111,7.556169949488767e-12,0.05676814613836159,3.792446412153918e-12,0.028491967966075823,1.6446261441722288e-11,0.12355780497189042,1.790121334709831e-11,0.13448859701876092,0.23059626198893535,1.9924262938226314,0.7134616300432727,0.2580464019906513
20260523-200925_ear_eeg_ch1_only_eyes_open_60s,ear_eeg_ch1_only_eyes_open_60s,0,32.512,36.512,12.84484332329515,82.0,0.05435310450438131,0.6175967509538248,1.0,,0.25,0.75,7.75,10.75,21.75,49.5,8.874315342216105e-11,0.6554594963428856,7.340316286878171e-12,0.05421578827052553,4.169496280760999e-12,0.030796020051149852,1.688956406509516e-11,0.12474680838638819,1.8248220887459592e-11,0.13478188694905088,0.24686820007260543,1.7604803536456082,0.7096752846134111,0.2595286953354391
20260523-200925_ear_eeg_ch1_only_eyes_open_60s,ear_eeg_ch1_only_eyes_open_60s,0,32.768,36.768,12.50271970412838,82.0,0.05716189869705427,0.6294470047413898,1.0,,0.75,0.75,7.75,10.75,15.5,49.5,8.666069725963432e-11,0.6491031536208807,6.959884923822118e-12,0.05213070510333467,4.598381430817899e-12,0.03444264796708365,1.6703520010400692e-11,0.12511216570110395,1.8585875988456538e-11,0.13921132760759702,0.2752941552412096,1.5135510241011447,0.7012338587242153,0.264323493308701
20260523-200925_ear_eeg_ch1_only_eyes_open_60s,ear_eeg_ch1_only_eyes_open_60s,0,33.024,37.024,12.507157950549757,82.0,0.05543627217429136,0.6400939771218104,1.0,,0.75,0.75,7.75,10.75,15.5,49.5,8.466359694665907e-11,0.6488223756984101,7.031247331785273e-12,0.05388420481126335,4.7614778971971955e-12,0.036489748989064937,1.6580486357906952e-11,0.1270651252361749,1.7451288236426274e-11,0.1337385452650866,0.2871735963840727,1.476694312898976,0.7027065805096734,0.2608036705012615
20260523-200925_ear_eeg_ch1_only_eyes_open_60s,ear_eeg_ch1_only_eyes_open_60s,0,33.28,37.28,13.240657083392803,82.0,0.0518449123846687,0.6548183330856432,1.0,,0.75,0.75,7.75,10.75,15.5,49.5,8.616200537684207e-11,0.6424415990396488,7.337678880091327e-12,0.05471123997576234,5.3120937321889e-12,0.039608061309970084,1.8092620235808176e-11,0.1349022904500987,1.7212081009354796e-11,0.12833680922452023,0.29360555093481816,1.381315776795935,0.6971528390154111,0.2632390996746189
20260523-200925_ear_eeg_ch1_only_eyes_open_60s,ear_eeg_ch1_only_eyes_open_60s,0,33.536,37.536,13.931439265201568,95.0,0.06472514391733614,0.6661676513291543,1.0,,0.75,0.75,4.25,10.75,15.5,49.5,8.253727108929653e-11,0.6131983021885508,6.848845875760975e-12,0.050882475365875125,5.537394487241228e-12,0.041139243560051435,1.955722912832652e-11,0.14529750667462377,2.0120530810236102e-11,0.14948247221089897,0.2831379870280762,1.2368354632384375,0.6640807775544258,0.29477997888552276
20260523-200925_ear_eeg_ch1_only_eyes_open_60s,ear_eeg_ch1_only_eyes_open_60s,0,33.792,37.792,13.71134566700147,95.0,0.08269877208372628,0.6917438563588596,1.0,,0.0,0.75,4.25,10.75,15.5,49.25,7.775321832792332e-11,0.576708034560044,6.987748476511303e-12,0.05182924612705749,6.053706385075719e-12,0.04490130680400162,2.0334078360489823e-11,0.1508211057761011,2.3693747302888705e-11,0.17574030673279586,0.2977123564566559,1.1542925989503374,0.6285372806871016,0.326561412508897
20260523-200925_ear_eeg_ch1_only_eyes_open_60s,ear_eeg_ch1_only_eyes_open_60s,0,34.048,38.048,12.7817056764737,97.0,0.08842119244730172,0.7173800424007677,1.0,,0.0,0.75,4.0,10.75,15.5,49.25,6.958311824495329e-11,0.5482095801533908,7.769670704534346e-12,0.06121323709392399,6.3677249123102665e-12,0.05016802765896572,1.9866569136654727e-11,0.15651847459830825,2.3340867121433452e-11,0.1838906804954111,0.3205246395846741,1.2201643148110555,0.6094228172473148,0.3404091550937194
20260523-200925_ear_eeg_ch1_only_eyes_open_60s,ear_eeg_ch1_only_eyes_open_60s,0,34.304,38.304,12.728825554622075,97.0,0.08191741362232836,0.712499387976714,1.0,,0.0,0.75,4.0,10.75,14.0,49.25,7.282028588505432e-11,0.562401013587882,8.425609070238816e-12,0.0650721296079134,6.466577795280619e-12,0.04994226350953028,1.9755569372454824e-11,0.15257496045280766,2.2013029435664966e-11,0.17000963284186676,0.32732935575610206,1.302947144065586,0.6274731431957954,0.3225845932946744
20260523-200925_ear_eeg_ch1_only_eyes_open_60s,ear_eeg_ch1_only_eyes_open_60s,0,34.56,38.56,13.905574421792148,104.0,0.08476261938257777,0.725202752240067,1.0,,0.0,0.75,4.0,10.75,14.0,49.5,7.822703975893015e-11,0.5517384253834248,8.750714447614464e-12,0.06171913733646848,6.721133377343543e-12,0.047404421256835014,2.1399572526508254e-11,0.15093203687675288,2.6684377843235508e-11,0.18820597914651882,0.31407792697811543,1.3019700631313897,0.6134575627198933,0.3391380160232717
20260523-200925_ear_eeg_ch1_only_eyes_open_60s,ear_eeg_ch1_only_eyes_open_60s,0,34.816,38.816,14.282751835693288,104.0,0.09762523006407063,0.7317536486590459,1.0,,0.0,0.75,4.0,10.75,15.5,49.75,8.068924945199328e-11,0.5374722878679281,8.934217961988613e-12,0.059510958410856005,6.806122928497238e-12,0.04533568581606637,2.257705025203186e-11,0.1503860667273685,3.1120633449841e-11,0.20729500117778102,0.30146200909858495,1.312673611077614,0.5969832462787841,0.35768106790514953
20260523-200925_ear_eeg_ch1_only_eyes_open_60s,ear_eeg_ch1_only_eyes_open_60s,0,35.072,39.072,13.61396341995967,104.0,0.09414472954591857,0.748662575531075,1.0,,0.75,0.75,4.0,10.75,15.5,49.75,7.48640848788138e-11,0.5333911039285125,1.0293704393658966e-11,0.07334051246248977,6.81011147421628e-12,0.04852063419981,2.051581676128037e-11,0.14617094656280535,2.7871238409794485e-11,0.19857680284638232,0.33194444820101177,1.5115324371167629,0.6067316163910023,0.3447477494091877
20260523-200925_ear_eeg_ch1_only_eyes_open_60s,ear_eeg_ch1_only_eyes_open_60s,0,35.328,39.328,12.972316678219045,109.0,0.07783923365950916,0.7565650453138588,1.0,,0.75,0.75,4.0,10.75,15.25,49.75,6.983345169992994e-11,0.5598731087903018,1.1652438077019664e-11,0.09342065403268662,7.659196676235843e-12,0.061405789769443844,1.8143755480689037e-11,0.14546324918541353,1.7442013332270793e-11,0.1398371982221543,0.4221395446156538,1.5213655647691662,0.6532937628229885,0.2853004474075678
20260523-200925_ear_eeg_ch1_only_eyes_open_60s,ear_eeg_ch1_only_eyes_open_60s,0,35.584,39.584,12.986685489377187,109.0,0.08953843692499697,0.7702847095332215,1.0,,0.75,0.75,4.0,10.75,15.0,49.5,6.48364916974182e-11,0.5342359795753562,1.1295973362061931e-11,0.09307590889558555,7.357917510123864e-12,0.06062734373414927,1.739563744894512e-11,0.14333556874492348,2.0476999651062547e-11,0.16872519904998565,0.4229748712410681,1.535213373419808,0.6273118884709418,0.3120607677949091
20260523-200925_ear_eeg_ch1_only_eyes_open_60s,ear_eeg_ch1_only_eyes_open_60s,0,35.84,39.84,13.188972666587796,109.0,0.10849573832358146,0.7784574438541687,1.0,,0.75,0.75,4.0,10.75,15.5,49.0,6.079043720762505e-11,0.5054655394126044,1.1135635992373961e-11,0.09259154090903135,7.184958092854613e-12,0.05974210558245792,1.685530241959032e-11,0.14014991371722108,2.4299901011032764e-11,0.2020509003786852,0.42627286737399567,1.5498539933654265,0.5980570803216357,0.3422008140959063
20260523-200925_ear_eeg_ch1_only_eyes_open_60s,ear_eeg_ch1_only_eyes_open_60s,0,36.096,40.096,13.287813966187215,109.0,0.11426682001515207,0.7912431540982403,1.0,,0.75,0.75,4.0,10.75,15.5,49.0,5.6738277618735315e-11,0.4783425916886793,1.2989529286730876e-11,0.1095106401640069,7.03294539986644e-12,0.05929255294605953,1.6827692060675075e-11,0.14186898457743047,2.5025868063152712e-11,0.21098523062382393,0.41793879841085585,1.846954376608349,0.5878532318526862,0.3528542152012544
20260523-200925_ear_eeg_ch1_only_eyes_open_60s,ear_eeg_ch1_only_eyes_open_60s,0,36.352,40.352,13.202651248896943,109.0,0.10906539731453742,0.8019955439170826,1.0,,1.0,1.0,4.25,10.75,13.25,49.5,5.200187130908849e-11,0.45936829821371356,1.422778412665247e-11,0.12568380362246995,6.808019496843704e-12,0.06013991904026526,1.6905530431551335e-11,0.1493381785932889,2.3259798655299992e-11,0.20546980053026226,0.4027096058540511,2.0898565483322535,0.5850521018361835,0.35480797912355116
20260523-200925_ear_eeg_ch1_only_eyes_open_60s,ear_eeg_ch1_only_eyes_open_60s,0,36.608,40.608,13.218244966711731,109.0,0.10994093614473063,0.7946825583705543,1.0,,1.25,1.25,4.0,10.75,13.5,49.0,5.3225154844193205e-11,0.46171209912085126,1.3247657896471393e-11,0.11491942022000601,6.541203186100144e-12,0.056742956646556236,1.7384324533053793e-11,0.15080375050952183,2.487945915933707e-11,0.2158217735030646,0.37627019523611555,2.0252631694154157,0.5766315193408573,0.3666255240125864
20260523-200925_ear_eeg_ch1_only_eyes_open_60s,ear_eeg_ch1_only_eyes_open_60s,0,36.864,40.864,13.365253458127908,109.0,0.117356438086633,0.7984338289430203,1.0,,0.75,0.75,4.0,10.75,15.5,49.0,5.279306846075446e-11,0.4514551744038972,1.3506278787462966e-11,0.11549772770026659,6.809228791305649e-12,0.058228507286333234,1.7629009683874713e-11,0.1507528899805858,2.6202193581297492e-11,0.22406570062891712,0.3862513500990395,1.9835254771742186,0.5669529021041638,0.37481859060950296
20260523-200925_ear_eeg_ch1_only_eyes_open_60s,ear_eeg_ch1_only_eyes_open_60s,0,37.12,41.12,13.229550256905938,109.0,0.10926342848671755,0.7883499568797842,1.0,,0.75,0.75,4.0,10.75,24.0,49.0,5.110873312676783e-11,0.46493058773181095,1.3576272697114828e-11,0.12350187645271642,6.62337631015333e-12,0.06025213407286987,1.696740404560264e-11,0.1543506295810238,2.165187716491469e-11,0.19696477216157887,0.39035884878747135,2.0497510727728137,0.5884324641845273,0.3513154017426027
20260523-200925_ear_eeg_ch1_only_eyes_open_60s,ear_eeg_ch1_only_eyes_open_60s,0,37.376,41.376,12.41382294057717,116.0,0.09461619436053884,0.7877707179489315,1.0,,0.75,0.75,4.0,10.75,24.0,49.5,5.072543356802945e-11,0.4714693084086986,1.3679508483012265e-11,0.12714466787567494,6.3369108317241516e-12,0.058898638358087854,1.7125881917989638e-11,0.15917710575967536,1.972237268521795e-11,0.1833102795978632,0.37001953312942293,2.1587030094425885,0.5986139762843735,0.34248738535753853
20260523-200925_ear_eeg_ch1_only_eyes_open_60s,ear_eeg_ch1_only_eyes_open_60s,0,37.632,41.632,11.806862411326728,116.0,0.11712361160455814,0.8092583277503108,1.0,,0.75,0.75,4.0,12.75,15.25,49.25,4.4518040250959965e-11,0.41166613004113467,1.3562351943547998e-11,0.12541344828708792,6.299611655762641e-12,0.058253614410484066,1.7937399840991917e-11,0.16587028390995665,2.5823725739306892e-11,0.2387965233513367,0.3511998233638237,2.1528869848892485,0.5370795783282226,0.40466680726129334
20260523-200925_ear_eeg_ch1_only_eyes_open_60s,ear_eeg_ch1_only_eyes_open_60s,0,37.888,41.888,11.551147129181587,116.0,0.13634496629619688,0.8283717390448795,1.0,,0.75,0.75,4.0,8.0,24.0,49.75,3.941671651921309e-11,0.36591625461024335,1.2994112930083258e-11,0.12062793543548878,6.571482256060817e-12,0.06100488287002175,1.8644619016621574e-11,0.1730831424243981,3.0093663874721834e-11,0.279367784659848,0.3524599912823307,1.9773488573447655,0.48654419004573213,0.4524509270842461
20260523-200925_ear_eeg_ch1_only_eyes_open_60s,ear_eeg_ch1_only_eyes_open_60s,0,38.144,42.144,11.430354325216694,116.0,0.1343111004809928,0.8608638093079942,1.0,,0.75,0.75,4.0,8.0,24.0,49.25,3.009246839282864e-11,0.3290026615360199,1.1344710072952591e-11,0.12403235785221853,6.162145613561692e-12,0.06737108704972336,1.746117891046325e-11,0.19090405812200076,2.6405226352125167e-11,0.2886898354400375,0.3529054736315172,1.8410324559655125,0.4530350193882384,0.4795938935620383
20260523-200925_ear_eeg_ch1_only_eyes_open_60s,ear_eeg_ch1_only_eyes_open_60s,0,38.4,42.4,11.31331074442844,116.0,0.13173212852698307,0.8645600682713049,1.0,,0.0,0.5,5.0,10.75,24.0,49.25,2.8161853582556813e-11,0.31941283441244983,1.0751843912879893e-11,0.12194783022025121,5.882102401240561e-12,0.06671503332608218,1.8235681948540695e-11,0.20682981116822155,2.5136088610614486e-11,0.2850944908729952,0.3225600456204093,1.8278913183511192,0.44136066463270107,0.49192430204121673
20260523-200925_ear_eeg_ch1_only_eyes_open_60s,ear_eeg_ch1_only_eyes_open_60s,0,38.656,42.656,9.634417470714045,95.0,0.13176050496320146,0.8737814110652272,1.0,,0.0,0.75,5.0,10.25,24.0,49.25,2.2933201900498398e-11,0.29942592206591995,8.625777912367959e-12,0.11262193199853578,4.886820272291137e-12,0.06380446447686852,1.6448868833929555e-11,0.21476363130233866,2.369590060231047e-11,0.309384050156337,0.2970915703462206,1.7651105282666448,0.4120478540644557,0.5241476814586756
20260523-200925_ear_eeg_ch1_only_eyes_open_60s,ear_eeg_ch1_only_eyes_open_60s,0,38.912,42.912,9.389994675184859,95.0,0.1300427216069592,0.8523844689000316,1.0,,0.0,0.75,4.0,10.25,24.0,49.25,2.480140558235814e-11,0.32138185034701733,7.812241444565373e-12,0.1012326741915792,4.911271304352199e-12,0.06364129057554986,1.643275844909371e-11,0.21293915375634848,2.3213468869512225e-11,0.3008050311295052,0.29887077812082496,1.5906760104338842,0.42261452453859655,0.5137441848858537
20260523-200925_ear_eeg_ch1_only_eyes_open_60s,ear_eeg_ch1_only_eyes_open_60s,0,39.168,43.168,9.582014401992934,95.0,0.11453342929409288,0.8298608393107251,1.0,,0.25,0.5,4.75,10.5,14.25,49.25,2.946079759374339e-11,0.3411389229869624,9.328086036901069e-12,0.10801381782121043,5.726805915623836e-12,0.06631308592358598,1.9199056222167772e-11,0.22231391873067907,2.26453720855718e-11,0.26222025453756204,0.2982858037058876,1.628846197048907,0.44915274080817286,0.4845341732682411
20260523-200925_ear_eeg_ch1_only_eyes_open_60s,ear_eeg_ch1_only_eyes_open_60s,0,39.424,43.424,10.074224535913421,106.0,0.0829004867999287,0.8355143616040311,1.0,,0.25,0.5,4.0,10.5,14.25,49.25,3.288402867063124e-11,0.34395577612222267,9.241067836767973e-12,0.09665843232986764,6.432968725163612e-12,0.06728666894180643,2.1192793005943706e-11,0.22166942011783172,2.5854539180218877e-11,0.27042970248827153,0.30354511193307215,1.4365168294103499,0.4406142084520903,0.4920991226061032
20260523-200925_ear_eeg_ch1_only_eyes_open_60s,ear_eeg_ch1_only_eyes_open_60s,0,39.68,43.68,9.668815853040122,106.0,0.08079406980742124,0.8656999596757033,1.0,,0.75,0.75,4.25,10.25,14.25,49.5,2.6656297084216205e-11,0.30560056712240014,7.387425942091042e-12,0.08469299206657366,5.604343000664259e-12,0.06425087452846458,1.9086010025266858e-11,0.21881116756006733,2.8491865101004783e-11,0.3266443987224944,0.2936361760915454,1.3181609229155746,0.3902935591889738,0.5454555662825618
20260523-200925_ear_eeg_ch1_only_eyes_open_60s,ear_eeg_ch1_only_eyes_open_60s,0,39.936,43.936,9.560230122753321,106.0,0.06421566070947687,0.9058192144261078,1.0,,1.0,1.0,6.75,10.25,14.25,49.0,2.071939735977478e-11,0.2771829660773492,6.5003849494253965e-12,0.0869617947684303,4.825309123282577e-12,0.06455272186768354,1.8245235414040096e-11,0.24408376271896062,2.4459567250479254e-11,0.3272187545675763,0.2644695458173918,1.347143733871975,0.3641447608457795,0.5713025172865369
20260523-200925_ear_eeg_ch1_only_eyes_open_60s,ear_eeg_ch1_only_eyes_open_60s,0,40.192,44.192,9.500526301210897,106.0,0.06334060044311737,0.9165564914940851,1.0,,1.0,1.0,6.0,8.75,14.75,49.5,1.8122455624543622e-11,0.26934769250943646,6.868836081410388e-12,0.1020890980275218,4.254656228598977e-12,0.06323546109512931,1.649595211464175e-11,0.2451735421444469,2.154085799377128e-11,0.32015420622346563,0.2579212281310248,1.6144279848603043,0.3714367905369583,0.5653277483679126
20260523-200925_ear_eeg_ch1_only_eyes_open_60s,ear_eeg_ch1_only_eyes_open_60s,0,40.448,44.448,9.417908472691801,106.0,0.06721429518274086,0.9097020792169701,1.0,,1.0,1.0,4.0,10.75,20.75,49.5,1.994222662454752e-11,0.27310941519443355,7.269474766401315e-12,0.09955568350520647,4.822284571874369e-12,0.06604133751567126,1.563604240846025e-11,0.2141360881373914,2.534915557135046e-11,0.34715747564729743,0.308408256124015,1.507475276096315,0.37266509869964004,0.5612935637846889
20260523-200925_ear_eeg_ch1_only_eyes_open_60s,ear_eeg_ch1_only_eyes_open_60s,0,40.704,44.704,9.455263084652907,106.0,0.06966204357279236,0.9022105899881766,1.0,,0.75,0.75,4.75,10.25,20.75,49.0,2.119530259482622e-11,0.26800767499318484,8.309851227357347e-12,0.1050753532307174,5.6834915907579605e-12,0.07186589388226884,1.6135471861519324e-11,0.20402776885003496,2.7760567876310272e-11,0.3510233090437939,0.3522358465581805,1.4621031974200795,0.37308302822390227,0.5550510778938289
20260523-200925_ear_eeg_ch1_only_eyes_open_60s,ear_eeg_ch1_only_eyes_open_60s,0,40.96,44.96,9.296182011987502,106.0,0.061345190378569774,0.881823785324995,1.0,,0.5,0.5,4.75,10.25,14.75,49.0,2.2787047385516343e-11,0.3094954251432247,7.783730861105667e-12,0.10571922949480228,5.264006022001942e-12,0.07149613349079667,1.4702531530608196e-11,0.19969091079520482,2.3089127547939206e-11,0.3135983010759716,0.35803398965975125,1.4786705844507098,0.415214654638027,0.5132892118711764
20260523-200925_ear_eeg_ch1_only_eyes_open_60s,ear_eeg_ch1_only_eyes_open_60s,0,41.216,45.216,9.29456830627437,106.0,0.04784428761427882,0.8777696138009905,1.0,,0.0,0.75,5.25,10.25,14.75,49.5,2.4455316189145774e-11,0.33449850891319555,8.105549551894595e-12,0.11086727393179815,5.4641671823722736e-12,0.07473858693216047,1.503097182162287e-11,0.20559282991731098,2.0054384501847743e-11,0.2743028003055349,0.3635272055072163,1.4834007235436677,0.44536578284499373,0.47989563022284587
20260523-200925_ear_eeg_ch1_only_eyes_open_60s,ear_eeg_ch1_only_eyes_open_60s,0,41.472,45.472,8.879189152169246,103.0,0.034185943937362566,0.8683565076301062,1.0,,0.75,0.75,5.25,10.0,14.75,48.5,2.5410403928924286e-11,0.3576721864986467,8.08299299496212e-12,0.11377472731436958,5.4697251829382605e-12,0.07699084875629751,1.3948192319722914e-11,0.19633219757755038,1.81325209291558e-11,0.25523003985313597,0.39214581055094877,1.4777694901702627,0.4714469138130163,0.45156223743068635
20260523-200925_ear_eeg_ch1_only_eyes_open_60s,ear_eeg_ch1_only_eyes_open_60s,0,41.728,45.728,8.975912209909364,103.0,0.041320751568741376,0.8607306595965273,1.0,,0.75,0.75,4.5,10.5,22.75,48.5,2.6309301303481996e-11,0.36232242438946377,7.94695146284366e-12,0.10944261450766203,5.748089589751238e-12,0.07916066381781373,1.3155765381653982e-11,0.18117656386218792,1.9452845622290484e-11,0.26789773342287265,0.4369255169119299,1.3825378569277975,0.4717650388971258,0.44907429728506054
20260523-200925_ear_eeg_ch1_only_eyes_open_60s,ear_eeg_ch1_only_eyes_open_60s,0,41.984,45.984,9.168914875818185,103.0,0.045349158413599565,0.8596231265134686,1.0,,0.75,0.75,4.5,10.25,22.75,49.0,2.7311953682341145e-11,0.35918316750943247,8.520799438731047e-12,0.11205817671310825,6.034978517120888e-12,0.0793668122332964,1.3536577892555778e-11,0.17802135216090365,2.0634759537330198e-11,0.2713704913832592,0.44582748793841953,1.4119021989155434,0.4712413442225407,0.44939184354416284
20260523-200925_ear_eeg_ch1_only_eyes_open_60s,ear_eeg_ch1_only_eyes_open_60s,0,42.24,46.24,9.378166132032424,103.0,0.04411586170550334,0.8539862341214461,1.0,,1.25,1.25,4.5,10.25,14.75,49.0,3.095996414827716e-11,0.3779454042832499,9.671767531253373e-12,0.1180686150741741,6.238405660225931e-12,0.07615566794731603,1.415940469779029e-11,0.17285168378382296,2.0886956476281762e-11,0.254978628911437,0.4405838941237052,1.5503588669966517,0.496014019357424,0.42783031269525995
20260523-200925_ear_eeg_ch1_only_eyes_open_60s,ear_eeg_ch1_only_eyes_open_60s,0,42.496,46.496,9.900858548631023,103.0,0.04068985322093669,0.8244954692958726,1.0,,0.75,0.75,4.5,10.75,14.75,49.0,3.8191199619917734e-11,0.41629491552585973,1.0624629770761999e-11,0.11581148005118432,6.5261224202368305e-12,0.07113658666608186,1.4279443196836415e-11,0.15564998372774688,2.2119335410909428e-11,0.24110703402912728,0.4570291943654134,1.628015701608067,0.5321063955770441,0.39675701775687416
20260523-200925_ear_eeg_ch1_only_eyes_open_60s,ear_eeg_ch1_only_eyes_open_60s,0,42.752,46.752,10.17713122643115,103.0,0.04056920067158195,0.7935925579315589,1.0,,0.75,0.75,4.5,10.75,21.75,49.0,4.3719056452130806e-11,0.4479794313707724,1.0464365798157704e-11,0.10722602499546784,6.556976916672918e-12,0.06718788164741488,1.3435595629633294e-11,0.1376715551233587,2.341566542395348e-11,0.2399351068629863,0.4880302367995487,1.5959131671714712,0.5552054563662402,0.377606661986345
20260523-200925_ear_eeg_ch1_only_eyes_open_60s,ear_eeg_ch1_only_eyes_open_60s,0,43.008,47.008,10.079186475108,103.0,0.041191617118659124,0.77775876687802,1.0,,0.75,0.75,4.5,10.75,15.0,49.0,4.694648184325193e-11,0.4872344256880961,1.0648007565068762e-11,0.1105104290458032,6.40174377550902e-12,0.06644054739345344,1.3280487794350924e-11,0.13783164550952268,1.9076244592656928e-11,0.19798295236312471,0.482041313138521,1.6632979916822914,0.5977448547338993,0.3358145978726474
20260523-200925_ear_eeg_ch1_only_eyes_open_60s,ear_eeg_ch1_only_eyes_open_60s,0,43.264,47.264,9.55175376567047,95.0,0.039622483223526954,0.7564602145478803,1.0,,0.75,0.75,4.75,10.75,20.0,49.5,4.80347530291076e-11,0.5419253464431583,1.0355833811836944e-11,0.11683392694424292,6.068668635605528e-12,0.06846637372750439,1.2156622915940832e-11,0.13715032699986937,1.2021335837063297e-11,0.13562402588522507,0.49920678444732836,1.7064424561061318,0.6587592733874011,0.27277435288509444
20260523-200925_ear_eeg_ch1_only_eyes_open_60s,ear_eeg_ch1_only_eyes_open_60s,0,43.52,47.52,9.850583739048158,93.0,0.06356582547333223,0.7524662190045711,1.0,,0.75,0.75,4.75,10.75,15.5,49.5,4.9467135284697096e-11,0.5213470760818874,1.0747898404724402e-11,0.11327491222362504,6.021701561752976e-12,0.06346428763641862,1.2605767039985389e-11,0.13285547566565645,1.6040805881316294e-11,0.16905824839241246,0.47769418097702343,1.7848606900398403,0.6346219883055124,0.30191372405806893
20260523-200925_ear_eeg_ch1_only_eyes_open_60s,ear_eeg_ch1_only_eyes_open_60s,0,43.776,47.776,9.752025430647729,93.0,0.09862628734414454,0.7498237958596847,1.0,,0.75,0.75,4.75,11.5,14.0,49.5,4.481415435603832e-11,0.4927884230947164,9.829508374852671e-12,0.10808790216940212,5.2231577036995584e-12,0.05743523860635591,1.1751655025209407e-11,0.12922434065400912,1.9321474132775635e-11,0.21246409547551645,0.44446145606682197,1.8819091692158632,0.6008763252641185,0.3416884361295256
20260523-200925_ear_eeg_ch1_only_eyes_open_60s,ear_eeg_ch1_only_eyes_open_60s,0,44.032,48.032,10.200735267616743,93.0,0.11178584433113668,0.7345184688346652,1.0,,0.75,0.75,4.5,11.5,14.5,49.25,4.5667643871933855e-11,0.5061892986585129,8.987087482229067e-12,0.09961467515971481,4.154430993193175e-12,0.046048544055981994,1.0625138299236807e-11,0.11777115804184868,2.07842085019822e-11,0.23037632408394176,0.39100018053332847,2.1632535230345518,0.6058039738182277,0.34814748212579044
20260523-200925_ear_eeg_ch1_only_eyes_open_60s,ear_eeg_ch1_only_eyes_open_60s,0,44.288,48.288,11.13472047246809,100.0,0.15058618283468786,0.7327407888111781,1.0,,0.75,0.75,4.75,11.25,14.5,49.25,5.4973861434851806e-11,0.48652439208554477,9.611765206494729e-12,0.08506512189435114,5.064437874232023e-12,0.04482080199033749,1.2089856793588685e-11,0.10699649021149181,3.1253100888958966e-11,0.276593193818275,0.41889974055918683,1.8978937929912445,0.5715895139798959,0.38358968402976684
20260523-200925_ear_eeg_ch1_only_eyes_open_60s,ear_eeg_ch1_only_eyes_open_60s,0,44.544,48.544,11.13862648624147,100.0,0.16765293251004362,0.7368219006484883,1.0,,0.75,0.75,4.75,10.75,14.5,49.25,5.215984616156291e-11,0.4682868770290919,8.799267039447101e-12,0.07899910726892062,4.851630900499506e-12,0.04355754953447274,1.1689720566267729e-11,0.10494936507988036,3.3883921101210516e-11,0.30420710108763427,0.41503394995595905,1.813671983691332,0.5472859842980125,0.4091564661675146
20260523-200925_ear_eeg_ch1_only_eyes_open_60s,ear_eeg_ch1_only_eyes_open_60s,0,44.8,48.8,11.0063163683405,100.0,0.1634901583386297,0.7617854226768604,1.0,,0.75,0.75,4.75,10.75,15.0,49.25,4.84043843519924e-11,0.444215681624807,9.388896518047765e-12,0.08616358047528173,5.158732081214719e-12,0.04734260580843913,1.306258915649589e-11,0.11987771404634734,3.295134924035057e-11,0.30240041804512474,0.3949241623854743,1.8200008006302542,0.5303792621000888,0.4222781320914721
20260523-200925_ear_eeg_ch1_only_eyes_open_60s,ear_eeg_ch1_only_eyes_open_60s,0,45.056,49.056,11.043957623967959,100.0,0.15960916873714587,0.7630726289252536,1.0,,1.0,1.0,4.75,10.75,14.5,49.25,4.747771450660882e-11,0.4436358583512304,1.0437059086184199e-11,0.09752478008850472,4.9360271145770286e-12,0.0461226629920341,1.2644835172647233e-11,0.11815443021686149,3.152392444826505e-11,0.2945622683513692,0.39035915037108837,2.114465509186847,0.5411606384397352,0.41271669856823073
20260523-200925_ear_eeg_ch1_only_eyes_open_60s,ear_eeg_ch1_only_eyes_open_60s,0,45.312,49.312,11.213295679683114,105.0,0.15716941906411142,0.7565793224169554,1.0,,1.0,1.0,4.75,10.5,14.5,49.25,4.797112214515273e-11,0.4522608389492003,1.0895932950847941e-11,0.10272437994204099,4.663190891951453e-12,0.043963504097169356,1.2505735548328335e-11,0.11790123303036615,3.0033609314456524e-11,0.2831500439812231,0.3728841757392503,2.336583082981664,0.5549852188912413,0.40105127701158927
20260523-200925_ear_eeg_ch1_only_eyes_open_60s,ear_eeg_ch1_only_eyes_open_60s,0,45.568,49.568,11.674673442970471,105.0,0.16610156998107223,0.7689884524931642,1.0,,0.75,0.75,4.25,10.5,14.5,49.25,4.5584771482895344e-11,0.4188306809523695,1.1952569875305856e-11,0.10981963531140125,4.239624284174658e-12,0.038953463364171076,1.3804054153111465e-11,0.12683098352309302,3.325716602996647e-11,0.30556523684896514,0.30712892293450156,2.819252149281597,0.5286503162637708,0.43239622037205816
20260523-200925_ear_eeg_ch1_only_eyes_open_60s,ear_eeg_ch1_only_eyes_open_60s,0,45.824,49.824,11.576268828944842,105.0,0.1818738119966782,0.7964518340243457,1.0,,1.0,1.0,5.5,8.25,14.5,49.0,3.89443163500565e-11,0.37503193017496517,1.2551072858269425e-11,0.12086623982543142,4.245457892422157e-12,0.040883559325064676,1.352663026862855e-11,0.13026081168836626,3.457519099192171e-11,0.33295745898617257,0.31385923974490354,2.9563531605559445,0.4958981700003966,0.4632182706745388
20260523-200925_ear_eeg_ch1_only_eyes_open_60s,ear_eeg_ch1_only_eyes_open_60s,0,46.08,50.08,11.519722218873161,105.0,0.18872792891950535,0.8181293140448829,1.0,,0.75,0.75,5.5,10.5,14.5,49.25,3.3007549065322025e-11,0.34155145886162036,1.2924866642957393e-11,0.13374234629652962,4.7222175884009025e-12,0.04886398269645639,1.2523388932145142e-11,0.12958798459106108,3.346202485320162e-11,0.3462542275543326,0.3770718624157614,2.7370332690099897,0.47529380515815,0.4758422121453937
20260523-200925_ear_eeg_ch1_only_eyes_open_60s,ear_eeg_ch1_only_eyes_open_60s,0,46.336,50.336,11.538457435896706,105.0,0.18385440973430986,0.8122670210988451,1.0,,0.75,0.75,5.75,10.5,14.25,49.25,3.5767154542748143e-11,0.35504981154862,1.259280885337199e-11,0.12500503513394629,5.211471526337943e-12,0.05173271418909794,1.3099879938720054e-11,0.1300385776563018,3.4067098114574826e-11,0.33817386147203393,0.39782589998661766,2.4163633610449464,0.48005484668256626,0.46821243912833577
20260523-200925_ear_eeg_ch1_only_eyes_open_60s,ear_eeg_ch1_only_eyes_open_60s,0,46.592,50.592,11.051922909611703,105.0,0.16888078496087433,0.8242848740068597,1.0,,0.25,0.75,5.75,10.25,14.25,49.0,3.3136568272067223e-11,0.3610411720361985,1.2398414756684642e-11,0.13508756122213456,6.238085601149803e-12,0.06796738027334522,1.1526600424430645e-11,0.12558866363773172,2.848091121905796e-11,0.3103152228305901,0.5411904092665667,1.9875352070191805,0.49612873325833307,0.4359038864683218
20260523-200925_ear_eeg_ch1_only_eyes_open_60s,ear_eeg_ch1_only_eyes_open_60s,0,46.848,50.848,11.086523350446704,105.0,0.1877422617777635,0.8273367596930713,1.0,,0.25,0.75,6.75,10.25,14.75,49.0,3.2923279048065236e-11,0.33537870622231414,1.3567089894138876e-11,0.13820352004596337,5.8847390234407626e-12,0.059945917211229556,1.2446716742598864e-11,0.1267906441443515,3.334564519141417e-11,0.3396812123761414,0.47279448429160875,2.305470104977791,0.4735822262682775,0.46647185652049294
20260523-200925_ear_eeg_ch1_only_eyes_open_60s,ear_eeg_ch1_only_eyes_open_60s,0,47.104,51.104,11.628499473276852,105.0,0.1711470685180337,0.8007355729227564,1.0,,0.75,0.75,6.75,10.25,14.5,49.25,4.638284849367614e-11,0.3871551386969197,1.548410949138582e-11,0.1292450281175184,6.743761524422106e-12,0.056289814298114096,1.5058228269423116e-11,0.12569022049116346,3.61353473411079e-11,0.30161979839628433,0.44784561661319944,2.2960642121331096,0.5164001668144381,0.4273100188874478
20260523-200925_ear_eeg_ch1_only_eyes_open_60s,ear_eeg_ch1_only_eyes_open_60s,0,47.36,51.36,12.082383870743389,127.0,0.17533126979691716,0.7672061812542053,1.0,,0.75,0.75,6.25,10.5,20.0,49.25,5.427652192034848e-11,0.43029318299739955,1.1046348176099793e-11,0.08757319277323695,6.146155412164396e-12,0.048725465116905786,1.2845894397764688e-11,0.10183962776712759,4.1823545830544396e-11,0.3315685313453302,0.4784528987902849,1.7972777183988864,0.5178663757706365,0.4334081591124578
20260523-200925_ear_eeg_ch1_only_eyes_open_60s,ear_eeg_ch1_only_eyes_open_60s,0,47.616,51.616,12.370004042036527,127.0,0.18189595002422104,0.7715212894673008,1.0,,0.25,0.75,6.25,10.75,14.75,49.25,5.196457793323839e-11,0.395849950367156,1.0841786256991339e-11,0.08258934686692025,6.488584498090498e-12,0.0494280133444385,1.3212400142473432e-11,0.10064794420823607,4.876607405340922e-11,0.3714847452132492,0.49109809180179737,1.6709016057634647,0.47843929723407624,0.4721326894214853
20260523-200925_ear_eeg_ch1_only_eyes_open_60s,ear_eeg_ch1_only_eyes_open_60s,0,47.872,51.872,12.269433564757584,127.0,0.18009634880713726,0.7843364047420123,1.0,,0.0,0.5,6.5,9.0,14.75,49.75,4.7482126155085534e-11,0.3940340010426209,1.0403840368942935e-11,0.0863370530922245,7.193273551007548e-12,0.05969392248021711,1.3533468781932548e-11,0.11230851025316055,4.1889902667536924e-11,0.34762651313177695,0.5315173564822282,1.4463290315833588,0.4803710541348454,0.4599350233849375
20260523-200925_ear_eeg_ch1_only_eyes_open_60s,ear_eeg_ch1_only_eyes_open_60s,0,48.128,52.128,11.174211381569618,127.0,0.14216914861094163,0.7689310575241971,1.0,,0.0,0.75,6.25,8.0,14.0,49.25,4.2219626036306716e-11,0.4379314534949394,1.0879211430335325e-11,0.11284678055813216,5.735697003796472e-12,0.059494655957376366,1.1351857393349952e-11,0.11774939465029663,2.6220535977019378e-11,0.27197771533925547,0.5052650685302397,1.8967549058352189,0.5507782340530716,0.38972710998955207
20260523-200925_ear_eeg_ch1_only_eyes_open_60s,ear_eeg_ch1_only_eyes_open_60s,0,48.384,52.384,11.011266957076284,127.0,0.1316142805320782,0.7468820211732698,1.0,,0.0,0.75,6.25,9.0,14.0,49.25,4.5700378547520366e-11,0.4782151056089131,9.654012885497181e-12,0.10102093108019425,5.317482126088287e-12,0.05564287118227365,1.0815483354099067e-11,0.11317471930815241,2.407712444990448e-11,0.2519463728204665,0.49165459850418625,1.8155233354021612,0.5792360366891074,0.36512109212861893
20260523-200925_ear_eeg_ch1_only_eyes_open_60s,ear_eeg_ch1_only_eyes_open_60s,0,48.64,52.64,11.280735791605085,127.0,0.15610917355019163,0.7445998198077435,1.0,,0.0,0.75,7.5,11.0,22.75,49.25,5.071441184873666e-11,0.44864279395803547,8.074136127893857e-12,0.07142748696406406,5.651658647904129e-12,0.04999714743524064,1.1717786310906581e-11,0.10366087662040605,3.688162907948478e-11,0.3262716950222538,0.48231453432835925,1.4286312445441274,0.5200702809220995,0.42993257164265986
20260523-200925_ear_eeg_ch1_only_eyes_open_60s,ear_eeg_ch1_only_eyes_open_60s,0,48.896,52.896,11.691749227553592,138.0,0.15571028339630436,0.7253243018243866,1.0,,0.0,0.75,6.0,8.0,22.75,49.25,5.28863039379169e-11,0.4728893617844415,8.010002757483884e-12,0.07162242035905388,6.196998905154438e-12,0.055411224438702805,1.1463017006663719e-11,0.10249797003717252,3.3280204521137585e-11,0.29757902338062925,0.5406080180769145,1.292561589904664,0.5445117821434954,0.4000769934178018
20260523-200925_ear_eeg_ch1_only_eyes_open_60s,ear_eeg_ch1_only_eyes_open_60s,0,49.152,53.152,12.46876096490746,138.0,0.1604125935341695,0.721399612645662,1.0,,0.0,0.75,4.0,10.0,22.0,49.25,6.298291453296387e-11,0.47760160119095957,8.132831192535063e-12,0.061671537885684774,7.659390137824293e-12,0.05808141812898383,1.3642734966906332e-11,0.10345332719412556,3.945546120196645e-11,0.2991921156002463,0.5614262943906738,1.061811847443673,0.5392731390766443,0.40264544279437187
20260523-200925_ear_eeg_ch1_only_eyes_open_60s,ear_eeg_ch1_only_eyes_open_60s,0,49.408,53.408,11.885831901890587,138.0,0.1594629480749334,0.7162144268615064,1.0,,0.0,0.75,4.0,10.25,14.0,49.25,5.8938129661789e-11,0.4911501447841713,7.060702659567458e-12,0.058839076730540375,7.291915603459234e-12,0.06076584759212142,1.2551219631601761e-11,0.10459329766067811,3.415826106550119e-11,0.28465163323248877,0.580972671779201,0.9682918787784529,0.5499892215147116,0.38924493089316686
20260523-200925_ear_eeg_ch1_only_eyes_open_60s,ear_eeg_ch1_only_eyes_open_60s,0,49.664,53.664,11.828778466096995,138.0,0.1720667909587534,0.71575173014076,1.0,,0.0,0.5,4.0,11.0,13.0,48.5,5.388536349299252e-11,0.466021945939248,7.726090244217001e-12,0.06681828564783597,7.1900038659135224e-12,0.06218199851875315,1.1546109960090091e-11,0.0998553277334661,3.528081423839665e-11,0.30512244216069684,0.6227208896127142,1.0745599568930644,0.5328402315870839,0.40497776989416295
20260523-200925_ear_eeg_ch1_only_eyes_open_60s,ear_eeg_ch1_only_eyes_open_60s,0,49.92,53.92,11.865454057894286,138.0,0.17768004320430486,0.7184405218173571,1.0,,0.0,0.5,4.0,13.0,13.0,48.5,5.196809648468848e-11,0.4493281700903698,7.785374411017812e-12,0.0673141460665527,7.246289828653631e-12,0.06265309620514405,1.1474079935905138e-11,0.09920754635663635,3.718348942486304e-11,0.3214970412812972,0.631535588834296,1.074394565372269,0.5166423161569225,0.42070458763793356
20260523-200925_ear_eeg_ch1_only_eyes_open_60s,ear_eeg_ch1_only_eyes_open_60s,0,50.176,54.176,11.62897243955802,138.0,0.17396600990483724,0.7232160734521892,1.0,,0.0,0.75,4.0,10.5,13.25,48.75,5.0643212449409183e-11,0.45477692324436986,7.300390182897631e-12,0.06555763004130516,6.8792595761897625e-12,0.061775869913154494,1.1001532599835987e-11,0.09879395292555958,3.553396543589769e-11,0.319095623875611,0.6253001128490333,1.061217432202365,0.520334553285675,0.4178895768011706
20260523-200925_ear_eeg_ch1_only_eyes_open_60s,ear_eeg_ch1_only_eyes_open_60s,0,50.432,54.432,11.703161965896225,138.0,0.1815847020827769,0.7242818923421321,1.0,,0.0,0.75,4.0,8.0,13.0,48.75,4.94404123758006e-11,0.43518346241823225,7.826935307732868e-12,0.06889410188273222,6.940827622561644e-12,0.061094421581178636,1.1826594425136293e-11,0.10409982569373002,3.757343610699042e-11,0.33072818842412693,0.586883034376285,1.1276659979698773,0.5040775643009645,0.434828014117857
20260523-200925_ear_eeg_ch1_only_eyes_open_60s,ear_eeg_ch1_only_eyes_open_60s,0,50.688,54.688,11.61296689050649,138.0,0.18415890089220696,0.7532726002078984,1.0,,0.0,0.75,4.0,8.25,15.5,48.5,4.069694575348593e-11,0.39251898921557615,9.512215562286604e-12,0.09174460561059661,5.8621350666824504e-12,0.056539853013964456,1.2764960375117726e-11,0.12311708535004531,3.484521311173514e-11,0.3360794668098175,0.45923644840365485,1.6226537693321759,0.48426359482617276,0.45919655215986277
20260523-200925_ear_eeg_ch1_only_eyes_open_60s,ear_eeg_ch1_only_eyes_open_60s,0,50.944,54.944,11.37242278496539,138.0,0.17808386691789174,0.7604461466989774,1.0,,0.0,0.5,4.0,8.25,17.75,48.75,3.7552118366354006e-11,0.38142998751273116,1.0458398678226955e-11,0.10622960969396264,5.755742163443828e-12,0.058463084295556765,1.2893797501831263e-11,0.13096680650968792,3.179082443671506e-11,0.3229105119880614,0.44639619651435963,1.8170373830591104,0.48765959720669383,0.45387731849774937
20260523-200925_ear_eeg_ch1_only_eyes_open_60s,ear_eeg_ch1_only_eyes_open_60s,0,51.2,55.2,10.893025291442227,138.0,0.14557229976401892,0.7762380451182281,1.0,,0.0,0.75,4.0,8.0,16.25,48.75,3.6145731085614774e-11,0.3958068280724163,1.1326817427487702e-11,0.1240321206260925,5.86053777320825e-12,0.06417468390161589,1.3230662044570892e-11,0.14487980239646733,2.4757897790396506e-11,0.27110656500340796,0.4429512108665099,1.9327266312093114,0.5198389486985088,0.41598636739987527
20260523-200925_ear_eeg_ch1_only_eyes_open_60s,ear_eeg_ch1_only_eyes_open_60s,0,51.456,55.456,9.957811004432651,101.0,0.12304790176909473,0.8024729756829941,1.0,,0.75,0.75,4.0,8.0,16.25,48.5,3.266276584040541e-11,0.3883206088569926,1.1294006223361832e-11,0.13427201463953228,6.134021026797731e-12,0.07292605872712354,1.2989950924819376e-11,0.15443473699671556,2.10321387300024e-11,0.25004658077963604,0.47221279451315734,1.841207614714988,0.5225926234965249,0.4044813177763516
20260523-200925_ear_eeg_ch1_only_eyes_open_60s,ear_eeg_ch1_only_eyes_open_60s,0,51.712,55.712,9.911003985469888,101.0,0.13868283109438992,0.8367291909973962,1.0,,0.5,0.5,6.5,8.0,16.25,48.25,2.4523700316993805e-11,0.3309460281023122,1.0584855032041856e-11,0.14284205424193652,5.751614014317825e-12,0.07761772443031606,1.1590069375603232e-11,0.1564073682073247,2.1651573141415167e-11,0.2921868250181106,0.4962536312703019,1.8403277768105377,0.47378808234424874,0.4485941932254353
20260523-200925_ear_eeg_ch1_only_eyes_open_60s,ear_eeg_ch1_only_eyes_open_60s,0,51.968,55.968,9.969603803562105,101.0,0.15230112982772018,0.8464381899208416,1.0,,0.5,0.5,5.75,8.0,16.25,48.75,2.175458315591718e-11,0.29879053620999796,1.1421451496733254e-11,0.1568690878858412,5.714935823873284e-12,0.07849236765340509,1.1097751220175765e-11,0.15242319349610522,2.2820087550951783e-11,0.3134248147546505,0.5149634110993138,1.99852664119549,0.45565962409583916,0.46584800825075573
20260523-200925_ear_eeg_ch1_only_eyes_open_60s,ear_eeg_ch1_only_eyes_open_60s,0,52.224,56.224,9.991396298816298,101.0,0.15088319342494289,0.8308647961731835,1.0,,0.5,0.5,5.75,10.25,16.25,48.75,2.3501351382268538e-11,0.31666393288279826,1.1974783326352327e-11,0.1613516568414481,5.538304393519398e-12,0.07462469805362505,1.0875773571741922e-11,0.14654328495207394,2.232522186683235e-11,0.3008164272700546,0.5092331462204535,2.1621750043866355,0.47801558972424635,0.44735971222212856
20260523-200925_ear_eeg_ch1_only_eyes_open_60s,ear_eeg_ch1_only_eyes_open_60s,0,52.48,56.48,9.79305876628952,101.0,0.13767074864313128,0.8294243475369125,1.0,,0.75,0.75,5.75,10.25,16.25,48.75,2.422260476700327e-11,0.3323098187373507,1.1571280446601187e-11,0.1587463505579384,5.55786413045139e-12,0.07624831596447752,1.0712343110001526e-11,0.1469625926434716,2.082753879246985e-11,0.2857329220967618,0.5188280540848544,2.081965333265786,0.4910561692952891,0.43269551474023343
20260523-200925_ear_eeg_ch1_only_eyes_open_60s,ear_eeg_ch1_only_eyes_open_60s,0,52.736,56.736,9.59301829457236,101.0,0.12176890264103202,0.8353697692150687,1.0,,0.5,0.5,5.75,8.0,16.75,48.25,2.5389733503972807e-11,0.3456987148420534,1.1277938769475925e-11,0.15355690669479238,5.738063558701792e-12,0.078127688800469,1.0997839490192422e-11,0.1497431620227051,2.00411105092869e-11,0.2728735276399801,0.5217446175513692,1.9654607611260937,0.4992556215368458,0.4226166896626852
20260523-200925_ear_eeg_ch1_only_eyes_open_60s,ear_eeg_ch1_only_eyes_open_60s,0,52.992,56.992,8.498823447983845,73.0,0.10342667991498342,0.8122987274508069,1.0,,0.75,0.75,5.75,8.0,16.75,49.5,2.8004992408946437e-11,0.39058486128499387,1.0717625362078621e-11,0.14947842706840767,5.987056275773402e-12,0.08350130972473918,1.0610252287664005e-11,0.14798089774350848,1.6380221789077676e-11,0.22845450417835086,0.5642708687270561,1.7901327243987077,0.5400632883534016,0.3764354019218593
20260523-200925_ear_eeg_ch1_only_eyes_open_60s,ear_eeg_ch1_only_eyes_open_60s,0,53.248,57.248,8.398868971474672,71.0,0.09060179513441917,0.7926490493395763,1.0,,0.75,0.75,5.75,10.75,17.0,49.5,3.072809790910515e-11,0.4454139904607977,1.0074942870878825e-11,0.1460396449222778,5.650259698697098e-12,0.08190239197300804,9.895886366921425e-12,0.14344416139506627,1.2638538208376532e-11,0.1831998112488502,0.570970551721773,1.7830937705751866,0.5914536353830755,0.3266439726439165
20260523-200925_ear_eeg_ch1_only_eyes_open_60s,ear_eeg_ch1_only_eyes_open_60s,0,53.504,57.504,9.150956234186676,109.0,0.08968398155979417,0.8072998679419465,1.0,,1.0,1.0,5.5,10.75,16.5,49.5,3.195067798804421e-11,0.4437192187166085,9.892470145304075e-12,0.13738297277116376,5.782820430313418e-12,0.08030967493952014,1.0525181959835924e-11,0.1461698408345549,1.385537216095307e-11,0.19241829273815275,0.5494271217714478,1.7106652825406723,0.5811021914877723,0.3385881335727077
