t_capture_sec,timestamp_unix,block_idx,sample_idx,sample_in_block,status,ch1_uV,ch2_uV,ch3_uV,ch4_uV
0.008273251999980857,1779965177.359466,5674,47806,0,12582912,22,0,0,0
0.008273251999980857,1779965177.359466,5674,47807,1,12582912,43,0,0,0
0.008273251999980857,1779965177.359466,5674,47808,2,12582912,50,0,0,0
0.008273251999980857,1779965177.359466,5674,47809,3,12582912,39,0,0,0
0.008273251999980857,1779965177.359466,5674,47810,4,12582912,29,0,0,0
0.008273251999980857,1779965177.359466,5674,47811,5,12582912,34,0,0,0
0.008273251999980857,1779965177.359466,5674,47812,6,12582912,42,0,0,0
0.008273251999980857,1779965177.359466,5674,47813,7,12582912,43,0,0,0
0.009787328000015805,1779965177.3609786,5675,47814,0,12582912,32,0,0,0
0.009787328000015805,1779965177.3609786,5675,47815,1,12582912,20,0,0,0
0.009787328000015805,1779965177.3609786,5675,47816,2,12582912,23,0,0,0
0.009787328000015805,1779965177.3609786,5675,47817,3,12582912,37,0,0,0
0.009787328000015805,1779965177.3609786,5675,47818,4,12582912,43,0,0,0
0.009787328000015805,1779965177.3609786,5675,47819,5,12582912,29,0,0,0
0.009787328000015805,1779965177.3609786,5675,47820,6,12582912,12,0,0,0
0.009787328000015805,1779965177.3609786,5675,47821,7,12582912,16,0,0,0
0.058876776999966296,1779965177.4100685,5676,47822,0,12582912,34,0,0,0
0.058876776999966296,1779965177.4100685,5676,47823,1,12582912,42,0,0,0
0.058876776999966296,1779965177.4100685,5676,47824,2,12582912,38,0,0,0
0.058876776999966296,1779965177.4100685,5676,47825,3,12582912,29,0,0,0
0.058876776999966296,1779965177.4100685,5676,47826,4,12582912,25,0,0,0
0.058876776999966296,1779965177.4100685,5676,47827,5,12582912,25,0,0,0
0.058876776999966296,1779965177.4100685,5676,47828,6,12582912,25,0,0,0
0.058876776999966296,1779965177.4100685,5676,47829,7,12582912,18,0,0,0
0.08090702699996655,1779965177.4320993,5677,47830,0,12582912,7,0,0,0
0.08090702699996655,1779965177.4320993,5677,47831,1,12582912,8,0,0,0
0.08090702699996655,1779965177.4320993,5677,47832,2,12582912,20,0,0,0
0.08090702699996655,1779965177.4320993,5677,47833,3,12582912,29,0,0,0
0.08090702699996655,1779965177.4320993,5677,47834,4,12582912,21,0,0,0
0.08090702699996655,1779965177.4320993,5677,47835,5,12582912,7,0,0,0
0.08090702699996655,1779965177.4320993,5677,47836,6,12582912,8,0,0,0
0.08090702699996655,1779965177.4320993,5677,47837,7,12582912,21,0,0,0
0.14978154900001073,1779965177.500974,5678,47838,0,12582912,33,0,0,0
0.14978154900001073,1779965177.500974,5678,47839,1,12582912,30,0,0,0
0.14978154900001073,1779965177.500974,5678,47840,2,12582912,15,0,0,0
0.14978154900001073,1779965177.500974,5678,47841,3,12582912,9,0,0,0
0.14978154900001073,1779965177.500974,5678,47842,4,12582912,10,0,0,0
0.14978154900001073,1779965177.500974,5678,47843,5,12582912,15,0,0,0
0.14978154900001073,1779965177.500974,5678,47844,6,12582912,16,0,0,0
0.14978154900001073,1779965177.500974,5678,47845,7,12582912,10,0,0,0
0.15099697699997705,1779965177.5021896,5679,47846,0,12582912,13,0,0,0
0.15099697699997705,1779965177.5021896,5679,47847,1,12582912,24,0,0,0
0.15099697699997705,1779965177.5021896,5679,47848,2,12582912,32,0,0,0
0.15099697699997705,1779965177.5021896,5679,47849,3,12582912,27,0,0,0
0.15099697699997705,1779965177.5021896,5679,47850,4,12582912,16,0,0,0
0.15099697699997705,1779965177.5021896,5679,47851,5,12582912,18,0,0,0
0.15099697699997705,1779965177.5021896,5679,47852,6,12582912,31,0,0,0
0.15099697699997705,1779965177.5021896,5679,47853,7,12582912,43,0,0,0
0.17347983399997702,1779965177.5246723,5680,47854,0,12582912,37,0,0,0
0.17347983399997702,1779965177.5246723,5680,47855,1,12582912,17,0,0,0
0.17347983399997702,1779965177.5246723,5680,47856,2,12582912,7,0,0,0
0.17347983399997702,1779965177.5246723,5680,47857,3,12582912,16,0,0,0
0.17347983399997702,1779965177.5246723,5680,47858,4,12582912,34,0,0,0
0.17347983399997702,1779965177.5246723,5680,47859,5,12582912,43,0,0,0
0.17347983399997702,1779965177.5246723,5680,47860,6,12582912,34,0,0,0
0.17347983399997702,1779965177.5246723,5680,47861,7,12582912,23,0,0,0
0.1964129560000174,1779965177.5476053,5681,47862,0,12582912,23,0,0,0
0.1964129560000174,1779965177.5476053,5681,47863,1,12582912,35,0,0,0
0.1964129560000174,1779965177.5476053,5681,47864,2,12582912,40,0,0,0
0.1964129560000174,1779965177.5476053,5681,47865,3,12582912,24,0,0,0
0.1964129560000174,1779965177.5476053,5681,47866,4,12582912,6,0,0,0
0.1964129560000174,1779965177.5476053,5681,47867,5,12582912,12,0,0,0
0.1964129560000174,1779965177.5476053,5681,47868,6,12582912,37,0,0,0
0.1964129560000174,1779965177.5476053,5681,47869,7,12582912,52,0,0,0
0.2404928820000123,1779965177.5916853,5682,47870,0,12582912,45,0,0,0
0.2404928820000123,1779965177.5916853,5682,47871,1,12582912,35,0,0,0
0.2404928820000123,1779965177.5916853,5682,47872,2,12582912,34,0,0,0
0.2404928820000123,1779965177.5916853,5682,47873,3,12582912,37,0,0,0
0.2404928820000123,1779965177.5916853,5682,47874,4,12582912,38,0,0,0
0.2404928820000123,1779965177.5916853,5682,47875,5,12582912,29,0,0,0
0.2404928820000123,1779965177.5916853,5682,47876,6,12582912,19,0,0,0
0.2404928820000123,1779965177.5916853,5682,47877,7,12582912,20,0,0,0
0.26331459699997595,1779965177.6145067,5683,47878,0,12582912,43,0,0,0
0.26331459699997595,1779965177.6145067,5683,47879,1,12582912,62,0,0,0
0.26331459699997595,1779965177.6145067,5683,47880,2,12582912,46,0,0,0
0.26331459699997595,1779965177.6145067,5683,47881,3,12582912,9,0,0,0
0.26331459699997595,1779965177.6145067,5683,47882,4,12582912,-10,0,0,0
0.26331459699997595,1779965177.6145067,5683,47883,5,12582912,18,0,0,0
0.26331459699997595,1779965177.6145067,5683,47884,6,12582912,73,0,0,0
0.26331459699997595,1779965177.6145067,5683,47885,7,12582912,91,0,0,0
0.3073817100000156,1779965177.6585739,5684,47886,0,12582912,56,0,0,0
0.3073817100000156,1779965177.6585739,5684,47887,1,12582912,18,0,0,0
0.3073817100000156,1779965177.6585739,5684,47888,2,12582912,19,0,0,0
0.3073817100000156,1779965177.6585739,5684,47889,3,12582912,47,0,0,0
0.3073817100000156,1779965177.6585739,5684,47890,4,12582912,64,0,0,0
0.3073817100000156,1779965177.6585739,5684,47891,5,12582912,64,0,0,0
0.3073817100000156,1779965177.6585739,5684,47892,6,12582912,52,0,0,0
0.3073817100000156,1779965177.6585739,5684,47893,7,12582912,43,0,0,0
0.33030649799997036,1779965177.6814988,5685,47894,0,12582912,45,0,0,0
0.33030649799997036,1779965177.6814988,5685,47895,1,12582912,44,0,0,0
0.33030649799997036,1779965177.6814988,5685,47896,2,12582912,38,0,0,0
0.33030649799997036,1779965177.6814988,5685,47897,3,12582912,40,0,0,0
0.33030649799997036,1779965177.6814988,5685,47898,4,12582912,56,0,0,0
0.33030649799997036,1779965177.6814988,5685,47899,5,12582912,73,0,0,0
0.33030649799997036,1779965177.6814988,5685,47900,6,12582912,72,0,0,0
0.33030649799997036,1779965177.6814988,5685,47901,7,12582912,61,0,0,0
0.3998622249999926,1779965177.7510545,5686,47902,0,12582912,52,0,0,0
0.3998622249999926,1779965177.7510545,5686,47903,1,12582912,51,0,0,0
0.3998622249999926,1779965177.7510545,5686,47904,2,12582912,53,0,0,0
0.3998622249999926,1779965177.7510545,5686,47905,3,12582912,57,0,0,0
0.3998622249999926,1779965177.7510545,5686,47906,4,12582912,64,0,0,0
0.3998622249999926,1779965177.7510545,5686,47907,5,12582912,66,0,0,0
0.3998622249999926,1779965177.7510545,5686,47908,6,12582912,69,0,0,0
0.3998622249999926,1779965177.7510545,5686,47909,7,12582912,72,0,0,0
0.4014399480000179,1779965177.7526317,5687,47910,0,12582912,63,0,0,0
0.4014399480000179,1779965177.7526317,5687,47911,1,12582912,45,0,0,0
0.4014399480000179,1779965177.7526317,5687,47912,2,12582912,33,0,0,0
0.4014399480000179,1779965177.7526317,5687,47913,3,12582912,37,0,0,0
0.4014399480000179,1779965177.7526317,5687,47914,4,12582912,48,0,0,0
0.4014399480000179,1779965177.7526317,5687,47915,5,12582912,47,0,0,0
0.4014399480000179,1779965177.7526317,5687,47916,6,12582912,43,0,0,0
0.4014399480000179,1779965177.7526317,5687,47917,7,12582912,45,0,0,0
0.42422614100001965,1779965177.7754185,5688,47918,0,12582912,53,0,0,0
0.42422614100001965,1779965177.7754185,5688,47919,1,12582912,58,0,0,0
0.42422614100001965,1779965177.7754185,5688,47920,2,12582912,49,0,0,0
0.42422614100001965,1779965177.7754185,5688,47921,3,12582912,36,0,0,0
0.42422614100001965,1779965177.7754185,5688,47922,4,12582912,39,0,0,0
0.42422614100001965,1779965177.7754185,5688,47923,5,12582912,58,0,0,0
0.42422614100001965,1779965177.7754185,5688,47924,6,12582912,72,0,0,0
0.42422614100001965,1779965177.7754185,5688,47925,7,12582912,60,0,0,0
0.46851195400000734,1779965177.8197036,5689,47926,0,12582912,41,0,0,0
0.46851195400000734,1779965177.8197036,5689,47927,1,12582912,35,0,0,0
0.46851195400000734,1779965177.8197036,5689,47928,2,12582912,45,0,0,0
0.46851195400000734,1779965177.8197036,5689,47929,3,12582912,55,0,0,0
0.46851195400000734,1779965177.8197036,5689,47930,4,12582912,49,0,0,0
0.46851195400000734,1779965177.8197036,5689,47931,5,12582912,36,0,0,0
0.46851195400000734,1779965177.8197036,5689,47932,6,12582912,35,0,0,0
0.46851195400000734,1779965177.8197036,5689,47933,7,12582912,50,0,0,0
0.49059855799998786,1779965177.841791,5690,47934,0,12582912,58,0,0,0
0.49059855799998786,1779965177.841791,5690,47935,1,12582912,41,0,0,0
0.49059855799998786,1779965177.841791,5690,47936,2,12582912,28,0,0,0
0.49059855799998786,1779965177.841791,5690,47937,3,12582912,35,0,0,0
0.49059855799998786,1779965177.841791,5690,47938,4,12582912,49,0,0,0
0.49059855799998786,1779965177.841791,5690,47939,5,12582912,54,0,0,0
0.49059855799998786,1779965177.841791,5690,47940,6,12582912,44,0,0,0
0.49059855799998786,1779965177.841791,5690,47941,7,12582912,34,0,0,0
0.577665431000014,1779965177.9288576,5691,47942,0,12582912,42,0,0,0
0.577665431000014,1779965177.9288576,5691,47943,1,12582912,63,0,0,0
0.577665431000014,1779965177.9288576,5691,47944,2,12582912,64,0,0,0
0.577665431000014,1779965177.9288576,5691,47945,3,12582912,40,0,0,0
0.577665431000014,1779965177.9288576,5691,47946,4,12582912,22,0,0,0
0.577665431000014,1779965177.9288576,5691,47947,5,12582912,27,0,0,0
0.577665431000014,1779965177.9288576,5691,47948,6,12582912,49,0,0,0
0.577665431000014,1779965177.9288576,5691,47949,7,12582912,61,0,0,0
0.7432719519999864,1779965178.0944643,5692,47950,0,12582912,42,0,0,0
0.7432719519999864,1779965178.0944643,5692,47951,1,12582912,20,0,0,0
0.7432719519999864,1779965178.0944643,5692,47952,2,12582912,20,0,0,0
0.7432719519999864,1779965178.0944643,5692,47953,3,12582912,143,0,0,0
0.7432719519999864,1779965178.0944643,5692,47954,4,12582912,470,0,0,0
0.7432719519999864,1779965178.0944643,5692,47955,5,12582912,647,0,0,0
0.7432719519999864,1779965178.0944643,5692,47956,6,12582912,252,0,0,0
0.7432719519999864,1779965178.0944643,5692,47957,7,12582912,-382,0,0,0
0.7665621570000098,1779965178.1177552,5693,47958,0,12582912,-511,0,0,0
0.7665621570000098,1779965178.1177552,5693,47959,1,12582912,-32,0,0,0
0.7665621570000098,1779965178.1177552,5693,47960,2,12582912,388,0,0,0
0.7665621570000098,1779965178.1177552,5693,47961,3,12582912,225,0,0,0
0.7665621570000098,1779965178.1177552,5693,47962,4,12582912,-240,0,0,0
0.7665621570000098,1779965178.1177552,5693,47963,5,12582912,-369,0,0,0
0.7665621570000098,1779965178.1177552,5693,47964,6,12582912,-33,0,0,0
0.7665621570000098,1779965178.1177552,5693,47965,7,12582912,281,0,0,0
0.8464804120000053,1779965178.1976717,5694,47966,0,12582912,165,0,0,0
0.8464804120000053,1779965178.1976717,5694,47967,1,12582912,-174,0,0,0
0.8464804120000053,1779965178.1976717,5694,47968,2,12582912,-255,0,0,0
0.8464804120000053,1779965178.1976717,5694,47969,3,12582912,7,0,0,0
0.8464804120000053,1779965178.1976717,5694,47970,4,12582912,240,0,0,0
0.8464804120000053,1779965178.1976717,5694,47971,5,12582912,144,0,0,0
0.8464804120000053,1779965178.1976717,5694,47972,6,12582912,-122,0,0,0
0.8464804120000053,1779965178.1976717,5694,47973,7,12582912,-194,0,0,0
0.8474013580000133,1779965178.1985934,5695,47974,0,12582912,-5,0,0,0
0.8474013580000133,1779965178.1985934,5695,47975,1,12582912,167,0,0,0
0.8474013580000133,1779965178.1985934,5695,47976,2,12582912,95,0,0,0
0.8474013580000133,1779965178.1985934,5695,47977,3,12582912,-106,0,0,0
0.8474013580000133,1779965178.1985934,5695,47978,4,12582912,-154,0,0,0
0.8474013580000133,1779965178.1985934,5695,47979,5,12582912,7,0,0,0
0.8474013580000133,1779965178.1985934,5695,47980,6,12582912,155,0,0,0
0.8474013580000133,1779965178.1985934,5695,47981,7,12582912,105,0,0,0
0.8801804490000222,1779965178.2313719,5696,47982,0,12582912,-54,0,0,0
0.8801804490000222,1779965178.2313719,5696,47983,1,12582912,-105,0,0,0
0.8801804490000222,1779965178.2313719,5696,47984,2,12582912,1,0,0,0
0.8801804490000222,1779965178.2313719,5696,47985,3,12582912,104,0,0,0
0.8801804490000222,1779965178.2313719,5696,47986,4,12582912,64,0,0,0
0.8801804490000222,1779965178.2313719,5696,47987,5,12582912,-57,0,0,0
0.8801804490000222,1779965178.2313719,5696,47988,6,12582912,-95,0,0,0
0.8801804490000222,1779965178.2313719,5696,47989,7,12582912,-11,0,0,0
0.9026624169999877,1779965178.253855,5697,47990,0,12582912,72,0,0,0
0.9026624169999877,1779965178.253855,5697,47991,1,12582912,46,0,0,0
0.9026624169999877,1779965178.253855,5697,47992,2,12582912,-43,0,0,0
0.9026624169999877,1779965178.253855,5697,47993,3,12582912,-72,0,0,0
0.9026624169999877,1779965178.253855,5697,47994,4,12582912,-13,0,0,0
0.9026624169999877,1779965178.253855,5697,47995,5,12582912,47,0,0,0
0.9026624169999877,1779965178.253855,5697,47996,6,12582912,26,0,0,0
0.9026624169999877,1779965178.253855,5697,47997,7,12582912,-39,0,0,0
0.9332324779999794,1779965178.284425,5698,47998,0,12582912,-60,0,0,0
0.9332324779999794,1779965178.284425,5698,47999,1,12582912,-15,0,0,0
0.9332324779999794,1779965178.284425,5698,48000,2,12582912,36,0,0,0
0.9332324779999794,1779965178.284425,5698,48001,3,12582912,-60,0,0,0
0.9332324779999794,1779965178.284425,5698,48002,4,12582912,-147,0,0,0
0.9332324779999794,1779965178.284425,5698,48003,5,12582912,170,0,0,0
0.9332324779999794,1779965178.284425,5698,48004,6,12582912,553,0,0,0
0.9332324779999794,1779965178.284425,5698,48005,7,12582912,331,0,0,0
0.9899666759999945,1779965178.3411589,5699,48006,0,12582912,-284,0,0,0
0.9899666759999945,1779965178.3411589,5699,48007,1,12582912,-497,0,0,0
0.9899666759999945,1779965178.3411589,5699,48008,2,12582912,-64,0,0,0
0.9899666759999945,1779965178.3411589,5699,48009,3,12582912,406,0,0,0
0.9899666759999945,1779965178.3411589,5699,48010,4,12582912,310,0,0,0
0.9899666759999945,1779965178.3411589,5699,48011,5,12582912,-166,0,0,0
0.9899666759999945,1779965178.3411589,5699,48012,6,12582912,-362,0,0,0
0.9899666759999945,1779965178.3411589,5699,48013,7,12582912,-51,0,0,0
1.0128807840000036,1779965178.3640738,5700,48014,0,12582912,310,0,0,0
1.0128807840000036,1779965178.3640738,5700,48015,1,12582912,243,0,0,0
1.0128807840000036,1779965178.3640738,5700,48016,2,12582912,-117,0,0,0
1.0128807840000036,1779965178.3640738,5700,48017,3,12582912,-264,0,0,0
1.0128807840000036,1779965178.3640738,5700,48018,4,12582912,-27,0,0,0
1.0128807840000036,1779965178.3640738,5700,48019,5,12582912,245,0,0,0
1.0128807840000036,1779965178.3640738,5700,48020,6,12582912,190,0,0,0
1.0128807840000036,1779965178.3640738,5700,48021,7,12582912,-87,0,0,0
1.0243881249999731,1779965178.3755813,5701,48022,0,12582912,-196,0,0,0
1.0243881249999731,1779965178.3755813,5701,48023,1,12582912,-13,0,0,0
1.0243881249999731,1779965178.3755813,5701,48024,2,12582912,199,0,0,0
1.0243881249999731,1779965178.3755813,5701,48025,3,12582912,166,0,0,0
1.0243881249999731,1779965178.3755813,5701,48026,4,12582912,-46,0,0,0
1.0243881249999731,1779965178.3755813,5701,48027,5,12582912,-144,0,0,0
1.0243881249999731,1779965178.3755813,5701,48028,6,12582912,-14,0,0,0
1.0243881249999731,1779965178.3755813,5701,48029,7,12582912,147,0,0,0
1.0931425840000202,1779965178.4443347,5702,48030,0,12582912,118,0,0,0
1.0931425840000202,1779965178.4443347,5702,48031,1,12582912,-50,0,0,0
1.0931425840000202,1779965178.4443347,5702,48032,2,12582912,-124,0,0,0
1.0931425840000202,1779965178.4443347,5702,48033,3,12582912,-17,0,0,0
1.0931425840000202,1779965178.4443347,5702,48034,4,12582912,119,0,0,0
1.0931425840000202,1779965178.4443347,5702,48035,5,12582912,107,0,0,0
1.0931425840000202,1779965178.4443347,5702,48036,6,12582912,-10,0,0,0
1.0931425840000202,1779965178.4443347,5702,48037,7,12582912,-60,0,0,0
1.0946227009999916,1779965178.4458137,5703,48038,0,12582912,18,0,0,0
1.0946227009999916,1779965178.4458137,5703,48039,1,12582912,112,0,0,0
1.0946227009999916,1779965178.4458137,5703,48040,2,12582912,89,0,0,0
1.0946227009999916,1779965178.4458137,5703,48041,3,12582912,-21,0,0,0
1.0946227009999916,1779965178.4458137,5703,48042,4,12582912,-71,0,0,0
1.0946227009999916,1779965178.4458137,5703,48043,5,12582912,-11,0,0,0
1.0946227009999916,1779965178.4458137,5703,48044,6,12582912,70,0,0,0
1.0946227009999916,1779965178.4458137,5703,48045,7,12582912,72,0,0,0
1.1386087660000044,1779965178.4898014,5704,48046,0,12582912,6,0,0,0
1.1386087660000044,1779965178.4898014,5704,48047,1,12582912,-29,0,0,0
1.1386087660000044,1779965178.4898014,5704,48048,2,12582912,9,0,0,0
1.1386087660000044,1779965178.4898014,5704,48049,3,12582912,62,0,0,0
1.1386087660000044,1779965178.4898014,5704,48050,4,12582912,54,0,0,0
1.1386087660000044,1779965178.4898014,5704,48051,5,12582912,0,0,0,0
1.1386087660000044,1779965178.4898014,5704,48052,6,12582912,-32,0,0,0
1.1386087660000044,1779965178.4898014,5704,48053,7,12582912,-8,0,0,0
1.1615493319999928,1779965178.5127418,5705,48054,0,12582912,39,0,0,0
1.1615493319999928,1779965178.5127418,5705,48055,1,12582912,42,0,0,0
1.1615493319999928,1779965178.5127418,5705,48056,2,12582912,1,0,0,0
1.1615493319999928,1779965178.5127418,5705,48057,3,12582912,-19,0,0,0
1.1615493319999928,1779965178.5127418,5705,48058,4,12582912,7,0,0,0
1.1615493319999928,1779965178.5127418,5705,48059,5,12582912,42,0,0,0
1.1615493319999928,1779965178.5127418,5705,48060,6,12582912,41,0,0,0
1.1615493319999928,1779965178.5127418,5705,48061,7,12582912,8,0,0,0
1.184459430000004,1779965178.5356522,5706,48062,0,12582912,-11,0,0,0
1.184459430000004,1779965178.5356522,5706,48063,1,12582912,4,0,0,0
1.184459430000004,1779965178.5356522,5706,48064,2,12582912,29,0,0,0
1.184459430000004,1779965178.5356522,5706,48065,3,12582912,28,0,0,0
1.184459430000004,1779965178.5356522,5706,48066,4,12582912,9,0,0,0
1.184459430000004,1779965178.5356522,5706,48067,5,12582912,2,0,0,0
1.184459430000004,1779965178.5356522,5706,48068,6,12582912,10,0,0,0
1.184459430000004,1779965178.5356522,5706,48069,7,12582912,22,0,0,0
1.2285150259999682,1779965178.5797071,5707,48070,0,12582912,25,0,0,0
1.2285150259999682,1779965178.5797071,5707,48071,1,12582912,16,0,0,0
1.2285150259999682,1779965178.5797071,5707,48072,2,12582912,8,0,0,0
1.2285150259999682,1779965178.5797071,5707,48073,3,12582912,12,0,0,0
1.2285150259999682,1779965178.5797071,5707,48074,4,12582912,21,0,0,0
1.2285150259999682,1779965178.5797071,5707,48075,5,12582912,24,0,0,0
1.2285150259999682,1779965178.5797071,5707,48076,6,12582912,20,0,0,0
1.2285150259999682,1779965178.5797071,5707,48077,7,12582912,11,0,0,0
1.2724714020000079,1779965178.6236637,5708,48078,0,12582912,-4,0,0,0
1.2724714020000079,1779965178.6236637,5708,48079,1,12582912,-7,0,0,0
1.2724714020000079,1779965178.6236637,5708,48080,2,12582912,-1,0,0,0
1.2724714020000079,1779965178.6236637,5708,48081,3,12582912,6,0,0,0
1.2724714020000079,1779965178.6236637,5708,48082,4,12582912,8,0,0,0
1.2724714020000079,1779965178.6236637,5708,48083,5,12582912,0,0,0,0
1.2724714020000079,1779965178.6236637,5708,48084,6,12582912,-4,0,0,0
1.2724714020000079,1779965178.6236637,5708,48085,7,12582912,-1,0,0,0
1.312556858999983,1779965178.6637492,5709,48086,0,12582912,4,0,0,0
1.312556858999983,1779965178.6637492,5709,48087,1,12582912,2,0,0,0
1.312556858999983,1779965178.6637492,5709,48088,2,12582912,-16,0,0,0
1.312556858999983,1779965178.6637492,5709,48089,3,12582912,-29,0,0,0
1.312556858999983,1779965178.6637492,5709,48090,4,12582912,-17,0,0,0
1.312556858999983,1779965178.6637492,5709,48091,5,12582912,13,0,0,0
1.312556858999983,1779965178.6637492,5709,48092,6,12582912,26,0,0,0
1.312556858999983,1779965178.6637492,5709,48093,7,12582912,7,0,0,0
1.314038695000022,1779965178.66523,5710,48094,0,12582912,-16,0,0,0
1.314038695000022,1779965178.66523,5710,48095,1,12582912,-28,0,0,0
1.314038695000022,1779965178.66523,5710,48096,2,12582912,-32,0,0,0
1.314038695000022,1779965178.66523,5710,48097,3,12582912,-26,0,0,0
1.314038695000022,1779965178.66523,5710,48098,4,12582912,-22,0,0,0
1.314038695000022,1779965178.66523,5710,48099,5,12582912,-21,0,0,0
1.314038695000022,1779965178.66523,5710,48100,6,12582912,-17,0,0,0
1.314038695000022,1779965178.66523,5710,48101,7,12582912,-12,0,0,0
1.3627323530000126,1779965178.713925,5711,48102,0,12582912,-14,0,0,0
1.3627323530000126,1779965178.713925,5711,48103,1,12582912,-30,0,0,0
1.3627323530000126,1779965178.713925,5711,48104,2,12582912,-43,0,0,0
1.3627323530000126,1779965178.713925,5711,48105,3,12582912,-41,0,0,0
1.3627323530000126,1779965178.713925,5711,48106,4,12582912,-28,0,0,0
1.3627323530000126,1779965178.713925,5711,48107,5,12582912,-14,0,0,0
1.3627323530000126,1779965178.713925,5711,48108,6,12582912,-14,0,0,0
1.3627323530000126,1779965178.713925,5711,48109,7,12582912,-22,0,0,0
1.3856281799999692,1779965178.7368205,5712,48110,0,12582912,-29,0,0,0
1.3856281799999692,1779965178.7368205,5712,48111,1,12582912,-34,0,0,0
1.3856281799999692,1779965178.7368205,5712,48112,2,12582912,-39,0,0,0
1.3856281799999692,1779965178.7368205,5712,48113,3,12582912,-41,0,0,0
1.3856281799999692,1779965178.7368205,5712,48114,4,12582912,-34,0,0,0
1.3856281799999692,1779965178.7368205,5712,48115,5,12582912,-18,0,0,0
1.3856281799999692,1779965178.7368205,5712,48116,6,12582912,2,0,0,0
1.3856281799999692,1779965178.7368205,5712,48117,7,12582912,11,0,0,0
1.4084859330000086,1779965178.7596784,5713,48118,0,12582912,-3,0,0,0
1.4084859330000086,1779965178.7596784,5713,48119,1,12582912,-22,0,0,0
1.4084859330000086,1779965178.7596784,5713,48120,2,12582912,-24,0,0,0
1.4084859330000086,1779965178.7596784,5713,48121,3,12582912,-12,0,0,0
1.4084859330000086,1779965178.7596784,5713,48122,4,12582912,-2,0,0,0
1.4084859330000086,1779965178.7596784,5713,48123,5,12582912,-8,0,0,0
1.4084859330000086,1779965178.7596784,5713,48124,6,12582912,-19,0,0,0
1.4084859330000086,1779965178.7596784,5713,48125,7,12582912,-20,0,0,0
1.452583560999983,1779965178.8037763,5714,48126,0,12582912,-12,0,0,0
1.452583560999983,1779965178.8037763,5714,48127,1,12582912,-7,0,0,0
1.452583560999983,1779965178.8037763,5714,48128,2,12582912,-12,0,0,0
1.452583560999983,1779965178.8037763,5714,48129,3,12582912,-11,0,0,0
1.452583560999983,1779965178.8037763,5714,48130,4,12582912,-1,0,0,0
1.452583560999983,1779965178.8037763,5714,48131,5,12582912,10,0,0,0
1.452583560999983,1779965178.8037763,5714,48132,6,12582912,10,0,0,0
1.452583560999983,1779965178.8037763,5714,48133,7,12582912,-3,0,0,0
1.4757755879999763,1779965178.8269684,5715,48134,0,12582912,-7,0,0,0
1.4757755879999763,1779965178.8269684,5715,48135,1,12582912,3,0,0,0
1.4757755879999763,1779965178.8269684,5715,48136,2,12582912,10,0,0,0
1.4757755879999763,1779965178.8269684,5715,48137,3,12582912,-1,0,0,0
1.4757755879999763,1779965178.8269684,5715,48138,4,12582912,-15,0,0,0
1.4757755879999763,1779965178.8269684,5715,48139,5,12582912,-7,0,0,0
1.4757755879999763,1779965178.8269684,5715,48140,6,12582912,12,0,0,0
1.4757755879999763,1779965178.8269684,5715,48141,7,12582912,18,0,0,0
1.5147632229999886,1779965178.8659563,5716,48142,0,12582912,10,0,0,0
1.5147632229999886,1779965178.8659563,5716,48143,1,12582912,1,0,0,0
1.5147632229999886,1779965178.8659563,5716,48144,2,12582912,7,0,0,0
1.5147632229999886,1779965178.8659563,5716,48145,3,12582912,21,0,0,0
1.5147632229999886,1779965178.8659563,5716,48146,4,12582912,26,0,0,0
1.5147632229999886,1779965178.8659563,5716,48147,5,12582912,18,0,0,0
1.5147632229999886,1779965178.8659563,5716,48148,6,12582912,2,0,0,0
1.5147632229999886,1779965178.8659563,5716,48149,7,12582912,-3,0,0,0
1.5835200259999738,1779965178.9347126,5717,48150,0,12582912,7,0,0,0
1.5835200259999738,1779965178.9347126,5717,48151,1,12582912,16,0,0,0
1.5835200259999738,1779965178.9347126,5717,48152,2,12582912,12,0,0,0
1.5835200259999738,1779965178.9347126,5717,48153,3,12582912,2,0,0,0
1.5835200259999738,1779965178.9347126,5717,48154,4,12582912,8,0,0,0
1.5835200259999738,1779965178.9347126,5717,48155,5,12582912,26,0,0,0
1.5835200259999738,1779965178.9347126,5717,48156,6,12582912,34,0,0,0
1.5835200259999738,1779965178.9347126,5717,48157,7,12582912,26,0,0,0
1.5851267589999907,1779965178.9363186,5718,48158,0,12582912,16,0,0,0
1.5851267589999907,1779965178.9363186,5718,48159,1,12582912,28,0,0,0
1.5851267589999907,1779965178.9363186,5718,48160,2,12582912,45,0,0,0
1.5851267589999907,1779965178.9363186,5718,48161,3,12582912,41,0,0,0
1.5851267589999907,1779965178.9363186,5718,48162,4,12582912,26,0,0,0
1.5851267589999907,1779965178.9363186,5718,48163,5,12582912,11,0,0,0
1.5851267589999907,1779965178.9363186,5718,48164,6,12582912,11,0,0,0
1.5851267589999907,1779965178.9363186,5718,48165,7,12582912,22,0,0,0
1.6636661989999766,1779965179.0148575,5719,48166,0,12582912,30,0,0,0
1.6636661989999766,1779965179.0148575,5719,48167,1,12582912,29,0,0,0
1.6636661989999766,1779965179.0148575,5719,48168,2,12582912,26,0,0,0
1.6636661989999766,1779965179.0148575,5719,48169,3,12582912,35,0,0,0
1.6636661989999766,1779965179.0148575,5719,48170,4,12582912,47,0,0,0
1.6636661989999766,1779965179.0148575,5719,48171,5,12582912,47,0,0,0
1.6636661989999766,1779965179.0148575,5719,48172,6,12582912,34,0,0,0
1.6636661989999766,1779965179.0148575,5719,48173,7,12582912,21,0,0,0
1.6643550590000018,1779965179.0155463,5720,48174,0,12582912,26,0,0,0
1.6643550590000018,1779965179.0155463,5720,48175,1,12582912,34,0,0,0
1.6643550590000018,1779965179.0155463,5720,48176,2,12582912,26,0,0,0
1.6643550590000018,1779965179.0155463,5720,48177,3,12582912,13,0,0,0
1.6643550590000018,1779965179.0155463,5720,48178,4,12582912,10,0,0,0
1.6643550590000018,1779965179.0155463,5720,48179,5,12582912,21,0,0,0
1.6643550590000018,1779965179.0155463,5720,48180,6,12582912,38,0,0,0
1.6643550590000018,1779965179.0155463,5720,48181,7,12582912,47,0,0,0
1.686314311999979,1779965179.037507,5721,48182,0,12582912,41,0,0,0
1.686314311999979,1779965179.037507,5721,48183,1,12582912,26,0,0,0
1.686314311999979,1779965179.037507,5721,48184,2,12582912,29,0,0,0
1.686314311999979,1779965179.037507,5721,48185,3,12582912,48,0,0,0
1.686314311999979,1779965179.037507,5721,48186,4,12582912,54,0,0,0
1.686314311999979,1779965179.037507,5721,48187,5,12582912,39,0,0,0
1.686314311999979,1779965179.037507,5721,48188,6,12582912,20,0,0,0
1.686314311999979,1779965179.037507,5721,48189,7,12582912,22,0,0,0
1.7270963839999922,1779965179.0782886,5722,48190,0,12582912,40,0,0,0
1.7270963839999922,1779965179.0782886,5722,48191,1,12582912,50,0,0,0
1.7270963839999922,1779965179.0782886,5722,48192,2,12582912,45,0,0,0
1.7270963839999922,1779965179.0782886,5722,48193,3,12582912,31,0,0,0
1.7270963839999922,1779965179.0782886,5722,48194,4,12582912,28,0,0,0
1.7270963839999922,1779965179.0782886,5722,48195,5,12582912,40,0,0,0
1.7270963839999922,1779965179.0782886,5722,48196,6,12582912,48,0,0,0
1.7270963839999922,1779965179.0782886,5722,48197,7,12582912,41,0,0,0
1.7286281680000002,1779965179.0798206,5723,48198,0,12582912,20,0,0,0
1.7286281680000002,1779965179.0798206,5723,48199,1,12582912,12,0,0,0
1.7286281680000002,1779965179.0798206,5723,48200,2,12582912,21,0,0,0
1.7286281680000002,1779965179.0798206,5723,48201,3,12582912,36,0,0,0
1.7286281680000002,1779965179.0798206,5723,48202,4,12582912,34,0,0,0
1.7286281680000002,1779965179.0798206,5723,48203,5,12582912,16,0,0,0
1.7286281680000002,1779965179.0798206,5723,48204,6,12582912,24,0,0,0
1.7286281680000002,1779965179.0798206,5723,48205,7,12582912,51,0,0,0
1.7724754739999753,1779965179.123669,5724,48206,0,12582912,61,0,0,0
1.7724754739999753,1779965179.123669,5724,48207,1,12582912,50,0,0,0
1.7724754739999753,1779965179.123669,5724,48208,2,12582912,32,0,0,0
1.7724754739999753,1779965179.123669,5724,48209,3,12582912,27,0,0,0
1.7724754739999753,1779965179.123669,5724,48210,4,12582912,33,0,0,0
1.7724754739999753,1779965179.123669,5724,48211,5,12582912,36,0,0,0
1.7724754739999753,1779965179.123669,5724,48212,6,12582912,28,0,0,0
1.7724754739999753,1779965179.123669,5724,48213,7,12582912,16,0,0,0
1.795289213999979,1779965179.146482,5725,48214,0,12582912,21,0,0,0
1.795289213999979,1779965179.146482,5725,48215,1,12582912,38,0,0,0
1.795289213999979,1779965179.146482,5725,48216,2,12582912,50,0,0,0
1.795289213999979,1779965179.146482,5725,48217,3,12582912,48,0,0,0
1.795289213999979,1779965179.146482,5725,48218,4,12582912,33,0,0,0
1.795289213999979,1779965179.146482,5725,48219,5,12582912,28,0,0,0
1.795289213999979,1779965179.146482,5725,48220,6,12582912,33,0,0,0
1.795289213999979,1779965179.146482,5725,48221,7,12582912,32,0,0,0
1.8814679810000143,1779965179.2326608,5726,48222,0,12582912,23,0,0,0
1.8814679810000143,1779965179.2326608,5726,48223,1,12582912,6,0,0,0
1.8814679810000143,1779965179.2326608,5726,48224,2,12582912,1,0,0,0
1.8814679810000143,1779965179.2326608,5726,48225,3,12582912,16,0,0,0
1.8814679810000143,1779965179.2326608,5726,48226,4,12582912,37,0,0,0
1.8814679810000143,1779965179.2326608,5726,48227,5,12582912,42,0,0,0
1.8814679810000143,1779965179.2326608,5726,48228,6,12582912,28,0,0,0
1.8814679810000143,1779965179.2326608,5726,48229,7,12582912,25,0,0,0
1.8829402850000179,1779965179.2341318,5727,48230,0,12582912,37,0,0,0
1.8829402850000179,1779965179.2341318,5727,48231,1,12582912,43,0,0,0
1.8829402850000179,1779965179.2341318,5727,48232,2,12582912,30,0,0,0
1.8829402850000179,1779965179.2341318,5727,48233,3,12582912,3,0,0,0
1.8829402850000179,1779965179.2341318,5727,48234,4,12582912,-2,0,0,0
1.8829402850000179,1779965179.2341318,5727,48235,5,12582912,20,0,0,0
1.8829402850000179,1779965179.2341318,5727,48236,6,12582912,44,0,0,0
1.8829402850000179,1779965179.2341318,5727,48237,7,12582912,46,0,0,0
1.9058004830000073,1779965179.2569928,5728,48238,0,12582912,29,0,0,0
1.9058004830000073,1779965179.2569928,5728,48239,1,12582912,25,0,0,0
1.9058004830000073,1779965179.2569928,5728,48240,2,12582912,40,0,0,0
1.9058004830000073,1779965179.2569928,5728,48241,3,12582912,53,0,0,0
1.9058004830000073,1779965179.2569928,5728,48242,4,12582912,47,0,0,0
1.9058004830000073,1779965179.2569928,5728,48243,5,12582912,25,0,0,0
1.9058004830000073,1779965179.2569928,5728,48244,6,12582912,17,0,0,0
1.9058004830000073,1779965179.2569928,5728,48245,7,12582912,32,0,0,0
1.945552493999969,1779965179.296745,5729,48246,0,12582912,48,0,0,0
1.945552493999969,1779965179.296745,5729,48247,1,12582912,41,0,0,0
1.945552493999969,1779965179.296745,5729,48248,2,12582912,14,0,0,0
1.945552493999969,1779965179.296745,5729,48249,3,12582912,7,0,0,0
1.945552493999969,1779965179.296745,5729,48250,4,12582912,26,0,0,0
1.945552493999969,1779965179.296745,5729,48251,5,12582912,43,0,0,0
1.945552493999969,1779965179.296745,5729,48252,6,12582912,41,0,0,0
1.945552493999969,1779965179.296745,5729,48253,7,12582912,27,0,0,0
1.9687067570000067,1779965179.3198993,5730,48254,0,12582912,20,0,0,0
1.9687067570000067,1779965179.3198993,5730,48255,1,12582912,22,0,0,0
1.9687067570000067,1779965179.3198993,5730,48256,2,12582912,24,0,0,0
1.9687067570000067,1779965179.3198993,5730,48257,3,12582912,26,0,0,0
1.9687067570000067,1779965179.3198993,5730,48258,4,12582912,17,0,0,0
1.9687067570000067,1779965179.3198993,5730,48259,5,12582912,12,0,0,0
1.9687067570000067,1779965179.3198993,5730,48260,6,12582912,23,0,0,0
1.9687067570000067,1779965179.3198993,5730,48261,7,12582912,37,0,0,0
1.991509246000021,1779965179.3427017,5731,48262,0,12582912,39,0,0,0
1.991509246000021,1779965179.3427017,5731,48263,1,12582912,25,0,0,0
1.991509246000021,1779965179.3427017,5731,48264,2,12582912,15,0,0,0
1.991509246000021,1779965179.3427017,5731,48265,3,12582912,23,0,0,0
1.991509246000021,1779965179.3427017,5731,48266,4,12582912,36,0,0,0
1.991509246000021,1779965179.3427017,5731,48267,5,12582912,39,0,0,0
1.991509246000021,1779965179.3427017,5731,48268,6,12582912,27,0,0,0
1.991509246000021,1779965179.3427017,5731,48269,7,12582912,20,0,0,0
2.0149846059999845,1779965179.3661773,5732,48270,0,12582912,25,0,0,0
2.0149846059999845,1779965179.3661773,5732,48271,1,12582912,29,0,0,0
2.0149846059999845,1779965179.3661773,5732,48272,2,12582912,24,0,0,0
2.0149846059999845,1779965179.3661773,5732,48273,3,12582912,12,0,0,0
2.0149846059999845,1779965179.3661773,5732,48274,4,12582912,14,0,0,0
2.0149846059999845,1779965179.3661773,5732,48275,5,12582912,22,0,0,0
2.0149846059999845,1779965179.3661773,5732,48276,6,12582912,27,0,0,0
2.0149846059999845,1779965179.3661773,5732,48277,7,12582912,28,0,0,0
2.0556221449999725,1779965179.4068136,5733,48278,0,12582912,21,0,0,0
2.0556221449999725,1779965179.4068136,5733,48279,1,12582912,21,0,0,0
2.0556221449999725,1779965179.4068136,5733,48280,2,12582912,38,0,0,0
2.0556221449999725,1779965179.4068136,5733,48281,3,12582912,53,0,0,0
2.0556221449999725,1779965179.4068136,5733,48282,4,12582912,47,0,0,0
2.0556221449999725,1779965179.4068136,5733,48283,5,12582912,25,0,0,0
2.0556221449999725,1779965179.4068136,5733,48284,6,12582912,17,0,0,0
2.0556221449999725,1779965179.4068136,5733,48285,7,12582912,28,0,0,0
2.0963921339999843,1779965179.4475842,5734,48286,0,12582912,38,0,0,0
2.0963921339999843,1779965179.4475842,5734,48287,1,12582912,35,0,0,0
2.0963921339999843,1779965179.4475842,5734,48288,2,12582912,22,0,0,0
2.0963921339999843,1779965179.4475842,5734,48289,3,12582912,22,0,0,0
2.0963921339999843,1779965179.4475842,5734,48290,4,12582912,37,0,0,0
2.0963921339999843,1779965179.4475842,5734,48291,5,12582912,52,0,0,0
2.0963921339999843,1779965179.4475842,5734,48292,6,12582912,52,0,0,0
2.0963921339999843,1779965179.4475842,5734,48293,7,12582912,34,0,0,0
2.120307184000012,1779965179.4714992,5735,48294,0,12582912,23,0,0,0
2.120307184000012,1779965179.4714992,5735,48295,1,12582912,30,0,0,0
2.120307184000012,1779965179.4714992,5735,48296,2,12582912,41,0,0,0
2.120307184000012,1779965179.4714992,5735,48297,3,12582912,46,0,0,0
2.120307184000012,1779965179.4714992,5735,48298,4,12582912,39,0,0,0
2.120307184000012,1779965179.4714992,5735,48299,5,12582912,36,0,0,0
2.120307184000012,1779965179.4714992,5735,48300,6,12582912,46,0,0,0
2.120307184000012,1779965179.4714992,5735,48301,7,12582912,52,0,0,0
2.1567949479999697,1779965179.5079865,5736,48302,0,12582912,42,0,0,0
2.1567949479999697,1779965179.5079865,5736,48303,1,12582912,20,0,0,0
2.1567949479999697,1779965179.5079865,5736,48304,2,12582912,11,0,0,0
2.1567949479999697,1779965179.5079865,5736,48305,3,12582912,23,0,0,0
2.1567949479999697,1779965179.5079865,5736,48306,4,12582912,39,0,0,0
2.1567949479999697,1779965179.5079865,5736,48307,5,12582912,42,0,0,0
2.1567949479999697,1779965179.5079865,5736,48308,6,12582912,21,0,0,0
2.1567949479999697,1779965179.5079865,5736,48309,7,12582912,5,0,0,0
2.1783645099999944,1779965179.5295558,5737,48310,0,12582912,15,0,0,0
2.1783645099999944,1779965179.5295558,5737,48311,1,12582912,37,0,0,0
2.1783645099999944,1779965179.5295558,5737,48312,2,12582912,46,0,0,0
2.1783645099999944,1779965179.5295558,5737,48313,3,12582912,37,0,0,0
2.1783645099999944,1779965179.5295558,5737,48314,4,12582912,33,0,0,0
2.1783645099999944,1779965179.5295558,5737,48315,5,12582912,38,0,0,0
2.1783645099999944,1779965179.5295558,5737,48316,6,12582912,40,0,0,0
2.1783645099999944,1779965179.5295558,5737,48317,7,12582912,36,0,0,0
2.221625248999999,1779965179.5728185,5738,48318,0,12582912,25,0,0,0
2.221625248999999,1779965179.5728185,5738,48319,1,12582912,22,0,0,0
2.221625248999999,1779965179.5728185,5738,48320,2,12582912,29,0,0,0
2.221625248999999,1779965179.5728185,5738,48321,3,12582912,38,0,0,0
2.221625248999999,1779965179.5728185,5738,48322,4,12582912,40,0,0,0
2.221625248999999,1779965179.5728185,5738,48323,5,12582912,26,0,0,0
2.221625248999999,1779965179.5728185,5738,48324,6,12582912,11,0,0,0
2.221625248999999,1779965179.5728185,5738,48325,7,12582912,14,0,0,0
2.2449578469999665,1779965179.5961494,5739,48326,0,12582912,26,0,0,0
2.2449578469999665,1779965179.5961494,5739,48327,1,12582912,31,0,0,0
2.2449578469999665,1779965179.5961494,5739,48328,2,12582912,19,0,0,0
2.2449578469999665,1779965179.5961494,5739,48329,3,12582912,11,0,0,0
2.2449578469999665,1779965179.5961494,5739,48330,4,12582912,19,0,0,0
2.2449578469999665,1779965179.5961494,5739,48331,5,12582912,29,0,0,0
2.2449578469999665,1779965179.5961494,5739,48332,6,12582912,30,0,0,0
2.2449578469999665,1779965179.5961494,5739,48333,7,12582912,19,0,0,0
2.2883862439999803,1779965179.6395783,5740,48334,0,12582912,12,0,0,0
2.2883862439999803,1779965179.6395783,5740,48335,1,12582912,14,0,0,0
2.2883862439999803,1779965179.6395783,5740,48336,2,12582912,18,0,0,0
2.2883862439999803,1779965179.6395783,5740,48337,3,12582912,17,0,0,0
2.2883862439999803,1779965179.6395783,5740,48338,4,12582912,4,0,0,0
2.2883862439999803,1779965179.6395783,5740,48339,5,12582912,-5,0,0,0
2.2883862439999803,1779965179.6395783,5740,48340,6,12582912,7,0,0,0
2.2883862439999803,1779965179.6395783,5740,48341,7,12582912,26,0,0,0
2.3108474800000067,1779965179.6620395,5741,48342,0,12582912,30,0,0,0
2.3108474800000067,1779965179.6620395,5741,48343,1,12582912,13,0,0,0
2.3108474800000067,1779965179.6620395,5741,48344,2,12582912,-1,0,0,0
2.3108474800000067,1779965179.6620395,5741,48345,3,12582912,1,0,0,0
2.3108474800000067,1779965179.6620395,5741,48346,4,12582912,15,0,0,0
2.3108474800000067,1779965179.6620395,5741,48347,5,12582912,21,0,0,0
2.3108474800000067,1779965179.6620395,5741,48348,6,12582912,1,0,0,0
2.3108474800000067,1779965179.6620395,5741,48349,7,12582912,-20,0,0,0
2.379439063999996,1779965179.7306314,5742,48350,0,12582912,-17,0,0,0
2.379439063999996,1779965179.7306314,5742,48351,1,12582912,8,0,0,0
2.379439063999996,1779965179.7306314,5742,48352,2,12582912,28,0,0,0
2.379439063999996,1779965179.7306314,5742,48353,3,12582912,14,0,0,0
2.379439063999996,1779965179.7306314,5742,48354,4,12582912,-9,0,0,0
2.379439063999996,1779965179.7306314,5742,48355,5,12582912,-11,0,0,0
2.379439063999996,1779965179.7306314,5742,48356,6,12582912,2,0,0,0
2.379439063999996,1779965179.7306314,5742,48357,7,12582912,8,0,0,0
2.3810326189999955,1779965179.732225,5743,48358,0,12582912,-3,0,0,0
2.3810326189999955,1779965179.732225,5743,48359,1,12582912,-13,0,0,0
2.3810326189999955,1779965179.732225,5743,48360,2,12582912,-12,0,0,0
2.3810326189999955,1779965179.732225,5743,48361,3,12582912,-12,0,0,0
2.3810326189999955,1779965179.732225,5743,48362,4,12582912,-18,0,0,0
2.3810326189999955,1779965179.732225,5743,48363,5,12582912,-28,0,0,0
2.3810326189999955,1779965179.732225,5743,48364,6,12582912,-28,0,0,0
2.3810326189999955,1779965179.732225,5743,48365,7,12582912,-15,0,0,0
2.4037655770000015,1779965179.7549584,5744,48366,0,12582912,2,0,0,0
2.4037655770000015,1779965179.7549584,5744,48367,1,12582912,12,0,0,0
2.4037655770000015,1779965179.7549584,5744,48368,2,12582912,2,0,0,0
2.4037655770000015,1779965179.7549584,5744,48369,3,12582912,-10,0,0,0
2.4037655770000015,1779965179.7549584,5744,48370,4,12582912,-12,0,0,0
2.4037655770000015,1779965179.7549584,5744,48371,5,12582912,-2,0,0,0
2.4037655770000015,1779965179.7549584,5744,48372,6,12582912,7,0,0,0
2.4037655770000015,1779965179.7549584,5744,48373,7,12582912,1,0,0,0
2.460816018999992,1779965179.8120077,5745,48374,0,12582912,-15,0,0,0
2.460816018999992,1779965179.8120077,5745,48375,1,12582912,-24,0,0,0
2.460816018999992,1779965179.8120077,5745,48376,2,12582912,-11,0,0,0
2.460816018999992,1779965179.8120077,5745,48377,3,12582912,14,0,0,0
2.460816018999992,1779965179.8120077,5745,48378,4,12582912,16,0,0,0
2.460816018999992,1779965179.8120077,5745,48379,5,12582912,3,0,0,0
2.460816018999992,1779965179.8120077,5745,48380,6,12582912,8,0,0,0
2.460816018999992,1779965179.8120077,5745,48381,7,12582912,30,0,0,0
2.4830792839999845,1779965179.8342714,5746,48382,0,12582912,36,0,0,0
2.4830792839999845,1779965179.8342714,5746,48383,1,12582912,2,0,0,0
2.4830792839999845,1779965179.8342714,5746,48384,2,12582912,-32,0,0,0
2.4830792839999845,1779965179.8342714,5746,48385,3,12582912,-28,0,0,0
2.4830792839999845,1779965179.8342714,5746,48386,4,12582912,2,0,0,0
2.4830792839999845,1779965179.8342714,5746,48387,5,12582912,17,0,0,0
2.4830792839999845,1779965179.8342714,5746,48388,6,12582912,-4,0,0,0
2.4830792839999845,1779965179.8342714,5746,48389,7,12582912,-29,0,0,0
2.5063503709999964,1779965179.857543,5747,48390,0,12582912,-27,0,0,0
2.5063503709999964,1779965179.857543,5747,48391,1,12582912,-8,0,0,0
2.5063503709999964,1779965179.857543,5747,48392,2,12582912,1,0,0,0
2.5063503709999964,1779965179.857543,5747,48393,3,12582912,-16,0,0,0
2.5063503709999964,1779965179.857543,5747,48394,4,12582912,-33,0,0,0
2.5063503709999964,1779965179.857543,5747,48395,5,12582912,-26,0,0,0
2.5063503709999964,1779965179.857543,5747,48396,6,12582912,-8,0,0,0
2.5063503709999964,1779965179.857543,5747,48397,7,12582912,3,0,0,0
2.529227860999981,1779965179.8804204,5748,48398,0,12582912,-2,0,0,0
2.529227860999981,1779965179.8804204,5748,48399,1,12582912,-11,0,0,0
2.529227860999981,1779965179.8804204,5748,48400,2,12582912,-13,0,0,0
2.529227860999981,1779965179.8804204,5748,48401,3,12582912,-6,0,0,0
2.529227860999981,1779965179.8804204,5748,48402,4,12582912,6,0,0,0
2.529227860999981,1779965179.8804204,5748,48403,5,12582912,2,0,0,0
2.529227860999981,1779965179.8804204,5748,48404,6,12582912,-8,0,0,0
2.529227860999981,1779965179.8804204,5748,48405,7,12582912,-7,0,0,0
2.5966785489999893,1779965179.9478707,5749,48406,0,12582912,4,0,0,0
2.5966785489999893,1779965179.9478707,5749,48407,1,12582912,11,0,0,0
2.5966785489999893,1779965179.9478707,5749,48408,2,12582912,-4,0,0,0
2.5966785489999893,1779965179.9478707,5749,48409,3,12582912,-15,0,0,0
2.5966785489999893,1779965179.9478707,5749,48410,4,12582912,-3,0,0,0
2.5966785489999893,1779965179.9478707,5749,48411,5,12582912,17,0,0,0
2.5966785489999893,1779965179.9478707,5749,48412,6,12582912,27,0,0,0
2.5966785489999893,1779965179.9478707,5749,48413,7,12582912,17,0,0,0
2.598208198000009,1779965179.9493995,5750,48414,0,12582912,5,0,0,0
2.598208198000009,1779965179.9493995,5750,48415,1,12582912,5,0,0,0
2.598208198000009,1779965179.9493995,5750,48416,2,12582912,12,0,0,0
2.598208198000009,1779965179.9493995,5750,48417,3,12582912,18,0,0,0
2.598208198000009,1779965179.9493995,5750,48418,4,12582912,7,0,0,0
2.598208198000009,1779965179.9493995,5750,48419,5,12582912,-3,0,0,0
2.598208198000009,1779965179.9493995,5750,48420,6,12582912,8,0,0,0
2.598208198000009,1779965179.9493995,5750,48421,7,12582912,25,0,0,0
2.666636235999988,1779965180.0178285,5751,48422,0,12582912,30,0,0,0
2.666636235999988,1779965180.0178285,5751,48423,1,12582912,19,0,0,0
2.666636235999988,1779965180.0178285,5751,48424,2,12582912,10,0,0,0
2.666636235999988,1779965180.0178285,5751,48425,3,12582912,15,0,0,0
2.666636235999988,1779965180.0178285,5751,48426,4,12582912,29,0,0,0
2.666636235999988,1779965180.0178285,5751,48427,5,12582912,38,0,0,0
2.666636235999988,1779965180.0178285,5751,48428,6,12582912,27,0,0,0
2.666636235999988,1779965180.0178285,5751,48429,7,12582912,16,0,0,0
2.667768850000016,1779965180.0189595,5752,48430,0,12582912,19,0,0,0
2.667768850000016,1779965180.0189595,5752,48431,1,12582912,30,0,0,0
2.667768850000016,1779965180.0189595,5752,48432,2,12582912,37,0,0,0
2.667768850000016,1779965180.0189595,5752,48433,3,12582912,28,0,0,0
2.667768850000016,1779965180.0189595,5752,48434,4,12582912,17,0,0,0
2.667768850000016,1779965180.0189595,5752,48435,5,12582912,16,0,0,0
2.667768850000016,1779965180.0189595,5752,48436,6,12582912,23,0,0,0
2.667768850000016,1779965180.0189595,5752,48437,7,12582912,28,0,0,0
2.6899442469999713,1779965180.041136,5753,48438,0,12582912,21,0,0,0
2.6899442469999713,1779965180.041136,5753,48439,1,12582912,17,0,0,0
2.6899442469999713,1779965180.041136,5753,48440,2,12582912,24,0,0,0
2.6899442469999713,1779965180.041136,5753,48441,3,12582912,36,0,0,0
2.6899442469999713,1779965180.041136,5753,48442,4,12582912,44,0,0,0
2.6899442469999713,1779965180.041136,5753,48443,5,12582912,38,0,0,0
2.6899442469999713,1779965180.041136,5753,48444,6,12582912,29,0,0,0
2.6899442469999713,1779965180.041136,5753,48445,7,12582912,30,0,0,0
2.733403523999982,1779965180.0845957,5754,48446,0,12582912,34,0,0,0
2.733403523999982,1779965180.0845957,5754,48447,1,12582912,36,0,0,0
2.733403523999982,1779965180.0845957,5754,48448,2,12582912,31,0,0,0
2.733403523999982,1779965180.0845957,5754,48449,3,12582912,29,0,0,0
2.733403523999982,1779965180.0845957,5754,48450,4,12582912,37,0,0,0
2.733403523999982,1779965180.0845957,5754,48451,5,12582912,44,0,0,0
2.733403523999982,1779965180.0845957,5754,48452,6,12582912,49,0,0,0
2.733403523999982,1779965180.0845957,5754,48453,7,12582912,43,0,0,0
2.7562860099999966,1779965180.1074774,5755,48454,0,12582912,34,0,0,0
2.7562860099999966,1779965180.1074774,5755,48455,1,12582912,39,0,0,0
2.7562860099999966,1779965180.1074774,5755,48456,2,12582912,53,0,0,0
2.7562860099999966,1779965180.1074774,5755,48457,3,12582912,61,0,0,0
2.7562860099999966,1779965180.1074774,5755,48458,4,12582912,48,0,0,0
2.7562860099999966,1779965180.1074774,5755,48459,5,12582912,32,0,0,0
2.7562860099999966,1779965180.1074774,5755,48460,6,12582912,35,0,0,0
2.7562860099999966,1779965180.1074774,5755,48461,7,12582912,51,0,0,0
2.799313928999993,1779965180.1505063,5756,48462,0,12582912,58,0,0,0
2.799313928999993,1779965180.1505063,5756,48463,1,12582912,45,0,0,0
2.799313928999993,1779965180.1505063,5756,48464,2,12582912,36,0,0,0
2.799313928999993,1779965180.1505063,5756,48465,3,12582912,44,0,0,0
2.799313928999993,1779965180.1505063,5756,48466,4,12582912,54,0,0,0
2.799313928999993,1779965180.1505063,5756,48467,5,12582912,55,0,0,0
2.799313928999993,1779965180.1505063,5756,48468,6,12582912,42,0,0,0
2.799313928999993,1779965180.1505063,5756,48469,7,12582912,35,0,0,0
2.8808420189999993,1779965180.2320337,5757,48470,0,12582912,41,0,0,0
2.8808420189999993,1779965180.2320337,5757,48471,1,12582912,50,0,0,0
2.8808420189999993,1779965180.2320337,5757,48472,2,12582912,53,0,0,0
2.8808420189999993,1779965180.2320337,5757,48473,3,12582912,45,0,0,0
2.8808420189999993,1779965180.2320337,5757,48474,4,12582912,42,0,0,0
2.8808420189999993,1779965180.2320337,5757,48475,5,12582912,48,0,0,0
2.8808420189999993,1779965180.2320337,5757,48476,6,12582912,48,0,0,0
2.8808420189999993,1779965180.2320337,5757,48477,7,12582912,38,0,0,0
2.8814778579999825,1779965180.2326682,5758,48478,0,12582912,23,0,0,0
2.8814778579999825,1779965180.2326682,5758,48479,1,12582912,19,0,0,0
2.8814778579999825,1779965180.2326682,5758,48480,2,12582912,30,0,0,0
2.8814778579999825,1779965180.2326682,5758,48481,3,12582912,40,0,0,0
2.8814778579999825,1779965180.2326682,5758,48482,4,12582912,41,0,0,0
2.8814778579999825,1779965180.2326682,5758,48483,5,12582912,37,0,0,0
2.8814778579999825,1779965180.2326682,5758,48484,6,12582912,39,0,0,0
2.8814778579999825,1779965180.2326682,5758,48485,7,12582912,47,0,0,0
2.8820004670000117,1779965180.2331908,5759,48486,0,12582912,54,0,0,0
2.8820004670000117,1779965180.2331908,5759,48487,1,12582912,53,0,0,0
2.8820004670000117,1779965180.2331908,5759,48488,2,12582912,37,0,0,0
2.8820004670000117,1779965180.2331908,5759,48489,3,12582912,24,0,0,0
2.8820004670000117,1779965180.2331908,5759,48490,4,12582912,29,0,0,0
2.8820004670000117,1779965180.2331908,5759,48491,5,12582912,43,0,0,0
2.8820004670000117,1779965180.2331908,5759,48492,6,12582912,51,0,0,0
2.8820004670000117,1779965180.2331908,5759,48493,7,12582912,40,0,0,0
2.929071960999977,1779965180.2802644,5760,48494,0,12582912,33,0,0,0
2.929071960999977,1779965180.2802644,5760,48495,1,12582912,42,0,0,0
2.929071960999977,1779965180.2802644,5760,48496,2,12582912,52,0,0,0
2.929071960999977,1779965180.2802644,5760,48497,3,12582912,53,0,0,0
2.929071960999977,1779965180.2802644,5760,48498,4,12582912,38,0,0,0
2.929071960999977,1779965180.2802644,5760,48499,5,12582912,23,0,0,0
2.929071960999977,1779965180.2802644,5760,48500,6,12582912,28,0,0,0
2.929071960999977,1779965180.2802644,5760,48501,7,12582912,58,0,0,0
2.958414814999969,1779965180.309606,5761,48502,0,12582912,337,0,0,0
2.958414814999969,1779965180.309606,5761,48503,1,12582912,695,0,0,0
2.958414814999969,1779965180.309606,5761,48504,2,12582912,316,0,0,0
2.958414814999969,1779965180.309606,5761,48505,3,12582912,-570,0,0,0
2.958414814999969,1779965180.309606,5761,48506,4,12582912,-725,0,0,0
2.958414814999969,1779965180.309606,5761,48507,5,12582912,85,0,0,0
2.958414814999969,1779965180.309606,5761,48508,6,12582912,761,0,0,0
2.958414814999969,1779965180.309606,5761,48509,7,12582912,437,0,0,0
2.9897630510000113,1779965180.3409555,5762,48510,0,12582912,-377,0,0,0
2.9897630510000113,1779965180.3409555,5762,48511,1,12582912,-574,0,0,0
2.9897630510000113,1779965180.3409555,5762,48512,2,12582912,44,0,0,0
2.9897630510000113,1779965180.3409555,5762,48513,3,12582912,587,0,0,0
2.9897630510000113,1779965180.3409555,5762,48514,4,12582912,359,0,0,0
2.9897630510000113,1779965180.3409555,5762,48515,5,12582912,-257,0,0,0
2.9897630510000113,1779965180.3409555,5762,48516,6,12582912,-419,0,0,0
2.9897630510000113,1779965180.3409555,5762,48517,7,12582912,42,0,0,0
3.0332987350000167,1779965180.3844914,5763,48518,0,12582912,460,0,0,0
3.0332987350000167,1779965180.3844914,5763,48519,1,12582912,286,0,0,0
3.0332987350000167,1779965180.3844914,5763,48520,2,12582912,-191,0,0,0
3.0332987350000167,1779965180.3844914,5763,48521,3,12582912,-324,0,0,0
3.0332987350000167,1779965180.3844914,5763,48522,4,12582912,20,0,0,0
3.0332987350000167,1779965180.3844914,5763,48523,5,12582912,334,0,0,0
3.0332987350000167,1779965180.3844914,5763,48524,6,12582912,200,0,0,0
3.0332987350000167,1779965180.3844914,5763,48525,7,12582912,-166,0,0,0
3.065113745000019,1779965180.4163063,5764,48526,0,12582912,-259,0,0,0
3.065113745000019,1779965180.4163063,5764,48527,1,12582912,24,0,0,0
3.065113745000019,1779965180.4163063,5764,48528,2,12582912,283,0,0,0
3.065113745000019,1779965180.4163063,5764,48529,3,12582912,184,0,0,0
3.065113745000019,1779965180.4163063,5764,48530,4,12582912,-94,0,0,0
3.065113745000019,1779965180.4163063,5764,48531,5,12582912,-166,0,0,0
3.065113745000019,1779965180.4163063,5764,48532,6,12582912,37,0,0,0
3.065113745000019,1779965180.4163063,5764,48533,7,12582912,212,0,0,0
3.0879500849999886,1779965180.4391427,5765,48534,0,12582912,121,0,0,0
3.0879500849999886,1779965180.4391427,5765,48535,1,12582912,-93,0,0,0
3.0879500849999886,1779965180.4391427,5765,48536,2,12582912,-139,0,0,0
3.0879500849999886,1779965180.4391427,5765,48537,3,12582912,31,0,0,0
3.0879500849999886,1779965180.4391427,5765,48538,4,12582912,180,0,0,0
3.0879500849999886,1779965180.4391427,5765,48539,5,12582912,123,0,0,0
3.0879500849999886,1779965180.4391427,5765,48540,6,12582912,-39,0,0,0
3.0879500849999886,1779965180.4391427,5765,48541,7,12582912,-95,0,0,0
3.1565999409999677,1779965180.5077925,5766,48542,0,12582912,9,0,0,0
3.1565999409999677,1779965180.5077925,5766,48543,1,12582912,123,0,0,0
3.1565999409999677,1779965180.5077925,5766,48544,2,12582912,92,0,0,0
3.1565999409999677,1779965180.5077925,5766,48545,3,12582912,-28,0,0,0
3.1565999409999677,1779965180.5077925,5766,48546,4,12582912,-69,0,0,0
3.1565999409999677,1779965180.5077925,5766,48547,5,12582912,25,0,0,0
3.1565999409999677,1779965180.5077925,5766,48548,6,12582912,119,0,0,0
3.1565999409999677,1779965180.5077925,5766,48549,7,12582912,80,0,0,0
3.1576918769999907,1779965180.5088825,5767,48550,0,12582912,-33,0,0,0
3.1576918769999907,1779965180.5088825,5767,48551,1,12582912,-75,0,0,0
3.1576918769999907,1779965180.5088825,5767,48552,2,12582912,-6,0,0,0
3.1576918769999907,1779965180.5088825,5767,48553,3,12582912,69,0,0,0
3.1576918769999907,1779965180.5088825,5767,48554,4,12582912,49,0,0,0
3.1576918769999907,1779965180.5088825,5767,48555,5,12582912,-27,0,0,0
3.1576918769999907,1779965180.5088825,5767,48556,6,12582912,-49,0,0,0
3.1576918769999907,1779965180.5088825,5767,48557,7,12582912,11,0,0,0
3.1800234219999766,1779965180.531216,5768,48558,0,12582912,69,0,0,0
3.1800234219999766,1779965180.531216,5768,48559,1,12582912,54,0,0,0
3.1800234219999766,1779965180.531216,5768,48560,2,12582912,0,0,0,0
3.1800234219999766,1779965180.531216,5768,48561,3,12582912,-24,0,0,0
3.1800234219999766,1779965180.531216,5768,48562,4,12582912,6,0,0,0
3.1800234219999766,1779965180.531216,5768,48563,5,12582912,49,0,0,0
3.1800234219999766,1779965180.531216,5768,48564,6,12582912,46,0,0,0
3.1800234219999766,1779965180.531216,5768,48565,7,12582912,8,0,0,0
3.2242304129999866,1779965180.575423,5769,48566,0,12582912,-12,0,0,0
3.2242304129999866,1779965180.575423,5769,48567,1,12582912,6,0,0,0
3.2242304129999866,1779965180.575423,5769,48568,2,12582912,30,0,0,0
3.2242304129999866,1779965180.575423,5769,48569,3,12582912,23,0,0,0
3.2242304129999866,1779965180.575423,5769,48570,4,12582912,-4,0,0,0
3.2242304129999866,1779965180.575423,5769,48571,5,12582912,-18,0,0,0
3.2242304129999866,1779965180.575423,5769,48572,6,12582912,1,0,0,0
3.2242304129999866,1779965180.575423,5769,48573,7,12582912,27,0,0,0
3.263509601999999,1779965180.6147008,5770,48574,0,12582912,23,0,0,0
3.263509601999999,1779965180.6147008,5770,48575,1,12582912,-6,0,0,0
3.263509601999999,1779965180.6147008,5770,48576,2,12582912,-28,0,0,0
3.263509601999999,1779965180.6147008,5770,48577,3,12582912,-11,0,0,0
3.263509601999999,1779965180.6147008,5770,48578,4,12582912,21,0,0,0
3.263509601999999,1779965180.6147008,5770,48579,5,12582912,19,0,0,0
3.263509601999999,1779965180.6147008,5770,48580,6,12582912,-6,0,0,0
3.263509601999999,1779965180.6147008,5770,48581,7,12582912,-18,0,0,0
3.285584789999973,1779965180.6367772,5771,48582,0,12582912,0,0,0,0
3.285584789999973,1779965180.6367772,5771,48583,1,12582912,26,0,0,0
3.285584789999973,1779965180.6367772,5771,48584,2,12582912,30,0,0,0
3.285584789999973,1779965180.6367772,5771,48585,3,12582912,16,0,0,0
3.285584789999973,1779965180.6367772,5771,48586,4,12582912,3,0,0,0
3.285584789999973,1779965180.6367772,5771,48587,5,12582912,3,0,0,0
3.285584789999973,1779965180.6367772,5771,48588,6,12582912,15,0,0,0
3.285584789999973,1779965180.6367772,5771,48589,7,12582912,21,0,0,0
3.308423108999989,1779965180.6596155,5772,48590,0,12582912,18,0,0,0
3.308423108999989,1779965180.6596155,5772,48591,1,12582912,11,0,0,0
3.308423108999989,1779965180.6596155,5772,48592,2,12582912,8,0,0,0
3.308423108999989,1779965180.6596155,5772,48593,3,12582912,14,0,0,0
3.308423108999989,1779965180.6596155,5772,48594,4,12582912,14,0,0,0
3.308423108999989,1779965180.6596155,5772,48595,5,12582912,6,0,0,0
3.308423108999989,1779965180.6596155,5772,48596,6,12582912,-7,0,0,0
3.308423108999989,1779965180.6596155,5772,48597,7,12582912,-8,0,0,0
3.3692870649999804,1779965180.7204795,5773,48598,0,12582912,10,0,0,0
3.3692870649999804,1779965180.7204795,5773,48599,1,12582912,30,0,0,0
3.3692870649999804,1779965180.7204795,5773,48600,2,12582912,33,0,0,0
3.3692870649999804,1779965180.7204795,5773,48601,3,12582912,14,0,0,0
3.3692870649999804,1779965180.7204795,5773,48602,4,12582912,-2,0,0,0
3.3692870649999804,1779965180.7204795,5773,48603,5,12582912,6,0,0,0
3.3692870649999804,1779965180.7204795,5773,48604,6,12582912,21,0,0,0
3.3692870649999804,1779965180.7204795,5773,48605,7,12582912,19,0,0,0
3.3707592129999853,1779965180.7219503,5774,48606,0,12582912,1,0,0,0
3.3707592129999853,1779965180.7219503,5774,48607,1,12582912,-8,0,0,0
3.3707592129999853,1779965180.7219503,5774,48608,2,12582912,1,0,0,0
3.3707592129999853,1779965180.7219503,5774,48609,3,12582912,6,0,0,0
3.3707592129999853,1779965180.7219503,5774,48610,4,12582912,3,0,0,0
3.3707592129999853,1779965180.7219503,5774,48611,5,12582912,0,0,0,0
3.3707592129999853,1779965180.7219503,5774,48612,6,12582912,9,0,0,0
3.3707592129999853,1779965180.7219503,5774,48613,7,12582912,23,0,0,0
3.4242546689999926,1779965180.7754471,5775,48614,0,12582912,31,0,0,0
3.4242546689999926,1779965180.7754471,5775,48615,1,12582912,29,0,0,0
3.4242546689999926,1779965180.7754471,5775,48616,2,12582912,11,0,0,0
3.4242546689999926,1779965180.7754471,5775,48617,3,12582912,-6,0,0,0
3.4242546689999926,1779965180.7754471,5775,48618,4,12582912,1,0,0,0
3.4242546689999926,1779965180.7754471,5775,48619,5,12582912,26,0,0,0
3.4242546689999926,1779965180.7754471,5775,48620,6,12582912,40,0,0,0
3.4242546689999926,1779965180.7754471,5775,48621,7,12582912,25,0,0,0
3.447073144000001,1779965180.798266,5776,48622,0,12582912,4,0,0,0
3.447073144000001,1779965180.798266,5776,48623,1,12582912,6,0,0,0
3.447073144000001,1779965180.798266,5776,48624,2,12582912,22,0,0,0
3.447073144000001,1779965180.798266,5776,48625,3,12582912,30,0,0,0
3.447073144000001,1779965180.798266,5776,48626,4,12582912,18,0,0,0
3.447073144000001,1779965180.798266,5776,48627,5,12582912,8,0,0,0
3.447073144000001,1779965180.798266,5776,48628,6,12582912,15,0,0,0
3.447073144000001,1779965180.798266,5776,48629,7,12582912,24,0,0,0
3.469990162999977,1779965180.8211825,5777,48630,0,12582912,26,0,0,0
3.469990162999977,1779965180.8211825,5777,48631,1,12582912,21,0,0,0
3.469990162999977,1779965180.8211825,5777,48632,2,12582912,14,0,0,0
3.469990162999977,1779965180.8211825,5777,48633,3,12582912,13,0,0,0
3.469990162999977,1779965180.8211825,5777,48634,4,12582912,18,0,0,0
3.469990162999977,1779965180.8211825,5777,48635,5,12582912,29,0,0,0
3.469990162999977,1779965180.8211825,5777,48636,6,12582912,31,0,0,0
3.469990162999977,1779965180.8211825,5777,48637,7,12582912,23,0,0,0
3.4931785370000057,1779965180.8443708,5778,48638,0,12582912,18,0,0,0
3.4931785370000057,1779965180.8443708,5778,48639,1,12582912,17,0,0,0
3.4931785370000057,1779965180.8443708,5778,48640,2,12582912,18,0,0,0
3.4931785370000057,1779965180.8443708,5778,48641,3,12582912,15,0,0,0
3.4931785370000057,1779965180.8443708,5778,48642,4,12582912,14,0,0,0
3.4931785370000057,1779965180.8443708,5778,48643,5,12582912,19,0,0,0
3.4931785370000057,1779965180.8443708,5778,48644,6,12582912,29,0,0,0
3.4931785370000057,1779965180.8443708,5778,48645,7,12582912,40,0,0,0
3.5371822970000153,1779965180.8883748,5779,48646,0,12582912,36,0,0,0
3.5371822970000153,1779965180.8883748,5779,48647,1,12582912,24,0,0,0
3.5371822970000153,1779965180.8883748,5779,48648,2,12582912,26,0,0,0
3.5371822970000153,1779965180.8883748,5779,48649,3,12582912,36,0,0,0
3.5371822970000153,1779965180.8883748,5779,48650,4,12582912,36,0,0,0
3.5371822970000153,1779965180.8883748,5779,48651,5,12582912,17,0,0,0
3.5371822970000153,1779965180.8883748,5779,48652,6,12582912,0,0,0,0
3.5371822970000153,1779965180.8883748,5779,48653,7,12582912,5,0,0,0
3.621346555999992,1779965180.9725392,5780,48654,0,12582912,23,0,0,0
3.621346555999992,1779965180.9725392,5780,48655,1,12582912,35,0,0,0
3.621346555999992,1779965180.9725392,5780,48656,2,12582912,28,0,0,0
3.621346555999992,1779965180.9725392,5780,48657,3,12582912,20,0,0,0
3.621346555999992,1779965180.9725392,5780,48658,4,12582912,27,0,0,0
3.621346555999992,1779965180.9725392,5780,48659,5,12582912,42,0,0,0
3.621346555999992,1779965180.9725392,5780,48660,6,12582912,45,0,0,0
3.621346555999992,1779965180.9725392,5780,48661,7,12582912,33,0,0,0
3.622826047999979,1779965180.9740174,5781,48662,0,12582912,25,0,0,0
3.622826047999979,1779965180.9740174,5781,48663,1,12582912,32,0,0,0
3.622826047999979,1779965180.9740174,5781,48664,2,12582912,42,0,0,0
3.622826047999979,1779965180.9740174,5781,48665,3,12582912,42,0,0,0
3.622826047999979,1779965180.9740174,5781,48666,4,12582912,29,0,0,0
3.622826047999979,1779965180.9740174,5781,48667,5,12582912,18,0,0,0
3.622826047999979,1779965180.9740174,5781,48668,6,12582912,26,0,0,0
3.622826047999979,1779965180.9740174,5781,48669,7,12582912,45,0,0,0
3.624245278999979,1779965180.9754364,5782,48670,0,12582912,53,0,0,0
3.624245278999979,1779965180.9754364,5782,48671,1,12582912,35,0,0,0
3.624245278999979,1779965180.9754364,5782,48672,2,12582912,12,0,0,0
3.624245278999979,1779965180.9754364,5782,48673,3,12582912,9,0,0,0
3.624245278999979,1779965180.9754364,5782,48674,4,12582912,21,0,0,0
3.624245278999979,1779965180.9754364,5782,48675,5,12582912,31,0,0,0
3.624245278999979,1779965180.9754364,5782,48676,6,12582912,26,0,0,0
3.624245278999979,1779965180.9754364,5782,48677,7,12582912,18,0,0,0
3.7106898609999917,1779965181.061882,5783,48678,0,12582912,27,0,0,0
3.7106898609999917,1779965181.061882,5783,48679,1,12582912,40,0,0,0
3.7106898609999917,1779965181.061882,5783,48680,2,12582912,37,0,0,0
3.7106898609999917,1779965181.061882,5783,48681,3,12582912,17,0,0,0
3.7106898609999917,1779965181.061882,5783,48682,4,12582912,7,0,0,0
3.7106898609999917,1779965181.061882,5783,48683,5,12582912,21,0,0,0
3.7106898609999917,1779965181.061882,5783,48684,6,12582912,37,0,0,0
3.7106898609999917,1779965181.061882,5783,48685,7,12582912,36,0,0,0
3.712245758999984,1779965181.063437,5784,48686,0,12582912,18,0,0,0
3.712245758999984,1779965181.063437,5784,48687,1,12582912,4,0,0,0
3.712245758999984,1779965181.063437,5784,48688,2,12582912,13,0,0,0
3.712245758999984,1779965181.063437,5784,48689,3,12582912,28,0,0,0
3.712245758999984,1779965181.063437,5784,48690,4,12582912,35,0,0,0
3.712245758999984,1779965181.063437,5784,48691,5,12582912,25,0,0,0
3.712245758999984,1779965181.063437,5784,48692,6,12582912,12,0,0,0
3.712245758999984,1779965181.063437,5784,48693,7,12582912,18,0,0,0
3.7349557929999833,1779965181.086148,5785,48694,0,12582912,35,0,0,0
3.7349557929999833,1779965181.086148,5785,48695,1,12582912,45,0,0,0
3.7349557929999833,1779965181.086148,5785,48696,2,12582912,38,0,0,0
3.7349557929999833,1779965181.086148,5785,48697,3,12582912,25,0,0,0
3.7349557929999833,1779965181.086148,5785,48698,4,12582912,19,0,0,0
3.7349557929999833,1779965181.086148,5785,48699,5,12582912,20,0,0,0
3.7349557929999833,1779965181.086148,5785,48700,6,12582912,26,0,0,0
3.7349557929999833,1779965181.086148,5785,48701,7,12582912,21,0,0,0
3.7578379639999753,1779965181.1090302,5786,48702,0,12582912,14,0,0,0
3.7578379639999753,1779965181.1090302,5786,48703,1,12582912,24,0,0,0
3.7578379639999753,1779965181.1090302,5786,48704,2,12582912,43,0,0,0
3.7578379639999753,1779965181.1090302,5786,48705,3,12582912,50,0,0,0
3.7578379639999753,1779965181.1090302,5786,48706,4,12582912,37,0,0,0
3.7578379639999753,1779965181.1090302,5786,48707,5,12582912,19,0,0,0
3.7578379639999753,1779965181.1090302,5786,48708,6,12582912,16,0,0,0
3.7578379639999753,1779965181.1090302,5786,48709,7,12582912,24,0,0,0
3.796339484999976,1779965181.1475322,5787,48710,0,12582912,31,0,0,0
3.796339484999976,1779965181.1475322,5787,48711,1,12582912,23,0,0,0
3.796339484999976,1779965181.1475322,5787,48712,2,12582912,19,0,0,0
3.796339484999976,1779965181.1475322,5787,48713,3,12582912,28,0,0,0
3.796339484999976,1779965181.1475322,5787,48714,4,12582912,34,0,0,0
3.796339484999976,1779965181.1475322,5787,48715,5,12582912,36,0,0,0
3.796339484999976,1779965181.1475322,5787,48716,6,12582912,28,0,0,0
3.796339484999976,1779965181.1475322,5787,48717,7,12582912,20,0,0,0
3.8191613949999805,1779965181.1703537,5788,48718,0,12582912,30,0,0,0
3.8191613949999805,1779965181.1703537,5788,48719,1,12582912,51,0,0,0
3.8191613949999805,1779965181.1703537,5788,48720,2,12582912,62,0,0,0
3.8191613949999805,1779965181.1703537,5788,48721,3,12582912,45,0,0,0
3.8191613949999805,1779965181.1703537,5788,48722,4,12582912,27,0,0,0
3.8191613949999805,1779965181.1703537,5788,48723,5,12582912,35,0,0,0
3.8191613949999805,1779965181.1703537,5788,48724,6,12582912,50,0,0,0
3.8191613949999805,1779965181.1703537,5788,48725,7,12582912,54,0,0,0
3.853497567999966,1779965181.2046888,5789,48726,0,12582912,45,0,0,0
3.853497567999966,1779965181.2046888,5789,48727,1,12582912,36,0,0,0
3.853497567999966,1779965181.2046888,5789,48728,2,12582912,40,0,0,0
3.853497567999966,1779965181.2046888,5789,48729,3,12582912,50,0,0,0
3.853497567999966,1779965181.2046888,5789,48730,4,12582912,53,0,0,0
3.853497567999966,1779965181.2046888,5789,48731,5,12582912,37,0,0,0
3.853497567999966,1779965181.2046888,5789,48732,6,12582912,20,0,0,0
3.853497567999966,1779965181.2046888,5789,48733,7,12582912,26,0,0,0
3.90681994199997,1779965181.2580128,5790,48734,0,12582912,42,0,0,0
3.90681994199997,1779965181.2580128,5790,48735,1,12582912,53,0,0,0
3.90681994199997,1779965181.2580128,5790,48736,2,12582912,50,0,0,0
3.90681994199997,1779965181.2580128,5790,48737,3,12582912,44,0,0,0
3.90681994199997,1779965181.2580128,5790,48738,4,12582912,47,0,0,0
3.90681994199997,1779965181.2580128,5790,48739,5,12582912,54,0,0,0
3.90681994199997,1779965181.2580128,5790,48740,6,12582912,53,0,0,0
3.90681994199997,1779965181.2580128,5790,48741,7,12582912,39,0,0,0
3.9296820600000046,1779965181.2808747,5791,48742,0,12582912,29,0,0,0
3.9296820600000046,1779965181.2808747,5791,48743,1,12582912,38,0,0,0
3.9296820600000046,1779965181.2808747,5791,48744,2,12582912,52,0,0,0
3.9296820600000046,1779965181.2808747,5791,48745,3,12582912,57,0,0,0
3.9296820600000046,1779965181.2808747,5791,48746,4,12582912,43,0,0,0
3.9296820600000046,1779965181.2808747,5791,48747,5,12582912,28,0,0,0
3.9296820600000046,1779965181.2808747,5791,48748,6,12582912,33,0,0,0
3.9296820600000046,1779965181.2808747,5791,48749,7,12582912,47,0,0,0
3.9525764189999677,1779965181.3037689,5792,48750,0,12582912,49,0,0,0
3.9525764189999677,1779965181.3037689,5792,48751,1,12582912,34,0,0,0
3.9525764189999677,1779965181.3037689,5792,48752,2,12582912,21,0,0,0
3.9525764189999677,1779965181.3037689,5792,48753,3,12582912,27,0,0,0
3.9525764189999677,1779965181.3037689,5792,48754,4,12582912,41,0,0,0
3.9525764189999677,1779965181.3037689,5792,48755,5,12582912,53,0,0,0
3.9525764189999677,1779965181.3037689,5792,48756,6,12582912,48,0,0,0
3.9525764189999677,1779965181.3037689,5792,48757,7,12582912,31,0,0,0
3.998168415000009,1779965181.349361,5793,48758,0,12582912,28,0,0,0
3.998168415000009,1779965181.349361,5793,48759,1,12582912,42,0,0,0
3.998168415000009,1779965181.349361,5793,48760,2,12582912,54,0,0,0
3.998168415000009,1779965181.349361,5793,48761,3,12582912,41,0,0,0
3.998168415000009,1779965181.349361,5793,48762,4,12582912,22,0,0,0
3.998168415000009,1779965181.349361,5793,48763,5,12582912,22,0,0,0
3.998168415000009,1779965181.349361,5793,48764,6,12582912,35,0,0,0
3.998168415000009,1779965181.349361,5793,48765,7,12582912,45,0,0,0
4.064899651000019,1779965181.4160912,5794,48766,0,12582912,38,0,0,0
4.064899651000019,1779965181.4160912,5794,48767,1,12582912,32,0,0,0
4.064899651000019,1779965181.4160912,5794,48768,2,12582912,47,0,0,0
4.064899651000019,1779965181.4160912,5794,48769,3,12582912,60,0,0,0
4.064899651000019,1779965181.4160912,5794,48770,4,12582912,51,0,0,0
4.064899651000019,1779965181.4160912,5794,48771,5,12582912,30,0,0,0
4.064899651000019,1779965181.4160912,5794,48772,6,12582912,21,0,0,0
4.064899651000019,1779965181.4160912,5794,48773,7,12582912,35,0,0,0
4.075165622999975,1779965181.4263587,5795,48774,0,12582912,52,0,0,0
4.075165622999975,1779965181.4263587,5795,48775,1,12582912,55,0,0,0
4.075165622999975,1779965181.4263587,5795,48776,2,12582912,45,0,0,0
4.075165622999975,1779965181.4263587,5795,48777,3,12582912,34,0,0,0
4.075165622999975,1779965181.4263587,5795,48778,4,12582912,40,0,0,0
4.075165622999975,1779965181.4263587,5795,48779,5,12582912,53,0,0,0
4.075165622999975,1779965181.4263587,5795,48780,6,12582912,57,0,0,0
4.075165622999975,1779965181.4263587,5795,48781,7,12582912,45,0,0,0
4.076805168000021,1779965181.4279969,5796,48782,0,12582912,38,0,0,0
4.076805168000021,1779965181.4279969,5796,48783,1,12582912,52,0,0,0
4.076805168000021,1779965181.4279969,5796,48784,2,12582912,64,0,0,0
4.076805168000021,1779965181.4279969,5796,48785,3,12582912,58,0,0,0
4.076805168000021,1779965181.4279969,5796,48786,4,12582912,40,0,0,0
4.076805168000021,1779965181.4279969,5796,48787,5,12582912,25,0,0,0
4.076805168000021,1779965181.4279969,5796,48788,6,12582912,29,0,0,0
4.076805168000021,1779965181.4279969,5796,48789,7,12582912,37,0,0,0
4.100478126999974,1779965181.4516706,5797,48790,0,12582912,39,0,0,0
4.100478126999974,1779965181.4516706,5797,48791,1,12582912,32,0,0,0
4.100478126999974,1779965181.4516706,5797,48792,2,12582912,24,0,0,0
4.100478126999974,1779965181.4516706,5797,48793,3,12582912,29,0,0,0
4.100478126999974,1779965181.4516706,5797,48794,4,12582912,40,0,0,0
4.100478126999974,1779965181.4516706,5797,48795,5,12582912,49,0,0,0
4.100478126999974,1779965181.4516706,5797,48796,6,12582912,43,0,0,0
4.100478126999974,1779965181.4516706,5797,48797,7,12582912,31,0,0,0
4.153095389999976,1779965181.5042877,5798,48798,0,12582912,34,0,0,0
4.153095389999976,1779965181.5042877,5798,48799,1,12582912,47,0,0,0
4.153095389999976,1779965181.5042877,5798,48800,2,12582912,55,0,0,0
4.153095389999976,1779965181.5042877,5798,48801,3,12582912,46,0,0,0
4.153095389999976,1779965181.5042877,5798,48802,4,12582912,27,0,0,0
4.153095389999976,1779965181.5042877,5798,48803,5,12582912,24,0,0,0
4.153095389999976,1779965181.5042877,5798,48804,6,12582912,34,0,0,0
4.153095389999976,1779965181.5042877,5798,48805,7,12582912,36,0,0,0
4.175926988000015,1779965181.5271192,5799,48806,0,12582912,27,0,0,0
4.175926988000015,1779965181.5271192,5799,48807,1,12582912,22,0,0,0
4.175926988000015,1779965181.5271192,5799,48808,2,12582912,37,0,0,0
4.175926988000015,1779965181.5271192,5799,48809,3,12582912,55,0,0,0
4.175926988000015,1779965181.5271192,5799,48810,4,12582912,58,0,0,0
4.175926988000015,1779965181.5271192,5799,48811,5,12582912,43,0,0,0
4.175926988000015,1779965181.5271192,5799,48812,6,12582912,29,0,0,0
4.175926988000015,1779965181.5271192,5799,48813,7,12582912,33,0,0,0
4.1988411379999775,1779965181.5500336,5800,48814,0,12582912,47,0,0,0
4.1988411379999775,1779965181.5500336,5800,48815,1,12582912,54,0,0,0
4.1988411379999775,1779965181.5500336,5800,48816,2,12582912,42,0,0,0
4.1988411379999775,1779965181.5500336,5800,48817,3,12582912,28,0,0,0
4.1988411379999775,1779965181.5500336,5800,48818,4,12582912,27,0,0,0
4.1988411379999775,1779965181.5500336,5800,48819,5,12582912,31,0,0,0
4.1988411379999775,1779965181.5500336,5800,48820,6,12582912,36,0,0,0
4.1988411379999775,1779965181.5500336,5800,48821,7,12582912,34,0,0,0
4.237898549000022,1779965181.5890908,5801,48822,0,12582912,25,0,0,0
4.237898549000022,1779965181.5890908,5801,48823,1,12582912,32,0,0,0
4.237898549000022,1779965181.5890908,5801,48824,2,12582912,51,0,0,0
4.237898549000022,1779965181.5890908,5801,48825,3,12582912,61,0,0,0
4.237898549000022,1779965181.5890908,5801,48826,4,12582912,51,0,0,0
4.237898549000022,1779965181.5890908,5801,48827,5,12582912,39,0,0,0
4.237898549000022,1779965181.5890908,5801,48828,6,12582912,39,0,0,0
4.237898549000022,1779965181.5890908,5801,48829,7,12582912,40,0,0,0
4.260751969000012,1779965181.6119444,5802,48830,0,12582912,33,0,0,0
4.260751969000012,1779965181.6119444,5802,48831,1,12582912,24,0,0,0
4.260751969000012,1779965181.6119444,5802,48832,2,12582912,25,0,0,0
4.260751969000012,1779965181.6119444,5802,48833,3,12582912,40,0,0,0
4.260751969000012,1779965181.6119444,5802,48834,4,12582912,54,0,0,0
4.260751969000012,1779965181.6119444,5802,48835,5,12582912,55,0,0,0
4.260751969000012,1779965181.6119444,5802,48836,6,12582912,40,0,0,0
4.260751969000012,1779965181.6119444,5802,48837,7,12582912,28,0,0,0
4.30470988999997,1779965181.6559024,5803,48838,0,12582912,34,0,0,0
4.30470988999997,1779965181.6559024,5803,48839,1,12582912,47,0,0,0
4.30470988999997,1779965181.6559024,5803,48840,2,12582912,56,0,0,0
4.30470988999997,1779965181.6559024,5803,48841,3,12582912,53,0,0,0
4.30470988999997,1779965181.6559024,5803,48842,4,12582912,40,0,0,0
4.30470988999997,1779965181.6559024,5803,48843,5,12582912,34,0,0,0
4.30470988999997,1779965181.6559024,5803,48844,6,12582912,42,0,0,0
4.30470988999997,1779965181.6559024,5803,48845,7,12582912,51,0,0,0
4.327493414000003,1779965181.678686,5804,48846,0,12582912,48,0,0,0
4.327493414000003,1779965181.678686,5804,48847,1,12582912,39,0,0,0
4.327493414000003,1779965181.678686,5804,48848,2,12582912,40,0,0,0
4.327493414000003,1779965181.678686,5804,48849,3,12582912,43,0,0,0
4.327493414000003,1779965181.678686,5804,48850,4,12582912,40,0,0,0
4.327493414000003,1779965181.678686,5804,48851,5,12582912,33,0,0,0
4.327493414000003,1779965181.678686,5804,48852,6,12582912,27,0,0,0
4.327493414000003,1779965181.678686,5804,48853,7,12582912,32,0,0,0
4.371504408000021,1779965181.7226968,5805,48854,0,12582912,48,0,0,0
4.371504408000021,1779965181.7226968,5805,48855,1,12582912,56,0,0,0
4.371504408000021,1779965181.7226968,5805,48856,2,12582912,41,0,0,0
4.371504408000021,1779965181.7226968,5805,48857,3,12582912,20,0,0,0
4.371504408000021,1779965181.7226968,5805,48858,4,12582912,21,0,0,0
4.371504408000021,1779965181.7226968,5805,48859,5,12582912,39,0,0,0
4.371504408000021,1779965181.7226968,5805,48860,6,12582912,55,0,0,0
4.371504408000021,1779965181.7226968,5805,48861,7,12582912,52,0,0,0
4.460335672999975,1779965181.8115292,5806,48862,0,12582912,37,0,0,0
4.460335672999975,1779965181.8115292,5806,48863,1,12582912,34,0,0,0
4.460335672999975,1779965181.8115292,5806,48864,2,12582912,40,0,0,0
4.460335672999975,1779965181.8115292,5806,48865,3,12582912,41,0,0,0
4.460335672999975,1779965181.8115292,5806,48866,4,12582912,31,0,0,0
4.460335672999975,1779965181.8115292,5806,48867,5,12582912,18,0,0,0
4.460335672999975,1779965181.8115292,5806,48868,6,12582912,24,0,0,0
4.460335672999975,1779965181.8115292,5806,48869,7,12582912,48,0,0,0
4.4611665129999665,1779965181.8123572,5807,48870,0,12582912,63,0,0,0
4.4611665129999665,1779965181.8123572,5807,48871,1,12582912,55,0,0,0
4.4611665129999665,1779965181.8123572,5807,48872,2,12582912,37,0,0,0
4.4611665129999665,1779965181.8123572,5807,48873,3,12582912,33,0,0,0
4.4611665129999665,1779965181.8123572,5807,48874,4,12582912,42,0,0,0
4.4611665129999665,1779965181.8123572,5807,48875,5,12582912,49,0,0,0
4.4611665129999665,1779965181.8123572,5807,48876,6,12582912,45,0,0,0
4.4611665129999665,1779965181.8123572,5807,48877,7,12582912,41,0,0,0
4.483591700999966,1779965181.8347843,5808,48878,0,12582912,49,0,0,0
4.483591700999966,1779965181.8347843,5808,48879,1,12582912,60,0,0,0
4.483591700999966,1779965181.8347843,5808,48880,2,12582912,59,0,0,0
4.483591700999966,1779965181.8347843,5808,48881,3,12582912,45,0,0,0
4.483591700999966,1779965181.8347843,5808,48882,4,12582912,36,0,0,0
4.483591700999966,1779965181.8347843,5808,48883,5,12582912,47,0,0,0
4.483591700999966,1779965181.8347843,5808,48884,6,12582912,63,0,0,0
4.483591700999966,1779965181.8347843,5808,48885,7,12582912,61,0,0,0
4.485559998999975,1779965181.8367522,5809,48886,0,12582912,36,0,0,0
4.485559998999975,1779965181.8367522,5809,48887,1,12582912,15,0,0,0
4.485559998999975,1779965181.8367522,5809,48888,2,12582912,21,0,0,0
4.485559998999975,1779965181.8367522,5809,48889,3,12582912,42,0,0,0
4.485559998999975,1779965181.8367522,5809,48890,4,12582912,51,0,0,0
4.485559998999975,1779965181.8367522,5809,48891,5,12582912,39,0,0,0
4.485559998999975,1779965181.8367522,5809,48892,6,12582912,19,0,0,0
4.485559998999975,1779965181.8367522,5809,48893,7,12582912,13,0,0,0
4.529818599000009,1779965181.8810112,5810,48894,0,12582912,22,0,0,0
4.529818599000009,1779965181.8810112,5810,48895,1,12582912,35,0,0,0
4.529818599000009,1779965181.8810112,5810,48896,2,12582912,37,0,0,0
4.529818599000009,1779965181.8810112,5810,48897,3,12582912,33,0,0,0
4.529818599000009,1779965181.8810112,5810,48898,4,12582912,40,0,0,0
4.529818599000009,1779965181.8810112,5810,48899,5,12582912,49,0,0,0
4.529818599000009,1779965181.8810112,5810,48900,6,12582912,44,0,0,0
4.529818599000009,1779965181.8810112,5810,48901,7,12582912,24,0,0,0
4.552666133999992,1779965181.9038584,5811,48902,0,12582912,12,0,0,0
4.552666133999992,1779965181.9038584,5811,48903,1,12582912,28,0,0,0
4.552666133999992,1779965181.9038584,5811,48904,2,12582912,49,0,0,0
4.552666133999992,1779965181.9038584,5811,48905,3,12582912,55,0,0,0
4.552666133999992,1779965181.9038584,5811,48906,4,12582912,40,0,0,0
4.552666133999992,1779965181.9038584,5811,48907,5,12582912,20,0,0,0
4.552666133999992,1779965181.9038584,5811,48908,6,12582912,25,0,0,0
4.552666133999992,1779965181.9038584,5811,48909,7,12582912,51,0,0,0
4.615546920999975,1779965181.9667392,5812,48910,0,12582912,68,0,0,0
4.615546920999975,1779965181.9667392,5812,48911,1,12582912,53,0,0,0
4.615546920999975,1779965181.9667392,5812,48912,2,12582912,21,0,0,0
4.615546920999975,1779965181.9667392,5812,48913,3,12582912,9,0,0,0
4.615546920999975,1779965181.9667392,5812,48914,4,12582912,19,0,0,0
4.615546920999975,1779965181.9667392,5812,48915,5,12582912,31,0,0,0
4.615546920999975,1779965181.9667392,5812,48916,6,12582912,34,0,0,0
4.615546920999975,1779965181.9667392,5812,48917,7,12582912,35,0,0,0
4.622997139999995,1779965181.9741898,5813,48918,0,12582912,43,0,0,0
4.622997139999995,1779965181.9741898,5813,48919,1,12582912,55,0,0,0
4.622997139999995,1779965181.9741898,5813,48920,2,12582912,62,0,0,0
4.622997139999995,1779965181.9741898,5813,48921,3,12582912,56,0,0,0
4.622997139999995,1779965181.9741898,5813,48922,4,12582912,42,0,0,0
4.622997139999995,1779965181.9741898,5813,48923,5,12582912,41,0,0,0
4.622997139999995,1779965181.9741898,5813,48924,6,12582912,55,0,0,0
4.622997139999995,1779965181.9741898,5813,48925,7,12582912,71,0,0,0
4.689457534999974,1779965182.0406492,5814,48926,0,12582912,75,0,0,0
4.689457534999974,1779965182.0406492,5814,48927,1,12582912,70,0,0,0
4.689457534999974,1779965182.0406492,5814,48928,2,12582912,71,0,0,0
4.689457534999974,1779965182.0406492,5814,48929,3,12582912,75,0,0,0
4.689457534999974,1779965182.0406492,5814,48930,4,12582912,73,0,0,0
4.689457534999974,1779965182.0406492,5814,48931,5,12582912,59,0,0,0
4.689457534999974,1779965182.0406492,5814,48932,6,12582912,46,0,0,0
4.689457534999974,1779965182.0406492,5814,48933,7,12582912,49,0,0,0
4.690544315000011,1779965182.041735,5815,48934,0,12582912,63,0,0,0
4.690544315000011,1779965182.041735,5815,48935,1,12582912,73,0,0,0
4.690544315000011,1779965182.041735,5815,48936,2,12582912,75,0,0,0
4.690544315000011,1779965182.041735,5815,48937,3,12582912,72,0,0,0
4.690544315000011,1779965182.041735,5815,48938,4,12582912,70,0,0,0
4.690544315000011,1779965182.041735,5815,48939,5,12582912,65,0,0,0
4.690544315000011,1779965182.041735,5815,48940,6,12582912,62,0,0,0
4.690544315000011,1779965182.041735,5815,48941,7,12582912,59,0,0,0
4.7127750189999915,1779965182.063967,5816,48942,0,12582912,50,0,0,0
4.7127750189999915,1779965182.063967,5816,48943,1,12582912,46,0,0,0
4.7127750189999915,1779965182.063967,5816,48944,2,12582912,57,0,0,0
4.7127750189999915,1779965182.063967,5816,48945,3,12582912,70,0,0,0
4.7127750189999915,1779965182.063967,5816,48946,4,12582912,65,0,0,0
4.7127750189999915,1779965182.063967,5816,48947,5,12582912,47,0,0,0
4.7127750189999915,1779965182.063967,5816,48948,6,12582912,47,0,0,0
4.7127750189999915,1779965182.063967,5816,48949,7,12582912,63,0,0,0
4.756351054999982,1779965182.1075435,5817,48950,0,12582912,69,0,0,0
4.756351054999982,1779965182.1075435,5817,48951,1,12582912,55,0,0,0
4.756351054999982,1779965182.1075435,5817,48952,2,12582912,46,0,0,0
4.756351054999982,1779965182.1075435,5817,48953,3,12582912,55,0,0,0
4.756351054999982,1779965182.1075435,5817,48954,4,12582912,64,0,0,0
4.756351054999982,1779965182.1075435,5817,48955,5,12582912,61,0,0,0
4.756351054999982,1779965182.1075435,5817,48956,6,12582912,48,0,0,0
4.756351054999982,1779965182.1075435,5817,48957,7,12582912,37,0,0,0
4.779147492999982,1779965182.13034,5818,48958,0,12582912,45,0,0,0
4.779147492999982,1779965182.13034,5818,48959,1,12582912,62,0,0,0
4.779147492999982,1779965182.13034,5818,48960,2,12582912,72,0,0,0
4.779147492999982,1779965182.13034,5818,48961,3,12582912,57,0,0,0
4.779147492999982,1779965182.13034,5818,48962,4,12582912,30,0,0,0
4.779147492999982,1779965182.13034,5818,48963,5,12582912,26,0,0,0
4.779147492999982,1779965182.13034,5818,48964,6,12582912,44,0,0,0
4.779147492999982,1779965182.13034,5818,48965,7,12582912,58,0,0,0
4.83103599399999,1779965182.1822286,5819,48966,0,12582912,60,0,0,0
4.83103599399999,1779965182.1822286,5819,48967,1,12582912,58,0,0,0
4.83103599399999,1779965182.1822286,5819,48968,2,12582912,64,0,0,0
4.83103599399999,1779965182.1822286,5819,48969,3,12582912,75,0,0,0
4.83103599399999,1779965182.1822286,5819,48970,4,12582912,77,0,0,0
4.83103599399999,1779965182.1822286,5819,48971,5,12582912,63,0,0,0
4.83103599399999,1779965182.1822286,5819,48972,6,12582912,47,0,0,0
4.83103599399999,1779965182.1822286,5819,48973,7,12582912,45,0,0,0
4.858137518999968,1779965182.2093287,5820,48974,0,12582912,53,0,0,0
4.858137518999968,1779965182.2093287,5820,48975,1,12582912,64,0,0,0
4.858137518999968,1779965182.2093287,5820,48976,2,12582912,66,0,0,0
4.858137518999968,1779965182.2093287,5820,48977,3,12582912,54,0,0,0
4.858137518999968,1779965182.2093287,5820,48978,4,12582912,52,0,0,0
4.858137518999968,1779965182.2093287,5820,48979,5,12582912,60,0,0,0
4.858137518999968,1779965182.2093287,5820,48980,6,12582912,62,0,0,0
4.858137518999968,1779965182.2093287,5820,48981,7,12582912,52,0,0,0
4.930964837999966,1779965182.2821574,5821,48982,0,12582912,42,0,0,0
4.930964837999966,1779965182.2821574,5821,48983,1,12582912,46,0,0,0
4.930964837999966,1779965182.2821574,5821,48984,2,12582912,60,0,0,0
4.930964837999966,1779965182.2821574,5821,48985,3,12582912,67,0,0,0
4.930964837999966,1779965182.2821574,5821,48986,4,12582912,61,0,0,0
4.930964837999966,1779965182.2821574,5821,48987,5,12582912,47,0,0,0
4.930964837999966,1779965182.2821574,5821,48988,6,12582912,39,0,0,0
4.930964837999966,1779965182.2821574,5821,48989,7,12582912,43,0,0,0
4.9325750599999765,1779965182.2837667,5822,48990,0,12582912,52,0,0,0
4.9325750599999765,1779965182.2837667,5822,48991,1,12582912,51,0,0,0
4.9325750599999765,1779965182.2837667,5822,48992,2,12582912,40,0,0,0
4.9325750599999765,1779965182.2837667,5822,48993,3,12582912,41,0,0,0
4.9325750599999765,1779965182.2837667,5822,48994,4,12582912,57,0,0,0
4.9325750599999765,1779965182.2837667,5822,48995,5,12582912,67,0,0,0
4.9325750599999765,1779965182.2837667,5822,48996,6,12582912,57,0,0,0
4.9325750599999765,1779965182.2837667,5822,48997,7,12582912,41,0,0,0
5.001301094999974,1779965182.3524935,5823,48998,0,12582912,47,0,0,0
5.001301094999974,1779965182.3524935,5823,48999,1,12582912,64,0,0,0
5.001301094999974,1779965182.3524935,5823,49000,2,12582912,69,0,0,0
5.001301094999974,1779965182.3524935,5823,49001,3,12582912,212,0,0,0
5.001301094999974,1779965182.3524935,5823,49002,4,12582912,411,0,0,0
5.001301094999974,1779965182.3524935,5823,49003,5,12582912,157,0,0,0
5.001301094999974,1779965182.3524935,5823,49004,6,12582912,-382,0,0,0
5.001301094999974,1779965182.3524935,5823,49005,7,12582912,-425,0,0,0
5.0031299639999816,1779965182.3543217,5824,49006,0,12582912,115,0,0,0
5.0031299639999816,1779965182.3543217,5824,49007,1,12582912,519,0,0,0
5.0031299639999816,1779965182.3543217,5824,49008,2,12582912,279,0,0,0
5.0031299639999816,1779965182.3543217,5824,49009,3,12582912,-230,0,0,0
5.0031299639999816,1779965182.3543217,5824,49010,4,12582912,-317,0,0,0
5.0031299639999816,1779965182.3543217,5824,49011,5,12582912,87,0,0,0
5.0031299639999816,1779965182.3543217,5824,49012,6,12582912,399,0,0,0
5.0031299639999816,1779965182.3543217,5824,49013,7,12582912,212,0,0,0
5.004611226000009,1779965182.3558025,5825,49014,0,12582912,-182,0,0,0
5.004611226000009,1779965182.3558025,5825,49015,1,12582912,-249,0,0,0
5.004611226000009,1779965182.3558025,5825,49016,2,12582912,68,0,0,0
5.004611226000009,1779965182.3558025,5825,49017,3,12582912,321,0,0,0
5.004611226000009,1779965182.3558025,5825,49018,4,12582912,183,0,0,0
5.004611226000009,1779965182.3558025,5825,49019,5,12582912,-125,0,0,0
5.004611226000009,1779965182.3558025,5825,49020,6,12582912,-180,0,0,0
5.004611226000009,1779965182.3558025,5825,49021,7,12582912,61,0,0,0
5.04871460999999,1779965182.399907,5826,49022,0,12582912,244,0,0,0
5.04871460999999,1779965182.399907,5826,49023,1,12582912,131,0,0,0
5.04871460999999,1779965182.399907,5826,49024,2,12582912,-94,0,0,0
5.04871460999999,1779965182.399907,5826,49025,3,12582912,-116,0,0,0
5.04871460999999,1779965182.399907,5826,49026,4,12582912,80,0,0,0
5.04871460999999,1779965182.399907,5826,49027,5,12582912,227,0,0,0
5.04871460999999,1779965182.399907,5826,49028,6,12582912,142,0,0,0
5.04871460999999,1779965182.399907,5826,49029,7,12582912,-42,0,0,0
5.071515058999978,1779965182.422707,5827,49030,0,12582912,-79,0,0,0
5.071515058999978,1779965182.422707,5827,49031,1,12582912,54,0,0,0
5.071515058999978,1779965182.422707,5827,49032,2,12582912,161,0,0,0
5.071515058999978,1779965182.422707,5827,49033,3,12582912,101,0,0,0
5.071515058999978,1779965182.422707,5827,49034,4,12582912,-27,0,0,0
5.071515058999978,1779965182.422707,5827,49035,5,12582912,-47,0,0,0
5.071515058999978,1779965182.422707,5827,49036,6,12582912,58,0,0,0
5.071515058999978,1779965182.422707,5827,49037,7,12582912,142,0,0,0
5.110258919999978,1779965182.4614513,5828,49038,0,12582912,98,0,0,0
5.110258919999978,1779965182.4614513,5828,49039,1,12582912,-5,0,0,0
5.110258919999978,1779965182.4614513,5828,49040,2,12582912,-27,0,0,0
5.110258919999978,1779965182.4614513,5828,49041,3,12582912,51,0,0,0
5.110258919999978,1779965182.4614513,5828,49042,4,12582912,121,0,0,0
5.110258919999978,1779965182.4614513,5828,49043,5,12582912,91,0,0,0
5.110258919999978,1779965182.4614513,5828,49044,6,12582912,10,0,0,0
5.110258919999978,1779965182.4614513,5828,49045,7,12582912,-14,0,0,0
5.133114263999971,1779965182.4843066,5829,49046,0,12582912,46,0,0,0
5.133114263999971,1779965182.4843066,5829,49047,1,12582912,109,0,0,0
5.133114263999971,1779965182.4843066,5829,49048,2,12582912,97,0,0,0
5.133114263999971,1779965182.4843066,5829,49049,3,12582912,43,0,0,0
5.133114263999971,1779965182.4843066,5829,49050,4,12582912,28,0,0,0
5.133114263999971,1779965182.4843066,5829,49051,5,12582912,67,0,0,0
5.133114263999971,1779965182.4843066,5829,49052,6,12582912,107,0,0,0
5.133114263999971,1779965182.4843066,5829,49053,7,12582912,94,0,0,0
5.195872228999974,1779965182.5470645,5830,49054,0,12582912,49,0,0,0
5.195872228999974,1779965182.5470645,5830,49055,1,12582912,37,0,0,0
5.195872228999974,1779965182.5470645,5830,49056,2,12582912,66,0,0,0
5.195872228999974,1779965182.5470645,5830,49057,3,12582912,87,0,0,0
5.195872228999974,1779965182.5470645,5830,49058,4,12582912,69,0,0,0
5.195872228999974,1779965182.5470645,5830,49059,5,12582912,42,0,0,0
5.195872228999974,1779965182.5470645,5830,49060,6,12582912,45,0,0,0
5.195872228999974,1779965182.5470645,5830,49061,7,12582912,69,0,0,0
5.197465314999988,1779965182.5486572,5831,49062,0,12582912,84,0,0,0
5.197465314999988,1779965182.5486572,5831,49063,1,12582912,74,0,0,0
5.197465314999988,1779965182.5486572,5831,49064,2,12582912,50,0,0,0
5.197465314999988,1779965182.5486572,5831,49065,3,12582912,41,0,0,0
5.197465314999988,1779965182.5486572,5831,49066,4,12582912,56,0,0,0
5.197465314999988,1779965182.5486572,5831,49067,5,12582912,75,0,0,0
5.197465314999988,1779965182.5486572,5831,49068,6,12582912,73,0,0,0
5.197465314999988,1779965182.5486572,5831,49069,7,12582912,58,0,0,0
5.250605649000022,1779965182.6017976,5832,49070,0,12582912,50,0,0,0
5.250605649000022,1779965182.6017976,5832,49071,1,12582912,54,0,0,0
5.250605649000022,1779965182.6017976,5832,49072,2,12582912,65,0,0,0
5.250605649000022,1779965182.6017976,5832,49073,3,12582912,69,0,0,0
5.250605649000022,1779965182.6017976,5832,49074,4,12582912,62,0,0,0
5.250605649000022,1779965182.6017976,5832,49075,5,12582912,54,0,0,0
5.250605649000022,1779965182.6017976,5832,49076,6,12582912,56,0,0,0
5.250605649000022,1779965182.6017976,5832,49077,7,12582912,69,0,0,0
5.272825780000005,1779965182.6240172,5833,49078,0,12582912,71,0,0,0
5.272825780000005,1779965182.6240172,5833,49079,1,12582912,55,0,0,0
5.272825780000005,1779965182.6240172,5833,49080,2,12582912,42,0,0,0
5.272825780000005,1779965182.6240172,5833,49081,3,12582912,46,0,0,0
5.272825780000005,1779965182.6240172,5833,49082,4,12582912,65,0,0,0
5.272825780000005,1779965182.6240172,5833,49083,5,12582912,82,0,0,0
5.272825780000005,1779965182.6240172,5833,49084,6,12582912,87,0,0,0
5.272825780000005,1779965182.6240172,5833,49085,7,12582912,79,0,0,0
5.302436909999983,1779965182.6536283,5834,49086,0,12582912,64,0,0,0
5.302436909999983,1779965182.6536283,5834,49087,1,12582912,58,0,0,0
5.302436909999983,1779965182.6536283,5834,49088,2,12582912,58,0,0,0
5.302436909999983,1779965182.6536283,5834,49089,3,12582912,57,0,0,0
5.302436909999983,1779965182.6536283,5834,49090,4,12582912,55,0,0,0
5.302436909999983,1779965182.6536283,5834,49091,5,12582912,52,0,0,0
5.302436909999983,1779965182.6536283,5834,49092,6,12582912,49,0,0,0
5.302436909999983,1779965182.6536283,5834,49093,7,12582912,46,0,0,0
5.324252870999999,1779965182.6754448,5835,49094,0,12582912,50,0,0,0
5.324252870999999,1779965182.6754448,5835,49095,1,12582912,58,0,0,0
5.324252870999999,1779965182.6754448,5835,49096,2,12582912,61,0,0,0
5.324252870999999,1779965182.6754448,5835,49097,3,12582912,64,0,0,0
5.324252870999999,1779965182.6754448,5835,49098,4,12582912,65,0,0,0
5.324252870999999,1779965182.6754448,5835,49099,5,12582912,59,0,0,0
5.324252870999999,1779965182.6754448,5835,49100,6,12582912,56,0,0,0
5.324252870999999,1779965182.6754448,5835,49101,7,12582912,55,0,0,0
5.367042963000017,1779965182.7182348,5836,49102,0,12582912,52,0,0,0
5.367042963000017,1779965182.7182348,5836,49103,1,12582912,49,0,0,0
5.367042963000017,1779965182.7182348,5836,49104,2,12582912,49,0,0,0
5.367042963000017,1779965182.7182348,5836,49105,3,12582912,45,0,0,0
5.367042963000017,1779965182.7182348,5836,49106,4,12582912,33,0,0,0
5.367042963000017,1779965182.7182348,5836,49107,5,12582912,27,0,0,0
5.367042963000017,1779965182.7182348,5836,49108,6,12582912,31,0,0,0
5.367042963000017,1779965182.7182348,5836,49109,7,12582912,42,0,0,0
5.38968752400001,1779965182.7408798,5837,49110,0,12582912,50,0,0,0
5.38968752400001,1779965182.7408798,5837,49111,1,12582912,46,0,0,0
5.38968752400001,1779965182.7408798,5837,49112,2,12582912,42,0,0,0
5.38968752400001,1779965182.7408798,5837,49113,3,12582912,46,0,0,0
5.38968752400001,1779965182.7408798,5837,49114,4,12582912,50,0,0,0
5.38968752400001,1779965182.7408798,5837,49115,5,12582912,43,0,0,0
5.38968752400001,1779965182.7408798,5837,49116,6,12582912,31,0,0,0
5.38968752400001,1779965182.7408798,5837,49117,7,12582912,33,0,0,0
5.443349841999975,1779965182.794542,5838,49118,0,12582912,45,0,0,0
5.443349841999975,1779965182.794542,5838,49119,1,12582912,57,0,0,0
5.443349841999975,1779965182.794542,5838,49120,2,12582912,58,0,0,0
5.443349841999975,1779965182.794542,5838,49121,3,12582912,46,0,0,0
5.443349841999975,1779965182.794542,5838,49122,4,12582912,42,0,0,0
5.443349841999975,1779965182.794542,5838,49123,5,12582912,50,0,0,0
5.443349841999975,1779965182.794542,5838,49124,6,12582912,60,0,0,0
5.443349841999975,1779965182.794542,5838,49125,7,12582912,58,0,0,0
5.466308155999968,1779965182.8175008,5839,49126,0,12582912,36,0,0,0
5.466308155999968,1779965182.8175008,5839,49127,1,12582912,12,0,0,0
5.466308155999968,1779965182.8175008,5839,49128,2,12582912,3,0,0,0
5.466308155999968,1779965182.8175008,5839,49129,3,12582912,5,0,0,0
5.466308155999968,1779965182.8175008,5839,49130,4,12582912,2,0,0,0
5.466308155999968,1779965182.8175008,5839,49131,5,12582912,-3,0,0,0
5.466308155999968,1779965182.8175008,5839,49132,6,12582912,7,0,0,0
5.466308155999968,1779965182.8175008,5839,49133,7,12582912,29,0,0,0
5.4892620429999965,1779965182.8404543,5840,49134,0,12582912,46,0,0,0
5.4892620429999965,1779965182.8404543,5840,49135,1,12582912,44,0,0,0
5.4892620429999965,1779965182.8404543,5840,49136,2,12582912,28,0,0,0
5.4892620429999965,1779965182.8404543,5840,49137,3,12582912,19,0,0,0
5.4892620429999965,1779965182.8404543,5840,49138,4,12582912,21,0,0,0
5.4892620429999965,1779965182.8404543,5840,49139,5,12582912,29,0,0,0
5.4892620429999965,1779965182.8404543,5840,49140,6,12582912,29,0,0,0
5.4892620429999965,1779965182.8404543,5840,49141,7,12582912,11,0,0,0
5.527820382000016,1779965182.8790126,5841,49142,0,12582912,-4,0,0,0
5.527820382000016,1779965182.8790126,5841,49143,1,12582912,5,0,0,0
5.527820382000016,1779965182.8790126,5841,49144,2,12582912,29,0,0,0
5.527820382000016,1779965182.8790126,5841,49145,3,12582912,43,0,0,0
5.527820382000016,1779965182.8790126,5841,49146,4,12582912,38,0,0,0
5.527820382000016,1779965182.8790126,5841,49147,5,12582912,31,0,0,0
5.527820382000016,1779965182.8790126,5841,49148,6,12582912,30,0,0,0
5.527820382000016,1779965182.8790126,5841,49149,7,12582912,30,0,0,0
5.7503974109999945,1779965183.1015897,5842,49150,0,12582912,27,0,0,0
5.7503974109999945,1779965183.1015897,5842,49151,1,12582912,16,0,0,0
5.7503974109999945,1779965183.1015897,5842,49152,2,12582912,8,0,0,0
5.7503974109999945,1779965183.1015897,5842,49153,3,12582912,18,0,0,0
5.7503974109999945,1779965183.1015897,5842,49154,4,12582912,37,0,0,0
5.7503974109999945,1779965183.1015897,5842,49155,5,12582912,44,0,0,0
5.7503974109999945,1779965183.1015897,5842,49156,6,12582912,24,0,0,0
5.7503974109999945,1779965183.1015897,5842,49157,7,12582912,-151,0,0,0
5.773292388000016,1779965183.1244855,5843,49158,0,12582912,-474,0,0,0
5.773292388000016,1779965183.1244855,5843,49159,1,12582912,-463,0,0,0
5.773292388000016,1779965183.1244855,5843,49160,2,12582912,80,0,0,0
5.773292388000016,1779965183.1244855,5843,49161,3,12582912,543,0,0,0
5.773292388000016,1779965183.1244855,5843,49162,4,12582912,361,0,0,0
5.773292388000016,1779965183.1244855,5843,49163,5,12582912,-174,0,0,0
5.773292388000016,1779965183.1244855,5843,49164,6,12582912,-344,0,0,0
5.773292388000016,1779965183.1244855,5843,49165,7,12582912,23,0,0,0
5.796118510999975,1779965183.1473112,5844,49166,0,12582912,389,0,0,0
5.796118510999975,1779965183.1473112,5844,49167,1,12582912,274,0,0,0
5.796118510999975,1779965183.1473112,5844,49168,2,12582912,-118,0,0,0
5.796118510999975,1779965183.1473112,5844,49169,3,12582912,-238,0,0,0
5.796118510999975,1779965183.1473112,5844,49170,4,12582912,45,0,0,0
5.796118510999975,1779965183.1473112,5844,49171,5,12582912,325,0,0,0
5.796118510999975,1779965183.1473112,5844,49172,6,12582912,231,0,0,0
5.796118510999975,1779965183.1473112,5844,49173,7,12582912,-79,0,0,0
5.842356280999979,1779965183.1935475,5845,49174,0,12582912,-180,0,0,0
5.842356280999979,1779965183.1935475,5845,49175,1,12582912,35,0,0,0
5.842356280999979,1779965183.1935475,5845,49176,2,12582912,249,0,0,0
5.842356280999979,1779965183.1935475,5845,49177,3,12582912,173,0,0,0
5.842356280999979,1779965183.1935475,5845,49178,4,12582912,-64,0,0,0
5.842356280999979,1779965183.1935475,5845,49179,5,12582912,-131,0,0,0
5.842356280999979,1779965183.1935475,5845,49180,6,12582912,36,0,0,0
5.842356280999979,1779965183.1935475,5845,49181,7,12582912,186,0,0,0
5.894254149999995,1779965183.2454464,5846,49182,0,12582912,120,0,0,0
5.894254149999995,1779965183.2454464,5846,49183,1,12582912,-56,0,0,0
5.894254149999995,1779965183.2454464,5846,49184,2,12582912,-98,0,0,0
5.894254149999995,1779965183.2454464,5846,49185,3,12582912,38,0,0,0
5.894254149999995,1779965183.2454464,5846,49186,4,12582912,161,0,0,0
5.894254149999995,1779965183.2454464,5846,49187,5,12582912,107,0,0,0
5.894254149999995,1779965183.2454464,5846,49188,6,12582912,-39,0,0,0
5.894254149999995,1779965183.2454464,5846,49189,7,12582912,-79,0,0,0
5.89576952699997,1779965183.2469609,5847,49190,0,12582912,24,0,0,0
5.89576952699997,1779965183.2469609,5847,49191,1,12582912,123,0,0,0
5.89576952699997,1779965183.2469609,5847,49192,2,12582912,89,0,0,0
5.89576952699997,1779965183.2469609,5847,49193,3,12582912,-18,0,0,0
5.89576952699997,1779965183.2469609,5847,49194,4,12582912,-50,0,0,0
5.89576952699997,1779965183.2469609,5847,49195,5,12582912,27,0,0,0
5.89576952699997,1779965183.2469609,5847,49196,6,12582912,110,0,0,0
5.89576952699997,1779965183.2469609,5847,49197,7,12582912,90,0,0,0
5.918563305000021,1779965183.2697556,5848,49198,0,12582912,4,0,0,0
5.918563305000021,1779965183.2697556,5848,49199,1,12582912,-33,0,0,0
5.918563305000021,1779965183.2697556,5848,49200,2,12582912,13,0,0,0
5.918563305000021,1779965183.2697556,5848,49201,3,12582912,69,0,0,0
5.918563305000021,1779965183.2697556,5848,49202,4,12582912,53,0,0,0
5.918563305000021,1779965183.2697556,5848,49203,5,12582912,-6,0,0,0
5.918563305000021,1779965183.2697556,5848,49204,6,12582912,-19,0,0,0
5.918563305000021,1779965183.2697556,5848,49205,7,12582912,33,0,0,0
5.957154919999994,1779965183.3083477,5849,49206,0,12582912,87,0,0,0
5.957154919999994,1779965183.3083477,5849,49207,1,12582912,81,0,0,0
5.957154919999994,1779965183.3083477,5849,49208,2,12582912,36,0,0,0
5.957154919999994,1779965183.3083477,5849,49209,3,12582912,14,0,0,0
5.957154919999994,1779965183.3083477,5849,49210,4,12582912,35,0,0,0
5.957154919999994,1779965183.3083477,5849,49211,5,12582912,66,0,0,0
5.957154919999994,1779965183.3083477,5849,49212,6,12582912,66,0,0,0
5.957154919999994,1779965183.3083477,5849,49213,7,12582912,40,0,0,0
6.001169651999987,1779965183.3523622,5850,49214,0,12582912,25,0,0,0
6.001169651999987,1779965183.3523622,5850,49215,1,12582912,35,0,0,0
6.001169651999987,1779965183.3523622,5850,49216,2,12582912,50,0,0,0
6.001169651999987,1779965183.3523622,5850,49217,3,12582912,46,0,0,0
6.001169651999987,1779965183.3523622,5850,49218,4,12582912,29,0,0,0
6.001169651999987,1779965183.3523622,5850,49219,5,12582912,23,0,0,0
6.001169651999987,1779965183.3523622,5850,49220,6,12582912,41,0,0,0
6.001169651999987,1779965183.3523622,5850,49221,7,12582912,67,0,0,0
6.023986398999966,1779965183.3751788,5851,49222,0,12582912,70,0,0,0
6.023986398999966,1779965183.3751788,5851,49223,1,12582912,45,0,0,0
6.023986398999966,1779965183.3751788,5851,49224,2,12582912,23,0,0,0
6.023986398999966,1779965183.3751788,5851,49225,3,12582912,23,0,0,0
6.023986398999966,1779965183.3751788,5851,49226,4,12582912,40,0,0,0
6.023986398999966,1779965183.3751788,5851,49227,5,12582912,51,0,0,0
6.023986398999966,1779965183.3751788,5851,49228,6,12582912,47,0,0,0
6.023986398999966,1779965183.3751788,5851,49229,7,12582912,40,0,0,0
6.061345452000012,1779965183.4125378,5852,49230,0,12582912,39,0,0,0
6.061345452000012,1779965183.4125378,5852,49231,1,12582912,46,0,0,0
6.061345452000012,1779965183.4125378,5852,49232,2,12582912,47,0,0,0
6.061345452000012,1779965183.4125378,5852,49233,3,12582912,41,0,0,0
6.061345452000012,1779965183.4125378,5852,49234,4,12582912,36,0,0,0
6.061345452000012,1779965183.4125378,5852,49235,5,12582912,33,0,0,0
6.061345452000012,1779965183.4125378,5852,49236,6,12582912,35,0,0,0
6.061345452000012,1779965183.4125378,5852,49237,7,12582912,34,0,0,0
6.083169534999968,1779965183.4343615,5853,49238,0,12582912,29,0,0,0
6.083169534999968,1779965183.4343615,5853,49239,1,12582912,30,0,0,0
6.083169534999968,1779965183.4343615,5853,49240,2,12582912,39,0,0,0
6.083169534999968,1779965183.4343615,5853,49241,3,12582912,54,0,0,0
6.083169534999968,1779965183.4343615,5853,49242,4,12582912,58,0,0,0
6.083169534999968,1779965183.4343615,5853,49243,5,12582912,51,0,0,0
6.083169534999968,1779965183.4343615,5853,49244,6,12582912,41,0,0,0
6.083169534999968,1779965183.4343615,5853,49245,7,12582912,34,0,0,0
6.1215058880000015,1779965183.4726973,5854,49246,0,12582912,36,0,0,0
6.1215058880000015,1779965183.4726973,5854,49247,1,12582912,39,0,0,0
6.1215058880000015,1779965183.4726973,5854,49248,2,12582912,37,0,0,0
6.1215058880000015,1779965183.4726973,5854,49249,3,12582912,35,0,0,0
6.1215058880000015,1779965183.4726973,5854,49250,4,12582912,37,0,0,0
6.1215058880000015,1779965183.4726973,5854,49251,5,12582912,45,0,0,0
6.1215058880000015,1779965183.4726973,5854,49252,6,12582912,50,0,0,0
6.1215058880000015,1779965183.4726973,5854,49253,7,12582912,49,0,0,0
6.154973971000004,1779965183.506166,5855,49254,0,12582912,42,0,0,0
6.154973971000004,1779965183.506166,5855,49255,1,12582912,35,0,0,0
6.154973971000004,1779965183.506166,5855,49256,2,12582912,37,0,0,0
6.154973971000004,1779965183.506166,5855,49257,3,12582912,44,0,0,0
6.154973971000004,1779965183.506166,5855,49258,4,12582912,47,0,0,0
6.154973971000004,1779965183.506166,5855,49259,5,12582912,51,0,0,0
6.154973971000004,1779965183.506166,5855,49260,6,12582912,47,0,0,0
6.154973971000004,1779965183.506166,5855,49261,7,12582912,40,0,0,0
6.177149724000003,1779965183.5283415,5856,49262,0,12582912,33,0,0,0
6.177149724000003,1779965183.5283415,5856,49263,1,12582912,32,0,0,0
6.177149724000003,1779965183.5283415,5856,49264,2,12582912,39,0,0,0
6.177149724000003,1779965183.5283415,5856,49265,3,12582912,40,0,0,0
6.177149724000003,1779965183.5283415,5856,49266,4,12582912,41,0,0,0
6.177149724000003,1779965183.5283415,5856,49267,5,12582912,47,0,0,0
6.177149724000003,1779965183.5283415,5856,49268,6,12582912,55,0,0,0
6.177149724000003,1779965183.5283415,5856,49269,7,12582912,51,0,0,0
6.207753929999967,1779965183.5589464,5857,49270,0,12582912,36,0,0,0
6.207753929999967,1779965183.5589464,5857,49271,1,12582912,32,0,0,0
6.207753929999967,1779965183.5589464,5857,49272,2,12582912,42,0,0,0
6.207753929999967,1779965183.5589464,5857,49273,3,12582912,50,0,0,0
6.207753929999967,1779965183.5589464,5857,49274,4,12582912,47,0,0,0
6.207753929999967,1779965183.5589464,5857,49275,5,12582912,31,0,0,0
6.207753929999967,1779965183.5589464,5857,49276,6,12582912,25,0,0,0
6.207753929999967,1779965183.5589464,5857,49277,7,12582912,36,0,0,0
6.244480166000017,1779965183.5956726,5858,49278,0,12582912,43,0,0,0
6.244480166000017,1779965183.5956726,5858,49279,1,12582912,35,0,0,0
6.244480166000017,1779965183.5956726,5858,49280,2,12582912,26,0,0,0
6.244480166000017,1779965183.5956726,5858,49281,3,12582912,36,0,0,0
6.244480166000017,1779965183.5956726,5858,49282,4,12582912,55,0,0,0
6.244480166000017,1779965183.5956726,5858,49283,5,12582912,64,0,0,0
6.244480166000017,1779965183.5956726,5858,49284,6,12582912,57,0,0,0
6.244480166000017,1779965183.5956726,5858,49285,7,12582912,40,0,0,0
6.28852515799997,1779965183.6397176,5859,49286,0,12582912,30,0,0,0
6.28852515799997,1779965183.6397176,5859,49287,1,12582912,32,0,0,0
6.28852515799997,1779965183.6397176,5859,49288,2,12582912,44,0,0,0
6.28852515799997,1779965183.6397176,5859,49289,3,12582912,51,0,0,0
6.28852515799997,1779965183.6397176,5859,49290,4,12582912,43,0,0,0
6.28852515799997,1779965183.6397176,5859,49291,5,12582912,32,0,0,0
6.28852515799997,1779965183.6397176,5859,49292,6,12582912,37,0,0,0
6.28852515799997,1779965183.6397176,5859,49293,7,12582912,52,0,0,0
6.3113170620000005,1779965183.6625104,5860,49294,0,12582912,61,0,0,0
6.3113170620000005,1779965183.6625104,5860,49295,1,12582912,60,0,0,0
6.3113170620000005,1779965183.6625104,5860,49296,2,12582912,57,0,0,0
6.3113170620000005,1779965183.6625104,5860,49297,3,12582912,54,0,0,0
6.3113170620000005,1779965183.6625104,5860,49298,4,12582912,50,0,0,0
6.3113170620000005,1779965183.6625104,5860,49299,5,12582912,45,0,0,0
6.3113170620000005,1779965183.6625104,5860,49300,6,12582912,38,0,0,0
6.3113170620000005,1779965183.6625104,5860,49301,7,12582912,36,0,0,0
6.334223914000006,1779965183.6854162,5861,49302,0,12582912,43,0,0,0
6.334223914000006,1779965183.6854162,5861,49303,1,12582912,58,0,0,0
6.334223914000006,1779965183.6854162,5861,49304,2,12582912,63,0,0,0
6.334223914000006,1779965183.6854162,5861,49305,3,12582912,52,0,0,0
6.334223914000006,1779965183.6854162,5861,49306,4,12582912,44,0,0,0
6.334223914000006,1779965183.6854162,5861,49307,5,12582912,42,0,0,0
6.334223914000006,1779965183.6854162,5861,49308,6,12582912,41,0,0,0
6.334223914000006,1779965183.6854162,5861,49309,7,12582912,38,0,0,0
6.403994688000012,1779965183.755187,5862,49310,0,12582912,34,0,0,0
6.403994688000012,1779965183.755187,5862,49311,1,12582912,34,0,0,0
6.403994688000012,1779965183.755187,5862,49312,2,12582912,40,0,0,0
6.403994688000012,1779965183.755187,5862,49313,3,12582912,51,0,0,0
6.403994688000012,1779965183.755187,5862,49314,4,12582912,54,0,0,0
6.403994688000012,1779965183.755187,5862,49315,5,12582912,42,0,0,0
6.403994688000012,1779965183.755187,5862,49316,6,12582912,35,0,0,0
6.403994688000012,1779965183.755187,5862,49317,7,12582912,42,0,0,0
6.405555064999987,1779965183.7567463,5863,49318,0,12582912,51,0,0,0
6.405555064999987,1779965183.7567463,5863,49319,1,12582912,52,0,0,0
6.405555064999987,1779965183.7567463,5863,49320,2,12582912,41,0,0,0
6.405555064999987,1779965183.7567463,5863,49321,3,12582912,35,0,0,0
6.405555064999987,1779965183.7567463,5863,49322,4,12582912,42,0,0,0
6.405555064999987,1779965183.7567463,5863,49323,5,12582912,56,0,0,0
6.405555064999987,1779965183.7567463,5863,49324,6,12582912,59,0,0,0
6.405555064999987,1779965183.7567463,5863,49325,7,12582912,49,0,0,0
6.464396062999981,1779965183.815589,5864,49326,0,12582912,44,0,0,0
6.464396062999981,1779965183.815589,5864,49327,1,12582912,45,0,0,0
6.464396062999981,1779965183.815589,5864,49328,2,12582912,48,0,0,0
6.464396062999981,1779965183.815589,5864,49329,3,12582912,49,0,0,0
6.464396062999981,1779965183.815589,5864,49330,4,12582912,38,0,0,0
6.464396062999981,1779965183.815589,5864,49331,5,12582912,30,0,0,0
6.464396062999981,1779965183.815589,5864,49332,6,12582912,40,0,0,0
6.464396062999981,1779965183.815589,5864,49333,7,12582912,55,0,0,0
6.465971023000009,1779965183.8171632,5865,49334,0,12582912,56,0,0,0
6.465971023000009,1779965183.8171632,5865,49335,1,12582912,43,0,0,0
6.465971023000009,1779965183.8171632,5865,49336,2,12582912,39,0,0,0
6.465971023000009,1779965183.8171632,5865,49337,3,12582912,47,0,0,0
6.465971023000009,1779965183.8171632,5865,49338,4,12582912,57,0,0,0
6.465971023000009,1779965183.8171632,5865,49339,5,12582912,59,0,0,0
6.465971023000009,1779965183.8171632,5865,49340,6,12582912,46,0,0,0
6.465971023000009,1779965183.8171632,5865,49341,7,12582912,39,0,0,0
6.509943098999997,1779965183.8611357,5866,49342,0,12582912,43,0,0,0
6.509943098999997,1779965183.8611357,5866,49343,1,12582912,49,0,0,0
6.509943098999997,1779965183.8611357,5866,49344,2,12582912,52,0,0,0
6.509943098999997,1779965183.8611357,5866,49345,3,12582912,54,0,0,0
6.509943098999997,1779965183.8611357,5866,49346,4,12582912,59,0,0,0
6.509943098999997,1779965183.8611357,5866,49347,5,12582912,61,0,0,0
6.509943098999997,1779965183.8611357,5866,49348,6,12582912,52,0,0,0
6.509943098999997,1779965183.8611357,5866,49349,7,12582912,38,0,0,0
6.532835159000001,1779965183.8840277,5867,49350,0,12582912,26,0,0,0
6.532835159000001,1779965183.8840277,5867,49351,1,12582912,23,0,0,0
6.532835159000001,1779965183.8840277,5867,49352,2,12582912,31,0,0,0
6.532835159000001,1779965183.8840277,5867,49353,3,12582912,43,0,0,0
6.532835159000001,1779965183.8840277,5867,49354,4,12582912,50,0,0,0
6.532835159000001,1779965183.8840277,5867,49355,5,12582912,47,0,0,0
6.532835159000001,1779965183.8840277,5867,49356,6,12582912,46,0,0,0
6.532835159000001,1779965183.8840277,5867,49357,7,12582912,50,0,0,0
6.577234164999993,1779965183.9284265,5868,49358,0,12582912,49,0,0,0
6.577234164999993,1779965183.9284265,5868,49359,1,12582912,33,0,0,0
6.577234164999993,1779965183.9284265,5868,49360,2,12582912,13,0,0,0
6.577234164999993,1779965183.9284265,5868,49361,3,12582912,15,0,0,0
6.577234164999993,1779965183.9284265,5868,49362,4,12582912,38,0,0,0
6.577234164999993,1779965183.9284265,5868,49363,5,12582912,59,0,0,0
6.577234164999993,1779965183.9284265,5868,49364,6,12582912,62,0,0,0
6.577234164999993,1779965183.9284265,5868,49365,7,12582912,50,0,0,0
6.65474885499998,1779965184.0059414,5869,49366,0,12582912,40,0,0,0
6.65474885499998,1779965184.0059414,5869,49367,1,12582912,35,0,0,0
6.65474885499998,1779965184.0059414,5869,49368,2,12582912,40,0,0,0
6.65474885499998,1779965184.0059414,5869,49369,3,12582912,50,0,0,0
6.65474885499998,1779965184.0059414,5869,49370,4,12582912,47,0,0,0
6.65474885499998,1779965184.0059414,5869,49371,5,12582912,42,0,0,0
6.65474885499998,1779965184.0059414,5869,49372,6,12582912,45,0,0,0
6.65474885499998,1779965184.0059414,5869,49373,7,12582912,52,0,0,0
6.656279908999977,1779965184.0074716,5870,49374,0,12582912,52,0,0,0
6.656279908999977,1779965184.0074716,5870,49375,1,12582912,38,0,0,0
6.656279908999977,1779965184.0074716,5870,49376,2,12582912,29,0,0,0
6.656279908999977,1779965184.0074716,5870,49377,3,12582912,33,0,0,0
6.656279908999977,1779965184.0074716,5870,49378,4,12582912,42,0,0,0
6.656279908999977,1779965184.0074716,5870,49379,5,12582912,42,0,0,0
6.656279908999977,1779965184.0074716,5870,49380,6,12582912,32,0,0,0
6.656279908999977,1779965184.0074716,5870,49381,7,12582912,29,0,0,0
6.657647211999972,1779965184.0088382,5871,49382,0,12582912,40,0,0,0
6.657647211999972,1779965184.0088382,5871,49383,1,12582912,51,0,0,0
6.657647211999972,1779965184.0088382,5871,49384,2,12582912,53,0,0,0
6.657647211999972,1779965184.0088382,5871,49385,3,12582912,43,0,0,0
6.657647211999972,1779965184.0088382,5871,49386,4,12582912,38,0,0,0
6.657647211999972,1779965184.0088382,5871,49387,5,12582912,42,0,0,0
6.657647211999972,1779965184.0088382,5871,49388,6,12582912,49,0,0,0
6.657647211999972,1779965184.0088382,5871,49389,7,12582912,50,0,0,0
6.711015397999972,1779965184.0622077,5872,49390,0,12582912,37,0,0,0
6.711015397999972,1779965184.0622077,5872,49391,1,12582912,29,0,0,0
6.711015397999972,1779965184.0622077,5872,49392,2,12582912,38,0,0,0
6.711015397999972,1779965184.0622077,5872,49393,3,12582912,56,0,0,0
6.711015397999972,1779965184.0622077,5872,49394,4,12582912,65,0,0,0
6.711015397999972,1779965184.0622077,5872,49395,5,12582912,56,0,0,0
6.711015397999972,1779965184.0622077,5872,49396,6,12582912,49,0,0,0
6.711015397999972,1779965184.0622077,5872,49397,7,12582912,53,0,0,0
6.722284705999982,1779965184.0734777,5873,49398,0,12582912,57,0,0,0
6.722284705999982,1779965184.0734777,5873,49399,1,12582912,50,0,0,0
6.722284705999982,1779965184.0734777,5873,49400,2,12582912,33,0,0,0
6.722284705999982,1779965184.0734777,5873,49401,3,12582912,23,0,0,0
6.722284705999982,1779965184.0734777,5873,49402,4,12582912,32,0,0,0
6.722284705999982,1779965184.0734777,5873,49403,5,12582912,49,0,0,0
6.722284705999982,1779965184.0734777,5873,49404,6,12582912,55,0,0,0
6.722284705999982,1779965184.0734777,5873,49405,7,12582912,42,0,0,0
6.766332922000004,1779965184.1175256,5874,49406,0,12582912,34,0,0,0
6.766332922000004,1779965184.1175256,5874,49407,1,12582912,45,0,0,0
6.766332922000004,1779965184.1175256,5874,49408,2,12582912,59,0,0,0
6.766332922000004,1779965184.1175256,5874,49409,3,12582912,58,0,0,0
6.766332922000004,1779965184.1175256,5874,49410,4,12582912,40,0,0,0
6.766332922000004,1779965184.1175256,5874,49411,5,12582912,26,0,0,0
6.766332922000004,1779965184.1175256,5874,49412,6,12582912,28,0,0,0
6.766332922000004,1779965184.1175256,5874,49413,7,12582912,39,0,0,0
6.789189614999998,1779965184.1403823,5875,49414,0,12582912,44,0,0,0
6.789189614999998,1779965184.1403823,5875,49415,1,12582912,34,0,0,0
6.789189614999998,1779965184.1403823,5875,49416,2,12582912,27,0,0,0
6.789189614999998,1779965184.1403823,5875,49417,3,12582912,35,0,0,0
6.789189614999998,1779965184.1403823,5875,49418,4,12582912,43,0,0,0
6.789189614999998,1779965184.1403823,5875,49419,5,12582912,38,0,0,0
6.789189614999998,1779965184.1403823,5875,49420,6,12582912,20,0,0,0
6.789189614999998,1779965184.1403823,5875,49421,7,12582912,14,0,0,0
6.843891769999971,1779965184.1950836,5876,49422,0,12582912,30,0,0,0
6.843891769999971,1779965184.1950836,5876,49423,1,12582912,42,0,0,0
6.843891769999971,1779965184.1950836,5876,49424,2,12582912,38,0,0,0
6.843891769999971,1779965184.1950836,5876,49425,3,12582912,26,0,0,0
6.843891769999971,1779965184.1950836,5876,49426,4,12582912,18,0,0,0
6.843891769999971,1779965184.1950836,5876,49427,5,12582912,26,0,0,0
6.843891769999971,1779965184.1950836,5876,49428,6,12582912,47,0,0,0
6.843891769999971,1779965184.1950836,5876,49429,7,12582912,61,0,0,0
6.876550780000002,1779965184.2277422,5877,49430,0,12582912,49,0,0,0
6.876550780000002,1779965184.2277422,5877,49431,1,12582912,26,0,0,0
6.876550780000002,1779965184.2277422,5877,49432,2,12582912,19,0,0,0
6.876550780000002,1779965184.2277422,5877,49433,3,12582912,31,0,0,0
6.876550780000002,1779965184.2277422,5877,49434,4,12582912,46,0,0,0
6.876550780000002,1779965184.2277422,5877,49435,5,12582912,50,0,0,0
6.876550780000002,1779965184.2277422,5877,49436,6,12582912,49,0,0,0
6.876550780000002,1779965184.2277422,5877,49437,7,12582912,52,0,0,0
6.92925875200001,1779965184.2804513,5878,49438,0,12582912,54,0,0,0
6.92925875200001,1779965184.2804513,5878,49439,1,12582912,48,0,0,0
6.92925875200001,1779965184.2804513,5878,49440,2,12582912,32,0,0,0
6.92925875200001,1779965184.2804513,5878,49441,3,12582912,26,0,0,0
6.92925875200001,1779965184.2804513,5878,49442,4,12582912,37,0,0,0
6.92925875200001,1779965184.2804513,5878,49443,5,12582912,49,0,0,0
6.92925875200001,1779965184.2804513,5878,49444,6,12582912,47,0,0,0
6.92925875200001,1779965184.2804513,5878,49445,7,12582912,30,0,0,0
6.930707149,1779965184.281898,5879,49446,0,12582912,21,0,0,0
6.930707149,1779965184.281898,5879,49447,1,12582912,32,0,0,0
6.930707149,1779965184.281898,5879,49448,2,12582912,48,0,0,0
6.930707149,1779965184.281898,5879,49449,3,12582912,55,0,0,0
6.930707149,1779965184.281898,5879,49450,4,12582912,48,0,0,0
6.930707149,1779965184.281898,5879,49451,5,12582912,39,0,0,0
6.930707149,1779965184.281898,5879,49452,6,12582912,41,0,0,0
6.930707149,1779965184.281898,5879,49453,7,12582912,46,0,0,0
6.953464673999974,1779965184.3046572,5880,49454,0,12582912,44,0,0,0
6.953464673999974,1779965184.3046572,5880,49455,1,12582912,38,0,0,0
6.953464673999974,1779965184.3046572,5880,49456,2,12582912,41,0,0,0
6.953464673999974,1779965184.3046572,5880,49457,3,12582912,52,0,0,0
6.953464673999974,1779965184.3046572,5880,49458,4,12582912,61,0,0,0
6.953464673999974,1779965184.3046572,5880,49459,5,12582912,54,0,0,0
6.953464673999974,1779965184.3046572,5880,49460,6,12582912,35,0,0,0
6.953464673999974,1779965184.3046572,5880,49461,7,12582912,33,0,0,0
6.993308586000012,1779965184.344501,5881,49462,0,12582912,46,0,0,0
6.993308586000012,1779965184.344501,5881,49463,1,12582912,55,0,0,0
6.993308586000012,1779965184.344501,5881,49464,2,12582912,56,0,0,0
6.993308586000012,1779965184.344501,5881,49465,3,12582912,51,0,0,0
6.993308586000012,1779965184.344501,5881,49466,4,12582912,47,0,0,0
6.993308586000012,1779965184.344501,5881,49467,5,12582912,44,0,0,0
6.993308586000012,1779965184.344501,5881,49468,6,12582912,40,0,0,0
6.993308586000012,1779965184.344501,5881,49469,7,12582912,37,0,0,0
7.042997940000021,1779965184.3941908,5882,49470,0,12582912,35,0,0,0
7.042997940000021,1779965184.3941908,5882,49471,1,12582912,42,0,0,0
7.042997940000021,1779965184.3941908,5882,49472,2,12582912,49,0,0,0
7.042997940000021,1779965184.3941908,5882,49473,3,12582912,43,0,0,0
7.042997940000021,1779965184.3941908,5882,49474,4,12582912,31,0,0,0
7.042997940000021,1779965184.3941908,5882,49475,5,12582912,14,0,0,0
7.042997940000021,1779965184.3941908,5882,49476,6,12582912,10,0,0,0
7.042997940000021,1779965184.3941908,5882,49477,7,12582912,27,0,0,0
7.044921080999984,1779965184.396113,5883,49478,0,12582912,41,0,0,0
7.044921080999984,1779965184.396113,5883,49479,1,12582912,39,0,0,0
7.044921080999984,1779965184.396113,5883,49480,2,12582912,33,0,0,0
7.044921080999984,1779965184.396113,5883,49481,3,12582912,37,0,0,0
7.044921080999984,1779965184.396113,5883,49482,4,12582912,43,0,0,0
7.044921080999984,1779965184.396113,5883,49483,5,12582912,43,0,0,0
7.044921080999984,1779965184.396113,5883,49484,6,12582912,38,0,0,0
7.044921080999984,1779965184.396113,5883,49485,7,12582912,30,0,0,0
7.089208465000013,1779965184.4404008,5884,49486,0,12582912,35,0,0,0
7.089208465000013,1779965184.4404008,5884,49487,1,12582912,52,0,0,0
7.089208465000013,1779965184.4404008,5884,49488,2,12582912,59,0,0,0
7.089208465000013,1779965184.4404008,5884,49489,3,12582912,50,0,0,0
7.089208465000013,1779965184.4404008,5884,49490,4,12582912,35,0,0,0
7.089208465000013,1779965184.4404008,5884,49491,5,12582912,30,0,0,0
7.089208465000013,1779965184.4404008,5884,49492,6,12582912,35,0,0,0
7.089208465000013,1779965184.4404008,5884,49493,7,12582912,38,0,0,0
7.11296323800002,1779965184.4641557,5885,49494,0,12582912,37,0,0,0
7.11296323800002,1779965184.4641557,5885,49495,1,12582912,28,0,0,0
7.11296323800002,1779965184.4641557,5885,49496,2,12582912,24,0,0,0
7.11296323800002,1779965184.4641557,5885,49497,3,12582912,35,0,0,0
7.11296323800002,1779965184.4641557,5885,49498,4,12582912,46,0,0,0
7.11296323800002,1779965184.4641557,5885,49499,5,12582912,44,0,0,0
7.11296323800002,1779965184.4641557,5885,49500,6,12582912,31,0,0,0
7.11296323800002,1779965184.4641557,5885,49501,7,12582912,-109,0,0,0
7.166382257000009,1779965184.5175757,5886,49502,0,12582912,-388,0,0,0
7.166382257000009,1779965184.5175757,5886,49503,1,12582912,-256,0,0,0
7.166382257000009,1779965184.5175757,5886,49504,2,12582912,487,0,0,0
7.166382257000009,1779965184.5175757,5886,49505,3,12582912,894,0,0,0
7.166382257000009,1779965184.5175757,5886,49506,4,12582912,295,0,0,0
7.166382257000009,1779965184.5175757,5886,49507,5,12582912,-560,0,0,0
7.166382257000009,1779965184.5175757,5886,49508,6,12582912,-576,0,0,0
7.166382257000009,1779965184.5175757,5886,49509,7,12582912,184,0,0,0
7.189530305999995,1779965184.5407226,5887,49510,0,12582912,651,0,0,0
7.189530305999995,1779965184.5407226,5887,49511,1,12582912,246,0,0,0
7.189530305999995,1779965184.5407226,5887,49512,2,12582912,-408,0,0,0
7.189530305999995,1779965184.5407226,5887,49513,3,12582912,-433,0,0,0
7.189530305999995,1779965184.5407226,5887,49514,4,12582912,138,0,0,0
7.189530305999995,1779965184.5407226,5887,49515,5,12582912,495,0,0,0
7.189530305999995,1779965184.5407226,5887,49516,6,12582912,186,0,0,0
7.189530305999995,1779965184.5407226,5887,49517,7,12582912,-318,0,0,0
7.212316581999971,1779965184.563509,5888,49518,0,12582912,-338,0,0,0
7.212316581999971,1779965184.563509,5888,49519,1,12582912,105,0,0,0
7.212316581999971,1779965184.563509,5888,49520,2,12582912,384,0,0,0
7.212316581999971,1779965184.563509,5888,49521,3,12582912,147,0,0,0
7.212316581999971,1779965184.563509,5888,49522,4,12582912,-243,0,0,0
7.212316581999971,1779965184.563509,5888,49523,5,12582912,-260,0,0,0
7.212316581999971,1779965184.563509,5888,49524,6,12582912,84,0,0,0
7.212316581999971,1779965184.563509,5888,49525,7,12582912,305,0,0,0
7.257268189999991,1779965184.6084595,5889,49526,0,12582912,124,0,0,0
7.257268189999991,1779965184.6084595,5889,49527,1,12582912,-175,0,0,0
7.257268189999991,1779965184.6084595,5889,49528,2,12582912,-184,0,0,0
7.257268189999991,1779965184.6084595,5889,49529,3,12582912,87,0,0,0
7.257268189999991,1779965184.6084595,5889,49530,4,12582912,260,0,0,0
7.257268189999991,1779965184.6084595,5889,49531,5,12582912,116,0,0,0
7.257268189999991,1779965184.6084595,5889,49532,6,12582912,-126,0,0,0
7.257268189999991,1779965184.6084595,5889,49533,7,12582912,-144,0,0,0
7.2791581039999755,1779965184.6303492,5890,49534,0,12582912,61,0,0,0
7.2791581039999755,1779965184.6303492,5890,49535,1,12582912,196,0,0,0
7.2791581039999755,1779965184.6303492,5890,49536,2,12582912,89,0,0,0
7.2791581039999755,1779965184.6303492,5890,49537,3,12582912,-99,0,0,0
7.2791581039999755,1779965184.6303492,5890,49538,4,12582912,-123,0,0,0
7.2791581039999755,1779965184.6303492,5890,49539,5,12582912,34,0,0,0
7.2791581039999755,1779965184.6303492,5890,49540,6,12582912,155,0,0,0
7.2791581039999755,1779965184.6303492,5890,49541,7,12582912,89,0,0,0
7.301408229999993,1779965184.6526008,5891,49542,0,12582912,-53,0,0,0
7.301408229999993,1779965184.6526008,5891,49543,1,12582912,-78,0,0,0
7.301408229999993,1779965184.6526008,5891,49544,2,12582912,37,0,0,0
7.301408229999993,1779965184.6526008,5891,49545,3,12582912,127,0,0,0
7.301408229999993,1779965184.6526008,5891,49546,4,12582912,71,0,0,0
7.301408229999993,1779965184.6526008,5891,49547,5,12582912,-42,0,0,0
7.301408229999993,1779965184.6526008,5891,49548,6,12582912,-57,0,0,0
7.301408229999993,1779965184.6526008,5891,49549,7,12582912,36,0,0,0
7.345424987000001,1779965184.6966171,5892,49550,0,12582912,103,0,0,0
7.345424987000001,1779965184.6966171,5892,49551,1,12582912,57,0,0,0
7.345424987000001,1779965184.6966171,5892,49552,2,12582912,-29,0,0,0
7.345424987000001,1779965184.6966171,5892,49553,3,12582912,-43,0,0,0
7.345424987000001,1779965184.6966171,5892,49554,4,12582912,28,0,0,0
7.345424987000001,1779965184.6966171,5892,49555,5,12582912,85,0,0,0
7.345424987000001,1779965184.6966171,5892,49556,6,12582912,53,0,0,0
7.345424987000001,1779965184.6966171,5892,49557,7,12582912,-18,0,0,0
7.3683364710000205,1779965184.719529,5893,49558,0,12582912,-35,0,0,0
7.3683364710000205,1779965184.719529,5893,49559,1,12582912,18,0,0,0
7.3683364710000205,1779965184.719529,5893,49560,2,12582912,59,0,0,0
7.3683364710000205,1779965184.719529,5893,49561,3,12582912,36,0,0,0
7.3683364710000205,1779965184.719529,5893,49562,4,12582912,-9,0,0,0
7.3683364710000205,1779965184.719529,5893,49563,5,12582912,-12,0,0,0
7.3683364710000205,1779965184.719529,5893,49564,6,12582912,37,0,0,0
7.3683364710000205,1779965184.719529,5893,49565,7,12582912,78,0,0,0
7.421853564999992,1779965184.773046,5894,49566,0,12582912,56,0,0,0
7.421853564999992,1779965184.773046,5894,49567,1,12582912,4,0,0,0
7.421853564999992,1779965184.773046,5894,49568,2,12582912,-13,0,0,0
7.421853564999992,1779965184.773046,5894,49569,3,12582912,16,0,0,0
7.421853564999992,1779965184.773046,5894,49570,4,12582912,45,0,0,0
7.421853564999992,1779965184.773046,5894,49571,5,12582912,39,0,0,0
7.421853564999992,1779965184.773046,5894,49572,6,12582912,16,0,0,0
7.421853564999992,1779965184.773046,5894,49573,7,12582912,18,0,0,0
7.461996229000022,1779965184.8131886,5895,49574,0,12582912,50,0,0,0
7.461996229000022,1779965184.8131886,5895,49575,1,12582912,73,0,0,0
7.461996229000022,1779965184.8131886,5895,49576,2,12582912,53,0,0,0
7.461996229000022,1779965184.8131886,5895,49577,3,12582912,12,0,0,0
7.461996229000022,1779965184.8131886,5895,49578,4,12582912,-8,0,0,0
7.461996229000022,1779965184.8131886,5895,49579,5,12582912,14,0,0,0
7.461996229000022,1779965184.8131886,5895,49580,6,12582912,47,0,0,0
7.461996229000022,1779965184.8131886,5895,49581,7,12582912,51,0,0,0
7.463461761000019,1779965184.8146534,5896,49582,0,12582912,26,0,0,0
7.463461761000019,1779965184.8146534,5896,49583,1,12582912,6,0,0,0
7.463461761000019,1779965184.8146534,5896,49584,2,12582912,14,0,0,0
7.463461761000019,1779965184.8146534,5896,49585,3,12582912,33,0,0,0
7.463461761000019,1779965184.8146534,5896,49586,4,12582912,30,0,0,0
7.463461761000019,1779965184.8146534,5896,49587,5,12582912,10,0,0,0
7.463461761000019,1779965184.8146534,5896,49588,6,12582912,4,0,0,0
7.463461761000019,1779965184.8146534,5896,49589,7,12582912,28,0,0,0
7.507356694000009,1779965184.8585489,5897,49590,0,12582912,56,0,0,0
7.507356694000009,1779965184.8585489,5897,49591,1,12582912,54,0,0,0
7.507356694000009,1779965184.8585489,5897,49592,2,12582912,34,0,0,0
7.507356694000009,1779965184.8585489,5897,49593,3,12582912,17,0,0,0
7.507356694000009,1779965184.8585489,5897,49594,4,12582912,17,0,0,0
7.507356694000009,1779965184.8585489,5897,49595,5,12582912,29,0,0,0
7.507356694000009,1779965184.8585489,5897,49596,6,12582912,37,0,0,0
7.507356694000009,1779965184.8585489,5897,49597,7,12582912,34,0,0,0
7.530257657999982,1779965184.8814502,5898,49598,0,12582912,25,0,0,0
7.530257657999982,1779965184.8814502,5898,49599,1,12582912,29,0,0,0
7.530257657999982,1779965184.8814502,5898,49600,2,12582912,43,0,0,0
7.530257657999982,1779965184.8814502,5898,49601,3,12582912,54,0,0,0
7.530257657999982,1779965184.8814502,5898,49602,4,12582912,54,0,0,0
7.530257657999982,1779965184.8814502,5898,49603,5,12582912,44,0,0,0
7.530257657999982,1779965184.8814502,5898,49604,6,12582912,41,0,0,0
7.530257657999982,1779965184.8814502,5898,49605,7,12582912,50,0,0,0
7.574626448999993,1779965184.925819,5899,49606,0,12582912,49,0,0,0
7.574626448999993,1779965184.925819,5899,49607,1,12582912,33,0,0,0
7.574626448999993,1779965184.925819,5899,49608,2,12582912,14,0,0,0
7.574626448999993,1779965184.925819,5899,49609,3,12582912,18,0,0,0
7.574626448999993,1779965184.925819,5899,49610,4,12582912,38,0,0,0
7.574626448999993,1779965184.925819,5899,49611,5,12582912,47,0,0,0
7.574626448999993,1779965184.925819,5899,49612,6,12582912,38,0,0,0
7.574626448999993,1779965184.925819,5899,49613,7,12582912,21,0,0,0
7.597502829999996,1779965184.948695,5900,49614,0,12582912,19,0,0,0
7.597502829999996,1779965184.948695,5900,49615,1,12582912,34,0,0,0
7.597502829999996,1779965184.948695,5900,49616,2,12582912,43,0,0,0
7.597502829999996,1779965184.948695,5900,49617,3,12582912,34,0,0,0
7.597502829999996,1779965184.948695,5900,49618,4,12582912,19,0,0,0
7.597502829999996,1779965184.948695,5900,49619,5,12582912,22,0,0,0
7.597502829999996,1779965184.948695,5900,49620,6,12582912,36,0,0,0
7.597502829999996,1779965184.948695,5900,49621,7,12582912,43,0,0,0
7.677246952000019,1779965185.028439,5901,49622,0,12582912,41,0,0,0
7.677246952000019,1779965185.028439,5901,49623,1,12582912,32,0,0,0
7.677246952000019,1779965185.028439,5901,49624,2,12582912,32,0,0,0
7.677246952000019,1779965185.028439,5901,49625,3,12582912,42,0,0,0
7.677246952000019,1779965185.028439,5901,49626,4,12582912,50,0,0,0
7.677246952000019,1779965185.028439,5901,49627,5,12582912,49,0,0,0
7.677246952000019,1779965185.028439,5901,49628,6,12582912,37,0,0,0
7.677246952000019,1779965185.028439,5901,49629,7,12582912,34,0,0,0
7.678720713000018,1779965185.0299118,5902,49630,0,12582912,46,0,0,0
7.678720713000018,1779965185.0299118,5902,49631,1,12582912,56,0,0,0
7.678720713000018,1779965185.0299118,5902,49632,2,12582912,53,0,0,0
7.678720713000018,1779965185.0299118,5902,49633,3,12582912,35,0,0,0
7.678720713000018,1779965185.0299118,5902,49634,4,12582912,20,0,0,0
7.678720713000018,1779965185.0299118,5902,49635,5,12582912,24,0,0,0
7.678720713000018,1779965185.0299118,5902,49636,6,12582912,42,0,0,0
7.678720713000018,1779965185.0299118,5902,49637,7,12582912,53,0,0,0
7.747843650999982,1779965185.0990357,5903,49638,0,12582912,46,0,0,0
7.747843650999982,1779965185.0990357,5903,49639,1,12582912,38,0,0,0
7.747843650999982,1779965185.0990357,5903,49640,2,12582912,42,0,0,0
7.747843650999982,1779965185.0990357,5903,49641,3,12582912,53,0,0,0
7.747843650999982,1779965185.0990357,5903,49642,4,12582912,58,0,0,0
7.747843650999982,1779965185.0990357,5903,49643,5,12582912,50,0,0,0
7.747843650999982,1779965185.0990357,5903,49644,6,12582912,45,0,0,0
7.747843650999982,1779965185.0990357,5903,49645,7,12582912,47,0,0,0
7.758213836999971,1779965185.1094072,5904,49646,0,12582912,50,0,0,0
7.758213836999971,1779965185.1094072,5904,49647,1,12582912,48,0,0,0
7.758213836999971,1779965185.1094072,5904,49648,2,12582912,38,0,0,0
7.758213836999971,1779965185.1094072,5904,49649,3,12582912,34,0,0,0
7.758213836999971,1779965185.1094072,5904,49650,4,12582912,46,0,0,0
7.758213836999971,1779965185.1094072,5904,49651,5,12582912,61,0,0,0
7.758213836999971,1779965185.1094072,5904,49652,6,12582912,64,0,0,0
7.758213836999971,1779965185.1094072,5904,49653,7,12582912,53,0,0,0
7.759691400000008,1779965185.110883,5905,49654,0,12582912,45,0,0,0
7.759691400000008,1779965185.110883,5905,49655,1,12582912,53,0,0,0
7.759691400000008,1779965185.110883,5905,49656,2,12582912,62,0,0,0
7.759691400000008,1779965185.110883,5905,49657,3,12582912,59,0,0,0
7.759691400000008,1779965185.110883,5905,49658,4,12582912,48,0,0,0
7.759691400000008,1779965185.110883,5905,49659,5,12582912,48,0,0,0
7.759691400000008,1779965185.110883,5905,49660,6,12582912,60,0,0,0
7.759691400000008,1779965185.110883,5905,49661,7,12582912,65,0,0,0
7.782511788000022,1779965185.1337042,5906,49662,0,12582912,58,0,0,0
7.782511788000022,1779965185.1337042,5906,49663,1,12582912,41,0,0,0
7.782511788000022,1779965185.1337042,5906,49664,2,12582912,34,0,0,0
7.782511788000022,1779965185.1337042,5906,49665,3,12582912,41,0,0,0
7.782511788000022,1779965185.1337042,5906,49666,4,12582912,48,0,0,0
7.782511788000022,1779965185.1337042,5906,49667,5,12582912,46,0,0,0
7.782511788000022,1779965185.1337042,5906,49668,6,12582912,38,0,0,0
7.782511788000022,1779965185.1337042,5906,49669,7,12582912,42,0,0,0
7.848505429999989,1779965185.1996965,5907,49670,0,12582912,60,0,0,0
7.848505429999989,1779965185.1996965,5907,49671,1,12582912,72,0,0,0
7.848505429999989,1779965185.1996965,5907,49672,2,12582912,69,0,0,0
7.848505429999989,1779965185.1996965,5907,49673,3,12582912,52,0,0,0
7.848505429999989,1779965185.1996965,5907,49674,4,12582912,38,0,0,0
7.848505429999989,1779965185.1996965,5907,49675,5,12582912,42,0,0,0
7.848505429999989,1779965185.1996965,5907,49676,6,12582912,54,0,0,0
7.848505429999989,1779965185.1996965,5907,49677,7,12582912,59,0,0,0
7.849174602000005,1779965185.2003658,5908,49678,0,12582912,52,0,0,0
7.849174602000005,1779965185.2003658,5908,49679,1,12582912,48,0,0,0
7.849174602000005,1779965185.2003658,5908,49680,2,12582912,54,0,0,0
7.849174602000005,1779965185.2003658,5908,49681,3,12582912,58,0,0,0
7.849174602000005,1779965185.2003658,5908,49682,4,12582912,52,0,0,0
7.849174602000005,1779965185.2003658,5908,49683,5,12582912,36,0,0,0
7.849174602000005,1779965185.2003658,5908,49684,6,12582912,30,0,0,0
7.849174602000005,1779965185.2003658,5908,49685,7,12582912,40,0,0,0
7.893118539999989,1779965185.244311,5909,49686,0,12582912,51,0,0,0
7.893118539999989,1779965185.244311,5909,49687,1,12582912,59,0,0,0
7.893118539999989,1779965185.244311,5909,49688,2,12582912,54,0,0,0
7.893118539999989,1779965185.244311,5909,49689,3,12582912,46,0,0,0
7.893118539999989,1779965185.244311,5909,49690,4,12582912,54,0,0,0
7.893118539999989,1779965185.244311,5909,49691,5,12582912,67,0,0,0
7.893118539999989,1779965185.244311,5909,49692,6,12582912,68,0,0,0
7.893118539999989,1779965185.244311,5909,49693,7,12582912,53,0,0,0
7.960858915000017,1779965185.312051,5910,49694,0,12582912,40,0,0,0
7.960858915000017,1779965185.312051,5910,49695,1,12582912,44,0,0,0
7.960858915000017,1779965185.312051,5910,49696,2,12582912,57,0,0,0
7.960858915000017,1779965185.312051,5910,49697,3,12582912,66,0,0,0
7.960858915000017,1779965185.312051,5910,49698,4,12582912,57,0,0,0
7.960858915000017,1779965185.312051,5910,49699,5,12582912,48,0,0,0
7.960858915000017,1779965185.312051,5910,49700,6,12582912,55,0,0,0
7.960858915000017,1779965185.312051,5910,49701,7,12582912,65,0,0,0
7.9619365799999855,1779965185.3131275,5911,49702,0,12582912,60,0,0,0
7.9619365799999855,1779965185.3131275,5911,49703,1,12582912,42,0,0,0
7.9619365799999855,1779965185.3131275,5911,49704,2,12582912,34,0,0,0
7.9619365799999855,1779965185.3131275,5911,49705,3,12582912,43,0,0,0
7.9619365799999855,1779965185.3131275,5911,49706,4,12582912,51,0,0,0
7.9619365799999855,1779965185.3131275,5911,49707,5,12582912,53,0,0,0
7.9619365799999855,1779965185.3131275,5911,49708,6,12582912,47,0,0,0
7.9619365799999855,1779965185.3131275,5911,49709,7,12582912,40,0,0,0
7.984317120000014,1779965185.3355098,5912,49710,0,12582912,46,0,0,0
7.984317120000014,1779965185.3355098,5912,49711,1,12582912,58,0,0,0
7.984317120000014,1779965185.3355098,5912,49712,2,12582912,64,0,0,0
7.984317120000014,1779965185.3355098,5912,49713,3,12582912,59,0,0,0
7.984317120000014,1779965185.3355098,5912,49714,4,12582912,53,0,0,0
7.984317120000014,1779965185.3355098,5912,49715,5,12582912,53,0,0,0
7.984317120000014,1779965185.3355098,5912,49716,6,12582912,54,0,0,0
7.984317120000014,1779965185.3355098,5912,49717,7,12582912,56,0,0,0
8.007157403000008,1779965185.35835,5913,49718,0,12582912,45,0,0,0
8.007157403000008,1779965185.35835,5913,49719,1,12582912,33,0,0,0
8.007157403000008,1779965185.35835,5913,49720,2,12582912,39,0,0,0
8.007157403000008,1779965185.35835,5913,49721,3,12582912,58,0,0,0
8.007157403000008,1779965185.35835,5913,49722,4,12582912,72,0,0,0
8.007157403000008,1779965185.35835,5913,49723,5,12582912,68,0,0,0
8.007157403000008,1779965185.35835,5913,49724,6,12582912,54,0,0,0
8.007157403000008,1779965185.35835,5913,49725,7,12582912,51,0,0,0
8.059030205999989,1779965185.4102218,5914,49726,0,12582912,58,0,0,0
8.059030205999989,1779965185.4102218,5914,49727,1,12582912,62,0,0,0
8.059030205999989,1779965185.4102218,5914,49728,2,12582912,52,0,0,0
8.059030205999989,1779965185.4102218,5914,49729,3,12582912,43,0,0,0
8.059030205999989,1779965185.4102218,5914,49730,4,12582912,45,0,0,0
8.059030205999989,1779965185.4102218,5914,49731,5,12582912,55,0,0,0
8.059030205999989,1779965185.4102218,5914,49732,6,12582912,59,0,0,0
8.059030205999989,1779965185.4102218,5914,49733,7,12582912,45,0,0,0
8.081174701999998,1779965185.4323676,5915,49734,0,12582912,35,0,0,0
8.081174701999998,1779965185.4323676,5915,49735,1,12582912,47,0,0,0
8.081174701999998,1779965185.4323676,5915,49736,2,12582912,67,0,0,0
8.081174701999998,1779965185.4323676,5915,49737,3,12582912,79,0,0,0
8.081174701999998,1779965185.4323676,5915,49738,4,12582912,67,0,0,0
8.081174701999998,1779965185.4323676,5915,49739,5,12582912,48,0,0,0
8.081174701999998,1779965185.4323676,5915,49740,6,12582912,41,0,0,0
8.081174701999998,1779965185.4323676,5915,49741,7,12582912,46,0,0,0
8.10399092299997,1779965185.455183,5916,49742,0,12582912,53,0,0,0
8.10399092299997,1779965185.455183,5916,49743,1,12582912,48,0,0,0
8.10399092299997,1779965185.455183,5916,49744,2,12582912,37,0,0,0
8.10399092299997,1779965185.455183,5916,49745,3,12582912,37,0,0,0
8.10399092299997,1779965185.455183,5916,49746,4,12582912,45,0,0,0
8.10399092299997,1779965185.455183,5916,49747,5,12582912,46,0,0,0
8.10399092299997,1779965185.455183,5916,49748,6,12582912,35,0,0,0
8.10399092299997,1779965185.455183,5916,49749,7,12582912,32,0,0,0
8.165352498000004,1779965185.5165448,5917,49750,0,12582912,44,0,0,0
8.165352498000004,1779965185.5165448,5917,49751,1,12582912,57,0,0,0
8.165352498000004,1779965185.5165448,5917,49752,2,12582912,59,0,0,0
8.165352498000004,1779965185.5165448,5917,49753,3,12582912,46,0,0,0
8.165352498000004,1779965185.5165448,5917,49754,4,12582912,35,0,0,0
8.165352498000004,1779965185.5165448,5917,49755,5,12582912,38,0,0,0
8.165352498000004,1779965185.5165448,5917,49756,6,12582912,49,0,0,0
8.165352498000004,1779965185.5165448,5917,49757,7,12582912,58,0,0,0
8.166832248999981,1779965185.5180235,5918,49758,0,12582912,52,0,0,0
8.166832248999981,1779965185.5180235,5918,49759,1,12582912,44,0,0,0
8.166832248999981,1779965185.5180235,5918,49760,2,12582912,44,0,0,0
8.166832248999981,1779965185.5180235,5918,49761,3,12582912,48,0,0,0
8.166832248999981,1779965185.5180235,5918,49762,4,12582912,49,0,0,0
8.166832248999981,1779965185.5180235,5918,49763,5,12582912,42,0,0,0
8.166832248999981,1779965185.5180235,5918,49764,6,12582912,40,0,0,0
8.166832248999981,1779965185.5180235,5918,49765,7,12582912,47,0,0,0
8.220095582999988,1779965185.571288,5919,49766,0,12582912,56,0,0,0
8.220095582999988,1779965185.571288,5919,49767,1,12582912,58,0,0,0
8.220095582999988,1779965185.571288,5919,49768,2,12582912,45,0,0,0
8.220095582999988,1779965185.571288,5919,49769,3,12582912,32,0,0,0
8.220095582999988,1779965185.571288,5919,49770,4,12582912,37,0,0,0
8.220095582999988,1779965185.571288,5919,49771,5,12582912,49,0,0,0
8.220095582999988,1779965185.571288,5919,49772,6,12582912,50,0,0,0
8.220095582999988,1779965185.571288,5919,49773,7,12582912,35,0,0,0
8.242980241999987,1779965185.594173,5920,49774,0,12582912,26,0,0,0
8.242980241999987,1779965185.594173,5920,49775,1,12582912,38,0,0,0
8.242980241999987,1779965185.594173,5920,49776,2,12582912,54,0,0,0
8.242980241999987,1779965185.594173,5920,49777,3,12582912,60,0,0,0
8.242980241999987,1779965185.594173,5920,49778,4,12582912,51,0,0,0
8.242980241999987,1779965185.594173,5920,49779,5,12582912,40,0,0,0
8.242980241999987,1779965185.594173,5920,49780,6,12582912,42,0,0,0
8.242980241999987,1779965185.594173,5920,49781,7,12582912,48,0,0,0
8.265872556999966,1779965185.617065,5921,49782,0,12582912,49,0,0,0
8.265872556999966,1779965185.617065,5921,49783,1,12582912,37,0,0,0
8.265872556999966,1779965185.617065,5921,49784,2,12582912,27,0,0,0
8.265872556999966,1779965185.617065,5921,49785,3,12582912,32,0,0,0
8.265872556999966,1779965185.617065,5921,49786,4,12582912,44,0,0,0
8.265872556999966,1779965185.617065,5921,49787,5,12582912,56,0,0,0
8.265872556999966,1779965185.617065,5921,49788,6,12582912,58,0,0,0
8.265872556999966,1779965185.617065,5921,49789,7,12582912,55,0,0,0
8.297925203999966,1779965185.6491177,5922,49790,0,12582912,55,0,0,0
8.297925203999966,1779965185.6491177,5922,49791,1,12582912,54,0,0,0
8.297925203999966,1779965185.6491177,5922,49792,2,12582912,53,0,0,0
8.297925203999966,1779965185.6491177,5922,49793,3,12582912,47,0,0,0
8.297925203999966,1779965185.6491177,5922,49794,4,12582912,46,0,0,0
8.297925203999966,1779965185.6491177,5922,49795,5,12582912,52,0,0,0
8.297925203999966,1779965185.6491177,5922,49796,6,12582912,60,0,0,0
8.297925203999966,1779965185.6491177,5922,49797,7,12582912,64,0,0,0
8.341887111000005,1779965185.6930795,5923,49798,0,12582912,55,0,0,0
8.341887111000005,1779965185.6930795,5923,49799,1,12582912,44,0,0,0
8.341887111000005,1779965185.6930795,5923,49800,2,12582912,41,0,0,0
8.341887111000005,1779965185.6930795,5923,49801,3,12582912,39,0,0,0
8.341887111000005,1779965185.6930795,5923,49802,4,12582912,35,0,0,0
8.341887111000005,1779965185.6930795,5923,49803,5,12582912,30,0,0,0
8.341887111000005,1779965185.6930795,5923,49804,6,12582912,33,0,0,0
8.341887111000005,1779965185.6930795,5923,49805,7,12582912,51,0,0,0
8.381367994000016,1779965185.7325602,5924,49806,0,12582912,71,0,0,0
8.381367994000016,1779965185.7325602,5924,49807,1,12582912,81,0,0,0
8.381367994000016,1779965185.7325602,5924,49808,2,12582912,68,0,0,0
8.381367994000016,1779965185.7325602,5924,49809,3,12582912,47,0,0,0
8.381367994000016,1779965185.7325602,5924,49810,4,12582912,44,0,0,0
8.381367994000016,1779965185.7325602,5924,49811,5,12582912,59,0,0,0
8.381367994000016,1779965185.7325602,5924,49812,6,12582912,73,0,0,0
8.381367994000016,1779965185.7325602,5924,49813,7,12582912,73,0,0,0
8.403342071999987,1779965185.7545342,5925,49814,0,12582912,73,0,0,0
8.403342071999987,1779965185.7545342,5925,49815,1,12582912,84,0,0,0
8.403342071999987,1779965185.7545342,5925,49816,2,12582912,99,0,0,0
8.403342071999987,1779965185.7545342,5925,49817,3,12582912,107,0,0,0
8.403342071999987,1779965185.7545342,5925,49818,4,12582912,99,0,0,0
8.403342071999987,1779965185.7545342,5925,49819,5,12582912,90,0,0,0
8.403342071999987,1779965185.7545342,5925,49820,6,12582912,92,0,0,0
8.403342071999987,1779965185.7545342,5925,49821,7,12582912,94,0,0,0
8.44956816399997,1779965185.80076,5926,49822,0,12582912,94,0,0,0
8.44956816399997,1779965185.80076,5926,49823,1,12582912,89,0,0,0
8.44956816399997,1779965185.80076,5926,49824,2,12582912,94,0,0,0
8.44956816399997,1779965185.80076,5926,49825,3,12582912,110,0,0,0
8.44956816399997,1779965185.80076,5926,49826,4,12582912,120,0,0,0
8.44956816399997,1779965185.80076,5926,49827,5,12582912,116,0,0,0
8.44956816399997,1779965185.80076,5926,49828,6,12582912,96,0,0,0
8.44956816399997,1779965185.80076,5926,49829,7,12582912,79,0,0,0
8.471325835000016,1779965185.822517,5927,49830,0,12582912,81,0,0,0
8.471325835000016,1779965185.822517,5927,49831,1,12582912,91,0,0,0
8.471325835000016,1779965185.822517,5927,49832,2,12582912,100,0,0,0
8.471325835000016,1779965185.822517,5927,49833,3,12582912,101,0,0,0
8.471325835000016,1779965185.822517,5927,49834,4,12582912,99,0,0,0
8.471325835000016,1779965185.822517,5927,49835,5,12582912,104,0,0,0
8.471325835000016,1779965185.822517,5927,49836,6,12582912,110,0,0,0
8.471325835000016,1779965185.822517,5927,49837,7,12582912,112,0,0,0
8.493116891,1779965185.8443081,5928,49838,0,12582912,103,0,0,0
8.493116891,1779965185.8443081,5928,49839,1,12582912,90,0,0,0
8.493116891,1779965185.8443081,5928,49840,2,12582912,88,0,0,0
8.493116891,1779965185.8443081,5928,49841,3,12582912,93,0,0,0
8.493116891,1779965185.8443081,5928,49842,4,12582912,94,0,0,0
8.493116891,1779965185.8443081,5928,49843,5,12582912,81,0,0,0
8.493116891,1779965185.8443081,5928,49844,6,12582912,74,0,0,0
8.493116891,1779965185.8443081,5928,49845,7,12582912,89,0,0,0
8.535845871999982,1779965185.8870382,5929,49846,0,12582912,111,0,0,0
8.535845871999982,1779965185.8870382,5929,49847,1,12582912,118,0,0,0
8.535845871999982,1779965185.8870382,5929,49848,2,12582912,104,0,0,0
8.535845871999982,1779965185.8870382,5929,49849,3,12582912,88,0,0,0
8.535845871999982,1779965185.8870382,5929,49850,4,12582912,85,0,0,0
8.535845871999982,1779965185.8870382,5929,49851,5,12582912,88,0,0,0
8.535845871999982,1779965185.8870382,5929,49852,6,12582912,83,0,0,0
8.535845871999982,1779965185.8870382,5929,49853,7,12582912,67,0,0,0
8.558699488000002,1779965185.9098916,5930,49854,0,12582912,59,0,0,0
8.558699488000002,1779965185.9098916,5930,49855,1,12582912,71,0,0,0
8.558699488000002,1779965185.9098916,5930,49856,2,12582912,84,0,0,0
8.558699488000002,1779965185.9098916,5930,49857,3,12582912,82,0,0,0
8.558699488000002,1779965185.9098916,5930,49858,4,12582912,64,0,0,0
8.558699488000002,1779965185.9098916,5930,49859,5,12582912,51,0,0,0
8.558699488000002,1779965185.9098916,5930,49860,6,12582912,62,0,0,0
8.558699488000002,1779965185.9098916,5930,49861,7,12582912,81,0,0,0
8.59726926999997,1779965185.9484615,5931,49862,0,12582912,90,0,0,0
8.59726926999997,1779965185.9484615,5931,49863,1,12582912,84,0,0,0
8.59726926999997,1779965185.9484615,5931,49864,2,12582912,83,0,0,0
8.59726926999997,1779965185.9484615,5931,49865,3,12582912,93,0,0,0
8.59726926999997,1779965185.9484615,5931,49866,4,12582912,99,0,0,0
8.59726926999997,1779965185.9484615,5931,49867,5,12582912,96,0,0,0
8.59726926999997,1779965185.9484615,5931,49868,6,12582912,86,0,0,0
8.59726926999997,1779965185.9484615,5931,49869,7,12582912,73,0,0,0
8.655639623000013,1779965186.0068324,5932,49870,0,12582912,66,0,0,0
8.655639623000013,1779965186.0068324,5932,49871,1,12582912,70,0,0,0
8.655639623000013,1779965186.0068324,5932,49872,2,12582912,83,0,0,0
8.655639623000013,1779965186.0068324,5932,49873,3,12582912,87,0,0,0
8.655639623000013,1779965186.0068324,5932,49874,4,12582912,85,0,0,0
8.655639623000013,1779965186.0068324,5932,49875,5,12582912,85,0,0,0
8.655639623000013,1779965186.0068324,5932,49876,6,12582912,81,0,0,0
8.655639623000013,1779965186.0068324,5932,49877,7,12582912,70,0,0,0
8.657160728999997,1779965186.0083523,5933,49878,0,12582912,55,0,0,0
8.657160728999997,1779965186.0083523,5933,49879,1,12582912,49,0,0,0
8.657160728999997,1779965186.0083523,5933,49880,2,12582912,54,0,0,0
8.657160728999997,1779965186.0083523,5933,49881,3,12582912,60,0,0,0
8.657160728999997,1779965186.0083523,5933,49882,4,12582912,67,0,0,0
8.657160728999997,1779965186.0083523,5933,49883,5,12582912,65,0,0,0
8.657160728999997,1779965186.0083523,5933,49884,6,12582912,56,0,0,0
8.657160728999997,1779965186.0083523,5933,49885,7,12582912,60,0,0,0
8.70933456900002,1779965186.0605273,5934,49886,0,12582912,73,0,0,0
8.70933456900002,1779965186.0605273,5934,49887,1,12582912,82,0,0,0
8.70933456900002,1779965186.0605273,5934,49888,2,12582912,75,0,0,0
8.70933456900002,1779965186.0605273,5934,49889,3,12582912,64,0,0,0
8.70933456900002,1779965186.0605273,5934,49890,4,12582912,68,0,0,0
8.70933456900002,1779965186.0605273,5934,49891,5,12582912,75,0,0,0
8.70933456900002,1779965186.0605273,5934,49892,6,12582912,73,0,0,0
8.70933456900002,1779965186.0605273,5934,49893,7,12582912,59,0,0,0
8.710795620999988,1779965186.061987,5935,49894,0,12582912,50,0,0,0
8.710795620999988,1779965186.061987,5935,49895,1,12582912,55,0,0,0
8.710795620999988,1779965186.061987,5935,49896,2,12582912,64,0,0,0
8.710795620999988,1779965186.061987,5935,49897,3,12582912,67,0,0,0
8.710795620999988,1779965186.061987,5935,49898,4,12582912,52,0,0,0
8.710795620999988,1779965186.061987,5935,49899,5,12582912,32,0,0,0
8.710795620999988,1779965186.061987,5935,49900,6,12582912,30,0,0,0
8.710795620999988,1779965186.061987,5935,49901,7,12582912,39,0,0,0
8.754672314000004,1779965186.1058648,5936,49902,0,12582912,46,0,0,0
8.754672314000004,1779965186.1058648,5936,49903,1,12582912,41,0,0,0
8.754672314000004,1779965186.1058648,5936,49904,2,12582912,33,0,0,0
8.754672314000004,1779965186.1058648,5936,49905,3,12582912,33,0,0,0
8.754672314000004,1779965186.1058648,5936,49906,4,12582912,41,0,0,0
8.754672314000004,1779965186.1058648,5936,49907,5,12582912,50,0,0,0
8.754672314000004,1779965186.1058648,5936,49908,6,12582912,45,0,0,0
8.754672314000004,1779965186.1058648,5936,49909,7,12582912,31,0,0,0
8.777582074000009,1779965186.1287744,5937,49910,0,12582912,28,0,0,0
8.777582074000009,1779965186.1287744,5937,49911,1,12582912,40,0,0,0
8.777582074000009,1779965186.1287744,5937,49912,2,12582912,50,0,0,0
8.777582074000009,1779965186.1287744,5937,49913,3,12582912,39,0,0,0
8.777582074000009,1779965186.1287744,5937,49914,4,12582912,26,0,0,0
8.777582074000009,1779965186.1287744,5937,49915,5,12582912,34,0,0,0
8.777582074000009,1779965186.1287744,5937,49916,6,12582912,51,0,0,0
8.777582074000009,1779965186.1287744,5937,49917,7,12582912,63,0,0,0
8.84887402999999,1779965186.2000656,5938,49918,0,12582912,60,0,0,0
8.84887402999999,1779965186.2000656,5938,49919,1,12582912,45,0,0,0
8.84887402999999,1779965186.2000656,5938,49920,2,12582912,36,0,0,0
8.84887402999999,1779965186.2000656,5938,49921,3,12582912,35,0,0,0
8.84887402999999,1779965186.2000656,5938,49922,4,12582912,41,0,0,0
8.84887402999999,1779965186.2000656,5938,49923,5,12582912,42,0,0,0
8.84887402999999,1779965186.2000656,5938,49924,6,12582912,38,0,0,0
8.84887402999999,1779965186.2000656,5938,49925,7,12582912,37,0,0,0
8.849455545000012,1779965186.200646,5939,49926,0,12582912,42,0,0,0
8.849455545000012,1779965186.200646,5939,49927,1,12582912,48,0,0,0
8.849455545000012,1779965186.200646,5939,49928,2,12582912,42,0,0,0
8.849455545000012,1779965186.200646,5939,49929,3,12582912,35,0,0,0
8.849455545000012,1779965186.200646,5939,49930,4,12582912,42,0,0,0
8.849455545000012,1779965186.200646,5939,49931,5,12582912,58,0,0,0
8.849455545000012,1779965186.200646,5939,49932,6,12582912,67,0,0,0
8.849455545000012,1779965186.200646,5939,49933,7,12582912,54,0,0,0
8.884264719999976,1779965186.2354593,5940,49934,0,12582912,31,0,0,0
8.884264719999976,1779965186.2354593,5940,49935,1,12582912,21,0,0,0
8.884264719999976,1779965186.2354593,5940,49936,2,12582912,26,0,0,0
8.884264719999976,1779965186.2354593,5940,49937,3,12582912,35,0,0,0
8.884264719999976,1779965186.2354593,5940,49938,4,12582912,35,0,0,0
8.884264719999976,1779965186.2354593,5940,49939,5,12582912,33,0,0,0
8.884264719999976,1779965186.2354593,5940,49940,6,12582912,40,0,0,0
8.884264719999976,1779965186.2354593,5940,49941,7,12582912,52,0,0,0
8.906313743999988,1779965186.2575061,5941,49942,0,12582912,57,0,0,0
8.906313743999988,1779965186.2575061,5941,49943,1,12582912,46,0,0,0
8.906313743999988,1779965186.2575061,5941,49944,2,12582912,33,0,0,0
8.906313743999988,1779965186.2575061,5941,49945,3,12582912,35,0,0,0
8.906313743999988,1779965186.2575061,5941,49946,4,12582912,45,0,0,0
8.906313743999988,1779965186.2575061,5941,49947,5,12582912,50,0,0,0
8.906313743999988,1779965186.2575061,5941,49948,6,12582912,43,0,0,0
8.906313743999988,1779965186.2575061,5941,49949,7,12582912,35,0,0,0
8.959186391000003,1779965186.310379,5942,49950,0,12582912,38,0,0,0
8.959186391000003,1779965186.310379,5942,49951,1,12582912,48,0,0,0
8.959186391000003,1779965186.310379,5942,49952,2,12582912,55,0,0,0
8.959186391000003,1779965186.310379,5942,49953,3,12582912,45,0,0,0
8.959186391000003,1779965186.310379,5942,49954,4,12582912,29,0,0,0
8.959186391000003,1779965186.310379,5942,49955,5,12582912,30,0,0,0
8.959186391000003,1779965186.310379,5942,49956,6,12582912,43,0,0,0
8.959186391000003,1779965186.310379,5942,49957,7,12582912,49,0,0,0
8.982099849000008,1779965186.3332922,5943,49958,0,12582912,38,0,0,0
8.982099849000008,1779965186.3332922,5943,49959,1,12582912,28,0,0,0
8.982099849000008,1779965186.3332922,5943,49960,2,12582912,36,0,0,0
8.982099849000008,1779965186.3332922,5943,49961,3,12582912,48,0,0,0
8.982099849000008,1779965186.3332922,5943,49962,4,12582912,52,0,0,0
8.982099849000008,1779965186.3332922,5943,49963,5,12582912,44,0,0,0
8.982099849000008,1779965186.3332922,5943,49964,6,12582912,34,0,0,0
8.982099849000008,1779965186.3332922,5943,49965,7,12582912,34,0,0,0
9.015988703999994,1779965186.367181,5944,49966,0,12582912,40,0,0,0
9.015988703999994,1779965186.367181,5944,49967,1,12582912,44,0,0,0
9.015988703999994,1779965186.367181,5944,49968,2,12582912,38,0,0,0
9.015988703999994,1779965186.367181,5944,49969,3,12582912,30,0,0,0
9.015988703999994,1779965186.367181,5944,49970,4,12582912,31,0,0,0
9.015988703999994,1779965186.367181,5944,49971,5,12582912,42,0,0,0
9.015988703999994,1779965186.367181,5944,49972,6,12582912,50,0,0,0
9.015988703999994,1779965186.367181,5944,49973,7,12582912,41,0,0,0
9.064361524999981,1779965186.415554,5945,49974,0,12582912,31,0,0,0
9.064361524999981,1779965186.415554,5945,49975,1,12582912,37,0,0,0
9.064361524999981,1779965186.415554,5945,49976,2,12582912,53,0,0,0
9.064361524999981,1779965186.415554,5945,49977,3,12582912,58,0,0,0
9.064361524999981,1779965186.415554,5945,49978,4,12582912,44,0,0,0
9.064361524999981,1779965186.415554,5945,49979,5,12582912,28,0,0,0
9.064361524999981,1779965186.415554,5945,49980,6,12582912,30,0,0,0
9.064361524999981,1779965186.415554,5945,49981,7,12582912,45,0,0,0
9.065819556999998,1779965186.4170108,5946,49982,0,12582912,53,0,0,0
9.065819556999998,1779965186.4170108,5946,49983,1,12582912,43,0,0,0
9.065819556999998,1779965186.4170108,5946,49984,2,12582912,29,0,0,0
9.065819556999998,1779965186.4170108,5946,49985,3,12582912,27,0,0,0
9.065819556999998,1779965186.4170108,5946,49986,4,12582912,34,0,0,0
9.065819556999998,1779965186.4170108,5946,49987,5,12582912,42,0,0,0
9.065819556999998,1779965186.4170108,5946,49988,6,12582912,40,0,0,0
9.065819556999998,1779965186.4170108,5946,49989,7,12582912,34,0,0,0
9.110260160999985,1779965186.4614525,5947,49990,0,12582912,40,0,0,0
9.110260160999985,1779965186.4614525,5947,49991,1,12582912,53,0,0,0
9.110260160999985,1779965186.4614525,5947,49992,2,12582912,57,0,0,0
9.110260160999985,1779965186.4614525,5947,49993,3,12582912,39,0,0,0
9.110260160999985,1779965186.4614525,5947,49994,4,12582912,19,0,0,0
9.110260160999985,1779965186.4614525,5947,49995,5,12582912,18,0,0,0
9.110260160999985,1779965186.4614525,5947,49996,6,12582912,26,0,0,0
9.110260160999985,1779965186.4614525,5947,49997,7,12582912,33,0,0,0
9.13326372299997,1779965186.4844558,5948,49998,0,12582912,30,0,0,0
9.13326372299997,1779965186.4844558,5948,49999,1,12582912,27,0,0,0
9.13326372299997,1779965186.4844558,5948,50000,2,12582912,40,0,0,0
9.13326372299997,1779965186.4844558,5948,50001,3,12582912,34,0,0,0
9.13326372299997,1779965186.4844558,5948,50002,4,12582912,144,0,0,0
9.13326372299997,1779965186.4844558,5948,50003,5,12582912,481,0,0,0
9.13326372299997,1779965186.4844558,5948,50004,6,12582912,578,0,0,0
9.13326372299997,1779965186.4844558,5948,50005,7,12582912,96,0,0,0
9.177437709999992,1779965186.52863,5949,50006,0,12582912,-421,0,0,0
9.177437709999992,1779965186.52863,5949,50007,1,12582912,-330,0,0,0
9.177437709999992,1779965186.52863,5949,50008,2,12582912,205,0,0,0
9.177437709999992,1779965186.52863,5949,50009,3,12582912,458,0,0,0
9.177437709999992,1779965186.52863,5949,50010,4,12582912,129,0,0,0
9.177437709999992,1779965186.52863,5949,50011,5,12582912,-291,0,0,0
9.177437709999992,1779965186.52863,5949,50012,6,12582912,-249,0,0,0
9.177437709999992,1779965186.52863,5949,50013,7,12582912,151,0,0,0
9.22775148300002,1779965186.5789428,5950,50014,0,12582912,350,0,0,0
9.22775148300002,1779965186.5789428,5950,50015,1,12582912,108,0,0,0
9.22775148300002,1779965186.5789428,5950,50016,2,12582912,-208,0,0,0
9.22775148300002,1779965186.5789428,5950,50017,3,12582912,-176,0,0,0
9.22775148300002,1779965186.5789428,5950,50018,4,12582912,135,0,0,0
9.22775148300002,1779965186.5789428,5950,50019,5,12582912,295,0,0,0
9.22775148300002,1779965186.5789428,5950,50020,6,12582912,101,0,0,0
9.22775148300002,1779965186.5789428,5950,50021,7,12582912,-159,0,0,0
9.228503624999973,1779965186.5796947,5951,50022,0,12582912,-146,0,0,0
9.228503624999973,1779965186.5796947,5951,50023,1,12582912,93,0,0,0
9.228503624999973,1779965186.5796947,5951,50024,2,12582912,222,0,0,0
9.228503624999973,1779965186.5796947,5951,50025,3,12582912,86,0,0,0
9.228503624999973,1779965186.5796947,5951,50026,4,12582912,-106,0,0,0
9.228503624999973,1779965186.5796947,5951,50027,5,12582912,-97,0,0,0
9.228503624999973,1779965186.5796947,5951,50028,6,12582912,80,0,0,0
9.228503624999973,1779965186.5796947,5951,50029,7,12582912,176,0,0,0
9.259891783,1779965186.6110833,5952,50030,0,12582912,67,0,0,0
9.259891783,1779965186.6110833,5952,50031,1,12582912,-88,0,0,0
9.259891783,1779965186.6110833,5952,50032,2,12582912,-81,0,0,0
9.259891783,1779965186.6110833,5952,50033,3,12582912,66,0,0,0
9.259891783,1779965186.6110833,5952,50034,4,12582912,153,0,0,0
9.259891783,1779965186.6110833,5952,50035,5,12582912,77,0,0,0
9.259891783,1779965186.6110833,5952,50036,6,12582912,-35,0,0,0
9.259891783,1779965186.6110833,5952,50037,7,12582912,-35,0,0,0
9.310703789999991,1779965186.6618958,5953,50038,0,12582912,60,0,0,0
9.310703789999991,1779965186.6618958,5953,50039,1,12582912,112,0,0,0
9.310703789999991,1779965186.6618958,5953,50040,2,12582912,53,0,0,0
9.310703789999991,1779965186.6618958,5953,50041,3,12582912,-27,0,0,0
9.310703789999991,1779965186.6618958,5953,50042,4,12582912,-18,0,0,0
9.310703789999991,1779965186.6618958,5953,50043,5,12582912,65,0,0,0
9.310703789999991,1779965186.6618958,5953,50044,6,12582912,110,0,0,0
9.310703789999991,1779965186.6618958,5953,50045,7,12582912,59,0,0,0
9.333225318000018,1779965186.6844175,5954,50046,0,12582912,-14,0,0,0
9.333225318000018,1779965186.6844175,5954,50047,1,12582912,-16,0,0,0
9.333225318000018,1779965186.6844175,5954,50048,2,12582912,47,0,0,0
9.333225318000018,1779965186.6844175,5954,50049,3,12582912,90,0,0,0
9.333225318000018,1779965186.6844175,5954,50050,4,12582912,59,0,0,0
9.333225318000018,1779965186.6844175,5954,50051,5,12582912,1,0,0,0
9.333225318000018,1779965186.6844175,5954,50052,6,12582912,-8,0,0,0
9.333225318000018,1779965186.6844175,5954,50053,7,12582912,44,0,0,0
9.356086171000015,1779965186.7072785,5955,50054,0,12582912,90,0,0,0
9.356086171000015,1779965186.7072785,5955,50055,1,12582912,73,0,0,0
9.356086171000015,1779965186.7072785,5955,50056,2,12582912,28,0,0,0
9.356086171000015,1779965186.7072785,5955,50057,3,12582912,14,0,0,0
9.356086171000015,1779965186.7072785,5955,50058,4,12582912,42,0,0,0
9.356086171000015,1779965186.7072785,5955,50059,5,12582912,70,0,0,0
9.356086171000015,1779965186.7072785,5955,50060,6,12582912,62,0,0,0
9.356086171000015,1779965186.7072785,5955,50061,7,12582912,35,0,0,0
9.400222084000006,1779965186.7514145,5956,50062,0,12582912,25,0,0,0
9.400222084000006,1779965186.7514145,5956,50063,1,12582912,44,0,0,0
9.400222084000006,1779965186.7514145,5956,50064,2,12582912,66,0,0,0
9.400222084000006,1779965186.7514145,5956,50065,3,12582912,63,0,0,0
9.400222084000006,1779965186.7514145,5956,50066,4,12582912,42,0,0,0
9.400222084000006,1779965186.7514145,5956,50067,5,12582912,32,0,0,0
9.400222084000006,1779965186.7514145,5956,50068,6,12582912,44,0,0,0
9.400222084000006,1779965186.7514145,5956,50069,7,12582912,61,0,0,0
9.423069708000014,1779965186.7742631,5957,50070,0,12582912,57,0,0,0
9.423069708000014,1779965186.7742631,5957,50071,1,12582912,40,0,0,0
9.423069708000014,1779965186.7742631,5957,50072,2,12582912,37,0,0,0
9.423069708000014,1779965186.7742631,5957,50073,3,12582912,56,0,0,0
9.423069708000014,1779965186.7742631,5957,50074,4,12582912,78,0,0,0
9.423069708000014,1779965186.7742631,5957,50075,5,12582912,78,0,0,0
9.423069708000014,1779965186.7742631,5957,50076,6,12582912,60,0,0,0
9.423069708000014,1779965186.7742631,5957,50077,7,12582912,43,0,0,0
9.491803155000014,1779965186.8429954,5958,50078,0,12582912,41,0,0,0
9.491803155000014,1779965186.8429954,5958,50079,1,12582912,50,0,0,0
9.491803155000014,1779965186.8429954,5958,50080,2,12582912,50,0,0,0
9.491803155000014,1779965186.8429954,5958,50081,3,12582912,44,0,0,0
9.491803155000014,1779965186.8429954,5958,50082,4,12582912,41,0,0,0
9.491803155000014,1779965186.8429954,5958,50083,5,12582912,48,0,0,0
9.491803155000014,1779965186.8429954,5958,50084,6,12582912,54,0,0,0
9.491803155000014,1779965186.8429954,5958,50085,7,12582912,50,0,0,0
9.493371239999988,1779965186.8445635,5959,50086,0,12582912,44,0,0,0
9.493371239999988,1779965186.8445635,5959,50087,1,12582912,43,0,0,0
9.493371239999988,1779965186.8445635,5959,50088,2,12582912,47,0,0,0
9.493371239999988,1779965186.8445635,5959,50089,3,12582912,53,0,0,0
9.493371239999988,1779965186.8445635,5959,50090,4,12582912,53,0,0,0
9.493371239999988,1779965186.8445635,5959,50091,5,12582912,45,0,0,0
9.493371239999988,1779965186.8445635,5959,50092,6,12582912,33,0,0,0
9.493371239999988,1779965186.8445635,5959,50093,7,12582912,31,0,0,0
9.516193708000003,1779965186.8673863,5960,50094,0,12582912,41,0,0,0
9.516193708000003,1779965186.8673863,5960,50095,1,12582912,50,0,0,0
9.516193708000003,1779965186.8673863,5960,50096,2,12582912,50,0,0,0
9.516193708000003,1779965186.8673863,5960,50097,3,12582912,40,0,0,0
9.516193708000003,1779965186.8673863,5960,50098,4,12582912,30,0,0,0
9.516193708000003,1779965186.8673863,5960,50099,5,12582912,35,0,0,0
9.516193708000003,1779965186.8673863,5960,50100,6,12582912,47,0,0,0
9.516193708000003,1779965186.8673863,5960,50101,7,12582912,51,0,0,0
9.560245871000006,1779965186.9114382,5961,50102,0,12582912,40,0,0,0
9.560245871000006,1779965186.9114382,5961,50103,1,12582912,27,0,0,0
9.560245871000006,1779965186.9114382,5961,50104,2,12582912,30,0,0,0
9.560245871000006,1779965186.9114382,5961,50105,3,12582912,40,0,0,0
9.560245871000006,1779965186.9114382,5961,50106,4,12582912,42,0,0,0
9.560245871000006,1779965186.9114382,5961,50107,5,12582912,37,0,0,0
9.560245871000006,1779965186.9114382,5961,50108,6,12582912,36,0,0,0
9.560245871000006,1779965186.9114382,5961,50109,7,12582912,45,0,0,0
9.583080629999984,1779965186.934273,5962,50110,0,12582912,45,0,0,0
9.583080629999984,1779965186.934273,5962,50111,1,12582912,33,0,0,0
9.583080629999984,1779965186.934273,5962,50112,2,12582912,27,0,0,0
9.583080629999984,1779965186.934273,5962,50113,3,12582912,31,0,0,0
9.583080629999984,1779965186.934273,5962,50114,4,12582912,43,0,0,0
9.583080629999984,1779965186.934273,5962,50115,5,12582912,50,0,0,0
9.583080629999984,1779965186.934273,5962,50116,6,12582912,48,0,0,0
9.583080629999984,1779965186.934273,5962,50117,7,12582912,40,0,0,0
9.606312111000022,1779965186.9575045,5963,50118,0,12582912,35,0,0,0
9.606312111000022,1779965186.9575045,5963,50119,1,12582912,42,0,0,0
9.606312111000022,1779965186.9575045,5963,50120,2,12582912,50,0,0,0
9.606312111000022,1779965186.9575045,5963,50121,3,12582912,49,0,0,0
9.606312111000022,1779965186.9575045,5963,50122,4,12582912,39,0,0,0
9.606312111000022,1779965186.9575045,5963,50123,5,12582912,28,0,0,0
9.606312111000022,1779965186.9575045,5963,50124,6,12582912,29,0,0,0
9.606312111000022,1779965186.9575045,5963,50125,7,12582912,37,0,0,0
9.683674682999992,1779965187.0348673,5964,50126,0,12582912,40,0,0,0
9.683674682999992,1779965187.0348673,5964,50127,1,12582912,31,0,0,0
9.683674682999992,1779965187.0348673,5964,50128,2,12582912,24,0,0,0
9.683674682999992,1779965187.0348673,5964,50129,3,12582912,36,0,0,0
9.683674682999992,1779965187.0348673,5964,50130,4,12582912,53,0,0,0
9.683674682999992,1779965187.0348673,5964,50131,5,12582912,59,0,0,0
9.683674682999992,1779965187.0348673,5964,50132,6,12582912,47,0,0,0
9.683674682999992,1779965187.0348673,5964,50133,7,12582912,32,0,0,0
9.685264330999985,1779965187.0364559,5965,50134,0,12582912,31,0,0,0
9.685264330999985,1779965187.0364559,5965,50135,1,12582912,36,0,0,0
9.685264330999985,1779965187.0364559,5965,50136,2,12582912,37,0,0,0
9.685264330999985,1779965187.0364559,5965,50137,3,12582912,28,0,0,0
9.685264330999985,1779965187.0364559,5965,50138,4,12582912,23,0,0,0
9.685264330999985,1779965187.0364559,5965,50139,5,12582912,34,0,0,0
9.685264330999985,1779965187.0364559,5965,50140,6,12582912,47,0,0,0
9.685264330999985,1779965187.0364559,5965,50141,7,12582912,48,0,0,0
9.753402711999968,1779965187.1045945,5966,50142,0,12582912,36,0,0,0
9.753402711999968,1779965187.1045945,5966,50143,1,12582912,24,0,0,0
9.753402711999968,1779965187.1045945,5966,50144,2,12582912,29,0,0,0
9.753402711999968,1779965187.1045945,5966,50145,3,12582912,40,0,0,0
9.753402711999968,1779965187.1045945,5966,50146,4,12582912,46,0,0,0
9.753402711999968,1779965187.1045945,5966,50147,5,12582912,42,0,0,0
9.753402711999968,1779965187.1045945,5966,50148,6,12582912,34,0,0,0
9.753402711999968,1779965187.1045945,5966,50149,7,12582912,36,0,0,0
9.754487095000002,1779965187.1056783,5967,50150,0,12582912,42,0,0,0
9.754487095000002,1779965187.1056783,5967,50151,1,12582912,38,0,0,0
9.754487095000002,1779965187.1056783,5967,50152,2,12582912,23,0,0,0
9.754487095000002,1779965187.1056783,5967,50153,3,12582912,13,0,0,0
9.754487095000002,1779965187.1056783,5967,50154,4,12582912,21,0,0,0
9.754487095000002,1779965187.1056783,5967,50155,5,12582912,36,0,0,0
9.754487095000002,1779965187.1056783,5967,50156,6,12582912,42,0,0,0
9.754487095000002,1779965187.1056783,5967,50157,7,12582912,30,0,0,0
9.794423022999979,1779965187.1456158,5968,50158,0,12582912,16,0,0,0
9.794423022999979,1779965187.1456158,5968,50159,1,12582912,20,0,0,0
9.794423022999979,1779965187.1456158,5968,50160,2,12582912,33,0,0,0
9.794423022999979,1779965187.1456158,5968,50161,3,12582912,38,0,0,0
9.794423022999979,1779965187.1456158,5968,50162,4,12582912,27,0,0,0
9.794423022999979,1779965187.1456158,5968,50163,5,12582912,12,0,0,0
9.794423022999979,1779965187.1456158,5968,50164,6,12582912,10,0,0,0
9.794423022999979,1779965187.1456158,5968,50165,7,12582912,22,0,0,0
9.806134987000007,1779965187.157328,5969,50166,0,12582912,37,0,0,0
9.806134987000007,1779965187.157328,5969,50167,1,12582912,39,0,0,0
9.806134987000007,1779965187.157328,5969,50168,2,12582912,35,0,0,0
9.806134987000007,1779965187.157328,5969,50169,3,12582912,39,0,0,0
9.806134987000007,1779965187.157328,5969,50170,4,12582912,46,0,0,0
9.806134987000007,1779965187.157328,5969,50171,5,12582912,50,0,0,0
9.806134987000007,1779965187.157328,5969,50172,6,12582912,40,0,0,0
9.806134987000007,1779965187.157328,5969,50173,7,12582912,19,0,0,0
9.850551833999987,1779965187.201743,5970,50174,0,12582912,12,0,0,0
9.850551833999987,1779965187.201743,5970,50175,1,12582912,19,0,0,0
9.850551833999987,1779965187.201743,5970,50176,2,12582912,23,0,0,0
9.850551833999987,1779965187.201743,5970,50177,3,12582912,25,0,0,0
9.850551833999987,1779965187.201743,5970,50178,4,12582912,33,0,0,0
9.850551833999987,1779965187.201743,5970,50179,5,12582912,49,0,0,0
9.850551833999987,1779965187.201743,5970,50180,6,12582912,63,0,0,0
9.850551833999987,1779965187.201743,5970,50181,7,12582912,67,0,0,0
9.872565646999988,1779965187.223758,5971,50182,0,12582912,58,0,0,0
9.872565646999988,1779965187.223758,5971,50183,1,12582912,41,0,0,0
9.872565646999988,1779965187.223758,5971,50184,2,12582912,30,0,0,0
9.872565646999988,1779965187.223758,5971,50185,3,12582912,30,0,0,0
9.872565646999988,1779965187.223758,5971,50186,4,12582912,39,0,0,0
9.872565646999988,1779965187.223758,5971,50187,5,12582912,39,0,0,0
9.872565646999988,1779965187.223758,5971,50188,6,12582912,30,0,0,0
9.872565646999988,1779965187.223758,5971,50189,7,12582912,30,0,0,0
9.895351704999996,1779965187.2465441,5972,50190,0,12582912,40,0,0,0
9.895351704999996,1779965187.2465441,5972,50191,1,12582912,48,0,0,0
9.895351704999996,1779965187.2465441,5972,50192,2,12582912,42,0,0,0
9.895351704999996,1779965187.2465441,5972,50193,3,12582912,28,0,0,0
9.895351704999996,1779965187.2465441,5972,50194,4,12582912,23,0,0,0
9.895351704999996,1779965187.2465441,5972,50195,5,12582912,28,0,0,0
9.895351704999996,1779965187.2465441,5972,50196,6,12582912,36,0,0,0
9.895351704999996,1779965187.2465441,5972,50197,7,12582912,33,0,0,0
9.956610190999982,1779965187.307803,5973,50198,0,12582912,23,0,0,0
9.956610190999982,1779965187.307803,5973,50199,1,12582912,26,0,0,0
9.956610190999982,1779965187.307803,5973,50200,2,12582912,40,0,0,0
9.956610190999982,1779965187.307803,5973,50201,3,12582912,45,0,0,0
9.956610190999982,1779965187.307803,5973,50202,4,12582912,34,0,0,0
9.956610190999982,1779965187.307803,5973,50203,5,12582912,19,0,0,0
9.956610190999982,1779965187.307803,5973,50204,6,12582912,15,0,0,0
9.956610190999982,1779965187.307803,5973,50205,7,12582912,20,0,0,0
10.009431059999997,1779965187.3606236,5974,50206,0,12582912,27,0,0,0
10.009431059999997,1779965187.3606236,5974,50207,1,12582912,26,0,0,0
10.009431059999997,1779965187.3606236,5974,50208,2,12582912,22,0,0,0
10.009431059999997,1779965187.3606236,5974,50209,3,12582912,28,0,0,0
10.009431059999997,1779965187.3606236,5974,50210,4,12582912,38,0,0,0
10.009431059999997,1779965187.3606236,5974,50211,5,12582912,42,0,0,0
10.009431059999997,1779965187.3606236,5974,50212,6,12582912,38,0,0,0
10.009431059999997,1779965187.3606236,5974,50213,7,12582912,34,0,0,0
10.010900081999978,1779965187.362091,5975,50214,0,12582912,37,0,0,0
10.010900081999978,1779965187.362091,5975,50215,1,12582912,43,0,0,0
10.010900081999978,1779965187.362091,5975,50216,2,12582912,44,0,0,0
10.010900081999978,1779965187.362091,5975,50217,3,12582912,37,0,0,0
10.010900081999978,1779965187.362091,5975,50218,4,12582912,28,0,0,0
10.010900081999978,1779965187.362091,5975,50219,5,12582912,31,0,0,0
10.010900081999978,1779965187.362091,5975,50220,6,12582912,46,0,0,0
10.010900081999978,1779965187.362091,5975,50221,7,12582912,59,0,0,0
10.062955736999982,1779965187.4141471,5976,50222,0,12582912,52,0,0,0
10.062955736999982,1779965187.4141471,5976,50223,1,12582912,32,0,0,0
10.062955736999982,1779965187.4141471,5976,50224,2,12582912,20,0,0,0
10.062955736999982,1779965187.4141471,5976,50225,3,12582912,26,0,0,0
10.062955736999982,1779965187.4141471,5976,50226,4,12582912,38,0,0,0
10.062955736999982,1779965187.4141471,5976,50227,5,12582912,36,0,0,0
10.062955736999982,1779965187.4141471,5976,50228,6,12582912,25,0,0,0
10.062955736999982,1779965187.4141471,5976,50229,7,12582912,24,0,0,0
10.063965431999975,1779965187.4151576,5977,50230,0,12582912,37,0,0,0
10.063965431999975,1779965187.4151576,5977,50231,1,12582912,48,0,0,0
10.063965431999975,1779965187.4151576,5977,50232,2,12582912,43,0,0,0
10.063965431999975,1779965187.4151576,5977,50233,3,12582912,30,0,0,0
10.063965431999975,1779965187.4151576,5977,50234,4,12582912,31,0,0,0
10.063965431999975,1779965187.4151576,5977,50235,5,12582912,45,0,0,0
10.063965431999975,1779965187.4151576,5977,50236,6,12582912,55,0,0,0
10.063965431999975,1779965187.4151576,5977,50237,7,12582912,47,0,0,0
10.086484509000002,1779965187.437677,5978,50238,0,12582912,31,0,0,0
10.086484509000002,1779965187.437677,5978,50239,1,12582912,26,0,0,0
10.086484509000002,1779965187.437677,5978,50240,2,12582912,31,0,0,0
10.086484509000002,1779965187.437677,5978,50241,3,12582912,36,0,0,0
10.086484509000002,1779965187.437677,5978,50242,4,12582912,30,0,0,0
10.086484509000002,1779965187.437677,5978,50243,5,12582912,22,0,0,0
10.086484509000002,1779965187.437677,5978,50244,6,12582912,28,0,0,0
10.086484509000002,1779965187.437677,5978,50245,7,12582912,43,0,0,0
10.130478072000017,1779965187.4816704,5979,50246,0,12582912,57,0,0,0
10.130478072000017,1779965187.4816704,5979,50247,1,12582912,50,0,0,0
10.130478072000017,1779965187.4816704,5979,50248,2,12582912,27,0,0,0
10.130478072000017,1779965187.4816704,5979,50249,3,12582912,18,0,0,0
10.130478072000017,1779965187.4816704,5979,50250,4,12582912,25,0,0,0
10.130478072000017,1779965187.4816704,5979,50251,5,12582912,31,0,0,0
10.130478072000017,1779965187.4816704,5979,50252,6,12582912,25,0,0,0
10.130478072000017,1779965187.4816704,5979,50253,7,12582912,18,0,0,0
10.169227584999987,1779965187.5204203,5980,50254,0,12582912,23,0,0,0
10.169227584999987,1779965187.5204203,5980,50255,1,12582912,36,0,0,0
10.169227584999987,1779965187.5204203,5980,50256,2,12582912,48,0,0,0
10.169227584999987,1779965187.5204203,5980,50257,3,12582912,43,0,0,0
10.169227584999987,1779965187.5204203,5980,50258,4,12582912,31,0,0,0
10.169227584999987,1779965187.5204203,5980,50259,5,12582912,33,0,0,0
10.169227584999987,1779965187.5204203,5980,50260,6,12582912,41,0,0,0
10.169227584999987,1779965187.5204203,5980,50261,7,12582912,43,0,0,0
10.192081508000001,1779965187.5432737,5981,50262,0,12582912,36,0,0,0
10.192081508000001,1779965187.5432737,5981,50263,1,12582912,27,0,0,0
10.192081508000001,1779965187.5432737,5981,50264,2,12582912,26,0,0,0
10.192081508000001,1779965187.5432737,5981,50265,3,12582912,29,0,0,0
10.192081508000001,1779965187.5432737,5981,50266,4,12582912,31,0,0,0
10.192081508000001,1779965187.5432737,5981,50267,5,12582912,21,0,0,0
10.192081508000001,1779965187.5432737,5981,50268,6,12582912,6,0,0,0
10.192081508000001,1779965187.5432737,5981,50269,7,12582912,5,0,0,0
10.245762539999987,1779965187.5969548,5982,50270,0,12582912,14,0,0,0
10.245762539999987,1779965187.5969548,5982,50271,1,12582912,17,0,0,0
10.245762539999987,1779965187.5969548,5982,50272,2,12582912,9,0,0,0
10.245762539999987,1779965187.5969548,5982,50273,3,12582912,-3,0,0,0
10.245762539999987,1779965187.5969548,5982,50274,4,12582912,-2,0,0,0
10.245762539999987,1779965187.5969548,5982,50275,5,12582912,9,0,0,0
10.245762539999987,1779965187.5969548,5982,50276,6,12582912,19,0,0,0
10.245762539999987,1779965187.5969548,5982,50277,7,12582912,12,0,0,0
10.247229946999994,1779965187.598421,5983,50278,0,12582912,-6,0,0,0
10.247229946999994,1779965187.598421,5983,50279,1,12582912,-14,0,0,0
10.247229946999994,1779965187.598421,5983,50280,2,12582912,-9,0,0,0
10.247229946999994,1779965187.598421,5983,50281,3,12582912,1,0,0,0
10.247229946999994,1779965187.598421,5983,50282,4,12582912,7,0,0,0
10.247229946999994,1779965187.598421,5983,50283,5,12582912,0,0,0,0
10.247229946999994,1779965187.598421,5983,50284,6,12582912,-2,0,0,0
10.247229946999994,1779965187.598421,5983,50285,7,12582912,10,0,0,0
10.291188874999989,1779965187.6423817,5984,50286,0,12582912,20,0,0,0
10.291188874999989,1779965187.6423817,5984,50287,1,12582912,12,0,0,0
10.291188874999989,1779965187.6423817,5984,50288,2,12582912,-6,0,0,0
10.291188874999989,1779965187.6423817,5984,50289,3,12582912,-13,0,0,0
10.291188874999989,1779965187.6423817,5984,50290,4,12582912,-6,0,0,0
10.291188874999989,1779965187.6423817,5984,50291,5,12582912,-2,0,0,0
10.291188874999989,1779965187.6423817,5984,50292,6,12582912,-9,0,0,0
10.291188874999989,1779965187.6423817,5984,50293,7,12582912,-15,0,0,0
10.314090350000015,1779965187.665283,5985,50294,0,12582912,-8,0,0,0
10.314090350000015,1779965187.665283,5985,50295,1,12582912,3,0,0,0
10.314090350000015,1779965187.665283,5985,50296,2,12582912,10,0,0,0
10.314090350000015,1779965187.665283,5985,50297,3,12582912,9,0,0,0
10.314090350000015,1779965187.665283,5985,50298,4,12582912,-4,0,0,0
10.314090350000015,1779965187.665283,5985,50299,5,12582912,-12,0,0,0
10.314090350000015,1779965187.665283,5985,50300,6,12582912,-6,0,0,0
10.314090350000015,1779965187.665283,5985,50301,7,12582912,8,0,0,0
10.346231166999985,1779965187.6974237,5986,50302,0,12582912,11,0,0,0
10.346231166999985,1779965187.6974237,5986,50303,1,12582912,1,0,0,0
10.346231166999985,1779965187.6974237,5986,50304,2,12582912,1,0,0,0
10.346231166999985,1779965187.6974237,5986,50305,3,12582912,12,0,0,0
10.346231166999985,1779965187.6974237,5986,50306,4,12582912,20,0,0,0
10.346231166999985,1779965187.6974237,5986,50307,5,12582912,16,0,0,0
10.346231166999985,1779965187.6974237,5986,50308,6,12582912,6,0,0,0
10.346231166999985,1779965187.6974237,5986,50309,7,12582912,2,0,0,0
10.384842188999983,1779965187.7360346,5987,50310,0,12582912,1,0,0,0
10.384842188999983,1779965187.7360346,5987,50311,1,12582912,-2,0,0,0
10.384842188999983,1779965187.7360346,5987,50312,2,12582912,-7,0,0,0
10.384842188999983,1779965187.7360346,5987,50313,3,12582912,-8,0,0,0
10.384842188999983,1779965187.7360346,5987,50314,4,12582912,2,0,0,0
10.384842188999983,1779965187.7360346,5987,50315,5,12582912,15,0,0,0
10.384842188999983,1779965187.7360346,5987,50316,6,12582912,22,0,0,0
10.384842188999983,1779965187.7360346,5987,50317,7,12582912,16,0,0,0
10.408080489999975,1779965187.7592728,5988,50318,0,12582912,-1,0,0,0
10.408080489999975,1779965187.7592728,5988,50319,1,12582912,-10,0,0,0
10.408080489999975,1779965187.7592728,5988,50320,2,12582912,-2,0,0,0
10.408080489999975,1779965187.7592728,5988,50321,3,12582912,12,0,0,0
10.408080489999975,1779965187.7592728,5988,50322,4,12582912,18,0,0,0
10.408080489999975,1779965187.7592728,5988,50323,5,12582912,14,0,0,0
10.408080489999975,1779965187.7592728,5988,50324,6,12582912,9,0,0,0
10.408080489999975,1779965187.7592728,5988,50325,7,12582912,8,0,0,0
10.470300753999993,1779965187.8214924,5989,50326,0,12582912,11,0,0,0
10.470300753999993,1779965187.8214924,5989,50327,1,12582912,7,0,0,0
10.470300753999993,1779965187.8214924,5989,50328,2,12582912,-5,0,0,0
10.470300753999993,1779965187.8214924,5989,50329,3,12582912,-8,0,0,0
10.470300753999993,1779965187.8214924,5989,50330,4,12582912,4,0,0,0
10.470300753999993,1779965187.8214924,5989,50331,5,12582912,20,0,0,0
10.470300753999993,1779965187.8214924,5989,50332,6,12582912,22,0,0,0
10.470300753999993,1779965187.8214924,5989,50333,7,12582912,10,0,0,0
10.47120034400001,1779965187.8223922,5990,50334,0,12582912,1,0,0,0
10.47120034400001,1779965187.8223922,5990,50335,1,12582912,7,0,0,0
10.47120034400001,1779965187.8223922,5990,50336,2,12582912,19,0,0,0
10.47120034400001,1779965187.8223922,5990,50337,3,12582912,18,0,0,0
10.47120034400001,1779965187.8223922,5990,50338,4,12582912,3,0,0,0
10.47120034400001,1779965187.8223922,5990,50339,5,12582912,-2,0,0,0
10.47120034400001,1779965187.8223922,5990,50340,6,12582912,9,0,0,0
10.47120034400001,1779965187.8223922,5990,50341,7,12582912,24,0,0,0
10.519731284999978,1779965187.8709238,5991,50342,0,12582912,21,0,0,0
10.519731284999978,1779965187.8709238,5991,50343,1,12582912,3,0,0,0
10.519731284999978,1779965187.8709238,5991,50344,2,12582912,-8,0,0,0
10.519731284999978,1779965187.8709238,5991,50345,3,12582912,-7,0,0,0
10.519731284999978,1779965187.8709238,5991,50346,4,12582912,6,0,0,0
10.519731284999978,1779965187.8709238,5991,50347,5,12582912,20,0,0,0
10.519731284999978,1779965187.8709238,5991,50348,6,12582912,18,0,0,0
10.519731284999978,1779965187.8709238,5991,50349,7,12582912,13,0,0,0
10.542610208999974,1779965187.8938024,5992,50350,0,12582912,19,0,0,0
10.542610208999974,1779965187.8938024,5992,50351,1,12582912,26,0,0,0
10.542610208999974,1779965187.8938024,5992,50352,2,12582912,21,0,0,0
10.542610208999974,1779965187.8938024,5992,50353,3,12582912,4,0,0,0
10.542610208999974,1779965187.8938024,5992,50354,4,12582912,-6,0,0,0
10.542610208999974,1779965187.8938024,5992,50355,5,12582912,2,0,0,0
10.542610208999974,1779965187.8938024,5992,50356,6,12582912,19,0,0,0
10.542610208999974,1779965187.8938024,5992,50357,7,12582912,23,0,0,0
10.76855164799997,1779965188.119744,5993,50358,0,12582912,10,0,0,0
10.76855164799997,1779965188.119744,5993,50359,1,12582912,5,0,0,0
10.76855164799997,1779965188.119744,5993,50360,2,12582912,16,0,0,0
10.76855164799997,1779965188.119744,5993,50361,3,12582912,150,0,0,0
10.76855164799997,1779965188.119744,5993,50362,4,12582912,495,0,0,0
10.76855164799997,1779965188.119744,5993,50363,5,12582912,683,0,0,0
10.76855164799997,1779965188.119744,5993,50364,6,12582912,299,0,0,0
10.76855164799997,1779965188.119744,5993,50365,7,12582912,-309,0,0,0
10.808525540000005,1779965188.1597178,5994,50366,0,12582912,-416,0,0,0
10.808525540000005,1779965188.1597178,5994,50367,1,12582912,51,0,0,0
10.808525540000005,1779965188.1597178,5994,50368,2,12582912,442,0,0,0
10.808525540000005,1779965188.1597178,5994,50369,3,12582912,266,0,0,0
10.808525540000005,1779965188.1597178,5994,50370,4,12582912,-184,0,0,0
10.808525540000005,1779965188.1597178,5994,50371,5,12582912,-292,0,0,0
10.808525540000005,1779965188.1597178,5994,50372,6,12582912,50,0,0,0
10.808525540000005,1779965188.1597178,5994,50373,7,12582912,349,0,0,0
10.849904962999972,1779965188.2010965,5995,50374,0,12582912,216,0,0,0
10.849904962999972,1779965188.2010965,5995,50375,1,12582912,-131,0,0,0
10.849904962999972,1779965188.2010965,5995,50376,2,12582912,-215,0,0,0
10.849904962999972,1779965188.2010965,5995,50377,3,12582912,46,0,0,0
10.849904962999972,1779965188.2010965,5995,50378,4,12582912,278,0,0,0
10.849904962999972,1779965188.2010965,5995,50379,5,12582912,176,0,0,0
10.849904962999972,1779965188.2010965,5995,50380,6,12582912,-92,0,0,0
10.849904962999972,1779965188.2010965,5995,50381,7,12582912,-152,0,0,0
10.885306893999996,1779965188.2364986,5996,50382,0,12582912,53,0,0,0
10.885306893999996,1779965188.2364986,5996,50383,1,12582912,232,0,0,0
10.885306893999996,1779965188.2364986,5996,50384,2,12582912,152,0,0,0
10.885306893999996,1779965188.2364986,5996,50385,3,12582912,-57,0,0,0
10.885306893999996,1779965188.2364986,5996,50386,4,12582912,-105,0,0,0
10.885306893999996,1779965188.2364986,5996,50387,5,12582912,54,0,0,0
10.885306893999996,1779965188.2364986,5996,50388,6,12582912,185,0,0,0
10.885306893999996,1779965188.2364986,5996,50389,7,12582912,116,0,0,0
10.885900961000004,1779965188.2370908,5997,50390,0,12582912,-43,0,0,0
10.885900961000004,1779965188.2370908,5997,50391,1,12582912,-78,0,0,0
10.885900961000004,1779965188.2370908,5997,50392,2,12582912,39,0,0,0
10.885900961000004,1779965188.2370908,5997,50393,3,12582912,143,0,0,0
10.885900961000004,1779965188.2370908,5997,50394,4,12582912,99,0,0,0
10.885900961000004,1779965188.2370908,5997,50395,5,12582912,-25,0,0,0
10.885900961000004,1779965188.2370908,5997,50396,6,12582912,-57,0,0,0
10.885900961000004,1779965188.2370908,5997,50397,7,12582912,30,0,0,0
10.935768208000013,1779965188.2869604,5998,50398,0,12582912,107,0,0,0
10.935768208000013,1779965188.2869604,5998,50399,1,12582912,71,0,0,0
10.935768208000013,1779965188.2869604,5998,50400,2,12582912,-19,0,0,0
10.935768208000013,1779965188.2869604,5998,50401,3,12582912,-36,0,0,0
10.935768208000013,1779965188.2869604,5998,50402,4,12582912,34,0,0,0
10.935768208000013,1779965188.2869604,5998,50403,5,12582912,95,0,0,0
10.935768208000013,1779965188.2869604,5998,50404,6,12582912,69,0,0,0
10.935768208000013,1779965188.2869604,5998,50405,7,12582912,0,0,0,0
10.95864306599998,1779965188.3098357,5999,50406,0,12582912,-18,0,0,0
10.95864306599998,1779965188.3098357,5999,50407,1,12582912,32,0,0,0
10.95864306599998,1779965188.3098357,5999,50408,2,12582912,82,0,0,0
10.95864306599998,1779965188.3098357,5999,50409,3,12582912,67,0,0,0
10.95864306599998,1779965188.3098357,5999,50410,4,12582912,15,0,0,0
10.95864306599998,1779965188.3098357,5999,50411,5,12582912,-3,0,0,0
10.95864306599998,1779965188.3098357,5999,50412,6,12582912,29,0,0,0
10.95864306599998,1779965188.3098357,5999,50413,7,12582912,67,0,0,0
10.981540945000006,1779965188.3327334,6000,50414,0,12582912,58,0,0,0
10.981540945000006,1779965188.3327334,6000,50415,1,12582912,17,0,0,0
10.981540945000006,1779965188.3327334,6000,50416,2,12582912,0,0,0,0
10.981540945000006,1779965188.3327334,6000,50417,3,12582912,23,0,0,0
10.981540945000006,1779965188.3327334,6000,50418,4,12582912,57,0,0,0
10.981540945000006,1779965188.3327334,6000,50419,5,12582912,63,0,0,0
10.981540945000006,1779965188.3327334,6000,50420,6,12582912,47,0,0,0
10.981540945000006,1779965188.3327334,6000,50421,7,12582912,39,0,0,0
11.020428578999997,1779965188.3716214,6001,50422,0,12582912,46,0,0,0
11.020428578999997,1779965188.3716214,6001,50423,1,12582912,52,0,0,0
11.020428578999997,1779965188.3716214,6001,50424,2,12582912,46,0,0,0
11.020428578999997,1779965188.3716214,6001,50425,3,12582912,34,0,0,0
11.020428578999997,1779965188.3716214,6001,50426,4,12582912,28,0,0,0
11.020428578999997,1779965188.3716214,6001,50427,5,12582912,33,0,0,0
11.020428578999997,1779965188.3716214,6001,50428,6,12582912,45,0,0,0
11.020428578999997,1779965188.3716214,6001,50429,7,12582912,44,0,0,0
11.064660731999993,1779965188.415853,6002,50430,0,12582912,33,0,0,0
11.064660731999993,1779965188.415853,6002,50431,1,12582912,29,0,0,0
11.064660731999993,1779965188.415853,6002,50432,2,12582912,38,0,0,0
11.064660731999993,1779965188.415853,6002,50433,3,12582912,47,0,0,0
11.064660731999993,1779965188.415853,6002,50434,4,12582912,44,0,0,0
11.064660731999993,1779965188.415853,6002,50435,5,12582912,28,0,0,0
11.064660731999993,1779965188.415853,6002,50436,6,12582912,19,0,0,0
11.064660731999993,1779965188.415853,6002,50437,7,12582912,20,0,0,0
11.08746501600001,1779965188.4386578,6003,50438,0,12582912,33,0,0,0
11.08746501600001,1779965188.4386578,6003,50439,1,12582912,45,0,0,0
11.08746501600001,1779965188.4386578,6003,50440,2,12582912,49,0,0,0
11.08746501600001,1779965188.4386578,6003,50441,3,12582912,44,0,0,0
11.08746501600001,1779965188.4386578,6003,50442,4,12582912,35,0,0,0
11.08746501600001,1779965188.4386578,6003,50443,5,12582912,35,0,0,0
11.08746501600001,1779965188.4386578,6003,50444,6,12582912,39,0,0,0
11.08746501600001,1779965188.4386578,6003,50445,7,12582912,39,0,0,0
11.110364405999974,1779965188.461557,6004,50446,0,12582912,31,0,0,0
11.110364405999974,1779965188.461557,6004,50447,1,12582912,21,0,0,0
11.110364405999974,1779965188.461557,6004,50448,2,12582912,22,0,0,0
11.110364405999974,1779965188.461557,6004,50449,3,12582912,38,0,0,0
11.110364405999974,1779965188.461557,6004,50450,4,12582912,53,0,0,0
11.110364405999974,1779965188.461557,6004,50451,5,12582912,51,0,0,0
11.110364405999974,1779965188.461557,6004,50452,6,12582912,40,0,0,0
11.110364405999974,1779965188.461557,6004,50453,7,12582912,35,0,0,0
11.133235253999999,1779965188.4844275,6005,50454,0,12582912,34,0,0,0
11.133235253999999,1779965188.4844275,6005,50455,1,12582912,31,0,0,0
11.133235253999999,1779965188.4844275,6005,50456,2,12582912,33,0,0,0
11.133235253999999,1779965188.4844275,6005,50457,3,12582912,37,0,0,0
11.133235253999999,1779965188.4844275,6005,50458,4,12582912,41,0,0,0
11.133235253999999,1779965188.4844275,6005,50459,5,12582912,46,0,0,0
11.133235253999999,1779965188.4844275,6005,50460,6,12582912,49,0,0,0
11.133235253999999,1779965188.4844275,6005,50461,7,12582912,46,0,0,0
11.185479341000018,1779965188.5366714,6006,50462,0,12582912,36,0,0,0
11.185479341000018,1779965188.5366714,6006,50463,1,12582912,31,0,0,0
11.185479341000018,1779965188.5366714,6006,50464,2,12582912,42,0,0,0
11.185479341000018,1779965188.5366714,6006,50465,3,12582912,57,0,0,0
11.185479341000018,1779965188.5366714,6006,50466,4,12582912,60,0,0,0
11.185479341000018,1779965188.5366714,6006,50467,5,12582912,46,0,0,0
11.185479341000018,1779965188.5366714,6006,50468,6,12582912,32,0,0,0
11.185479341000018,1779965188.5366714,6006,50469,7,12582912,31,0,0,0
11.225731777000021,1779965188.5769243,6007,50470,0,12582912,39,0,0,0
11.225731777000021,1779965188.5769243,6007,50471,1,12582912,37,0,0,0
11.225731777000021,1779965188.5769243,6007,50472,2,12582912,22,0,0,0
11.225731777000021,1779965188.5769243,6007,50473,3,12582912,19,0,0,0
11.225731777000021,1779965188.5769243,6007,50474,4,12582912,33,0,0,0
11.225731777000021,1779965188.5769243,6007,50475,5,12582912,47,0,0,0
11.225731777000021,1779965188.5769243,6007,50476,6,12582912,45,0,0,0
11.225731777000021,1779965188.5769243,6007,50477,7,12582912,34,0,0,0
11.27132518999997,1779965188.6225188,6008,50478,0,12582912,34,0,0,0
11.27132518999997,1779965188.6225188,6008,50479,1,12582912,49,0,0,0
11.27132518999997,1779965188.6225188,6008,50480,2,12582912,60,0,0,0
11.27132518999997,1779965188.6225188,6008,50481,3,12582912,51,0,0,0
11.27132518999997,1779965188.6225188,6008,50482,4,12582912,32,0,0,0
11.27132518999997,1779965188.6225188,6008,50483,5,12582912,28,0,0,0
11.27132518999997,1779965188.6225188,6008,50484,6,12582912,44,0,0,0
11.27132518999997,1779965188.6225188,6008,50485,7,12582912,57,0,0,0
11.272884212000008,1779965188.624076,6009,50486,0,12582912,54,0,0,0
11.272884212000008,1779965188.624076,6009,50487,1,12582912,39,0,0,0
11.272884212000008,1779965188.624076,6009,50488,2,12582912,24,0,0,0
11.272884212000008,1779965188.624076,6009,50489,3,12582912,14,0,0,0
11.272884212000008,1779965188.624076,6009,50490,4,12582912,14,0,0,0
11.272884212000008,1779965188.624076,6009,50491,5,12582912,23,0,0,0
11.272884212000008,1779965188.624076,6009,50492,6,12582912,27,0,0,0
11.272884212000008,1779965188.624076,6009,50493,7,12582912,29,0,0,0
11.316986364000002,1779965188.668179,6010,50494,0,12582912,34,0,0,0
11.316986364000002,1779965188.668179,6010,50495,1,12582912,39,0,0,0
11.316986364000002,1779965188.668179,6010,50496,2,12582912,34,0,0,0
11.316986364000002,1779965188.668179,6010,50497,3,12582912,18,0,0,0
11.316986364000002,1779965188.668179,6010,50498,4,12582912,9,0,0,0
11.316986364000002,1779965188.668179,6010,50499,5,12582912,15,0,0,0
11.316986364000002,1779965188.668179,6010,50500,6,12582912,32,0,0,0
11.316986364000002,1779965188.668179,6010,50501,7,12582912,196,0,0,0
11.360993203000021,1779965188.7121856,6011,50502,0,12582912,283,0,0,160
11.360993203000021,1779965188.7121856,6011,50503,1,12582912,-1,0,0,419
11.360993203000021,1779965188.7121856,6011,50504,2,12582912,-30,0,0,398
11.360993203000021,1779965188.7121856,6011,50505,3,12582912,395,0,0,186
11.360993203000021,1779965188.7121856,6011,50506,4,12582912,492,0,0,48
11.360993203000021,1779965188.7121856,6011,50507,5,12582912,-5,0,0,-33
11.360993203000021,1779965188.7121856,6011,50508,6,12582912,-451,0,0,-78
11.360993203000021,1779965188.7121856,6011,50509,7,12582912,-262,0,0,-63
11.393077764999987,1779965188.744271,6012,50510,0,12582912,263,0,0,-5
11.393077764999987,1779965188.744271,6012,50511,1,12582912,411,0,0,30
11.393077764999987,1779965188.744271,6012,50512,2,12582912,25,0,0,5
11.393077764999987,1779965188.744271,6012,50513,3,12582912,-342,0,0,-39
11.393077764999987,1779965188.744271,6012,50514,4,12582912,-204,0,0,-43
11.393077764999987,1779965188.744271,6012,50515,5,12582912,213,0,0,-7
11.393077764999987,1779965188.744271,6012,50516,6,12582912,338,0,0,18
11.393077764999987,1779965188.744271,6012,50517,7,12582912,44,0,0,0
11.434033695999972,1779965188.7852263,6013,50518,0,12582912,-239,0,0,-32
11.434033695999972,1779965188.7852263,6013,50519,1,12582912,-140,0,0,-35
11.434033695999972,1779965188.7852263,6013,50520,2,12582912,173,0,0,-7
11.434033695999972,1779965188.7852263,6013,50521,3,12582912,265,0,0,12
11.434033695999972,1779965188.7852263,6013,50522,4,12582912,33,0,0,-2
11.434033695999972,1779965188.7852263,6013,50523,5,12582912,-193,0,0,-27
11.434033695999972,1779965188.7852263,6013,50524,6,12582912,-117,0,0,-29
11.434033695999972,1779965188.7852263,6013,50525,7,12582912,134,0,0,-8
11.487184820999971,1779965188.838377,6014,50526,0,12582912,217,0,0,7
11.487184820999971,1779965188.838377,6014,50527,1,12582912,44,0,0,-3
11.487184820999971,1779965188.838377,6014,50528,2,12582912,-130,0,0,-23
11.487184820999971,1779965188.838377,6014,50529,3,12582912,-77,0,0,-25
11.487184820999971,1779965188.838377,6014,50530,4,12582912,107,0,0,-8
11.487184820999971,1779965188.838377,6014,50531,5,12582912,165,0,0,4
11.487184820999971,1779965188.838377,6014,50532,6,12582912,33,0,0,-4
11.487184820999971,1779965188.838377,6014,50533,7,12582912,-102,0,0,-19
11.488767854000002,1779965188.8399594,6015,50534,0,12582912,-60,0,0,-21
11.488767854000002,1779965188.8399594,6015,50535,1,12582912,91,0,0,-8
11.488767854000002,1779965188.8399594,6015,50536,2,12582912,142,0,0,1
11.488767854000002,1779965188.8399594,6015,50537,3,12582912,38,0,0,-5
11.488767854000002,1779965188.8399594,6015,50538,4,12582912,-72,0,0,-17
11.488767854000002,1779965188.8399594,6015,50539,5,12582912,-44,0,0,-18
11.488767854000002,1779965188.8399594,6015,50540,6,12582912,76,0,0,-8
11.488767854000002,1779965188.8399594,6015,50541,7,12582912,122,0,0,-1
11.511523648999969,1779965188.8627162,6016,50542,0,12582912,42,0,0,-5
11.511523648999969,1779965188.8627162,6016,50543,1,12582912,-48,0,0,-15
11.511523648999969,1779965188.8627162,6016,50544,2,12582912,-30,0,0,-15
11.511523648999969,1779965188.8627162,6016,50545,3,12582912,56,0,0,-7
11.511523648999969,1779965188.8627162,6016,50546,4,12582912,86,0,0,-2
11.511523648999969,1779965188.8627162,6016,50547,5,12582912,26,0,0,-6
11.511523648999969,1779965188.8627162,6016,50548,6,12582912,-38,0,0,-13
11.511523648999969,1779965188.8627162,6016,50549,7,12582912,-21,0,0,-13
11.53444850699998,1779965188.8856404,6017,50550,0,12582912,55,0,0,-7
11.53444850699998,1779965188.8856404,6017,50551,1,12582912,94,0,0,-3
11.53444850699998,1779965188.8856404,6017,50552,2,12582912,57,0,0,-6
11.53444850699998,1779965188.8856404,6017,50553,3,12582912,3,0,0,-11
11.53444850699998,1779965188.8856404,6017,50554,4,12582912,9,0,0,-12
11.53444850699998,1779965188.8856404,6017,50555,5,12582912,55,0,0,-7
11.53444850699998,1779965188.8856404,6017,50556,6,12582912,68,0,0,-4
11.53444850699998,1779965188.8856404,6017,50557,7,12582912,28,0,0,-6
11.578740816999982,1779965188.9299324,6018,50558,0,12582912,-14,0,0,-10
11.578740816999982,1779965188.9299324,6018,50559,1,12582912,1,0,0,-10
11.578740816999982,1779965188.9299324,6018,50560,2,12582912,50,0,0,-7
11.578740816999982,1779965188.9299324,6018,50561,3,12582912,67,0,0,-4
11.578740816999982,1779965188.9299324,6018,50562,4,12582912,32,0,0,-6
11.578740816999982,1779965188.9299324,6018,50563,5,12582912,-9,0,0,-9
11.578740816999982,1779965188.9299324,6018,50564,6,12582912,1,0,0,-9
11.578740816999982,1779965188.9299324,6018,50565,7,12582912,47,0,0,-6
11.600662125999975,1779965188.9518533,6019,50566,0,12582912,69,0,0,-4
11.600662125999975,1779965188.9518533,6019,50567,1,12582912,46,0,0,-6
11.600662125999975,1779965188.9518533,6019,50568,2,12582912,7,0,0,-8
11.600662125999975,1779965188.9518533,6019,50569,3,12582912,5,0,0,-8
11.600662125999975,1779965188.9518533,6019,50570,4,12582912,33,0,0,-6
11.600662125999975,1779965188.9518533,6019,50571,5,12582912,52,0,0,-4
11.600662125999975,1779965188.9518533,6019,50572,6,12582912,44,0,0,-5
11.600662125999975,1779965188.9518533,6019,50573,7,12582912,24,0,0,-7
11.647634299999993,1779965188.998826,6020,50574,0,12582912,31,0,0,-7
11.647634299999993,1779965188.998826,6020,50575,1,12582912,60,0,0,-6
11.647634299999993,1779965188.998826,6020,50576,2,12582912,74,0,0,-4
11.647634299999993,1779965188.998826,6020,50577,3,12582912,65,0,0,-5
11.647634299999993,1779965188.998826,6020,50578,4,12582912,47,0,0,-7
11.647634299999993,1779965188.998826,6020,50579,5,12582912,39,0,0,-7
11.647634299999993,1779965188.998826,6020,50580,6,12582912,47,0,0,-5
11.647634299999993,1779965188.998826,6020,50581,7,12582912,55,0,0,-4
11.691625508000016,1779965189.0428169,6021,50582,0,12582912,48,0,0,-5
11.691625508000016,1779965189.0428169,6021,50583,1,12582912,33,0,0,-6
11.691625508000016,1779965189.0428169,6021,50584,2,12582912,33,0,0,-6
11.691625508000016,1779965189.0428169,6021,50585,3,12582912,47,0,0,-5
11.691625508000016,1779965189.0428169,6021,50586,4,12582912,50,0,0,-4
11.691625508000016,1779965189.0428169,6021,50587,5,12582912,29,0,0,-5
11.691625508000016,1779965189.0428169,6021,50588,6,12582912,3,0,0,-6
11.691625508000016,1779965189.0428169,6021,50589,7,12582912,2,0,0,-6
11.692317596999999,1779965189.043509,6022,50590,0,12582912,24,0,0,-5
11.692317596999999,1779965189.043509,6022,50591,1,12582912,42,0,0,-4
11.692317596999999,1779965189.043509,6022,50592,2,12582912,41,0,0,-5
11.692317596999999,1779965189.043509,6022,50593,3,12582912,26,0,0,-5
11.692317596999999,1779965189.043509,6022,50594,4,12582912,20,0,0,-5
11.692317596999999,1779965189.043509,6022,50595,5,12582912,26,0,0,-5
11.692317596999999,1779965189.043509,6022,50596,6,12582912,32,0,0,-4
11.692317596999999,1779965189.043509,6022,50597,7,12582912,25,0,0,-4
11.729775372000006,1779965189.080967,6023,50598,0,12582912,14,0,0,-5
11.729775372000006,1779965189.080967,6023,50599,1,12582912,20,0,0,-5
11.729775372000006,1779965189.080967,6023,50600,2,12582912,36,0,0,-4
11.729775372000006,1779965189.080967,6023,50601,3,12582912,44,0,0,-4
11.729775372000006,1779965189.080967,6023,50602,4,12582912,37,0,0,-4
11.729775372000006,1779965189.080967,6023,50603,5,12582912,23,0,0,-4
11.729775372000006,1779965189.080967,6023,50604,6,12582912,26,0,0,-4
11.729775372000006,1779965189.080967,6023,50605,7,12582912,41,0,0,-4
11.772990116000017,1779965189.1241822,6024,50606,0,12582912,45,0,0,-4
11.772990116000017,1779965189.1241822,6024,50607,1,12582912,35,0,0,-4
11.772990116000017,1779965189.1241822,6024,50608,2,12582912,23,0,0,-4
11.772990116000017,1779965189.1241822,6024,50609,3,12582912,19,0,0,-4
11.772990116000017,1779965189.1241822,6024,50610,4,12582912,31,0,0,-4
11.772990116000017,1779965189.1241822,6024,50611,5,12582912,46,0,0,-4
11.772990116000017,1779965189.1241822,6024,50612,6,12582912,47,0,0,-4
11.772990116000017,1779965189.1241822,6024,50613,7,12582912,35,0,0,-4
11.795444395000004,1779965189.1466367,6025,50614,0,12582912,31,0,0,-4
11.795444395000004,1779965189.1466367,6025,50615,1,12582912,36,0,0,-4
11.795444395000004,1779965189.1466367,6025,50616,2,12582912,41,0,0,-3
11.795444395000004,1779965189.1466367,6025,50617,3,12582912,44,0,0,-3
11.795444395000004,1779965189.1466367,6025,50618,4,12582912,37,0,0,-4
11.795444395000004,1779965189.1466367,6025,50619,5,12582912,32,0,0,-4
11.795444395000004,1779965189.1466367,6025,50620,6,12582912,40,0,0,-3
11.795444395000004,1779965189.1466367,6025,50621,7,12582912,51,0,0,-3
11.891394161999983,1779965189.2425869,6026,50622,0,12582912,48,0,0,-3
11.891394161999983,1779965189.2425869,6026,50623,1,12582912,32,0,0,-3
11.891394161999983,1779965189.2425869,6026,50624,2,12582912,20,0,0,-3
11.891394161999983,1779965189.2425869,6026,50625,3,12582912,20,0,0,-3
11.891394161999983,1779965189.2425869,6026,50626,4,12582912,26,0,0,-3
11.891394161999983,1779965189.2425869,6026,50627,5,12582912,25,0,0,-3
11.891394161999983,1779965189.2425869,6026,50628,6,12582912,14,0,0,-3
11.891394161999983,1779965189.2425869,6026,50629,7,12582912,15,0,0,-3
11.902230803999998,1779965189.253424,6027,50630,0,12582912,33,0,0,-3
11.902230803999998,1779965189.253424,6027,50631,1,12582912,48,0,0,-3
11.902230803999998,1779965189.253424,6027,50632,2,12582912,45,0,0,-3
11.902230803999998,1779965189.253424,6027,50633,3,12582912,25,0,0,-3
11.902230803999998,1779965189.253424,6027,50634,4,12582912,11,0,0,-3
11.902230803999998,1779965189.253424,6027,50635,5,12582912,19,0,0,-3
11.902230803999998,1779965189.253424,6027,50636,6,12582912,33,0,0,-3
11.902230803999998,1779965189.253424,6027,50637,7,12582912,36,0,0,-3
11.903714251999986,1779965189.2549062,6028,50638,0,12582912,23,0,0,-3
11.903714251999986,1779965189.2549062,6028,50639,1,12582912,18,0,0,-3
11.903714251999986,1779965189.2549062,6028,50640,2,12582912,33,0,0,-3
11.903714251999986,1779965189.2549062,6028,50641,3,12582912,49,0,0,-3
11.903714251999986,1779965189.2549062,6028,50642,4,12582912,49,0,0,-3
11.903714251999986,1779965189.2549062,6028,50643,5,12582912,29,0,0,-3
11.903714251999986,1779965189.2549062,6028,50644,6,12582912,16,0,0,-3
11.903714251999986,1779965189.2549062,6028,50645,7,12582912,23,0,0,-2
11.926596450999966,1779965189.2777889,6029,50646,0,12582912,38,0,0,-2
11.926596450999966,1779965189.2777889,6029,50647,1,12582912,42,0,0,-2
11.926596450999966,1779965189.2777889,6029,50648,2,12582912,29,0,0,-2
11.926596450999966,1779965189.2777889,6029,50649,3,12582912,23,0,0,-2
11.926596450999966,1779965189.2777889,6029,50650,4,12582912,33,0,0,-2
11.926596450999966,1779965189.2777889,6029,50651,5,12582912,43,0,0,-2
11.926596450999966,1779965189.2777889,6029,50652,6,12582912,38,0,0,-2
11.926596450999966,1779965189.2777889,6029,50653,7,12582912,21,0,0,-2
11.979928143999985,1779965189.3311207,6030,50654,0,12582912,16,0,0,-2
11.979928143999985,1779965189.3311207,6030,50655,1,12582912,26,0,0,-2
11.979928143999985,1779965189.3311207,6030,50656,2,12582912,38,0,0,-2
11.979928143999985,1779965189.3311207,6030,50657,3,12582912,43,0,0,-2
11.979928143999985,1779965189.3311207,6030,50658,4,12582912,36,0,0,-2
11.979928143999985,1779965189.3311207,6030,50659,5,12582912,24,0,0,-2
11.979928143999985,1779965189.3311207,6030,50660,6,12582912,20,0,0,-2
11.979928143999985,1779965189.3311207,6030,50661,7,12582912,25,0,0,-2
11.981550655999968,1779965189.3327427,6031,50662,0,12582912,30,0,0,-2
11.981550655999968,1779965189.3327427,6031,50663,1,12582912,28,0,0,-2
11.981550655999968,1779965189.3327427,6031,50664,2,12582912,35,0,0,-2
11.981550655999968,1779965189.3327427,6031,50665,3,12582912,48,0,0,-2
11.981550655999968,1779965189.3327427,6031,50666,4,12582912,49,0,0,-2
11.981550655999968,1779965189.3327427,6031,50667,5,12582912,33,0,0,-2
11.981550655999968,1779965189.3327427,6031,50668,6,12582912,9,0,0,-2
11.981550655999968,1779965189.3327427,6031,50669,7,12582912,1,0,0,-2
12.025461812000003,1779965189.3766544,6032,50670,0,12582912,12,0,0,-2
12.025461812000003,1779965189.3766544,6032,50671,1,12582912,28,0,0,-2
12.025461812000003,1779965189.3766544,6032,50672,2,12582912,38,0,0,-2
12.025461812000003,1779965189.3766544,6032,50673,3,12582912,34,0,0,-2
12.025461812000003,1779965189.3766544,6032,50674,4,12582912,26,0,0,-2
12.025461812000003,1779965189.3766544,6032,50675,5,12582912,31,0,0,-2
12.025461812000003,1779965189.3766544,6032,50676,6,12582912,41,0,0,-2
12.025461812000003,1779965189.3766544,6032,50677,7,12582912,41,0,0,-2
12.099315113999978,1779965189.4505074,6033,50678,0,12582912,31,0,0,-2
12.099315113999978,1779965189.4505074,6033,50679,1,12582912,30,0,0,-2
12.099315113999978,1779965189.4505074,6033,50680,2,12582912,41,0,0,-2
12.099315113999978,1779965189.4505074,6033,50681,3,12582912,51,0,0,-2
12.099315113999978,1779965189.4505074,6033,50682,4,12582912,52,0,0,-2
12.099315113999978,1779965189.4505074,6033,50683,5,12582912,44,0,0,-2
12.099315113999978,1779965189.4505074,6033,50684,6,12582912,41,0,0,-2
12.099315113999978,1779965189.4505074,6033,50685,7,12582912,49,0,0,-1
12.100944814000002,1779965189.4521365,6034,50686,0,12582912,53,0,0,-1
12.100944814000002,1779965189.4521365,6034,50687,1,12582912,41,0,0,-1
12.100944814000002,1779965189.4521365,6034,50688,2,12582912,24,0,0,-1
12.100944814000002,1779965189.4521365,6034,50689,3,12582912,25,0,0,-1
12.100944814000002,1779965189.4521365,6034,50690,4,12582912,41,0,0,-1
12.100944814000002,1779965189.4521365,6034,50691,5,12582912,51,0,0,-1
12.100944814000002,1779965189.4521365,6034,50692,6,12582912,46,0,0,-1
12.100944814000002,1779965189.4521365,6034,50693,7,12582912,34,0,0,-1
12.124071076999996,1779965189.4752638,6035,50694,0,12582912,30,0,0,-1
12.124071076999996,1779965189.4752638,6035,50695,1,12582912,36,0,0,-1
12.124071076999996,1779965189.4752638,6035,50696,2,12582912,40,0,0,-1
12.124071076999996,1779965189.4752638,6035,50697,3,12582912,32,0,0,-1
12.124071076999996,1779965189.4752638,6035,50698,4,12582912,19,0,0,-1
12.124071076999996,1779965189.4752638,6035,50699,5,12582912,24,0,0,-1
12.124071076999996,1779965189.4752638,6035,50700,6,12582912,45,0,0,-1
12.124071076999996,1779965189.4752638,6035,50701,7,12582912,60,0,0,-1
12.147034839000014,1779965189.4982271,6036,50702,0,12582912,50,0,0,-1
12.147034839000014,1779965189.4982271,6036,50703,1,12582912,20,0,0,-1
12.147034839000014,1779965189.4982271,6036,50704,2,12582912,8,0,0,-1
12.147034839000014,1779965189.4982271,6036,50705,3,12582912,20,0,0,-1
12.147034839000014,1779965189.4982271,6036,50706,4,12582912,36,0,0,-1
12.147034839000014,1779965189.4982271,6036,50707,5,12582912,41,0,0,-1
12.147034839000014,1779965189.4982271,6036,50708,6,12582912,33,0,0,-1
12.147034839000014,1779965189.4982271,6036,50709,7,12582912,30,0,0,-1
12.170841055999972,1779965189.5220335,6037,50710,0,12582912,37,0,0,-1
12.170841055999972,1779965189.5220335,6037,50711,1,12582912,43,0,0,-1
12.170841055999972,1779965189.5220335,6037,50712,2,12582912,38,0,0,-1
12.170841055999972,1779965189.5220335,6037,50713,3,12582912,23,0,0,-1
12.170841055999972,1779965189.5220335,6037,50714,4,12582912,21,0,0,-1
12.170841055999972,1779965189.5220335,6037,50715,5,12582912,34,0,0,-1
12.170841055999972,1779965189.5220335,6037,50716,6,12582912,46,0,0,-1
12.170841055999972,1779965189.5220335,6037,50717,7,12582912,48,0,0,-1
12.222660133999966,1779965189.5738528,6038,50718,0,12582912,34,0,0,-1
12.222660133999966,1779965189.5738528,6038,50719,1,12582912,24,0,0,-1
12.222660133999966,1779965189.5738528,6038,50720,2,12582912,32,0,0,-1
12.222660133999966,1779965189.5738528,6038,50721,3,12582912,46,0,0,-1
12.222660133999966,1779965189.5738528,6038,50722,4,12582912,51,0,0,-1
12.222660133999966,1779965189.5738528,6038,50723,5,12582912,38,0,0,-1
12.222660133999966,1779965189.5738528,6038,50724,6,12582912,26,0,0,-1
12.222660133999966,1779965189.5738528,6038,50725,7,12582912,32,0,0,-1
12.245536394999988,1779965189.5967288,6039,50726,0,12582912,44,0,0,-1
12.245536394999988,1779965189.5967288,6039,50727,1,12582912,49,0,0,-1
12.245536394999988,1779965189.5967288,6039,50728,2,12582912,40,0,0,-1
12.245536394999988,1779965189.5967288,6039,50729,3,12582912,35,0,0,-1
12.245536394999988,1779965189.5967288,6039,50730,4,12582912,42,0,0,-1
12.245536394999988,1779965189.5967288,6039,50731,5,12582912,44,0,0,-1
12.245536394999988,1779965189.5967288,6039,50732,6,12582912,33,0,0,-1
12.245536394999988,1779965189.5967288,6039,50733,7,12582912,22,0,0,-1
12.284032041999978,1779965189.6352246,6040,50734,0,12582912,29,0,0,-1
12.284032041999978,1779965189.6352246,6040,50735,1,12582912,48,0,0,-1
12.284032041999978,1779965189.6352246,6040,50736,2,12582912,58,0,0,-1
12.284032041999978,1779965189.6352246,6040,50737,3,12582912,58,0,0,-1
12.284032041999978,1779965189.6352246,6040,50738,4,12582912,52,0,0,-1
12.284032041999978,1779965189.6352246,6040,50739,5,12582912,51,0,0,-1
12.284032041999978,1779965189.6352246,6040,50740,6,12582912,54,0,0,-1
12.284032041999978,1779965189.6352246,6040,50741,7,12582912,48,0,0,-1
12.306948513000009,1779965189.658141,6041,50742,0,12582912,29,0,0,-1
12.306948513000009,1779965189.658141,6041,50743,1,12582912,16,0,0,-1
12.306948513000009,1779965189.658141,6041,50744,2,12582912,21,0,0,-1
12.306948513000009,1779965189.658141,6041,50745,3,12582912,37,0,0,-1
12.306948513000009,1779965189.658141,6041,50746,4,12582912,51,0,0,-1
12.306948513000009,1779965189.658141,6041,50747,5,12582912,53,0,0,-1
12.306948513000009,1779965189.658141,6041,50748,6,12582912,41,0,0,-1
12.306948513000009,1779965189.658141,6041,50749,7,12582912,35,0,0,-1
12.350829303000012,1779965189.7020211,6042,50750,0,12582912,42,0,0,-1
12.350829303000012,1779965189.7020211,6042,50751,1,12582912,51,0,0,-1
12.350829303000012,1779965189.7020211,6042,50752,2,12582912,46,0,0,-1
12.350829303000012,1779965189.7020211,6042,50753,3,12582912,24,0,0,-1
12.350829303000012,1779965189.7020211,6042,50754,4,12582912,18,0,0,-1
12.350829303000012,1779965189.7020211,6042,50755,5,12582912,35,0,0,-1
12.350829303000012,1779965189.7020211,6042,50756,6,12582912,49,0,0,-1
12.350829303000012,1779965189.7020211,6042,50757,7,12582912,41,0,0,-1
12.37275701599998,1779965189.7239492,6043,50758,0,12582912,18,0,0,-1
12.37275701599998,1779965189.7239492,6043,50759,1,12582912,9,0,0,-1
12.37275701599998,1779965189.7239492,6043,50760,2,12582912,19,0,0,-1
12.37275701599998,1779965189.7239492,6043,50761,3,12582912,32,0,0,-1
12.37275701599998,1779965189.7239492,6043,50762,4,12582912,37,0,0,-1
12.37275701599998,1779965189.7239492,6043,50763,5,12582912,28,0,0,-1
12.37275701599998,1779965189.7239492,6043,50764,6,12582912,28,0,0,-1
12.37275701599998,1779965189.7239492,6043,50765,7,12582912,45,0,0,-1
12.394600717999992,1779965189.7457926,6044,50766,0,12582912,57,0,0,-1
12.394600717999992,1779965189.7457926,6044,50767,1,12582912,51,0,0,-1
12.394600717999992,1779965189.7457926,6044,50768,2,12582912,31,0,0,-1
12.394600717999992,1779965189.7457926,6044,50769,3,12582912,23,0,0,-1
12.394600717999992,1779965189.7457926,6044,50770,4,12582912,33,0,0,-1
12.394600717999992,1779965189.7457926,6044,50771,5,12582912,43,0,0,-1
12.394600717999992,1779965189.7457926,6044,50772,6,12582912,46,0,0,0
12.394600717999992,1779965189.7457926,6044,50773,7,12582912,41,0,0,0
12.430734524999991,1779965189.7819273,6045,50774,0,12582912,41,0,0,0
12.430734524999991,1779965189.7819273,6045,50775,1,12582912,49,0,0,0
12.430734524999991,1779965189.7819273,6045,50776,2,12582912,54,0,0,0
12.430734524999991,1779965189.7819273,6045,50777,3,12582912,55,0,0,0
12.430734524999991,1779965189.7819273,6045,50778,4,12582912,52,0,0,0
12.430734524999991,1779965189.7819273,6045,50779,5,12582912,57,0,0,0
12.430734524999991,1779965189.7819273,6045,50780,6,12582912,74,0,0,0
12.430734524999991,1779965189.7819273,6045,50781,7,12582912,91,0,0,0
12.522439572999986,1779965189.873632,6046,50782,0,12582912,97,0,0,0
12.522439572999986,1779965189.873632,6046,50783,1,12582912,85,0,0,0
12.522439572999986,1779965189.873632,6046,50784,2,12582912,76,0,0,0
12.522439572999986,1779965189.873632,6046,50785,3,12582912,81,0,0,0
12.522439572999986,1779965189.873632,6046,50786,4,12582912,91,0,0,0
12.522439572999986,1779965189.873632,6046,50787,5,12582912,89,0,0,0
12.522439572999986,1779965189.873632,6046,50788,6,12582912,73,0,0,0
12.522439572999986,1779965189.873632,6046,50789,7,12582912,66,0,0,0
12.523898281000015,1779965189.8750896,6047,50790,0,12582912,72,0,0,0
12.523898281000015,1779965189.8750896,6047,50791,1,12582912,76,0,0,0
12.523898281000015,1779965189.8750896,6047,50792,2,12582912,71,0,0,0
12.523898281000015,1779965189.8750896,6047,50793,3,12582912,59,0,0,0
12.523898281000015,1779965189.8750896,6047,50794,4,12582912,61,0,0,0
12.523898281000015,1779965189.8750896,6047,50795,5,12582912,78,0,0,0
12.523898281000015,1779965189.8750896,6047,50796,6,12582912,92,0,0,0
12.523898281000015,1779965189.8750896,6047,50797,7,12582912,90,0,0,0
12.52535495899997,1779965189.8765464,6048,50798,0,12582912,71,0,0,0
12.52535495899997,1779965189.8765464,6048,50799,1,12582912,67,0,0,0
12.52535495899997,1779965189.8765464,6048,50800,2,12582912,84,0,0,0
12.52535495899997,1779965189.8765464,6048,50801,3,12582912,90,0,0,0
12.52535495899997,1779965189.8765464,6048,50802,4,12582912,77,0,0,0
12.52535495899997,1779965189.8765464,6048,50803,5,12582912,54,0,0,0
12.52535495899997,1779965189.8765464,6048,50804,6,12582912,44,0,0,0
12.52535495899997,1779965189.8765464,6048,50805,7,12582912,54,0,0,0
12.569219395000005,1779965189.9204116,6049,50806,0,12582912,71,0,0,0
12.569219395000005,1779965189.9204116,6049,50807,1,12582912,78,0,0,0
12.569219395000005,1779965189.9204116,6049,50808,2,12582912,69,0,0,0
12.569219395000005,1779965189.9204116,6049,50809,3,12582912,66,0,0,0
12.569219395000005,1779965189.9204116,6049,50810,4,12582912,78,0,0,0
12.569219395000005,1779965189.9204116,6049,50811,5,12582912,87,0,0,0
12.569219395000005,1779965189.9204116,6049,50812,6,12582912,81,0,0,0
12.569219395000005,1779965189.9204116,6049,50813,7,12582912,63,0,0,0
12.592068052999991,1779965189.9432604,6050,50814,0,12582912,53,0,0,0
12.592068052999991,1779965189.9432604,6050,50815,1,12582912,58,0,0,0
12.592068052999991,1779965189.9432604,6050,50816,2,12582912,64,0,0,0
12.592068052999991,1779965189.9432604,6050,50817,3,12582912,62,0,0,0
12.592068052999991,1779965189.9432604,6050,50818,4,12582912,52,0,0,0
12.592068052999991,1779965189.9432604,6050,50819,5,12582912,49,0,0,0
12.592068052999991,1779965189.9432604,6050,50820,6,12582912,56,0,0,0
12.592068052999991,1779965189.9432604,6050,50821,7,12582912,64,0,0,0
12.636468222000019,1779965189.987661,6051,50822,0,12582912,67,0,0,0
12.636468222000019,1779965189.987661,6051,50823,1,12582912,60,0,0,0
12.636468222000019,1779965189.987661,6051,50824,2,12582912,58,0,0,0
12.636468222000019,1779965189.987661,6051,50825,3,12582912,69,0,0,0
12.636468222000019,1779965189.987661,6051,50826,4,12582912,80,0,0,0
12.636468222000019,1779965189.987661,6051,50827,5,12582912,78,0,0,0
12.636468222000019,1779965189.987661,6051,50828,6,12582912,59,0,0,0
12.636468222000019,1779965189.987661,6051,50829,7,12582912,48,0,0,0
12.659327711999993,1779965190.01052,6052,50830,0,12582912,60,0,0,0
12.659327711999993,1779965190.01052,6052,50831,1,12582912,78,0,0,0
12.659327711999993,1779965190.01052,6052,50832,2,12582912,83,0,0,0
12.659327711999993,1779965190.01052,6052,50833,3,12582912,71,0,0,0
12.659327711999993,1779965190.01052,6052,50834,4,12582912,60,0,0,0
12.659327711999993,1779965190.01052,6052,50835,5,12582912,67,0,0,0
12.659327711999993,1779965190.01052,6052,50836,6,12582912,81,0,0,0
12.659327711999993,1779965190.01052,6052,50837,7,12582912,86,0,0,0
12.72210821699997,1779965190.0733004,6053,50838,0,12582912,76,0,0,0
12.72210821699997,1779965190.0733004,6053,50839,1,12582912,67,0,0,0
12.72210821699997,1779965190.0733004,6053,50840,2,12582912,69,0,0,0
12.72210821699997,1779965190.0733004,6053,50841,3,12582912,79,0,0,0
12.72210821699997,1779965190.0733004,6053,50842,4,12582912,84,0,0,0
12.72210821699997,1779965190.0733004,6053,50843,5,12582912,76,0,0,0
12.72210821699997,1779965190.0733004,6053,50844,6,12582912,66,0,0,0
12.72210821699997,1779965190.0733004,6053,50845,7,12582912,66,0,0,0
12.723615988000006,1779965190.0748086,6054,50846,0,12582912,69,0,0,0
12.723615988000006,1779965190.0748086,6054,50847,1,12582912,69,0,0,0
12.723615988000006,1779965190.0748086,6054,50848,2,12582912,58,0,0,0
12.723615988000006,1779965190.0748086,6054,50849,3,12582912,49,0,0,0
12.723615988000006,1779965190.0748086,6054,50850,4,12582912,53,0,0,0
12.723615988000006,1779965190.0748086,6054,50851,5,12582912,62,0,0,0
12.723615988000006,1779965190.0748086,6054,50852,6,12582912,63,0,0,0
12.723615988000006,1779965190.0748086,6054,50853,7,12582912,53,0,0,0
12.790531678999969,1779965190.1417234,6055,50854,0,12582912,48,0,0,0
12.790531678999969,1779965190.1417234,6055,50855,1,12582912,60,0,0,0
12.790531678999969,1779965190.1417234,6055,50856,2,12582912,78,0,0,0
12.790531678999969,1779965190.1417234,6055,50857,3,12582912,83,0,0,0
12.790531678999969,1779965190.1417234,6055,50858,4,12582912,70,0,0,0
12.790531678999969,1779965190.1417234,6055,50859,5,12582912,59,0,0,0
12.790531678999969,1779965190.1417234,6055,50860,6,12582912,62,0,0,0
12.790531678999969,1779965190.1417234,6055,50861,7,12582912,65,0,0,0
12.791651582999975,1779965190.142842,6056,50862,0,12582912,59,0,0,0
12.791651582999975,1779965190.142842,6056,50863,1,12582912,45,0,0,0
12.791651582999975,1779965190.142842,6056,50864,2,12582912,39,0,0,0
12.791651582999975,1779965190.142842,6056,50865,3,12582912,53,0,0,0
12.791651582999975,1779965190.142842,6056,50866,4,12582912,72,0,0,0
12.791651582999975,1779965190.142842,6056,50867,5,12582912,77,0,0,0
12.791651582999975,1779965190.142842,6056,50868,6,12582912,61,0,0,0
12.791651582999975,1779965190.142842,6056,50869,7,12582912,44,0,0,0
12.813886588000003,1779965190.1650789,6057,50870,0,12582912,48,0,0,0
12.813886588000003,1779965190.1650789,6057,50871,1,12582912,60,0,0,0
12.813886588000003,1779965190.1650789,6057,50872,2,12582912,61,0,0,0
12.813886588000003,1779965190.1650789,6057,50873,3,12582912,42,0,0,0
12.813886588000003,1779965190.1650789,6057,50874,4,12582912,24,0,0,0
12.813886588000003,1779965190.1650789,6057,50875,5,12582912,30,0,0,0
12.813886588000003,1779965190.1650789,6057,50876,6,12582912,51,0,0,0
12.813886588000003,1779965190.1650789,6057,50877,7,12582912,64,0,0,0
12.851313108,1779965190.2025044,6058,50878,0,12582912,56,0,0,0
12.851313108,1779965190.2025044,6058,50879,1,12582912,47,0,0,0
12.851313108,1779965190.2025044,6058,50880,2,12582912,50,0,0,0
12.851313108,1779965190.2025044,6058,50881,3,12582912,55,0,0,0
12.851313108,1779965190.2025044,6058,50882,4,12582912,58,0,0,0
12.851313108,1779965190.2025044,6058,50883,5,12582912,57,0,0,0
12.851313108,1779965190.2025044,6058,50884,6,12582912,57,0,0,0
12.851313108,1779965190.2025044,6058,50885,7,12582912,62,0,0,0
12.883899697000004,1779965190.235091,6059,50886,0,12582912,64,0,0,0
12.883899697000004,1779965190.235091,6059,50887,1,12582912,58,0,0,0
12.883899697000004,1779965190.235091,6059,50888,2,12582912,48,0,0,0
12.883899697000004,1779965190.235091,6059,50889,3,12582912,50,0,0,0
12.883899697000004,1779965190.235091,6059,50890,4,12582912,60,0,0,0
12.883899697000004,1779965190.235091,6059,50891,5,12582912,67,0,0,0
12.883899697000004,1779965190.235091,6059,50892,6,12582912,59,0,0,0
12.883899697000004,1779965190.235091,6059,50893,7,12582912,35,0,0,0
12.906627152999988,1779965190.2578194,6060,50894,0,12582912,20,0,0,0
12.906627152999988,1779965190.2578194,6060,50895,1,12582912,31,0,0,0
12.906627152999988,1779965190.2578194,6060,50896,2,12582912,51,0,0,0
12.906627152999988,1779965190.2578194,6060,50897,3,12582912,57,0,0,0
12.906627152999988,1779965190.2578194,6060,50898,4,12582912,44,0,0,0
12.906627152999988,1779965190.2578194,6060,50899,5,12582912,31,0,0,0
12.906627152999988,1779965190.2578194,6060,50900,6,12582912,31,0,0,0
12.906627152999988,1779965190.2578194,6060,50901,7,12582912,35,0,0,0
12.938758999000015,1779965190.2899513,6061,50902,0,12582912,31,0,0,0
12.938758999000015,1779965190.2899513,6061,50903,1,12582912,12,0,0,0
12.938758999000015,1779965190.2899513,6061,50904,2,12582912,1,0,0,0
12.938758999000015,1779965190.2899513,6061,50905,3,12582912,9,0,0,0
12.938758999000015,1779965190.2899513,6061,50906,4,12582912,22,0,0,0
12.938758999000015,1779965190.2899513,6061,50907,5,12582912,22,0,0,0
12.938758999000015,1779965190.2899513,6061,50908,6,12582912,4,0,0,0
12.938758999000015,1779965190.2899513,6061,50909,7,12582912,-15,0,0,0
13.007981008999991,1779965190.3591733,6062,50910,0,12582912,-22,0,0,0
13.007981008999991,1779965190.3591733,6062,50911,1,12582912,-18,0,0,0
13.007981008999991,1779965190.3591733,6062,50912,2,12582912,-7,0,0,0
13.007981008999991,1779965190.3591733,6062,50913,3,12582912,-10,0,0,0
13.007981008999991,1779965190.3591733,6062,50914,4,12582912,-13,0,0,0
13.007981008999991,1779965190.3591733,6062,50915,5,12582912,-2,0,0,0
13.007981008999991,1779965190.3591733,6062,50916,6,12582912,9,0,0,0
13.007981008999991,1779965190.3591733,6062,50917,7,12582912,7,0,0,0
13.009589301999995,1779965190.3607805,6063,50918,0,12582912,-11,0,0,0
13.009589301999995,1779965190.3607805,6063,50919,1,12582912,-22,0,0,0
13.009589301999995,1779965190.3607805,6063,50920,2,12582912,-16,0,0,0
13.009589301999995,1779965190.3607805,6063,50921,3,12582912,-3,0,0,0
13.009589301999995,1779965190.3607805,6063,50922,4,12582912,6,0,0,0
13.009589301999995,1779965190.3607805,6063,50923,5,12582912,-1,0,0,0
13.009589301999995,1779965190.3607805,6063,50924,6,12582912,-14,0,0,0
13.009589301999995,1779965190.3607805,6063,50925,7,12582912,-14,0,0,0
13.039655768999978,1779965190.3908482,6064,50926,0,12582912,-3,0,0,0
13.039655768999978,1779965190.3908482,6064,50927,1,12582912,2,0,0,0
13.039655768999978,1779965190.3908482,6064,50928,2,12582912,-7,0,0,0
13.039655768999978,1779965190.3908482,6064,50929,3,12582912,-12,0,0,0
13.039655768999978,1779965190.3908482,6064,50930,4,12582912,-2,0,0,0
13.039655768999978,1779965190.3908482,6064,50931,5,12582912,7,0,0,0
13.039655768999978,1779965190.3908482,6064,50932,6,12582912,6,0,0,0
13.039655768999978,1779965190.3908482,6064,50933,7,12582912,-6,0,0,0
13.106813596999984,1779965190.458006,6065,50934,0,12582912,-11,0,0,0
13.106813596999984,1779965190.458006,6065,50935,1,12582912,3,0,0,0
13.106813596999984,1779965190.458006,6065,50936,2,12582912,18,0,0,0
13.106813596999984,1779965190.458006,6065,50937,3,12582912,17,0,0,0
13.106813596999984,1779965190.458006,6065,50938,4,12582912,-4,0,0,0
13.106813596999984,1779965190.458006,6065,50939,5,12582912,-19,0,0,0
13.106813596999984,1779965190.458006,6065,50940,6,12582912,-147,0,0,0
13.106813596999984,1779965190.458006,6065,50941,7,12582912,-329,0,0,0
13.108759756999973,1779965190.4599514,6066,50942,0,12582912,-98,0,0,0
13.108759756999973,1779965190.4599514,6066,50943,1,12582912,416,0,0,0
13.108759756999973,1779965190.4599514,6066,50944,2,12582912,473,0,0,0
13.108759756999973,1779965190.4599514,6066,50945,3,12582912,-39,0,0,0
13.108759756999973,1779965190.4599514,6066,50946,4,12582912,-429,0,0,0
13.108759756999973,1779965190.4599514,6066,50947,5,12582912,-207,0,0,0
13.108759756999973,1779965190.4599514,6066,50948,6,12582912,281,0,0,0
13.108759756999973,1779965190.4599514,6066,50949,7,12582912,378,0,0,0
13.152696584000012,1779965190.5038888,6067,50950,0,12582912,-1,0,0,0
13.152696584000012,1779965190.5038888,6067,50951,1,12582912,-312,0,0,0
13.152696584000012,1779965190.5038888,6067,50952,2,12582912,-162,0,0,0
13.152696584000012,1779965190.5038888,6067,50953,3,12582912,202,0,0,0
13.152696584000012,1779965190.5038888,6067,50954,4,12582912,280,0,0,0
13.152696584000012,1779965190.5038888,6067,50955,5,12582912,-5,0,0,0
13.152696584000012,1779965190.5038888,6067,50956,6,12582912,-231,0,0,0
13.152696584000012,1779965190.5038888,6067,50957,7,12582912,-104,0,0,0
13.175737896999976,1779965190.5269299,6068,50958,0,12582912,177,0,0,0
13.175737896999976,1779965190.5269299,6068,50959,1,12582912,230,0,0,0
13.175737896999976,1779965190.5269299,6068,50960,2,12582912,3,0,0,0
13.175737896999976,1779965190.5269299,6068,50961,3,12582912,-186,0,0,0
13.175737896999976,1779965190.5269299,6068,50962,4,12582912,-98,0,0,0
13.175737896999976,1779965190.5269299,6068,50963,5,12582912,127,0,0,0
13.175737896999976,1779965190.5269299,6068,50964,6,12582912,182,0,0,0
13.175737896999976,1779965190.5269299,6068,50965,7,12582912,10,0,0,0
13.214314633000015,1779965190.5655072,6069,50966,0,12582912,-134,0,0,0
13.214314633000015,1779965190.5655072,6069,50967,1,12582912,-67,0,0,0
13.214314633000015,1779965190.5655072,6069,50968,2,12582912,103,0,0,0
13.214314633000015,1779965190.5655072,6069,50969,3,12582912,148,0,0,0
13.214314633000015,1779965190.5655072,6069,50970,4,12582912,22,0,0,0
13.214314633000015,1779965190.5655072,6069,50971,5,12582912,-86,0,0,0
13.214314633000015,1779965190.5655072,6069,50972,6,12582912,-36,0,0,0
13.214314633000015,1779965190.5655072,6069,50973,7,12582912,91,0,0,0
13.357054622000021,1779965190.708247,6070,50974,0,12582912,122,0,0,0
13.357054622000021,1779965190.708247,6070,50975,1,12582912,26,0,0,0
13.357054622000021,1779965190.708247,6070,50976,2,12582912,-59,0,0,0
13.357054622000021,1779965190.708247,6070,50977,3,12582912,-28,0,0,0
13.357054622000021,1779965190.708247,6070,50978,4,12582912,62,0,0,0
13.357054622000021,1779965190.708247,6070,50979,5,12582912,85,0,0,0
13.357054622000021,1779965190.708247,6070,50980,6,12582912,9,0,0,0
13.357054622000021,1779965190.708247,6070,50981,7,12582912,-58,0,0,0
13.358524788000011,1779965190.7097163,6071,50982,0,12582912,-27,0,0,0
13.358524788000011,1779965190.7097163,6071,50983,1,12582912,56,0,0,0
13.358524788000011,1779965190.7097163,6071,50984,2,12582912,84,0,0,0
13.358524788000011,1779965190.7097163,6071,50985,3,12582912,26,0,0,0
13.358524788000011,1779965190.7097163,6071,50986,4,12582912,-34,0,0,0
13.358524788000011,1779965190.7097163,6071,50987,5,12582912,-23,0,0,0
13.358524788000011,1779965190.7097163,6071,50988,6,12582912,33,0,0,0
13.358524788000011,1779965190.7097163,6071,50989,7,12582912,52,0,0,0
13.359882610999989,1779965190.7110734,6072,50990,0,12582912,11,0,0,0
13.359882610999989,1779965190.7110734,6072,50991,1,12582912,-24,0,0,0
13.359882610999989,1779965190.7110734,6072,50992,2,12582912,-4,0,0,0
13.359882610999989,1779965190.7110734,6072,50993,3,12582912,39,0,0,0
13.359882610999989,1779965190.7110734,6072,50994,4,12582912,54,0,0,0
13.359882610999989,1779965190.7110734,6072,50995,5,12582912,30,0,0,0
13.359882610999989,1779965190.7110734,6072,50996,6,12582912,7,0,0,0
13.359882610999989,1779965190.7110734,6072,50997,7,12582912,11,0,0,0
13.361347568999975,1779965190.712539,6073,50998,0,12582912,31,0,0,0
13.361347568999975,1779965190.712539,6073,50999,1,12582912,34,0,0,0
13.361347568999975,1779965190.712539,6073,51000,2,12582912,14,0,0,0
13.361347568999975,1779965190.712539,6073,51001,3,12582912,160,0,0,0
13.361347568999975,1779965190.712539,6073,51002,4,12582912,517,0,0,0
13.361347568999975,1779965190.712539,6073,51003,5,12582912,546,0,0,0
13.361347568999975,1779965190.712539,6073,51004,6,12582912,5,0,0,0
13.361347568999975,1779965190.712539,6073,51005,7,12582912,-460,0,0,0
13.384202369999969,1779965190.7353947,6074,51006,0,12582912,-279,0,0,0
13.384202369999969,1779965190.7353947,6074,51007,1,12582912,261,0,0,0
13.384202369999969,1779965190.7353947,6074,51008,2,12582912,430,0,0,0
13.384202369999969,1779965190.7353947,6074,51009,3,12582912,42,0,0,0
13.384202369999969,1779965190.7353947,6074,51010,4,12582912,-342,0,0,0
13.384202369999969,1779965190.7353947,6074,51011,5,12582912,-225,0,0,0
13.384202369999969,1779965190.7353947,6074,51012,6,12582912,192,0,0,0
13.384202369999969,1779965190.7353947,6074,51013,7,12582912,331,0,0,0
13.423973229000012,1779965190.775166,6075,51014,0,12582912,39,0,0,0
13.423973229000012,1779965190.775166,6075,51015,1,12582912,-251,0,0,0
13.423973229000012,1779965190.775166,6075,51016,2,12582912,-158,0,0,0
13.423973229000012,1779965190.775166,6075,51017,3,12582912,162,0,0,0
13.423973229000012,1779965190.775166,6075,51018,4,12582912,266,0,0,0
13.423973229000012,1779965190.775166,6075,51019,5,12582912,38,0,0,0
13.423973229000012,1779965190.775166,6075,51020,6,12582912,-189,0,0,0
13.423973229000012,1779965190.775166,6075,51021,7,12582912,-123,0,0,0
13.435042268000018,1779965190.786235,6076,51022,0,12582912,118,0,0,0
13.435042268000018,1779965190.786235,6076,51023,1,12582912,201,0,0,0
13.435042268000018,1779965190.786235,6076,51024,2,12582912,38,0,0,0
13.435042268000018,1779965190.786235,6076,51025,3,12582912,-125,0,0,0
13.435042268000018,1779965190.786235,6076,51026,4,12582912,-72,0,0,0
13.435042268000018,1779965190.786235,6076,51027,5,12582912,108,0,0,0
13.435042268000018,1779965190.786235,6076,51028,6,12582912,168,0,0,0
13.435042268000018,1779965190.786235,6076,51029,7,12582912,35,0,0,0
13.45838936299998,1779965190.8095818,6077,51030,0,12582912,-95,0,0,0
13.45838936299998,1779965190.8095818,6077,51031,1,12582912,-52,0,0,0
13.45838936299998,1779965190.8095818,6077,51032,2,12582912,90,0,0,0
13.45838936299998,1779965190.8095818,6077,51033,3,12582912,136,0,0,0
13.45838936299998,1779965190.8095818,6077,51034,4,12582912,31,0,0,0
13.45838936299998,1779965190.8095818,6077,51035,5,12582912,-75,0,0,0
13.45838936299998,1779965190.8095818,6077,51036,6,12582912,-47,0,0,0
13.45838936299998,1779965190.8095818,6077,51037,7,12582912,71,0,0,0
13.510361300999989,1779965190.8615534,6078,51038,0,12582912,121,0,0,0
13.510361300999989,1779965190.8615534,6078,51039,1,12582912,51,0,0,0
13.510361300999989,1779965190.8615534,6078,51040,2,12582912,-29,0,0,0
13.510361300999989,1779965190.8615534,6078,51041,3,12582912,-18,0,0,0
13.510361300999989,1779965190.8615534,6078,51042,4,12582912,53,0,0,0
13.510361300999989,1779965190.8615534,6078,51043,5,12582912,80,0,0,0
13.510361300999989,1779965190.8615534,6078,51044,6,12582912,27,0,0,0
13.510361300999989,1779965190.8615534,6078,51045,7,12582912,-26,0,0,0
13.53321448700001,1779965190.884407,6079,51046,0,12582912,-10,0,0,0
13.53321448700001,1779965190.884407,6079,51047,1,12582912,48,0,0,0
13.53321448700001,1779965190.884407,6079,51048,2,12582912,66,0,0,0
13.53321448700001,1779965190.884407,6079,51049,3,12582912,20,0,0,0
13.53321448700001,1779965190.884407,6079,51050,4,12582912,-24,0,0,0
13.53321448700001,1779965190.884407,6079,51051,5,12582912,-12,0,0,0
13.53321448700001,1779965190.884407,6079,51052,6,12582912,41,0,0,0
13.53321448700001,1779965190.884407,6079,51053,7,12582912,68,0,0,0
13.555986577999988,1779965190.9071786,6080,51054,0,12582912,43,0,0,0
13.555986577999988,1779965190.9071786,6080,51055,1,12582912,14,0,0,0
13.555986577999988,1779965190.9071786,6080,51056,2,12582912,22,0,0,0
13.555986577999988,1779965190.9071786,6080,51057,3,12582912,51,0,0,0
13.555986577999988,1779965190.9071786,6080,51058,4,12582912,54,0,0,0
13.555986577999988,1779965190.9071786,6080,51059,5,12582912,21,0,0,0
13.555986577999988,1779965190.9071786,6080,51060,6,12582912,-4,0,0,0
13.555986577999988,1779965190.9071786,6080,51061,7,12582912,5,0,0,0
13.599976270000013,1779965190.951169,6081,51062,0,12582912,31,0,0,0
13.599976270000013,1779965190.951169,6081,51063,1,12582912,43,0,0,0
13.599976270000013,1779965190.951169,6081,51064,2,12582912,32,0,0,0
13.599976270000013,1779965190.951169,6081,51065,3,12582912,15,0,0,0
13.599976270000013,1779965190.951169,6081,51066,4,12582912,13,0,0,0
13.599976270000013,1779965190.951169,6081,51067,5,12582912,32,0,0,0
13.599976270000013,1779965190.951169,6081,51068,6,12582912,49,0,0,0
13.599976270000013,1779965190.951169,6081,51069,7,12582912,41,0,0,0
13.66301359900001,1779965191.0142062,6082,51070,0,12582912,29,0,0,0
13.66301359900001,1779965191.0142062,6082,51071,1,12582912,31,0,0,0
13.66301359900001,1779965191.0142062,6082,51072,2,12582912,44,0,0,0
13.66301359900001,1779965191.0142062,6082,51073,3,12582912,53,0,0,0
13.66301359900001,1779965191.0142062,6082,51074,4,12582912,44,0,0,0
13.66301359900001,1779965191.0142062,6082,51075,5,12582912,28,0,0,0
13.66301359900001,1779965191.0142062,6082,51076,6,12582912,15,0,0,0
13.66301359900001,1779965191.0142062,6082,51077,7,12582912,13,0,0,0
13.664597307999998,1779965191.015789,6083,51078,0,12582912,18,0,0,0
13.664597307999998,1779965191.015789,6083,51079,1,12582912,15,0,0,0
13.664597307999998,1779965191.015789,6083,51080,2,12582912,8,0,0,0
13.664597307999998,1779965191.015789,6083,51081,3,12582912,4,0,0,0
13.664597307999998,1779965191.015789,6083,51082,4,12582912,9,0,0,0
13.664597307999998,1779965191.015789,6083,51083,5,12582912,19,0,0,0
13.664597307999998,1779965191.015789,6083,51084,6,12582912,24,0,0,0
13.664597307999998,1779965191.015789,6083,51085,7,12582912,26,0,0,0
13.739087784999981,1779965191.0902798,6084,51086,0,12582912,23,0,0,0
13.739087784999981,1779965191.0902798,6084,51087,1,12582912,19,0,0,0
13.739087784999981,1779965191.0902798,6084,51088,2,12582912,22,0,0,0
13.739087784999981,1779965191.0902798,6084,51089,3,12582912,27,0,0,0
13.739087784999981,1779965191.0902798,6084,51090,4,12582912,30,0,0,0
13.739087784999981,1779965191.0902798,6084,51091,5,12582912,28,0,0,0
13.739087784999981,1779965191.0902798,6084,51092,6,12582912,26,0,0,0
13.739087784999981,1779965191.0902798,6084,51093,7,12582912,27,0,0,0
13.740652431,1779965191.0918443,6085,51094,0,12582912,27,0,0,0
13.740652431,1779965191.0918443,6085,51095,1,12582912,24,0,0,0
13.740652431,1779965191.0918443,6085,51096,2,12582912,18,0,0,0
13.740652431,1779965191.0918443,6085,51097,3,12582912,13,0,0,0
13.740652431,1779965191.0918443,6085,51098,4,12582912,16,0,0,0
13.740652431,1779965191.0918443,6085,51099,5,12582912,22,0,0,0
13.740652431,1779965191.0918443,6085,51100,6,12582912,28,0,0,0
13.740652431,1779965191.0918443,6085,51101,7,12582912,25,0,0,0
13.793308950999972,1779965191.1445014,6086,51102,0,12582912,20,0,0,0
13.793308950999972,1779965191.1445014,6086,51103,1,12582912,23,0,0,0
13.793308950999972,1779965191.1445014,6086,51104,2,12582912,30,0,0,0
13.793308950999972,1779965191.1445014,6086,51105,3,12582912,35,0,0,0
13.793308950999972,1779965191.1445014,6086,51106,4,12582912,29,0,0,0
13.793308950999972,1779965191.1445014,6086,51107,5,12582912,20,0,0,0
13.793308950999972,1779965191.1445014,6086,51108,6,12582912,22,0,0,0
13.793308950999972,1779965191.1445014,6086,51109,7,12582912,32,0,0,0
13.794784170000014,1779965191.1459754,6087,51110,0,12582912,43,0,0,0
13.794784170000014,1779965191.1459754,6087,51111,1,12582912,44,0,0,0
13.794784170000014,1779965191.1459754,6087,51112,2,12582912,38,0,0,0
13.794784170000014,1779965191.1459754,6087,51113,3,12582912,38,0,0,0
13.794784170000014,1779965191.1459754,6087,51114,4,12582912,41,0,0,0
13.794784170000014,1779965191.1459754,6087,51115,5,12582912,38,0,0,0
13.794784170000014,1779965191.1459754,6087,51116,6,12582912,25,0,0,0
13.794784170000014,1779965191.1459754,6087,51117,7,12582912,16,0,0,0
13.817581935000021,1779965191.1687741,6088,51118,0,12582912,24,0,0,0
13.817581935000021,1779965191.1687741,6088,51119,1,12582912,39,0,0,0
13.817581935000021,1779965191.1687741,6088,51120,2,12582912,48,0,0,0
13.817581935000021,1779965191.1687741,6088,51121,3,12582912,42,0,0,0
13.817581935000021,1779965191.1687741,6088,51122,4,12582912,36,0,0,0
13.817581935000021,1779965191.1687741,6088,51123,5,12582912,38,0,0,0
13.817581935000021,1779965191.1687741,6088,51124,6,12582912,46,0,0,0
13.817581935000021,1779965191.1687741,6088,51125,7,12582912,49,0,0,0
13.891677721999997,1779965191.2428703,6089,51126,0,12582912,37,0,0,0
13.891677721999997,1779965191.2428703,6089,51127,1,12582912,15,0,0,0
13.891677721999997,1779965191.2428703,6089,51128,2,12582912,8,0,0,0
13.891677721999997,1779965191.2428703,6089,51129,3,12582912,20,0,0,0
13.891677721999997,1779965191.2428703,6089,51130,4,12582912,35,0,0,0
13.891677721999997,1779965191.2428703,6089,51131,5,12582912,41,0,0,0
13.891677721999997,1779965191.2428703,6089,51132,6,12582912,38,0,0,0
13.891677721999997,1779965191.2428703,6089,51133,7,12582912,39,0,0,0
13.893265025000005,1779965191.244457,6090,51134,0,12582912,49,0,0,0
13.893265025000005,1779965191.244457,6090,51135,1,12582912,57,0,0,0
13.893265025000005,1779965191.244457,6090,51136,2,12582912,45,0,0,0
13.893265025000005,1779965191.244457,6090,51137,3,12582912,24,0,0,0
13.893265025000005,1779965191.244457,6090,51138,4,12582912,21,0,0,0
13.893265025000005,1779965191.244457,6090,51139,5,12582912,35,0,0,0
13.893265025000005,1779965191.244457,6090,51140,6,12582912,50,0,0,0
13.893265025000005,1779965191.244457,6090,51141,7,12582912,43,0,0,0
13.915980810999997,1779965191.2671728,6091,51142,0,12582912,22,0,0,0
13.915980810999997,1779965191.2671728,6091,51143,1,12582912,13,0,0,0
13.915980810999997,1779965191.2671728,6091,51144,2,12582912,22,0,0,0
13.915980810999997,1779965191.2671728,6091,51145,3,12582912,36,0,0,0
13.915980810999997,1779965191.2671728,6091,51146,4,12582912,34,0,0,0
13.915980810999997,1779965191.2671728,6091,51147,5,12582912,28,0,0,0
13.915980810999997,1779965191.2671728,6091,51148,6,12582912,39,0,0,0
13.915980810999997,1779965191.2671728,6091,51149,7,12582912,57,0,0,0
13.938938473999997,1779965191.2901309,6092,51150,0,12582912,61,0,0,0
13.938938473999997,1779965191.2901309,6092,51151,1,12582912,42,0,0,0
13.938938473999997,1779965191.2901309,6092,51152,2,12582912,25,0,0,0
13.938938473999997,1779965191.2901309,6092,51153,3,12582912,27,0,0,0
13.938938473999997,1779965191.2901309,6092,51154,4,12582912,34,0,0,0
13.938938473999997,1779965191.2901309,6092,51155,5,12582912,36,0,0,0
13.938938473999997,1779965191.2901309,6092,51156,6,12582912,31,0,0,0
13.938938473999997,1779965191.2901309,6092,51157,7,12582912,27,0,0,0
13.989043828999968,1779965191.3402371,6093,51158,0,12582912,33,0,0,0
13.989043828999968,1779965191.3402371,6093,51159,1,12582912,43,0,0,0
13.989043828999968,1779965191.3402371,6093,51160,2,12582912,50,0,0,0
13.989043828999968,1779965191.3402371,6093,51161,3,12582912,45,0,0,0
13.989043828999968,1779965191.3402371,6093,51162,4,12582912,37,0,0,0
13.989043828999968,1779965191.3402371,6093,51163,5,12582912,38,0,0,0
13.989043828999968,1779965191.3402371,6093,51164,6,12582912,43,0,0,0
13.989043828999968,1779965191.3402371,6093,51165,7,12582912,44,0,0,0
14.092337219000001,1779965191.4435298,6094,51166,0,12582912,33,0,0,0
14.092337219000001,1779965191.4435298,6094,51167,1,12582912,22,0,0,0
14.092337219000001,1779965191.4435298,6094,51168,2,12582912,26,0,0,0
14.092337219000001,1779965191.4435298,6094,51169,3,12582912,39,0,0,0
14.092337219000001,1779965191.4435298,6094,51170,4,12582912,44,0,0,0
14.092337219000001,1779965191.4435298,6094,51171,5,12582912,35,0,0,0
14.092337219000001,1779965191.4435298,6094,51172,6,12582912,18,0,0,0
14.092337219000001,1779965191.4435298,6094,51173,7,12582912,13,0,0,0
14.093839728999967,1779965191.4450316,6095,51174,0,12582912,23,0,0,0
14.093839728999967,1779965191.4450316,6095,51175,1,12582912,34,0,0,0
14.093839728999967,1779965191.4450316,6095,51176,2,12582912,29,0,0,0
14.093839728999967,1779965191.4450316,6095,51177,3,12582912,17,0,0,0
14.093839728999967,1779965191.4450316,6095,51178,4,12582912,22,0,0,0
14.093839728999967,1779965191.4450316,6095,51179,5,12582912,37,0,0,0
14.093839728999967,1779965191.4450316,6095,51180,6,12582912,46,0,0,0
14.093839728999967,1779965191.4450316,6095,51181,7,12582912,39,0,0,0
14.095219583000016,1779965191.4464114,6096,51182,0,12582912,31,0,0,0
14.095219583000016,1779965191.4464114,6096,51183,1,12582912,35,0,0,0
14.095219583000016,1779965191.4464114,6096,51184,2,12582912,45,0,0,0
14.095219583000016,1779965191.4464114,6096,51185,3,12582912,51,0,0,0
14.095219583000016,1779965191.4464114,6096,51186,4,12582912,43,0,0,0
14.095219583000016,1779965191.4464114,6096,51187,5,12582912,31,0,0,0
14.095219583000016,1779965191.4464114,6096,51188,6,12582912,27,0,0,0
14.095219583000016,1779965191.4464114,6096,51189,7,12582912,35,0,0,0
14.118430892999982,1779965191.4696233,6097,51190,0,12582912,44,0,0,0
14.118430892999982,1779965191.4696233,6097,51191,1,12582912,37,0,0,0
14.118430892999982,1779965191.4696233,6097,51192,2,12582912,26,0,0,0
14.118430892999982,1779965191.4696233,6097,51193,3,12582912,23,0,0,0
14.118430892999982,1779965191.4696233,6097,51194,4,12582912,27,0,0,0
14.118430892999982,1779965191.4696233,6097,51195,5,12582912,29,0,0,0
14.118430892999982,1779965191.4696233,6097,51196,6,12582912,20,0,0,0
14.118430892999982,1779965191.4696233,6097,51197,7,12582912,13,0,0,0
14.141261627999995,1779965191.492454,6098,51198,0,12582912,24,0,0,0
14.141261627999995,1779965191.492454,6098,51199,1,12582912,40,0,0,0
14.141261627999995,1779965191.492454,6098,51200,2,12582912,47,0,0,0
14.141261627999995,1779965191.492454,6098,51201,3,12582912,40,0,0,0
14.141261627999995,1779965191.492454,6098,51202,4,12582912,32,0,0,0
14.141261627999995,1779965191.492454,6098,51203,5,12582912,35,0,0,0
14.141261627999995,1779965191.492454,6098,51204,6,12582912,41,0,0,0
14.141261627999995,1779965191.492454,6098,51205,7,12582912,38,0,0,0
14.164060852999967,1779965191.5152533,6099,51206,0,12582912,23,0,0,0
14.164060852999967,1779965191.5152533,6099,51207,1,12582912,12,0,0,0
14.164060852999967,1779965191.5152533,6099,51208,2,12582912,19,0,0,0
14.164060852999967,1779965191.5152533,6099,51209,3,12582912,33,0,0,0
14.164060852999967,1779965191.5152533,6099,51210,4,12582912,43,0,0,0
14.164060852999967,1779965191.5152533,6099,51211,5,12582912,38,0,0,0
14.164060852999967,1779965191.5152533,6099,51212,6,12582912,26,0,0,0
14.164060852999967,1779965191.5152533,6099,51213,7,12582912,24,0,0,0
14.208431219999966,1779965191.5596242,6100,51214,0,12582912,32,0,0,0
14.208431219999966,1779965191.5596242,6100,51215,1,12582912,45,0,0,0
14.208431219999966,1779965191.5596242,6100,51216,2,12582912,49,0,0,0
14.208431219999966,1779965191.5596242,6100,51217,3,12582912,41,0,0,0
14.208431219999966,1779965191.5596242,6100,51218,4,12582912,34,0,0,0
14.208431219999966,1779965191.5596242,6100,51219,5,12582912,31,0,0,0
14.208431219999966,1779965191.5596242,6100,51220,6,12582912,33,0,0,0
14.208431219999966,1779965191.5596242,6100,51221,7,12582912,29,0,0,0
14.231263985999988,1779965191.582456,6101,51222,0,12582912,22,0,0,0
14.231263985999988,1779965191.582456,6101,51223,1,12582912,29,0,0,0
14.231263985999988,1779965191.582456,6101,51224,2,12582912,45,0,0,0
14.231263985999988,1779965191.582456,6101,51225,3,12582912,53,0,0,0
14.231263985999988,1779965191.582456,6101,51226,4,12582912,42,0,0,0
14.231263985999988,1779965191.582456,6101,51227,5,12582912,27,0,0,0
14.231263985999988,1779965191.582456,6101,51228,6,12582912,25,0,0,0
14.231263985999988,1779965191.582456,6101,51229,7,12582912,25,0,0,0
14.299755409,1779965191.6509478,6102,51230,0,12582912,17,0,0,0
14.299755409,1779965191.6509478,6102,51231,1,12582912,6,0,0,0
14.299755409,1779965191.6509478,6102,51232,2,12582912,6,0,0,0
14.299755409,1779965191.6509478,6102,51233,3,12582912,24,0,0,0
14.299755409,1779965191.6509478,6102,51234,4,12582912,46,0,0,0
14.299755409,1779965191.6509478,6102,51235,5,12582912,58,0,0,0
14.299755409,1779965191.6509478,6102,51236,6,12582912,47,0,0,0
14.299755409,1779965191.6509478,6102,51237,7,12582912,23,0,0,0
14.30129094099999,1779965191.6524825,6103,51238,0,12582912,16,0,0,0
14.30129094099999,1779965191.6524825,6103,51239,1,12582912,26,0,0,0
14.30129094099999,1779965191.6524825,6103,51240,2,12582912,32,0,0,0
14.30129094099999,1779965191.6524825,6103,51241,3,12582912,23,0,0,0
14.30129094099999,1779965191.6524825,6103,51242,4,12582912,11,0,0,0
14.30129094099999,1779965191.6524825,6103,51243,5,12582912,16,0,0,0
14.30129094099999,1779965191.6524825,6103,51244,6,12582912,31,0,0,0
14.30129094099999,1779965191.6524825,6103,51245,7,12582912,39,0,0,0
14.324002769000003,1779965191.6751952,6104,51246,0,12582912,30,0,0,0
14.324002769000003,1779965191.6751952,6104,51247,1,12582912,17,0,0,0
14.324002769000003,1779965191.6751952,6104,51248,2,12582912,15,0,0,0
14.324002769000003,1779965191.6751952,6104,51249,3,12582912,25,0,0,0
14.324002769000003,1779965191.6751952,6104,51250,4,12582912,38,0,0,0
14.324002769000003,1779965191.6751952,6104,51251,5,12582912,40,0,0,0
14.324002769000003,1779965191.6751952,6104,51252,6,12582912,28,0,0,0
14.324002769000003,1779965191.6751952,6104,51253,7,12582912,22,0,0,0
14.36797042500001,1779965191.7191627,6105,51254,0,12582912,30,0,0,0
14.36797042500001,1779965191.7191627,6105,51255,1,12582912,47,0,0,0
14.36797042500001,1779965191.7191627,6105,51256,2,12582912,51,0,0,0
14.36797042500001,1779965191.7191627,6105,51257,3,12582912,45,0,0,0
14.36797042500001,1779965191.7191627,6105,51258,4,12582912,46,0,0,0
14.36797042500001,1779965191.7191627,6105,51259,5,12582912,53,0,0,0
14.36797042500001,1779965191.7191627,6105,51260,6,12582912,57,0,0,0
14.36797042500001,1779965191.7191627,6105,51261,7,12582912,52,0,0,0
14.390830586999982,1779965191.7420235,6106,51262,0,12582912,43,0,0,0
14.390830586999982,1779965191.7420235,6106,51263,1,12582912,42,0,0,0
14.390830586999982,1779965191.7420235,6106,51264,2,12582912,45,0,0,0
14.390830586999982,1779965191.7420235,6106,51265,3,12582912,46,0,0,0
14.390830586999982,1779965191.7420235,6106,51266,4,12582912,38,0,0,0
14.390830586999982,1779965191.7420235,6106,51267,5,12582912,27,0,0,0
14.390830586999982,1779965191.7420235,6106,51268,6,12582912,29,0,0,0
14.390830586999982,1779965191.7420235,6106,51269,7,12582912,41,0,0,0
14.462603022999986,1779965191.8137946,6107,51270,0,12582912,52,0,0,0
14.462603022999986,1779965191.8137946,6107,51271,1,12582912,45,0,0,0
14.462603022999986,1779965191.8137946,6107,51272,2,12582912,31,0,0,0
14.462603022999986,1779965191.8137946,6107,51273,3,12582912,34,0,0,0
14.462603022999986,1779965191.8137946,6107,51274,4,12582912,48,0,0,0
14.462603022999986,1779965191.8137946,6107,51275,5,12582912,54,0,0,0
14.462603022999986,1779965191.8137946,6107,51276,6,12582912,44,0,0,0
14.462603022999986,1779965191.8137946,6107,51277,7,12582912,29,0,0,0
14.472697000999972,1779965191.8238902,6108,51278,0,12582912,32,0,0,0
14.472697000999972,1779965191.8238902,6108,51279,1,12582912,46,0,0,0
14.472697000999972,1779965191.8238902,6108,51280,2,12582912,48,0,0,0
14.472697000999972,1779965191.8238902,6108,51281,3,12582912,32,0,0,0
14.472697000999972,1779965191.8238902,6108,51282,4,12582912,19,0,0,0
14.472697000999972,1779965191.8238902,6108,51283,5,12582912,28,0,0,0
14.472697000999972,1779965191.8238902,6108,51284,6,12582912,52,0,0,0
14.472697000999972,1779965191.8238902,6108,51285,7,12582912,71,0,0,0
14.513066349999974,1779965191.8642588,6109,51286,0,12582912,64,0,0,0
14.513066349999974,1779965191.8642588,6109,51287,1,12582912,41,0,0,0
14.513066349999974,1779965191.8642588,6109,51288,2,12582912,34,0,0,0
14.513066349999974,1779965191.8642588,6109,51289,3,12582912,46,0,0,0
14.513066349999974,1779965191.8642588,6109,51290,4,12582912,58,0,0,0
14.513066349999974,1779965191.8642588,6109,51291,5,12582912,51,0,0,0
14.513066349999974,1779965191.8642588,6109,51292,6,12582912,33,0,0,0
14.513066349999974,1779965191.8642588,6109,51293,7,12582912,27,0,0,0
14.514537401999974,1779965191.8657289,6110,51294,0,12582912,34,0,0,0
14.514537401999974,1779965191.8657289,6110,51295,1,12582912,39,0,0,0
14.514537401999974,1779965191.8657289,6110,51296,2,12582912,30,0,0,0
14.514537401999974,1779965191.8657289,6110,51297,3,12582912,18,0,0,0
14.514537401999974,1779965191.8657289,6110,51298,4,12582912,19,0,0,0
14.514537401999974,1779965191.8657289,6110,51299,5,12582912,34,0,0,0
14.514537401999974,1779965191.8657289,6110,51300,6,12582912,50,0,0,0
14.514537401999974,1779965191.8657289,6110,51301,7,12582912,48,0,0,0
14.567922521000014,1779965191.919115,6111,51302,0,12582912,30,0,0,0
14.567922521000014,1779965191.919115,6111,51303,1,12582912,19,0,0,0
14.567922521000014,1779965191.919115,6111,51304,2,12582912,27,0,0,0
14.567922521000014,1779965191.919115,6111,51305,3,12582912,41,0,0,0
14.567922521000014,1779965191.919115,6111,51306,4,12582912,38,0,0,0
14.567922521000014,1779965191.919115,6111,51307,5,12582912,24,0,0,0
14.567922521000014,1779965191.919115,6111,51308,6,12582912,23,0,0,0
14.567922521000014,1779965191.919115,6111,51309,7,12582912,34,0,0,0
14.590773048000017,1779965191.9419656,6112,51310,0,12582912,43,0,0,0
14.590773048000017,1779965191.9419656,6112,51311,1,12582912,39,0,0,0
14.590773048000017,1779965191.9419656,6112,51312,2,12582912,29,0,0,0
14.590773048000017,1779965191.9419656,6112,51313,3,12582912,27,0,0,0
14.590773048000017,1779965191.9419656,6112,51314,4,12582912,33,0,0,0
14.590773048000017,1779965191.9419656,6112,51315,5,12582912,37,0,0,0
14.590773048000017,1779965191.9419656,6112,51316,6,12582912,29,0,0,0
14.590773048000017,1779965191.9419656,6112,51317,7,12582912,19,0,0,0
14.613645710000014,1779965191.9648385,6113,51318,0,12582912,21,0,0,0
14.613645710000014,1779965191.9648385,6113,51319,1,12582912,31,0,0,0
14.613645710000014,1779965191.9648385,6113,51320,2,12582912,39,0,0,0
14.613645710000014,1779965191.9648385,6113,51321,3,12582912,32,0,0,0
14.613645710000014,1779965191.9648385,6113,51322,4,12582912,22,0,0,0
14.613645710000014,1779965191.9648385,6113,51323,5,12582912,24,0,0,0
14.613645710000014,1779965191.9648385,6113,51324,6,12582912,34,0,0,0
14.613645710000014,1779965191.9648385,6113,51325,7,12582912,45,0,0,0
14.657924148999996,1779965192.0091166,6114,51326,0,12582912,44,0,0,0
14.657924148999996,1779965192.0091166,6114,51327,1,12582912,32,0,0,0
14.657924148999996,1779965192.0091166,6114,51328,2,12582912,32,0,0,0
14.657924148999996,1779965192.0091166,6114,51329,3,12582912,44,0,0,0
14.657924148999996,1779965192.0091166,6114,51330,4,12582912,51,0,0,0
14.657924148999996,1779965192.0091166,6114,51331,5,12582912,47,0,0,0
14.657924148999996,1779965192.0091166,6114,51332,6,12582912,35,0,0,0
14.657924148999996,1779965192.0091166,6114,51333,7,12582912,33,0,0,0
14.680932122000002,1779965192.0321248,6115,51334,0,12582912,44,0,0,0
14.680932122000002,1779965192.0321248,6115,51335,1,12582912,52,0,0,0
14.680932122000002,1779965192.0321248,6115,51336,2,12582912,44,0,0,0
14.680932122000002,1779965192.0321248,6115,51337,3,12582912,32,0,0,0
14.680932122000002,1779965192.0321248,6115,51338,4,12582912,31,0,0,0
14.680932122000002,1779965192.0321248,6115,51339,5,12582912,39,0,0,0
14.680932122000002,1779965192.0321248,6115,51340,6,12582912,41,0,0,0
14.680932122000002,1779965192.0321248,6115,51341,7,12582912,31,0,0,0
14.745711845000017,1779965192.0969028,6116,51342,0,12582912,21,0,0,0
14.745711845000017,1779965192.0969028,6116,51343,1,12582912,27,0,0,0
14.745711845000017,1779965192.0969028,6116,51344,2,12582912,34,0,0,0
14.745711845000017,1779965192.0969028,6116,51345,3,12582912,30,0,0,0
14.745711845000017,1779965192.0969028,6116,51346,4,12582912,17,0,0,0
14.745711845000017,1779965192.0969028,6116,51347,5,12582912,14,0,0,0
14.745711845000017,1779965192.0969028,6116,51348,6,12582912,31,0,0,0
14.745711845000017,1779965192.0969028,6116,51349,7,12582912,51,0,0,0
14.746367630000009,1779965192.0975585,6117,51350,0,12582912,59,0,0,0
14.746367630000009,1779965192.0975585,6117,51351,1,12582912,51,0,0,0
14.746367630000009,1779965192.0975585,6117,51352,2,12582912,34,0,0,0
14.746367630000009,1779965192.0975585,6117,51353,3,12582912,25,0,0,0
14.746367630000009,1779965192.0975585,6117,51354,4,12582912,25,0,0,0
14.746367630000009,1779965192.0975585,6117,51355,5,12582912,30,0,0,0
14.746367630000009,1779965192.0975585,6117,51356,6,12582912,29,0,0,0
14.746367630000009,1779965192.0975585,6117,51357,7,12582912,23,0,0,0
14.785784051000007,1779965192.1369762,6118,51358,0,12582912,25,0,0,0
14.785784051000007,1779965192.1369762,6118,51359,1,12582912,34,0,0,0
14.785784051000007,1779965192.1369762,6118,51360,2,12582912,42,0,0,0
14.785784051000007,1779965192.1369762,6118,51361,3,12582912,34,0,0,0
14.785784051000007,1779965192.1369762,6118,51362,4,12582912,22,0,0,0
14.785784051000007,1779965192.1369762,6118,51363,5,12582912,24,0,0,0
14.785784051000007,1779965192.1369762,6118,51364,6,12582912,39,0,0,0
14.785784051000007,1779965192.1369762,6118,51365,7,12582912,50,0,0,0
14.807637588999967,1779965192.158829,6119,51366,0,12582912,49,0,0,0
14.807637588999967,1779965192.158829,6119,51367,1,12582912,39,0,0,0
14.807637588999967,1779965192.158829,6119,51368,2,12582912,35,0,0,0
14.807637588999967,1779965192.158829,6119,51369,3,12582912,43,0,0,0
14.807637588999967,1779965192.158829,6119,51370,4,12582912,53,0,0,0
14.807637588999967,1779965192.158829,6119,51371,5,12582912,45,0,0,0
14.807637588999967,1779965192.158829,6119,51372,6,12582912,27,0,0,0
14.807637588999967,1779965192.158829,6119,51373,7,12582912,24,0,0,0
14.84725208499998,1779965192.1984434,6120,51374,0,12582912,36,0,0,0
14.84725208499998,1779965192.1984434,6120,51375,1,12582912,45,0,0,0
14.84725208499998,1779965192.1984434,6120,51376,2,12582912,38,0,0,0
14.84725208499998,1779965192.1984434,6120,51377,3,12582912,30,0,0,0
14.84725208499998,1779965192.1984434,6120,51378,4,12582912,33,0,0,0
14.84725208499998,1779965192.1984434,6120,51379,5,12582912,40,0,0,0
14.84725208499998,1779965192.1984434,6120,51380,6,12582912,39,0,0,0
14.84725208499998,1779965192.1984434,6120,51381,7,12582912,24,0,0,0
14.870131828000012,1779965192.2213233,6121,51382,0,12582912,10,0,0,0
14.870131828000012,1779965192.2213233,6121,51383,1,12582912,15,0,0,0
14.870131828000012,1779965192.2213233,6121,51384,2,12582912,25,0,0,0
14.870131828000012,1779965192.2213233,6121,51385,3,12582912,29,0,0,0
14.870131828000012,1779965192.2213233,6121,51386,4,12582912,23,0,0,0
14.870131828000012,1779965192.2213233,6121,51387,5,12582912,20,0,0,0
14.870131828000012,1779965192.2213233,6121,51388,6,12582912,29,0,0,0
14.870131828000012,1779965192.2213233,6121,51389,7,12582912,38,0,0,0
14.930452039999977,1779965192.2816446,6122,51390,0,12582912,40,0,0,0
14.930452039999977,1779965192.2816446,6122,51391,1,12582912,28,0,0,0
14.930452039999977,1779965192.2816446,6122,51392,2,12582912,9,0,0,0
14.930452039999977,1779965192.2816446,6122,51393,3,12582912,9,0,0,0
14.930452039999977,1779965192.2816446,6122,51394,4,12582912,25,0,0,0
14.930452039999977,1779965192.2816446,6122,51395,5,12582912,40,0,0,0
14.930452039999977,1779965192.2816446,6122,51396,6,12582912,40,0,0,0
14.930452039999977,1779965192.2816446,6122,51397,7,12582912,33,0,0,0
14.931928926000012,1779965192.28312,6123,51398,0,12582912,40,0,0,0
14.931928926000012,1779965192.28312,6123,51399,1,12582912,52,0,0,0
14.931928926000012,1779965192.28312,6123,51400,2,12582912,53,0,0,0
14.931928926000012,1779965192.28312,6123,51401,3,12582912,37,0,0,0
14.931928926000012,1779965192.28312,6123,51402,4,12582912,16,0,0,0
14.931928926000012,1779965192.28312,6123,51403,5,12582912,13,0,0,0
14.931928926000012,1779965192.28312,6123,51404,6,12582912,30,0,0,0
14.931928926000012,1779965192.28312,6123,51405,7,12582912,47,0,0,0
14.975896992999992,1779965192.327089,6124,51406,0,12582912,50,0,0,0
14.975896992999992,1779965192.327089,6124,51407,1,12582912,42,0,0,0
14.975896992999992,1779965192.327089,6124,51408,2,12582912,35,0,0,0
14.975896992999992,1779965192.327089,6124,51409,3,12582912,39,0,0,0
14.975896992999992,1779965192.327089,6124,51410,4,12582912,47,0,0,0
14.975896992999992,1779965192.327089,6124,51411,5,12582912,41,0,0,0
14.975896992999992,1779965192.327089,6124,51412,6,12582912,26,0,0,0
14.975896992999992,1779965192.327089,6124,51413,7,12582912,22,0,0,0
15.008061279999993,1779965192.3592536,6125,51414,0,12582912,31,0,0,0
15.008061279999993,1779965192.3592536,6125,51415,1,12582912,39,0,0,0
15.008061279999993,1779965192.3592536,6125,51416,2,12582912,34,0,0,0
15.008061279999993,1779965192.3592536,6125,51417,3,12582912,22,0,0,0
15.008061279999993,1779965192.3592536,6125,51418,4,12582912,17,0,0,0
15.008061279999993,1779965192.3592536,6125,51419,5,12582912,20,0,0,0
15.008061279999993,1779965192.3592536,6125,51420,6,12582912,23,0,0,0
15.008061279999993,1779965192.3592536,6125,51421,7,12582912,21,0,0,0
15.083845402999998,1779965192.4350376,6126,51422,0,12582912,24,0,0,0
15.083845402999998,1779965192.4350376,6126,51423,1,12582912,41,0,0,0
15.083845402999998,1779965192.4350376,6126,51424,2,12582912,58,0,0,0
15.083845402999998,1779965192.4350376,6126,51425,3,12582912,63,0,0,0
15.083845402999998,1779965192.4350376,6126,51426,4,12582912,51,0,0,0
15.083845402999998,1779965192.4350376,6126,51427,5,12582912,29,0,0,0
15.083845402999998,1779965192.4350376,6126,51428,6,12582912,18,0,0,0
15.083845402999998,1779965192.4350376,6126,51429,7,12582912,22,0,0,0
15.08551952900001,1779965192.4367118,6127,51430,0,12582912,32,0,0,0
15.08551952900001,1779965192.4367118,6127,51431,1,12582912,34,0,0,0
15.08551952900001,1779965192.4367118,6127,51432,2,12582912,27,0,0,0
15.08551952900001,1779965192.4367118,6127,51433,3,12582912,26,0,0,0
15.08551952900001,1779965192.4367118,6127,51434,4,12582912,34,0,0,0
15.08551952900001,1779965192.4367118,6127,51435,5,12582912,43,0,0,0
15.08551952900001,1779965192.4367118,6127,51436,6,12582912,40,0,0,0
15.08551952900001,1779965192.4367118,6127,51437,7,12582912,30,0,0,0
15.108350364999978,1779965192.4595425,6128,51438,0,12582912,29,0,0,0
15.108350364999978,1779965192.4595425,6128,51439,1,12582912,39,0,0,0
15.108350364999978,1779965192.4595425,6128,51440,2,12582912,46,0,0,0
15.108350364999978,1779965192.4595425,6128,51441,3,12582912,42,0,0,0
15.108350364999978,1779965192.4595425,6128,51442,4,12582912,34,0,0,0
15.108350364999978,1779965192.4595425,6128,51443,5,12582912,34,0,0,0
15.108350364999978,1779965192.4595425,6128,51444,6,12582912,39,0,0,0
15.108350364999978,1779965192.4595425,6128,51445,7,12582912,41,0,0,0
15.148545228999978,1779965192.4997377,6129,51446,0,12582912,32,0,0,0
15.148545228999978,1779965192.4997377,6129,51447,1,12582912,18,0,0,0
15.148545228999978,1779965192.4997377,6129,51448,2,12582912,19,0,0,0
15.148545228999978,1779965192.4997377,6129,51449,3,12582912,34,0,0,0
15.148545228999978,1779965192.4997377,6129,51450,4,12582912,46,0,0,0
15.148545228999978,1779965192.4997377,6129,51451,5,12582912,42,0,0,0
15.148545228999978,1779965192.4997377,6129,51452,6,12582912,27,0,0,0
15.148545228999978,1779965192.4997377,6129,51453,7,12582912,30,0,0,0
15.171532317000015,1779965192.5227249,6130,51454,0,12582912,48,0,0,0
15.171532317000015,1779965192.5227249,6130,51455,1,12582912,55,0,0,0
15.171532317000015,1779965192.5227249,6130,51456,2,12582912,42,0,0,0
15.171532317000015,1779965192.5227249,6130,51457,3,12582912,26,0,0,0
15.171532317000015,1779965192.5227249,6130,51458,4,12582912,27,0,0,0
15.171532317000015,1779965192.5227249,6130,51459,5,12582912,41,0,0,0
15.171532317000015,1779965192.5227249,6130,51460,6,12582912,50,0,0,0
15.171532317000015,1779965192.5227249,6130,51461,7,12582912,40,0,0,0
15.19464909300001,1779965192.5458415,6131,51462,0,12582912,20,0,0,0
15.19464909300001,1779965192.5458415,6131,51463,1,12582912,14,0,0,0
15.19464909300001,1779965192.5458415,6131,51464,2,12582912,30,0,0,0
15.19464909300001,1779965192.5458415,6131,51465,3,12582912,50,0,0,0
15.19464909300001,1779965192.5458415,6131,51466,4,12582912,54,0,0,0
15.19464909300001,1779965192.5458415,6131,51467,5,12582912,41,0,0,0
15.19464909300001,1779965192.5458415,6131,51468,6,12582912,33,0,0,0
15.19464909300001,1779965192.5458415,6131,51469,7,12582912,37,0,0,0
15.217567534000011,1779965192.56876,6132,51470,0,12582912,45,0,0,0
15.217567534000011,1779965192.56876,6132,51471,1,12582912,42,0,0,0
15.217567534000011,1779965192.56876,6132,51472,2,12582912,27,0,0,0
15.217567534000011,1779965192.56876,6132,51473,3,12582912,23,0,0,0
15.217567534000011,1779965192.56876,6132,51474,4,12582912,33,0,0,0
15.217567534000011,1779965192.56876,6132,51475,5,12582912,44,0,0,0
15.217567534000011,1779965192.56876,6132,51476,6,12582912,41,0,0,0
15.217567534000011,1779965192.56876,6132,51477,7,12582912,31,0,0,0
15.268407889000002,1779965192.619599,6133,51478,0,12582912,33,0,0,0
15.268407889000002,1779965192.619599,6133,51479,1,12582912,47,0,0,0
15.268407889000002,1779965192.619599,6133,51480,2,12582912,53,0,0,0
15.268407889000002,1779965192.619599,6133,51481,3,12582912,42,0,0,0
15.268407889000002,1779965192.619599,6133,51482,4,12582912,22,0,0,0
15.268407889000002,1779965192.619599,6133,51483,5,12582912,10,0,0,0
15.268407889000002,1779965192.619599,6133,51484,6,12582912,11,0,0,0
15.268407889000002,1779965192.619599,6133,51485,7,12582912,21,0,0,0
15.316760309000017,1779965192.6679525,6134,51486,0,12582912,30,0,0,0
15.316760309000017,1779965192.6679525,6134,51487,1,12582912,34,0,0,0
15.316760309000017,1779965192.6679525,6134,51488,2,12582912,46,0,0,0
15.316760309000017,1779965192.6679525,6134,51489,3,12582912,58,0,0,0
15.316760309000017,1779965192.6679525,6134,51490,4,12582912,56,0,0,0
15.316760309000017,1779965192.6679525,6134,51491,5,12582912,39,0,0,0
15.316760309000017,1779965192.6679525,6134,51492,6,12582912,23,0,0,0
15.316760309000017,1779965192.6679525,6134,51493,7,12582912,24,0,0,0
15.357556584000008,1779965192.708749,6135,51494,0,12582912,31,0,0,0
15.357556584000008,1779965192.708749,6135,51495,1,12582912,35,0,0,0
15.357556584000008,1779965192.708749,6135,51496,2,12582912,31,0,0,0
15.357556584000008,1779965192.708749,6135,51497,3,12582912,24,0,0,0
15.357556584000008,1779965192.708749,6135,51498,4,12582912,33,0,0,0
15.357556584000008,1779965192.708749,6135,51499,5,12582912,49,0,0,0
15.357556584000008,1779965192.708749,6135,51500,6,12582912,57,0,0,0
15.357556584000008,1779965192.708749,6135,51501,7,12582912,183,0,0,0
15.359025292000013,1779965192.7102163,6136,51502,0,12582912,199,0,0,0
15.359025292000013,1779965192.7102163,6136,51503,1,12582912,-340,0,0,0
15.359025292000013,1779965192.7102163,6136,51504,2,12582912,-778,0,0,0
15.359025292000013,1779965192.7102163,6136,51505,3,12582912,-275,0,0,0
15.359025292000013,1779965192.7102163,6136,51506,4,12582912,596,0,0,0
15.359025292000013,1779965192.7102163,6136,51507,5,12582912,705,0,0,0
15.359025292000013,1779965192.7102163,6136,51508,6,12582912,-26,0,0,0
15.359025292000013,1779965192.7102163,6136,51509,7,12582912,-577,0,0,0
15.403043307000019,1779965192.7542357,6137,51510,0,12582912,-256,0,0,0
15.403043307000019,1779965192.7542357,6137,51511,1,12582912,430,0,0,0
15.403043307000019,1779965192.7542357,6137,51512,2,12582912,539,0,0,0
15.403043307000019,1779965192.7542357,6137,51513,3,12582912,-14,0,0,0
15.403043307000019,1779965192.7542357,6137,51514,4,12582912,-435,0,0,0
15.403043307000019,1779965192.7542357,6137,51515,5,12582912,-189,0,0,0
15.403043307000019,1779965192.7542357,6137,51516,6,12582912,338,0,0,0
15.403043307000019,1779965192.7542357,6137,51517,7,12582912,427,0,0,0
15.444801620000021,1779965192.795994,6138,51518,0,12582912,6,0,0,0
15.444801620000021,1779965192.795994,6138,51519,1,12582912,-323,0,0,0
15.444801620000021,1779965192.795994,6138,51520,2,12582912,-140,0,0,0
15.444801620000021,1779965192.795994,6138,51521,3,12582912,263,0,0,0
15.444801620000021,1779965192.795994,6138,51522,4,12582912,330,0,0,0
15.444801620000021,1779965192.795994,6138,51523,5,12582912,7,0,0,0
15.444801620000021,1779965192.795994,6138,51524,6,12582912,-244,0,0,0
15.444801620000021,1779965192.795994,6138,51525,7,12582912,-102,0,0,0
15.467744853,1779965192.8189373,6139,51526,0,12582912,212,0,0,0
15.467744853,1779965192.8189373,6139,51527,1,12582912,268,0,0,0
15.467744853,1779965192.8189373,6139,51528,2,12582912,12,0,0,0
15.467744853,1779965192.8189373,6139,51529,3,12582912,-192,0,0,0
15.467744853,1779965192.8189373,6139,51530,4,12582912,-83,0,0,0
15.467744853,1779965192.8189373,6139,51531,5,12582912,167,0,0,0
15.467744853,1779965192.8189373,6139,51532,6,12582912,214,0,0,0
15.467744853,1779965192.8189373,6139,51533,7,12582912,18,0,0,0
15.490641627000002,1779965192.8418343,6140,51534,0,12582912,-132,0,0,0
15.490641627000002,1779965192.8418343,6140,51535,1,12582912,-43,0,0,0
15.490641627000002,1779965192.8418343,6140,51536,2,12582912,140,0,0,0
15.490641627000002,1779965192.8418343,6140,51537,3,12582912,162,0,0,0
15.490641627000002,1779965192.8418343,6140,51538,4,12582912,7,0,0,0
15.490641627000002,1779965192.8418343,6140,51539,5,12582912,-107,0,0,0
15.490641627000002,1779965192.8418343,6140,51540,6,12582912,-33,0,0,0
15.490641627000002,1779965192.8418343,6140,51541,7,12582912,122,0,0,0
15.521919814,1779965192.8731115,6141,51542,0,12582912,158,0,0,0
15.521919814,1779965192.8731115,6141,51543,1,12582912,46,0,0,0
15.521919814,1779965192.8731115,6141,51544,2,12582912,-56,0,0,0
15.521919814,1779965192.8731115,6141,51545,3,12582912,-22,0,0,0
15.521919814,1779965192.8731115,6141,51546,4,12582912,90,0,0,0
15.521919814,1779965192.8731115,6141,51547,5,12582912,121,0,0,0
15.521919814,1779965192.8731115,6141,51548,6,12582912,36,0,0,0
15.521919814,1779965192.8731115,6141,51549,7,12582912,-48,0,0,0
15.569668272000001,1779965192.9208598,6142,51550,0,12582912,-25,0,0,0
15.569668272000001,1779965192.9208598,6142,51551,1,12582912,69,0,0,0
15.569668272000001,1779965192.9208598,6142,51552,2,12582912,106,0,0,0
15.569668272000001,1779965192.9208598,6142,51553,3,12582912,49,0,0,0
15.569668272000001,1779965192.9208598,6142,51554,4,12582912,-12,0,0,0
15.569668272000001,1779965192.9208598,6142,51555,5,12582912,4,0,0,0
15.569668272000001,1779965192.9208598,6142,51556,6,12582912,69,0,0,0
15.569668272000001,1779965192.9208598,6142,51557,7,12582912,88,0,0,0
15.761186054999996,1779965193.1123786,6143,51558,0,12582912,41,0,0,0
15.761186054999996,1779965193.1123786,6143,51559,1,12582912,-6,0,0,0
15.761186054999996,1779965193.1123786,6143,51560,2,12582912,7,0,0,0
15.761186054999996,1779965193.1123786,6143,51561,3,12582912,70,0,0,0
15.761186054999996,1779965193.1123786,6143,51562,4,12582912,113,0,0,0
15.761186054999996,1779965193.1123786,6143,51563,5,12582912,94,0,0,0
15.761186054999996,1779965193.1123786,6143,51564,6,12582912,45,0,0,0
15.761186054999996,1779965193.1123786,6143,51565,7,12582912,27,0,0,0
15.800871067000003,1779965193.152064,6144,51566,0,12582912,59,0,0,0
15.800871067000003,1779965193.152064,6144,51567,1,12582912,94,0,0,0
15.800871067000003,1779965193.152064,6144,51568,2,12582912,80,0,0,0
15.800871067000003,1779965193.152064,6144,51569,3,12582912,36,0,0,0
15.800871067000003,1779965193.152064,6144,51570,4,12582912,21,0,0,0
15.800871067000003,1779965193.152064,6144,51571,5,12582912,51,0,0,0
15.800871067000003,1779965193.152064,6144,51572,6,12582912,80,0,0,0
15.800871067000003,1779965193.152064,6144,51573,7,12582912,75,0,0,0
15.855321179999976,1779965193.2065136,6145,51574,0,12582912,48,0,0,0
15.855321179999976,1779965193.2065136,6145,51575,1,12582912,33,0,0,0
15.855321179999976,1779965193.2065136,6145,51576,2,12582912,50,0,0,0
15.855321179999976,1779965193.2065136,6145,51577,3,12582912,74,0,0,0
15.855321179999976,1779965193.2065136,6145,51578,4,12582912,70,0,0,0
15.855321179999976,1779965193.2065136,6145,51579,5,12582912,42,0,0,0
15.855321179999976,1779965193.2065136,6145,51580,6,12582912,26,0,0,0
15.855321179999976,1779965193.2065136,6145,51581,7,12582912,42,0,0,0
15.878258576999997,1779965193.2294512,6146,51582,0,12582912,65,0,0,0
15.878258576999997,1779965193.2294512,6146,51583,1,12582912,71,0,0,0
15.878258576999997,1779965193.2294512,6146,51584,2,12582912,58,0,0,0
15.878258576999997,1779965193.2294512,6146,51585,3,12582912,41,0,0,0
15.878258576999997,1779965193.2294512,6146,51586,4,12582912,40,0,0,0
15.878258576999997,1779965193.2294512,6146,51587,5,12582912,53,0,0,0
15.878258576999997,1779965193.2294512,6146,51588,6,12582912,60,0,0,0
15.878258576999997,1779965193.2294512,6146,51589,7,12582912,55,0,0,0
15.901179411999976,1779965193.2523718,6147,51590,0,12582912,45,0,0,0
15.901179411999976,1779965193.2523718,6147,51591,1,12582912,46,0,0,0
15.901179411999976,1779965193.2523718,6147,51592,2,12582912,59,0,0,0
15.901179411999976,1779965193.2523718,6147,51593,3,12582912,68,0,0,0
15.901179411999976,1779965193.2523718,6147,51594,4,12582912,56,0,0,0
15.901179411999976,1779965193.2523718,6147,51595,5,12582912,32,0,0,0
15.901179411999976,1779965193.2523718,6147,51596,6,12582912,30,0,0,0
15.901179411999976,1779965193.2523718,6147,51597,7,12582912,52,0,0,0
15.924027329000012,1779965193.27522,6148,51598,0,12582912,66,0,0,0
15.924027329000012,1779965193.27522,6148,51599,1,12582912,55,0,0,0
15.924027329000012,1779965193.27522,6148,51600,2,12582912,35,0,0,0
15.924027329000012,1779965193.27522,6148,51601,3,12582912,33,0,0,0
15.924027329000012,1779965193.27522,6148,51602,4,12582912,46,0,0,0
15.924027329000012,1779965193.27522,6148,51603,5,12582912,53,0,0,0
15.924027329000012,1779965193.27522,6148,51604,6,12582912,41,0,0,0
15.924027329000012,1779965193.27522,6148,51605,7,12582912,25,0,0,0
15.94690790200002,1779965193.2981002,6149,51606,0,12582912,29,0,0,0
15.94690790200002,1779965193.2981002,6149,51607,1,12582912,48,0,0,0
15.94690790200002,1779965193.2981002,6149,51608,2,12582912,59,0,0,0
15.94690790200002,1779965193.2981002,6149,51609,3,12582912,50,0,0,0
15.94690790200002,1779965193.2981002,6149,51610,4,12582912,23,0,0,0
15.94690790200002,1779965193.2981002,6149,51611,5,12582912,10,0,0,0
15.94690790200002,1779965193.2981002,6149,51612,6,12582912,24,0,0,0
15.94690790200002,1779965193.2981002,6149,51613,7,12582912,44,0,0,0
16.016033950000008,1779965193.3672264,6150,51614,0,12582912,52,0,0,0
16.016033950000008,1779965193.3672264,6150,51615,1,12582912,49,0,0,0
16.016033950000008,1779965193.3672264,6150,51616,2,12582912,51,0,0,0
16.016033950000008,1779965193.3672264,6150,51617,3,12582912,61,0,0,0
16.016033950000008,1779965193.3672264,6150,51618,4,12582912,67,0,0,0
16.016033950000008,1779965193.3672264,6150,51619,5,12582912,63,0,0,0
16.016033950000008,1779965193.3672264,6150,51620,6,12582912,52,0,0,0
16.016033950000008,1779965193.3672264,6150,51621,7,12582912,48,0,0,0
16.026348499999983,1779965193.3775415,6151,51622,0,12582912,48,0,0,0
16.026348499999983,1779965193.3775415,6151,51623,1,12582912,45,0,0,0
16.026348499999983,1779965193.3775415,6151,51624,2,12582912,37,0,0,0
16.026348499999983,1779965193.3775415,6151,51625,3,12582912,28,0,0,0
16.026348499999983,1779965193.3775415,6151,51626,4,12582912,33,0,0,0
16.026348499999983,1779965193.3775415,6151,51627,5,12582912,47,0,0,0
16.026348499999983,1779965193.3775415,6151,51628,6,12582912,56,0,0,0
16.026348499999983,1779965193.3775415,6151,51629,7,12582912,49,0,0,0
16.070893129000012,1779965193.4220846,6152,51630,0,12582912,32,0,0,0
16.070893129000012,1779965193.4220846,6152,51631,1,12582912,28,0,0,0
16.070893129000012,1779965193.4220846,6152,51632,2,12582912,44,0,0,0
16.070893129000012,1779965193.4220846,6152,51633,3,12582912,60,0,0,0
16.070893129000012,1779965193.4220846,6152,51634,4,12582912,58,0,0,0
16.070893129000012,1779965193.4220846,6152,51635,5,12582912,36,0,0,0
16.070893129000012,1779965193.4220846,6152,51636,6,12582912,17,0,0,0
16.070893129000012,1779965193.4220846,6152,51637,7,12582912,17,0,0,0
16.093025571999988,1779965193.444218,6153,51638,0,12582912,31,0,0,0
16.093025571999988,1779965193.444218,6153,51639,1,12582912,42,0,0,0
16.093025571999988,1779965193.444218,6153,51640,2,12582912,40,0,0,0
16.093025571999988,1779965193.444218,6153,51641,3,12582912,36,0,0,0
16.093025571999988,1779965193.444218,6153,51642,4,12582912,41,0,0,0
16.093025571999988,1779965193.444218,6153,51643,5,12582912,44,0,0,0
16.093025571999988,1779965193.444218,6153,51644,6,12582912,38,0,0,0
16.093025571999988,1779965193.444218,6153,51645,7,12582912,27,0,0,0
16.11585150999997,1779965193.4670439,6154,51646,0,12582912,29,0,0,0
16.11585150999997,1779965193.4670439,6154,51647,1,12582912,44,0,0,0
16.11585150999997,1779965193.4670439,6154,51648,2,12582912,53,0,0,0
16.11585150999997,1779965193.4670439,6154,51649,3,12582912,38,0,0,0
16.11585150999997,1779965193.4670439,6154,51650,4,12582912,17,0,0,0
16.11585150999997,1779965193.4670439,6154,51651,5,12582912,21,0,0,0
16.11585150999997,1779965193.4670439,6154,51652,6,12582912,40,0,0,0
16.11585150999997,1779965193.4670439,6154,51653,7,12582912,48,0,0,0
16.13888380399999,1779965193.490076,6155,51654,0,12582912,41,0,0,0
16.13888380399999,1779965193.490076,6155,51655,1,12582912,28,0,0,0
16.13888380399999,1779965193.490076,6155,51656,2,12582912,29,0,0,0
16.13888380399999,1779965193.490076,6155,51657,3,12582912,39,0,0,0
16.13888380399999,1779965193.490076,6155,51658,4,12582912,50,0,0,0
16.13888380399999,1779965193.490076,6155,51659,5,12582912,50,0,0,0
16.13888380399999,1779965193.490076,6155,51660,6,12582912,37,0,0,0
16.13888380399999,1779965193.490076,6155,51661,7,12582912,37,0,0,0
16.183019106000017,1779965193.5342114,6156,51662,0,12582912,51,0,0,0
16.183019106000017,1779965193.5342114,6156,51663,1,12582912,56,0,0,0
16.183019106000017,1779965193.5342114,6156,51664,2,12582912,45,0,0,0
16.183019106000017,1779965193.5342114,6156,51665,3,12582912,30,0,0,0
16.183019106000017,1779965193.5342114,6156,51666,4,12582912,25,0,0,0
16.183019106000017,1779965193.5342114,6156,51667,5,12582912,37,0,0,0
16.183019106000017,1779965193.5342114,6156,51668,6,12582912,53,0,0,0
16.183019106000017,1779965193.5342114,6156,51669,7,12582912,55,0,0,0
16.221969478000005,1779965193.5731618,6157,51670,0,12582912,39,0,0,0
16.221969478000005,1779965193.5731618,6157,51671,1,12582912,28,0,0,0
16.221969478000005,1779965193.5731618,6157,51672,2,12582912,34,0,0,0
16.221969478000005,1779965193.5731618,6157,51673,3,12582912,43,0,0,0
16.221969478000005,1779965193.5731618,6157,51674,4,12582912,38,0,0,0
16.221969478000005,1779965193.5731618,6157,51675,5,12582912,22,0,0,0
16.221969478000005,1779965193.5731618,6157,51676,6,12582912,19,0,0,0
16.221969478000005,1779965193.5731618,6157,51677,7,12582912,32,0,0,0
16.275396979999982,1779965193.6265895,6158,51678,0,12582912,46,0,0,0
16.275396979999982,1779965193.6265895,6158,51679,1,12582912,47,0,0,0
16.275396979999982,1779965193.6265895,6158,51680,2,12582912,33,0,0,0
16.275396979999982,1779965193.6265895,6158,51681,3,12582912,25,0,0,0
16.275396979999982,1779965193.6265895,6158,51682,4,12582912,31,0,0,0
16.275396979999982,1779965193.6265895,6158,51683,5,12582912,40,0,0,0
16.275396979999982,1779965193.6265895,6158,51684,6,12582912,36,0,0,0
16.275396979999982,1779965193.6265895,6158,51685,7,12582912,20,0,0,0
16.276988813999992,1779965193.6281812,6159,51686,0,12582912,13,0,0,0
16.276988813999992,1779965193.6281812,6159,51687,1,12582912,32,0,0,0
16.276988813999992,1779965193.6281812,6159,51688,2,12582912,59,0,0,0
16.276988813999992,1779965193.6281812,6159,51689,3,12582912,64,0,0,0
16.276988813999992,1779965193.6281812,6159,51690,4,12582912,44,0,0,0
16.276988813999992,1779965193.6281812,6159,51691,5,12582912,25,0,0,0
16.276988813999992,1779965193.6281812,6159,51692,6,12582912,26,0,0,0
16.276988813999992,1779965193.6281812,6159,51693,7,12582912,37,0,0,0
16.299671521999983,1779965193.650864,6160,51694,0,12582912,42,0,0,0
16.299671521999983,1779965193.650864,6160,51695,1,12582912,38,0,0,0
16.299671521999983,1779965193.650864,6160,51696,2,12582912,40,0,0,0
16.299671521999983,1779965193.650864,6160,51697,3,12582912,50,0,0,0
16.299671521999983,1779965193.650864,6160,51698,4,12582912,60,0,0,0
16.299671521999983,1779965193.650864,6160,51699,5,12582912,59,0,0,0
16.299671521999983,1779965193.650864,6160,51700,6,12582912,42,0,0,0
16.299671521999983,1779965193.650864,6160,51701,7,12582912,28,0,0,0
16.343688751000002,1779965193.6948812,6161,51702,0,12582912,33,0,0,0
16.343688751000002,1779965193.6948812,6161,51703,1,12582912,43,0,0,0
16.343688751000002,1779965193.6948812,6161,51704,2,12582912,41,0,0,0
16.343688751000002,1779965193.6948812,6161,51705,3,12582912,27,0,0,0
16.343688751000002,1779965193.6948812,6161,51706,4,12582912,24,0,0,0
16.343688751000002,1779965193.6948812,6161,51707,5,12582912,42,0,0,0
16.343688751000002,1779965193.6948812,6161,51708,6,12582912,62,0,0,0
16.343688751000002,1779965193.6948812,6161,51709,7,12582912,61,0,0,0
16.366580886999998,1779965193.717773,6162,51710,0,12582912,40,0,0,0
16.366580886999998,1779965193.717773,6162,51711,1,12582912,26,0,0,0
16.366580886999998,1779965193.717773,6162,51712,2,12582912,31,0,0,0
16.366580886999998,1779965193.717773,6162,51713,3,12582912,40,0,0,0
16.366580886999998,1779965193.717773,6162,51714,4,12582912,34,0,0,0
16.366580886999998,1779965193.717773,6162,51715,5,12582912,15,0,0,0
16.366580886999998,1779965193.717773,6162,51716,6,12582912,11,0,0,0
16.366580886999998,1779965193.717773,6162,51717,7,12582912,26,0,0,0
16.42788099500001,1779965193.7790754,6163,51718,0,12582912,38,0,0,0
16.42788099500001,1779965193.7790754,6163,51719,1,12582912,38,0,0,0
16.42788099500001,1779965193.7790754,6163,51720,2,12582912,28,0,0,0
16.42788099500001,1779965193.7790754,6163,51721,3,12582912,27,0,0,0
16.42788099500001,1779965193.7790754,6163,51722,4,12582912,37,0,0,0
16.42788099500001,1779965193.7790754,6163,51723,5,12582912,43,0,0,0
16.42788099500001,1779965193.7790754,6163,51724,6,12582912,41,0,0,0
16.42788099500001,1779965193.7790754,6163,51725,7,12582912,34,0,0,0
16.428769021999983,1779965193.7799609,6164,51726,0,12582912,38,0,0,0
16.428769021999983,1779965193.7799609,6164,51727,1,12582912,50,0,0,0
16.428769021999983,1779965193.7799609,6164,51728,2,12582912,53,0,0,0
16.428769021999983,1779965193.7799609,6164,51729,3,12582912,43,0,0,0
16.428769021999983,1779965193.7799609,6164,51730,4,12582912,25,0,0,0
16.428769021999983,1779965193.7799609,6164,51731,5,12582912,16,0,0,0
16.428769021999983,1779965193.7799609,6164,51732,6,12582912,25,0,0,0
16.428769021999983,1779965193.7799609,6164,51733,7,12582912,35,0,0,0
16.465226407999978,1779965193.8164175,6165,51734,0,12582912,36,0,0,0
16.465226407999978,1779965193.8164175,6165,51735,1,12582912,29,0,0,0
16.465226407999978,1779965193.8164175,6165,51736,2,12582912,29,0,0,0
16.465226407999978,1779965193.8164175,6165,51737,3,12582912,40,0,0,0
16.465226407999978,1779965193.8164175,6165,51738,4,12582912,49,0,0,0
16.465226407999978,1779965193.8164175,6165,51739,5,12582912,38,0,0,0
16.465226407999978,1779965193.8164175,6165,51740,6,12582912,15,0,0,0
16.465226407999978,1779965193.8164175,6165,51741,7,12582912,8,0,0,0
16.51721009800002,1779965193.8684027,6166,51742,0,12582912,25,0,0,0
16.51721009800002,1779965193.8684027,6166,51743,1,12582912,46,0,0,0
16.51721009800002,1779965193.8684027,6166,51744,2,12582912,53,0,0,0
16.51721009800002,1779965193.8684027,6166,51745,3,12582912,39,0,0,0
16.51721009800002,1779965193.8684027,6166,51746,4,12582912,20,0,0,0
16.51721009800002,1779965193.8684027,6166,51747,5,12582912,17,0,0,0
16.51721009800002,1779965193.8684027,6166,51748,6,12582912,27,0,0,0
16.51721009800002,1779965193.8684027,6166,51749,7,12582912,35,0,0,0
16.527866942000003,1779965193.87906,6167,51750,0,12582912,28,0,0,0
16.527866942000003,1779965193.87906,6167,51751,1,12582912,26,0,0,0
16.527866942000003,1779965193.87906,6167,51752,2,12582912,39,0,0,0
16.527866942000003,1779965193.87906,6167,51753,3,12582912,52,0,0,0
16.527866942000003,1779965193.87906,6167,51754,4,12582912,50,0,0,0
16.527866942000003,1779965193.87906,6167,51755,5,12582912,32,0,0,0
16.527866942000003,1779965193.87906,6167,51756,6,12582912,18,0,0,0
16.527866942000003,1779965193.87906,6167,51757,7,12582912,20,0,0,0
16.571903651000014,1779965193.9230962,6168,51758,0,12582912,31,0,0,0
16.571903651000014,1779965193.9230962,6168,51759,1,12582912,31,0,0,0
16.571903651000014,1779965193.9230962,6168,51760,2,12582912,21,0,0,0
16.571903651000014,1779965193.9230962,6168,51761,3,12582912,18,0,0,0
16.571903651000014,1779965193.9230962,6168,51762,4,12582912,30,0,0,0
16.571903651000014,1779965193.9230962,6168,51763,5,12582912,46,0,0,0
16.571903651000014,1779965193.9230962,6168,51764,6,12582912,50,0,0,0
16.571903651000014,1779965193.9230962,6168,51765,7,12582912,37,0,0,0
16.594792817999974,1779965193.945985,6169,51766,0,12582912,24,0,0,0
16.594792817999974,1779965193.945985,6169,51767,1,12582912,29,0,0,0
16.594792817999974,1779965193.945985,6169,51768,2,12582912,42,0,0,0
16.594792817999974,1779965193.945985,6169,51769,3,12582912,48,0,0,0
16.594792817999974,1779965193.945985,6169,51770,4,12582912,37,0,0,0
16.594792817999974,1779965193.945985,6169,51771,5,12582912,26,0,0,0
16.594792817999974,1779965193.945985,6169,51772,6,12582912,29,0,0,0
16.594792817999974,1779965193.945985,6169,51773,7,12582912,34,0,0,0
16.63325969699997,1779965193.984453,6170,51774,0,12582912,33,0,0,0
16.63325969699997,1779965193.984453,6170,51775,1,12582912,20,0,0,0
16.63325969699997,1779965193.984453,6170,51776,2,12582912,12,0,0,0
16.63325969699997,1779965193.984453,6170,51777,3,12582912,21,0,0,0
16.63325969699997,1779965193.984453,6170,51778,4,12582912,32,0,0,0
16.63325969699997,1779965193.984453,6170,51779,5,12582912,26,0,0,0
16.63325969699997,1779965193.984453,6170,51780,6,12582912,6,0,0,0
16.63325969699997,1779965193.984453,6170,51781,7,12582912,-3,0,0,0
16.656424699000013,1779965194.0076175,6171,51782,0,12582912,4,0,0,0
16.656424699000013,1779965194.0076175,6171,51783,1,12582912,10,0,0,0
16.656424699000013,1779965194.0076175,6171,51784,2,12582912,13,0,0,0
16.656424699000013,1779965194.0076175,6171,51785,3,12582912,9,0,0,0
16.656424699000013,1779965194.0076175,6171,51786,4,12582912,14,0,0,0
16.656424699000013,1779965194.0076175,6171,51787,5,12582912,29,0,0,0
16.656424699000013,1779965194.0076175,6171,51788,6,12582912,36,0,0,0
16.656424699000013,1779965194.0076175,6171,51789,7,12582912,23,0,0,0
16.700418797999987,1779965194.0516112,6172,51790,0,12582912,-1,0,0,0
16.700418797999987,1779965194.0516112,6172,51791,1,12582912,-7,0,0,0
16.700418797999987,1779965194.0516112,6172,51792,2,12582912,12,0,0,0
16.700418797999987,1779965194.0516112,6172,51793,3,12582912,31,0,0,0
16.700418797999987,1779965194.0516112,6172,51794,4,12582912,35,0,0,0
16.700418797999987,1779965194.0516112,6172,51795,5,12582912,25,0,0,0
16.700418797999987,1779965194.0516112,6172,51796,6,12582912,22,0,0,0
16.700418797999987,1779965194.0516112,6172,51797,7,12582912,26,0,0,0
16.764644388000022,1779965194.1158369,6173,51798,0,12582912,29,0,0,0
16.764644388000022,1779965194.1158369,6173,51799,1,12582912,30,0,0,0
16.764644388000022,1779965194.1158369,6173,51800,2,12582912,25,0,0,0
16.764644388000022,1779965194.1158369,6173,51801,3,12582912,28,0,0,0
16.764644388000022,1779965194.1158369,6173,51802,4,12582912,42,0,0,0
16.764644388000022,1779965194.1158369,6173,51803,5,12582912,50,0,0,0
16.764644388000022,1779965194.1158369,6173,51804,6,12582912,45,0,0,0
16.764644388000022,1779965194.1158369,6173,51805,7,12582912,30,0,0,0
16.766100386999994,1779965194.1172915,6174,51806,0,12582912,30,0,0,0
16.766100386999994,1779965194.1172915,6174,51807,1,12582912,47,0,0,0
16.766100386999994,1779965194.1172915,6174,51808,2,12582912,61,0,0,0
16.766100386999994,1779965194.1172915,6174,51809,3,12582912,56,0,0,0
16.766100386999994,1779965194.1172915,6174,51810,4,12582912,33,0,0,0
16.766100386999994,1779965194.1172915,6174,51811,5,12582912,18,0,0,0
16.766100386999994,1779965194.1172915,6174,51812,6,12582912,28,0,0,0
16.766100386999994,1779965194.1172915,6174,51813,7,12582912,45,0,0,0
16.84508305600002,1779965194.196275,6175,51814,0,12582912,51,0,0,0
16.84508305600002,1779965194.196275,6175,51815,1,12582912,41,0,0,0
16.84508305600002,1779965194.196275,6175,51816,2,12582912,36,0,0,0
16.84508305600002,1779965194.196275,6175,51817,3,12582912,47,0,0,0
16.84508305600002,1779965194.196275,6175,51818,4,12582912,60,0,0,0
16.84508305600002,1779965194.196275,6175,51819,5,12582912,59,0,0,0
16.84508305600002,1779965194.196275,6175,51820,6,12582912,39,0,0,0
16.84508305600002,1779965194.196275,6175,51821,7,12582912,23,0,0,0
16.846593482999992,1779965194.1977854,6176,51822,0,12582912,29,0,0,0
16.846593482999992,1779965194.1977854,6176,51823,1,12582912,42,0,0,0
16.846593482999992,1779965194.1977854,6176,51824,2,12582912,49,0,0,0
16.846593482999992,1779965194.1977854,6176,51825,3,12582912,44,0,0,0
16.846593482999992,1779965194.1977854,6176,51826,4,12582912,39,0,0,0
16.846593482999992,1779965194.1977854,6176,51827,5,12582912,47,0,0,0
16.846593482999992,1779965194.1977854,6176,51828,6,12582912,60,0,0,0
16.846593482999992,1779965194.1977854,6176,51829,7,12582912,64,0,0,0
16.84802083599999,1779965194.1992118,6177,51830,0,12582912,51,0,0,0
16.84802083599999,1779965194.1992118,6177,51831,1,12582912,43,0,0,0
16.84802083599999,1779965194.1992118,6177,51832,2,12582912,42,0,0,0
16.84802083599999,1779965194.1992118,6177,51833,3,12582912,36,0,0,0
16.84802083599999,1779965194.1992118,6177,51834,4,12582912,22,0,0,0
16.84802083599999,1779965194.1992118,6177,51835,5,12582912,8,0,0,0
16.84802083599999,1779965194.1992118,6177,51836,6,12582912,10,0,0,0
16.84802083599999,1779965194.1992118,6177,51837,7,12582912,28,0,0,0
16.88586682099998,1779965194.2370582,6178,51838,0,12582912,40,0,0,0
16.88586682099998,1779965194.2370582,6178,51839,1,12582912,35,0,0,0
16.88586682099998,1779965194.2370582,6178,51840,2,12582912,15,0,0,0
16.88586682099998,1779965194.2370582,6178,51841,3,12582912,6,0,0,0
16.88586682099998,1779965194.2370582,6178,51842,4,12582912,14,0,0,0
16.88586682099998,1779965194.2370582,6178,51843,5,12582912,21,0,0,0
16.88586682099998,1779965194.2370582,6178,51844,6,12582912,16,0,0,0
16.88586682099998,1779965194.2370582,6178,51845,7,12582912,-1,0,0,0
16.908978175000016,1779965194.2601707,6179,51846,0,12582912,-7,0,0,0
16.908978175000016,1779965194.2601707,6179,51847,1,12582912,11,0,0,0
16.908978175000016,1779965194.2601707,6179,51848,2,12582912,35,0,0,0
16.908978175000016,1779965194.2601707,6179,51849,3,12582912,43,0,0,0
16.908978175000016,1779965194.2601707,6179,51850,4,12582912,32,0,0,0
16.908978175000016,1779965194.2601707,6179,51851,5,12582912,23,0,0,0
16.908978175000016,1779965194.2601707,6179,51852,6,12582912,26,0,0,0
16.908978175000016,1779965194.2601707,6179,51853,7,12582912,35,0,0,0
16.952958002999992,1779965194.3041508,6180,51854,0,12582912,41,0,0,0
16.952958002999992,1779965194.3041508,6180,51855,1,12582912,38,0,0,0
16.952958002999992,1779965194.3041508,6180,51856,2,12582912,39,0,0,0
16.952958002999992,1779965194.3041508,6180,51857,3,12582912,47,0,0,0
16.952958002999992,1779965194.3041508,6180,51858,4,12582912,51,0,0,0
16.952958002999992,1779965194.3041508,6180,51859,5,12582912,41,0,0,0
16.952958002999992,1779965194.3041508,6180,51860,6,12582912,22,0,0,0
16.952958002999992,1779965194.3041508,6180,51861,7,12582912,14,0,0,0
16.975777584000014,1779965194.3269708,6181,51862,0,12582912,23,0,0,0
16.975777584000014,1779965194.3269708,6181,51863,1,12582912,36,0,0,0
16.975777584000014,1779965194.3269708,6181,51864,2,12582912,42,0,0,0
16.975777584000014,1779965194.3269708,6181,51865,3,12582912,36,0,0,0
16.975777584000014,1779965194.3269708,6181,51866,4,12582912,34,0,0,0
16.975777584000014,1779965194.3269708,6181,51867,5,12582912,41,0,0,0
16.975777584000014,1779965194.3269708,6181,51868,6,12582912,47,0,0,0
16.975777584000014,1779965194.3269708,6181,51869,7,12582912,45,0,0,0
17.04466679899997,1779965194.3958592,6182,51870,0,12582912,33,0,0,0
17.04466679899997,1779965194.3958592,6182,51871,1,12582912,25,0,0,0
17.04466679899997,1779965194.3958592,6182,51872,2,12582912,32,0,0,0
17.04466679899997,1779965194.3958592,6182,51873,3,12582912,49,0,0,0
17.04466679899997,1779965194.3958592,6182,51874,4,12582912,56,0,0,0
17.04466679899997,1779965194.3958592,6182,51875,5,12582912,41,0,0,0
17.04466679899997,1779965194.3958592,6182,51876,6,12582912,25,0,0,0
17.04466679899997,1779965194.3958592,6182,51877,7,12582912,28,0,0,0
17.054873326000006,1779965194.4060667,6183,51878,0,12582912,38,0,0,0
17.054873326000006,1779965194.4060667,6183,51879,1,12582912,34,0,0,0
17.054873326000006,1779965194.4060667,6183,51880,2,12582912,13,0,0,0
17.054873326000006,1779965194.4060667,6183,51881,3,12582912,2,0,0,0
17.054873326000006,1779965194.4060667,6183,51882,4,12582912,14,0,0,0
17.054873326000006,1779965194.4060667,6183,51883,5,12582912,31,0,0,0
17.054873326000006,1779965194.4060667,6183,51884,6,12582912,35,0,0,0
17.054873326000006,1779965194.4060667,6183,51885,7,12582912,27,0,0,0
17.094713646999992,1779965194.445906,6184,51886,0,12582912,23,0,0,0
17.094713646999992,1779965194.445906,6184,51887,1,12582912,28,0,0,0
17.094713646999992,1779965194.445906,6184,51888,2,12582912,32,0,0,0
17.094713646999992,1779965194.445906,6184,51889,3,12582912,31,0,0,0
17.094713646999992,1779965194.445906,6184,51890,4,12582912,23,0,0,0
17.094713646999992,1779965194.445906,6184,51891,5,12582912,25,0,0,0
17.094713646999992,1779965194.445906,6184,51892,6,12582912,37,0,0,0
17.094713646999992,1779965194.445906,6184,51893,7,12582912,44,0,0,0
17.11774890700002,1779965194.4689412,6185,51894,0,12582912,36,0,0,0
17.11774890700002,1779965194.4689412,6185,51895,1,12582912,13,0,0,0
17.11774890700002,1779965194.4689412,6185,51896,2,12582912,-3,0,0,0
17.11774890700002,1779965194.4689412,6185,51897,3,12582912,7,0,0,0
17.11774890700002,1779965194.4689412,6185,51898,4,12582912,33,0,0,0
17.11774890700002,1779965194.4689412,6185,51899,5,12582912,52,0,0,0
17.11774890700002,1779965194.4689412,6185,51900,6,12582912,50,0,0,0
17.11774890700002,1779965194.4689412,6185,51901,7,12582912,41,0,0,0
17.14091109399999,1779965194.4921033,6186,51902,0,12582912,46,0,0,0
17.14091109399999,1779965194.4921033,6186,51903,1,12582912,59,0,0,0
17.14091109399999,1779965194.4921033,6186,51904,2,12582912,67,0,0,0
17.14091109399999,1779965194.4921033,6186,51905,3,12582912,59,0,0,0
17.14091109399999,1779965194.4921033,6186,51906,4,12582912,46,0,0,0
17.14091109399999,1779965194.4921033,6186,51907,5,12582912,39,0,0,0
17.14091109399999,1779965194.4921033,6186,51908,6,12582912,37,0,0,0
17.14091109399999,1779965194.4921033,6186,51909,7,12582912,37,0,0,0
17.16371859200001,1779965194.5149112,6187,51910,0,12582912,32,0,0,0
17.16371859200001,1779965194.5149112,6187,51911,1,12582912,31,0,0,0
17.16371859200001,1779965194.5149112,6187,51912,2,12582912,45,0,0,0
17.16371859200001,1779965194.5149112,6187,51913,3,12582912,61,0,0,0
17.16371859200001,1779965194.5149112,6187,51914,4,12582912,64,0,0,0
17.16371859200001,1779965194.5149112,6187,51915,5,12582912,47,0,0,0
17.16371859200001,1779965194.5149112,6187,51916,6,12582912,29,0,0,0
17.16371859200001,1779965194.5149112,6187,51917,7,12582912,30,0,0,0
17.207787378999967,1779965194.55898,6188,51918,0,12582912,39,0,0,0
17.207787378999967,1779965194.55898,6188,51919,1,12582912,36,0,0,0
17.207787378999967,1779965194.55898,6188,51920,2,12582912,13,0,0,0
17.207787378999967,1779965194.55898,6188,51921,3,12582912,1,0,0,0
17.207787378999967,1779965194.55898,6188,51922,4,12582912,16,0,0,0
17.207787378999967,1779965194.55898,6188,51923,5,12582912,39,0,0,0
17.207787378999967,1779965194.55898,6188,51924,6,12582912,47,0,0,0
17.207787378999967,1779965194.55898,6188,51925,7,12582912,38,0,0,0
17.274372203999974,1779965194.6255639,6189,51926,0,12582912,34,0,0,0
17.274372203999974,1779965194.6255639,6189,51927,1,12582912,40,0,0,0
17.274372203999974,1779965194.6255639,6189,51928,2,12582912,41,0,0,0
17.274372203999974,1779965194.6255639,6189,51929,3,12582912,32,0,0,0
17.274372203999974,1779965194.6255639,6189,51930,4,12582912,18,0,0,0
17.274372203999974,1779965194.6255639,6189,51931,5,12582912,10,0,0,0
17.274372203999974,1779965194.6255639,6189,51932,6,12582912,14,0,0,0
17.274372203999974,1779965194.6255639,6189,51933,7,12582912,30,0,0,0
17.27494038399999,1779965194.6261306,6190,51934,0,12582912,44,0,0,0
17.27494038399999,1779965194.6261306,6190,51935,1,12582912,42,0,0,0
17.27494038399999,1779965194.6261306,6190,51936,2,12582912,37,0,0,0
17.27494038399999,1779965194.6261306,6190,51937,3,12582912,45,0,0,0
17.27494038399999,1779965194.6261306,6190,51938,4,12582912,51,0,0,0
17.27494038399999,1779965194.6261306,6190,51939,5,12582912,44,0,0,0
17.27494038399999,1779965194.6261306,6190,51940,6,12582912,25,0,0,0
17.27494038399999,1779965194.6261306,6190,51941,7,12582912,13,0,0,0
17.32868007000002,1779965194.6798725,6191,51942,0,12582912,19,0,0,0
17.32868007000002,1779965194.6798725,6191,51943,1,12582912,34,0,0,0
17.32868007000002,1779965194.6798725,6191,51944,2,12582912,41,0,0,0
17.32868007000002,1779965194.6798725,6191,51945,3,12582912,26,0,0,0
17.32868007000002,1779965194.6798725,6191,51946,4,12582912,11,0,0,0
17.32868007000002,1779965194.6798725,6191,51947,5,12582912,13,0,0,0
17.32868007000002,1779965194.6798725,6191,51948,6,12582912,29,0,0,0
17.32868007000002,1779965194.6798725,6191,51949,7,12582912,41,0,0,0
17.330148829999985,1779965194.6813405,6192,51950,0,12582912,35,0,0,0
17.330148829999985,1779965194.6813405,6192,51951,1,12582912,24,0,0,0
17.330148829999985,1779965194.6813405,6192,51952,2,12582912,32,0,0,0
17.330148829999985,1779965194.6813405,6192,51953,3,12582912,47,0,0,0
17.330148829999985,1779965194.6813405,6192,51954,4,12582912,46,0,0,0
17.330148829999985,1779965194.6813405,6192,51955,5,12582912,27,0,0,0
17.330148829999985,1779965194.6813405,6192,51956,6,12582912,15,0,0,0
17.330148829999985,1779965194.6813405,6192,51957,7,12582912,25,0,0,0
17.353586227999983,1779965194.7047787,6193,51958,0,12582912,37,0,0,0
17.353586227999983,1779965194.7047787,6193,51959,1,12582912,35,0,0,0
17.353586227999983,1779965194.7047787,6193,51960,2,12582912,21,0,0,0
17.353586227999983,1779965194.7047787,6193,51961,3,12582912,13,0,0,0
17.353586227999983,1779965194.7047787,6193,51962,4,12582912,20,0,0,0
17.353586227999983,1779965194.7047787,6193,51963,5,12582912,32,0,0,0
17.353586227999983,1779965194.7047787,6193,51964,6,12582912,37,0,0,0
17.353586227999983,1779965194.7047787,6193,51965,7,12582912,28,0,0,0
17.39759402499999,1779965194.7487862,6194,51966,0,12582912,23,0,0,0
17.39759402499999,1779965194.7487862,6194,51967,1,12582912,28,0,0,0
17.39759402499999,1779965194.7487862,6194,51968,2,12582912,32,0,0,0
17.39759402499999,1779965194.7487862,6194,51969,3,12582912,34,0,0,0
17.39759402499999,1779965194.7487862,6194,51970,4,12582912,28,0,0,0
17.39759402499999,1779965194.7487862,6194,51971,5,12582912,23,0,0,0
17.39759402499999,1779965194.7487862,6194,51972,6,12582912,33,0,0,0
17.39759402499999,1779965194.7487862,6194,51973,7,12582912,46,0,0,0
17.420401835000007,1779965194.7715945,6195,51974,0,12582912,46,0,0,0
17.420401835000007,1779965194.7715945,6195,51975,1,12582912,31,0,0,0
17.420401835000007,1779965194.7715945,6195,51976,2,12582912,20,0,0,0
17.420401835000007,1779965194.7715945,6195,51977,3,12582912,26,0,0,0
17.420401835000007,1779965194.7715945,6195,51978,4,12582912,43,0,0,0
17.420401835000007,1779965194.7715945,6195,51979,5,12582912,53,0,0,0
17.420401835000007,1779965194.7715945,6195,51980,6,12582912,42,0,0,0
17.420401835000007,1779965194.7715945,6195,51981,7,12582912,32,0,0,0
17.45879725100002,1779965194.8099897,6196,51982,0,12582912,39,0,0,0
17.45879725100002,1779965194.8099897,6196,51983,1,12582912,52,0,0,0
17.45879725100002,1779965194.8099897,6196,51984,2,12582912,58,0,0,0
17.45879725100002,1779965194.8099897,6196,51985,3,12582912,47,0,0,0
17.45879725100002,1779965194.8099897,6196,51986,4,12582912,35,0,0,0
17.45879725100002,1779965194.8099897,6196,51987,5,12582912,39,0,0,0
17.45879725100002,1779965194.8099897,6196,51988,6,12582912,50,0,0,0
17.45879725100002,1779965194.8099897,6196,51989,7,12582912,47,0,0,0
17.481707614000015,1779965194.8328998,6197,51990,0,12582912,28,0,0,0
17.481707614000015,1779965194.8328998,6197,51991,1,12582912,20,0,0,0
17.481707614000015,1779965194.8328998,6197,51992,2,12582912,33,0,0,0
17.481707614000015,1779965194.8328998,6197,51993,3,12582912,48,0,0,0
17.481707614000015,1779965194.8328998,6197,51994,4,12582912,49,0,0,0
17.481707614000015,1779965194.8328998,6197,51995,5,12582912,36,0,0,0
17.481707614000015,1779965194.8328998,6197,51996,6,12582912,28,0,0,0
17.481707614000015,1779965194.8328998,6197,51997,7,12582912,40,0,0,0
17.533291450999968,1779965194.8844836,6198,51998,0,12582912,59,0,0,0
17.533291450999968,1779965194.8844836,6198,51999,1,12582912,64,0,0,0
17.533291450999968,1779965194.8844836,6198,52000,2,12582912,49,0,0,0
17.533291450999968,1779965194.8844836,6198,52001,3,12582912,-79,0,0,0
17.533291450999968,1779965194.8844836,6198,52002,4,12582912,-391,0,0,0
17.533291450999968,1779965194.8844836,6198,52003,5,12582912,-552,0,0,0
17.533291450999968,1779965194.8844836,6198,52004,6,12582912,-190,0,0,0
17.533291450999968,1779965194.8844836,6198,52005,7,12582912,380,0,0,0
17.556123376000016,1779965194.907384,6199,52006,0,12582912,486,0,0,0
17.556123376000016,1779965194.907384,6199,52007,1,12582912,39,0,0,0
17.556123376000016,1779965194.907384,6199,52008,2,12582912,-337,0,0,0
17.556123376000016,1779965194.907384,6199,52009,3,12582912,-173,0,0,0
17.556123376000016,1779965194.907384,6199,52010,4,12582912,257,0,0,0
17.556123376000016,1779965194.907384,6199,52011,5,12582912,363,0,0,0
17.556123376000016,1779965194.907384,6199,52012,6,12582912,38,0,0,0
17.556123376000016,1779965194.907384,6199,52013,7,12582912,-249,0,0,0
17.58786364299999,1779965194.9390562,6200,52014,0,12582912,-126,0,0,0
17.58786364299999,1779965194.9390562,6200,52015,1,12582912,207,0,0,0
17.58786364299999,1779965194.9390562,6200,52016,2,12582912,291,0,0,0
17.58786364299999,1779965194.9390562,6200,52017,3,12582912,41,0,0,0
17.58786364299999,1779965194.9390562,6200,52018,4,12582912,-176,0,0,0
17.58786364299999,1779965194.9390562,6200,52019,5,12582912,-82,0,0,0
17.58786364299999,1779965194.9390562,6200,52020,6,12582912,168,0,0,0
17.58786364299999,1779965194.9390562,6200,52021,7,12582912,227,0,0,0
17.664239312999996,1779965195.0154307,6201,52022,0,12582912,31,0,0,0
17.664239312999996,1779965195.0154307,6201,52023,1,12582912,-137,0,0,0
17.664239312999996,1779965195.0154307,6201,52024,2,12582912,-61,0,0,0
17.664239312999996,1779965195.0154307,6201,52025,3,12582912,136,0,0,0
17.664239312999996,1779965195.0154307,6201,52026,4,12582912,191,0,0,0
17.664239312999996,1779965195.0154307,6201,52027,5,12582912,55,0,0,0
17.664239312999996,1779965195.0154307,6201,52028,6,12582912,-67,0,0,0
17.664239312999996,1779965195.0154307,6201,52029,7,12582912,-14,0,0,0
17.664844473000016,1779965195.016035,6202,52030,0,12582912,126,0,0,0
17.664844473000016,1779965195.016035,6202,52031,1,12582912,162,0,0,0
17.664844473000016,1779965195.016035,6202,52032,2,12582912,56,0,0,0
17.664844473000016,1779965195.016035,6202,52033,3,12582912,-46,0,0,0
17.664844473000016,1779965195.016035,6202,52034,4,12582912,-25,0,0,0
17.664844473000016,1779965195.016035,6202,52035,5,12582912,76,0,0,0
17.664844473000016,1779965195.016035,6202,52036,6,12582912,120,0,0,0
17.664844473000016,1779965195.016035,6202,52037,7,12582912,52,0,0,0
17.704970677000006,1779965195.0561633,6203,52038,0,12582912,-18,0,0,0
17.704970677000006,1779965195.0561633,6203,52039,1,12582912,8,0,0,0
17.704970677000006,1779965195.0561633,6203,52040,2,12582912,89,0,0,0
17.704970677000006,1779965195.0561633,6203,52041,3,12582912,113,0,0,0
17.704970677000006,1779965195.0561633,6203,52042,4,12582912,50,0,0,0
17.704970677000006,1779965195.0561633,6203,52043,5,12582912,-12,0,0,0
17.704970677000006,1779965195.0561633,6203,52044,6,12582912,4,0,0,0
17.704970677000006,1779965195.0561633,6203,52045,7,12582912,74,0,0,0
17.769110060999992,1779965195.1203024,6204,52046,0,12582912,102,0,0,0
17.769110060999992,1779965195.1203024,6204,52047,1,12582912,55,0,0,0
17.769110060999992,1779965195.1203024,6204,52048,2,12582912,5,0,0,0
17.769110060999992,1779965195.1203024,6204,52049,3,12582912,14,0,0,0
17.769110060999992,1779965195.1203024,6204,52050,4,12582912,59,0,0,0
17.769110060999992,1779965195.1203024,6204,52051,5,12582912,78,0,0,0
17.769110060999992,1779965195.1203024,6204,52052,6,12582912,52,0,0,0
17.769110060999992,1779965195.1203024,6204,52053,7,12582912,25,0,0,0
17.77058319600002,1779965195.1217744,6205,52054,0,12582912,35,0,0,0
17.77058319600002,1779965195.1217744,6205,52055,1,12582912,70,0,0,0
17.77058319600002,1779965195.1217744,6205,52056,2,12582912,83,0,0,0
17.77058319600002,1779965195.1217744,6205,52057,3,12582912,49,0,0,0
17.77058319600002,1779965195.1217744,6205,52058,4,12582912,14,0,0,0
17.77058319600002,1779965195.1217744,6205,52059,5,12582912,15,0,0,0
17.77058319600002,1779965195.1217744,6205,52060,6,12582912,38,0,0,0
17.77058319600002,1779965195.1217744,6205,52061,7,12582912,52,0,0,0
17.847131203999993,1779965195.198324,6206,52062,0,12582912,46,0,0,0
17.847131203999993,1779965195.198324,6206,52063,1,12582912,36,0,0,0
17.847131203999993,1779965195.198324,6206,52064,2,12582912,38,0,0,0
17.847131203999993,1779965195.198324,6206,52065,3,12582912,51,0,0,0
17.847131203999993,1779965195.198324,6206,52066,4,12582912,60,0,0,0
17.847131203999993,1779965195.198324,6206,52067,5,12582912,54,0,0,0
17.847131203999993,1779965195.198324,6206,52068,6,12582912,45,0,0,0
17.847131203999993,1779965195.198324,6206,52069,7,12582912,42,0,0,0
17.84869152699997,1779965195.1998832,6207,52070,0,12582912,46,0,0,0
17.84869152699997,1779965195.1998832,6207,52071,1,12582912,43,0,0,0
17.84869152699997,1779965195.1998832,6207,52072,2,12582912,31,0,0,0
17.84869152699997,1779965195.1998832,6207,52073,3,12582912,22,0,0,0
17.84869152699997,1779965195.1998832,6207,52074,4,12582912,19,0,0,0
17.84869152699997,1779965195.1998832,6207,52075,5,12582912,28,0,0,0
17.84869152699997,1779965195.1998832,6207,52076,6,12582912,45,0,0,0
17.84869152699997,1779965195.1998832,6207,52077,7,12582912,53,0,0,0
17.85004544200001,1779965195.2012365,6208,52078,0,12582912,51,0,0,0
17.85004544200001,1779965195.2012365,6208,52079,1,12582912,49,0,0,0
17.85004544200001,1779965195.2012365,6208,52080,2,12582912,51,0,0,0
17.85004544200001,1779965195.2012365,6208,52081,3,12582912,50,0,0,0
17.85004544200001,1779965195.2012365,6208,52082,4,12582912,39,0,0,0
17.85004544200001,1779965195.2012365,6208,52083,5,12582912,31,0,0,0
17.85004544200001,1779965195.2012365,6208,52084,6,12582912,32,0,0,0
17.85004544200001,1779965195.2012365,6208,52085,7,12582912,36,0,0,0
17.87282335399999,1779965195.2240157,6209,52086,0,12582912,37,0,0,0
17.87282335399999,1779965195.2240157,6209,52087,1,12582912,36,0,0,0
17.87282335399999,1779965195.2240157,6209,52088,2,12582912,39,0,0,0
17.87282335399999,1779965195.2240157,6209,52089,3,12582912,33,0,0,0
17.87282335399999,1779965195.2240157,6209,52090,4,12582912,28,0,0,0
17.87282335399999,1779965195.2240157,6209,52091,5,12582912,29,0,0,0
17.87282335399999,1779965195.2240157,6209,52092,6,12582912,34,0,0,0
17.87282335399999,1779965195.2240157,6209,52093,7,12582912,36,0,0,0
17.90709717499999,1779965195.2582886,6210,52094,0,12582912,26,0,0,0
17.90709717499999,1779965195.2582886,6210,52095,1,12582912,22,0,0,0
17.90709717499999,1779965195.2582886,6210,52096,2,12582912,34,0,0,0
17.90709717499999,1779965195.2582886,6210,52097,3,12582912,43,0,0,0
17.90709717499999,1779965195.2582886,6210,52098,4,12582912,44,0,0,0
17.90709717499999,1779965195.2582886,6210,52099,5,12582912,35,0,0,0
17.90709717499999,1779965195.2582886,6210,52100,6,12582912,32,0,0,0
17.90709717499999,1779965195.2582886,6210,52101,7,12582912,40,0,0,0
17.933018388999983,1779965195.28421,6211,52102,0,12582912,48,0,0,0
17.933018388999983,1779965195.28421,6211,52103,1,12582912,48,0,0,0
17.933018388999983,1779965195.28421,6211,52104,2,12582912,42,0,0,0
17.933018388999983,1779965195.28421,6211,52105,3,12582912,43,0,0,0
17.933018388999983,1779965195.28421,6211,52106,4,12582912,54,0,0,0
17.933018388999983,1779965195.28421,6211,52107,5,12582912,60,0,0,0
17.933018388999983,1779965195.28421,6211,52108,6,12582912,57,0,0,0
17.933018388999983,1779965195.28421,6211,52109,7,12582912,46,0,0,0
17.97585705900002,1779965195.3270483,6212,52110,0,12582912,37,0,0,0
17.97585705900002,1779965195.3270483,6212,52111,1,12582912,37,0,0,0
17.97585705900002,1779965195.3270483,6212,52112,2,12582912,41,0,0,0
17.97585705900002,1779965195.3270483,6212,52113,3,12582912,46,0,0,0
17.97585705900002,1779965195.3270483,6212,52114,4,12582912,50,0,0,0
17.97585705900002,1779965195.3270483,6212,52115,5,12582912,50,0,0,0
17.97585705900002,1779965195.3270483,6212,52116,6,12582912,50,0,0,0
17.97585705900002,1779965195.3270483,6212,52117,7,12582912,51,0,0,0
17.997807412999975,1779965195.348999,6213,52118,0,12582912,52,0,0,0
17.997807412999975,1779965195.348999,6213,52119,1,12582912,42,0,0,0
17.997807412999975,1779965195.348999,6213,52120,2,12582912,30,0,0,0
17.997807412999975,1779965195.348999,6213,52121,3,12582912,32,0,0,0
17.997807412999975,1779965195.348999,6213,52122,4,12582912,40,0,0,0
17.997807412999975,1779965195.348999,6213,52123,5,12582912,43,0,0,0
17.997807412999975,1779965195.348999,6213,52124,6,12582912,35,0,0,0
17.997807412999975,1779965195.348999,6213,52125,7,12582912,25,0,0,0
18.05896932899998,1779965195.4101608,6214,52126,0,12582912,28,0,0,0
18.05896932899998,1779965195.4101608,6214,52127,1,12582912,43,0,0,0
18.05896932899998,1779965195.4101608,6214,52128,2,12582912,51,0,0,0
18.05896932899998,1779965195.4101608,6214,52129,3,12582912,38,0,0,0
18.05896932899998,1779965195.4101608,6214,52130,4,12582912,32,0,0,0
18.05896932899998,1779965195.4101608,6214,52131,5,12582912,47,0,0,0
18.05896932899998,1779965195.4101608,6214,52132,6,12582912,58,0,0,0
18.05896932899998,1779965195.4101608,6214,52133,7,12582912,56,0,0,0
18.069886381000003,1779965195.4210804,6215,52134,0,12582912,43,0,0,0
18.069886381000003,1779965195.4210804,6215,52135,1,12582912,37,0,0,0
18.069886381000003,1779965195.4210804,6215,52136,2,12582912,51,0,0,0
18.069886381000003,1779965195.4210804,6215,52137,3,12582912,69,0,0,0
18.069886381000003,1779965195.4210804,6215,52138,4,12582912,69,0,0,0
18.069886381000003,1779965195.4210804,6215,52139,5,12582912,49,0,0,0
18.069886381000003,1779965195.4210804,6215,52140,6,12582912,33,0,0,0
18.069886381000003,1779965195.4210804,6215,52141,7,12582912,36,0,0,0
18.092875386999992,1779965195.444068,6216,52142,0,12582912,46,0,0,0
18.092875386999992,1779965195.444068,6216,52143,1,12582912,50,0,0,0
18.092875386999992,1779965195.444068,6216,52144,2,12582912,43,0,0,0
18.092875386999992,1779965195.444068,6216,52145,3,12582912,36,0,0,0
18.092875386999992,1779965195.444068,6216,52146,4,12582912,34,0,0,0
18.092875386999992,1779965195.444068,6216,52147,5,12582912,35,0,0,0
18.092875386999992,1779965195.444068,6216,52148,6,12582912,38,0,0,0
18.092875386999992,1779965195.444068,6216,52149,7,12582912,34,0,0,0
18.13201471000002,1779965195.4832072,6217,52150,0,12582912,29,0,0,0
18.13201471000002,1779965195.4832072,6217,52151,1,12582912,36,0,0,0
18.13201471000002,1779965195.4832072,6217,52152,2,12582912,44,0,0,0
18.13201471000002,1779965195.4832072,6217,52153,3,12582912,37,0,0,0
18.13201471000002,1779965195.4832072,6217,52154,4,12582912,14,0,0,0
18.13201471000002,1779965195.4832072,6217,52155,5,12582912,-1,0,0,0
18.13201471000002,1779965195.4832072,6217,52156,6,12582912,11,0,0,0
18.13201471000002,1779965195.4832072,6217,52157,7,12582912,34,0,0,0
18.176735318999988,1779965195.5279276,6218,52158,0,12582912,47,0,0,0
18.176735318999988,1779965195.5279276,6218,52159,1,12582912,43,0,0,0
18.176735318999988,1779965195.5279276,6218,52160,2,12582912,33,0,0,0
18.176735318999988,1779965195.5279276,6218,52161,3,12582912,34,0,0,0
18.176735318999988,1779965195.5279276,6218,52162,4,12582912,40,0,0,0
18.176735318999988,1779965195.5279276,6218,52163,5,12582912,42,0,0,0
18.176735318999988,1779965195.5279276,6218,52164,6,12582912,34,0,0,0
18.176735318999988,1779965195.5279276,6218,52165,7,12582912,25,0,0,0
18.199564845999987,1779965195.5507574,6219,52166,0,12582912,31,0,0,0
18.199564845999987,1779965195.5507574,6219,52167,1,12582912,46,0,0,0
18.199564845999987,1779965195.5507574,6219,52168,2,12582912,52,0,0,0
18.199564845999987,1779965195.5507574,6219,52169,3,12582912,39,0,0,0
18.199564845999987,1779965195.5507574,6219,52170,4,12582912,24,0,0,0
18.199564845999987,1779965195.5507574,6219,52171,5,12582912,22,0,0,0
18.199564845999987,1779965195.5507574,6219,52172,6,12582912,25,0,0,0
18.199564845999987,1779965195.5507574,6219,52173,7,12582912,30,0,0,0
18.22247656000002,1779965195.573669,6220,52174,0,12582912,27,0,0,0
18.22247656000002,1779965195.573669,6220,52175,1,12582912,20,0,0,0
18.22247656000002,1779965195.573669,6220,52176,2,12582912,25,0,0,0
18.22247656000002,1779965195.573669,6220,52177,3,12582912,41,0,0,0
18.22247656000002,1779965195.573669,6220,52178,4,12582912,52,0,0,0
18.22247656000002,1779965195.573669,6220,52179,5,12582912,47,0,0,0
18.22247656000002,1779965195.573669,6220,52180,6,12582912,35,0,0,0
18.22247656000002,1779965195.573669,6220,52181,7,12582912,34,0,0,0
18.26670393699999,1779965195.6178966,6221,52182,0,12582912,43,0,0,0
18.26670393699999,1779965195.6178966,6221,52183,1,12582912,48,0,0,0
18.26670393699999,1779965195.6178966,6221,52184,2,12582912,35,0,0,0
18.26670393699999,1779965195.6178966,6221,52185,3,12582912,21,0,0,0
18.26670393699999,1779965195.6178966,6221,52186,4,12582912,26,0,0,0
18.26670393699999,1779965195.6178966,6221,52187,5,12582912,41,0,0,0
18.26670393699999,1779965195.6178966,6221,52188,6,12582912,48,0,0,0
18.26670393699999,1779965195.6178966,6221,52189,7,12582912,40,0,0,0
18.358379650000018,1779965195.709572,6222,52190,0,12582912,33,0,0,0
18.358379650000018,1779965195.709572,6222,52191,1,12582912,40,0,0,0
18.358379650000018,1779965195.709572,6222,52192,2,12582912,50,0,0,0
18.358379650000018,1779965195.709572,6222,52193,3,12582912,47,0,0,0
18.358379650000018,1779965195.709572,6222,52194,4,12582912,29,0,0,0
18.358379650000018,1779965195.709572,6222,52195,5,12582912,16,0,0,0
18.358379650000018,1779965195.709572,6222,52196,6,12582912,24,0,0,0
18.358379650000018,1779965195.709572,6222,52197,7,12582912,36,0,0,0
18.359851273999993,1779965195.7110422,6223,52198,0,12582912,42,0,0,0
18.359851273999993,1779965195.7110422,6223,52199,1,12582912,35,0,0,0
18.359851273999993,1779965195.7110422,6223,52200,2,12582912,28,0,0,0
18.359851273999993,1779965195.7110422,6223,52201,3,12582912,38,0,0,0
18.359851273999993,1779965195.7110422,6223,52202,4,12582912,54,0,0,0
18.359851273999993,1779965195.7110422,6223,52203,5,12582912,55,0,0,0
18.359851273999993,1779965195.7110422,6223,52204,6,12582912,40,0,0,0
18.359851273999993,1779965195.7110422,6223,52205,7,12582912,35,0,0,0
18.36133362800001,1779965195.7125258,6224,52206,0,12582912,48,0,0,0
18.36133362800001,1779965195.7125258,6224,52207,1,12582912,59,0,0,0
18.36133362800001,1779965195.7125258,6224,52208,2,12582912,56,0,0,0
18.36133362800001,1779965195.7125258,6224,52209,3,12582912,41,0,0,0
18.36133362800001,1779965195.7125258,6224,52210,4,12582912,34,0,0,0
18.36133362800001,1779965195.7125258,6224,52211,5,12582912,45,0,0,0
18.36133362800001,1779965195.7125258,6224,52212,6,12582912,51,0,0,0
18.36133362800001,1779965195.7125258,6224,52213,7,12582912,41,0,0,0
18.38406127899998,1779965195.7352538,6225,52214,0,12582912,24,0,0,0
18.38406127899998,1779965195.7352538,6225,52215,1,12582912,23,0,0,0
18.38406127899998,1779965195.7352538,6225,52216,2,12582912,47,0,0,0
18.38406127899998,1779965195.7352538,6225,52217,3,12582912,71,0,0,0
18.38406127899998,1779965195.7352538,6225,52218,4,12582912,72,0,0,0
18.38406127899998,1779965195.7352538,6225,52219,5,12582912,49,0,0,0
18.38406127899998,1779965195.7352538,6225,52220,6,12582912,26,0,0,0
18.38406127899998,1779965195.7352538,6225,52221,7,12582912,23,0,0,0
18.42804589399998,1779965195.7792385,6226,52222,0,12582912,30,0,0,0
18.42804589399998,1779965195.7792385,6226,52223,1,12582912,35,0,0,0
18.42804589399998,1779965195.7792385,6226,52224,2,12582912,27,0,0,0
18.42804589399998,1779965195.7792385,6226,52225,3,12582912,17,0,0,0
18.42804589399998,1779965195.7792385,6226,52226,4,12582912,18,0,0,0
18.42804589399998,1779965195.7792385,6226,52227,5,12582912,27,0,0,0
18.42804589399998,1779965195.7792385,6226,52228,6,12582912,32,0,0,0
18.42804589399998,1779965195.7792385,6226,52229,7,12582912,25,0,0,0
18.469313043,1779965195.8205044,6227,52230,0,12582912,19,0,0,0
18.469313043,1779965195.8205044,6227,52231,1,12582912,25,0,0,0
18.469313043,1779965195.8205044,6227,52232,2,12582912,32,0,0,0
18.469313043,1779965195.8205044,6227,52233,3,12582912,31,0,0,0
18.469313043,1779965195.8205044,6227,52234,4,12582912,20,0,0,0
18.469313043,1779965195.8205044,6227,52235,5,12582912,17,0,0,0
18.469313043,1779965195.8205044,6227,52236,6,12582912,30,0,0,0
18.469313043,1779965195.8205044,6227,52237,7,12582912,40,0,0,0
18.491236416999982,1779965195.8424287,6228,52238,0,12582912,37,0,0,0
18.491236416999982,1779965195.8424287,6228,52239,1,12582912,28,0,0,0
18.491236416999982,1779965195.8424287,6228,52240,2,12582912,21,0,0,0
18.491236416999982,1779965195.8424287,6228,52241,3,12582912,29,0,0,0
18.491236416999982,1779965195.8424287,6228,52242,4,12582912,40,0,0,0
18.491236416999982,1779965195.8424287,6228,52243,5,12582912,36,0,0,0
18.491236416999982,1779965195.8424287,6228,52244,6,12582912,12,0,0,0
18.491236416999982,1779965195.8424287,6228,52245,7,12582912,1,0,0,0
18.514198600999975,1779965195.8653908,6229,52246,0,12582912,19,0,0,0
18.514198600999975,1779965195.8653908,6229,52247,1,12582912,39,0,0,0
18.514198600999975,1779965195.8653908,6229,52248,2,12582912,40,0,0,0
18.514198600999975,1779965195.8653908,6229,52249,3,12582912,28,0,0,0
18.514198600999975,1779965195.8653908,6229,52250,4,12582912,23,0,0,0
18.514198600999975,1779965195.8653908,6229,52251,5,12582912,36,0,0,0
18.514198600999975,1779965195.8653908,6229,52252,6,12582912,48,0,0,0
18.514198600999975,1779965195.8653908,6229,52253,7,12582912,46,0,0,0
18.58286666099997,1779965195.934059,6230,52254,0,12582912,24,0,0,0
18.58286666099997,1779965195.934059,6230,52255,1,12582912,2,0,0,0
18.58286666099997,1779965195.934059,6230,52256,2,12582912,3,0,0,0
18.58286666099997,1779965195.934059,6230,52257,3,12582912,18,0,0,0
18.58286666099997,1779965195.934059,6230,52258,4,12582912,26,0,0,0
18.58286666099997,1779965195.934059,6230,52259,5,12582912,16,0,0,0
18.58286666099997,1779965195.934059,6230,52260,6,12582912,9,0,0,0
18.58286666099997,1779965195.934059,6230,52261,7,12582912,22,0,0,0
18.593309594999994,1779965195.944503,6231,52262,0,12582912,33,0,0,0
18.593309594999994,1779965195.944503,6231,52263,1,12582912,29,0,0,0
18.593309594999994,1779965195.944503,6231,52264,2,12582912,15,0,0,0
18.593309594999994,1779965195.944503,6231,52265,3,12582912,3,0,0,0
18.593309594999994,1779965195.944503,6231,52266,4,12582912,2,0,0,0
18.593309594999994,1779965195.944503,6231,52267,5,12582912,12,0,0,0
18.593309594999994,1779965195.944503,6231,52268,6,12582912,32,0,0,0
18.593309594999994,1779965195.944503,6231,52269,7,12582912,41,0,0,0
18.61626479900002,1779965195.9674575,6232,52270,0,12582912,33,0,0,0
18.61626479900002,1779965195.9674575,6232,52271,1,12582912,31,0,0,0
18.61626479900002,1779965195.9674575,6232,52272,2,12582912,36,0,0,0
18.61626479900002,1779965195.9674575,6232,52273,3,12582912,36,0,0,0
18.61626479900002,1779965195.9674575,6232,52274,4,12582912,23,0,0,0
18.61626479900002,1779965195.9674575,6232,52275,5,12582912,9,0,0,0
18.61626479900002,1779965195.9674575,6232,52276,6,12582912,15,0,0,0
18.61626479900002,1779965195.9674575,6232,52277,7,12582912,35,0,0,0
18.63899776300002,1779965195.99019,6233,52278,0,12582912,44,0,0,0
18.63899776300002,1779965195.99019,6233,52279,1,12582912,27,0,0,0
18.63899776300002,1779965195.99019,6233,52280,2,12582912,6,0,0,0
18.63899776300002,1779965195.99019,6233,52281,3,12582912,7,0,0,0
18.63899776300002,1779965195.99019,6233,52282,4,12582912,19,0,0,0
18.63899776300002,1779965195.99019,6233,52283,5,12582912,18,0,0,0
18.63899776300002,1779965195.99019,6233,52284,6,12582912,3,0,0,0
18.63899776300002,1779965195.99019,6233,52285,7,12582912,-1,0,0,0
18.68233716200001,1779965196.033529,6234,52286,0,12582912,15,0,0,0
18.68233716200001,1779965196.033529,6234,52287,1,12582912,35,0,0,0
18.68233716200001,1779965196.033529,6234,52288,2,12582912,45,0,0,0
18.68233716200001,1779965196.033529,6234,52289,3,12582912,32,0,0,0
18.68233716200001,1779965196.033529,6234,52290,4,12582912,13,0,0,0
18.68233716200001,1779965196.033529,6234,52291,5,12582912,15,0,0,0
18.68233716200001,1779965196.033529,6234,52292,6,12582912,29,0,0,0
18.68233716200001,1779965196.033529,6234,52293,7,12582912,40,0,0,0
18.704214908999973,1779965196.0554073,6235,52294,0,12582912,35,0,0,0
18.704214908999973,1779965196.0554073,6235,52295,1,12582912,24,0,0,0
18.704214908999973,1779965196.0554073,6235,52296,2,12582912,30,0,0,0
18.704214908999973,1779965196.0554073,6235,52297,3,12582912,41,0,0,0
18.704214908999973,1779965196.0554073,6235,52298,4,12582912,40,0,0,0
18.704214908999973,1779965196.0554073,6235,52299,5,12582912,28,0,0,0
18.704214908999973,1779965196.0554073,6235,52300,6,12582912,26,0,0,0
18.704214908999973,1779965196.0554073,6235,52301,7,12582912,38,0,0,0
18.779376179999986,1779965196.1305687,6236,52302,0,12582912,48,0,0,0
18.779376179999986,1779965196.1305687,6236,52303,1,12582912,45,0,0,0
18.779376179999986,1779965196.1305687,6236,52304,2,12582912,30,0,0,0
18.779376179999986,1779965196.1305687,6236,52305,3,12582912,14,0,0,0
18.779376179999986,1779965196.1305687,6236,52306,4,12582912,18,0,0,0
18.779376179999986,1779965196.1305687,6236,52307,5,12582912,35,0,0,0
18.779376179999986,1779965196.1305687,6236,52308,6,12582912,45,0,0,0
18.779376179999986,1779965196.1305687,6236,52309,7,12582912,37,0,0,0
18.780939316,1779965196.1321306,6237,52310,0,12582912,26,0,0,0
18.780939316,1779965196.1321306,6237,52311,1,12582912,30,0,0,0
18.780939316,1779965196.1321306,6237,52312,2,12582912,37,0,0,0
18.780939316,1779965196.1321306,6237,52313,3,12582912,30,0,0,0
18.780939316,1779965196.1321306,6237,52314,4,12582912,9,0,0,0
18.780939316,1779965196.1321306,6237,52315,5,12582912,-2,0,0,0
18.780939316,1779965196.1321306,6237,52316,6,12582912,10,0,0,0
18.780939316,1779965196.1321306,6237,52317,7,12582912,31,0,0,0
18.85910420099998,1779965196.210296,6238,52318,0,12582912,45,0,0,0
18.85910420099998,1779965196.210296,6238,52319,1,12582912,37,0,0,0
18.85910420099998,1779965196.210296,6238,52320,2,12582912,25,0,0,0
18.85910420099998,1779965196.210296,6238,52321,3,12582912,24,0,0,0
18.85910420099998,1779965196.210296,6238,52322,4,12582912,22,0,0,0
18.85910420099998,1779965196.210296,6238,52323,5,12582912,14,0,0,0
18.85910420099998,1779965196.210296,6238,52324,6,12582912,2,0,0,0
18.85910420099998,1779965196.210296,6238,52325,7,12582912,4,0,0,0
18.860039780000022,1779965196.2112303,6239,52326,0,12582912,27,0,0,0
18.860039780000022,1779965196.2112303,6239,52327,1,12582912,53,0,0,0
18.860039780000022,1779965196.2112303,6239,52328,2,12582912,61,0,0,0
18.860039780000022,1779965196.2112303,6239,52329,3,12582912,44,0,0,0
18.860039780000022,1779965196.2112303,6239,52330,4,12582912,21,0,0,0
18.860039780000022,1779965196.2112303,6239,52331,5,12582912,20,0,0,0
18.860039780000022,1779965196.2112303,6239,52332,6,12582912,31,0,0,0
18.860039780000022,1779965196.2112303,6239,52333,7,12582912,33,0,0,0
18.860976973999982,1779965196.212168,6240,52334,0,12582912,23,0,0,0
18.860976973999982,1779965196.212168,6240,52335,1,12582912,23,0,0,0
18.860976973999982,1779965196.212168,6240,52336,2,12582912,43,0,0,0
18.860976973999982,1779965196.212168,6240,52337,3,12582912,58,0,0,0
18.860976973999982,1779965196.212168,6240,52338,4,12582912,54,0,0,0
18.860976973999982,1779965196.212168,6240,52339,5,12582912,25,0,0,0
18.860976973999982,1779965196.212168,6240,52340,6,12582912,-5,0,0,0
18.860976973999982,1779965196.212168,6240,52341,7,12582912,-2,0,0,0
18.90389225399997,1779965196.2550838,6241,52342,0,12582912,21,0,0,0
18.90389225399997,1779965196.2550838,6241,52343,1,12582912,38,0,0,0
18.90389225399997,1779965196.2550838,6241,52344,2,12582912,39,0,0,0
18.90389225399997,1779965196.2550838,6241,52345,3,12582912,30,0,0,0
18.90389225399997,1779965196.2550838,6241,52346,4,12582912,25,0,0,0
18.90389225399997,1779965196.2550838,6241,52347,5,12582912,30,0,0,0
18.90389225399997,1779965196.2550838,6241,52348,6,12582912,35,0,0,0
18.90389225399997,1779965196.2550838,6241,52349,7,12582912,29,0,0,0
18.926810008000018,1779965196.2780025,6242,52350,0,12582912,20,0,0,0
18.926810008000018,1779965196.2780025,6242,52351,1,12582912,23,0,0,0
18.926810008000018,1779965196.2780025,6242,52352,2,12582912,32,0,0,0
18.926810008000018,1779965196.2780025,6242,52353,3,12582912,36,0,0,0
18.926810008000018,1779965196.2780025,6242,52354,4,12582912,27,0,0,0
18.926810008000018,1779965196.2780025,6242,52355,5,12582912,13,0,0,0
18.926810008000018,1779965196.2780025,6242,52356,6,12582912,7,0,0,0
18.926810008000018,1779965196.2780025,6242,52357,7,12582912,11,0,0,0
18.970796856999982,1779965196.3219893,6243,52358,0,12582912,22,0,0,0
18.970796856999982,1779965196.3219893,6243,52359,1,12582912,25,0,0,0
18.970796856999982,1779965196.3219893,6243,52360,2,12582912,14,0,0,0
18.970796856999982,1779965196.3219893,6243,52361,3,12582912,10,0,0,0
18.970796856999982,1779965196.3219893,6243,52362,4,12582912,20,0,0,0
18.970796856999982,1779965196.3219893,6243,52363,5,12582912,29,0,0,0
18.970796856999982,1779965196.3219893,6243,52364,6,12582912,25,0,0,0
18.970796856999982,1779965196.3219893,6243,52365,7,12582912,13,0,0,0
18.993740601000013,1779965196.3449328,6244,52366,0,12582912,15,0,0,0
18.993740601000013,1779965196.3449328,6244,52367,1,12582912,37,0,0,0
18.993740601000013,1779965196.3449328,6244,52368,2,12582912,56,0,0,0
18.993740601000013,1779965196.3449328,6244,52369,3,12582912,43,0,0,0
18.993740601000013,1779965196.3449328,6244,52370,4,12582912,0,0,0,0
18.993740601000013,1779965196.3449328,6244,52371,5,12582912,-31,0,0,0
18.993740601000013,1779965196.3449328,6244,52372,6,12582912,-27,0,0,0
18.993740601000013,1779965196.3449328,6244,52373,7,12582912,-4,0,0,0
19.054947249999998,1779965196.4061399,6245,52374,0,12582912,12,0,0,0
19.054947249999998,1779965196.4061399,6245,52375,1,12582912,8,0,0,0
19.054947249999998,1779965196.4061399,6245,52376,2,12582912,-3,0,0,0
19.054947249999998,1779965196.4061399,6245,52377,3,12582912,-9,0,0,0
19.054947249999998,1779965196.4061399,6245,52378,4,12582912,-14,0,0,0
19.054947249999998,1779965196.4061399,6245,52379,5,12582912,-26,0,0,0
19.054947249999998,1779965196.4061399,6245,52380,6,12582912,-38,0,0,0
19.054947249999998,1779965196.4061399,6245,52381,7,12582912,-36,0,0,0
19.056507521000015,1779965196.4076993,6246,52382,0,12582912,-25,0,0,0
19.056507521000015,1779965196.4076993,6246,52383,1,12582912,-16,0,0,0
19.056507521000015,1779965196.4076993,6246,52384,2,12582912,-23,0,0,0
19.056507521000015,1779965196.4076993,6246,52385,3,12582912,-44,0,0,0
19.056507521000015,1779965196.4076993,6246,52386,4,12582912,-56,0,0,0
19.056507521000015,1779965196.4076993,6246,52387,5,12582912,-51,0,0,0
19.056507521000015,1779965196.4076993,6246,52388,6,12582912,-38,0,0,0
19.056507521000015,1779965196.4076993,6246,52389,7,12582912,-29,0,0,0
19.13628147899999,1779965196.4874742,6247,52390,0,12582912,-27,0,0,0
19.13628147899999,1779965196.4874742,6247,52391,1,12582912,-26,0,0,0
19.13628147899999,1779965196.4874742,6247,52392,2,12582912,-23,0,0,0
19.13628147899999,1779965196.4874742,6247,52393,3,12582912,-23,0,0,0
19.13628147899999,1779965196.4874742,6247,52394,4,12582912,-40,0,0,0
19.13628147899999,1779965196.4874742,6247,52395,5,12582912,-63,0,0,0
19.13628147899999,1779965196.4874742,6247,52396,6,12582912,-63,0,0,0
19.13628147899999,1779965196.4874742,6247,52397,7,12582912,-48,0,0,0
19.147609365999983,1779965196.4988024,6248,52398,0,12582912,-36,0,0,0
19.147609365999983,1779965196.4988024,6248,52399,1,12582912,-38,0,0,0
19.147609365999983,1779965196.4988024,6248,52400,2,12582912,-47,0,0,0
19.147609365999983,1779965196.4988024,6248,52401,3,12582912,-48,0,0,0
19.147609365999983,1779965196.4988024,6248,52402,4,12582912,-43,0,0,0
19.147609365999983,1779965196.4988024,6248,52403,5,12582912,-37,0,0,0
19.147609365999983,1779965196.4988024,6248,52404,6,12582912,-40,0,0,0
19.147609365999983,1779965196.4988024,6248,52405,7,12582912,-54,0,0,0
19.149209635999966,1779965196.5004013,6249,52406,0,12582912,-60,0,0,0
19.149209635999966,1779965196.5004013,6249,52407,1,12582912,-48,0,0,0
19.149209635999966,1779965196.5004013,6249,52408,2,12582912,-32,0,0,0
19.149209635999966,1779965196.5004013,6249,52409,3,12582912,-32,0,0,0
19.149209635999966,1779965196.5004013,6249,52410,4,12582912,-43,0,0,0
19.149209635999966,1779965196.5004013,6249,52411,5,12582912,-42,0,0,0
19.149209635999966,1779965196.5004013,6249,52412,6,12582912,-35,0,0,0
19.149209635999966,1779965196.5004013,6249,52413,7,12582912,-36,0,0,0
19.193503780000015,1779965196.5446963,6250,52414,0,12582912,-44,0,0,0
19.193503780000015,1779965196.5446963,6250,52415,1,12582912,-50,0,0,0
19.193503780000015,1779965196.5446963,6250,52416,2,12582912,-46,0,0,0
19.193503780000015,1779965196.5446963,6250,52417,3,12582912,-39,0,0,0
19.193503780000015,1779965196.5446963,6250,52418,4,12582912,-37,0,0,0
19.193503780000015,1779965196.5446963,6250,52419,5,12582912,-46,0,0,0
19.193503780000015,1779965196.5446963,6250,52420,6,12582912,-55,0,0,0
19.193503780000015,1779965196.5446963,6250,52421,7,12582912,-50,0,0,0
19.216391064999982,1779965196.5675836,6251,52422,0,12582912,-41,0,0,0
19.216391064999982,1779965196.5675836,6251,52423,1,12582912,-47,0,0,0
19.216391064999982,1779965196.5675836,6251,52424,2,12582912,-66,0,0,0
19.216391064999982,1779965196.5675836,6251,52425,3,12582912,-72,0,0,0
19.216391064999982,1779965196.5675836,6251,52426,4,12582912,-53,0,0,0
19.216391064999982,1779965196.5675836,6251,52427,5,12582912,-30,0,0,0
19.216391064999982,1779965196.5675836,6251,52428,6,12582912,-21,0,0,0
19.216391064999982,1779965196.5675836,6251,52429,7,12582912,-32,0,0,0
19.27668281199999,1779965196.6278741,6252,52430,0,12582912,-48,0,0,0
19.27668281199999,1779965196.6278741,6252,52431,1,12582912,-45,0,0,0
19.27668281199999,1779965196.6278741,6252,52432,2,12582912,-30,0,0,0
19.27668281199999,1779965196.6278741,6252,52433,3,12582912,-23,0,0,0
19.27668281199999,1779965196.6278741,6252,52434,4,12582912,-32,0,0,0
19.27668281199999,1779965196.6278741,6252,52435,5,12582912,-42,0,0,0
19.27668281199999,1779965196.6278741,6252,52436,6,12582912,-31,0,0,0
19.27668281199999,1779965196.6278741,6252,52437,7,12582912,-14,0,0,0
19.27740219200001,1779965196.6285934,6253,52438,0,12582912,-17,0,0,0
19.27740219200001,1779965196.6285934,6253,52439,1,12582912,-35,0,0,0
19.27740219200001,1779965196.6285934,6253,52440,2,12582912,-41,0,0,0
19.27740219200001,1779965196.6285934,6253,52441,3,12582912,-26,0,0,0
19.27740219200001,1779965196.6285934,6253,52442,4,12582912,-13,0,0,0
19.27740219200001,1779965196.6285934,6253,52443,5,12582912,-11,0,0,0
19.27740219200001,1779965196.6285934,6253,52444,6,12582912,-23,0,0,0
19.27740219200001,1779965196.6285934,6253,52445,7,12582912,-38,0,0,0
19.327309861000003,1779965196.6785016,6254,52446,0,12582912,-37,0,0,0
19.327309861000003,1779965196.6785016,6254,52447,1,12582912,-21,0,0,0
19.327309861000003,1779965196.6785016,6254,52448,2,12582912,-13,0,0,0
19.327309861000003,1779965196.6785016,6254,52449,3,12582912,-24,0,0,0
19.327309861000003,1779965196.6785016,6254,52450,4,12582912,-39,0,0,0
19.327309861000003,1779965196.6785016,6254,52451,5,12582912,-41,0,0,0
19.327309861000003,1779965196.6785016,6254,52452,6,12582912,-27,0,0,0
19.327309861000003,1779965196.6785016,6254,52453,7,12582912,-12,0,0,0
19.34982766500002,1779965196.7010202,6255,52454,0,12582912,-15,0,0,0
19.34982766500002,1779965196.7010202,6255,52455,1,12582912,-30,0,0,0
19.34982766500002,1779965196.7010202,6255,52456,2,12582912,-32,0,0,0
19.34982766500002,1779965196.7010202,6255,52457,3,12582912,-24,0,0,0
19.34982766500002,1779965196.7010202,6255,52458,4,12582912,-17,0,0,0
19.34982766500002,1779965196.7010202,6255,52459,5,12582912,-22,0,0,0
19.34982766500002,1779965196.7010202,6255,52460,6,12582912,-35,0,0,0
19.34982766500002,1779965196.7010202,6255,52461,7,12582912,-43,0,0,0
19.372700001999988,1779965196.7238922,6256,52462,0,12582912,-38,0,0,0
19.372700001999988,1779965196.7238922,6256,52463,1,12582912,-23,0,0,0
19.372700001999988,1779965196.7238922,6256,52464,2,12582912,-18,0,0,0
19.372700001999988,1779965196.7238922,6256,52465,3,12582912,-33,0,0,0
19.372700001999988,1779965196.7238922,6256,52466,4,12582912,-48,0,0,0
19.372700001999988,1779965196.7238922,6256,52467,5,12582912,-49,0,0,0
19.372700001999988,1779965196.7238922,6256,52468,6,12582912,-38,0,0,0
19.372700001999988,1779965196.7238922,6256,52469,7,12582912,-32,0,0,0
19.41672737199997,1779965196.7679198,6257,52470,0,12582912,-45,0,0,0
19.41672737199997,1779965196.7679198,6257,52471,1,12582912,-58,0,0,0
19.41672737199997,1779965196.7679198,6257,52472,2,12582912,-51,0,0,0
19.41672737199997,1779965196.7679198,6257,52473,3,12582912,-40,0,0,0
19.41672737199997,1779965196.7679198,6257,52474,4,12582912,-46,0,0,0
19.41672737199997,1779965196.7679198,6257,52475,5,12582912,-68,0,0,0
19.41672737199997,1779965196.7679198,6257,52476,6,12582912,-86,0,0,0
19.41672737199997,1779965196.7679198,6257,52477,7,12582912,-92,0,0,0
19.455247831999998,1779965196.80644,6258,52478,0,12582912,-87,0,0,0
19.455247831999998,1779965196.80644,6258,52479,1,12582912,-87,0,0,0
19.455247831999998,1779965196.80644,6258,52480,2,12582912,-99,0,0,0
19.455247831999998,1779965196.80644,6258,52481,3,12582912,-107,0,0,0
19.455247831999998,1779965196.80644,6258,52482,4,12582912,-99,0,0,0
19.455247831999998,1779965196.80644,6258,52483,5,12582912,-77,0,0,0
19.455247831999998,1779965196.80644,6258,52484,6,12582912,-65,0,0,0
19.455247831999998,1779965196.80644,6258,52485,7,12582912,-80,0,0,0
19.47817001300001,1779965196.8293624,6259,52486,0,12582912,-96,0,0,0
19.47817001300001,1779965196.8293624,6259,52487,1,12582912,-91,0,0,0
19.47817001300001,1779965196.8293624,6259,52488,2,12582912,-74,0,0,0
19.47817001300001,1779965196.8293624,6259,52489,3,12582912,-72,0,0,0
19.47817001300001,1779965196.8293624,6259,52490,4,12582912,-93,0,0,0
19.47817001300001,1779965196.8293624,6259,52491,5,12582912,-107,0,0,0
19.47817001300001,1779965196.8293624,6259,52492,6,12582912,-96,0,0,0
19.47817001300001,1779965196.8293624,6259,52493,7,12582912,-79,0,0,0
19.52218342499998,1779965196.8733757,6260,52494,0,12582912,-80,0,0,0
19.52218342499998,1779965196.8733757,6260,52495,1,12582912,-97,0,0,0
19.52218342499998,1779965196.8733757,6260,52496,2,12582912,-101,0,0,0
19.52218342499998,1779965196.8733757,6260,52497,3,12582912,-90,0,0,0
19.52218342499998,1779965196.8733757,6260,52498,4,12582912,-84,0,0,0
19.52218342499998,1779965196.8733757,6260,52499,5,12582912,-92,0,0,0
19.52218342499998,1779965196.8733757,6260,52500,6,12582912,-107,0,0,0
19.52218342499998,1779965196.8733757,6260,52501,7,12582912,-320,0,0,0
19.545080971000004,1779965196.8962734,6261,52502,0,12582912,-458,0,0,0
19.545080971000004,1779965196.8962734,6261,52503,1,12582912,103,0,0,0
19.545080971000004,1779965196.8962734,6261,52504,2,12582912,636,0,0,0
19.545080971000004,1779965196.8962734,6261,52505,3,12582912,176,0,0,0
19.545080971000004,1779965196.8962734,6261,52506,4,12582912,-656,0,0,0
19.545080971000004,1779965196.8962734,6261,52507,5,12582912,-716,0,0,0
19.545080971000004,1779965196.8962734,6261,52508,6,12582912,33,0,0,0
19.545080971000004,1779965196.8962734,6261,52509,7,12582912,544,0,0,0
19.59811965,1779965196.949312,6262,52510,0,12582912,168,0,0,0
19.59811965,1779965196.949312,6262,52511,1,12582912,-516,0,0,0
19.59811965,1779965196.949312,6262,52512,2,12582912,-578,0,0,0
19.59811965,1779965196.949312,6262,52513,3,12582912,10,0,0,0
19.59811965,1779965196.949312,6262,52514,4,12582912,418,0,0,0
19.59811965,1779965196.949312,6262,52515,5,12582912,135,0,0,0
19.59811965,1779965196.949312,6262,52516,6,12582912,-400,0,0,0
19.59811965,1779965196.949312,6262,52517,7,12582912,-463,0,0,0
19.620940631999986,1779965196.9721332,6263,52518,0,12582912,-19,0,0,0
19.620940631999986,1779965196.9721332,6263,52519,1,12582912,290,0,0,0
19.620940631999986,1779965196.9721332,6263,52520,2,12582912,72,0,0,0
19.620940631999986,1779965196.9721332,6263,52521,3,12582912,-329,0,0,0
19.620940631999986,1779965196.9721332,6263,52522,4,12582912,-361,0,0,0
19.620940631999986,1779965196.9721332,6263,52523,5,12582912,-6,0,0,0
19.620940631999986,1779965196.9721332,6263,52524,6,12582912,241,0,0,0
19.620940631999986,1779965196.9721332,6263,52525,7,12582912,68,0,0,0
19.696908467000014,1779965197.048101,6264,52526,0,12582912,-255,0,0,0
19.696908467000014,1779965197.048101,6264,52527,1,12582912,-291,0,0,0
19.696908467000014,1779965197.048101,6264,52528,2,12582912,-21,0,0,0
19.696908467000014,1779965197.048101,6264,52529,3,12582912,173,0,0,0
19.696908467000014,1779965197.048101,6264,52530,4,12582912,46,0,0,0
19.696908467000014,1779965197.048101,6264,52531,5,12582912,-208,0,0,0
19.696908467000014,1779965197.048101,6264,52532,6,12582912,-244,0,0,0
19.696908467000014,1779965197.048101,6264,52533,7,12582912,-29,0,0,0
19.707330877999993,1779965197.0585237,6265,52534,0,12582912,140,0,0,0
19.707330877999993,1779965197.0585237,6265,52535,1,12582912,57,0,0,0
19.707330877999993,1779965197.0585237,6265,52536,2,12582912,-134,0,0,0
19.707330877999993,1779965197.0585237,6265,52537,3,12582912,-166,0,0,0
19.707330877999993,1779965197.0585237,6265,52538,4,12582912,-3,0,0,0
19.707330877999993,1779965197.0585237,6265,52539,5,12582912,128,0,0,0
19.707330877999993,1779965197.0585237,6265,52540,6,12582912,65,0,0,0
19.707330877999993,1779965197.0585237,6265,52541,7,12582912,-84,0,0,0
19.70895109700001,1779965197.0601425,6266,52542,0,12582912,-111,0,0,0
19.70895109700001,1779965197.0601425,6266,52543,1,12582912,10,0,0,0
19.70895109700001,1779965197.0601425,6266,52544,2,12582912,102,0,0,0
19.70895109700001,1779965197.0601425,6266,52545,3,12582912,48,0,0,0
19.70895109700001,1779965197.0601425,6266,52546,4,12582912,-69,0,0,0
19.70895109700001,1779965197.0601425,6266,52547,5,12582912,-91,0,0,0
19.70895109700001,1779965197.0601425,6266,52548,6,12582912,8,0,0,0
19.70895109700001,1779965197.0601425,6266,52549,7,12582912,91,0,0,0
19.798520473999986,1779965197.149713,6267,52550,0,12582912,52,0,0,0
19.798520473999986,1779965197.149713,6267,52551,1,12582912,-45,0,0,0
19.798520473999986,1779965197.149713,6267,52552,2,12582912,-69,0,0,0
19.798520473999986,1779965197.149713,6267,52553,3,12582912,2,0,0,0
19.798520473999986,1779965197.149713,6267,52554,4,12582912,59,0,0,0
19.798520473999986,1779965197.149713,6267,52555,5,12582912,28,0,0,0
19.798520473999986,1779965197.149713,6267,52556,6,12582912,-41,0,0,0
19.798520473999986,1779965197.149713,6267,52557,7,12582912,-55,0,0,0
19.79999428499997,1779965197.1511858,6268,52558,0,12582912,5,0,0,0
19.79999428499997,1779965197.1511858,6268,52559,1,12582912,61,0,0,0
19.79999428499997,1779965197.1511858,6268,52560,2,12582912,46,0,0,0
19.79999428499997,1779965197.1511858,6268,52561,3,12582912,-11,0,0,0
19.79999428499997,1779965197.1511858,6268,52562,4,12582912,-36,0,0,0
19.79999428499997,1779965197.1511858,6268,52563,5,12582912,0,0,0,0
19.79999428499997,1779965197.1511858,6268,52564,6,12582912,38,0,0,0
19.79999428499997,1779965197.1511858,6268,52565,7,12582912,31,0,0,0
19.801469138000016,1779965197.1526604,6269,52566,0,12582912,-6,0,0,0
19.801469138000016,1779965197.1526604,6269,52567,1,12582912,-17,0,0,0
19.801469138000016,1779965197.1526604,6269,52568,2,12582912,22,0,0,0
19.801469138000016,1779965197.1526604,6269,52569,3,12582912,56,0,0,0
19.801469138000016,1779965197.1526604,6269,52570,4,12582912,36,0,0,0
19.801469138000016,1779965197.1526604,6269,52571,5,12582912,-11,0,0,0
19.801469138000016,1779965197.1526604,6269,52572,6,12582912,-26,0,0,0
19.801469138000016,1779965197.1526604,6269,52573,7,12582912,7,0,0,0
19.931806069000004,1779965197.2829988,6270,52574,0,12582912,46,0,0,0
19.931806069000004,1779965197.2829988,6270,52575,1,12582912,47,0,0,0
19.931806069000004,1779965197.2829988,6270,52576,2,12582912,13,0,0,0
19.931806069000004,1779965197.2829988,6270,52577,3,12582912,-7,0,0,0
19.931806069000004,1779965197.2829988,6270,52578,4,12582912,15,0,0,0
19.931806069000004,1779965197.2829988,6270,52579,5,12582912,48,0,0,0
19.931806069000004,1779965197.2829988,6270,52580,6,12582912,50,0,0,0
19.931806069000004,1779965197.2829988,6270,52581,7,12582912,23,0,0,0
19.933380923000016,1779965197.2845726,6271,52582,0,12582912,2,0,0,0
19.933380923000016,1779965197.2845726,6271,52583,1,12582912,11,0,0,0
19.933380923000016,1779965197.2845726,6271,52584,2,12582912,30,0,0,0
19.933380923000016,1779965197.2845726,6271,52585,3,12582912,27,0,0,0
19.933380923000016,1779965197.2845726,6271,52586,4,12582912,5,0,0,0
19.933380923000016,1779965197.2845726,6271,52587,5,12582912,-9,0,0,0
19.933380923000016,1779965197.2845726,6271,52588,6,12582912,10,0,0,0
19.933380923000016,1779965197.2845726,6271,52589,7,12582912,40,0,0,0
19.93474848400001,1779965197.2859392,6272,52590,0,12582912,48,0,0,0
19.93474848400001,1779965197.2859392,6272,52591,1,12582912,30,0,0,0
19.93474848400001,1779965197.2859392,6272,52592,2,12582912,12,0,0,0
19.93474848400001,1779965197.2859392,6272,52593,3,12582912,19,0,0,0
19.93474848400001,1779965197.2859392,6272,52594,4,12582912,37,0,0,0
19.93474848400001,1779965197.2859392,6272,52595,5,12582912,40,0,0,0
19.93474848400001,1779965197.2859392,6272,52596,6,12582912,22,0,0,0
19.93474848400001,1779965197.2859392,6272,52597,7,12582912,3,0,0,0
19.936226358,1779965197.2874188,6273,52598,0,12582912,12,0,0,0
19.936226358,1779965197.2874188,6273,52599,1,12582912,36,0,0,0
19.936226358,1779965197.2874188,6273,52600,2,12582912,41,0,0,0
19.936226358,1779965197.2874188,6273,52601,3,12582912,21,0,0,0
19.936226358,1779965197.2874188,6273,52602,4,12582912,0,0,0,0
19.936226358,1779965197.2874188,6273,52603,5,12582912,2,0,0,0
19.936226358,1779965197.2874188,6273,52604,6,12582912,23,0,0,0
19.936226358,1779965197.2874188,6273,52605,7,12582912,33,0,0,0
19.958978899999977,1779965197.3101711,6274,52606,0,12582912,17,0,0,0
19.958978899999977,1779965197.3101711,6274,52607,1,12582912,-6,0,0,0
19.958978899999977,1779965197.3101711,6274,52608,2,12582912,-3,0,0,0
19.958978899999977,1779965197.3101711,6274,52609,3,12582912,22,0,0,0
19.958978899999977,1779965197.3101711,6274,52610,4,12582912,39,0,0,0
19.958978899999977,1779965197.3101711,6274,52611,5,12582912,30,0,0,0
19.958978899999977,1779965197.3101711,6274,52612,6,12582912,15,0,0,0
19.958978899999977,1779965197.3101711,6274,52613,7,12582912,25,0,0,0
20.00297188999997,1779965197.354164,6275,52614,0,12582912,42,0,0,0
20.00297188999997,1779965197.354164,6275,52615,1,12582912,39,0,0,0
20.00297188999997,1779965197.354164,6275,52616,2,12582912,19,0,0,0
20.00297188999997,1779965197.354164,6275,52617,3,12582912,5,0,0,0
20.00297188999997,1779965197.354164,6275,52618,4,12582912,18,0,0,0
20.00297188999997,1779965197.354164,6275,52619,5,12582912,39,0,0,0
20.00297188999997,1779965197.354164,6275,52620,6,12582912,38,0,0,0
20.00297188999997,1779965197.354164,6275,52621,7,12582912,18,0,0,0
20.02589443300002,1779965197.3770869,6276,52622,0,12582912,4,0,0,0
20.02589443300002,1779965197.3770869,6276,52623,1,12582912,15,0,0,0
20.02589443300002,1779965197.3770869,6276,52624,2,12582912,30,0,0,0
20.02589443300002,1779965197.3770869,6276,52625,3,12582912,24,0,0,0
20.02589443300002,1779965197.3770869,6276,52626,4,12582912,-1,0,0,0
20.02589443300002,1779965197.3770869,6276,52627,5,12582912,-25,0,0,0
20.02589443300002,1779965197.3770869,6276,52628,6,12582912,-26,0,0,0
20.02589443300002,1779965197.3770869,6276,52629,7,12582912,-15,0,0,0
20.075097873999994,1779965197.426289,6277,52630,0,12582912,-13,0,0,0
20.075097873999994,1779965197.426289,6277,52631,1,12582912,-28,0,0,0
20.075097873999994,1779965197.426289,6277,52632,2,12582912,-39,0,0,0
20.075097873999994,1779965197.426289,6277,52633,3,12582912,-21,0,0,0
20.075097873999994,1779965197.426289,6277,52634,4,12582912,2,0,0,0
20.075097873999994,1779965197.426289,6277,52635,5,12582912,6,0,0,0
20.075097873999994,1779965197.426289,6277,52636,6,12582912,-8,0,0,0
20.075097873999994,1779965197.426289,6277,52637,7,12582912,-26,0,0,0
20.14490493699998,1779965197.4960976,6278,52638,0,12582912,-23,0,0,0
20.14490493699998,1779965197.4960976,6278,52639,1,12582912,-6,0,0,0
20.14490493699998,1779965197.4960976,6278,52640,2,12582912,-7,0,0,0
20.14490493699998,1779965197.4960976,6278,52641,3,12582912,-33,0,0,0
20.14490493699998,1779965197.4960976,6278,52642,4,12582912,-51,0,0,0
20.14490493699998,1779965197.4960976,6278,52643,5,12582912,-29,0,0,0
20.14490493699998,1779965197.4960976,6278,52644,6,12582912,4,0,0,0
20.14490493699998,1779965197.4960976,6278,52645,7,12582912,14,0,0,0
20.146374476999995,1779965197.4975655,6279,52646,0,12582912,-4,0,0,0
20.146374476999995,1779965197.4975655,6279,52647,1,12582912,-28,0,0,0
20.146374476999995,1779965197.4975655,6279,52648,2,12582912,-25,0,0,0
20.146374476999995,1779965197.4975655,6279,52649,3,12582912,-6,0,0,0
20.146374476999995,1779965197.4975655,6279,52650,4,12582912,-4,0,0,0
20.146374476999995,1779965197.4975655,6279,52651,5,12582912,-24,0,0,0
20.146374476999995,1779965197.4975655,6279,52652,6,12582912,-32,0,0,0
20.146374476999995,1779965197.4975655,6279,52653,7,12582912,-4,0,0,0
20.169168894999984,1779965197.5203614,6280,52654,0,12582912,31,0,0,0
20.169168894999984,1779965197.5203614,6280,52655,1,12582912,39,0,0,0
20.169168894999984,1779965197.5203614,6280,52656,2,12582912,19,0,0,0
20.169168894999984,1779965197.5203614,6280,52657,3,12582912,-5,0,0,0
20.169168894999984,1779965197.5203614,6280,52658,4,12582912,-1,0,0,0
20.169168894999984,1779965197.5203614,6280,52659,5,12582912,17,0,0,0
20.169168894999984,1779965197.5203614,6280,52660,6,12582912,21,0,0,0
20.169168894999984,1779965197.5203614,6280,52661,7,12582912,7,0,0,0
20.192013832999976,1779965197.5432062,6281,52662,0,12582912,-9,0,0,0
20.192013832999976,1779965197.5432062,6281,52663,1,12582912,-4,0,0,0
20.192013832999976,1779965197.5432062,6281,52664,2,12582912,19,0,0,0
20.192013832999976,1779965197.5432062,6281,52665,3,12582912,30,0,0,0
20.192013832999976,1779965197.5432062,6281,52666,4,12582912,13,0,0,0
20.192013832999976,1779965197.5432062,6281,52667,5,12582912,-14,0,0,0
20.192013832999976,1779965197.5432062,6281,52668,6,12582912,-11,0,0,0
20.192013832999976,1779965197.5432062,6281,52669,7,12582912,12,0,0,0
20.21523762800001,1779965197.5664306,6282,52670,0,12582912,23,0,0,0
20.21523762800001,1779965197.5664306,6282,52671,1,12582912,13,0,0,0
20.21523762800001,1779965197.5664306,6282,52672,2,12582912,-8,0,0,0
20.21523762800001,1779965197.5664306,6282,52673,3,12582912,-12,0,0,0
20.21523762800001,1779965197.5664306,6282,52674,4,12582912,6,0,0,0
20.21523762800001,1779965197.5664306,6282,52675,5,12582912,16,0,0,0
20.21523762800001,1779965197.5664306,6282,52676,6,12582912,0,0,0,0
20.21523762800001,1779965197.5664306,6282,52677,7,12582912,-25,0,0,0
20.24769278399998,1779965197.598885,6283,52678,0,12582912,-29,0,0,0
20.24769278399998,1779965197.598885,6283,52679,1,12582912,-14,0,0,0
20.24769278399998,1779965197.598885,6283,52680,2,12582912,-5,0,0,0
20.24769278399998,1779965197.598885,6283,52681,3,12582912,-13,0,0,0
20.24769278399998,1779965197.598885,6283,52682,4,12582912,-19,0,0,0
20.24769278399998,1779965197.598885,6283,52683,5,12582912,-1,0,0,0
20.24769278399998,1779965197.598885,6283,52684,6,12582912,25,0,0,0
20.24769278399998,1779965197.598885,6283,52685,7,12582912,35,0,0,0
20.291717338000012,1779965197.6429098,6284,52686,0,12582912,20,0,0,0
20.291717338000012,1779965197.6429098,6284,52687,1,12582912,-3,0,0,0
20.291717338000012,1779965197.6429098,6284,52688,2,12582912,-6,0,0,0
20.291717338000012,1779965197.6429098,6284,52689,3,12582912,8,0,0,0
20.291717338000012,1779965197.6429098,6284,52690,4,12582912,17,0,0,0
20.291717338000012,1779965197.6429098,6284,52691,5,12582912,8,0,0,0
20.291717338000012,1779965197.6429098,6284,52692,6,12582912,-6,0,0,0
20.291717338000012,1779965197.6429098,6284,52693,7,12582912,-5,0,0,0
20.314813318999995,1779965197.666006,6285,52694,0,12582912,7,0,0,0
20.314813318999995,1779965197.666006,6285,52695,1,12582912,11,0,0,0
20.314813318999995,1779965197.666006,6285,52696,2,12582912,-3,0,0,0
20.314813318999995,1779965197.666006,6285,52697,3,12582912,-23,0,0,0
20.314813318999995,1779965197.666006,6285,52698,4,12582912,-22,0,0,0
20.314813318999995,1779965197.666006,6285,52699,5,12582912,-1,0,0,0
20.314813318999995,1779965197.666006,6285,52700,6,12582912,14,0,0,0
20.314813318999995,1779965197.666006,6285,52701,7,12582912,7,0,0,0
20.384295743999985,1779965197.7354882,6286,52702,0,12582912,-15,0,0,0
20.384295743999985,1779965197.7354882,6286,52703,1,12582912,-20,0,0,0
20.384295743999985,1779965197.7354882,6286,52704,2,12582912,-2,0,0,0
20.384295743999985,1779965197.7354882,6286,52705,3,12582912,14,0,0,0
20.384295743999985,1779965197.7354882,6286,52706,4,12582912,9,0,0,0
20.384295743999985,1779965197.7354882,6286,52707,5,12582912,-5,0,0,0
20.384295743999985,1779965197.7354882,6286,52708,6,12582912,-4,0,0,0
20.384295743999985,1779965197.7354882,6286,52709,7,12582912,11,0,0,0
20.385776066000005,1779965197.736967,6287,52710,0,12582912,20,0,0,0
20.385776066000005,1779965197.736967,6287,52711,1,12582912,9,0,0,0
20.385776066000005,1779965197.736967,6287,52712,2,12582912,-15,0,0,0
20.385776066000005,1779965197.736967,6287,52713,3,12582912,-21,0,0,0
20.385776066000005,1779965197.736967,6287,52714,4,12582912,-5,0,0,0
20.385776066000005,1779965197.736967,6287,52715,5,12582912,10,0,0,0
20.385776066000005,1779965197.736967,6287,52716,6,12582912,7,0,0,0
20.385776066000005,1779965197.736967,6287,52717,7,12582912,-4,0,0,0
20.408537619000015,1779965197.7597299,6288,52718,0,12582912,5,0,0,0
20.408537619000015,1779965197.7597299,6288,52719,1,12582912,25,0,0,0
20.408537619000015,1779965197.7597299,6288,52720,2,12582912,24,0,0,0
20.408537619000015,1779965197.7597299,6288,52721,3,12582912,2,0,0,0
20.408537619000015,1779965197.7597299,6288,52722,4,12582912,-19,0,0,0
20.408537619000015,1779965197.7597299,6288,52723,5,12582912,-9,0,0,0
20.408537619000015,1779965197.7597299,6288,52724,6,12582912,16,0,0,0
20.408537619000015,1779965197.7597299,6288,52725,7,12582912,24,0,0,0
20.46775768599997,1779965197.8189487,6289,52726,0,12582912,6,0,0,0
20.46775768599997,1779965197.8189487,6289,52727,1,12582912,-15,0,0,0
20.46775768599997,1779965197.8189487,6289,52728,2,12582912,-7,0,0,0
20.46775768599997,1779965197.8189487,6289,52729,3,12582912,18,0,0,0
20.46775768599997,1779965197.8189487,6289,52730,4,12582912,24,0,0,0
20.46775768599997,1779965197.8189487,6289,52731,5,12582912,1,0,0,0
20.46775768599997,1779965197.8189487,6289,52732,6,12582912,-20,0,0,0
20.46775768599997,1779965197.8189487,6289,52733,7,12582912,-9,0,0,0
20.49012840299997,1779965197.841321,6290,52734,0,12582912,18,0,0,0
20.49012840299997,1779965197.841321,6290,52735,1,12582912,24,0,0,0
20.49012840299997,1779965197.841321,6290,52736,2,12582912,7,0,0,0
20.49012840299997,1779965197.841321,6290,52737,3,12582912,-3,0,0,0
20.49012840299997,1779965197.841321,6290,52738,4,12582912,10,0,0,0
20.49012840299997,1779965197.841321,6290,52739,5,12582912,27,0,0,0
20.49012840299997,1779965197.841321,6290,52740,6,12582912,24,0,0,0
20.49012840299997,1779965197.841321,6290,52741,7,12582912,5,0,0,0
20.51293979899998,1779965197.8641322,6291,52742,0,12582912,-9,0,0,0
20.51293979899998,1779965197.8641322,6291,52743,1,12582912,3,0,0,0
20.51293979899998,1779965197.8641322,6291,52744,2,12582912,28,0,0,0
20.51293979899998,1779965197.8641322,6291,52745,3,12582912,39,0,0,0
20.51293979899998,1779965197.8641322,6291,52746,4,12582912,25,0,0,0
20.51293979899998,1779965197.8641322,6291,52747,5,12582912,-2,0,0,0
20.51293979899998,1779965197.8641322,6291,52748,6,12582912,-8,0,0,0
20.51293979899998,1779965197.8641322,6291,52749,7,12582912,10,0,0,0
20.535732601999996,1779965197.8869247,6292,52750,0,12582912,22,0,0,0
20.535732601999996,1779965197.8869247,6292,52751,1,12582912,8,0,0,0
20.535732601999996,1779965197.8869247,6292,52752,2,12582912,-11,0,0,0
20.535732601999996,1779965197.8869247,6292,52753,3,12582912,-1,0,0,0
20.535732601999996,1779965197.8869247,6292,52754,4,12582912,28,0,0,0
20.535732601999996,1779965197.8869247,6292,52755,5,12582912,43,0,0,0
20.535732601999996,1779965197.8869247,6292,52756,6,12582912,32,0,0,0
20.535732601999996,1779965197.8869247,6292,52757,7,12582912,6,0,0,0
20.811208884999985,1779965198.162401,6293,52758,0,12582912,-3,0,0,0
20.811208884999985,1779965198.162401,6293,52759,1,12582912,13,0,0,0
20.811208884999985,1779965198.162401,6293,52760,2,12582912,32,0,0,0
20.811208884999985,1779965198.162401,6293,52761,3,12582912,33,0,0,0
20.811208884999985,1779965198.162401,6293,52762,4,12582912,15,0,0,0
20.811208884999985,1779965198.162401,6293,52763,5,12582912,6,0,0,0
20.811208884999985,1779965198.162401,6293,52764,6,12582912,17,0,0,0
20.811208884999985,1779965198.162401,6293,52765,7,12582912,117,0,0,0
20.812874572999988,1779965198.1640656,6294,52766,0,12582912,468,0,0,0
20.812874572999988,1779965198.1640656,6294,52767,1,12582912,656,0,0,0
20.812874572999988,1779965198.1640656,6294,52768,2,12582912,24,0,0,0
20.812874572999988,1779965198.1640656,6294,52769,3,12582912,-788,0,0,0
20.812874572999988,1779965198.1640656,6294,52770,4,12582912,-596,0,0,0
20.812874572999988,1779965198.1640656,6294,52771,5,12582912,388,0,0,0
20.812874572999988,1779965198.1640656,6294,52772,6,12582912,865,0,0,0
20.812874572999988,1779965198.1640656,6294,52773,7,12582912,275,0,0,0
20.95588948599999,1779965198.3070822,6295,52774,0,12582912,-504,0,0,0
20.95588948599999,1779965198.3070822,6295,52775,1,12582912,-442,0,0,0
20.95588948599999,1779965198.3070822,6295,52776,2,12582912,295,0,0,0
20.95588948599999,1779965198.3070822,6295,52777,3,12582912,666,0,0,0
20.95588948599999,1779965198.3070822,6295,52778,4,12582912,212,0,0,0
20.95588948599999,1779965198.3070822,6295,52779,5,12582912,-393,0,0,0
20.95588948599999,1779965198.3070822,6295,52780,6,12582912,-336,0,0,0
20.95588948599999,1779965198.3070822,6295,52781,7,12582912,263,0,0,0
20.957445016999998,1779965198.3086362,6296,52782,0,12582912,579,0,0,0
20.957445016999998,1779965198.3086362,6296,52783,1,12582912,233,0,0,0
20.957445016999998,1779965198.3086362,6296,52784,2,12582912,-249,0,0,0
20.957445016999998,1779965198.3086362,6296,52785,3,12582912,-224,0,0,0
20.957445016999998,1779965198.3086362,6296,52786,4,12582912,222,0,0,0
20.957445016999998,1779965198.3086362,6296,52787,5,12582912,459,0,0,0
20.957445016999998,1779965198.3086362,6296,52788,6,12582912,196,0,0,0
20.957445016999998,1779965198.3086362,6296,52789,7,12582912,-167,0,0,0
20.958831223000004,1779965198.3100224,6297,52790,0,12582912,-143,0,0,0
20.958831223000004,1779965198.3100224,6297,52791,1,12582912,196,0,0,0
20.958831223000004,1779965198.3100224,6297,52792,2,12582912,370,0,0,0
20.958831223000004,1779965198.3100224,6297,52793,3,12582912,159,0,0,0
20.958831223000004,1779965198.3100224,6297,52794,4,12582912,-121,0,0,0
20.958831223000004,1779965198.3100224,6297,52795,5,12582912,-94,0,0,0
20.958831223000004,1779965198.3100224,6297,52796,6,12582912,181,0,0,0
20.958831223000004,1779965198.3100224,6297,52797,7,12582912,325,0,0,0
20.960278107000022,1779965198.3114698,6298,52798,0,12582912,160,0,0,0
20.960278107000022,1779965198.3114698,6298,52799,1,12582912,-72,0,0,0
20.960278107000022,1779965198.3114698,6298,52800,2,12582912,-70,0,0,0
20.960278107000022,1779965198.3114698,6298,52801,3,12582912,135,0,0,0
20.960278107000022,1779965198.3114698,6298,52802,4,12582912,253,0,0,0
20.960278107000022,1779965198.3114698,6298,52803,5,12582912,137,0,0,0
20.960278107000022,1779965198.3114698,6298,52804,6,12582912,-39,0,0,0
20.960278107000022,1779965198.3114698,6298,52805,7,12582912,-41,0,0,0
20.962016763999998,1779965198.313208,6299,52806,0,12582912,125,0,0,0
20.962016763999998,1779965198.313208,6299,52807,1,12582912,228,0,0,0
20.962016763999998,1779965198.313208,6299,52808,2,12582912,140,0,0,0
20.962016763999998,1779965198.313208,6299,52809,3,12582912,-4,0,0,0
20.962016763999998,1779965198.313208,6299,52810,4,12582912,-17,0,0,0
20.962016763999998,1779965198.313208,6299,52811,5,12582912,100,0,0,0
20.962016763999998,1779965198.313208,6299,52812,6,12582912,174,0,0,0
20.962016763999998,1779965198.313208,6299,52813,7,12582912,108,0,0,0
20.98479841799997,1779965198.3359911,6300,52814,0,12582912,6,0,0,0
20.98479841799997,1779965198.3359911,6300,52815,1,12582912,7,0,0,0
20.98479841799997,1779965198.3359911,6300,52816,2,12582912,108,0,0,0
20.98479841799997,1779965198.3359911,6300,52817,3,12582912,177,0,0,0
20.98479841799997,1779965198.3359911,6300,52818,4,12582912,130,0,0,0
20.98479841799997,1779965198.3359911,6300,52819,5,12582912,38,0,0,0
20.98479841799997,1779965198.3359911,6300,52820,6,12582912,18,0,0,0
20.98479841799997,1779965198.3359911,6300,52821,7,12582912,83,0,0,0
21.02870244600001,1779965198.3798947,6301,52822,0,12582912,133,0,0,0
21.02870244600001,1779965198.3798947,6301,52823,1,12582912,94,0,0,0
21.02870244600001,1779965198.3798947,6301,52824,2,12582912,28,0,0,0
21.02870244600001,1779965198.3798947,6301,52825,3,12582912,25,0,0,0
21.02870244600001,1779965198.3798947,6301,52826,4,12582912,88,0,0,0
21.02870244600001,1779965198.3798947,6301,52827,5,12582912,135,0,0,0
21.02870244600001,1779965198.3798947,6301,52828,6,12582912,119,0,0,0
21.02870244600001,1779965198.3798947,6301,52829,7,12582912,72,0,0,0
21.072087511000007,1779965198.4232788,6302,52830,0,12582912,52,0,0,0
21.072087511000007,1779965198.4232788,6302,52831,1,12582912,83,0,0,0
21.072087511000007,1779965198.4232788,6302,52832,2,12582912,115,0,0,0
21.072087511000007,1779965198.4232788,6302,52833,3,12582912,102,0,0,0
21.072087511000007,1779965198.4232788,6302,52834,4,12582912,66,0,0,0
21.072087511000007,1779965198.4232788,6302,52835,5,12582912,49,0,0,0
21.072087511000007,1779965198.4232788,6302,52836,6,12582912,71,0,0,0
21.072087511000007,1779965198.4232788,6302,52837,7,12582912,97,0,0,0
21.072760691999974,1779965198.4239516,6303,52838,0,12582912,85,0,0,0
21.072760691999974,1779965198.4239516,6303,52839,1,12582912,51,0,0,0
21.072760691999974,1779965198.4239516,6303,52840,2,12582912,34,0,0,0
21.072760691999974,1779965198.4239516,6303,52841,3,12582912,53,0,0,0
21.072760691999974,1779965198.4239516,6303,52842,4,12582912,82,0,0,0
21.072760691999974,1779965198.4239516,6303,52843,5,12582912,93,0,0,0
21.072760691999974,1779965198.4239516,6303,52844,6,12582912,79,0,0,0
21.072760691999974,1779965198.4239516,6303,52845,7,12582912,63,0,0,0
21.132830759,1779965198.4840229,6304,52846,0,12582912,70,0,0,0
21.132830759,1779965198.4840229,6304,52847,1,12582912,85,0,0,0
21.132830759,1779965198.4840229,6304,52848,2,12582912,80,0,0,0
21.132830759,1779965198.4840229,6304,52849,3,12582912,68,0,0,0
21.132830759,1779965198.4840229,6304,52850,4,12582912,63,0,0,0
21.132830759,1779965198.4840229,6304,52851,5,12582912,70,0,0,0
21.132830759,1779965198.4840229,6304,52852,6,12582912,85,0,0,0
21.132830759,1779965198.4840229,6304,52853,7,12582912,87,0,0,0
21.166884932000016,1779965198.5180779,6305,52854,0,12582912,71,0,0,0
21.166884932000016,1779965198.5180779,6305,52855,1,12582912,48,0,0,0
21.166884932000016,1779965198.5180779,6305,52856,2,12582912,43,0,0,0
21.166884932000016,1779965198.5180779,6305,52857,3,12582912,59,0,0,0
21.166884932000016,1779965198.5180779,6305,52858,4,12582912,74,0,0,0
21.166884932000016,1779965198.5180779,6305,52859,5,12582912,71,0,0,0
21.166884932000016,1779965198.5180779,6305,52860,6,12582912,59,0,0,0
21.166884932000016,1779965198.5180779,6305,52861,7,12582912,59,0,0,0
21.189518356000008,1779965198.5407107,6306,52862,0,12582912,68,0,0,0
21.189518356000008,1779965198.5407107,6306,52863,1,12582912,73,0,0,0
21.189518356000008,1779965198.5407107,6306,52864,2,12582912,69,0,0,0
21.189518356000008,1779965198.5407107,6306,52865,3,12582912,53,0,0,0
21.189518356000008,1779965198.5407107,6306,52866,4,12582912,43,0,0,0
21.189518356000008,1779965198.5407107,6306,52867,5,12582912,46,0,0,0
21.189518356000008,1779965198.5407107,6306,52868,6,12582912,48,0,0,0
21.189518356000008,1779965198.5407107,6306,52869,7,12582912,38,0,0,0
21.212432824000018,1779965198.5636256,6307,52870,0,12582912,28,0,0,0
21.212432824000018,1779965198.5636256,6307,52871,1,12582912,47,0,0,0
21.212432824000018,1779965198.5636256,6307,52872,2,12582912,79,0,0,0
21.212432824000018,1779965198.5636256,6307,52873,3,12582912,89,0,0,0
21.212432824000018,1779965198.5636256,6307,52874,4,12582912,75,0,0,0
21.212432824000018,1779965198.5636256,6307,52875,5,12582912,54,0,0,0
21.212432824000018,1779965198.5636256,6307,52876,6,12582912,46,0,0,0
21.212432824000018,1779965198.5636256,6307,52877,7,12582912,57,0,0,0
21.23528833299997,1779965198.5864809,6308,52878,0,12582912,68,0,0,0
21.23528833299997,1779965198.5864809,6308,52879,1,12582912,68,0,0,0
21.23528833299997,1779965198.5864809,6308,52880,2,12582912,57,0,0,0
21.23528833299997,1779965198.5864809,6308,52881,3,12582912,54,0,0,0
21.23528833299997,1779965198.5864809,6308,52882,4,12582912,61,0,0,0
21.23528833299997,1779965198.5864809,6308,52883,5,12582912,61,0,0,0
21.23528833299997,1779965198.5864809,6308,52884,6,12582912,52,0,0,0
21.23528833299997,1779965198.5864809,6308,52885,7,12582912,45,0,0,0
21.286504594000007,1779965198.6376967,6309,52886,0,12582912,43,0,0,0
21.286504594000007,1779965198.6376967,6309,52887,1,12582912,44,0,0,0
21.286504594000007,1779965198.6376967,6309,52888,2,12582912,47,0,0,0
21.286504594000007,1779965198.6376967,6309,52889,3,12582912,49,0,0,0
21.286504594000007,1779965198.6376967,6309,52890,4,12582912,41,0,0,0
21.286504594000007,1779965198.6376967,6309,52891,5,12582912,45,0,0,0
21.286504594000007,1779965198.6376967,6309,52892,6,12582912,61,0,0,0
21.286504594000007,1779965198.6376967,6309,52893,7,12582912,63,0,0,0
21.34000519199998,1779965198.6911976,6310,52894,0,12582912,41,0,0,0
21.34000519199998,1779965198.6911976,6310,52895,1,12582912,15,0,0,0
21.34000519199998,1779965198.6911976,6310,52896,2,12582912,13,0,0,0
21.34000519199998,1779965198.6911976,6310,52897,3,12582912,34,0,0,0
21.34000519199998,1779965198.6911976,6310,52898,4,12582912,54,0,0,0
21.34000519199998,1779965198.6911976,6310,52899,5,12582912,56,0,0,0
21.34000519199998,1779965198.6911976,6310,52900,6,12582912,46,0,0,0
21.34000519199998,1779965198.6911976,6310,52901,7,12582912,49,0,0,0
21.341955100000007,1779965198.6931467,6311,52902,0,12582912,66,0,0,0
21.341955100000007,1779965198.6931467,6311,52903,1,12582912,76,0,0,0
21.341955100000007,1779965198.6931467,6311,52904,2,12582912,70,0,0,0
21.341955100000007,1779965198.6931467,6311,52905,3,12582912,44,0,0,0
21.341955100000007,1779965198.6931467,6311,52906,4,12582912,26,0,0,0
21.341955100000007,1779965198.6931467,6311,52907,5,12582912,35,0,0,0
21.341955100000007,1779965198.6931467,6311,52908,6,12582912,47,0,0,0
21.341955100000007,1779965198.6931467,6311,52909,7,12582912,44,0,0,0
21.380453467999985,1779965198.731646,6312,52910,0,12582912,26,0,0,0
21.380453467999985,1779965198.731646,6312,52911,1,12582912,20,0,0,0
21.380453467999985,1779965198.731646,6312,52912,2,12582912,35,0,0,0
21.380453467999985,1779965198.731646,6312,52913,3,12582912,56,0,0,0
21.380453467999985,1779965198.731646,6312,52914,4,12582912,64,0,0,0
21.380453467999985,1779965198.731646,6312,52915,5,12582912,45,0,0,0
21.380453467999985,1779965198.731646,6312,52916,6,12582912,21,0,0,0
21.380453467999985,1779965198.731646,6312,52917,7,12582912,16,0,0,0
21.40326658099997,1779965198.7544591,6313,52918,0,12582912,33,0,0,0
21.40326658099997,1779965198.7544591,6313,52919,1,12582912,53,0,0,0
21.40326658099997,1779965198.7544591,6313,52920,2,12582912,52,0,0,0
21.40326658099997,1779965198.7544591,6313,52921,3,12582912,44,0,0,0
21.40326658099997,1779965198.7544591,6313,52922,4,12582912,50,0,0,0
21.40326658099997,1779965198.7544591,6313,52923,5,12582912,68,0,0,0
21.40326658099997,1779965198.7544591,6313,52924,6,12582912,78,0,0,0
21.40326658099997,1779965198.7544591,6313,52925,7,12582912,59,0,0,0
21.426207766999994,1779965198.7774,6314,52926,0,12582912,30,0,0,0
21.426207766999994,1779965198.7774,6314,52927,1,12582912,23,0,0,0
21.426207766999994,1779965198.7774,6314,52928,2,12582912,38,0,0,0
21.426207766999994,1779965198.7774,6314,52929,3,12582912,51,0,0,0
21.426207766999994,1779965198.7774,6314,52930,4,12582912,43,0,0,0
21.426207766999994,1779965198.7774,6314,52931,5,12582912,31,0,0,0
21.426207766999994,1779965198.7774,6314,52932,6,12582912,36,0,0,0
21.426207766999994,1779965198.7774,6314,52933,7,12582912,52,0,0,0
21.47022507600002,1779965198.821418,6315,52934,0,12582912,65,0,0,0
21.47022507600002,1779965198.821418,6315,52935,1,12582912,60,0,0,0
21.47022507600002,1779965198.821418,6315,52936,2,12582912,44,0,0,0
21.47022507600002,1779965198.821418,6315,52937,3,12582912,36,0,0,0
21.47022507600002,1779965198.821418,6315,52938,4,12582912,39,0,0,0
21.47022507600002,1779965198.821418,6315,52939,5,12582912,49,0,0,0
21.47022507600002,1779965198.821418,6315,52940,6,12582912,48,0,0,0
21.47022507600002,1779965198.821418,6315,52941,7,12582912,34,0,0,0
21.49307808499998,1779965198.844271,6316,52942,0,12582912,31,0,0,0
21.49307808499998,1779965198.844271,6316,52943,1,12582912,43,0,0,0
21.49307808499998,1779965198.844271,6316,52944,2,12582912,51,0,0,0
21.49307808499998,1779965198.844271,6316,52945,3,12582912,33,0,0,0
21.49307808499998,1779965198.844271,6316,52946,4,12582912,13,0,0,0
21.49307808499998,1779965198.844271,6316,52947,5,12582912,17,0,0,0
21.49307808499998,1779965198.844271,6316,52948,6,12582912,34,0,0,0
21.49307808499998,1779965198.844271,6316,52949,7,12582912,39,0,0,0
21.53705461300001,1779965198.8882473,6317,52950,0,12582912,22,0,0,0
21.53705461300001,1779965198.8882473,6317,52951,1,12582912,11,0,0,0
21.53705461300001,1779965198.8882473,6317,52952,2,12582912,26,0,0,0
21.53705461300001,1779965198.8882473,6317,52953,3,12582912,53,0,0,0
21.53705461300001,1779965198.8882473,6317,52954,4,12582912,64,0,0,0
21.53705461300001,1779965198.8882473,6317,52955,5,12582912,49,0,0,0
21.53705461300001,1779965198.8882473,6317,52956,6,12582912,39,0,0,0
21.53705461300001,1779965198.8882473,6317,52957,7,12582912,46,0,0,0
21.605029572999968,1779965198.9562213,6318,52958,0,12582912,58,0,0,0
21.605029572999968,1779965198.9562213,6318,52959,1,12582912,60,0,0,0
21.605029572999968,1779965198.9562213,6318,52960,2,12582912,43,0,0,0
21.605029572999968,1779965198.9562213,6318,52961,3,12582912,26,0,0,0
21.605029572999968,1779965198.9562213,6318,52962,4,12582912,24,0,0,0
21.605029572999968,1779965198.9562213,6318,52963,5,12582912,30,0,0,0
21.605029572999968,1779965198.9562213,6318,52964,6,12582912,33,0,0,0
21.605029572999968,1779965198.9562213,6318,52965,7,12582912,23,0,0,0
21.606107027999997,1779965198.9572976,6319,52966,0,12582912,16,0,0,0
21.606107027999997,1779965198.9572976,6319,52967,1,12582912,23,0,0,0
21.606107027999997,1779965198.9572976,6319,52968,2,12582912,34,0,0,0
21.606107027999997,1779965198.9572976,6319,52969,3,12582912,39,0,0,0
21.606107027999997,1779965198.9572976,6319,52970,4,12582912,33,0,0,0
21.606107027999997,1779965198.9572976,6319,52971,5,12582912,27,0,0,0
21.606107027999997,1779965198.9572976,6319,52972,6,12582912,26,0,0,0
21.606107027999997,1779965198.9572976,6319,52973,7,12582912,25,0,0,0
21.62850675300001,1779965198.9796996,6320,52974,0,12582912,25,0,0,0
21.62850675300001,1779965198.9796996,6320,52975,1,12582912,21,0,0,0
21.62850675300001,1779965198.9796996,6320,52976,2,12582912,16,0,0,0
21.62850675300001,1779965198.9796996,6320,52977,3,12582912,25,0,0,0
21.62850675300001,1779965198.9796996,6320,52978,4,12582912,39,0,0,0
21.62850675300001,1779965198.9796996,6320,52979,5,12582912,40,0,0,0
21.62850675300001,1779965198.9796996,6320,52980,6,12582912,24,0,0,0
21.62850675300001,1779965198.9796996,6320,52981,7,12582912,15,0,0,0
21.66984159499998,1779965199.021033,6321,52982,0,12582912,25,0,0,0
21.66984159499998,1779965199.021033,6321,52983,1,12582912,39,0,0,0
21.66984159499998,1779965199.021033,6321,52984,2,12582912,39,0,0,0
21.66984159499998,1779965199.021033,6321,52985,3,12582912,25,0,0,0
21.66984159499998,1779965199.021033,6321,52986,4,12582912,17,0,0,0
21.66984159499998,1779965199.021033,6321,52987,5,12582912,26,0,0,0
21.66984159499998,1779965199.021033,6321,52988,6,12582912,40,0,0,0
21.66984159499998,1779965199.021033,6321,52989,7,12582912,47,0,0,0
21.691975587,1779965199.043168,6322,52990,0,12582912,39,0,0,0
21.691975587,1779965199.043168,6322,52991,1,12582912,31,0,0,0
21.691975587,1779965199.043168,6322,52992,2,12582912,38,0,0,0
21.691975587,1779965199.043168,6322,52993,3,12582912,49,0,0,0
21.691975587,1779965199.043168,6322,52994,4,12582912,53,0,0,0
21.691975587,1779965199.043168,6322,52995,5,12582912,41,0,0,0
21.691975587,1779965199.043168,6322,52996,6,12582912,30,0,0,0
21.691975587,1779965199.043168,6322,52997,7,12582912,32,0,0,0
21.736250548999976,1779965199.087443,6323,52998,0,12582912,40,0,0,0
21.736250548999976,1779965199.087443,6323,52999,1,12582912,46,0,0,0
21.736250548999976,1779965199.087443,6323,53000,2,12582912,37,0,0,0
21.736250548999976,1779965199.087443,6323,53001,3,12582912,-103,0,0,0
21.736250548999976,1779965199.087443,6323,53002,4,12582912,-463,0,0,0
21.736250548999976,1779965199.087443,6323,53003,5,12582912,-659,0,0,0
21.736250548999976,1779965199.087443,6323,53004,6,12582912,-239,0,0,0
21.736250548999976,1779965199.087443,6323,53005,7,12582912,438,0,0,0
21.768231060000005,1779965199.1194234,6324,53006,0,12582912,571,0,0,0
21.768231060000005,1779965199.1194234,6324,53007,1,12582912,48,0,0,0
21.768231060000005,1779965199.1194234,6324,53008,2,12582912,-397,0,0,0
21.768231060000005,1779965199.1194234,6324,53009,3,12582912,-205,0,0,0
21.768231060000005,1779965199.1194234,6324,53010,4,12582912,306,0,0,0
21.768231060000005,1779965199.1194234,6324,53011,5,12582912,437,0,0,0
21.768231060000005,1779965199.1194234,6324,53012,6,12582912,56,0,0,0
21.768231060000005,1779965199.1194234,6324,53013,7,12582912,-286,0,0,0
21.83084035500002,1779965199.1820319,6325,53014,0,12582912,-152,0,0,0
21.83084035500002,1779965199.1820319,6325,53015,1,12582912,230,0,0,0
21.83084035500002,1779965199.1820319,6325,53016,2,12582912,336,0,0,0
21.83084035500002,1779965199.1820319,6325,53017,3,12582912,53,0,0,0
21.83084035500002,1779965199.1820319,6325,53018,4,12582912,-202,0,0,0
21.83084035500002,1779965199.1820319,6325,53019,5,12582912,-93,0,0,0
21.83084035500002,1779965199.1820319,6325,53020,6,12582912,200,0,0,0
21.83084035500002,1779965199.1820319,6325,53021,7,12582912,271,0,0,0
21.832097445999977,1779965199.1832888,6326,53022,0,12582912,46,0,0,0
21.832097445999977,1779965199.1832888,6326,53023,1,12582912,-145,0,0,0
21.832097445999977,1779965199.1832888,6326,53024,2,12582912,-58,0,0,0
21.832097445999977,1779965199.1832888,6326,53025,3,12582912,168,0,0,0
21.832097445999977,1779965199.1832888,6326,53026,4,12582912,226,0,0,0
21.832097445999977,1779965199.1832888,6326,53027,5,12582912,54,0,0,0
21.832097445999977,1779965199.1832888,6326,53028,6,12582912,-99,0,0,0
21.832097445999977,1779965199.1832888,6326,53029,7,12582912,-41,0,0,0
21.87155013900002,1779965199.2227418,6327,53030,0,12582912,124,0,0,0
21.87155013900002,1779965199.2227418,6327,53031,1,12582912,166,0,0,0
21.87155013900002,1779965199.2227418,6327,53032,2,12582912,41,0,0,0
21.87155013900002,1779965199.2227418,6327,53033,3,12582912,-67,0,0,0
21.87155013900002,1779965199.2227418,6327,53034,4,12582912,-15,0,0,0
21.87155013900002,1779965199.2227418,6327,53035,5,12582912,114,0,0,0
21.87155013900002,1779965199.2227418,6327,53036,6,12582912,144,0,0,0
21.87155013900002,1779965199.2227418,6327,53037,7,12582912,47,0,0,0
21.89351428599997,1779965199.2447057,6328,53038,0,12582912,-32,0,0,0
21.89351428599997,1779965199.2447057,6328,53039,1,12582912,12,0,0,0
21.89351428599997,1779965199.2447057,6328,53040,2,12582912,114,0,0,0
21.89351428599997,1779965199.2447057,6328,53041,3,12582912,137,0,0,0
21.89351428599997,1779965199.2447057,6328,53042,4,12582912,60,0,0,0
21.89351428599997,1779965199.2447057,6328,53043,5,12582912,-5,0,0,0
21.89351428599997,1779965199.2447057,6328,53044,6,12582912,16,0,0,0
21.89351428599997,1779965199.2447057,6328,53045,7,12582912,77,0,0,0
21.915622079000002,1779965199.2668138,6329,53046,0,12582912,86,0,0,0
21.915622079000002,1779965199.2668138,6329,53047,1,12582912,28,0,0,0
21.915622079000002,1779965199.2668138,6329,53048,2,12582912,-18,0,0,0
21.915622079000002,1779965199.2668138,6329,53049,3,12582912,4,0,0,0
21.915622079000002,1779965199.2668138,6329,53050,4,12582912,63,0,0,0
21.915622079000002,1779965199.2668138,6329,53051,5,12582912,85,0,0,0
21.915622079000002,1779965199.2668138,6329,53052,6,12582912,52,0,0,0
21.915622079000002,1779965199.2668138,6329,53053,7,12582912,23,0,0,0
21.958821149000016,1779965199.3100135,6330,53054,0,12582912,36,0,0,0
21.958821149000016,1779965199.3100135,6330,53055,1,12582912,69,0,0,0
21.958821149000016,1779965199.3100135,6330,53056,2,12582912,74,0,0,0
21.958821149000016,1779965199.3100135,6330,53057,3,12582912,47,0,0,0
21.958821149000016,1779965199.3100135,6330,53058,4,12582912,32,0,0,0
21.958821149000016,1779965199.3100135,6330,53059,5,12582912,44,0,0,0
21.958821149000016,1779965199.3100135,6330,53060,6,12582912,61,0,0,0
21.958821149000016,1779965199.3100135,6330,53061,7,12582912,57,0,0,0
21.981288059999997,1779965199.3324802,6331,53062,0,12582912,38,0,0,0
21.981288059999997,1779965199.3324802,6331,53063,1,12582912,29,0,0,0
21.981288059999997,1779965199.3324802,6331,53064,2,12582912,37,0,0,0
21.981288059999997,1779965199.3324802,6331,53065,3,12582912,58,0,0,0
21.981288059999997,1779965199.3324802,6331,53066,4,12582912,70,0,0,0
21.981288059999997,1779965199.3324802,6331,53067,5,12582912,56,0,0,0
21.981288059999997,1779965199.3324802,6331,53068,6,12582912,37,0,0,0
21.981288059999997,1779965199.3324802,6331,53069,7,12582912,34,0,0,0
22.019825017000016,1779965199.3710172,6332,53070,0,12582912,48,0,0,0
22.019825017000016,1779965199.3710172,6332,53071,1,12582912,60,0,0,0
22.019825017000016,1779965199.3710172,6332,53072,2,12582912,54,0,0,0
22.019825017000016,1779965199.3710172,6332,53073,3,12582912,40,0,0,0
22.019825017000016,1779965199.3710172,6332,53074,4,12582912,31,0,0,0
22.019825017000016,1779965199.3710172,6332,53075,5,12582912,36,0,0,0
22.019825017000016,1779965199.3710172,6332,53076,6,12582912,46,0,0,0
22.019825017000016,1779965199.3710172,6332,53077,7,12582912,44,0,0,0
22.056214618000013,1779965199.407407,6333,53078,0,12582912,33,0,0,0
22.056214618000013,1779965199.407407,6333,53079,1,12582912,24,0,0,0
22.056214618000013,1779965199.407407,6333,53080,2,12582912,33,0,0,0
22.056214618000013,1779965199.407407,6333,53081,3,12582912,48,0,0,0
22.056214618000013,1779965199.407407,6333,53082,4,12582912,51,0,0,0
22.056214618000013,1779965199.407407,6333,53083,5,12582912,46,0,0,0
22.056214618000013,1779965199.407407,6333,53084,6,12582912,34,0,0,0
22.056214618000013,1779965199.407407,6333,53085,7,12582912,33,0,0,0
22.103604496000003,1779965199.4547966,6334,53086,0,12582912,49,0,0,0
22.103604496000003,1779965199.4547966,6334,53087,1,12582912,59,0,0,0
22.103604496000003,1779965199.4547966,6334,53088,2,12582912,53,0,0,0
22.103604496000003,1779965199.4547966,6334,53089,3,12582912,38,0,0,0
22.103604496000003,1779965199.4547966,6334,53090,4,12582912,36,0,0,0
22.103604496000003,1779965199.4547966,6334,53091,5,12582912,47,0,0,0
22.103604496000003,1779965199.4547966,6334,53092,6,12582912,51,0,0,0
22.103604496000003,1779965199.4547966,6334,53093,7,12582912,47,0,0,0
22.10477616999998,1779965199.455967,6335,53094,0,12582912,38,0,0,0
22.10477616999998,1779965199.455967,6335,53095,1,12582912,35,0,0,0
22.10477616999998,1779965199.455967,6335,53096,2,12582912,39,0,0,0
22.10477616999998,1779965199.455967,6335,53097,3,12582912,45,0,0,0
22.10477616999998,1779965199.455967,6335,53098,4,12582912,45,0,0,0
22.10477616999998,1779965199.455967,6335,53099,5,12582912,36,0,0,0
22.10477616999998,1779965199.455967,6335,53100,6,12582912,33,0,0,0
22.10477616999998,1779965199.455967,6335,53101,7,12582912,41,0,0,0
22.14830810699999,1779965199.4995003,6336,53102,0,12582912,46,0,0,0
22.14830810699999,1779965199.4995003,6336,53103,1,12582912,48,0,0,0
22.14830810699999,1779965199.4995003,6336,53104,2,12582912,42,0,0,0
22.14830810699999,1779965199.4995003,6336,53105,3,12582912,30,0,0,0
22.14830810699999,1779965199.4995003,6336,53106,4,12582912,24,0,0,0
22.14830810699999,1779965199.4995003,6336,53107,5,12582912,27,0,0,0
22.14830810699999,1779965199.4995003,6336,53108,6,12582912,31,0,0,0
22.14830810699999,1779965199.4995003,6336,53109,7,12582912,18,0,0,0
22.17111335200002,1779965199.5223055,6337,53110,0,12582912,10,0,0,0
22.17111335200002,1779965199.5223055,6337,53111,1,12582912,26,0,0,0
22.17111335200002,1779965199.5223055,6337,53112,2,12582912,49,0,0,0
22.17111335200002,1779965199.5223055,6337,53113,3,12582912,64,0,0,0
22.17111335200002,1779965199.5223055,6337,53114,4,12582912,58,0,0,0
22.17111335200002,1779965199.5223055,6337,53115,5,12582912,42,0,0,0
22.17111335200002,1779965199.5223055,6337,53116,6,12582912,33,0,0,0
22.17111335200002,1779965199.5223055,6337,53117,7,12582912,31,0,0,0
22.232335971999987,1779965199.583529,6338,53118,0,12582912,36,0,0,0
22.232335971999987,1779965199.583529,6338,53119,1,12582912,34,0,0,0
22.232335971999987,1779965199.583529,6338,53120,2,12582912,26,0,0,0
22.232335971999987,1779965199.583529,6338,53121,3,12582912,24,0,0,0
22.232335971999987,1779965199.583529,6338,53122,4,12582912,32,0,0,0
22.232335971999987,1779965199.583529,6338,53123,5,12582912,44,0,0,0
22.232335971999987,1779965199.583529,6338,53124,6,12582912,44,0,0,0
22.232335971999987,1779965199.583529,6338,53125,7,12582912,32,0,0,0
22.233820460000004,1779965199.585012,6339,53126,0,12582912,28,0,0,0
22.233820460000004,1779965199.585012,6339,53127,1,12582912,35,0,0,0
22.233820460000004,1779965199.585012,6339,53128,2,12582912,46,0,0,0
22.233820460000004,1779965199.585012,6339,53129,3,12582912,44,0,0,0
22.233820460000004,1779965199.585012,6339,53130,4,12582912,34,0,0,0
22.233820460000004,1779965199.585012,6339,53131,5,12582912,32,0,0,0
22.233820460000004,1779965199.585012,6339,53132,6,12582912,42,0,0,0
22.233820460000004,1779965199.585012,6339,53133,7,12582912,59,0,0,0
22.28763693999997,1779965199.6388295,6340,53134,0,12582912,59,0,0,0
22.28763693999997,1779965199.6388295,6340,53135,1,12582912,41,0,0,0
22.28763693999997,1779965199.6388295,6340,53136,2,12582912,35,0,0,0
22.28763693999997,1779965199.6388295,6340,53137,3,12582912,46,0,0,0
22.28763693999997,1779965199.6388295,6340,53138,4,12582912,55,0,0,0
22.28763693999997,1779965199.6388295,6340,53139,5,12582912,45,0,0,0
22.28763693999997,1779965199.6388295,6340,53140,6,12582912,32,0,0,0
22.28763693999997,1779965199.6388295,6340,53141,7,12582912,37,0,0,0
22.310538071999986,1779965199.6617305,6341,53142,0,12582912,50,0,0,0
22.310538071999986,1779965199.6617305,6341,53143,1,12582912,54,0,0,0
22.310538071999986,1779965199.6617305,6341,53144,2,12582912,45,0,0,0
22.310538071999986,1779965199.6617305,6341,53145,3,12582912,35,0,0,0
22.310538071999986,1779965199.6617305,6341,53146,4,12582912,37,0,0,0
22.310538071999986,1779965199.6617305,6341,53147,5,12582912,45,0,0,0
22.310538071999986,1779965199.6617305,6341,53148,6,12582912,50,0,0,0
22.310538071999986,1779965199.6617305,6341,53149,7,12582912,46,0,0,0
22.363686787000006,1779965199.7148795,6342,53150,0,12582912,41,0,0,0
22.363686787000006,1779965199.7148795,6342,53151,1,12582912,46,0,0,0
22.363686787000006,1779965199.7148795,6342,53152,2,12582912,59,0,0,0
22.363686787000006,1779965199.7148795,6342,53153,3,12582912,69,0,0,0
22.363686787000006,1779965199.7148795,6342,53154,4,12582912,59,0,0,0
22.363686787000006,1779965199.7148795,6342,53155,5,12582912,41,0,0,0
22.363686787000006,1779965199.7148795,6342,53156,6,12582912,36,0,0,0
22.363686787000006,1779965199.7148795,6342,53157,7,12582912,49,0,0,0
22.365461330000016,1779965199.716653,6343,53158,0,12582912,69,0,0,0
22.365461330000016,1779965199.716653,6343,53159,1,12582912,66,0,0,0
22.365461330000016,1779965199.716653,6343,53160,2,12582912,48,0,0,0
22.365461330000016,1779965199.716653,6343,53161,3,12582912,42,0,0,0
22.365461330000016,1779965199.716653,6343,53162,4,12582912,55,0,0,0
22.365461330000016,1779965199.716653,6343,53163,5,12582912,69,0,0,0
22.365461330000016,1779965199.716653,6343,53164,6,12582912,66,0,0,0
22.365461330000016,1779965199.716653,6343,53165,7,12582912,54,0,0,0
22.38825407500002,1779965199.7394469,6344,53166,0,12582912,49,0,0,0
22.38825407500002,1779965199.7394469,6344,53167,1,12582912,49,0,0,0
22.38825407500002,1779965199.7394469,6344,53168,2,12582912,51,0,0,0
22.38825407500002,1779965199.7394469,6344,53169,3,12582912,51,0,0,0
22.38825407500002,1779965199.7394469,6344,53170,4,12582912,51,0,0,0
22.38825407500002,1779965199.7394469,6344,53171,5,12582912,59,0,0,0
22.38825407500002,1779965199.7394469,6344,53172,6,12582912,73,0,0,0
22.38825407500002,1779965199.7394469,6344,53173,7,12582912,79,0,0,0
22.473337156000014,1779965199.8245285,6345,53174,0,12582912,68,0,0,0
22.473337156000014,1779965199.8245285,6345,53175,1,12582912,51,0,0,0
22.473337156000014,1779965199.8245285,6345,53176,2,12582912,48,0,0,0
22.473337156000014,1779965199.8245285,6345,53177,3,12582912,51,0,0,0
22.473337156000014,1779965199.8245285,6345,53178,4,12582912,52,0,0,0
22.473337156000014,1779965199.8245285,6345,53179,5,12582912,45,0,0,0
22.473337156000014,1779965199.8245285,6345,53180,6,12582912,41,0,0,0
22.473337156000014,1779965199.8245285,6345,53181,7,12582912,53,0,0,0
22.47390158600001,1779965199.8250926,6346,53182,0,12582912,73,0,0,0
22.47390158600001,1779965199.8250926,6346,53183,1,12582912,79,0,0,0
22.47390158600001,1779965199.8250926,6346,53184,2,12582912,65,0,0,0
22.47390158600001,1779965199.8250926,6346,53185,3,12582912,52,0,0,0
22.47390158600001,1779965199.8250926,6346,53186,4,12582912,61,0,0,0
22.47390158600001,1779965199.8250926,6346,53187,5,12582912,77,0,0,0
22.47390158600001,1779965199.8250926,6346,53188,6,12582912,83,0,0,0
22.47390158600001,1779965199.8250926,6346,53189,7,12582912,73,0,0,0
22.496680529999992,1779965199.8478734,6347,53190,0,12582912,56,0,0,0
22.496680529999992,1779965199.8478734,6347,53191,1,12582912,55,0,0,0
22.496680529999992,1779965199.8478734,6347,53192,2,12582912,68,0,0,0
22.496680529999992,1779965199.8478734,6347,53193,3,12582912,83,0,0,0
22.496680529999992,1779965199.8478734,6347,53194,4,12582912,80,0,0,0
22.496680529999992,1779965199.8478734,6347,53195,5,12582912,66,0,0,0
22.496680529999992,1779965199.8478734,6347,53196,6,12582912,62,0,0,0
22.496680529999992,1779965199.8478734,6347,53197,7,12582912,66,0,0,0
22.51952348399999,1779965199.8707156,6348,53198,0,12582912,67,0,0,0
22.51952348399999,1779965199.8707156,6348,53199,1,12582912,57,0,0,0
22.51952348399999,1779965199.8707156,6348,53200,2,12582912,45,0,0,0
22.51952348399999,1779965199.8707156,6348,53201,3,12582912,48,0,0,0
22.51952348399999,1779965199.8707156,6348,53202,4,12582912,66,0,0,0
22.51952348399999,1779965199.8707156,6348,53203,5,12582912,80,0,0,0
22.51952348399999,1779965199.8707156,6348,53204,6,12582912,71,0,0,0
22.51952348399999,1779965199.8707156,6348,53205,7,12582912,56,0,0,0
22.563596362,1779965199.914789,6349,53206,0,12582912,57,0,0,0
22.563596362,1779965199.914789,6349,53207,1,12582912,67,0,0,0
22.563596362,1779965199.914789,6349,53208,2,12582912,74,0,0,0
22.563596362,1779965199.914789,6349,53209,3,12582912,64,0,0,0
22.563596362,1779965199.914789,6349,53210,4,12582912,49,0,0,0
22.563596362,1779965199.914789,6349,53211,5,12582912,46,0,0,0
22.563596362,1779965199.914789,6349,53212,6,12582912,55,0,0,0
22.563596362,1779965199.914789,6349,53213,7,12582912,66,0,0,0
22.61748706100002,1779965199.9686797,6350,53214,0,12582912,66,0,0,0
22.61748706100002,1779965199.9686797,6350,53215,1,12582912,57,0,0,0
22.61748706100002,1779965199.9686797,6350,53216,2,12582912,47,0,0,0
22.61748706100002,1779965199.9686797,6350,53217,3,12582912,43,0,0,0
22.61748706100002,1779965199.9686797,6350,53218,4,12582912,49,0,0,0
22.61748706100002,1779965199.9686797,6350,53219,5,12582912,45,0,0,0
22.61748706100002,1779965199.9686797,6350,53220,6,12582912,27,0,0,0
22.61748706100002,1779965199.9686797,6350,53221,7,12582912,14,0,0,0
22.618956808999997,1779965199.9701478,6351,53222,0,12582912,17,0,0,0
22.618956808999997,1779965199.9701478,6351,53223,1,12582912,28,0,0,0
22.618956808999997,1779965199.9701478,6351,53224,2,12582912,28,0,0,0
22.618956808999997,1779965199.9701478,6351,53225,3,12582912,17,0,0,0
22.618956808999997,1779965199.9701478,6351,53226,4,12582912,16,0,0,0
22.618956808999997,1779965199.9701478,6351,53227,5,12582912,24,0,0,0
22.618956808999997,1779965199.9701478,6351,53228,6,12582912,27,0,0,0
22.618956808999997,1779965199.9701478,6351,53229,7,12582912,9,0,0,0
22.657284233999974,1779965200.0084772,6352,53230,0,12582912,-16,0,0,0
22.657284233999974,1779965200.0084772,6352,53231,1,12582912,-23,0,0,0
22.657284233999974,1779965200.0084772,6352,53232,2,12582912,-11,0,0,0
22.657284233999974,1779965200.0084772,6352,53233,3,12582912,6,0,0,0
22.657284233999974,1779965200.0084772,6352,53234,4,12582912,12,0,0,0
22.657284233999974,1779965200.0084772,6352,53235,5,12582912,15,0,0,0
22.657284233999974,1779965200.0084772,6352,53236,6,12582912,27,0,0,0
22.657284233999974,1779965200.0084772,6352,53237,7,12582912,40,0,0,0
22.680091978000007,1779965200.0312846,6353,53238,0,12582912,42,0,0,0
22.680091978000007,1779965200.0312846,6353,53239,1,12582912,24,0,0,0
22.680091978000007,1779965200.0312846,6353,53240,2,12582912,1,0,0,0
22.680091978000007,1779965200.0312846,6353,53241,3,12582912,-2,0,0,0
22.680091978000007,1779965200.0312846,6353,53242,4,12582912,9,0,0,0
22.680091978000007,1779965200.0312846,6353,53243,5,12582912,20,0,0,0
22.680091978000007,1779965200.0312846,6353,53244,6,12582912,22,0,0,0
22.680091978000007,1779965200.0312846,6353,53245,7,12582912,19,0,0,0
22.724250685000015,1779965200.0754433,6354,53246,0,12582912,21,0,0,0
22.724250685000015,1779965200.0754433,6354,53247,1,12582912,29,0,0,0
22.724250685000015,1779965200.0754433,6354,53248,2,12582912,39,0,0,0
22.724250685000015,1779965200.0754433,6354,53249,3,12582912,35,0,0,0
22.724250685000015,1779965200.0754433,6354,53250,4,12582912,22,0,0,0
22.724250685000015,1779965200.0754433,6354,53251,5,12582912,21,0,0,0
22.724250685000015,1779965200.0754433,6354,53252,6,12582912,30,0,0,0
22.724250685000015,1779965200.0754433,6354,53253,7,12582912,36,0,0,0
22.766904538999995,1779965200.1180968,6355,53254,0,12582912,30,0,0,0
22.766904538999995,1779965200.1180968,6355,53255,1,12582912,20,0,0,0
22.766904538999995,1779965200.1180968,6355,53256,2,12582912,19,0,0,0
22.766904538999995,1779965200.1180968,6355,53257,3,12582912,26,0,0,0
22.766904538999995,1779965200.1180968,6355,53258,4,12582912,30,0,0,0
22.766904538999995,1779965200.1180968,6355,53259,5,12582912,17,0,0,0
22.766904538999995,1779965200.1180968,6355,53260,6,12582912,4,0,0,0
22.766904538999995,1779965200.1180968,6355,53261,7,12582912,10,0,0,0
22.778415859000006,1779965200.129609,6356,53262,0,12582912,27,0,0,0
22.778415859000006,1779965200.129609,6356,53263,1,12582912,37,0,0,0
22.778415859000006,1779965200.129609,6356,53264,2,12582912,25,0,0,0
22.778415859000006,1779965200.129609,6356,53265,3,12582912,5,0,0,0
22.778415859000006,1779965200.129609,6356,53266,4,12582912,6,0,0,0
22.778415859000006,1779965200.129609,6356,53267,5,12582912,24,0,0,0
22.778415859000006,1779965200.129609,6356,53268,6,12582912,37,0,0,0
22.778415859000006,1779965200.129609,6356,53269,7,12582912,31,0,0,0
22.855688518000022,1779965200.20688,6357,53270,0,12582912,17,0,0,0
22.855688518000022,1779965200.20688,6357,53271,1,12582912,18,0,0,0
22.855688518000022,1779965200.20688,6357,53272,2,12582912,29,0,0,0
22.855688518000022,1779965200.20688,6357,53273,3,12582912,38,0,0,0
22.855688518000022,1779965200.20688,6357,53274,4,12582912,38,0,0,0
22.855688518000022,1779965200.20688,6357,53275,5,12582912,34,0,0,0
22.855688518000022,1779965200.20688,6357,53276,6,12582912,37,0,0,0
22.855688518000022,1779965200.20688,6357,53277,7,12582912,42,0,0,0
22.856650711999976,1779965200.2078428,6358,53278,0,12582912,42,0,0,0
22.856650711999976,1779965200.2078428,6358,53279,1,12582912,28,0,0,0
22.856650711999976,1779965200.2078428,6358,53280,2,12582912,16,0,0,0
22.856650711999976,1779965200.2078428,6358,53281,3,12582912,18,0,0,0
22.856650711999976,1779965200.2078428,6358,53282,4,12582912,25,0,0,0
22.856650711999976,1779965200.2078428,6358,53283,5,12582912,27,0,0,0
22.856650711999976,1779965200.2078428,6358,53284,6,12582912,21,0,0,0
22.856650711999976,1779965200.2078428,6358,53285,7,12582912,18,0,0,0
22.963280112999996,1779965200.3144727,6359,53286,0,12582912,22,0,0,0
22.963280112999996,1779965200.3144727,6359,53287,1,12582912,27,0,0,0
22.963280112999996,1779965200.3144727,6359,53288,2,12582912,26,0,0,0
22.963280112999996,1779965200.3144727,6359,53289,3,12582912,14,0,0,0
22.963280112999996,1779965200.3144727,6359,53290,4,12582912,2,0,0,0
22.963280112999996,1779965200.3144727,6359,53291,5,12582912,11,0,0,0
22.963280112999996,1779965200.3144727,6359,53292,6,12582912,27,0,0,0
22.963280112999996,1779965200.3144727,6359,53293,7,12582912,35,0,0,0
22.96487168499999,1779965200.3160632,6360,53294,0,12582912,29,0,0,0
22.96487168499999,1779965200.3160632,6360,53295,1,12582912,19,0,0,0
22.96487168499999,1779965200.3160632,6360,53296,2,12582912,16,0,0,0
22.96487168499999,1779965200.3160632,6360,53297,3,12582912,22,0,0,0
22.96487168499999,1779965200.3160632,6360,53298,4,12582912,26,0,0,0
22.96487168499999,1779965200.3160632,6360,53299,5,12582912,20,0,0,0
22.96487168499999,1779965200.3160632,6360,53300,6,12582912,10,0,0,0
22.96487168499999,1779965200.3160632,6360,53301,7,12582912,8,0,0,0
22.966233724000006,1779965200.317425,6361,53302,0,12582912,11,0,0,0
22.966233724000006,1779965200.317425,6361,53303,1,12582912,18,0,0,0
22.966233724000006,1779965200.317425,6361,53304,2,12582912,20,0,0,0
22.966233724000006,1779965200.317425,6361,53305,3,12582912,18,0,0,0
22.966233724000006,1779965200.317425,6361,53306,4,12582912,21,0,0,0
22.966233724000006,1779965200.317425,6361,53307,5,12582912,25,0,0,0
22.966233724000006,1779965200.317425,6361,53308,6,12582912,26,0,0,0
22.966233724000006,1779965200.317425,6361,53309,7,12582912,17,0,0,0
22.967586024000013,1779965200.3187776,6362,53310,0,12582912,8,0,0,0
22.967586024000013,1779965200.3187776,6362,53311,1,12582912,15,0,0,0
22.967586024000013,1779965200.3187776,6362,53312,2,12582912,29,0,0,0
22.967586024000013,1779965200.3187776,6362,53313,3,12582912,35,0,0,0
22.967586024000013,1779965200.3187776,6362,53314,4,12582912,28,0,0,0
22.967586024000013,1779965200.3187776,6362,53315,5,12582912,23,0,0,0
22.967586024000013,1779965200.3187776,6362,53316,6,12582912,29,0,0,0
22.967586024000013,1779965200.3187776,6362,53317,7,12582912,34,0,0,0
23.011477437999986,1779965200.3626697,6363,53318,0,12582912,31,0,0,0
23.011477437999986,1779965200.3626697,6363,53319,1,12582912,20,0,0,0
23.011477437999986,1779965200.3626697,6363,53320,2,12582912,9,0,0,0
23.011477437999986,1779965200.3626697,6363,53321,3,12582912,14,0,0,0
23.011477437999986,1779965200.3626697,6363,53322,4,12582912,31,0,0,0
23.011477437999986,1779965200.3626697,6363,53323,5,12582912,42,0,0,0
23.011477437999986,1779965200.3626697,6363,53324,6,12582912,30,0,0,0
23.011477437999986,1779965200.3626697,6363,53325,7,12582912,7,0,0,0
23.034393932,1779965200.3855865,6364,53326,0,12582912,3,0,0,0
23.034393932,1779965200.3855865,6364,53327,1,12582912,23,0,0,0
23.034393932,1779965200.3855865,6364,53328,2,12582912,39,0,0,0
23.034393932,1779965200.3855865,6364,53329,3,12582912,34,0,0,0
23.034393932,1779965200.3855865,6364,53330,4,12582912,22,0,0,0
23.034393932,1779965200.3855865,6364,53331,5,12582912,27,0,0,0
23.034393932,1779965200.3855865,6364,53332,6,12582912,41,0,0,0
23.034393932,1779965200.3855865,6364,53333,7,12582912,46,0,0,0
23.078402013000016,1779965200.4295945,6365,53334,0,12582912,30,0,0,0
23.078402013000016,1779965200.4295945,6365,53335,1,12582912,15,0,0,0
23.078402013000016,1779965200.4295945,6365,53336,2,12582912,20,0,0,0
23.078402013000016,1779965200.4295945,6365,53337,3,12582912,37,0,0,0
23.078402013000016,1779965200.4295945,6365,53338,4,12582912,46,0,0,0
23.078402013000016,1779965200.4295945,6365,53339,5,12582912,34,0,0,0
23.078402013000016,1779965200.4295945,6365,53340,6,12582912,15,0,0,0
23.078402013000016,1779965200.4295945,6365,53341,7,12582912,18,0,0,0
23.149986721000005,1779965200.501179,6366,53342,0,12582912,34,0,0,0
23.149986721000005,1779965200.501179,6366,53343,1,12582912,38,0,0,0
23.149986721000005,1779965200.501179,6366,53344,2,12582912,26,0,0,0
23.149986721000005,1779965200.501179,6366,53345,3,12582912,17,0,0,0
23.149986721000005,1779965200.501179,6366,53346,4,12582912,26,0,0,0
23.149986721000005,1779965200.501179,6366,53347,5,12582912,36,0,0,0
23.149986721000005,1779965200.501179,6366,53348,6,12582912,40,0,0,0
23.149986721000005,1779965200.501179,6366,53349,7,12582912,36,0,0,0
23.151458708999996,1779965200.5026503,6367,53350,0,12582912,30,0,0,0
23.151458708999996,1779965200.5026503,6367,53351,1,12582912,34,0,0,0
23.151458708999996,1779965200.5026503,6367,53352,2,12582912,40,0,0,0
23.151458708999996,1779965200.5026503,6367,53353,3,12582912,37,0,0,0
23.151458708999996,1779965200.5026503,6367,53354,4,12582912,22,0,0,0
23.151458708999996,1779965200.5026503,6367,53355,5,12582912,15,0,0,0
23.151458708999996,1779965200.5026503,6367,53356,6,12582912,33,0,0,0
23.151458708999996,1779965200.5026503,6367,53357,7,12582912,54,0,0,0
23.191190721999988,1779965200.5423832,6368,53358,0,12582912,58,0,0,0
23.191190721999988,1779965200.5423832,6368,53359,1,12582912,43,0,0,0
23.191190721999988,1779965200.5423832,6368,53360,2,12582912,24,0,0,0
23.191190721999988,1779965200.5423832,6368,53361,3,12582912,25,0,0,0
23.191190721999988,1779965200.5423832,6368,53362,4,12582912,37,0,0,0
23.191190721999988,1779965200.5423832,6368,53363,5,12582912,45,0,0,0
23.191190721999988,1779965200.5423832,6368,53364,6,12582912,42,0,0,0
23.191190721999988,1779965200.5423832,6368,53365,7,12582912,35,0,0,0
23.192873910000003,1779965200.544066,6369,53366,0,12582912,38,0,0,0
23.192873910000003,1779965200.544066,6369,53367,1,12582912,48,0,0,0
23.192873910000003,1779965200.544066,6369,53368,2,12582912,50,0,0,0
23.192873910000003,1779965200.544066,6369,53369,3,12582912,37,0,0,0
23.192873910000003,1779965200.544066,6369,53370,4,12582912,27,0,0,0
23.192873910000003,1779965200.544066,6369,53371,5,12582912,38,0,0,0
23.192873910000003,1779965200.544066,6369,53372,6,12582912,55,0,0,0
23.192873910000003,1779965200.544066,6369,53373,7,12582912,57,0,0,0
23.262629075000007,1779965200.613821,6370,53374,0,12582912,38,0,0,0
23.262629075000007,1779965200.613821,6370,53375,1,12582912,27,0,0,0
23.262629075000007,1779965200.613821,6370,53376,2,12582912,42,0,0,0
23.262629075000007,1779965200.613821,6370,53377,3,12582912,59,0,0,0
23.262629075000007,1779965200.613821,6370,53378,4,12582912,60,0,0,0
23.262629075000007,1779965200.613821,6370,53379,5,12582912,46,0,0,0
23.262629075000007,1779965200.613821,6370,53380,6,12582912,32,0,0,0
23.262629075000007,1779965200.613821,6370,53381,7,12582912,35,0,0,0
23.263228922999986,1779965200.6144218,6371,53382,0,12582912,43,0,0,0
23.263228922999986,1779965200.6144218,6371,53383,1,12582912,41,0,0,0
23.263228922999986,1779965200.6144218,6371,53384,2,12582912,29,0,0,0
23.263228922999986,1779965200.6144218,6371,53385,3,12582912,24,0,0,0
23.263228922999986,1779965200.6144218,6371,53386,4,12582912,37,0,0,0
23.263228922999986,1779965200.6144218,6371,53387,5,12582912,57,0,0,0
23.263228922999986,1779965200.6144218,6371,53388,6,12582912,62,0,0,0
23.263228922999986,1779965200.6144218,6371,53389,7,12582912,46,0,0,0
23.28650146000001,1779965200.6376934,6372,53390,0,12582912,27,0,0,0
23.28650146000001,1779965200.6376934,6372,53391,1,12582912,30,0,0,0
23.28650146000001,1779965200.6376934,6372,53392,2,12582912,47,0,0,0
23.28650146000001,1779965200.6376934,6372,53393,3,12582912,58,0,0,0
23.28650146000001,1779965200.6376934,6372,53394,4,12582912,44,0,0,0
23.28650146000001,1779965200.6376934,6372,53395,5,12582912,25,0,0,0
23.28650146000001,1779965200.6376934,6372,53396,6,12582912,32,0,0,0
23.28650146000001,1779965200.6376934,6372,53397,7,12582912,52,0,0,0
23.318192748,1779965200.6693854,6373,53398,0,12582912,54,0,0,0
23.318192748,1779965200.6693854,6373,53399,1,12582912,38,0,0,0
23.318192748,1779965200.6693854,6373,53400,2,12582912,31,0,0,0
23.318192748,1779965200.6693854,6373,53401,3,12582912,45,0,0,0
23.318192748,1779965200.6693854,6373,53402,4,12582912,55,0,0,0
23.318192748,1779965200.6693854,6373,53403,5,12582912,42,0,0,0
23.318192748,1779965200.6693854,6373,53404,6,12582912,21,0,0,0
23.318192748,1779965200.6693854,6373,53405,7,12582912,20,0,0,0
23.371055726999998,1779965200.7222486,6374,53406,0,12582912,43,0,0,0
23.371055726999998,1779965200.7222486,6374,53407,1,12582912,63,0,0,0
23.371055726999998,1779965200.7222486,6374,53408,2,12582912,67,0,0,0
23.371055726999998,1779965200.7222486,6374,53409,3,12582912,52,0,0,0
23.371055726999998,1779965200.7222486,6374,53410,4,12582912,36,0,0,0
23.371055726999998,1779965200.7222486,6374,53411,5,12582912,42,0,0,0
23.371055726999998,1779965200.7222486,6374,53412,6,12582912,55,0,0,0
23.371055726999998,1779965200.7222486,6374,53413,7,12582912,56,0,0,0
23.411200086000008,1779965200.762392,6375,53414,0,12582912,40,0,0,0
23.411200086000008,1779965200.762392,6375,53415,1,12582912,27,0,0,0
23.411200086000008,1779965200.762392,6375,53416,2,12582912,36,0,0,0
23.411200086000008,1779965200.762392,6375,53417,3,12582912,52,0,0,0
23.411200086000008,1779965200.762392,6375,53418,4,12582912,56,0,0,0
23.411200086000008,1779965200.762392,6375,53419,5,12582912,38,0,0,0
23.411200086000008,1779965200.762392,6375,53420,6,12582912,20,0,0,0
23.411200086000008,1779965200.762392,6375,53421,7,12582912,27,0,0,0
23.41279671000001,1779965200.7639892,6376,53422,0,12582912,48,0,0,0
23.41279671000001,1779965200.7639892,6376,53423,1,12582912,56,0,0,0
23.41279671000001,1779965200.7639892,6376,53424,2,12582912,45,0,0,0
23.41279671000001,1779965200.7639892,6376,53425,3,12582912,34,0,0,0
23.41279671000001,1779965200.7639892,6376,53426,4,12582912,38,0,0,0
23.41279671000001,1779965200.7639892,6376,53427,5,12582912,48,0,0,0
23.41279671000001,1779965200.7639892,6376,53428,6,12582912,50,0,0,0
23.41279671000001,1779965200.7639892,6376,53429,7,12582912,33,0,0,0
23.456687602999978,1779965200.80788,6377,53430,0,12582912,14,0,0,0
23.456687602999978,1779965200.80788,6377,53431,1,12582912,22,0,0,0
23.456687602999978,1779965200.80788,6377,53432,2,12582912,42,0,0,0
23.456687602999978,1779965200.80788,6377,53433,3,12582912,48,0,0,0
23.456687602999978,1779965200.80788,6377,53434,4,12582912,36,0,0,0
23.456687602999978,1779965200.80788,6377,53435,5,12582912,27,0,0,0
23.456687602999978,1779965200.80788,6377,53436,6,12582912,35,0,0,0
23.456687602999978,1779965200.80788,6377,53437,7,12582912,45,0,0,0
23.47948612800002,1779965200.8306785,6378,53438,0,12582912,42,0,0,0
23.47948612800002,1779965200.8306785,6378,53439,1,12582912,27,0,0,0
23.47948612800002,1779965200.8306785,6378,53440,2,12582912,15,0,0,0
23.47948612800002,1779965200.8306785,6378,53441,3,12582912,28,0,0,0
23.47948612800002,1779965200.8306785,6378,53442,4,12582912,49,0,0,0
23.47948612800002,1779965200.8306785,6378,53443,5,12582912,54,0,0,0
23.47948612800002,1779965200.8306785,6378,53444,6,12582912,39,0,0,0
23.47948612800002,1779965200.8306785,6378,53445,7,12582912,22,0,0,0
23.52351853199997,1779965200.874711,6379,53446,0,12582912,23,0,0,0
23.52351853199997,1779965200.874711,6379,53447,1,12582912,30,0,0,0
23.52351853199997,1779965200.874711,6379,53448,2,12582912,27,0,0,0
23.52351853199997,1779965200.874711,6379,53449,3,12582912,13,0,0,0
23.52351853199997,1779965200.874711,6379,53450,4,12582912,9,0,0,0
23.52351853199997,1779965200.874711,6379,53451,5,12582912,22,0,0,0
23.52351853199997,1779965200.874711,6379,53452,6,12582912,35,0,0,0
23.52351853199997,1779965200.874711,6379,53453,7,12582912,40,0,0,0
23.546441172000016,1779965200.8976338,6380,53454,0,12582912,33,0,0,0
23.546441172000016,1779965200.8976338,6380,53455,1,12582912,23,0,0,0
23.546441172000016,1779965200.8976338,6380,53456,2,12582912,25,0,0,0
23.546441172000016,1779965200.8976338,6380,53457,3,12582912,32,0,0,0
23.546441172000016,1779965200.8976338,6380,53458,4,12582912,33,0,0,0
23.546441172000016,1779965200.8976338,6380,53459,5,12582912,23,0,0,0
23.546441172000016,1779965200.8976338,6380,53460,6,12582912,9,0,0,0
23.546441172000016,1779965200.8976338,6380,53461,7,12582912,13,0,0,0
23.590729151000005,1779965200.9419212,6381,53462,0,12582912,32,0,0,0
23.590729151000005,1779965200.9419212,6381,53463,1,12582912,41,0,0,0
23.590729151000005,1779965200.9419212,6381,53464,2,12582912,30,0,0,0
23.590729151000005,1779965200.9419212,6381,53465,3,12582912,18,0,0,0
23.590729151000005,1779965200.9419212,6381,53466,4,12582912,21,0,0,0
23.590729151000005,1779965200.9419212,6381,53467,5,12582912,30,0,0,0
23.590729151000005,1779965200.9419212,6381,53468,6,12582912,32,0,0,0
23.590729151000005,1779965200.9419212,6381,53469,7,12582912,24,0,0,0
23.673219496,1779965201.0244107,6382,53470,0,12582912,18,0,0,0
23.673219496,1779965201.0244107,6382,53471,1,12582912,22,0,0,0
23.673219496,1779965201.0244107,6382,53472,2,12582912,30,0,0,0
23.673219496,1779965201.0244107,6382,53473,3,12582912,36,0,0,0
23.673219496,1779965201.0244107,6382,53474,4,12582912,34,0,0,0
23.673219496,1779965201.0244107,6382,53475,5,12582912,31,0,0,0
23.673219496,1779965201.0244107,6382,53476,6,12582912,38,0,0,0
23.673219496,1779965201.0244107,6382,53477,7,12582912,51,0,0,0
23.674885652,1779965201.0260777,6383,53478,0,12582912,57,0,0,0
23.674885652,1779965201.0260777,6383,53479,1,12582912,45,0,0,0
23.674885652,1779965201.0260777,6383,53480,2,12582912,26,0,0,0
23.674885652,1779965201.0260777,6383,53481,3,12582912,26,0,0,0
23.674885652,1779965201.0260777,6383,53482,4,12582912,40,0,0,0
23.674885652,1779965201.0260777,6383,53483,5,12582912,43,0,0,0
23.674885652,1779965201.0260777,6383,53484,6,12582912,24,0,0,0
23.674885652,1779965201.0260777,6383,53485,7,12582912,9,0,0,0
23.676344931000017,1779965201.0275364,6384,53486,0,12582912,21,0,0,0
23.676344931000017,1779965201.0275364,6384,53487,1,12582912,48,0,0,0
23.676344931000017,1779965201.0275364,6384,53488,2,12582912,65,0,0,0
23.676344931000017,1779965201.0275364,6384,53489,3,12582912,56,0,0,0
23.676344931000017,1779965201.0275364,6384,53490,4,12582912,38,0,0,0
23.676344931000017,1779965201.0275364,6384,53491,5,12582912,33,0,0,0
23.676344931000017,1779965201.0275364,6384,53492,6,12582912,41,0,0,0
23.676344931000017,1779965201.0275364,6384,53493,7,12582912,50,0,0,0
23.720416028999978,1779965201.0716085,6385,53494,0,12582912,42,0,0,0
23.720416028999978,1779965201.0716085,6385,53495,1,12582912,26,0,0,0
23.720416028999978,1779965201.0716085,6385,53496,2,12582912,26,0,0,0
23.720416028999978,1779965201.0716085,6385,53497,3,12582912,38,0,0,0
23.720416028999978,1779965201.0716085,6385,53498,4,12582912,45,0,0,0
23.720416028999978,1779965201.0716085,6385,53499,5,12582912,42,0,0,0
23.720416028999978,1779965201.0716085,6385,53500,6,12582912,31,0,0,0
23.720416028999978,1779965201.0716085,6385,53501,7,12582912,-145,0,0,0
23.743633825000018,1779965201.0948262,6386,53502,0,12582912,-190,0,0,0
23.743633825000018,1779965201.0948262,6386,53503,1,12582912,456,0,0,0
23.743633825000018,1779965201.0948262,6386,53504,2,12582912,969,0,0,0
23.743633825000018,1779965201.0948262,6386,53505,3,12582912,359,0,0,0
23.743633825000018,1779965201.0948262,6386,53506,4,12582912,-633,0,0,0
23.743633825000018,1779965201.0948262,6386,53507,5,12582912,-699,0,0,0
23.743633825000018,1779965201.0948262,6386,53508,6,12582912,175,0,0,0
23.743633825000018,1779965201.0948262,6386,53509,7,12582912,765,0,0,0
23.787769663000006,1779965201.138962,6387,53510,0,12582912,338,0,0,0
23.787769663000006,1779965201.138962,6387,53511,1,12582912,-443,0,0,0
23.787769663000006,1779965201.138962,6387,53512,2,12582912,-514,0,0,0
23.787769663000006,1779965201.138962,6387,53513,3,12582912,155,0,0,0
23.787769663000006,1779965201.138962,6387,53514,4,12582912,610,0,0,0
23.787769663000006,1779965201.138962,6387,53515,5,12582912,272,0,0,0
23.787769663000006,1779965201.138962,6387,53516,6,12582912,-344,0,0,0
23.787769663000006,1779965201.138962,6387,53517,7,12582912,-402,0,0,0
23.88899917599997,1779965201.2401915,6388,53518,0,12582912,124,0,0,0
23.88899917599997,1779965201.2401915,6388,53519,1,12582912,489,0,0,0
23.88899917599997,1779965201.2401915,6388,53520,2,12582912,228,0,0,0
23.88899917599997,1779965201.2401915,6388,53521,3,12582912,-254,0,0,0
23.88899917599997,1779965201.2401915,6388,53522,4,12582912,-300,0,0,0
23.88899917599997,1779965201.2401915,6388,53523,5,12582912,114,0,0,0
23.88899917599997,1779965201.2401915,6388,53524,6,12582912,402,0,0,0
23.88899917599997,1779965201.2401915,6388,53525,7,12582912,201,0,0,0
23.89080590599997,1779965201.241997,6389,53526,0,12582912,-183,0,0,0
23.89080590599997,1779965201.241997,6389,53527,1,12582912,-241,0,0,0
23.89080590599997,1779965201.241997,6389,53528,2,12582912,69,0,0,0
23.89080590599997,1779965201.241997,6389,53529,3,12582912,301,0,0,0
23.89080590599997,1779965201.241997,6389,53530,4,12582912,155,0,0,0
23.89080590599997,1779965201.241997,6389,53531,5,12582912,-141,0,0,0
23.89080590599997,1779965201.241997,6389,53532,6,12582912,-176,0,0,0
23.89080590599997,1779965201.241997,6389,53533,7,12582912,75,0,0,0
23.892245237999987,1779965201.2434363,6390,53534,0,12582912,248,0,0,0
23.892245237999987,1779965201.2434363,6390,53535,1,12582912,112,0,0,0
23.892245237999987,1779965201.2434363,6390,53536,2,12582912,-131,0,0,0
23.892245237999987,1779965201.2434363,6390,53537,3,12582912,-151,0,0,0
23.892245237999987,1779965201.2434363,6390,53538,4,12582912,66,0,0,0
23.892245237999987,1779965201.2434363,6390,53539,5,12582912,221,0,0,0
23.892245237999987,1779965201.2434363,6390,53540,6,12582912,122,0,0,0
23.892245237999987,1779965201.2434363,6390,53541,7,12582912,-76,0,0,0
23.96253352399998,1779965201.3137257,6391,53542,0,12582912,-106,0,0,0
23.96253352399998,1779965201.3137257,6391,53543,1,12582912,53,0,0,0
23.96253352399998,1779965201.3137257,6391,53544,2,12582912,172,0,0,0
23.96253352399998,1779965201.3137257,6391,53545,3,12582912,98,0,0,0
23.96253352399998,1779965201.3137257,6391,53546,4,12582912,-56,0,0,0
23.96253352399998,1779965201.3137257,6391,53547,5,12582912,-82,0,0,0
23.96253352399998,1779965201.3137257,6391,53548,6,12582912,46,0,0,0
23.96253352399998,1779965201.3137257,6391,53549,7,12582912,149,0,0,0
23.96405806399997,1779965201.3152502,6392,53550,0,12582912,94,0,0,0
23.96405806399997,1779965201.3152502,6392,53551,1,12582912,-31,0,0,0
23.96405806399997,1779965201.3152502,6392,53552,2,12582912,-53,0,0,0
23.96405806399997,1779965201.3152502,6392,53553,3,12582912,51,0,0,0
23.96405806399997,1779965201.3152502,6392,53554,4,12582912,130,0,0,0
23.96405806399997,1779965201.3152502,6392,53555,5,12582912,85,0,0,0
23.96405806399997,1779965201.3152502,6392,53556,6,12582912,-13,0,0,0
23.96405806399997,1779965201.3152502,6392,53557,7,12582912,-34,0,0,0
23.98692377499998,1779965201.3381162,6393,53558,0,12582912,41,0,0,0
23.98692377499998,1779965201.3381162,6393,53559,1,12582912,103,0,0,0
23.98692377499998,1779965201.3381162,6393,53560,2,12582912,73,0,0,0
23.98692377499998,1779965201.3381162,6393,53561,3,12582912,3,0,0,0
23.98692377499998,1779965201.3381162,6393,53562,4,12582912,-5,0,0,0
23.98692377499998,1779965201.3381162,6393,53563,5,12582912,61,0,0,0
23.98692377499998,1779965201.3381162,6393,53564,6,12582912,109,0,0,0
23.98692377499998,1779965201.3381162,6393,53565,7,12582912,72,0,0,0
24.009848652000017,1779965201.361041,6394,53566,0,12582912,-1,0,0,0
24.009848652000017,1779965201.361041,6394,53567,1,12582912,-18,0,0,0
24.009848652000017,1779965201.361041,6394,53568,2,12582912,38,0,0,0
24.009848652000017,1779965201.361041,6394,53569,3,12582912,84,0,0,0
24.009848652000017,1779965201.361041,6394,53570,4,12582912,61,0,0,0
24.009848652000017,1779965201.361041,6394,53571,5,12582912,5,0,0,0
24.009848652000017,1779965201.361041,6394,53572,6,12582912,-14,0,0,0
24.009848652000017,1779965201.361041,6394,53573,7,12582912,31,0,0,0
24.032629725999982,1779965201.3838212,6395,53574,0,12582912,82,0,0,0
24.032629725999982,1779965201.3838212,6395,53575,1,12582912,75,0,0,0
24.032629725999982,1779965201.3838212,6395,53576,2,12582912,25,0,0,0
24.032629725999982,1779965201.3838212,6395,53577,3,12582912,-1,0,0,0
24.032629725999982,1779965201.3838212,6395,53578,4,12582912,29,0,0,0
24.032629725999982,1779965201.3838212,6395,53579,5,12582912,69,0,0,0
24.032629725999982,1779965201.3838212,6395,53580,6,12582912,65,0,0,0
24.032629725999982,1779965201.3838212,6395,53581,7,12582912,27,0,0,0
24.069503957999984,1779965201.4206953,6396,53582,0,12582912,5,0,0,0
24.069503957999984,1779965201.4206953,6396,53583,1,12582912,29,0,0,0
24.069503957999984,1779965201.4206953,6396,53584,2,12582912,60,0,0,0
24.069503957999984,1779965201.4206953,6396,53585,3,12582912,57,0,0,0
24.069503957999984,1779965201.4206953,6396,53586,4,12582912,27,0,0,0
24.069503957999984,1779965201.4206953,6396,53587,5,12582912,9,0,0,0
24.069503957999984,1779965201.4206953,6396,53588,6,12582912,26,0,0,0
24.069503957999984,1779965201.4206953,6396,53589,7,12582912,48,0,0,0
24.113558909999995,1779965201.4647524,6397,53590,0,12582912,41,0,0,0
24.113558909999995,1779965201.4647524,6397,53591,1,12582912,15,0,0,0
24.113558909999995,1779965201.4647524,6397,53592,2,12582912,3,0,0,0
24.113558909999995,1779965201.4647524,6397,53593,3,12582912,26,0,0,0
24.113558909999995,1779965201.4647524,6397,53594,4,12582912,57,0,0,0
24.113558909999995,1779965201.4647524,6397,53595,5,12582912,59,0,0,0
24.113558909999995,1779965201.4647524,6397,53596,6,12582912,29,0,0,0
24.113558909999995,1779965201.4647524,6397,53597,7,12582912,3,0,0,0
24.18277218999998,1779965201.5339637,6398,53598,0,12582912,21,0,0,0
24.18277218999998,1779965201.5339637,6398,53599,1,12582912,57,0,0,0
24.18277218999998,1779965201.5339637,6398,53600,2,12582912,64,0,0,0
24.18277218999998,1779965201.5339637,6398,53601,3,12582912,40,0,0,0
24.18277218999998,1779965201.5339637,6398,53602,4,12582912,17,0,0,0
24.18277218999998,1779965201.5339637,6398,53603,5,12582912,26,0,0,0
24.18277218999998,1779965201.5339637,6398,53604,6,12582912,50,0,0,0
24.18277218999998,1779965201.5339637,6398,53605,7,12582912,53,0,0,0
24.18352162100001,1779965201.534712,6399,53606,0,12582912,26,0,0,0
24.18352162100001,1779965201.534712,6399,53607,1,12582912,-2,0,0,0
24.18352162100001,1779965201.534712,6399,53608,2,12582912,0,0,0,0
24.18352162100001,1779965201.534712,6399,53609,3,12582912,22,0,0,0
24.18352162100001,1779965201.534712,6399,53610,4,12582912,33,0,0,0
24.18352162100001,1779965201.534712,6399,53611,5,12582912,21,0,0,0
24.18352162100001,1779965201.534712,6399,53612,6,12582912,3,0,0,0
24.18352162100001,1779965201.534712,6399,53613,7,12582912,11,0,0,0
24.209034066000015,1779965201.5602252,6400,53614,0,12582912,36,0,0,0
24.209034066000015,1779965201.5602252,6400,53615,1,12582912,54,0,0,0
24.209034066000015,1779965201.5602252,6400,53616,2,12582912,41,0,0,0
24.209034066000015,1779965201.5602252,6400,53617,3,12582912,6,0,0,0
24.209034066000015,1779965201.5602252,6400,53618,4,12582912,4,0,0,0
24.209034066000015,1779965201.5602252,6400,53619,5,12582912,36,0,0,0
24.209034066000015,1779965201.5602252,6400,53620,6,12582912,57,0,0,0
24.209034066000015,1779965201.5602252,6400,53621,7,12582912,44,0,0,0
24.23074060199997,1779965201.5819325,6401,53622,0,12582912,20,0,0,0
24.23074060199997,1779965201.5819325,6401,53623,1,12582912,15,0,0,0
24.23074060199997,1779965201.5819325,6401,53624,2,12582912,25,0,0,0
24.23074060199997,1779965201.5819325,6401,53625,3,12582912,34,0,0,0
24.23074060199997,1779965201.5819325,6401,53626,4,12582912,28,0,0,0
24.23074060199997,1779965201.5819325,6401,53627,5,12582912,15,0,0,0
24.23074060199997,1779965201.5819325,6401,53628,6,12582912,21,0,0,0
24.23074060199997,1779965201.5819325,6401,53629,7,12582912,39,0,0,0
24.273738256,1779965201.6249304,6402,53630,0,12582912,53,0,0,0
24.273738256,1779965201.6249304,6402,53631,1,12582912,49,0,0,0
24.273738256,1779965201.6249304,6402,53632,2,12582912,32,0,0,0
24.273738256,1779965201.6249304,6402,53633,3,12582912,28,0,0,0
24.273738256,1779965201.6249304,6402,53634,4,12582912,37,0,0,0
24.273738256,1779965201.6249304,6402,53635,5,12582912,46,0,0,0
24.273738256,1779965201.6249304,6402,53636,6,12582912,46,0,0,0
24.273738256,1779965201.6249304,6402,53637,7,12582912,36,0,0,0
24.295478543,1779965201.6466699,6403,53638,0,12582912,29,0,0,0
24.295478543,1779965201.6466699,6403,53639,1,12582912,33,0,0,0
24.295478543,1779965201.6466699,6403,53640,2,12582912,43,0,0,0
24.295478543,1779965201.6466699,6403,53641,3,12582912,45,0,0,0
24.295478543,1779965201.6466699,6403,53642,4,12582912,37,0,0,0
24.295478543,1779965201.6466699,6403,53643,5,12582912,33,0,0,0
24.295478543,1779965201.6466699,6403,53644,6,12582912,38,0,0,0
24.295478543,1779965201.6466699,6403,53645,7,12582912,42,0,0,0
24.325415857999985,1779965201.6766093,6404,53646,0,12582912,33,0,0,0
24.325415857999985,1779965201.6766093,6404,53647,1,12582912,15,0,0,0
24.325415857999985,1779965201.6766093,6404,53648,2,12582912,16,0,0,0
24.325415857999985,1779965201.6766093,6404,53649,3,12582912,33,0,0,0
24.325415857999985,1779965201.6766093,6404,53650,4,12582912,43,0,0,0
24.325415857999985,1779965201.6766093,6404,53651,5,12582912,38,0,0,0
24.325415857999985,1779965201.6766093,6404,53652,6,12582912,26,0,0,0
24.325415857999985,1779965201.6766093,6404,53653,7,12582912,22,0,0,0
24.386286224000003,1779965201.7374825,6405,53654,0,12582912,31,0,0,0
24.386286224000003,1779965201.7374825,6405,53655,1,12582912,48,0,0,0
24.386286224000003,1779965201.7374825,6405,53656,2,12582912,50,0,0,0
24.386286224000003,1779965201.7374825,6405,53657,3,12582912,30,0,0,0
24.386286224000003,1779965201.7374825,6405,53658,4,12582912,21,0,0,0
24.386286224000003,1779965201.7374825,6405,53659,5,12582912,32,0,0,0
24.386286224000003,1779965201.7374825,6405,53660,6,12582912,47,0,0,0
24.386286224000003,1779965201.7374825,6405,53661,7,12582912,50,0,0,0
24.387126540999986,1779965201.7383165,6406,53662,0,12582912,32,0,0,0
24.387126540999986,1779965201.7383165,6406,53663,1,12582912,15,0,0,0
24.387126540999986,1779965201.7383165,6406,53664,2,12582912,19,0,0,0
24.387126540999986,1779965201.7383165,6406,53665,3,12582912,34,0,0,0
24.387126540999986,1779965201.7383165,6406,53666,4,12582912,41,0,0,0
24.387126540999986,1779965201.7383165,6406,53667,5,12582912,30,0,0,0
24.387126540999986,1779965201.7383165,6406,53668,6,12582912,20,0,0,0
24.387126540999986,1779965201.7383165,6406,53669,7,12582912,30,0,0,0
24.46404892999999,1779965201.8152404,6407,53670,0,12582912,50,0,0,0
24.46404892999999,1779965201.8152404,6407,53671,1,12582912,53,0,0,0
24.46404892999999,1779965201.8152404,6407,53672,2,12582912,27,0,0,0
24.46404892999999,1779965201.8152404,6407,53673,3,12582912,6,0,0,0
24.46404892999999,1779965201.8152404,6407,53674,4,12582912,16,0,0,0
24.46404892999999,1779965201.8152404,6407,53675,5,12582912,36,0,0,0
24.46404892999999,1779965201.8152404,6407,53676,6,12582912,40,0,0,0
24.46404892999999,1779965201.8152404,6407,53677,7,12582912,27,0,0,0
24.465475448999996,1779965201.8166678,6408,53678,0,12582912,19,0,0,0
24.465475448999996,1779965201.8166678,6408,53679,1,12582912,24,0,0,0
24.465475448999996,1779965201.8166678,6408,53680,2,12582912,32,0,0,0
24.465475448999996,1779965201.8166678,6408,53681,3,12582912,26,0,0,0
24.465475448999996,1779965201.8166678,6408,53682,4,12582912,6,0,0,0
24.465475448999996,1779965201.8166678,6408,53683,5,12582912,-6,0,0,0
24.465475448999996,1779965201.8166678,6408,53684,6,12582912,0,0,0,0
24.465475448999996,1779965201.8166678,6408,53685,7,12582912,23,0,0,0
24.488325116999988,1779965201.839518,6409,53686,0,12582912,40,0,0,0
24.488325116999988,1779965201.839518,6409,53687,1,12582912,32,0,0,0
24.488325116999988,1779965201.839518,6409,53688,2,12582912,23,0,0,0
24.488325116999988,1779965201.839518,6409,53689,3,12582912,32,0,0,0
24.488325116999988,1779965201.839518,6409,53690,4,12582912,48,0,0,0
24.488325116999988,1779965201.839518,6409,53691,5,12582912,50,0,0,0
24.488325116999988,1779965201.839518,6409,53692,6,12582912,37,0,0,0
24.488325116999988,1779965201.839518,6409,53693,7,12582912,25,0,0,0
24.511151607999977,1779965201.8623443,6410,53694,0,12582912,26,0,0,0
24.511151607999977,1779965201.8623443,6410,53695,1,12582912,39,0,0,0
24.511151607999977,1779965201.8623443,6410,53696,2,12582912,45,0,0,0
24.511151607999977,1779965201.8623443,6410,53697,3,12582912,30,0,0,0
24.511151607999977,1779965201.8623443,6410,53698,4,12582912,15,0,0,0
24.511151607999977,1779965201.8623443,6410,53699,5,12582912,23,0,0,0
24.511151607999977,1779965201.8623443,6410,53700,6,12582912,48,0,0,0
24.511151607999977,1779965201.8623443,6410,53701,7,12582912,59,0,0,0
24.55519780999998,1779965201.90639,6411,53702,0,12582912,40,0,0,0
24.55519780999998,1779965201.90639,6411,53703,1,12582912,21,0,0,0
24.55519780999998,1779965201.90639,6411,53704,2,12582912,25,0,0,0
24.55519780999998,1779965201.90639,6411,53705,3,12582912,41,0,0,0
24.55519780999998,1779965201.90639,6411,53706,4,12582912,43,0,0,0
24.55519780999998,1779965201.90639,6411,53707,5,12582912,27,0,0,0
24.55519780999998,1779965201.90639,6411,53708,6,12582912,20,0,0,0
24.55519780999998,1779965201.90639,6411,53709,7,12582912,25,0,0,0
24.594067834999976,1779965201.9452605,6412,53710,0,12582912,34,0,0,0
24.594067834999976,1779965201.9452605,6412,53711,1,12582912,43,0,0,0
24.594067834999976,1779965201.9452605,6412,53712,2,12582912,38,0,0,0
24.594067834999976,1779965201.9452605,6412,53713,3,12582912,30,0,0,0
24.594067834999976,1779965201.9452605,6412,53714,4,12582912,34,0,0,0
24.594067834999976,1779965201.9452605,6412,53715,5,12582912,48,0,0,0
24.594067834999976,1779965201.9452605,6412,53716,6,12582912,54,0,0,0
24.594067834999976,1779965201.9452605,6412,53717,7,12582912,42,0,0,0
24.632969683,1779965201.9841619,6413,53718,0,12582912,29,0,0,0
24.632969683,1779965201.9841619,6413,53719,1,12582912,34,0,0,0
24.632969683,1779965201.9841619,6413,53720,2,12582912,51,0,0,0
24.632969683,1779965201.9841619,6413,53721,3,12582912,63,0,0,0
24.632969683,1779965201.9841619,6413,53722,4,12582912,51,0,0,0
24.632969683,1779965201.9841619,6413,53723,5,12582912,31,0,0,0
24.632969683,1779965201.9841619,6413,53724,6,12582912,28,0,0,0
24.632969683,1779965201.9841619,6413,53725,7,12582912,41,0,0,0
24.686186926000005,1779965202.0373793,6414,53726,0,12582912,46,0,0,0
24.686186926000005,1779965202.0373793,6414,53727,1,12582912,35,0,0,0
24.686186926000005,1779965202.0373793,6414,53728,2,12582912,31,0,0,0
24.686186926000005,1779965202.0373793,6414,53729,3,12582912,46,0,0,0
24.686186926000005,1779965202.0373793,6414,53730,4,12582912,61,0,0,0
24.686186926000005,1779965202.0373793,6414,53731,5,12582912,51,0,0,0
24.686186926000005,1779965202.0373793,6414,53732,6,12582912,24,0,0,0
24.686186926000005,1779965202.0373793,6414,53733,7,12582912,14,0,0,0
24.68766808099997,1779965202.0388594,6415,53734,0,12582912,23,0,0,0
24.68766808099997,1779965202.0388594,6415,53735,1,12582912,28,0,0,0
24.68766808099997,1779965202.0388594,6415,53736,2,12582912,20,0,0,0
24.68766808099997,1779965202.0388594,6415,53737,3,12582912,6,0,0,0
24.68766808099997,1779965202.0388594,6415,53738,4,12582912,7,0,0,0
24.68766808099997,1779965202.0388594,6415,53739,5,12582912,24,0,0,0
24.68766808099997,1779965202.0388594,6415,53740,6,12582912,39,0,0,0
24.68766808099997,1779965202.0388594,6415,53741,7,12582912,31,0,0,0
24.710502070000018,1779965202.0616944,6416,53742,0,12582912,3,0,0,0
24.710502070000018,1779965202.0616944,6416,53743,1,12582912,-17,0,0,0
24.710502070000018,1779965202.0616944,6416,53744,2,12582912,-13,0,0,0
24.710502070000018,1779965202.0616944,6416,53745,3,12582912,5,0,0,0
24.710502070000018,1779965202.0616944,6416,53746,4,12582912,13,0,0,0
24.710502070000018,1779965202.0616944,6416,53747,5,12582912,-3,0,0,0
24.710502070000018,1779965202.0616944,6416,53748,6,12582912,-16,0,0,0
24.710502070000018,1779965202.0616944,6416,53749,7,12582912,-9,0,0,0
24.733409027999983,1779965202.0846014,6417,53750,0,12582912,9,0,0,0
24.733409027999983,1779965202.0846014,6417,53751,1,12582912,13,0,0,0
24.733409027999983,1779965202.0846014,6417,53752,2,12582912,-5,0,0,0
24.733409027999983,1779965202.0846014,6417,53753,3,12582912,-18,0,0,0
24.733409027999983,1779965202.0846014,6417,53754,4,12582912,-9,0,0,0
24.733409027999983,1779965202.0846014,6417,53755,5,12582912,6,0,0,0
24.733409027999983,1779965202.0846014,6417,53756,6,12582912,9,0,0,0
24.733409027999983,1779965202.0846014,6417,53757,7,12582912,1,0,0,0
24.777333246000012,1779965202.1285253,6418,53758,0,12582912,-2,0,0,0
24.777333246000012,1779965202.1285253,6418,53759,1,12582912,6,0,0,0
24.777333246000012,1779965202.1285253,6418,53760,2,12582912,17,0,0,0
24.777333246000012,1779965202.1285253,6418,53761,3,12582912,16,0,0,0
24.777333246000012,1779965202.1285253,6418,53762,4,12582912,-4,0,0,0
24.777333246000012,1779965202.1285253,6418,53763,5,12582912,-19,0,0,0
24.777333246000012,1779965202.1285253,6418,53764,6,12582912,-5,0,0,0
24.777333246000012,1779965202.1285253,6418,53765,7,12582912,24,0,0,0
24.81130183099998,1779965202.1624932,6419,53766,0,12582912,36,0,0,0
24.81130183099998,1779965202.1624932,6419,53767,1,12582912,22,0,0,0
24.81130183099998,1779965202.1624932,6419,53768,2,12582912,7,0,0,0
24.81130183099998,1779965202.1624932,6419,53769,3,12582912,5,0,0,0
24.81130183099998,1779965202.1624932,6419,53770,4,12582912,10,0,0,0
24.81130183099998,1779965202.1624932,6419,53771,5,12582912,11,0,0,0
24.81130183099998,1779965202.1624932,6419,53772,6,12582912,4,0,0,0
24.81130183099998,1779965202.1624932,6419,53773,7,12582912,-1,0,0,0
24.87064988999998,1779965202.2218413,6420,53774,0,12582912,11,0,0,0
24.87064988999998,1779965202.2218413,6420,53775,1,12582912,34,0,0,0
24.87064988999998,1779965202.2218413,6420,53776,2,12582912,43,0,0,0
24.87064988999998,1779965202.2218413,6420,53777,3,12582912,25,0,0,0
24.87064988999998,1779965202.2218413,6420,53778,4,12582912,6,0,0,0
24.87064988999998,1779965202.2218413,6420,53779,5,12582912,6,0,0,0
24.87064988999998,1779965202.2218413,6420,53780,6,12582912,19,0,0,0
24.87064988999998,1779965202.2218413,6420,53781,7,12582912,30,0,0,0
24.871258695999984,1779965202.2224488,6421,53782,0,12582912,26,0,0,0
24.871258695999984,1779965202.2224488,6421,53783,1,12582912,20,0,0,0
24.871258695999984,1779965202.2224488,6421,53784,2,12582912,24,0,0,0
24.871258695999984,1779965202.2224488,6421,53785,3,12582912,37,0,0,0
24.871258695999984,1779965202.2224488,6421,53786,4,12582912,42,0,0,0
24.871258695999984,1779965202.2224488,6421,53787,5,12582912,28,0,0,0
24.871258695999984,1779965202.2224488,6421,53788,6,12582912,9,0,0,0
24.871258695999984,1779965202.2224488,6421,53789,7,12582912,5,0,0,0
24.912953889999983,1779965202.2641454,6422,53790,0,12582912,19,0,0,0
24.912953889999983,1779965202.2641454,6422,53791,1,12582912,32,0,0,0
24.912953889999983,1779965202.2641454,6422,53792,2,12582912,29,0,0,0
24.912953889999983,1779965202.2641454,6422,53793,3,12582912,27,0,0,0
24.912953889999983,1779965202.2641454,6422,53794,4,12582912,34,0,0,0
24.912953889999983,1779965202.2641454,6422,53795,5,12582912,37,0,0,0
24.912953889999983,1779965202.2641454,6422,53796,6,12582912,28,0,0,0
24.912953889999983,1779965202.2641454,6422,53797,7,12582912,6,0,0,0
24.93502375999998,1779965202.286216,6423,53798,0,12582912,-6,0,0,0
24.93502375999998,1779965202.286216,6423,53799,1,12582912,11,0,0,0
24.93502375999998,1779965202.286216,6423,53800,2,12582912,40,0,0,0
24.93502375999998,1779965202.286216,6423,53801,3,12582912,48,0,0,0
24.93502375999998,1779965202.286216,6423,53802,4,12582912,32,0,0,0
24.93502375999998,1779965202.286216,6423,53803,5,12582912,24,0,0,0
24.93502375999998,1779965202.286216,6423,53804,6,12582912,33,0,0,0
24.93502375999998,1779965202.286216,6423,53805,7,12582912,45,0,0,0
24.956981284999983,1779965202.3081734,6424,53806,0,12582912,42,0,0,0
24.956981284999983,1779965202.3081734,6424,53807,1,12582912,24,0,0,0
24.956981284999983,1779965202.3081734,6424,53808,2,12582912,17,0,0,0
24.956981284999983,1779965202.3081734,6424,53809,3,12582912,29,0,0,0
24.956981284999983,1779965202.3081734,6424,53810,4,12582912,44,0,0,0
24.956981284999983,1779965202.3081734,6424,53811,5,12582912,38,0,0,0
24.956981284999983,1779965202.3081734,6424,53812,6,12582912,11,0,0,0
24.956981284999983,1779965202.3081734,6424,53813,7,12582912,3,0,0,0
25.014409488000013,1779965202.3656044,6425,53814,0,12582912,25,0,0,0
25.014409488000013,1779965202.3656044,6425,53815,1,12582912,47,0,0,0
25.014409488000013,1779965202.3656044,6425,53816,2,12582912,49,0,0,0
25.014409488000013,1779965202.3656044,6425,53817,3,12582912,33,0,0,0
25.014409488000013,1779965202.3656044,6425,53818,4,12582912,23,0,0,0
25.014409488000013,1779965202.3656044,6425,53819,5,12582912,31,0,0,0
25.014409488000013,1779965202.3656044,6425,53820,6,12582912,46,0,0,0
25.014409488000013,1779965202.3656044,6425,53821,7,12582912,53,0,0,0
25.036094511999977,1779965202.3872857,6426,53822,0,12582912,41,0,0,0
25.036094511999977,1779965202.3872857,6426,53823,1,12582912,24,0,0,0
25.036094511999977,1779965202.3872857,6426,53824,2,12582912,24,0,0,0
25.036094511999977,1779965202.3872857,6426,53825,3,12582912,40,0,0,0
25.036094511999977,1779965202.3872857,6426,53826,4,12582912,50,0,0,0
25.036094511999977,1779965202.3872857,6426,53827,5,12582912,39,0,0,0
25.036094511999977,1779965202.3872857,6426,53828,6,12582912,31,0,0,0
25.036094511999977,1779965202.3872857,6426,53829,7,12582912,37,0,0,0
25.05788151600001,1779965202.4090729,6427,53830,0,12582912,46,0,0,0
25.05788151600001,1779965202.4090729,6427,53831,1,12582912,41,0,0,0
25.05788151600001,1779965202.4090729,6427,53832,2,12582912,20,0,0,0
25.05788151600001,1779965202.4090729,6427,53833,3,12582912,10,0,0,0
25.05788151600001,1779965202.4090729,6427,53834,4,12582912,20,0,0,0
25.05788151600001,1779965202.4090729,6427,53835,5,12582912,33,0,0,0
25.05788151600001,1779965202.4090729,6427,53836,6,12582912,36,0,0,0
25.05788151600001,1779965202.4090729,6427,53837,7,12582912,26,0,0,0
25.100634111999966,1779965202.4518256,6428,53838,0,12582912,23,0,0,0
25.100634111999966,1779965202.4518256,6428,53839,1,12582912,34,0,0,0
25.100634111999966,1779965202.4518256,6428,53840,2,12582912,45,0,0,0
25.100634111999966,1779965202.4518256,6428,53841,3,12582912,42,0,0,0
25.100634111999966,1779965202.4518256,6428,53842,4,12582912,20,0,0,0
25.100634111999966,1779965202.4518256,6428,53843,5,12582912,8,0,0,0
25.100634111999966,1779965202.4518256,6428,53844,6,12582912,18,0,0,0
25.100634111999966,1779965202.4518256,6428,53845,7,12582912,34,0,0,0
25.138081780999983,1779965202.4892733,6429,53846,0,12582912,35,0,0,0
25.138081780999983,1779965202.4892733,6429,53847,1,12582912,23,0,0,0
25.138081780999983,1779965202.4892733,6429,53848,2,12582912,16,0,0,0
25.138081780999983,1779965202.4892733,6429,53849,3,12582912,24,0,0,0
25.138081780999983,1779965202.4892733,6429,53850,4,12582912,35,0,0,0
25.138081780999983,1779965202.4892733,6429,53851,5,12582912,41,0,0,0
25.138081780999983,1779965202.4892733,6429,53852,6,12582912,31,0,0,0
25.138081780999983,1779965202.4892733,6429,53853,7,12582912,20,0,0,0
25.20632301699999,1779965202.557514,6430,53854,0,12582912,23,0,0,0
25.20632301699999,1779965202.557514,6430,53855,1,12582912,38,0,0,0
25.20632301699999,1779965202.557514,6430,53856,2,12582912,48,0,0,0
25.20632301699999,1779965202.557514,6430,53857,3,12582912,41,0,0,0
25.20632301699999,1779965202.557514,6430,53858,4,12582912,32,0,0,0
25.20632301699999,1779965202.557514,6430,53859,5,12582912,35,0,0,0
25.20632301699999,1779965202.557514,6430,53860,6,12582912,47,0,0,0
25.20632301699999,1779965202.557514,6430,53861,7,12582912,50,0,0,0
25.207109376000005,1779965202.5583003,6431,53862,0,12582912,36,0,0,0
25.207109376000005,1779965202.5583003,6431,53863,1,12582912,26,0,0,0
25.207109376000005,1779965202.5583003,6431,53864,2,12582912,35,0,0,0
25.207109376000005,1779965202.5583003,6431,53865,3,12582912,53,0,0,0
25.207109376000005,1779965202.5583003,6431,53866,4,12582912,60,0,0,0
25.207109376000005,1779965202.5583003,6431,53867,5,12582912,44,0,0,0
25.207109376000005,1779965202.5583003,6431,53868,6,12582912,30,0,0,0
25.207109376000005,1779965202.5583003,6431,53869,7,12582912,36,0,0,0
25.24783050100001,1779965202.599022,6432,53870,0,12582912,56,0,0,0
25.24783050100001,1779965202.599022,6432,53871,1,12582912,69,0,0,0
25.24783050100001,1779965202.599022,6432,53872,2,12582912,53,0,0,0
25.24783050100001,1779965202.599022,6432,53873,3,12582912,31,0,0,0
25.24783050100001,1779965202.599022,6432,53874,4,12582912,28,0,0,0
25.24783050100001,1779965202.599022,6432,53875,5,12582912,40,0,0,0
25.24783050100001,1779965202.599022,6432,53876,6,12582912,49,0,0,0
25.24783050100001,1779965202.599022,6432,53877,7,12582912,42,0,0,0
25.248579881000012,1779965202.5997727,6433,53878,0,12582912,30,0,0,0
25.248579881000012,1779965202.5997727,6433,53879,1,12582912,33,0,0,0
25.248579881000012,1779965202.5997727,6433,53880,2,12582912,52,0,0,0
25.248579881000012,1779965202.5997727,6433,53881,3,12582912,57,0,0,0
25.248579881000012,1779965202.5997727,6433,53882,4,12582912,31,0,0,0
25.248579881000012,1779965202.5997727,6433,53883,5,12582912,6,0,0,0
25.248579881000012,1779965202.5997727,6433,53884,6,12582912,6,0,0,0
25.248579881000012,1779965202.5997727,6433,53885,7,12582912,24,0,0,0
25.290993464999985,1779965202.6421847,6434,53886,0,12582912,32,0,0,0
25.290993464999985,1779965202.6421847,6434,53887,1,12582912,23,0,0,0
25.290993464999985,1779965202.6421847,6434,53888,2,12582912,20,0,0,0
25.290993464999985,1779965202.6421847,6434,53889,3,12582912,34,0,0,0
25.290993464999985,1779965202.6421847,6434,53890,4,12582912,52,0,0,0
25.290993464999985,1779965202.6421847,6434,53891,5,12582912,53,0,0,0
25.290993464999985,1779965202.6421847,6434,53892,6,12582912,27,0,0,0
25.290993464999985,1779965202.6421847,6434,53893,7,12582912,6,0,0,0
25.312870572999998,1779965202.6640615,6435,53894,0,12582912,19,0,0,0
25.312870572999998,1779965202.6640615,6435,53895,1,12582912,46,0,0,0
25.312870572999998,1779965202.6640615,6435,53896,2,12582912,55,0,0,0
25.312870572999998,1779965202.6640615,6435,53897,3,12582912,38,0,0,0
25.312870572999998,1779965202.6640615,6435,53898,4,12582912,20,0,0,0
25.312870572999998,1779965202.6640615,6435,53899,5,12582912,17,0,0,0
25.312870572999998,1779965202.6640615,6435,53900,6,12582912,25,0,0,0
25.312870572999998,1779965202.6640615,6435,53901,7,12582912,29,0,0,0
25.34193412999997,1779965202.6931255,6436,53902,0,12582912,22,0,0,0
25.34193412999997,1779965202.6931255,6436,53903,1,12582912,17,0,0,0
25.34193412999997,1779965202.6931255,6436,53904,2,12582912,27,0,0,0
25.34193412999997,1779965202.6931255,6436,53905,3,12582912,45,0,0,0
25.34193412999997,1779965202.6931255,6436,53906,4,12582912,55,0,0,0
25.34193412999997,1779965202.6931255,6436,53907,5,12582912,42,0,0,0
25.34193412999997,1779965202.6931255,6436,53908,6,12582912,26,0,0,0
25.34193412999997,1779965202.6931255,6436,53909,7,12582912,25,0,0,0
25.38455037099999,1779965202.7357414,6437,53910,0,12582912,32,0,0,0
25.38455037099999,1779965202.7357414,6437,53911,1,12582912,35,0,0,0
25.38455037099999,1779965202.7357414,6437,53912,2,12582912,27,0,0,0
25.38455037099999,1779965202.7357414,6437,53913,3,12582912,21,0,0,0
25.38455037099999,1779965202.7357414,6437,53914,4,12582912,30,0,0,0
25.38455037099999,1779965202.7357414,6437,53915,5,12582912,43,0,0,0
25.38455037099999,1779965202.7357414,6437,53916,6,12582912,45,0,0,0
25.38455037099999,1779965202.7357414,6437,53917,7,12582912,30,0,0,0
25.419304274000012,1779965202.7704952,6438,53918,0,12582912,27,0,0,0
25.419304274000012,1779965202.7704952,6438,53919,1,12582912,44,0,0,0
25.419304274000012,1779965202.7704952,6438,53920,2,12582912,59,0,0,0
25.419304274000012,1779965202.7704952,6438,53921,3,12582912,58,0,0,0
25.419304274000012,1779965202.7704952,6438,53922,4,12582912,40,0,0,0
25.419304274000012,1779965202.7704952,6438,53923,5,12582912,30,0,0,0
25.419304274000012,1779965202.7704952,6438,53924,6,12582912,34,0,0,0
25.419304274000012,1779965202.7704952,6438,53925,7,12582912,45,0,0,0
25.44938867000002,1779965202.80058,6439,53926,0,12582912,54,0,0,0
25.44938867000002,1779965202.80058,6439,53927,1,12582912,45,0,0,0
25.44938867000002,1779965202.80058,6439,53928,2,12582912,34,0,0,0
25.44938867000002,1779965202.80058,6439,53929,3,12582912,40,0,0,0
25.44938867000002,1779965202.80058,6439,53930,4,12582912,52,0,0,0
25.44938867000002,1779965202.80058,6439,53931,5,12582912,50,0,0,0
25.44938867000002,1779965202.80058,6439,53932,6,12582912,31,0,0,0
25.44938867000002,1779965202.80058,6439,53933,7,12582912,22,0,0,0
25.47100056900001,1779965202.8221917,6440,53934,0,12582912,38,0,0,0
25.47100056900001,1779965202.8221917,6440,53935,1,12582912,56,0,0,0
25.47100056900001,1779965202.8221917,6440,53936,2,12582912,60,0,0,0
25.47100056900001,1779965202.8221917,6440,53937,3,12582912,40,0,0,0
25.47100056900001,1779965202.8221917,6440,53938,4,12582912,19,0,0,0
25.47100056900001,1779965202.8221917,6440,53939,5,12582912,25,0,0,0
25.47100056900001,1779965202.8221917,6440,53940,6,12582912,51,0,0,0
25.47100056900001,1779965202.8221917,6440,53941,7,12582912,67,0,0,0
25.51360206999999,1779965202.8647935,6441,53942,0,12582912,55,0,0,0
25.51360206999999,1779965202.8647935,6441,53943,1,12582912,35,0,0,0
25.51360206999999,1779965202.8647935,6441,53944,2,12582912,28,0,0,0
25.51360206999999,1779965202.8647935,6441,53945,3,12582912,34,0,0,0
25.51360206999999,1779965202.8647935,6441,53946,4,12582912,38,0,0,0
25.51360206999999,1779965202.8647935,6441,53947,5,12582912,31,0,0,0
25.51360206999999,1779965202.8647935,6441,53948,6,12582912,28,0,0,0
25.51360206999999,1779965202.8647935,6441,53949,7,12582912,37,0,0,0
25.53520948900001,1779965202.8864007,6442,53950,0,12582912,51,0,0,0
25.53520948900001,1779965202.8864007,6442,53951,1,12582912,51,0,0,0
25.53520948900001,1779965202.8864007,6442,53952,2,12582912,32,0,0,0
25.53520948900001,1779965202.8864007,6442,53953,3,12582912,22,0,0,0
25.53520948900001,1779965202.8864007,6442,53954,4,12582912,35,0,0,0
25.53520948900001,1779965202.8864007,6442,53955,5,12582912,53,0,0,0
25.53520948900001,1779965202.8864007,6442,53956,6,12582912,56,0,0,0
25.53520948900001,1779965202.8864007,6442,53957,7,12582912,35,0,0,0
25.752419250999992,1779965203.1036103,6443,53958,0,12582912,14,0,0,0
25.752419250999992,1779965203.1036103,6443,53959,1,12582912,13,0,0,0
25.752419250999992,1779965203.1036103,6443,53960,2,12582912,22,0,0,0
25.752419250999992,1779965203.1036103,6443,53961,3,12582912,25,0,0,0
25.752419250999992,1779965203.1036103,6443,53962,4,12582912,16,0,0,0
25.752419250999992,1779965203.1036103,6443,53963,5,12582912,11,0,0,0
25.752419250999992,1779965203.1036103,6443,53964,6,12582912,21,0,0,0
25.752419250999992,1779965203.1036103,6443,53965,7,12582912,39,0,0,0
25.794950227000015,1779965203.1461413,6444,53966,0,12582912,44,0,0,0
25.794950227000015,1779965203.1461413,6444,53967,1,12582912,29,0,0,0
25.794950227000015,1779965203.1461413,6444,53968,2,12582912,38,160,19,21712
25.794950227000015,1779965203.1461413,6444,53969,3,12582912,-45,420,-18888,57051
25.794950227000015,1779965203.1461413,6444,53970,4,12582912,-6,398,-49716,54095
25.794950227000015,1779965203.1461413,6444,53971,5,12582912,612,186,-47164,25229
25.794950227000015,1779965203.1461413,6444,53972,6,12582912,1051,48,-22001,6522
25.794950227000015,1779965203.1461413,6444,53973,7,12582912,422,-33,-5693,-4548
25.872284424999975,1779965203.2234757,6445,53974,0,12582912,-363,-78,3957,-10569
25.872284424999975,1779965203.2234757,6445,53975,1,12582912,-61,-63,9212,-8509
25.872284424999975,1779965203.2234757,6445,53976,2,12582912,725,-5,7422,-657
25.872284424999975,1779965203.2234757,6445,53977,3,12582912,663,30,576,4032
25.872284424999975,1779965203.2234757,6445,53978,4,12582912,-180,5,-3516,710
25.872284424999975,1779965203.2234757,6445,53979,5,12582912,-619,-39,-624,-5264
25.872284424999975,1779965203.2234757,6445,53980,6,12582912,-78,-43,4587,-5873
25.872284424999975,1779965203.2234757,6445,53981,7,12582912,662,-7,5122,-941
25.872880001999988,1779965203.22407,6446,53982,0,12582912,660,18,823,2477
25.872880001999988,1779965203.22407,6446,53983,1,12582912,218,0,-2161,57
25.872880001999988,1779965203.22407,6446,53984,2,12582912,194,-32,-53,-4410
25.872880001999988,1779965203.22407,6446,53985,3,12582912,474,-35,3842,-4812
25.872880001999988,1779965203.22407,6446,53986,4,12582912,378,-7,4197,-987
25.872880001999988,1779965203.22407,6446,53987,5,12582912,-89,12,862,1648
25.872880001999988,1779965203.22407,6446,53988,6,12582912,-309,-2,-1438,-231
25.872880001999988,1779965203.22407,6446,53989,7,12582912,7,-27,198,-3687
25.913444143999982,1779965203.2646356,6447,53990,0,12582912,262,-29,3213,-3995
25.913444143999982,1779965203.2646356,6447,53991,1,12582912,12,-8,3484,-1031
25.913444143999982,1779965203.2646356,6447,53992,2,12582912,-112,7,900,1012
25.913444143999982,1779965203.2646356,6447,53993,3,12582912,261,-3,-884,-438
25.913444143999982,1779965203.2646356,6447,53994,4,12582912,535,-23,379,-3109
25.913444143999982,1779965203.2646356,6447,53995,5,12582912,261,-25,2709,-3344
25.913444143999982,1779965203.2646356,6447,53996,6,12582912,-193,-8,2916,-1048
25.913444143999982,1779965203.2646356,6447,53997,7,12582912,-229,4,914,537
25.955987515000004,1779965203.3071787,6448,53998,0,12582912,14,-4,-469,-583
25.955987515000004,1779965203.3071787,6448,53999,1,12582912,-110,-19,506,-2647
25.955987515000004,1779965203.3071787,6448,54000,2,12582912,-493,-21,2306,-2825
25.955987515000004,1779965203.3071787,6448,54001,3,12582912,-443,-8,2464,-1045
25.955987515000004,1779965203.3071787,6448,54002,4,12582912,-181,1,912,183
25.955987515000004,1779965203.3071787,6448,54003,5,12582912,-377,-5,-160,-680
25.955987515000004,1779965203.3071787,6448,54004,6,12582912,-586,-17,591,-2274
25.955987515000004,1779965203.3071787,6448,54005,7,12582912,-90,-18,1982,-2410
25.977672120000022,1779965203.3288631,6449,54006,0,12582912,496,-8,2101,-1029
25.977672120000022,1779965203.3288631,6449,54007,1,12582912,326,-1,898,-76
25.977672120000022,1779965203.3288631,6449,54008,2,12582912,-64,-5,66,-741
25.977672120000022,1779965203.3288631,6449,54009,3,12582912,73,-15,645,-1972
25.977672120000022,1779965203.3288631,6449,54010,4,12582912,439,-15,1718,-2074
25.977672120000022,1779965203.3288631,6449,54011,5,12582912,426,-7,1808,-1004
25.977672120000022,1779965203.3288631,6449,54012,6,12582912,43,-2,875,-263
25.977672120000022,1779965203.3288631,6449,54013,7,12582912,-177,-6,229,-775
26.02026189899999,1779965203.3714538,6450,54014,0,12582912,-103,-13,675,-1725
26.02026189899999,1779965203.3714538,6450,54015,1,12582912,-171,-13,1503,-1802
26.02026189899999,1779965203.3714538,6450,54016,2,12582912,-384,-7,1571,-971
26.02026189899999,1779965203.3714538,6450,54017,3,12582912,-223,-3,847,-396
26.02026189899999,1779965203.3714538,6450,54018,4,12582912,330,-6,344,-790
26.02026189899999,1779965203.3714538,6450,54019,5,12582912,645,-11,687,-1522
26.02026189899999,1779965203.3714538,6450,54020,6,12582912,363,-12,1326,-1579
26.02026189899999,1779965203.3714538,6450,54021,7,12582912,-95,-7,1377,-934
26.04848466699997,1779965203.3996763,6451,54022,0,12582912,-40,-4,814,-487
26.04848466699997,1779965203.3996763,6451,54023,1,12582912,342,-6,424,-789
26.04848466699997,1779965203.3996763,6451,54024,2,12582912,184,-10,687,-1354
26.04848466699997,1779965203.3996763,6451,54025,3,12582912,-357,-10,1180,-1396
26.04848466699997,1779965203.3996763,6451,54026,4,12582912,-330,-7,1217,-894
26.04848466699997,1779965203.3996763,6451,54027,5,12582912,346,-4,779,-546
26.04848466699997,1779965203.3996763,6451,54028,6,12582912,778,-6,475,-778
26.04848466699997,1779965203.3996763,6451,54029,7,12582912,417,-9,677,-1213
26.091297727999972,1779965203.442489,6452,54030,0,12582912,-1,-9,1057,-1243
26.091297727999972,1779965203.442489,6452,54031,1,12582912,355,-6,1083,-853
26.091297727999972,1779965203.442489,6452,54032,2,12582912,845,-4,743,-581
26.091297727999972,1779965203.442489,6452,54033,3,12582912,520,-6,506,-759
26.091297727999972,1779965203.442489,6452,54034,4,12582912,-252,-8,661,-1093
26.091297727999972,1779965203.442489,6452,54035,5,12582912,-443,-8,953,-1115
26.091297727999972,1779965203.442489,6452,54036,6,12582912,169,-6,972,-811
26.091297727999972,1779965203.442489,6452,54037,7,12582912,729,-4,707,-599
26.11986351799999,1779965203.4710548,6453,54038,0,12582912,539,-5,522,-735
26.11986351799999,1779965203.4710548,6453,54039,1,12582912,149,-7,640,-992
26.11986351799999,1779965203.4710548,6453,54040,2,12582912,375,-7,864,-1007
26.11986351799999,1779965203.4710548,6453,54041,3,12582912,776,-6,877,-770
26.11986351799999,1779965203.4710548,6453,54042,4,12582912,515,-4,671,-604
26.11986351799999,1779965203.4710548,6453,54043,5,12582912,-175,-5,526,-707
26.11986351799999,1779965203.4710548,6453,54044,6,12582912,-396,-7,616,-904
26.11986351799999,1779965203.4710548,6453,54045,7,12582912,115,-7,788,-914
26.174793680999983,1779965203.5259848,6454,54046,0,12582912,461,-5,797,-729
26.174793680999983,1779965203.5259848,6454,54047,1,12582912,55,-4,635,-599
26.174793680999983,1779965203.5259848,6454,54048,2,12582912,-239,-5,522,-677
26.174793680999983,1779965203.5259848,6454,54049,3,12582912,207,-6,590,-828
26.174793680999983,1779965203.5259848,6454,54050,4,12582912,694,-6,722,-834
26.174793680999983,1779965203.5259848,6454,54051,5,12582912,485,-5,727,-689
26.174793680999983,1779965203.5259848,6454,54052,6,12582912,-130,-4,601,-587
26.174793680999983,1779965203.5259848,6454,54053,7,12582912,-320,-5,512,-646
26.196436462999998,1779965203.547628,6455,54054,0,12582912,-9,-6,563,-761
26.196436462999998,1779965203.547628,6455,54055,1,12582912,38,-6,663,-764
26.196436462999998,1779965203.547628,6455,54056,2,12582912,-332,-5,666,-651
26.196436462999998,1779965203.547628,6455,54057,3,12582912,-360,-4,567,-571
26.196436462999998,1779965203.547628,6455,54058,4,12582912,243,-5,497,-615
26.196436462999998,1779965203.547628,6455,54059,5,12582912,757,-5,536,-702
26.196436462999998,1779965203.547628,6455,54060,6,12582912,523,-5,612,-703
26.196436462999998,1779965203.547628,6455,54061,7,12582912,-106,-5,613,-614
26.239004730999966,1779965203.590196,6456,54062,0,12582912,-197,-4,535,-551
26.239004730999966,1779965203.590196,6456,54063,1,12582912,266,-4,480,-583
26.239004730999966,1779965203.590196,6456,54064,2,12582912,282,-5,508,-650
26.239004730999966,1779965203.590196,6456,54065,3,12582912,-233,-5,566,-649
26.239004730999966,1779965203.590196,6456,54066,4,12582912,-346,-4,566,-579
26.239004730999966,1779965203.590196,6456,54067,5,12582912,216,-4,505,-528
26.239004730999966,1779965203.590196,6456,54068,6,12582912,708,-4,460,-553
26.239004730999966,1779965203.590196,6456,54069,7,12582912,480,-4,481,-603
26.281613883999967,1779965203.6328049,6457,54070,0,12582912,78,-4,525,-601
26.281613883999967,1779965203.6328049,6457,54071,1,12582912,331,-4,524,-545
26.281613883999967,1779965203.6328049,6457,54072,2,12582912,770,-4,475,-505
26.281613883999967,1779965203.6328049,6457,54073,3,12582912,510,-4,440,-523
26.281613883999967,1779965203.6328049,6457,54074,4,12582912,-193,-4,455,-560
26.281613883999967,1779965203.6328049,6457,54075,5,12582912,-406,-4,488,-558
26.281613883999967,1779965203.6328049,6457,54076,6,12582912,123,-4,486,-514
26.281613883999967,1779965203.6328049,6457,54077,7,12582912,646,-4,448,-481
26.303222187000017,1779965203.6544147,6458,54078,0,12582912,497,-4,419,-494
26.303222187000017,1779965203.6544147,6458,54079,1,12582912,150,-4,430,-522
26.303222187000017,1779965203.6544147,6458,54080,2,12582912,375,-4,455,-519
26.303222187000017,1779965203.6544147,6458,54081,3,12582912,754,-4,452,-483
26.303222187000017,1779965203.6544147,6458,54082,4,12582912,476,-3,421,-457
26.303222187000017,1779965203.6544147,6458,54083,5,12582912,-205,-3,398,-466
26.303222187000017,1779965203.6544147,6458,54084,6,12582912,-404,-4,406,-486
26.303222187000017,1779965203.6544147,6458,54085,7,12582912,103,-4,424,-483
26.358061410999994,1779965203.709253,6459,54086,0,12582912,426,-3,421,-455
26.358061410999994,1779965203.709253,6459,54087,1,12582912,-2,-3,396,-433
26.358061410999994,1779965203.709253,6459,54088,2,12582912,-297,-3,378,-439
26.358061410999994,1779965203.709253,6459,54089,3,12582912,175,-3,383,-454
26.358061410999994,1779965203.709253,6459,54090,4,12582912,690,-3,396,-450
26.358061410999994,1779965203.709253,6459,54091,5,12582912,475,-3,393,-428
26.358061410999994,1779965203.709253,6459,54092,6,12582912,-171,-3,373,-410
26.358061410999994,1779965203.709253,6459,54093,7,12582912,-384,-3,357,-414
26.37996273599998,1779965203.7311547,6460,54094,0,12582912,-57,-3,360,-424
26.37996273599998,1779965203.7311547,6460,54095,1,12582912,34,-3,370,-421
26.37996273599998,1779965203.7311547,6460,54096,2,12582912,-348,-3,367,-402
26.37996273599998,1779965203.7311547,6460,54097,3,12582912,-436,-3,350,-388
26.37996273599998,1779965203.7311547,6460,54098,4,12582912,153,-3,338,-389
26.37996273599998,1779965203.7311547,6460,54099,5,12582912,711,-3,339,-397
26.37996273599998,1779965203.7311547,6460,54100,6,12582912,512,-3,346,-393
26.37996273599998,1779965203.7311547,6460,54101,7,12582912,-134,-3,343,-378
26.422788713999978,1779965203.7739801,6461,54102,0,12582912,-251,-3,329,-366
26.422788713999978,1779965203.7739801,6461,54103,1,12582912,232,-3,319,-367
26.422788713999978,1779965203.7739801,6461,54104,2,12582912,281,-3,319,-371
26.422788713999978,1779965203.7739801,6461,54105,3,12582912,-249,-3,324,-368
26.422788713999978,1779965203.7739801,6461,54106,4,12582912,-413,-3,320,-355
26.422788713999978,1779965203.7739801,6461,54107,5,12582912,128,-3,309,-345
26.422788713999978,1779965203.7739801,6461,54108,6,12582912,658,-3,301,-345
26.422788713999978,1779965203.7739801,6461,54109,7,12582912,477,-3,300,-348
26.482206401999974,1779965203.8333979,6462,54110,0,12582912,65,-3,303,-344
26.482206401999974,1779965203.8333979,6462,54111,1,12582912,274,-2,300,-334
26.482206401999974,1779965203.8333979,6462,54112,2,12582912,704,-2,291,-325
26.482206401999974,1779965203.8333979,6462,54113,3,12582912,471,-2,283,-324
26.482206401999974,1779965203.8333979,6462,54114,4,12582912,-220,-2,283,-326
26.482206401999974,1779965203.8333979,6462,54115,5,12582912,-454,-2,284,-322
26.482206401999974,1779965203.8333979,6462,54116,6,12582912,59,-2,281,-314
26.482206401999974,1779965203.8333979,6462,54117,7,12582912,604,-2,273,-306
26.482976614999984,1779965203.8341675,6463,54118,0,12582912,479,-2,267,-305
26.482976614999984,1779965203.8341675,6463,54119,1,12582912,112,-2,266,-305
26.482976614999984,1779965203.8341675,6463,54120,2,12582912,308,-2,266,-302
26.482976614999984,1779965203.8341675,6463,54121,3,12582912,700,-2,263,-295
26.482976614999984,1779965203.8341675,6463,54122,4,12582912,451,-2,257,-288
26.482976614999984,1779965203.8341675,6463,54123,5,12582912,-235,-2,251,-287
26.482976614999984,1779965203.8341675,6463,54124,6,12582912,-464,-2,250,-286
26.482976614999984,1779965203.8341675,6463,54125,7,12582912,39,-2,250,-283
26.534415507000006,1779965203.8856068,6464,54126,0,12582912,384,-2,247,-277
26.534415507000006,1779965203.8856068,6464,54127,1,12582912,-43,-2,241,-271
26.534415507000006,1779965203.8856068,6464,54128,2,12582912,-366,-2,236,-269
26.534415507000006,1779965203.8856068,6464,54129,3,12582912,106,-2,235,-269
26.534415507000006,1779965203.8856068,6464,54130,4,12582912,663,-2,234,-266
26.534415507000006,1779965203.8856068,6464,54131,5,12582912,482,-2,231,-260
26.534415507000006,1779965203.8856068,6464,54132,6,12582912,-171,-2,227,-255
26.534415507000006,1779965203.8856068,6464,54133,7,12582912,-409,-2,222,-253
26.556109434999996,1779965203.9073007,6465,54134,0,12582912,-92,-2,221,-252
26.556109434999996,1779965203.9073007,6465,54135,1,12582912,-10,-2,220,-249
26.556109434999996,1779965203.9073007,6465,54136,2,12582912,-413,-2,217,-244
26.556109434999996,1779965203.9073007,6465,54137,3,12582912,-520,-2,213,-240
26.556109434999996,1779965203.9073007,6465,54138,4,12582912,81,-2,209,-238
26.556109434999996,1779965203.9073007,6465,54139,5,12582912,684,-2,207,-236
26.556109434999996,1779965203.9073007,6465,54140,6,12582912,522,-2,206,-234
26.556109434999996,1779965203.9073007,6465,54141,7,12582912,-135,-2,204,-229
26.598935256999994,1779965203.9501271,6466,54142,0,12582912,-396,-2,200,-226
26.598935256999994,1779965203.9501271,6466,54143,1,12582912,34,-2,197,-223
26.598935256999994,1779965203.9501271,6466,54144,2,12582912,522,-2,195,-222
26.598935256999994,1779965203.9501271,6466,54145,3,12582912,425,-2,193,-219
26.598935256999994,1779965203.9501271,6466,54146,4,12582912,-61,-2,191,-215
26.598935256999994,1779965203.9501271,6466,54147,5,12582912,-265,-2,188,-212
26.598935256999994,1779965203.9501271,6466,54148,6,12582912,51,-2,185,-210
26.598935256999994,1779965203.9501271,6466,54149,7,12582912,422,-2,183,-208
26.62076231100002,1779965203.9719536,6467,54150,0,12582912,346,-2,181,-206
26.62076231100002,1779965203.9719536,6467,54151,1,12582912,151,-1,179,-202
26.62076231100002,1779965203.9719536,6467,54152,2,12582912,420,-1,176,-199
26.62076231100002,1779965203.9719536,6467,54153,3,12582912,723,-1,174,-197
26.62076231100002,1779965203.9719536,6467,54154,4,12582912,365,-1,172,-195
26.62076231100002,1779965203.9719536,6467,54155,5,12582912,-307,-1,170,-193
26.62076231100002,1779965203.9719536,6467,54156,6,12582912,-435,-1,168,-190
26.62076231100002,1779965203.9719536,6467,54157,7,12582912,106,-1,166,-187
26.66351703700002,1779965204.0147085,6468,54158,0,12582912,363,-1,163,-185
26.66351703700002,1779965204.0147085,6468,54159,1,12582912,-168,-1,161,-183
26.66351703700002,1779965204.0147085,6468,54160,2,12582912,-476,-1,160,-181
26.66351703700002,1779965204.0147085,6468,54161,3,12582912,104,-1,158,-179
26.66351703700002,1779965204.0147085,6468,54162,4,12582912,728,-1,156,-176
26.66351703700002,1779965204.0147085,6468,54163,5,12582912,507,-1,153,-174
26.66351703700002,1779965204.0147085,6468,54164,6,12582912,-226,-1,152,-172
26.66351703700002,1779965204.0147085,6468,54165,7,12582912,-478,-1,150,-170
26.706406656000013,1779965204.0575984,6469,54166,0,12582912,-88,-1,148,-168
26.706406656000013,1779965204.0575984,6469,54167,1,12582912,54,-1,146,-165
26.706406656000013,1779965204.0575984,6469,54168,2,12582912,-393,-1,144,-163
26.706406656000013,1779965204.0575984,6469,54169,3,12582912,-587,-1,142,-162
26.706406656000013,1779965204.0575984,6469,54170,4,12582912,7,-1,141,-160
26.706406656000013,1779965204.0575984,6469,54171,5,12582912,693,-1,139,-157
26.706406656000013,1779965204.0575984,6469,54172,6,12582912,589,-1,137,-155
26.706406656000013,1779965204.0575984,6469,54173,7,12582912,-103,-1,135,-153
26.755385268999987,1779965204.1065772,6470,54174,0,12582912,-435,-1,134,-152
26.755385268999987,1779965204.1065772,6470,54175,1,12582912,-137,-1,133,-150
26.755385268999987,1779965204.1065772,6470,54176,2,12582912,26,-1,131,-148
26.755385268999987,1779965204.1065772,6470,54177,3,12582912,-326,-1,129,-146
26.755385268999987,1779965204.1065772,6470,54178,4,12582912,-491,-1,127,-144
26.755385268999987,1779965204.1065772,6470,54179,5,12582912,29,-1,126,-143
26.755385268999987,1779965204.1065772,6470,54180,6,12582912,634,-1,124,-141
26.755385268999987,1779965204.1065772,6470,54181,7,12582912,536,-1,123,-139
26.777545083000007,1779965204.1287374,6471,54182,0,12582912,-85,-1,121,-137
26.777545083000007,1779965204.1287374,6471,54183,1,12582912,-377,-1,119,-135
26.777545083000007,1779965204.1287374,6471,54184,2,12582912,4,-1,118,-134
26.777545083000007,1779965204.1287374,6471,54185,3,12582912,500,-1,117,-132
26.777545083000007,1779965204.1287374,6471,54186,4,12582912,455,-1,115,-130
26.777545083000007,1779965204.1287374,6471,54187,5,12582912,-17,-1,114,-129
26.777545083000007,1779965204.1287374,6471,54188,6,12582912,-262,-1,112,-127
26.777545083000007,1779965204.1287374,6471,54189,7,12582912,15,-1,111,-126
26.799855627,1779965204.1510475,6472,54190,0,12582912,399,-1,109,-124
26.799855627,1779965204.1510475,6472,54191,1,12582912,371,-1,108,-122
26.799855627,1779965204.1510475,6472,54192,2,12582912,6,-1,107,-121
26.799855627,1779965204.1510475,6472,54193,3,12582912,-191,-1,105,-119
26.799855627,1779965204.1510475,6472,54194,4,12582912,20,-1,104,-118
26.799855627,1779965204.1510475,6472,54195,5,12582912,314,-1,103,-117
26.799855627,1779965204.1510475,6472,54196,6,12582912,290,-1,102,-115
26.799855627,1779965204.1510475,6472,54197,7,12582912,12,-1,100,-114
26.851739985999984,1779965204.2029328,6473,54198,0,12582912,-131,-1,99,-112
26.851739985999984,1779965204.2029328,6473,54199,1,12582912,30,-1,98,-111
26.851739985999984,1779965204.2029328,6473,54200,2,12582912,257,-1,97,-109
26.851739985999984,1779965204.2029328,6473,54201,3,12582912,247,-1,95,-108
26.851739985999984,1779965204.2029328,6473,54202,4,12582912,39,-1,94,-107
26.851739985999984,1779965204.2029328,6473,54203,5,12582912,-75,-1,93,-105
26.851739985999984,1779965204.2029328,6473,54204,6,12582912,47,-1,92,-104
26.851739985999984,1779965204.2029328,6473,54205,7,12582912,222,-1,91,-103
26.88228713899997,1779965204.2334795,6474,54206,0,12582912,210,-1,90,-101
26.88228713899997,1779965204.2334795,6474,54207,1,12582912,37,-1,88,-100
26.88228713899997,1779965204.2334795,6474,54208,2,12582912,-59,-1,87,-99
26.88228713899997,1779965204.2334795,6474,54209,3,12582912,41,-1,86,-98
26.88228713899997,1779965204.2334795,6474,54210,4,12582912,191,-1,85,-97
26.88228713899997,1779965204.2334795,6474,54211,5,12582912,193,-1,84,-95
26.88228713899997,1779965204.2334795,6474,54212,6,12582912,64,-1,83,-94
26.88228713899997,1779965204.2334795,6474,54213,7,12582912,-14,-1,82,-93
26.956903658999977,1779965204.3080962,6475,54214,0,12582912,57,-1,81,-92
26.956903658999977,1779965204.3080962,6475,54215,1,12582912,169,-1,80,-91
26.956903658999977,1779965204.3080962,6475,54216,2,12582912,169,-1,79,-89
26.956903658999977,1779965204.3080962,6475,54217,3,12582912,71,-1,78,-88
26.956903658999977,1779965204.3080962,6475,54218,4,12582912,8,-1,77,-87
26.956903658999977,1779965204.3080962,6475,54219,5,12582912,56,-1,76,-86
26.956903658999977,1779965204.3080962,6475,54220,6,12582912,144,-1,75,-85
26.956903658999977,1779965204.3080962,6475,54221,7,12582912,154,-1,74,-84
26.958408511000016,1779965204.3095994,6476,54222,0,12582912,86,-1,73,-83
26.958408511000016,1779965204.3095994,6476,54223,1,12582912,37,-1,72,-82
26.958408511000016,1779965204.3095994,6476,54224,2,12582912,69,-1,71,-81
26.958408511000016,1779965204.3095994,6476,54225,3,12582912,129,-1,71,-80
26.958408511000016,1779965204.3095994,6476,54226,4,12582912,128,-1,70,-79
26.958408511000016,1779965204.3095994,6476,54227,5,12582912,73,-1,69,-78
26.958408511000016,1779965204.3095994,6476,54228,6,12582912,31,-1,68,-77
26.958408511000016,1779965204.3095994,6476,54229,7,12582912,52,-1,67,-76
26.959784664999972,1779965204.3109756,6477,54230,0,12582912,104,-1,66,-75
26.959784664999972,1779965204.3109756,6477,54231,1,12582912,117,-1,65,-74
26.959784664999972,1779965204.3109756,6477,54232,2,12582912,83,-1,65,-73
26.959784664999972,1779965204.3109756,6477,54233,3,12582912,48,-1,64,-72
26.959784664999972,1779965204.3109756,6477,54234,4,12582912,60,-1,63,-71
26.959784664999972,1779965204.3109756,6477,54235,5,12582912,97,-1,62,-70
26.959784664999972,1779965204.3109756,6477,54236,6,12582912,105,-1,61,-70
26.959784664999972,1779965204.3109756,6477,54237,7,12582912,79,-1,61,-69
27.02662614000002,1779965204.3778179,6478,54238,0,12582912,55,0,60,-68
27.02662614000002,1779965204.3778179,6478,54239,1,12582912,61,0,59,-67
27.02662614000002,1779965204.3778179,6478,54240,2,12582912,86,0,58,-66
27.02662614000002,1779965204.3778179,6478,54241,3,12582912,90,0,58,-65
27.02662614000002,1779965204.3778179,6478,54242,4,12582912,68,0,57,-65
27.02662614000002,1779965204.3778179,6478,54243,5,12582912,42,0,56,-64
27.02662614000002,1779965204.3778179,6478,54244,6,12582912,45,0,56,-63
27.02662614000002,1779965204.3778179,6478,54245,7,12582912,71,0,55,-62
27.027713542000015,1779965204.3789043,6479,54246,0,12582912,82,0,54,-61
27.027713542000015,1779965204.3789043,6479,54247,1,12582912,65,0,53,-61
27.027713542000015,1779965204.3789043,6479,54248,2,12582912,44,0,53,-60
27.027713542000015,1779965204.3789043,6479,54249,3,12582912,46,0,52,-59
27.027713542000015,1779965204.3789043,6479,54250,4,12582912,67,0,51,-58
27.027713542000015,1779965204.3789043,6479,54251,5,12582912,80,0,51,-58
27.027713542000015,1779965204.3789043,6479,54252,6,12582912,74,0,50,-57
27.027713542000015,1779965204.3789043,6479,54253,7,12582912,56,0,50,-56
27.094885903999966,1779965204.4460788,6480,54254,0,12582912,48,0,49,-56
27.094885903999966,1779965204.4460788,6480,54255,1,12582912,62,0,48,-55
27.094885903999966,1779965204.4460788,6480,54256,2,12582912,78,0,48,-54
27.094885903999966,1779965204.4460788,6480,54257,3,12582912,74,0,47,-53
27.094885903999966,1779965204.4460788,6480,54258,4,12582912,51,0,47,-53
27.094885903999966,1779965204.4460788,6480,54259,5,12582912,38,0,46,-52
27.094885903999966,1779965204.4460788,6480,54260,6,12582912,45,0,45,-51
27.094885903999966,1779965204.4460788,6480,54261,7,12582912,56,0,45,-51
27.096489454999983,1779965204.447681,6481,54262,0,12582912,65,0,44,-50
27.096489454999983,1779965204.447681,6481,54263,1,12582912,59,0,44,-50
27.096489454999983,1779965204.447681,6481,54264,2,12582912,49,0,43,-49
27.096489454999983,1779965204.447681,6481,54265,3,12582912,54,0,43,-48
27.096489454999983,1779965204.447681,6481,54266,4,12582912,62,0,42,-48
27.096489454999983,1779965204.447681,6481,54267,5,12582912,61,0,42,-47
27.096489454999983,1779965204.447681,6481,54268,6,12582912,52,0,41,-47
27.096489454999983,1779965204.447681,6481,54269,7,12582912,47,0,41,-46
27.11924245,1779965204.470435,6482,54270,0,12582912,56,0,40,-45
27.11924245,1779965204.470435,6482,54271,1,12582912,68,0,40,-45
27.11924245,1779965204.470435,6482,54272,2,12582912,69,0,39,-44
27.11924245,1779965204.470435,6482,54273,3,12582912,57,0,39,-44
27.11924245,1779965204.470435,6482,54274,4,12582912,44,0,38,-43
27.11924245,1779965204.470435,6482,54275,5,12582912,42,0,38,-43
27.11924245,1779965204.470435,6482,54276,6,12582912,48,0,37,-42
27.11924245,1779965204.470435,6482,54277,7,12582912,53,0,37,-42
27.142154247000008,1779965204.493347,6483,54278,0,12582912,42,0,36,-41
27.142154247000008,1779965204.493347,6483,54279,1,12582912,25,0,36,-41
27.142154247000008,1779965204.493347,6483,54280,2,12582912,26,0,35,-40
27.142154247000008,1779965204.493347,6483,54281,3,12582912,44,0,35,-40
27.142154247000008,1779965204.493347,6483,54282,4,12582912,66,0,34,-39
27.142154247000008,1779965204.493347,6483,54283,5,12582912,69,0,34,-39
27.142154247000008,1779965204.493347,6483,54284,6,12582912,55,0,34,-38
27.142154247000008,1779965204.493347,6483,54285,7,12582912,53,0,33,-38
27.171429101,1779965204.5226216,6484,54286,0,12582912,65,0,33,-37
27.171429101,1779965204.5226216,6484,54287,1,12582912,74,0,32,-37
27.171429101,1779965204.5226216,6484,54288,2,12582912,61,0,32,-36
27.171429101,1779965204.5226216,6484,54289,3,12582912,41,0,32,-36
27.171429101,1779965204.5226216,6484,54290,4,12582912,38,0,31,-35
27.171429101,1779965204.5226216,6484,54291,5,12582912,54,0,31,-35
27.171429101,1779965204.5226216,6484,54292,6,12582912,66,0,30,-34
27.171429101,1779965204.5226216,6484,54293,7,12582912,55,0,30,-34
27.204227360999994,1779965204.5554202,6485,54294,0,12582912,40,0,30,-34
27.204227360999994,1779965204.5554202,6485,54295,1,12582912,46,0,29,-33
27.204227360999994,1779965204.5554202,6485,54296,2,12582912,62,0,29,-33
27.204227360999994,1779965204.5554202,6485,54297,3,12582912,73,0,29,-32
27.204227360999994,1779965204.5554202,6485,54298,4,12582912,64,0,28,-32
27.204227360999994,1779965204.5554202,6485,54299,5,12582912,45,0,28,-32
27.204227360999994,1779965204.5554202,6485,54300,6,12582912,42,0,27,-31
27.204227360999994,1779965204.5554202,6485,54301,7,12582912,52,0,27,-31
27.309667234000017,1779965204.6608596,6486,54302,0,12582912,55,0,27,-30
27.309667234000017,1779965204.6608596,6486,54303,1,12582912,44,0,26,-30
27.309667234000017,1779965204.6608596,6486,54304,2,12582912,38,0,26,-30
27.309667234000017,1779965204.6608596,6486,54305,3,12582912,50,0,26,-29
27.309667234000017,1779965204.6608596,6486,54306,4,12582912,63,0,25,-29
27.309667234000017,1779965204.6608596,6486,54307,5,12582912,66,0,25,-29
27.309667234000017,1779965204.6608596,6486,54308,6,12582912,55,0,25,-28
27.309667234000017,1779965204.6608596,6486,54309,7,12582912,41,0,25,-28
27.31116812800002,1779965204.6623595,6487,54310,0,12582912,36,0,24,-27
27.31116812800002,1779965204.6623595,6487,54311,1,12582912,38,0,24,-27
27.31116812800002,1779965204.6623595,6487,54312,2,12582912,46,0,24,-27
27.31116812800002,1779965204.6623595,6487,54313,3,12582912,40,0,23,-26
27.31116812800002,1779965204.6623595,6487,54314,4,12582912,29,0,23,-26
27.31116812800002,1779965204.6623595,6487,54315,5,12582912,34,0,23,-26
27.31116812800002,1779965204.6623595,6487,54316,6,12582912,43,0,22,-25
27.31116812800002,1779965204.6623595,6487,54317,7,12582912,43,0,22,-25
27.312649178000015,1779965204.6638408,6488,54318,0,12582912,35,0,22,-25
27.312649178000015,1779965204.6638408,6488,54319,1,12582912,30,0,22,-25
27.312649178000015,1779965204.6638408,6488,54320,2,12582912,39,0,21,-24
27.312649178000015,1779965204.6638408,6488,54321,3,12582912,56,0,21,-24
27.312649178000015,1779965204.6638408,6488,54322,4,12582912,67,0,21,-24
27.312649178000015,1779965204.6638408,6488,54323,5,12582912,57,0,21,-23
27.312649178000015,1779965204.6638408,6488,54324,6,12582912,38,0,20,-23
27.312649178000015,1779965204.6638408,6488,54325,7,12582912,38,0,20,-23
27.335511130999976,1779965204.686703,6489,54326,0,12582912,49,0,20,-22
27.335511130999976,1779965204.686703,6489,54327,1,12582912,54,0,20,-22
27.335511130999976,1779965204.686703,6489,54328,2,12582912,46,0,19,-22
27.335511130999976,1779965204.686703,6489,54329,3,12582912,38,0,19,-22
27.335511130999976,1779965204.686703,6489,54330,4,12582912,47,0,19,-21
27.335511130999976,1779965204.686703,6489,54331,5,12582912,63,0,19,-21
27.335511130999976,1779965204.686703,6489,54332,6,12582912,72,0,18,-21
27.335511130999976,1779965204.686703,6489,54333,7,12582912,56,0,18,-21
27.387506427999995,1779965204.738698,6490,54334,0,12582912,34,0,18,-20
27.387506427999995,1779965204.738698,6490,54335,1,12582912,28,0,18,-20
27.387506427999995,1779965204.738698,6490,54336,2,12582912,40,0,17,-20
27.387506427999995,1779965204.738698,6490,54337,3,12582912,53,0,17,-20
27.387506427999995,1779965204.738698,6490,54338,4,12582912,49,0,17,-19
27.387506427999995,1779965204.738698,6490,54339,5,12582912,38,0,17,-19
27.387506427999995,1779965204.738698,6490,54340,6,12582912,39,0,17,-19
27.387506427999995,1779965204.738698,6490,54341,7,12582912,52,0,16,-19
27.40968947099998,1779965204.760881,6491,54342,0,12582912,64,0,16,-18
27.40968947099998,1779965204.760881,6491,54343,1,12582912,54,0,16,-18
27.40968947099998,1779965204.760881,6491,54344,2,12582912,35,0,16,-18
27.40968947099998,1779965204.760881,6491,54345,3,12582912,33,0,16,-18
27.40968947099998,1779965204.760881,6491,54346,4,12582912,43,0,15,-17
27.40968947099998,1779965204.760881,6491,54347,5,12582912,56,0,15,-17
27.40968947099998,1779965204.760881,6491,54348,6,12582912,56,0,15,-17
27.40968947099998,1779965204.760881,6491,54349,7,12582912,38,0,15,-17
27.431990380000002,1779965204.783183,6492,54350,0,12582912,26,0,15,-17
27.431990380000002,1779965204.783183,6492,54351,1,12582912,35,0,14,-16
27.431990380000002,1779965204.783183,6492,54352,2,12582912,53,0,14,-16
27.431990380000002,1779965204.783183,6492,54353,3,12582912,57,0,14,-16
27.431990380000002,1779965204.783183,6492,54354,4,12582912,45,0,14,-16
27.431990380000002,1779965204.783183,6492,54355,5,12582912,37,0,14,-16
27.431990380000002,1779965204.783183,6492,54356,6,12582912,38,0,14,-15
27.431990380000002,1779965204.783183,6492,54357,7,12582912,44,0,13,-15
27.47690798000002,1779965204.8280993,6493,54358,0,12582912,40,0,13,-15
27.47690798000002,1779965204.8280993,6493,54359,1,12582912,27,0,13,-15
27.47690798000002,1779965204.8280993,6493,54360,2,12582912,24,0,13,-15
27.47690798000002,1779965204.8280993,6493,54361,3,12582912,38,0,13,-14
27.47690798000002,1779965204.8280993,6493,54362,4,12582912,49,0,13,-14
27.47690798000002,1779965204.8280993,6493,54363,5,12582912,40,0,12,-14
27.47690798000002,1779965204.8280993,6493,54364,6,12582912,26,0,12,-14
27.47690798000002,1779965204.8280993,6493,54365,7,12582912,27,0,12,-14
27.538563957000008,1779965204.8897557,6494,54366,0,12582912,37,0,12,-14
27.538563957000008,1779965204.8897557,6494,54367,1,12582912,45,0,12,-13
27.538563957000008,1779965204.8897557,6494,54368,2,12582912,36,0,12,-13
27.538563957000008,1779965204.8897557,6494,54369,3,12582912,21,0,12,-13
27.538563957000008,1779965204.8897557,6494,54370,4,12582912,25,0,11,-13
27.538563957000008,1779965204.8897557,6494,54371,5,12582912,43,0,11,-13
27.538563957000008,1779965204.8897557,6494,54372,6,12582912,59,0,11,-13
27.538563957000008,1779965204.8897557,6494,54373,7,12582912,52,0,11,-12
27.53964922299997,1779965204.8908398,6495,54374,0,12582912,30,0,11,-12
27.53964922299997,1779965204.8908398,6495,54375,1,12582912,21,0,11,-12
27.53964922299997,1779965204.8908398,6495,54376,2,12582912,29,0,11,-12
27.53964922299997,1779965204.8908398,6495,54377,3,12582912,42,0,10,-12
27.53964922299997,1779965204.8908398,6495,54378,4,12582912,40,0,10,-12
27.53964922299997,1779965204.8908398,6495,54379,5,12582912,26,0,10,-12
27.53964922299997,1779965204.8908398,6495,54380,6,12582912,25,0,10,-11
27.53964922299997,1779965204.8908398,6495,54381,7,12582912,41,0,10,-11
27.56198435099998,1779965204.9131765,6496,54382,0,12582912,53,0,10,-11
27.56198435099998,1779965204.9131765,6496,54383,1,12582912,45,0,10,-11
27.56198435099998,1779965204.9131765,6496,54384,2,12582912,27,0,10,-11
27.56198435099998,1779965204.9131765,6496,54385,3,12582912,19,0,9,-11
27.56198435099998,1779965204.9131765,6496,54386,4,12582912,23,0,9,-11
27.56198435099998,1779965204.9131765,6496,54387,5,12582912,33,0,9,-10
27.56198435099998,1779965204.9131765,6496,54388,6,12582912,35,0,9,-10
27.56198435099998,1779965204.9131765,6496,54389,7,12582912,21,0,9,-10
27.585139846999994,1779965204.936332,6497,54390,0,12582912,13,0,9,-10
27.585139846999994,1779965204.936332,6497,54391,1,12582912,22,0,9,-10
27.585139846999994,1779965204.936332,6497,54392,2,12582912,31,0,9,-10
27.585139846999994,1779965204.936332,6497,54393,3,12582912,21,0,9,-10
27.585139846999994,1779965204.936332,6497,54394,4,12582912,10,0,8,-10
27.585139846999994,1779965204.936332,6497,54395,5,12582912,21,0,8,-9
27.585139846999994,1779965204.936332,6497,54396,6,12582912,45,0,8,-9
27.585139846999994,1779965204.936332,6497,54397,7,12582912,60,0,8,-9
27.629111191999982,1779965204.9803035,6498,54398,0,12582912,50,0,8,-9
27.629111191999982,1779965204.9803035,6498,54399,1,12582912,33,0,8,-9
27.629111191999982,1779965204.9803035,6498,54400,2,12582912,32,0,8,-9
27.629111191999982,1779965204.9803035,6498,54401,3,12582912,38,0,8,-9
27.629111191999982,1779965204.9803035,6498,54402,4,12582912,40,0,8,-9
27.629111191999982,1779965204.9803035,6498,54403,5,12582912,34,0,8,-9
27.629111191999982,1779965204.9803035,6498,54404,6,12582912,20,0,7,-8
27.629111191999982,1779965204.9803035,6498,54405,7,12582912,21,0,7,-8
27.673081545000002,1779965205.024273,6499,54406,0,12582912,33,0,7,-8
27.673081545000002,1779965205.024273,6499,54407,1,12582912,39,0,7,-8
27.673081545000002,1779965205.024273,6499,54408,2,12582912,32,0,7,-8
27.673081545000002,1779965205.024273,6499,54409,3,12582912,20,0,7,-8
27.673081545000002,1779965205.024273,6499,54410,4,12582912,21,0,7,-8
27.673081545000002,1779965205.024273,6499,54411,5,12582912,36,0,7,-8
27.673081545000002,1779965205.024273,6499,54412,6,12582912,59,0,7,-8
27.673081545000002,1779965205.024273,6499,54413,7,12582912,62,0,7,-8
27.695945111000015,1779965205.0471373,6500,54414,0,12582912,39,0,7,-7
27.695945111000015,1779965205.0471373,6500,54415,1,12582912,28,0,6,-7
27.695945111000015,1779965205.0471373,6500,54416,2,12582912,38,0,6,-7
27.695945111000015,1779965205.0471373,6500,54417,3,12582912,52,0,6,-7
27.695945111000015,1779965205.0471373,6500,54418,4,12582912,48,0,6,-7
27.695945111000015,1779965205.0471373,6500,54419,5,12582912,30,0,6,-7
27.695945111000015,1779965205.0471373,6500,54420,6,12582912,22,0,6,-7
27.695945111000015,1779965205.0471373,6500,54421,7,12582912,32,0,6,-7
27.718845499999986,1779965205.0700378,6501,54422,0,12582912,47,0,6,-7
27.718845499999986,1779965205.0700378,6501,54423,1,12582912,52,0,6,-7
27.718845499999986,1779965205.0700378,6501,54424,2,12582912,42,0,6,-7
27.718845499999986,1779965205.0700378,6501,54425,3,12582912,31,0,6,-6
27.718845499999986,1779965205.0700378,6501,54426,4,12582912,37,0,6,-6
27.718845499999986,1779965205.0700378,6501,54427,5,12582912,46,0,6,-6
27.718845499999986,1779965205.0700378,6501,54428,6,12582912,38,0,5,-6
27.718845499999986,1779965205.0700378,6501,54429,7,12582912,24,0,5,-6
27.787667032,1779965205.1388595,6502,54430,0,12582912,24,0,5,-6
27.787667032,1779965205.1388595,6502,54431,1,12582912,34,0,5,-6
27.787667032,1779965205.1388595,6502,54432,2,12582912,45,0,5,-6
27.787667032,1779965205.1388595,6502,54433,3,12582912,45,0,5,-6
27.787667032,1779965205.1388595,6502,54434,4,12582912,36,0,5,-6
27.787667032,1779965205.1388595,6502,54435,5,12582912,31,0,5,-6
27.787667032,1779965205.1388595,6502,54436,6,12582912,32,0,5,-6
27.787667032,1779965205.1388595,6502,54437,7,12582912,42,0,5,-6
27.78921636299998,1779965205.1404073,6503,54438,0,12582912,45,0,5,-5
27.78921636299998,1779965205.1404073,6503,54439,1,12582912,32,0,5,-5
27.78921636299998,1779965205.1404073,6503,54440,2,12582912,22,0,5,-5
27.78921636299998,1779965205.1404073,6503,54441,3,12582912,28,0,5,-5
27.78921636299998,1779965205.1404073,6503,54442,4,12582912,43,0,5,-5
27.78921636299998,1779965205.1404073,6503,54443,5,12582912,42,0,5,-5
27.78921636299998,1779965205.1404073,6503,54444,6,12582912,24,0,4,-5
27.78921636299998,1779965205.1404073,6503,54445,7,12582912,12,0,4,-5
27.81196581400002,1779965205.1631582,6504,54446,0,12582912,17,0,4,-5
27.81196581400002,1779965205.1631582,6504,54447,1,12582912,26,0,4,-5
27.81196581400002,1779965205.1631582,6504,54448,2,12582912,22,0,4,-5
27.81196581400002,1779965205.1631582,6504,54449,3,12582912,10,0,4,-5
27.81196581400002,1779965205.1631582,6504,54450,4,12582912,10,0,4,-5
27.81196581400002,1779965205.1631582,6504,54451,5,12582912,31,0,4,-5
27.81196581400002,1779965205.1631582,6504,54452,6,12582912,48,0,4,-5
27.81196581400002,1779965205.1631582,6504,54453,7,12582912,38,0,4,-5
27.855070951000016,1779965205.2062626,6505,54454,0,12582912,23,0,4,-4
27.855070951000016,1779965205.2062626,6505,54455,1,12582912,30,0,4,-4
27.855070951000016,1779965205.2062626,6505,54456,2,12582912,43,0,4,-4
27.855070951000016,1779965205.2062626,6505,54457,3,12582912,42,0,4,-4
27.855070951000016,1779965205.2062626,6505,54458,4,12582912,27,0,4,-4
27.855070951000016,1779965205.2062626,6505,54459,5,12582912,12,0,4,-4
27.855070951000016,1779965205.2062626,6505,54460,6,12582912,16,0,4,-4
27.855070951000016,1779965205.2062626,6505,54461,7,12582912,32,0,4,-4
27.877948006999986,1779965205.2291408,6506,54462,0,12582912,43,0,4,-4
27.877948006999986,1779965205.2291408,6506,54463,1,12582912,37,0,4,-4
27.877948006999986,1779965205.2291408,6506,54464,2,12582912,25,0,3,-4
27.877948006999986,1779965205.2291408,6506,54465,3,12582912,28,0,3,-4
27.877948006999986,1779965205.2291408,6506,54466,4,12582912,39,0,3,-4
27.877948006999986,1779965205.2291408,6506,54467,5,12582912,40,0,3,-4
27.877948006999986,1779965205.2291408,6506,54468,6,12582912,24,0,3,-4
27.877948006999986,1779965205.2291408,6506,54469,7,12582912,9,0,3,-4
27.91098006699997,1779965205.2621725,6507,54470,0,12582912,19,0,3,-4
27.91098006699997,1779965205.2621725,6507,54471,1,12582912,43,0,3,-4
27.91098006699997,1779965205.2621725,6507,54472,2,12582912,50,0,3,-4
27.91098006699997,1779965205.2621725,6507,54473,3,12582912,29,0,3,-4
27.91098006699997,1779965205.2621725,6507,54474,4,12582912,6,0,3,-3
27.91098006699997,1779965205.2621725,6507,54475,5,12582912,11,0,3,-3
27.91098006699997,1779965205.2621725,6507,54476,6,12582912,36,0,3,-3
27.91098006699997,1779965205.2621725,6507,54477,7,12582912,51,0,3,-3
27.979315398999972,1779965205.3305078,6508,54478,0,12582912,40,0,3,-3
27.979315398999972,1779965205.3305078,6508,54479,1,12582912,18,0,3,-3
27.979315398999972,1779965205.3305078,6508,54480,2,12582912,14,0,3,-3
27.979315398999972,1779965205.3305078,6508,54481,3,12582912,23,0,3,-3
27.979315398999972,1779965205.3305078,6508,54482,4,12582912,29,0,3,-3
27.979315398999972,1779965205.3305078,6508,54483,5,12582912,29,0,3,-3
27.979315398999972,1779965205.3305078,6508,54484,6,12582912,20,0,3,-3
27.979315398999972,1779965205.3305078,6508,54485,7,12582912,17,0,3,-3
27.980934262000005,1779965205.3321254,6509,54486,0,12582912,25,0,3,-3
27.980934262000005,1779965205.3321254,6509,54487,1,12582912,35,0,3,-3
27.980934262000005,1779965205.3321254,6509,54488,2,12582912,29,0,3,-3
27.980934262000005,1779965205.3321254,6509,54489,3,12582912,9,0,3,-3
27.980934262000005,1779965205.3321254,6509,54490,4,12582912,3,0,3,-3
27.980934262000005,1779965205.3321254,6509,54491,5,12582912,15,0,2,-3
27.980934262000005,1779965205.3321254,6509,54492,6,12582912,31,0,2,-3
27.980934262000005,1779965205.3321254,6509,54493,7,12582912,34,0,2,-3
28.067756363,1779965205.4189496,6510,54494,0,12582912,19,0,2,-3
28.067756363,1779965205.4189496,6510,54495,1,12582912,13,0,2,-3
28.067756363,1779965205.4189496,6510,54496,2,12582912,29,0,2,-3
28.067756363,1779965205.4189496,6510,54497,3,12582912,44,0,2,-3
28.067756363,1779965205.4189496,6510,54498,4,12582912,39,0,2,-3
28.067756363,1779965205.4189496,6510,54499,5,12582912,20,0,2,-3
28.067756363,1779965205.4189496,6510,54500,6,12582912,16,0,2,-3
28.067756363,1779965205.4189496,6510,54501,7,12582912,-36,0,2,-2
28.06945527900001,1779965205.420647,6511,54502,0,12582912,172,0,2,-2
28.06945527900001,1779965205.420647,6511,54503,1,12582912,770,0,2,-2
28.06945527900001,1779965205.420647,6511,54504,2,12582912,731,0,2,-2
28.06945527900001,1779965205.420647,6511,54505,3,12582912,-272,0,2,-2
28.06945527900001,1779965205.420647,6511,54506,4,12582912,-929,0,2,-2
28.06945527900001,1779965205.420647,6511,54507,5,12582912,-369,0,2,-2
28.06945527900001,1779965205.420647,6511,54508,6,12582912,607,0,2,-2
28.06945527900001,1779965205.420647,6511,54509,7,12582912,699,0,2,-2
28.09139316300002,1779965205.4425845,6512,54510,0,12582912,-124,0,2,-2
28.09139316300002,1779965205.4425845,6512,54511,1,12582912,-697,0,2,-2
28.09139316300002,1779965205.4425845,6512,54512,2,12582912,-298,0,2,-2
28.09139316300002,1779965205.4425845,6512,54513,3,12582912,452,0,2,-2
28.09139316300002,1779965205.4425845,6512,54514,4,12582912,527,0,2,-2
28.09139316300002,1779965205.4425845,6512,54515,5,12582912,-108,0,2,-2
28.09139316300002,1779965205.4425845,6512,54516,6,12582912,-551,0,2,-2
28.09139316300002,1779965205.4425845,6512,54517,7,12582912,-238,0,2,-2
28.11318245199999,1779965205.4643738,6513,54518,0,12582912,352,0,2,-2
28.11318245199999,1779965205.4643738,6513,54519,1,12582912,416,0,2,-2
28.11318245199999,1779965205.4643738,6513,54520,2,12582912,-73,0,2,-2
28.11318245199999,1779965205.4643738,6513,54521,3,12582912,-420,0,2,-2
28.11318245199999,1779965205.4643738,6513,54522,4,12582912,-190,0,2,-2
28.11318245199999,1779965205.4643738,6513,54523,5,12582912,254,0,2,-2
28.11318245199999,1779965205.4643738,6513,54524,6,12582912,297,0,2,-2
28.11318245199999,1779965205.4643738,6513,54525,7,12582912,-78,0,2,-2
28.156611966000014,1779965205.5078042,6514,54526,0,12582912,-338,0,2,-2
28.156611966000014,1779965205.5078042,6514,54527,1,12582912,-150,0,2,-2
28.156611966000014,1779965205.5078042,6514,54528,2,12582912,210,0,2,-2
28.156611966000014,1779965205.5078042,6514,54529,3,12582912,264,0,2,-2
28.156611966000014,1779965205.5078042,6514,54530,4,12582912,-17,0,2,-2
28.156611966000014,1779965205.5078042,6514,54531,5,12582912,-229,0,2,-2
28.156611966000014,1779965205.5078042,6514,54532,6,12582912,-106,0,1,-2
28.156611966000014,1779965205.5078042,6514,54533,7,12582912,155,0,1,-2
28.179490949000012,1779965205.5306842,6515,54534,0,12582912,189,0,1,-2
28.179490949000012,1779965205.5306842,6515,54535,1,12582912,-28,0,1,-2
28.179490949000012,1779965205.5306842,6515,54536,2,12582912,-190,0,1,-2
28.179490949000012,1779965205.5306842,6515,54537,3,12582912,-90,0,1,-2
28.179490949000012,1779965205.5306842,6515,54538,4,12582912,118,0,1,-2
28.179490949000012,1779965205.5306842,6515,54539,5,12582912,149,0,1,-2
28.179490949000012,1779965205.5306842,6515,54540,6,12582912,-15,0,1,-2
28.179490949000012,1779965205.5306842,6515,54541,7,12582912,-136,0,1,-2
28.202118471000006,1779965205.5533097,6516,54542,0,12582912,-64,0,1,-1
28.202118471000006,1779965205.5533097,6516,54543,1,12582912,86,0,1,-1
28.202118471000006,1779965205.5533097,6516,54544,2,12582912,110,0,1,-1
28.202118471000006,1779965205.5533097,6516,54545,3,12582912,-6,0,1,-1
28.202118471000006,1779965205.5533097,6516,54546,4,12582912,-94,0,1,-1
28.202118471000006,1779965205.5533097,6516,54547,5,12582912,-40,0,1,-1
28.202118471000006,1779965205.5533097,6516,54548,6,12582912,85,0,1,-1
28.202118471000006,1779965205.5533097,6516,54549,7,12582912,113,0,1,-1
28.264001839000002,1779965205.6151943,6517,54550,0,12582912,17,0,1,-1
28.264001839000002,1779965205.6151943,6517,54551,1,12582912,-67,0,1,-1
28.264001839000002,1779965205.6151943,6517,54552,2,12582912,-42,0,1,-1
28.264001839000002,1779965205.6151943,6517,54553,3,12582912,36,0,1,-1
28.264001839000002,1779965205.6151943,6517,54554,4,12582912,45,0,1,-1
28.264001839000002,1779965205.6151943,6517,54555,5,12582912,-23,0,1,-1
28.264001839000002,1779965205.6151943,6517,54556,6,12582912,-65,0,1,-1
28.264001839000002,1779965205.6151943,6517,54557,7,12582912,-26,0,1,-1
28.319613349000008,1779965205.6708055,6518,54558,0,12582912,46,0,1,-1
28.319613349000008,1779965205.6708055,6518,54559,1,12582912,57,0,1,-1
28.319613349000008,1779965205.6708055,6518,54560,2,12582912,-1,0,1,-1
28.319613349000008,1779965205.6708055,6518,54561,3,12582912,-52,0,1,-1
28.319613349000008,1779965205.6708055,6518,54562,4,12582912,-47,0,1,-1
28.319613349000008,1779965205.6708055,6518,54563,5,12582912,-3,0,1,-1
28.319613349000008,1779965205.6708055,6518,54564,6,12582912,23,0,1,-1
28.319613349000008,1779965205.6708055,6518,54565,7,12582912,6,0,1,-1
28.321206587000006,1779965205.6723979,6519,54566,0,12582912,-18,0,1,-1
28.321206587000006,1779965205.6723979,6519,54567,1,12582912,-6,0,1,-1
28.321206587000006,1779965205.6723979,6519,54568,2,12582912,30,0,1,-1
28.321206587000006,1779965205.6723979,6519,54569,3,12582912,39,0,1,-1
28.321206587000006,1779965205.6723979,6519,54570,4,12582912,10,0,1,-1
28.321206587000006,1779965205.6723979,6519,54571,5,12582912,-13,0,1,-1
28.321206587000006,1779965205.6723979,6519,54572,6,12582912,-6,0,1,-1
28.321206587000006,1779965205.6723979,6519,54573,7,12582912,14,0,1,-1
28.34396155899998,1779965205.695154,6520,54574,0,12582912,18,0,1,-1
28.34396155899998,1779965205.695154,6520,54575,1,12582912,1,0,1,-1
28.34396155899998,1779965205.695154,6520,54576,2,12582912,-13,0,1,-1
28.34396155899998,1779965205.695154,6520,54577,3,12582912,-10,0,1,-1
28.34396155899998,1779965205.695154,6520,54578,4,12582912,8,0,1,-1
28.34396155899998,1779965205.695154,6520,54579,5,12582912,22,0,1,-1
28.34396155899998,1779965205.695154,6520,54580,6,12582912,21,0,1,-1
28.34396155899998,1779965205.695154,6520,54581,7,12582912,9,0,1,-1
28.36685892700001,1779965205.7180514,6521,54582,0,12582912,1,0,1,-1
28.36685892700001,1779965205.7180514,6521,54583,1,12582912,5,0,1,-1
28.36685892700001,1779965205.7180514,6521,54584,2,12582912,10,0,1,-1
28.36685892700001,1779965205.7180514,6521,54585,3,12582912,5,0,1,-1
28.36685892700001,1779965205.7180514,6521,54586,4,12582912,-5,0,1,-1
28.36685892700001,1779965205.7180514,6521,54587,5,12582912,-14,0,1,-1
28.36685892700001,1779965205.7180514,6521,54588,6,12582912,-7,0,1,-1
28.36685892700001,1779965205.7180514,6521,54589,7,12582912,10,0,1,-1
28.421044490999975,1779965205.772237,6522,54590,0,12582912,11,0,1,-1
28.421044490999975,1779965205.772237,6522,54591,1,12582912,-6,0,1,-1
28.421044490999975,1779965205.772237,6522,54592,2,12582912,-16,0,1,-1
28.421044490999975,1779965205.772237,6522,54593,3,12582912,-5,0,1,-1
28.421044490999975,1779965205.772237,6522,54594,4,12582912,14,0,1,-1
28.421044490999975,1779965205.772237,6522,54595,5,12582912,26,0,1,-1
28.421044490999975,1779965205.772237,6522,54596,6,12582912,18,0,1,-1
28.421044490999975,1779965205.772237,6522,54597,7,12582912,-4,0,1,-1
28.47502640900001,1779965205.826218,6523,54598,0,12582912,-9,0,1,-1
28.47502640900001,1779965205.826218,6523,54599,1,12582912,1,0,1,-1
28.47502640900001,1779965205.826218,6523,54600,2,12582912,7,0,1,-1
28.47502640900001,1779965205.826218,6523,54601,3,12582912,2,0,1,-1
28.47502640900001,1779965205.826218,6523,54602,4,12582912,-8,0,1,-1
28.47502640900001,1779965205.826218,6523,54603,5,12582912,-2,0,1,-1
28.47502640900001,1779965205.826218,6523,54604,6,12582912,16,0,1,-1
28.47502640900001,1779965205.826218,6523,54605,7,12582912,28,0,1,-1
28.47686865899999,1779965205.828061,6524,54606,0,12582912,21,0,1,-1
28.47686865899999,1779965205.828061,6524,54607,1,12582912,1,0,1,-1
28.47686865899999,1779965205.828061,6524,54608,2,12582912,-1,0,1,-1
28.47686865899999,1779965205.828061,6524,54609,3,12582912,20,0,1,-1
28.47686865899999,1779965205.828061,6524,54610,4,12582912,39,0,1,-1
28.47686865899999,1779965205.828061,6524,54611,5,12582912,34,0,1,-1
28.47686865899999,1779965205.828061,6524,54612,6,12582912,13,0,1,-1
28.47686865899999,1779965205.828061,6524,54613,7,12582912,5,0,1,-1
28.517445239999972,1779965205.8686368,6525,54614,0,12582912,14,0,1,-1
28.517445239999972,1779965205.8686368,6525,54615,1,12582912,22,0,1,-1
28.517445239999972,1779965205.8686368,6525,54616,2,12582912,10,0,1,-1
28.517445239999972,1779965205.8686368,6525,54617,3,12582912,-14,0,1,-1
28.517445239999972,1779965205.8686368,6525,54618,4,12582912,-14,0,1,-1
28.517445239999972,1779965205.8686368,6525,54619,5,12582912,9,0,0,-1
28.517445239999972,1779965205.8686368,6525,54620,6,12582912,25,0,0,-1
28.517445239999972,1779965205.8686368,6525,54621,7,12582912,10,0,0,-1
28.568946831000005,1779965205.9201388,6526,54622,0,12582912,-20,0,0,-1
28.568946831000005,1779965205.9201388,6526,54623,1,12582912,-28,0,0,-1
28.568946831000005,1779965205.9201388,6526,54624,2,12582912,-19,0,0,-1
28.568946831000005,1779965205.9201388,6526,54625,3,12582912,-9,0,0,-1
28.568946831000005,1779965205.9201388,6526,54626,4,12582912,-6,0,0,-1
28.568946831000005,1779965205.9201388,6526,54627,5,12582912,-18,0,0,-1
28.568946831000005,1779965205.9201388,6526,54628,6,12582912,-24,0,0,-1
28.568946831000005,1779965205.9201388,6526,54629,7,12582912,-20,0,0,0
28.570050951999974,1779965205.9212413,6527,54630,0,12582912,-18,0,0,0
28.570050951999974,1779965205.9212413,6527,54631,1,12582912,-19,0,0,0
28.570050951999974,1779965205.9212413,6527,54632,2,12582912,-23,0,0,0
28.570050951999974,1779965205.9212413,6527,54633,3,12582912,-25,0,0,0
28.570050951999974,1779965205.9212413,6527,54634,4,12582912,-16,0,0,0
28.570050951999974,1779965205.9212413,6527,54635,5,12582912,-4,0,0,0
28.570050951999974,1779965205.9212413,6527,54636,6,12582912,-4,0,0,0
28.570050951999974,1779965205.9212413,6527,54637,7,12582912,-16,0,0,0
28.592478422,1779965205.943671,6528,54638,0,12582912,-23,0,0,0
28.592478422,1779965205.943671,6528,54639,1,12582912,-17,0,0,0
28.592478422,1779965205.943671,6528,54640,2,12582912,-5,0,0,0
28.592478422,1779965205.943671,6528,54641,3,12582912,-9,0,0,0
28.592478422,1779965205.943671,6528,54642,4,12582912,-26,0,0,0
28.592478422,1779965205.943671,6528,54643,5,12582912,-28,0,0,0
28.592478422,1779965205.943671,6528,54644,6,12582912,-14,0,0,0
28.592478422,1779965205.943671,6528,54645,7,12582912,-3,0,0,0
28.615988292999987,1779965205.967181,6529,54646,0,12582912,-7,0,0,0
28.615988292999987,1779965205.967181,6529,54647,1,12582912,-16,0,0,0
28.615988292999987,1779965205.967181,6529,54648,2,12582912,-10,0,0,0
28.615988292999987,1779965205.967181,6529,54649,3,12582912,5,0,0,0
28.615988292999987,1779965205.967181,6529,54650,4,12582912,11,0,0,0
28.615988292999987,1779965205.967181,6529,54651,5,12582912,4,0,0,0
28.615988292999987,1779965205.967181,6529,54652,6,12582912,-4,0,0,0
28.615988292999987,1779965205.967181,6529,54653,7,12582912,-3,0,0,0
28.659960309999974,1779965206.0111523,6530,54654,0,12582912,3,0,0,0
28.659960309999974,1779965206.0111523,6530,54655,1,12582912,14,0,0,0
28.659960309999974,1779965206.0111523,6530,54656,2,12582912,15,0,0,0
28.659960309999974,1779965206.0111523,6530,54657,3,12582912,1,0,0,0
28.659960309999974,1779965206.0111523,6530,54658,4,12582912,-3,0,0,0
28.659960309999974,1779965206.0111523,6530,54659,5,12582912,12,0,0,0
28.659960309999974,1779965206.0111523,6530,54660,6,12582912,29,0,0,0
28.659960309999974,1779965206.0111523,6530,54661,7,12582912,26,0,0,0
28.682897103000016,1779965206.0340893,6531,54662,0,12582912,7,0,0,0
28.682897103000016,1779965206.0340893,6531,54663,1,12582912,-4,0,0,0
28.682897103000016,1779965206.0340893,6531,54664,2,12582912,0,0,0,0
28.682897103000016,1779965206.0340893,6531,54665,3,12582912,10,0,0,0
28.682897103000016,1779965206.0340893,6531,54666,4,12582912,15,0,0,0
28.682897103000016,1779965206.0340893,6531,54667,5,12582912,6,0,0,0
28.682897103000016,1779965206.0340893,6531,54668,6,12582912,-1,0,0,0
28.682897103000016,1779965206.0340893,6531,54669,7,12582912,7,0,0,0
28.721512941000015,1779965206.0727053,6532,54670,0,12582912,16,0,0,0
28.721512941000015,1779965206.0727053,6532,54671,1,12582912,11,0,0,0
28.721512941000015,1779965206.0727053,6532,54672,2,12582912,-9,0,0,0
28.721512941000015,1779965206.0727053,6532,54673,3,12582912,-20,0,0,0
28.721512941000015,1779965206.0727053,6532,54674,4,12582912,-8,0,0,0
28.721512941000015,1779965206.0727053,6532,54675,5,12582912,6,0,0,0
28.721512941000015,1779965206.0727053,6532,54676,6,12582912,0,0,0,0
28.721512941000015,1779965206.0727053,6532,54677,7,12582912,-17,0,0,0
28.744790674,1779965206.095983,6533,54678,0,12582912,-22,0,0,0
28.744790674,1779965206.095983,6533,54679,1,12582912,-13,0,0,0
28.744790674,1779965206.095983,6533,54680,2,12582912,0,0,0,0
28.744790674,1779965206.095983,6533,54681,3,12582912,2,0,0,0
28.744790674,1779965206.095983,6533,54682,4,12582912,-12,0,0,0
28.744790674,1779965206.095983,6533,54683,5,12582912,-21,0,0,0
28.744790674,1779965206.095983,6533,54684,6,12582912,-12,0,0,0
28.744790674,1779965206.095983,6533,54685,7,12582912,4,0,0,0
28.796590906999995,1779965206.1477833,6534,54686,0,12582912,9,0,0,0
28.796590906999995,1779965206.1477833,6534,54687,1,12582912,-6,0,0,0
28.796590906999995,1779965206.1477833,6534,54688,2,12582912,-15,0,0,0
28.796590906999995,1779965206.1477833,6534,54689,3,12582912,-2,0,0,0
28.796590906999995,1779965206.1477833,6534,54690,4,12582912,14,0,0,0
28.796590906999995,1779965206.1477833,6534,54691,5,12582912,12,0,0,0
28.796590906999995,1779965206.1477833,6534,54692,6,12582912,-3,0,0,0
28.796590906999995,1779965206.1477833,6534,54693,7,12582912,-11,0,0,0
28.849664949999976,1779965206.2008576,6535,54694,0,12582912,-5,0,0,0
28.849664949999976,1779965206.2008576,6535,54695,1,12582912,-2,0,0,0
28.849664949999976,1779965206.2008576,6535,54696,2,12582912,-15,0,0,0
28.849664949999976,1779965206.2008576,6535,54697,3,12582912,-28,0,0,0
28.849664949999976,1779965206.2008576,6535,54698,4,12582912,-20,0,0,0
28.849664949999976,1779965206.2008576,6535,54699,5,12582912,5,0,0,0
28.849664949999976,1779965206.2008576,6535,54700,6,12582912,23,0,0,0
28.849664949999976,1779965206.2008576,6535,54701,7,12582912,17,0,0,0
28.89058153000002,1779965206.2417727,6536,54702,0,12582912,-11,0,0,0
28.89058153000002,1779965206.2417727,6536,54703,1,12582912,-25,0,0,0
28.89058153000002,1779965206.2417727,6536,54704,2,12582912,-13,0,0,0
28.89058153000002,1779965206.2417727,6536,54705,3,12582912,7,0,0,0
28.89058153000002,1779965206.2417727,6536,54706,4,12582912,9,0,0,0
28.89058153000002,1779965206.2417727,6536,54707,5,12582912,-9,0,0,0
28.89058153000002,1779965206.2417727,6536,54708,6,12582912,-18,0,0,0
28.89058153000002,1779965206.2417727,6536,54709,7,12582912,-7,0,0,0
28.901200390999975,1779965206.2523935,6537,54710,0,12582912,9,0,0,0
28.901200390999975,1779965206.2523935,6537,54711,1,12582912,13,0,0,0
28.901200390999975,1779965206.2523935,6537,54712,2,12582912,-1,0,0,0
28.901200390999975,1779965206.2523935,6537,54713,3,12582912,-7,0,0,0
28.901200390999975,1779965206.2523935,6537,54714,4,12582912,6,0,0,0
28.901200390999975,1779965206.2523935,6537,54715,5,12582912,19,0,0,0
28.901200390999975,1779965206.2523935,6537,54716,6,12582912,16,0,0,0
28.901200390999975,1779965206.2523935,6537,54717,7,12582912,0,0,0,0
28.941227486999992,1779965206.2924206,6538,54718,0,12582912,-3,0,0,0
28.941227486999992,1779965206.2924206,6538,54719,1,12582912,7,0,0,0
28.941227486999992,1779965206.2924206,6538,54720,2,12582912,18,0,0,0
28.941227486999992,1779965206.2924206,6538,54721,3,12582912,15,0,0,0
28.941227486999992,1779965206.2924206,6538,54722,4,12582912,0,0,0,0
28.941227486999992,1779965206.2924206,6538,54723,5,12582912,-3,0,0,0
28.941227486999992,1779965206.2924206,6538,54724,6,12582912,13,0,0,0
28.941227486999992,1779965206.2924206,6538,54725,7,12582912,28,0,0,0
28.942711712999994,1779965206.293903,6539,54726,0,12582912,23,0,0,0
28.942711712999994,1779965206.293903,6539,54727,1,12582912,-3,0,0,0
28.942711712999994,1779965206.293903,6539,54728,2,12582912,-15,0,0,0
28.942711712999994,1779965206.293903,6539,54729,3,12582912,-2,0,0,0
28.942711712999994,1779965206.293903,6539,54730,4,12582912,16,0,0,0
28.942711712999994,1779965206.293903,6539,54731,5,12582912,17,0,0,0
28.942711712999994,1779965206.293903,6539,54732,6,12582912,2,0,0,0
28.942711712999994,1779965206.293903,6539,54733,7,12582912,1,0,0,0
29.007701655000005,1779965206.358894,6540,54734,0,12582912,19,0,0,0
29.007701655000005,1779965206.358894,6540,54735,1,12582912,33,0,0,0
29.007701655000005,1779965206.358894,6540,54736,2,12582912,28,0,0,0
29.007701655000005,1779965206.358894,6540,54737,3,12582912,5,0,0,0
29.007701655000005,1779965206.358894,6540,54738,4,12582912,-6,0,0,0
29.007701655000005,1779965206.358894,6540,54739,5,12582912,9,0,0,0
29.007701655000005,1779965206.358894,6540,54740,6,12582912,28,0,0,0
29.007701655000005,1779965206.358894,6540,54741,7,12582912,29,0,0,0
29.009266716000013,1779965206.3604581,6541,54742,0,12582912,8,0,0,0
29.009266716000013,1779965206.3604581,6541,54743,1,12582912,-8,0,0,0
29.009266716000013,1779965206.3604581,6541,54744,2,12582912,-6,0,0,0
29.009266716000013,1779965206.3604581,6541,54745,3,12582912,10,0,0,0
29.009266716000013,1779965206.3604581,6541,54746,4,12582912,26,0,0,0
29.009266716000013,1779965206.3604581,6541,54747,5,12582912,25,0,0,0
29.009266716000013,1779965206.3604581,6541,54748,6,12582912,22,0,0,0
29.009266716000013,1779965206.3604581,6541,54749,7,12582912,34,0,0,0
29.062600395999993,1779965206.4137926,6542,54750,0,12582912,40,0,0,0
29.062600395999993,1779965206.4137926,6542,54751,1,12582912,26,0,0,0
29.062600395999993,1779965206.4137926,6542,54752,2,12582912,5,0,0,0
29.062600395999993,1779965206.4137926,6542,54753,3,12582912,2,0,0,0
29.062600395999993,1779965206.4137926,6542,54754,4,12582912,17,0,0,0
29.062600395999993,1779965206.4137926,6542,54755,5,12582912,32,0,0,0
29.062600395999993,1779965206.4137926,6542,54756,6,12582912,34,0,0,0
29.062600395999993,1779965206.4137926,6542,54757,7,12582912,22,0,0,0
29.08551057400001,1779965206.436703,6543,54758,0,12582912,19,0,0,0
29.08551057400001,1779965206.436703,6543,54759,1,12582912,29,0,0,0
29.08551057400001,1779965206.436703,6543,54760,2,12582912,35,0,0,0
29.08551057400001,1779965206.436703,6543,54761,3,12582912,26,0,0,0
29.08551057400001,1779965206.436703,6543,54762,4,12582912,8,0,0,0
29.08551057400001,1779965206.436703,6543,54763,5,12582912,8,0,0,0
29.08551057400001,1779965206.436703,6543,54764,6,12582912,33,0,0,0
29.08551057400001,1779965206.436703,6543,54765,7,12582912,56,0,0,0
29.108357782999974,1779965206.4595501,6544,54766,0,12582912,51,0,0,0
29.108357782999974,1779965206.4595501,6544,54767,1,12582912,22,0,0,0
29.108357782999974,1779965206.4595501,6544,54768,2,12582912,6,0,0,0
29.108357782999974,1779965206.4595501,6544,54769,3,12582912,16,0,0,0
29.108357782999974,1779965206.4595501,6544,54770,4,12582912,27,0,0,0
29.108357782999974,1779965206.4595501,6544,54771,5,12582912,19,0,0,0
29.108357782999974,1779965206.4595501,6544,54772,6,12582912,1,0,0,0
29.108357782999974,1779965206.4595501,6544,54773,7,12582912,3,0,0,0
29.14688763099997,1779965206.49808,6545,54774,0,12582912,24,0,0,0
29.14688763099997,1779965206.49808,6545,54775,1,12582912,42,0,0,0
29.14688763099997,1779965206.49808,6545,54776,2,12582912,41,0,0,0
29.14688763099997,1779965206.49808,6545,54777,3,12582912,18,0,0,0
29.14688763099997,1779965206.49808,6545,54778,4,12582912,6,0,0,0
29.14688763099997,1779965206.49808,6545,54779,5,12582912,22,0,0,0
29.14688763099997,1779965206.49808,6545,54780,6,12582912,41,0,0,0
29.14688763099997,1779965206.49808,6545,54781,7,12582912,38,0,0,0
29.16983963299998,1779965206.5210319,6546,54782,0,12582912,20,0,0,0
29.16983963299998,1779965206.5210319,6546,54783,1,12582912,15,0,0,0
29.16983963299998,1779965206.5210319,6546,54784,2,12582912,29,0,0,0
29.16983963299998,1779965206.5210319,6546,54785,3,12582912,40,0,0,0
29.16983963299998,1779965206.5210319,6546,54786,4,12582912,29,0,0,0
29.16983963299998,1779965206.5210319,6546,54787,5,12582912,6,0,0,0
29.16983963299998,1779965206.5210319,6546,54788,6,12582912,1,0,0,0
29.16983963299998,1779965206.5210319,6546,54789,7,12582912,21,0,0,0
29.199339639000016,1779965206.5505323,6547,54790,0,12582912,39,0,0,0
29.199339639000016,1779965206.5505323,6547,54791,1,12582912,35,0,0,0
29.199339639000016,1779965206.5505323,6547,54792,2,12582912,9,0,0,0
29.199339639000016,1779965206.5505323,6547,54793,3,12582912,-2,0,0,0
29.199339639000016,1779965206.5505323,6547,54794,4,12582912,13,0,0,0
29.199339639000016,1779965206.5505323,6547,54795,5,12582912,32,0,0,0
29.199339639000016,1779965206.5505323,6547,54796,6,12582912,34,0,0,0
29.199339639000016,1779965206.5505323,6547,54797,7,12582912,19,0,0,0
29.23127731599999,1779965206.58247,6548,54798,0,12582912,15,0,0,0
29.23127731599999,1779965206.58247,6548,54799,1,12582912,26,0,0,0
29.23127731599999,1779965206.58247,6548,54800,2,12582912,32,0,0,0
29.23127731599999,1779965206.58247,6548,54801,3,12582912,21,0,0,0
29.23127731599999,1779965206.58247,6548,54802,4,12582912,-1,0,0,0
29.23127731599999,1779965206.58247,6548,54803,5,12582912,-4,0,0,0
29.23127731599999,1779965206.58247,6548,54804,6,12582912,18,0,0,0
29.23127731599999,1779965206.58247,6548,54805,7,12582912,41,0,0,0
29.276116468999987,1779965206.6273081,6549,54806,0,12582912,43,0,0,0
29.276116468999987,1779965206.6273081,6549,54807,1,12582912,16,0,0,0
29.276116468999987,1779965206.6273081,6549,54808,2,12582912,-3,0,0,0
29.276116468999987,1779965206.6273081,6549,54809,3,12582912,12,0,0,0
29.276116468999987,1779965206.6273081,6549,54810,4,12582912,37,0,0,0
29.276116468999987,1779965206.6273081,6549,54811,5,12582912,40,0,0,0
29.276116468999987,1779965206.6273081,6549,54812,6,12582912,19,0,0,0
29.276116468999987,1779965206.6273081,6549,54813,7,12582912,5,0,0,0
29.32472132099997,1779965206.6759138,6550,54814,0,12582912,17,0,0,0
29.32472132099997,1779965206.6759138,6550,54815,1,12582912,34,0,0,0
29.32472132099997,1779965206.6759138,6550,54816,2,12582912,28,0,0,0
29.32472132099997,1779965206.6759138,6550,54817,3,12582912,7,0,0,0
29.32472132099997,1779965206.6759138,6550,54818,4,12582912,5,0,0,0
29.32472132099997,1779965206.6759138,6550,54819,5,12582912,19,0,0,0
29.32472132099997,1779965206.6759138,6550,54820,6,12582912,28,0,0,0
29.32472132099997,1779965206.6759138,6550,54821,7,12582912,24,0,0,0
29.326177266000002,1779965206.6773684,6551,54822,0,12582912,9,0,0,0
29.326177266000002,1779965206.6773684,6551,54823,1,12582912,11,0,0,0
29.326177266000002,1779965206.6773684,6551,54824,2,12582912,31,0,0,0
29.326177266000002,1779965206.6773684,6551,54825,3,12582912,43,0,0,0
29.326177266000002,1779965206.6773684,6551,54826,4,12582912,34,0,0,0
29.326177266000002,1779965206.6773684,6551,54827,5,12582912,10,0,0,0
29.326177266000002,1779965206.6773684,6551,54828,6,12582912,0,0,0,0
29.326177266000002,1779965206.6773684,6551,54829,7,12582912,11,0,0,0
29.364591071999996,1779965206.7157834,6552,54830,0,12582912,30,0,0,0
29.364591071999996,1779965206.7157834,6552,54831,1,12582912,37,0,0,0
29.364591071999996,1779965206.7157834,6552,54832,2,12582912,28,0,0,0
29.364591071999996,1779965206.7157834,6552,54833,3,12582912,26,0,0,0
29.364591071999996,1779965206.7157834,6552,54834,4,12582912,38,0,0,0
29.364591071999996,1779965206.7157834,6552,54835,5,12582912,49,0,0,0
29.364591071999996,1779965206.7157834,6552,54836,6,12582912,42,0,0,0
29.364591071999996,1779965206.7157834,6552,54837,7,12582912,21,0,0,0
29.38778198099999,1779965206.7389746,6553,54838,0,12582912,11,0,0,0
29.38778198099999,1779965206.7389746,6553,54839,1,12582912,21,0,0,0
29.38778198099999,1779965206.7389746,6553,54840,2,12582912,39,0,0,0
29.38778198099999,1779965206.7389746,6553,54841,3,12582912,52,0,0,0
29.38778198099999,1779965206.7389746,6553,54842,4,12582912,45,0,0,0
29.38778198099999,1779965206.7389746,6553,54843,5,12582912,33,0,0,0
29.38778198099999,1779965206.7389746,6553,54844,6,12582912,33,0,0,0
29.38778198099999,1779965206.7389746,6553,54845,7,12582912,39,0,0,0
29.441672278,1779965206.7928655,6554,54846,0,12582912,34,0,0,0
29.441672278,1779965206.7928655,6554,54847,1,12582912,11,0,0,0
29.441672278,1779965206.7928655,6554,54848,2,12582912,2,0,0,0
29.441672278,1779965206.7928655,6554,54849,3,12582912,19,0,0,0
29.441672278,1779965206.7928655,6554,54850,4,12582912,41,0,0,0
29.441672278,1779965206.7928655,6554,54851,5,12582912,40,0,0,0
29.441672278,1779965206.7928655,6554,54852,6,12582912,17,0,0,0
29.441672278,1779965206.7928655,6554,54853,7,12582912,11,0,0,0
29.464488237000012,1779965206.8156807,6555,54854,0,12582912,31,0,0,0
29.464488237000012,1779965206.8156807,6555,54855,1,12582912,52,0,0,0
29.464488237000012,1779965206.8156807,6555,54856,2,12582912,50,0,0,0
29.464488237000012,1779965206.8156807,6555,54857,3,12582912,25,0,0,0
29.464488237000012,1779965206.8156807,6555,54858,4,12582912,11,0,0,0
29.464488237000012,1779965206.8156807,6555,54859,5,12582912,23,0,0,0
29.464488237000012,1779965206.8156807,6555,54860,6,12582912,42,0,0,0
29.464488237000012,1779965206.8156807,6555,54861,7,12582912,50,0,0,0
29.487327737999976,1779965206.83852,6556,54862,0,12582912,43,0,0,0
29.487327737999976,1779965206.83852,6556,54863,1,12582912,40,0,0,0
29.487327737999976,1779965206.83852,6556,54864,2,12582912,50,0,0,0
29.487327737999976,1779965206.83852,6556,54865,3,12582912,61,0,0,0
29.487327737999976,1779965206.83852,6556,54866,4,12582912,59,0,0,0
29.487327737999976,1779965206.83852,6556,54867,5,12582912,41,0,0,0
29.487327737999976,1779965206.83852,6556,54868,6,12582912,21,0,0,0
29.487327737999976,1779965206.83852,6556,54869,7,12582912,25,0,0,0
29.51122760999999,1779965206.8624203,6557,54870,0,12582912,46,0,0,0
29.51122760999999,1779965206.8624203,6557,54871,1,12582912,53,0,0,0
29.51122760999999,1779965206.8624203,6557,54872,2,12582912,33,0,0,0
29.51122760999999,1779965206.8624203,6557,54873,3,12582912,18,0,0,0
29.51122760999999,1779965206.8624203,6557,54874,4,12582912,32,0,0,0
29.51122760999999,1779965206.8624203,6557,54875,5,12582912,58,0,0,0
29.51122760999999,1779965206.8624203,6557,54876,6,12582912,67,0,0,0
29.51122760999999,1779965206.8624203,6557,54877,7,12582912,46,0,0,0
29.580410230999973,1779965206.9316032,6558,54878,0,12582912,23,0,0,0
29.580410230999973,1779965206.9316032,6558,54879,1,12582912,22,0,0,0
29.580410230999973,1779965206.9316032,6558,54880,2,12582912,34,0,0,0
29.580410230999973,1779965206.9316032,6558,54881,3,12582912,38,0,0,0
29.580410230999973,1779965206.9316032,6558,54882,4,12582912,26,0,0,0
29.580410230999973,1779965206.9316032,6558,54883,5,12582912,20,0,0,0
29.580410230999973,1779965206.9316032,6558,54884,6,12582912,34,0,0,0
29.580410230999973,1779965206.9316032,6558,54885,7,12582912,52,0,0,0
29.58190201000002,1779965206.933093,6559,54886,0,12582912,52,0,0,0
29.58190201000002,1779965206.933093,6559,54887,1,12582912,32,0,0,0
29.58190201000002,1779965206.933093,6559,54888,2,12582912,21,0,0,0
29.58190201000002,1779965206.933093,6559,54889,3,12582912,32,0,0,0
29.58190201000002,1779965206.933093,6559,54890,4,12582912,45,0,0,0
29.58190201000002,1779965206.933093,6559,54891,5,12582912,41,0,0,0
29.58190201000002,1779965206.933093,6559,54892,6,12582912,22,0,0,0
29.58190201000002,1779965206.933093,6559,54893,7,12582912,18,0,0,0
29.625808033,1779965206.9770007,6560,54894,0,12582912,38,0,0,0
29.625808033,1779965206.9770007,6560,54895,1,12582912,57,0,0,0
29.625808033,1779965206.9770007,6560,54896,2,12582912,52,0,0,0
29.625808033,1779965206.9770007,6560,54897,3,12582912,28,0,0,0
29.625808033,1779965206.9770007,6560,54898,4,12582912,17,0,0,0
29.625808033,1779965206.9770007,6560,54899,5,12582912,38,0,0,0
29.625808033,1779965206.9770007,6560,54900,6,12582912,67,0,0,0
29.625808033,1779965206.9770007,6560,54901,7,12582912,70,0,0,0
29.668919831999972,1779965207.020111,6561,54902,0,12582912,46,0,0,0
29.668919831999972,1779965207.020111,6561,54903,1,12582912,32,0,0,0
29.668919831999972,1779965207.020111,6561,54904,2,12582912,51,0,0,0
29.668919831999972,1779965207.020111,6561,54905,3,12582912,75,0,0,0
29.668919831999972,1779965207.020111,6561,54906,4,12582912,77,0,0,0
29.668919831999972,1779965207.020111,6561,54907,5,12582912,56,0,0,0
29.668919831999972,1779965207.020111,6561,54908,6,12582912,38,0,0,0
29.668919831999972,1779965207.020111,6561,54909,7,12582912,42,0,0,0
29.691780736999988,1779965207.0429733,6562,54910,0,12582912,56,0,0,0
29.691780736999988,1779965207.0429733,6562,54911,1,12582912,56,0,0,0
29.691780736999988,1779965207.0429733,6562,54912,2,12582912,36,0,0,0
29.691780736999988,1779965207.0429733,6562,54913,3,12582912,23,0,0,0
29.691780736999988,1779965207.0429733,6562,54914,4,12582912,36,0,0,0
29.691780736999988,1779965207.0429733,6562,54915,5,12582912,60,0,0,0
29.691780736999988,1779965207.0429733,6562,54916,6,12582912,65,0,0,0
29.691780736999988,1779965207.0429733,6562,54917,7,12582912,39,0,0,0
29.71474601799997,1779965207.0659385,6563,54918,0,12582912,18,0,0,0
29.71474601799997,1779965207.0659385,6563,54919,1,12582912,30,0,0,0
29.71474601799997,1779965207.0659385,6563,54920,2,12582912,55,0,0,0
29.71474601799997,1779965207.0659385,6563,54921,3,12582912,62,0,0,0
29.71474601799997,1779965207.0659385,6563,54922,4,12582912,42,0,0,0
29.71474601799997,1779965207.0659385,6563,54923,5,12582912,24,0,0,0
29.71474601799997,1779965207.0659385,6563,54924,6,12582912,34,0,0,0
29.71474601799997,1779965207.0659385,6563,54925,7,12582912,58,0,0,0
29.737648225999976,1779965207.0888405,6564,54926,0,12582912,63,0,0,0
29.737648225999976,1779965207.0888405,6564,54927,1,12582912,39,0,0,0
29.737648225999976,1779965207.0888405,6564,54928,2,12582912,22,0,0,0
29.737648225999976,1779965207.0888405,6564,54929,3,12582912,34,0,0,0
29.737648225999976,1779965207.0888405,6564,54930,4,12582912,51,0,0,0
29.737648225999976,1779965207.0888405,6564,54931,5,12582912,53,0,0,0
29.737648225999976,1779965207.0888405,6564,54932,6,12582912,35,0,0,0
29.737648225999976,1779965207.0888405,6564,54933,7,12582912,26,0,0,0
29.79907475699997,1779965207.1502671,6565,54934,0,12582912,40,0,0,0
29.79907475699997,1779965207.1502671,6565,54935,1,12582912,58,0,0,0
29.79907475699997,1779965207.1502671,6565,54936,2,12582912,61,0,0,0
29.79907475699997,1779965207.1502671,6565,54937,3,12582912,41,0,0,0
29.79907475699997,1779965207.1502671,6565,54938,4,12582912,26,0,0,0
29.79907475699997,1779965207.1502671,6565,54939,5,12582912,39,0,0,0
29.79907475699997,1779965207.1502671,6565,54940,6,12582912,54,0,0,0
29.79907475699997,1779965207.1502671,6565,54941,7,12582912,54,0,0,0
29.80066122400001,1779965207.151853,6566,54942,0,12582912,41,0,0,0
29.80066122400001,1779965207.151853,6566,54943,1,12582912,35,0,0,0
29.80066122400001,1779965207.151853,6566,54944,2,12582912,42,0,0,0
29.80066122400001,1779965207.151853,6566,54945,3,12582912,53,0,0,0
29.80066122400001,1779965207.151853,6566,54946,4,12582912,51,0,0,0
29.80066122400001,1779965207.151853,6566,54947,5,12582912,25,0,0,0
29.80066122400001,1779965207.151853,6566,54948,6,12582912,7,0,0,0
29.80066122400001,1779965207.151853,6566,54949,7,12582912,25,0,0,0
29.890817286000015,1779965207.2420099,6567,54950,0,12582912,54,0,0,0
29.890817286000015,1779965207.2420099,6567,54951,1,12582912,60,0,0,0
29.890817286000015,1779965207.2420099,6567,54952,2,12582912,42,0,0,0
29.890817286000015,1779965207.2420099,6567,54953,3,12582912,29,0,0,0
29.890817286000015,1779965207.2420099,6567,54954,4,12582912,38,0,0,0
29.890817286000015,1779965207.2420099,6567,54955,5,12582912,56,0,0,0
29.890817286000015,1779965207.2420099,6567,54956,6,12582912,64,0,0,0
29.890817286000015,1779965207.2420099,6567,54957,7,12582912,47,0,0,0
29.892434741999978,1779965207.243627,6568,54958,0,12582912,29,0,0,0
29.892434741999978,1779965207.243627,6568,54959,1,12582912,32,0,0,0
29.892434741999978,1779965207.243627,6568,54960,2,12582912,44,0,0,0
29.892434741999978,1779965207.243627,6568,54961,3,12582912,43,0,0,0
29.892434741999978,1779965207.243627,6568,54962,4,12582912,26,0,0,0
29.892434741999978,1779965207.243627,6568,54963,5,12582912,23,0,0,0
29.892434741999978,1779965207.243627,6568,54964,6,12582912,45,0,0,0
29.892434741999978,1779965207.243627,6568,54965,7,12582912,64,0,0,0
29.915259397,1779965207.2664516,6569,54966,0,12582912,62,0,0,0
29.915259397,1779965207.2664516,6569,54967,1,12582912,39,0,0,0
29.915259397,1779965207.2664516,6569,54968,2,12582912,23,0,0,0
29.915259397,1779965207.2664516,6569,54969,3,12582912,32,0,0,0
29.915259397,1779965207.2664516,6569,54970,4,12582912,46,0,0,0
29.915259397,1779965207.2664516,6569,54971,5,12582912,50,0,0,0
29.915259397,1779965207.2664516,6569,54972,6,12582912,42,0,0,0
29.915259397,1779965207.2664516,6569,54973,7,12582912,32,0,0,0
29.944030698999995,1779965207.295223,6570,54974,0,12582912,36,0,0,0
29.944030698999995,1779965207.295223,6570,54975,1,12582912,44,0,0,0
29.944030698999995,1779965207.295223,6570,54976,2,12582912,40,0,0,0
29.944030698999995,1779965207.295223,6570,54977,3,12582912,18,0,0,0
29.944030698999995,1779965207.295223,6570,54978,4,12582912,10,0,0,0
29.944030698999995,1779965207.295223,6570,54979,5,12582912,32,0,0,0
29.944030698999995,1779965207.295223,6570,54980,6,12582912,58,0,0,0
29.944030698999995,1779965207.295223,6570,54981,7,12582912,61,0,0,0
30.005455875999985,1779965207.3566487,6571,54982,0,12582912,40,0,0,0
30.005455875999985,1779965207.3566487,6571,54983,1,12582912,23,0,0,0
30.005455875999985,1779965207.3566487,6571,54984,2,12582912,34,0,0,0
30.005455875999985,1779965207.3566487,6571,54985,3,12582912,56,0,0,0
30.005455875999985,1779965207.3566487,6571,54986,4,12582912,64,0,0,0
30.005455875999985,1779965207.3566487,6571,54987,5,12582912,51,0,0,0
30.005455875999985,1779965207.3566487,6571,54988,6,12582912,41,0,0,0
30.005455875999985,1779965207.3566487,6571,54989,7,12582912,49,0,0,0
30.007400104999988,1779965207.3585927,6572,54990,0,12582912,61,0,0,0
30.007400104999988,1779965207.3585927,6572,54991,1,12582912,61,0,0,0
30.007400104999988,1779965207.3585927,6572,54992,2,12582912,40,0,0,0
30.007400104999988,1779965207.3585927,6572,54993,3,12582912,27,0,0,0
30.007400104999988,1779965207.3585927,6572,54994,4,12582912,46,0,0,0
30.007400104999988,1779965207.3585927,6572,54995,5,12582912,73,0,0,0
30.007400104999988,1779965207.3585927,6572,54996,6,12582912,77,0,0,0
30.007400104999988,1779965207.3585927,6572,54997,7,12582912,55,0,0,0
30.06496786499997,1779965207.416159,6573,54998,0,12582912,40,0,0,0
30.06496786499997,1779965207.416159,6573,54999,1,12582912,51,0,0,0
30.06496786499997,1779965207.416159,6573,55000,2,12582912,69,0,0,0
30.06496786499997,1779965207.416159,6573,55001,3,12582912,242,0,0,0
30.06496786499997,1779965207.416159,6573,55002,4,12582912,581,0,0,0
30.06496786499997,1779965207.416159,6573,55003,5,12582912,543,0,0,0
30.06496786499997,1779965207.416159,6573,55004,6,12582912,-46,0,0,0
30.06496786499997,1779965207.416159,6573,55005,7,12582912,-479,0,0,0
30.06611282,1779965207.417305,6574,55006,0,12582912,-227,0,0,0
30.06611282,1779965207.417305,6574,55007,1,12582912,325,0,0,0
30.06611282,1779965207.417305,6574,55008,2,12582912,437,0,0,0
30.06611282,1779965207.417305,6574,55009,3,12582912,6,0,0,0
30.06611282,1779965207.417305,6574,55010,4,12582912,-350,0,0,0
30.06611282,1779965207.417305,6574,55011,5,12582912,-175,0,0,0
30.06611282,1779965207.417305,6574,55012,6,12582912,251,0,0,0
30.06611282,1779965207.417305,6574,55013,7,12582912,351,0,0,0
30.118705605000002,1779965207.469898,6575,55014,0,12582912,29,0,0,0
30.118705605000002,1779965207.469898,6575,55015,1,12582912,-247,0,0,0
30.118705605000002,1779965207.469898,6575,55016,2,12582912,-119,0,0,0
30.118705605000002,1779965207.469898,6575,55017,3,12582912,207,0,0,0
30.118705605000002,1779965207.469898,6575,55018,4,12582912,285,0,0,0
30.118705605000002,1779965207.469898,6575,55019,5,12582912,40,0,0,0
30.118705605000002,1779965207.469898,6575,55020,6,12582912,-174,0,0,0
30.118705605000002,1779965207.469898,6575,55021,7,12582912,-85,0,0,0
30.141596770999968,1779965207.4927895,6576,55022,0,12582912,159,0,0,0
30.141596770999968,1779965207.4927895,6576,55023,1,12582912,225,0,0,0
30.141596770999968,1779965207.4927895,6576,55024,2,12582912,47,0,0,0
30.141596770999968,1779965207.4927895,6576,55025,3,12582912,-105,0,0,0
30.141596770999968,1779965207.4927895,6576,55026,4,12582912,-27,0,0,0
30.141596770999968,1779965207.4927895,6576,55027,5,12582912,160,0,0,0
30.141596770999968,1779965207.4927895,6576,55028,6,12582912,202,0,0,0
30.141596770999968,1779965207.4927895,6576,55029,7,12582912,56,0,0,0
30.164499602999967,1779965207.515692,6577,55030,0,12582912,-70,0,0,0
30.164499602999967,1779965207.515692,6577,55031,1,12582912,-25,0,0,0
30.164499602999967,1779965207.515692,6577,55032,2,12582912,108,0,0,0
30.164499602999967,1779965207.515692,6577,55033,3,12582912,147,0,0,0
30.164499602999967,1779965207.515692,6577,55034,4,12582912,48,0,0,0
30.164499602999967,1779965207.515692,6577,55035,5,12582912,-38,0,0,0
30.164499602999967,1779965207.515692,6577,55036,6,12582912,5,0,0,0
30.164499602999967,1779965207.515692,6577,55037,7,12582912,111,0,0,0
30.18731477900002,1779965207.5385072,6578,55038,0,12582912,137,0,0,0
30.18731477900002,1779965207.5385072,6578,55039,1,12582912,57,0,0,0
30.18731477900002,1779965207.5385072,6578,55040,2,12582912,-14,0,0,0
30.18731477900002,1779965207.5385072,6578,55041,3,12582912,6,0,0,0
30.18731477900002,1779965207.5385072,6578,55042,4,12582912,81,0,0,0
30.18731477900002,1779965207.5385072,6578,55043,5,12582912,109,0,0,0
30.18731477900002,1779965207.5385072,6578,55044,6,12582912,59,0,0,0
30.18731477900002,1779965207.5385072,6578,55045,7,12582912,10,0,0,0
30.248802039999987,1779965207.5999944,6579,55046,0,12582912,26,0,0,0
30.248802039999987,1779965207.5999944,6579,55047,1,12582912,78,0,0,0
30.248802039999987,1779965207.5999944,6579,55048,2,12582912,92,0,0,0
30.248802039999987,1779965207.5999944,6579,55049,3,12582912,48,0,0,0
30.248802039999987,1779965207.5999944,6579,55050,4,12582912,7,0,0,0
30.248802039999987,1779965207.5999944,6579,55051,5,12582912,20,0,0,0
30.248802039999987,1779965207.5999944,6579,55052,6,12582912,65,0,0,0
30.248802039999987,1779965207.5999944,6579,55053,7,12582912,80,0,0,0
30.27168304899999,1779965207.6228757,6580,55054,0,12582912,52,0,0,0
30.27168304899999,1779965207.6228757,6580,55055,1,12582912,29,0,0,0
30.27168304899999,1779965207.6228757,6580,55056,2,12582912,36,0,0,0
30.27168304899999,1779965207.6228757,6580,55057,3,12582912,61,0,0,0
30.27168304899999,1779965207.6228757,6580,55058,4,12582912,72,0,0,0
30.27168304899999,1779965207.6228757,6580,55059,5,12582912,53,0,0,0
30.27168304899999,1779965207.6228757,6580,55060,6,12582912,30,0,0,0
30.27168304899999,1779965207.6228757,6580,55061,7,12582912,29,0,0,0
30.294599371000004,1779965207.6457922,6581,55062,0,12582912,50,0,0,0
30.294599371000004,1779965207.6457922,6581,55063,1,12582912,66,0,0,0
30.294599371000004,1779965207.6457922,6581,55064,2,12582912,57,0,0,0
30.294599371000004,1779965207.6457922,6581,55065,3,12582912,39,0,0,0
30.294599371000004,1779965207.6457922,6581,55066,4,12582912,27,0,0,0
30.294599371000004,1779965207.6457922,6581,55067,5,12582912,32,0,0,0
30.294599371000004,1779965207.6457922,6581,55068,6,12582912,50,0,0,0
30.294599371000004,1779965207.6457922,6581,55069,7,12582912,52,0,0,0
30.34853752800001,1779965207.6997302,6582,55070,0,12582912,42,0,0,0
30.34853752800001,1779965207.6997302,6582,55071,1,12582912,36,0,0,0
30.34853752800001,1779965207.6997302,6582,55072,2,12582912,39,0,0,0
30.34853752800001,1779965207.6997302,6582,55073,3,12582912,44,0,0,0
30.34853752800001,1779965207.6997302,6582,55074,4,12582912,43,0,0,0
30.34853752800001,1779965207.6997302,6582,55075,5,12582912,41,0,0,0
30.34853752800001,1779965207.6997302,6582,55076,6,12582912,39,0,0,0
30.34853752800001,1779965207.6997302,6582,55077,7,12582912,43,0,0,0
30.350026182000022,1779965207.7012172,6583,55078,0,12582912,51,0,0,0
30.350026182000022,1779965207.7012172,6583,55079,1,12582912,48,0,0,0
30.350026182000022,1779965207.7012172,6583,55080,2,12582912,36,0,0,0
30.350026182000022,1779965207.7012172,6583,55081,3,12582912,26,0,0,0
30.350026182000022,1779965207.7012172,6583,55082,4,12582912,29,0,0,0
30.350026182000022,1779965207.7012172,6583,55083,5,12582912,45,0,0,0
30.350026182000022,1779965207.7012172,6583,55084,6,12582912,56,0,0,0
30.350026182000022,1779965207.7012172,6583,55085,7,12582912,55,0,0,0
30.394000952,1779965207.7451935,6584,55086,0,12582912,41,0,0,0
30.394000952,1779965207.7451935,6584,55087,1,12582912,29,0,0,0
30.394000952,1779965207.7451935,6584,55088,2,12582912,38,0,0,0
30.394000952,1779965207.7451935,6584,55089,3,12582912,50,0,0,0
30.394000952,1779965207.7451935,6584,55090,4,12582912,48,0,0,0
30.394000952,1779965207.7451935,6584,55091,5,12582912,37,0,0,0
30.394000952,1779965207.7451935,6584,55092,6,12582912,31,0,0,0
30.394000952,1779965207.7451935,6584,55093,7,12582912,38,0,0,0
30.41685956599997,1779965207.7680519,6585,55094,0,12582912,46,0,0,0
30.41685956599997,1779965207.7680519,6585,55095,1,12582912,50,0,0,0
30.41685956599997,1779965207.7680519,6585,55096,2,12582912,40,0,0,0
30.41685956599997,1779965207.7680519,6585,55097,3,12582912,31,0,0,0
30.41685956599997,1779965207.7680519,6585,55098,4,12582912,36,0,0,0
30.41685956599997,1779965207.7680519,6585,55099,5,12582912,48,0,0,0
30.41685956599997,1779965207.7680519,6585,55100,6,12582912,52,0,0,0
30.41685956599997,1779965207.7680519,6585,55101,7,12582912,37,0,0,0
30.49758906599999,1779965207.8487809,6586,55102,0,12582912,16,0,0,0
30.49758906599999,1779965207.8487809,6586,55103,1,12582912,18,0,0,0
30.49758906599999,1779965207.8487809,6586,55104,2,12582912,37,0,0,0
30.49758906599999,1779965207.8487809,6586,55105,3,12582912,44,0,0,0
30.49758906599999,1779965207.8487809,6586,55106,4,12582912,23,0,0,0
30.49758906599999,1779965207.8487809,6586,55107,5,12582912,9,0,0,0
30.49758906599999,1779965207.8487809,6586,55108,6,12582912,23,0,0,0
30.49758906599999,1779965207.8487809,6586,55109,7,12582912,43,0,0,0
30.498751519999985,1779965207.849943,6587,55110,0,12582912,46,0,0,0
30.498751519999985,1779965207.849943,6587,55111,1,12582912,26,0,0,0
30.498751519999985,1779965207.849943,6587,55112,2,12582912,2,0,0,0
30.498751519999985,1779965207.849943,6587,55113,3,12582912,2,0,0,0
30.498751519999985,1779965207.849943,6587,55114,4,12582912,22,0,0,0
30.498751519999985,1779965207.849943,6587,55115,5,12582912,32,0,0,0
30.498751519999985,1779965207.849943,6587,55116,6,12582912,16,0,0,0
30.498751519999985,1779965207.849943,6587,55117,7,12582912,4,0,0,0
30.520685754,1779965207.8718777,6588,55118,0,12582912,17,0,0,0
30.520685754,1779965207.8718777,6588,55119,1,12582912,33,0,0,0
30.520685754,1779965207.8718777,6588,55120,2,12582912,36,0,0,0
30.520685754,1779965207.8718777,6588,55121,3,12582912,23,0,0,0
30.520685754,1779965207.8718777,6588,55122,4,12582912,12,0,0,0
30.520685754,1779965207.8718777,6588,55123,5,12582912,20,0,0,0
30.520685754,1779965207.8718777,6588,55124,6,12582912,37,0,0,0
30.520685754,1779965207.8718777,6588,55125,7,12582912,45,0,0,0
30.542527173999986,1779965207.8937192,6589,55126,0,12582912,32,0,0,0
30.542527173999986,1779965207.8937192,6589,55127,1,12582912,20,0,0,0
30.542527173999986,1779965207.8937192,6589,55128,2,12582912,26,0,0,0
30.542527173999986,1779965207.8937192,6589,55129,3,12582912,38,0,0,0
30.542527173999986,1779965207.8937192,6589,55130,4,12582912,38,0,0,0
30.542527173999986,1779965207.8937192,6589,55131,5,12582912,21,0,0,0
30.542527173999986,1779965207.8937192,6589,55132,6,12582912,11,0,0,0
30.542527173999986,1779965207.8937192,6589,55133,7,12582912,28,0,0,0
30.58162894899999,1779965207.9328203,6590,55134,0,12582912,53,0,0,0
30.58162894899999,1779965207.9328203,6590,55135,1,12582912,56,0,0,0
30.58162894899999,1779965207.9328203,6590,55136,2,12582912,25,0,0,0
30.58162894899999,1779965207.9328203,6590,55137,3,12582912,-4,0,0,0
30.58162894899999,1779965207.9328203,6590,55138,4,12582912,4,0,0,0
30.58162894899999,1779965207.9328203,6590,55139,5,12582912,29,0,0,0
30.58162894899999,1779965207.9328203,6590,55140,6,12582912,41,0,0,0
30.58162894899999,1779965207.9328203,6590,55141,7,12582912,26,0,0,0
30.80511717799999,1779965208.1563098,6591,55142,0,12582912,7,0,0,0
30.80511717799999,1779965208.1563098,6591,55143,1,12582912,9,0,0,0
30.80511717799999,1779965208.1563098,6591,55144,2,12582912,11,0,0,0
30.80511717799999,1779965208.1563098,6591,55145,3,12582912,158,0,0,0
30.80511717799999,1779965208.1563098,6591,55146,4,12582912,516,0,0,0
30.80511717799999,1779965208.1563098,6591,55147,5,12582912,593,0,0,0
30.80511717799999,1779965208.1563098,6591,55148,6,12582912,89,0,0,0
30.80511717799999,1779965208.1563098,6591,55149,7,12582912,-423,0,0,0
30.850948516000017,1779965208.2021413,6592,55150,0,12582912,-325,0,0,0
30.850948516000017,1779965208.2021413,6592,55151,1,12582912,196,0,0,0
30.850948516000017,1779965208.2021413,6592,55152,2,12582912,439,0,0,0
30.850948516000017,1779965208.2021413,6592,55153,3,12582912,124,0,0,0
30.850948516000017,1779965208.2021413,6592,55154,4,12582912,-275,0,0,0
30.850948516000017,1779965208.2021413,6592,55155,5,12582912,-223,0,0,0
30.850948516000017,1779965208.2021413,6592,55156,6,12582912,165,0,0,0
30.850948516000017,1779965208.2021413,6592,55157,7,12582912,342,0,0,0
30.92984180100001,1779965208.2810342,6593,55158,0,12582912,84,0,0,0
30.92984180100001,1779965208.2810342,6593,55159,1,12582912,-230,0,0,0
30.92984180100001,1779965208.2810342,6593,55160,2,12582912,-184,0,0,0
30.92984180100001,1779965208.2810342,6593,55161,3,12582912,128,0,0,0
30.92984180100001,1779965208.2810342,6593,55162,4,12582912,272,0,0,0
30.92984180100001,1779965208.2810342,6593,55163,5,12582912,79,0,0,0
30.92984180100001,1779965208.2810342,6593,55164,6,12582912,-159,0,0,0
30.92984180100001,1779965208.2810342,6593,55165,7,12582912,-132,0,0,0
30.94092784999998,1779965208.2921212,6594,55166,0,12582912,100,0,0,0
30.94092784999998,1779965208.2921212,6594,55167,1,12582912,221,0,0,0
30.94092784999998,1779965208.2921212,6594,55168,2,12582912,81,0,0,0
30.94092784999998,1779965208.2921212,6594,55169,3,12582912,-106,0,0,0
30.94092784999998,1779965208.2921212,6594,55170,4,12582912,-86,0,0,0
30.94092784999998,1779965208.2921212,6594,55171,5,12582912,92,0,0,0
30.94092784999998,1779965208.2921212,6594,55172,6,12582912,173,0,0,0
30.94092784999998,1779965208.2921212,6594,55173,7,12582912,57,0,0,0
30.942406867999978,1779965208.2935975,6595,55174,0,12582912,-82,0,0,0
30.942406867999978,1779965208.2935975,6595,55175,1,12582912,-67,0,0,0
30.942406867999978,1779965208.2935975,6595,55176,2,12582912,63,0,0,0
30.942406867999978,1779965208.2935975,6595,55177,3,12582912,133,0,0,0
30.942406867999978,1779965208.2935975,6595,55178,4,12582912,58,0,0,0
30.942406867999978,1779965208.2935975,6595,55179,5,12582912,-48,0,0,0
30.942406867999978,1779965208.2935975,6595,55180,6,12582912,-44,0,0,0
30.942406867999978,1779965208.2935975,6595,55181,7,12582912,53,0,0,0
30.965288084000008,1779965208.3164802,6596,55182,0,12582912,107,0,0,0
30.965288084000008,1779965208.3164802,6596,55183,1,12582912,52,0,0,0
30.965288084000008,1779965208.3164802,6596,55184,2,12582912,-22,0,0,0
30.965288084000008,1779965208.3164802,6596,55185,3,12582912,-20,0,0,0
30.965288084000008,1779965208.3164802,6596,55186,4,12582912,47,0,0,0
30.965288084000008,1779965208.3164802,6596,55187,5,12582912,90,0,0,0
30.965288084000008,1779965208.3164802,6596,55188,6,12582912,53,0,0,0
30.965288084000008,1779965208.3164802,6596,55189,7,12582912,-7,0,0,0
31.03103478899999,1779965208.382227,6597,55190,0,12582912,-12,0,0,0
31.03103478899999,1779965208.382227,6597,55191,1,12582912,32,0,0,0
31.03103478899999,1779965208.382227,6597,55192,2,12582912,60,0,0,0
31.03103478899999,1779965208.382227,6597,55193,3,12582912,29,0,0,0
31.03103478899999,1779965208.382227,6597,55194,4,12582912,-8,0,0,0
31.03103478899999,1779965208.382227,6597,55195,5,12582912,0,0,0,0
31.03103478899999,1779965208.382227,6597,55196,6,12582912,39,0,0,0
31.03103478899999,1779965208.382227,6597,55197,7,12582912,60,0,0,0
31.03260359899997,1779965208.383795,6598,55198,0,12582912,37,0,0,0
31.03260359899997,1779965208.383795,6598,55199,1,12582912,6,0,0,0
31.03260359899997,1779965208.383795,6598,55200,2,12582912,8,0,0,0
31.03260359899997,1779965208.383795,6598,55201,3,12582912,36,0,0,0
31.03260359899997,1779965208.383795,6598,55202,4,12582912,51,0,0,0
31.03260359899997,1779965208.383795,6598,55203,5,12582912,31,0,0,0
31.03260359899997,1779965208.383795,6598,55204,6,12582912,4,0,0,0
31.03260359899997,1779965208.383795,6598,55205,7,12582912,-3,0,0,0
31.099015046999966,1779965208.450207,6599,55206,0,12582912,11,0,0,0
31.099015046999966,1779965208.450207,6599,55207,1,12582912,30,0,0,0
31.099015046999966,1779965208.450207,6599,55208,2,12582912,34,0,0,0
31.099015046999966,1779965208.450207,6599,55209,3,12582912,30,0,0,0
31.099015046999966,1779965208.450207,6599,55210,4,12582912,31,0,0,0
31.099015046999966,1779965208.450207,6599,55211,5,12582912,39,0,0,0
31.099015046999966,1779965208.450207,6599,55212,6,12582912,44,0,0,0
31.099015046999966,1779965208.450207,6599,55213,7,12582912,34,0,0,0
31.100091562999978,1779965208.4512823,6600,55214,0,12582912,22,0,0,0
31.100091562999978,1779965208.4512823,6600,55215,1,12582912,21,0,0,0
31.100091562999978,1779965208.4512823,6600,55216,2,12582912,23,0,0,0
31.100091562999978,1779965208.4512823,6600,55217,3,12582912,25,0,0,0
31.100091562999978,1779965208.4512823,6600,55218,4,12582912,32,0,0,0
31.100091562999978,1779965208.4512823,6600,55219,5,12582912,38,0,0,0
31.100091562999978,1779965208.4512823,6600,55220,6,12582912,36,0,0,0
31.100091562999978,1779965208.4512823,6600,55221,7,12582912,32,0,0,0
31.122793924000007,1779965208.4739864,6601,55222,0,12582912,31,0,0,0
31.122793924000007,1779965208.4739864,6601,55223,1,12582912,32,0,0,0
31.122793924000007,1779965208.4739864,6601,55224,2,12582912,27,0,0,0
31.122793924000007,1779965208.4739864,6601,55225,3,12582912,16,0,0,0
31.122793924000007,1779965208.4739864,6601,55226,4,12582912,12,0,0,0
31.122793924000007,1779965208.4739864,6601,55227,5,12582912,23,0,0,0
31.122793924000007,1779965208.4739864,6601,55228,6,12582912,35,0,0,0
31.122793924000007,1779965208.4739864,6601,55229,7,12582912,35,0,0,0
31.14572092100002,1779965208.4969132,6602,55230,0,12582912,21,0,0,0
31.14572092100002,1779965208.4969132,6602,55231,1,12582912,11,0,0,0
31.14572092100002,1779965208.4969132,6602,55232,2,12582912,20,0,0,0
31.14572092100002,1779965208.4969132,6602,55233,3,12582912,28,0,0,0
31.14572092100002,1779965208.4969132,6602,55234,4,12582912,28,0,0,0
31.14572092100002,1779965208.4969132,6602,55235,5,12582912,23,0,0,0
31.14572092100002,1779965208.4969132,6602,55236,6,12582912,16,0,0,0
31.14572092100002,1779965208.4969132,6602,55237,7,12582912,19,0,0,0
31.16929208900001,1779965208.520485,6603,55238,0,12582912,29,0,0,0
31.16929208900001,1779965208.520485,6603,55239,1,12582912,32,0,0,0
31.16929208900001,1779965208.520485,6603,55240,2,12582912,24,0,0,0
31.16929208900001,1779965208.520485,6603,55241,3,12582912,14,0,0,0
31.16929208900001,1779965208.520485,6603,55242,4,12582912,14,0,0,0
31.16929208900001,1779965208.520485,6603,55243,5,12582912,23,0,0,0
31.16929208900001,1779965208.520485,6603,55244,6,12582912,26,0,0,0
31.16929208900001,1779965208.520485,6603,55245,7,12582912,18,0,0,0
31.222197267000013,1779965208.5733893,6604,55246,0,12582912,12,0,0,0
31.222197267000013,1779965208.5733893,6604,55247,1,12582912,20,0,0,0
31.222197267000013,1779965208.5733893,6604,55248,2,12582912,32,0,0,0
31.222197267000013,1779965208.5733893,6604,55249,3,12582912,36,0,0,0
31.222197267000013,1779965208.5733893,6604,55250,4,12582912,24,0,0,0
31.222197267000013,1779965208.5733893,6604,55251,5,12582912,6,0,0,0
31.222197267000013,1779965208.5733893,6604,55252,6,12582912,4,0,0,0
31.222197267000013,1779965208.5733893,6604,55253,7,12582912,20,0,0,0
31.254022749,1779965208.605214,6605,55254,0,12582912,39,0,0,0
31.254022749,1779965208.605214,6605,55255,1,12582912,34,0,0,0
31.254022749,1779965208.605214,6605,55256,2,12582912,11,0,0,0
31.254022749,1779965208.605214,6605,55257,3,12582912,3,0,0,0
31.254022749,1779965208.605214,6605,55258,4,12582912,13,0,0,0
31.254022749,1779965208.605214,6605,55259,5,12582912,20,0,0,0
31.254022749,1779965208.605214,6605,55260,6,12582912,11,0,0,0
31.254022749,1779965208.605214,6605,55261,7,12582912,2,0,0,0
31.301781075999997,1779965208.6529725,6606,55262,0,12582912,12,0,0,0
31.301781075999997,1779965208.6529725,6606,55263,1,12582912,25,0,0,0
31.301781075999997,1779965208.6529725,6606,55264,2,12582912,31,0,0,0
31.301781075999997,1779965208.6529725,6606,55265,3,12582912,28,0,0,0
31.301781075999997,1779965208.6529725,6606,55266,4,12582912,29,0,0,0
31.301781075999997,1779965208.6529725,6606,55267,5,12582912,39,0,0,0
31.301781075999997,1779965208.6529725,6606,55268,6,12582912,47,0,0,0
31.301781075999997,1779965208.6529725,6606,55269,7,12582912,45,0,0,0
31.30255019499998,1779965208.6537404,6607,55270,0,12582912,29,0,0,0
31.30255019499998,1779965208.6537404,6607,55271,1,12582912,10,0,0,0
31.30255019499998,1779965208.6537404,6607,55272,2,12582912,8,0,0,0
31.30255019499998,1779965208.6537404,6607,55273,3,12582912,22,0,0,0
31.30255019499998,1779965208.6537404,6607,55274,4,12582912,36,0,0,0
31.30255019499998,1779965208.6537404,6607,55275,5,12582912,35,0,0,0
31.30255019499998,1779965208.6537404,6607,55276,6,12582912,23,0,0,0
31.30255019499998,1779965208.6537404,6607,55277,7,12582912,26,0,0,0
31.34532651699999,1779965208.6965184,6608,55278,0,12582912,43,0,0,0
31.34532651699999,1779965208.6965184,6608,55279,1,12582912,56,0,0,0
31.34532651699999,1779965208.6965184,6608,55280,2,12582912,46,0,0,0
31.34532651699999,1779965208.6965184,6608,55281,3,12582912,27,0,0,0
31.34532651699999,1779965208.6965184,6608,55282,4,12582912,27,0,0,0
31.34532651699999,1779965208.6965184,6608,55283,5,12582912,40,0,0,0
31.34532651699999,1779965208.6965184,6608,55284,6,12582912,46,0,0,0
31.34532651699999,1779965208.6965184,6608,55285,7,12582912,37,0,0,0
31.367529915999967,1779965208.7187216,6609,55286,0,12582912,17,0,0,0
31.367529915999967,1779965208.7187216,6609,55287,1,12582912,7,0,0,0
31.367529915999967,1779965208.7187216,6609,55288,2,12582912,15,0,0,0
31.367529915999967,1779965208.7187216,6609,55289,3,12582912,29,0,0,0
31.367529915999967,1779965208.7187216,6609,55290,4,12582912,27,0,0,0
31.367529915999967,1779965208.7187216,6609,55291,5,12582912,11,0,0,0
31.367529915999967,1779965208.7187216,6609,55292,6,12582912,9,0,0,0
31.367529915999967,1779965208.7187216,6609,55293,7,12582912,23,0,0,0
31.410826970000016,1779965208.7620184,6610,55294,0,12582912,34,0,0,0
31.410826970000016,1779965208.7620184,6610,55295,1,12582912,28,0,0,0
31.410826970000016,1779965208.7620184,6610,55296,2,12582912,16,0,0,0
31.410826970000016,1779965208.7620184,6610,55297,3,12582912,19,0,0,0
31.410826970000016,1779965208.7620184,6610,55298,4,12582912,32,0,0,0
31.410826970000016,1779965208.7620184,6610,55299,5,12582912,31,0,0,0
31.410826970000016,1779965208.7620184,6610,55300,6,12582912,15,0,0,0
31.410826970000016,1779965208.7620184,6610,55301,7,12582912,4,0,0,0
31.432815420999987,1779965208.7840078,6611,55302,0,12582912,9,0,0,0
31.432815420999987,1779965208.7840078,6611,55303,1,12582912,20,0,0,0
31.432815420999987,1779965208.7840078,6611,55304,2,12582912,26,0,0,0
31.432815420999987,1779965208.7840078,6611,55305,3,12582912,21,0,0,0
31.432815420999987,1779965208.7840078,6611,55306,4,12582912,14,0,0,0
31.432815420999987,1779965208.7840078,6611,55307,5,12582912,20,0,0,0
31.432815420999987,1779965208.7840078,6611,55308,6,12582912,33,0,0,0
31.432815420999987,1779965208.7840078,6611,55309,7,12582912,37,0,0,0
31.464859289999993,1779965208.8160517,6612,55310,0,12582912,23,0,0,0
31.464859289999993,1779965208.8160517,6612,55311,1,12582912,4,0,0,0
31.464859289999993,1779965208.8160517,6612,55312,2,12582912,5,0,0,0
31.464859289999993,1779965208.8160517,6612,55313,3,12582912,22,0,0,0
31.464859289999993,1779965208.8160517,6612,55314,4,12582912,35,0,0,0
31.464859289999993,1779965208.8160517,6612,55315,5,12582912,28,0,0,0
31.464859289999993,1779965208.8160517,6612,55316,6,12582912,14,0,0,0
31.464859289999993,1779965208.8160517,6612,55317,7,12582912,16,0,0,0
31.525717895000014,1779965208.87691,6613,55318,0,12582912,31,0,0,0
31.525717895000014,1779965208.87691,6613,55319,1,12582912,41,0,0,0
31.525717895000014,1779965208.87691,6613,55320,2,12582912,33,0,0,0
31.525717895000014,1779965208.87691,6613,55321,3,12582912,16,0,0,0
31.525717895000014,1779965208.87691,6613,55322,4,12582912,14,0,0,0
31.525717895000014,1779965208.87691,6613,55323,5,12582912,26,0,0,0
31.525717895000014,1779965208.87691,6613,55324,6,12582912,35,0,0,0
31.525717895000014,1779965208.87691,6613,55325,7,12582912,27,0,0,0
31.52751102999997,1779965208.8787034,6614,55326,0,12582912,7,0,0,0
31.52751102999997,1779965208.8787034,6614,55327,1,12582912,3,0,0,0
31.52751102999997,1779965208.8787034,6614,55328,2,12582912,12,0,0,0
31.52751102999997,1779965208.8787034,6614,55329,3,12582912,15,0,0,0
31.52751102999997,1779965208.8787034,6614,55330,4,12582912,7,0,0,0
31.52751102999997,1779965208.8787034,6614,55331,5,12582912,3,0,0,0
31.52751102999997,1779965208.8787034,6614,55332,6,12582912,14,0,0,0
31.52751102999997,1779965208.8787034,6614,55333,7,12582912,32,0,0,0
31.580610166999975,1779965208.9318023,6615,55334,0,12582912,43,0,0,0
31.580610166999975,1779965208.9318023,6615,55335,1,12582912,38,0,0,0
31.580610166999975,1779965208.9318023,6615,55336,2,12582912,24,0,0,0
31.580610166999975,1779965208.9318023,6615,55337,3,12582912,19,0,0,0
31.580610166999975,1779965208.9318023,6615,55338,4,12582912,28,0,0,0
31.580610166999975,1779965208.9318023,6615,55339,5,12582912,36,0,0,0
31.580610166999975,1779965208.9318023,6615,55340,6,12582912,30,0,0,0
31.580610166999975,1779965208.9318023,6615,55341,7,12582912,16,0,0,0
31.603456279,1779965208.9546487,6616,55342,0,12582912,15,0,0,0
31.603456279,1779965208.9546487,6616,55343,1,12582912,27,0,0,0
31.603456279,1779965208.9546487,6616,55344,2,12582912,31,0,0,0
31.603456279,1779965208.9546487,6616,55345,3,12582912,16,0,0,0
31.603456279,1779965208.9546487,6616,55346,4,12582912,-5,0,0,0
31.603456279,1779965208.9546487,6616,55347,5,12582912,-1,0,0,0
31.603456279,1779965208.9546487,6616,55348,6,12582912,22,0,0,0
31.603456279,1779965208.9546487,6616,55349,7,12582912,38,0,0,0
31.626344889999984,1779965208.9775376,6617,55350,0,12582912,32,0,0,0
31.626344889999984,1779965208.9775376,6617,55351,1,12582912,14,0,0,0
31.626344889999984,1779965208.9775376,6617,55352,2,12582912,9,0,0,0
31.626344889999984,1779965208.9775376,6617,55353,3,12582912,19,0,0,0
31.626344889999984,1779965208.9775376,6617,55354,4,12582912,32,0,0,0
31.626344889999984,1779965208.9775376,6617,55355,5,12582912,30,0,0,0
31.626344889999984,1779965208.9775376,6617,55356,6,12582912,18,0,0,0
31.626344889999984,1779965208.9775376,6617,55357,7,12582912,19,0,0,0
31.66858589499998,1779965209.0197775,6618,55358,0,12582912,33,0,0,0
31.66858589499998,1779965209.0197775,6618,55359,1,12582912,43,0,0,0
31.66858589499998,1779965209.0197775,6618,55360,2,12582912,30,0,0,0
31.66858589499998,1779965209.0197775,6618,55361,3,12582912,1,0,0,0
31.66858589499998,1779965209.0197775,6618,55362,4,12582912,-9,0,0,0
31.66858589499998,1779965209.0197775,6618,55363,5,12582912,10,0,0,0
31.66858589499998,1779965209.0197775,6618,55364,6,12582912,31,0,0,0
31.66858589499998,1779965209.0197775,6618,55365,7,12582912,34,0,0,0
31.690568250000013,1779965209.041761,6619,55366,0,12582912,24,0,0,0
31.690568250000013,1779965209.041761,6619,55367,1,12582912,19,0,0,0
31.690568250000013,1779965209.041761,6619,55368,2,12582912,23,0,0,0
31.690568250000013,1779965209.041761,6619,55369,3,12582912,28,0,0,0
31.690568250000013,1779965209.041761,6619,55370,4,12582912,20,0,0,0
31.690568250000013,1779965209.041761,6619,55371,5,12582912,0,0,0,0
31.690568250000013,1779965209.041761,6619,55372,6,12582912,-7,0,0,0
31.690568250000013,1779965209.041761,6619,55373,7,12582912,8,0,0,0
31.729163451999966,1779965209.0803561,6620,55374,0,12582912,34,0,0,0
31.729163451999966,1779965209.0803561,6620,55375,1,12582912,43,0,0,0
31.729163451999966,1779965209.0803561,6620,55376,2,12582912,32,0,0,0
31.729163451999966,1779965209.0803561,6620,55377,3,12582912,30,0,0,0
31.729163451999966,1779965209.0803561,6620,55378,4,12582912,38,0,0,0
31.729163451999966,1779965209.0803561,6620,55379,5,12582912,39,0,0,0
31.729163451999966,1779965209.0803561,6620,55380,6,12582912,24,0,0,0
31.729163451999966,1779965209.0803561,6620,55381,7,12582912,9,0,0,0
31.75171471599998,1779965209.1029067,6621,55382,0,12582912,12,0,0,0
31.75171471599998,1779965209.1029067,6621,55383,1,12582912,22,0,0,0
31.75171471599998,1779965209.1029067,6621,55384,2,12582912,31,0,0,0
31.75171471599998,1779965209.1029067,6621,55385,3,12582912,30,0,0,0
31.75171471599998,1779965209.1029067,6621,55386,4,12582912,18,0,0,0
31.75171471599998,1779965209.1029067,6621,55387,5,12582912,17,0,0,0
31.75171471599998,1779965209.1029067,6621,55388,6,12582912,26,0,0,0
31.75171471599998,1779965209.1029067,6621,55389,7,12582912,35,0,0,0
31.800522785,1779965209.1517158,6622,55390,0,12582912,27,0,0,0
31.800522785,1779965209.1517158,6622,55391,1,12582912,7,0,0,0
31.800522785,1779965209.1517158,6622,55392,2,12582912,6,0,0,0
31.800522785,1779965209.1517158,6622,55393,3,12582912,24,0,0,0
31.800522785,1779965209.1517158,6622,55394,4,12582912,39,0,0,0
31.800522785,1779965209.1517158,6622,55395,5,12582912,35,0,0,0
31.800522785,1779965209.1517158,6622,55396,6,12582912,22,0,0,0
31.800522785,1779965209.1517158,6622,55397,7,12582912,26,0,0,0
31.844021450000014,1779965209.195213,6623,55398,0,12582912,40,0,0,0
31.844021450000014,1779965209.195213,6623,55399,1,12582912,46,0,0,0
31.844021450000014,1779965209.195213,6623,55400,2,12582912,35,0,0,0
31.844021450000014,1779965209.195213,6623,55401,3,12582912,14,0,0,0
31.844021450000014,1779965209.195213,6623,55402,4,12582912,9,0,0,0
31.844021450000014,1779965209.195213,6623,55403,5,12582912,24,0,0,0
31.844021450000014,1779965209.195213,6623,55404,6,12582912,37,0,0,0
31.844021450000014,1779965209.195213,6623,55405,7,12582912,31,0,0,0
31.84469187000002,1779965209.1958828,6624,55406,0,12582912,19,0,0,0
31.84469187000002,1779965209.1958828,6624,55407,1,12582912,23,0,0,0
31.84469187000002,1779965209.1958828,6624,55408,2,12582912,42,0,0,0
31.84469187000002,1779965209.1958828,6624,55409,3,12582912,56,0,0,0
31.84469187000002,1779965209.1958828,6624,55410,4,12582912,43,0,0,0
31.84469187000002,1779965209.1958828,6624,55411,5,12582912,11,0,0,0
31.84469187000002,1779965209.1958828,6624,55412,6,12582912,2,0,0,0
31.84469187000002,1779965209.1958828,6624,55413,7,12582912,20,0,0,0
31.88141826100002,1779965209.2326107,6625,55414,0,12582912,37,0,0,0
31.88141826100002,1779965209.2326107,6625,55415,1,12582912,33,0,0,0
31.88141826100002,1779965209.2326107,6625,55416,2,12582912,17,0,0,0
31.88141826100002,1779965209.2326107,6625,55417,3,12582912,14,0,0,0
31.88141826100002,1779965209.2326107,6625,55418,4,12582912,26,0,0,0
31.88141826100002,1779965209.2326107,6625,55419,5,12582912,39,0,0,0
31.88141826100002,1779965209.2326107,6625,55420,6,12582912,36,0,0,0
31.88141826100002,1779965209.2326107,6625,55421,7,12582912,21,0,0,0
31.90431061999999,1779965209.2555032,6626,55422,0,12582912,16,0,0,0
31.90431061999999,1779965209.2555032,6626,55423,1,12582912,24,0,0,0
31.90431061999999,1779965209.2555032,6626,55424,2,12582912,32,0,0,0
31.90431061999999,1779965209.2555032,6626,55425,3,12582912,28,0,0,0
31.90431061999999,1779965209.2555032,6626,55426,4,12582912,18,0,0,0
31.90431061999999,1779965209.2555032,6626,55427,5,12582912,17,0,0,0
31.90431061999999,1779965209.2555032,6626,55428,6,12582912,22,0,0,0
31.90431061999999,1779965209.2555032,6626,55429,7,12582912,20,0,0,0
31.943362699999966,1779965209.294555,6627,55430,0,12582912,11,0,0,0
31.943362699999966,1779965209.294555,6627,55431,1,12582912,5,0,0,0
31.943362699999966,1779965209.294555,6627,55432,2,12582912,16,0,0,0
31.943362699999966,1779965209.294555,6627,55433,3,12582912,33,0,0,0
31.943362699999966,1779965209.294555,6627,55434,4,12582912,42,0,0,0
31.943362699999966,1779965209.294555,6627,55435,5,12582912,38,0,0,0
31.943362699999966,1779965209.294555,6627,55436,6,12582912,28,0,0,0
31.943362699999966,1779965209.294555,6627,55437,7,12582912,24,0,0,0
31.975801828999977,1779965209.3269942,6628,55438,0,12582912,28,0,0,0
31.975801828999977,1779965209.3269942,6628,55439,1,12582912,27,0,0,0
31.975801828999977,1779965209.3269942,6628,55440,2,12582912,17,0,0,0
31.975801828999977,1779965209.3269942,6628,55441,3,12582912,6,0,0,0
31.975801828999977,1779965209.3269942,6628,55442,4,12582912,13,0,0,0
31.975801828999977,1779965209.3269942,6628,55443,5,12582912,29,0,0,0
31.975801828999977,1779965209.3269942,6628,55444,6,12582912,38,0,0,0
31.975801828999977,1779965209.3269942,6628,55445,7,12582912,29,0,0,0
32.060578367000005,1779965209.41177,6629,55446,0,12582912,11,0,0,0
32.060578367000005,1779965209.41177,6629,55447,1,12582912,10,0,0,0
32.060578367000005,1779965209.41177,6629,55448,2,12582912,30,0,0,0
32.060578367000005,1779965209.41177,6629,55449,3,12582912,48,0,0,0
32.060578367000005,1779965209.41177,6629,55450,4,12582912,42,0,0,0
32.060578367000005,1779965209.41177,6629,55451,5,12582912,14,0,0,0
32.060578367000005,1779965209.41177,6629,55452,6,12582912,4,0,0,0
32.060578367000005,1779965209.41177,6629,55453,7,12582912,23,0,0,0
32.061272901999985,1779965209.4124644,6630,55454,0,12582912,47,0,0,0
32.061272901999985,1779965209.4124644,6630,55455,1,12582912,54,0,0,0
32.061272901999985,1779965209.4124644,6630,55456,2,12582912,44,0,0,0
32.061272901999985,1779965209.4124644,6630,55457,3,12582912,38,0,0,0
32.061272901999985,1779965209.4124644,6630,55458,4,12582912,40,0,0,0
32.061272901999985,1779965209.4124644,6630,55459,5,12582912,39,0,0,0
32.061272901999985,1779965209.4124644,6630,55460,6,12582912,29,0,0,0
32.061272901999985,1779965209.4124644,6630,55461,7,12582912,12,0,0,0
32.11431442999998,1779965209.465507,6631,55462,0,12582912,5,0,0,0
32.11431442999998,1779965209.465507,6631,55463,1,12582912,19,0,0,0
32.11431442999998,1779965209.465507,6631,55464,2,12582912,32,0,0,0
32.11431442999998,1779965209.465507,6631,55465,3,12582912,30,0,0,0
32.11431442999998,1779965209.465507,6631,55466,4,12582912,19,0,0,0
32.11431442999998,1779965209.465507,6631,55467,5,12582912,20,0,0,0
32.11431442999998,1779965209.465507,6631,55468,6,12582912,27,0,0,0
32.11431442999998,1779965209.465507,6631,55469,7,12582912,35,0,0,0
32.11575969799998,1779965209.4669504,6632,55470,0,12582912,32,0,0,0
32.11575969799998,1779965209.4669504,6632,55471,1,12582912,15,0,0,0
32.11575969799998,1779965209.4669504,6632,55472,2,12582912,4,0,0,0
32.11575969799998,1779965209.4669504,6632,55473,3,12582912,12,0,0,0
32.11575969799998,1779965209.4669504,6632,55474,4,12582912,26,0,0,0
32.11575969799998,1779965209.4669504,6632,55475,5,12582912,26,0,0,0
32.11575969799998,1779965209.4669504,6632,55476,6,12582912,11,0,0,0
32.11575969799998,1779965209.4669504,6632,55477,7,12582912,4,0,0,0
32.15525526900001,1779965209.5064478,6633,55478,0,12582912,9,0,0,0
32.15525526900001,1779965209.5064478,6633,55479,1,12582912,19,0,0,0
32.15525526900001,1779965209.5064478,6633,55480,2,12582912,18,0,0,0
32.15525526900001,1779965209.5064478,6633,55481,3,12582912,7,0,0,0
32.15525526900001,1779965209.5064478,6633,55482,4,12582912,7,0,0,0
32.15525526900001,1779965209.5064478,6633,55483,5,12582912,21,0,0,0
32.15525526900001,1779965209.5064478,6633,55484,6,12582912,28,0,0,0
32.15525526900001,1779965209.5064478,6633,55485,7,12582912,14,0,0,0
32.17811424299998,1779965209.5293067,6634,55486,0,12582912,-9,0,0,0
32.17811424299998,1779965209.5293067,6634,55487,1,12582912,-2,0,0,0
32.17811424299998,1779965209.5293067,6634,55488,2,12582912,30,0,0,0
32.17811424299998,1779965209.5293067,6634,55489,3,12582912,54,0,0,0
32.17811424299998,1779965209.5293067,6634,55490,4,12582912,52,0,0,0
32.17811424299998,1779965209.5293067,6634,55491,5,12582912,31,0,0,0
32.17811424299998,1779965209.5293067,6634,55492,6,12582912,18,0,0,0
32.17811424299998,1779965209.5293067,6634,55493,7,12582912,19,0,0,0
32.22210296399999,1779965209.5732956,6635,55494,0,12582912,27,0,0,0
32.22210296399999,1779965209.5732956,6635,55495,1,12582912,33,0,0,0
32.22210296399999,1779965209.5732956,6635,55496,2,12582912,24,0,0,0
32.22210296399999,1779965209.5732956,6635,55497,3,12582912,15,0,0,0
32.22210296399999,1779965209.5732956,6635,55498,4,12582912,20,0,0,0
32.22210296399999,1779965209.5732956,6635,55499,5,12582912,28,0,0,0
32.22210296399999,1779965209.5732956,6635,55500,6,12582912,24,0,0,0
32.22210296399999,1779965209.5732956,6635,55501,7,12582912,4,0,0,0
32.24500443799997,1779965209.5961971,6636,55502,0,12582912,-259,0,-13623,4986
32.24500443799997,1779965209.5961971,6636,55503,1,12582912,-476,1,-35796,19554
32.24500443799997,1779965209.5961971,6636,55504,2,12582912,-47,2,-33942,29379
32.24500443799997,1779965209.5961971,6636,55505,3,12582912,307,2,-15830,21872
32.24500443799997,1779965209.5961971,6636,55506,4,12582912,-59,1,-4092,8996
32.24500443799997,1779965209.5961971,6636,55507,5,12582912,-441,0,2853,894
32.24500443799997,1779965209.5961971,6636,55508,6,12582912,-189,0,6632,-3779
32.24500443799997,1779965209.5961971,6636,55509,7,12582912,364,0,5339,-5096
32.28883050100001,1779965209.640023,6637,55510,0,12582912,564,0,412,-2680
32.28883050100001,1779965209.640023,6637,55511,1,12582912,437,0,-2530,731
32.28883050100001,1779965209.640023,6637,55512,2,12582912,310,0,-445,1361
32.28883050100001,1779965209.640023,6637,55513,3,12582912,169,0,3303,-998
32.28883050100001,1779965209.640023,6637,55514,4,12582912,-46,0,3685,-2913
32.28883050100001,1779965209.640023,6637,55515,5,12582912,-164,0,590,-1962
32.28883050100001,1779965209.640023,6637,55516,6,12582912,-59,0,-1554,289
32.28883050100001,1779965209.640023,6637,55517,7,12582912,131,0,-36,749
32.358196125000006,1779965209.7093887,6638,55518,0,12582912,72,0,2767,-996
32.358196125000006,1779965209.7093887,6638,55519,1,12582912,-125,0,3019,-2416
32.358196125000006,1779965209.7093887,6638,55520,2,12582912,97,0,619,-1657
32.358196125000006,1779965209.7093887,6638,55521,3,12582912,526,0,-1034,85
32.358196125000006,1779965209.7093887,6638,55522,4,12582912,421,0,145,437
32.358196125000006,1779965209.7093887,6638,55523,5,12582912,-161,0,2314,-915
32.358196125000006,1779965209.7093887,6638,55524,6,12582912,-454,0,2507,-2013
32.358196125000006,1779965209.7093887,6638,55525,7,12582912,-102,0,647,-1424
32.35970660200002,1779965209.7108982,6639,55526,0,12582912,217,0,-635,-74
32.35970660200002,1779965209.7108982,6639,55527,1,12582912,-173,0,275,200
32.35970660200002,1779965209.7108982,6639,55528,2,12582912,-655,0,1951,-844
32.35970660200002,1779965209.7108982,6639,55529,3,12582912,-343,0,2098,-1692
32.35970660200002,1779965209.7108982,6639,55530,4,12582912,430,0,657,-1235
32.35970660200002,1779965209.7108982,6639,55531,5,12582912,648,0,-337,-188
32.35970660200002,1779965209.7108982,6639,55532,6,12582912,71,0,366,26
32.35970660200002,1779965209.7108982,6639,55533,7,12582912,-478,0,1661,-781
32.403675841999984,1779965209.7548685,6640,55534,0,12582912,-289,0,1773,-1436
32.403675841999984,1779965209.7548685,6640,55535,1,12582912,155,0,656,-1080
32.403675841999984,1779965209.7548685,6640,55536,2,12582912,-12,0,-115,-269
32.403675841999984,1779965209.7548685,6640,55537,3,12582912,-483,0,427,-102
32.403675841999984,1779965209.7548685,6640,55538,4,12582912,-369,0,1427,-724
32.403675841999984,1779965209.7548685,6640,55539,5,12582912,279,0,1512,-1229
32.403675841999984,1779965209.7548685,6640,55540,6,12582912,596,0,646,-953
32.403675841999984,1779965209.7548685,6640,55541,7,12582912,182,0,48,-323
32.42664106699999,1779965209.7778337,6641,55542,0,12582912,-198,0,465,-193
32.42664106699999,1779965209.7778337,6641,55543,1,12582912,117,0,1237,-673
32.42664106699999,1779965209.7778337,6641,55544,2,12582912,456,0,1301,-1062
32.42664106699999,1779965209.7778337,6641,55545,3,12582912,143,0,630,-847
32.42664106699999,1779965209.7778337,6641,55546,4,12582912,-357,0,165,-359
32.42664106699999,1779965209.7778337,6641,55547,5,12582912,-327,0,487,-256
32.42664106699999,1779965209.7778337,6641,55548,6,12582912,175,0,1083,-627
32.42664106699999,1779965209.7778337,6641,55549,7,12582912,458,0,1131,-927
32.469494365,1779965209.820686,6642,55550,0,12582912,271,0,609,-759
32.469494365,1779965209.820686,6642,55551,1,12582912,168,0,248,-379
32.469494365,1779965209.820686,6642,55552,2,12582912,432,0,495,-299
32.469494365,1779965209.820686,6642,55553,3,12582912,509,0,955,-584
32.469494365,1779965209.820686,6642,55554,4,12582912,60,0,991,-815
32.469494365,1779965209.820686,6642,55555,5,12582912,-397,0,586,-684
32.469494365,1779965209.820686,6642,55556,6,12582912,-282,0,305,-389
32.469494365,1779965209.820686,6642,55557,7,12582912,224,0,495,-326
32.50168562699997,1779965209.8528783,6643,55558,0,12582912,343,0,849,-545
32.50168562699997,1779965209.8528783,6643,55559,1,12582912,-47,0,876,-723
32.50168562699997,1779965209.8528783,6643,55560,2,12582912,-108,0,561,-620
32.50168562699997,1779965209.8528783,6643,55561,3,12582912,332,0,342,-391
32.50168562699997,1779965209.8528783,6643,55562,4,12582912,493,0,488,-341
32.50168562699997,1779965209.8528783,6643,55563,5,12582912,58,0,761,-510
32.50168562699997,1779965209.8528783,6643,55564,6,12582912,-390,0,780,-646
32.50168562699997,1779965209.8528783,6643,55565,7,12582912,-259,0,535,-565
32.56278146799997,1779965209.913974,6644,55566,0,12582912,80,0,365,-387
32.56278146799997,1779965209.913974,6644,55567,1,12582912,-96,0,476,-347
32.56278146799997,1779965209.913974,6644,55568,2,12582912,-489,0,686,-477
32.56278146799997,1779965209.913974,6644,55569,3,12582912,-320,0,700,-581
32.56278146799997,1779965209.913974,6644,55570,4,12582912,296,0,509,-518
32.56278146799997,1779965209.913974,6644,55571,5,12582912,548,0,376,-379
32.56278146799997,1779965209.913974,6644,55572,6,12582912,128,0,461,-347
32.56278146799997,1779965209.913974,6644,55573,7,12582912,-362,0,622,-446
32.58589617299998,1779965209.9370887,6645,55574,0,12582912,-275,0,632,-526
32.58589617299998,1779965209.9370887,6645,55575,1,12582912,69,0,483,-476
32.58589617299998,1779965209.9370887,6645,55576,2,12582912,-72,0,379,-367
32.58589617299998,1779965209.9370887,6645,55577,3,12582912,-449,0,444,-342
32.58589617299998,1779965209.9370887,6645,55578,4,12582912,-302,0,567,-418
32.58589617299998,1779965209.9370887,6645,55579,5,12582912,289,0,573,-479
32.58589617299998,1779965209.9370887,6645,55580,6,12582912,552,0,457,-439
32.58589617299998,1779965209.9370887,6645,55581,7,12582912,167,0,376,-354
32.640080415,1779965209.991273,6646,55582,0,12582912,-144,0,425,-334
32.640080415,1779965209.991273,6646,55583,1,12582912,191,0,520,-391
32.640080415,1779965209.991273,6646,55584,2,12582912,483,0,523,-438
32.640080415,1779965209.991273,6646,55585,3,12582912,115,0,433,-406
32.640080415,1779965209.991273,6646,55586,4,12582912,-388,0,368,-340
32.640080415,1779965209.991273,6646,55587,5,12582912,-310,0,405,-323
32.640080415,1779965209.991273,6646,55588,6,12582912,225,0,478,-367
32.640080415,1779965209.991273,6646,55589,7,12582912,482,0,480,-402
32.64166448599997,1779965209.992856,6647,55590,0,12582912,240,0,408,-377
32.64166448599997,1779965209.992856,6647,55591,1,12582912,119,0,358,-325
32.64166448599997,1779965209.992856,6647,55592,2,12582912,428,0,386,-311
32.64166448599997,1779965209.992856,6647,55593,3,12582912,556,0,441,-344
32.64166448599997,1779965209.992856,6647,55594,4,12582912,98,0,441,-370
32.64166448599997,1779965209.992856,6647,55595,5,12582912,-419,0,385,-350
32.64166448599997,1779965209.992856,6647,55596,6,12582912,-344,0,345,-309
32.64166448599997,1779965209.992856,6647,55597,7,12582912,185,0,366,-298
32.68564955699998,1779965210.0368426,6648,55598,0,12582912,346,0,408,-323
32.68564955699998,1779965210.0368426,6648,55599,1,12582912,-48,0,407,-342
32.68564955699998,1779965210.0368426,6648,55600,2,12582912,-145,0,363,-326
32.68564955699998,1779965210.0368426,6648,55601,3,12582912,299,0,332,-293
32.68564955699998,1779965210.0368426,6648,55602,4,12582912,512,0,347,-284
32.68564955699998,1779965210.0368426,6648,55603,5,12582912,104,0,378,-303
32.68564955699998,1779965210.0368426,6648,55604,6,12582912,-383,0,377,-317
32.68564955699998,1779965210.0368426,6648,55605,7,12582912,-307,0,342,-304
32.72971181600002,1779965210.080904,6649,55606,0,12582912,30,0,317,-278
32.72971181600002,1779965210.080904,6649,55607,1,12582912,-98,0,328,-270
32.72971181600002,1779965210.080904,6649,55608,2,12582912,-468,0,352,-284
32.72971181600002,1779965210.080904,6649,55609,3,12582912,-331,0,350,-295
32.72971181600002,1779965210.080904,6649,55610,4,12582912,260,0,322,-284
32.72971181600002,1779965210.080904,6649,55611,5,12582912,540,0,302,-263
32.72971181600002,1779965210.080904,6649,55612,6,12582912,162,0,310,-256
32.72971181600002,1779965210.080904,6649,55613,7,12582912,-337,0,327,-266
32.76832644199999,1779965210.1195188,6650,55614,0,12582912,-288,0,325,-274
32.76832644199999,1779965210.1195188,6650,55615,1,12582912,54,0,303,-265
32.76832644199999,1779965210.1195188,6650,55616,2,12582912,-55,0,287,-249
32.76832644199999,1779965210.1195188,6650,55617,3,12582912,-419,0,292,-243
32.76832644199999,1779965210.1195188,6650,55618,4,12582912,-295,0,305,-250
32.76832644199999,1779965210.1195188,6650,55619,5,12582912,268,0,303,-255
32.76832644199999,1779965210.1195188,6650,55620,6,12582912,532,0,285,-248
32.76832644199999,1779965210.1195188,6650,55621,7,12582912,167,0,272,-235
32.791157966000014,1779965210.1423507,6651,55622,0,12582912,-143,0,275,-230
32.791157966000014,1779965210.1423507,6651,55623,1,12582912,174,0,285,-235
32.791157966000014,1779965210.1423507,6651,55624,2,12582912,466,0,283,-238
32.791157966000014,1779965210.1423507,6651,55625,3,12582912,113,0,268,-232
32.791157966000014,1779965210.1423507,6651,55626,4,12582912,-392,0,257,-221
32.791157966000014,1779965210.1423507,6651,55627,5,12582912,-332,0,260,-217
32.791157966000014,1779965210.1423507,6651,55628,6,12582912,200,0,266,-220
32.791157966000014,1779965210.1423507,6651,55629,7,12582912,477,0,264,-223
32.84918211899998,1779965210.2003734,6652,55630,0,12582912,238,0,252,-217
32.84918211899998,1779965210.2003734,6652,55631,1,12582912,93,0,243,-209
32.84918211899998,1779965210.2003734,6652,55632,2,12582912,396,0,244,-205
32.84918211899998,1779965210.2003734,6652,55633,3,12582912,560,0,249,-207
32.84918211899998,1779965210.2003734,6652,55634,4,12582912,130,0,247,-208
32.84918211899998,1779965210.2003734,6652,55635,5,12582912,-402,0,237,-204
32.84918211899998,1779965210.2003734,6652,55636,6,12582912,-359,0,230,-196
32.84918211899998,1779965210.2003734,6652,55637,7,12582912,158,0,230,-193
32.88190239199997,1779965210.233097,6653,55638,0,12582912,325,0,233,-194
32.88190239199997,1779965210.233097,6653,55639,1,12582912,-73,0,231,-195
32.88190239199997,1779965210.233097,6653,55640,2,12582912,-189,0,223,-191
32.88190239199997,1779965210.233097,6653,55641,3,12582912,259,0,217,-185
32.88190239199997,1779965210.233097,6653,55642,4,12582912,511,0,216,-182
32.88190239199997,1779965210.233097,6653,55643,5,12582912,140,0,218,-182
32.88190239199997,1779965210.233097,6653,55644,6,12582912,-357,0,216,-182
32.88190239199997,1779965210.233097,6653,55645,7,12582912,-323,0,209,-179
32.93274161199997,1779965210.283934,6654,55646,0,12582912,6,0,204,-174
32.93274161199997,1779965210.283934,6654,55647,1,12582912,-96,0,203,-171
32.93274161199997,1779965210.283934,6654,55648,2,12582912,-466,0,204,-171
32.93274161199997,1779965210.283934,6654,55649,3,12582912,-354,0,202,-171
32.93274161199997,1779965210.283934,6654,55650,4,12582912,237,0,197,-168
32.93274161199997,1779965210.283934,6654,55651,5,12582912,553,0,192,-164
32.93274161199997,1779965210.283934,6654,55652,6,12582912,207,0,191,-161
32.93274161199997,1779965210.283934,6654,55653,7,12582912,-298,0,192,-161
32.93422912,1779965210.2854211,6655,55654,0,12582912,-304,0,190,-160
32.93422912,1779965210.2854211,6655,55655,1,12582912,144,0,185,-157
32.93422912,1779965210.2854211,6655,55656,2,12582912,411,0,181,-154
32.93422912,1779965210.2854211,6655,55657,3,12582912,163,0,180,-152
32.93422912,1779965210.2854211,6655,55658,4,12582912,-220,0,180,-151
32.93422912,1779965210.2854211,6655,55659,5,12582912,-223,0,178,-150
32.93422912,1779965210.2854211,6655,55660,6,12582912,127,0,174,-148
32.93422912,1779965210.2854211,6655,55661,7,12582912,337,0,170,-145
32.97266806800002,1779965210.3238604,6656,55662,0,12582912,211,0,169,-143
32.97266806800002,1779965210.3238604,6656,55663,1,12582912,188,0,169,-142
32.97266806800002,1779965210.3238604,6656,55664,2,12582912,475,0,167,-141
32.97266806800002,1779965210.3238604,6656,55665,3,12582912,526,0,163,-139
32.97266806800002,1779965210.3238604,6656,55666,4,12582912,37,0,160,-136
32.97266806800002,1779965210.3238604,6656,55667,5,12582912,-429,0,159,-134
32.97266806800002,1779965210.3238604,6656,55668,6,12582912,-291,0,158,-133
32.97266806800002,1779965210.3238604,6656,55669,7,12582912,229,0,156,-132
33.04282535599998,1779965210.3940177,6657,55670,0,12582912,315,0,153,-130
33.04282535599998,1779965210.3940177,6657,55671,1,12582912,-152,0,151,-128
33.04282535599998,1779965210.3940177,6657,55672,2,12582912,-243,0,149,-126
33.04282535599998,1779965210.3940177,6657,55673,3,12582912,284,0,148,-125
33.04282535599998,1779965210.3940177,6657,55674,4,12582912,566,0,147,-124
33.04282535599998,1779965210.3940177,6657,55675,5,12582912,143,0,144,-122
33.04282535599998,1779965210.3940177,6657,55676,6,12582912,-400,0,142,-120
33.04282535599998,1779965210.3940177,6657,55677,7,12582912,-336,0,140,-118
33.04480411700001,1779965210.3959959,6658,55678,0,12582912,54,0,139,-117
33.04480411700001,1779965210.3959959,6658,55679,1,12582912,-43,0,138,-116
33.04480411700001,1779965210.3959959,6658,55680,2,12582912,-482,0,135,-115
33.04480411700001,1779965210.3959959,6658,55681,3,12582912,-429,0,133,-113
33.04480411700001,1779965210.3959959,6658,55682,4,12582912,192,0,132,-111
33.04480411700001,1779965210.3959959,6658,55683,5,12582912,586,0,131,-110
33.04480411700001,1779965210.3959959,6658,55684,6,12582912,260,0,129,-109
33.04480411700001,1779965210.3959959,6658,55685,7,12582912,-301,0,127,-108
33.067568349,1779965210.418761,6659,55686,0,12582912,-351,0,125,-106
33.067568349,1779965210.418761,6659,55687,1,12582912,126,0,124,-105
33.067568349,1779965210.418761,6659,55688,2,12582912,452,0,123,-103
33.067568349,1779965210.418761,6659,55689,3,12582912,211,0,121,-102
33.067568349,1779965210.418761,6659,55690,4,12582912,-226,0,119,-101
33.067568349,1779965210.418761,6659,55691,5,12582912,-276,0,118,-100
33.067568349,1779965210.418761,6659,55692,6,12582912,85,0,116,-98
33.067568349,1779965210.418761,6659,55693,7,12582912,344,0,115,-97
33.111649305000014,1779965210.4628417,6660,55694,0,12582912,175,0,114,-96
33.111649305000014,1779965210.4628417,6660,55695,1,12582912,-154,0,112,-95
33.111649305000014,1779965210.4628417,6660,55696,2,12582912,-193,0,110,-93
33.111649305000014,1779965210.4628417,6660,55697,3,12582912,84,0,109,-92
33.111649305000014,1779965210.4628417,6660,55698,4,12582912,283,0,108,-91
33.111649305000014,1779965210.4628417,6660,55699,5,12582912,150,0,107,-90
33.111649305000014,1779965210.4628417,6660,55700,6,12582912,-103,0,105,-89
33.111649305000014,1779965210.4628417,6660,55701,7,12582912,-139,0,104,-88
33.13459359000001,1779965210.485786,6661,55702,0,12582912,69,0,103,-87
33.13459359000001,1779965210.485786,6661,55703,1,12582912,225,0,101,-86
33.13459359000001,1779965210.485786,6661,55704,2,12582912,127,0,100,-85
33.13459359000001,1779965210.485786,6661,55705,3,12582912,-70,0,99,-84
33.13459359000001,1779965210.485786,6661,55706,4,12582912,-98,0,97,-82
33.13459359000001,1779965210.485786,6661,55707,5,12582912,66,0,96,-81
33.13459359000001,1779965210.485786,6661,55708,6,12582912,187,0,95,-80
33.13459359000001,1779965210.485786,6661,55709,7,12582912,105,0,94,-80
33.20347082000001,1779965210.5546634,6662,55710,0,12582912,-58,0,93,-79
33.20347082000001,1779965210.5546634,6662,55711,1,12582912,-88,0,92,-77
33.20347082000001,1779965210.5546634,6662,55712,2,12582912,43,0,90,-76
33.20347082000001,1779965210.5546634,6662,55713,3,12582912,149,0,89,-76
33.20347082000001,1779965210.5546634,6662,55714,4,12582912,99,0,88,-75
33.20347082000001,1779965210.5546634,6662,55715,5,12582912,-16,0,87,-74
33.20347082000001,1779965210.5546634,6662,55716,6,12582912,-37,0,86,-73
33.20347082000001,1779965210.5546634,6662,55717,7,12582912,50,0,85,-72
33.205060828,1779965210.5562525,6663,55718,0,12582912,114,0,84,-71
33.205060828,1779965210.5562525,6663,55719,1,12582912,63,0,83,-70
33.205060828,1779965210.5562525,6663,55720,2,12582912,-32,0,82,-69
33.205060828,1779965210.5562525,6663,55721,3,12582912,-47,0,81,-68
33.205060828,1779965210.5562525,6663,55722,4,12582912,37,0,80,-67
33.205060828,1779965210.5562525,6663,55723,5,12582912,108,0,79,-67
33.205060828,1779965210.5562525,6663,55724,6,12582912,82,0,78,-66
33.205060828,1779965210.5562525,6663,55725,7,12582912,9,0,77,-65
33.257392347999996,1779965210.6085851,6664,55726,0,12582912,-18,0,76,-64
33.257392347999996,1779965210.6085851,6664,55727,1,12582912,32,0,75,-63
33.257392347999996,1779965210.6085851,6664,55728,2,12582912,84,0,74,-63
33.257392347999996,1779965210.6085851,6664,55729,3,12582912,67,0,73,-62
33.257392347999996,1779965210.6085851,6664,55730,4,12582912,13,0,72,-61
33.257392347999996,1779965210.6085851,6664,55731,5,12582912,-10,0,71,-60
33.257392347999996,1779965210.6085851,6664,55732,6,12582912,22,0,70,-60
33.257392347999996,1779965210.6085851,6664,55733,7,12582912,61,0,70,-59
33.300285901999985,1779965210.6514783,6665,55734,0,12582912,51,0,69,-58
33.300285901999985,1779965210.6514783,6665,55735,1,12582912,6,0,68,-57
33.300285901999985,1779965210.6514783,6665,55736,2,12582912,-16,0,67,-57
33.300285901999985,1779965210.6514783,6665,55737,3,12582912,14,0,66,-56
33.300285901999985,1779965210.6514783,6665,55738,4,12582912,52,0,65,-55
33.300285901999985,1779965210.6514783,6665,55739,5,12582912,49,0,64,-55
33.300285901999985,1779965210.6514783,6665,55740,6,12582912,20,0,64,-54
33.300285901999985,1779965210.6514783,6665,55741,7,12582912,0,0,63,-53
33.30178351400002,1779965210.6529753,6666,55742,0,12582912,15,0,62,-52
33.30178351400002,1779965210.6529753,6666,55743,1,12582912,43,0,61,-52
33.30178351400002,1779965210.6529753,6666,55744,2,12582912,45,0,61,-51
33.30178351400002,1779965210.6529753,6666,55745,3,12582912,28,0,60,-51
33.30178351400002,1779965210.6529753,6666,55746,4,12582912,17,0,59,-50
33.30178351400002,1779965210.6529753,6666,55747,5,12582912,34,0,58,-49
33.30178351400002,1779965210.6529753,6666,55748,6,12582912,55,0,58,-49
33.30178351400002,1779965210.6529753,6666,55749,7,12582912,51,0,57,-48
33.324599621000004,1779965210.6757925,6667,55750,0,12582912,30,0,56,-47
33.324599621000004,1779965210.6757925,6667,55751,1,12582912,15,0,55,-47
33.324599621000004,1779965210.6757925,6667,55752,2,12582912,24,0,55,-46
33.324599621000004,1779965210.6757925,6667,55753,3,12582912,44,0,54,-46
33.324599621000004,1779965210.6757925,6667,55754,4,12582912,51,0,53,-45
33.324599621000004,1779965210.6757925,6667,55755,5,12582912,42,0,53,-45
33.324599621000004,1779965210.6757925,6667,55756,6,12582912,28,0,52,-44
33.324599621000004,1779965210.6757925,6667,55757,7,12582912,34,0,51,-43
33.34747072900001,1779965210.6986632,6668,55758,0,12582912,53,0,51,-43
33.34747072900001,1779965210.6986632,6668,55759,1,12582912,58,0,50,-42
33.34747072900001,1779965210.6986632,6668,55760,2,12582912,43,0,50,-42
33.34747072900001,1779965210.6986632,6668,55761,3,12582912,21,0,49,-41
33.34747072900001,1779965210.6986632,6668,55762,4,12582912,22,0,48,-41
33.34747072900001,1779965210.6986632,6668,55763,5,12582912,42,0,48,-40
33.34747072900001,1779965210.6986632,6668,55764,6,12582912,55,0,47,-40
33.34747072900001,1779965210.6986632,6668,55765,7,12582912,53,0,46,-39
33.40876271100001,1779965210.7599552,6669,55766,0,12582912,36,0,46,-39
33.40876271100001,1779965210.7599552,6669,55767,1,12582912,26,0,45,-38
33.40876271100001,1779965210.7599552,6669,55768,2,12582912,33,0,45,-38
33.40876271100001,1779965210.7599552,6669,55769,3,12582912,45,0,44,-37
33.40876271100001,1779965210.7599552,6669,55770,4,12582912,54,0,44,-37
33.40876271100001,1779965210.7599552,6669,55771,5,12582912,48,0,43,-36
33.40876271100001,1779965210.7599552,6669,55772,6,12582912,41,0,43,-36
33.40876271100001,1779965210.7599552,6669,55773,7,12582912,48,0,42,-36
33.46241887299999,1779965210.813611,6670,55774,0,12582912,54,0,42,-35
33.46241887299999,1779965210.813611,6670,55775,1,12582912,39,0,41,-35
33.46241887299999,1779965210.813611,6670,55776,2,12582912,12,0,40,-34
33.46241887299999,1779965210.813611,6670,55777,3,12582912,8,0,40,-34
33.46241887299999,1779965210.813611,6670,55778,4,12582912,31,0,39,-33
33.46241887299999,1779965210.813611,6670,55779,5,12582912,53,0,39,-33
33.46241887299999,1779965210.813611,6670,55780,6,12582912,51,0,39,-33
33.46241887299999,1779965210.813611,6670,55781,7,12582912,26,0,38,-32
33.46390325599998,1779965210.8150942,6671,55782,0,12582912,11,0,38,-32
33.46390325599998,1779965210.8150942,6671,55783,1,12582912,24,0,37,-31
33.46390325599998,1779965210.8150942,6671,55784,2,12582912,43,0,37,-31
33.46390325599998,1779965210.8150942,6671,55785,3,12582912,42,0,36,-31
33.46390325599998,1779965210.8150942,6671,55786,4,12582912,25,0,36,-30
33.46390325599998,1779965210.8150942,6671,55787,5,12582912,20,0,35,-30
33.46390325599998,1779965210.8150942,6671,55788,6,12582912,37,0,35,-29
33.46390325599998,1779965210.8150942,6671,55789,7,12582912,59,0,34,-29
33.48669821699997,1779965210.8378906,6672,55790,0,12582912,66,0,34,-29
33.48669821699997,1779965210.8378906,6672,55791,1,12582912,46,0,34,-28
33.48669821699997,1779965210.8378906,6672,55792,2,12582912,25,0,33,-28
33.48669821699997,1779965210.8378906,6672,55793,3,12582912,26,0,33,-28
33.48669821699997,1779965210.8378906,6672,55794,4,12582912,36,0,32,-27
33.48669821699997,1779965210.8378906,6672,55795,5,12582912,37,0,32,-27
33.48669821699997,1779965210.8378906,6672,55796,6,12582912,24,0,31,-27
33.48669821699997,1779965210.8378906,6672,55797,7,12582912,16,0,31,-26
33.519431614999974,1779965210.8706238,6673,55798,0,12582912,28,0,31,-26
33.519431614999974,1779965210.8706238,6673,55799,1,12582912,46,0,30,-26
33.519431614999974,1779965210.8706238,6673,55800,2,12582912,51,0,30,-25
33.519431614999974,1779965210.8706238,6673,55801,3,12582912,35,0,30,-25
33.519431614999974,1779965210.8706238,6673,55802,4,12582912,18,0,29,-25
33.519431614999974,1779965210.8706238,6673,55803,5,12582912,22,0,29,-24
33.519431614999974,1779965210.8706238,6673,55804,6,12582912,33,0,28,-24
33.519431614999974,1779965210.8706238,6673,55805,7,12582912,33,0,28,-24
33.542362878999995,1779965210.8935554,6674,55806,0,12582912,13,0,28,-23
33.542362878999995,1779965210.8935554,6674,55807,1,12582912,1,0,27,-23
33.542362878999995,1779965210.8935554,6674,55808,2,12582912,19,0,27,-23
33.542362878999995,1779965210.8935554,6674,55809,3,12582912,44,0,27,-23
33.542362878999995,1779965210.8935554,6674,55810,4,12582912,52,0,26,-22
33.542362878999995,1779965210.8935554,6674,55811,5,12582912,40,0,26,-22
33.542362878999995,1779965210.8935554,6674,55812,6,12582912,31,0,26,-22
33.542362878999995,1779965210.8935554,6674,55813,7,12582912,35,0,25,-22
33.58639508499999,1779965210.9375875,6675,55814,0,12582912,44,0,25,-21
33.58639508499999,1779965210.9375875,6675,55815,1,12582912,42,0,25,-21
33.58639508499999,1779965210.9375875,6675,55816,2,12582912,25,0,24,-21
33.58639508499999,1779965210.9375875,6675,55817,3,12582912,16,0,24,-20
33.58639508499999,1779965210.9375875,6675,55818,4,12582912,32,0,24,-20
33.58639508499999,1779965210.9375875,6675,55819,5,12582912,53,0,24,-20
33.58639508499999,1779965210.9375875,6675,55820,6,12582912,57,0,23,-20
33.58639508499999,1779965210.9375875,6675,55821,7,12582912,39,0,23,-19
33.626358779999975,1779965210.9775512,6676,55822,0,12582912,20,0,23,-19
33.626358779999975,1779965210.9775512,6676,55823,1,12582912,22,0,22,-19
33.626358779999975,1779965210.9775512,6676,55824,2,12582912,35,0,22,-19
33.626358779999975,1779965210.9775512,6676,55825,3,12582912,41,0,22,-19
33.626358779999975,1779965210.9775512,6676,55826,4,12582912,33,0,22,-18
33.626358779999975,1779965210.9775512,6676,55827,5,12582912,27,0,21,-18
33.626358779999975,1779965210.9775512,6676,55828,6,12582912,34,0,21,-18
33.626358779999975,1779965210.9775512,6676,55829,7,12582912,44,0,21,-18
33.65274277100002,1779965211.0039344,6677,55830,0,12582912,41,0,21,-17
33.65274277100002,1779965211.0039344,6677,55831,1,12582912,21,0,20,-17
33.65274277100002,1779965211.0039344,6677,55832,2,12582912,13,0,20,-17
33.65274277100002,1779965211.0039344,6677,55833,3,12582912,33,0,20,-17
33.65274277100002,1779965211.0039344,6677,55834,4,12582912,57,0,20,-17
33.65274277100002,1779965211.0039344,6677,55835,5,12582912,57,0,19,-16
33.65274277100002,1779965211.0039344,6677,55836,6,12582912,32,0,19,-16
33.65274277100002,1779965211.0039344,6677,55837,7,12582912,18,0,19,-16
33.697511018,1779965211.0487027,6678,55838,0,12582912,26,0,19,-16
33.697511018,1779965211.0487027,6678,55839,1,12582912,37,0,18,-16
33.697511018,1779965211.0487027,6678,55840,2,12582912,36,0,18,-15
33.697511018,1779965211.0487027,6678,55841,3,12582912,22,0,18,-15
33.697511018,1779965211.0487027,6678,55842,4,12582912,13,0,18,-15
33.697511018,1779965211.0487027,6678,55843,5,12582912,17,0,17,-15
33.697511018,1779965211.0487027,6678,55844,6,12582912,27,0,17,-15
33.697511018,1779965211.0487027,6678,55845,7,12582912,29,0,17,-14
33.69806945900001,1779965211.0492592,6679,55846,0,12582912,9,0,17,-14
33.69806945900001,1779965211.0492592,6679,55847,1,12582912,-7,0,17,-14
33.69806945900001,1779965211.0492592,6679,55848,2,12582912,4,0,16,-14
33.69806945900001,1779965211.0492592,6679,55849,3,12582912,30,0,16,-14
33.69806945900001,1779965211.0492592,6679,55850,4,12582912,40,0,16,-14
33.69806945900001,1779965211.0492592,6679,55851,5,12582912,18,0,16,-13
33.69806945900001,1779965211.0492592,6679,55852,6,12582912,-4,0,16,-13
33.69806945900001,1779965211.0492592,6679,55853,7,12582912,0,0,15,-13
33.74073123699998,1779965211.091923,6680,55854,0,12582912,10,0,15,-13
33.74073123699998,1779965211.091923,6680,55855,1,12582912,6,0,15,-13
33.74073123699998,1779965211.091923,6680,55856,2,12582912,-14,0,15,-13
33.74073123699998,1779965211.091923,6680,55857,3,12582912,-21,0,15,-12
33.74073123699998,1779965211.091923,6680,55858,4,12582912,-2,0,14,-12
33.74073123699998,1779965211.091923,6680,55859,5,12582912,19,0,14,-12
33.74073123699998,1779965211.091923,6680,55860,6,12582912,27,0,14,-12
33.74073123699998,1779965211.091923,6680,55861,7,12582912,14,0,14,-12
33.762393847,1779965211.1135857,6681,55862,0,12582912,-5,0,14,-12
33.762393847,1779965211.1135857,6681,55863,1,12582912,-7,0,14,-11
33.762393847,1779965211.1135857,6681,55864,2,12582912,7,0,13,-11
33.762393847,1779965211.1135857,6681,55865,3,12582912,10,0,13,-11
33.762393847,1779965211.1135857,6681,55866,4,12582912,-8,0,13,-11
33.762393847,1779965211.1135857,6681,55867,5,12582912,-19,0,13,-11
33.762393847,1779965211.1135857,6681,55868,6,12582912,-4,0,13,-11
33.762393847,1779965211.1135857,6681,55869,7,12582912,19,0,13,-11
33.80557422200002,1779965211.156767,6682,55870,0,12582912,26,0,12,-11
33.80557422200002,1779965211.156767,6682,55871,1,12582912,5,0,12,-10
33.80557422200002,1779965211.156767,6682,55872,2,12582912,-14,0,12,-10
33.80557422200002,1779965211.156767,6682,55873,3,12582912,-3,0,12,-10
33.80557422200002,1779965211.156767,6682,55874,4,12582912,21,0,12,-10
33.80557422200002,1779965211.156767,6682,55875,5,12582912,28,0,12,-10
33.80557422200002,1779965211.156767,6682,55876,6,12582912,7,0,12,-10
33.80557422200002,1779965211.156767,6682,55877,7,12582912,-8,0,11,-10
33.87544915899997,1779965211.2266417,6683,55878,0,12582912,6,0,11,-10
33.87544915899997,1779965211.2266417,6683,55879,1,12582912,28,0,11,-9
33.87544915899997,1779965211.2266417,6683,55880,2,12582912,30,0,11,-9
33.87544915899997,1779965211.2266417,6683,55881,3,12582912,8,0,11,-9
33.87544915899997,1779965211.2266417,6683,55882,4,12582912,-8,0,11,-9
33.87544915899997,1779965211.2266417,6683,55883,5,12582912,-2,0,11,-9
33.87544915899997,1779965211.2266417,6683,55884,6,12582912,13,0,10,-9
33.87544915899997,1779965211.2266417,6683,55885,7,12582912,16,0,10,-9
33.87707312599997,1779965211.228264,6684,55886,0,12582912,1,0,10,-9
33.87707312599997,1779965211.228264,6684,55887,1,12582912,-9,0,10,-8
33.87707312599997,1779965211.228264,6684,55888,2,12582912,4,0,10,-8
33.87707312599997,1779965211.228264,6684,55889,3,12582912,22,0,10,-8
33.87707312599997,1779965211.228264,6684,55890,4,12582912,27,0,10,-8
33.87707312599997,1779965211.228264,6684,55891,5,12582912,9,0,10,-8
33.87707312599997,1779965211.228264,6684,55892,6,12582912,-4,0,9,-8
33.87707312599997,1779965211.228264,6684,55893,7,12582912,9,0,9,-8
33.899796365999975,1779965211.2509887,6685,55894,0,12582912,31,0,9,-8
33.899796365999975,1779965211.2509887,6685,55895,1,12582912,38,0,9,-8
33.899796365999975,1779965211.2509887,6685,55896,2,12582912,16,0,9,-8
33.899796365999975,1779965211.2509887,6685,55897,3,12582912,-10,0,9,-7
33.899796365999975,1779965211.2509887,6685,55898,4,12582912,-4,0,9,-7
33.899796365999975,1779965211.2509887,6685,55899,5,12582912,23,0,9,-7
33.899796365999975,1779965211.2509887,6685,55900,6,12582912,38,0,9,-7
33.899796365999975,1779965211.2509887,6685,55901,7,12582912,27,0,8,-7
33.95335601199997,1779965211.3045483,6686,55902,0,12582912,11,0,8,-7
33.95335601199997,1779965211.3045483,6686,55903,1,12582912,17,0,8,-7
33.95335601199997,1779965211.3045483,6686,55904,2,12582912,29,0,8,-7
33.95335601199997,1779965211.3045483,6686,55905,3,12582912,30,0,8,-7
33.95335601199997,1779965211.3045483,6686,55906,4,12582912,15,0,8,-7
33.95335601199997,1779965211.3045483,6686,55907,5,12582912,5,0,8,-7
33.95335601199997,1779965211.3045483,6686,55908,6,12582912,17,0,8,-7
33.95335601199997,1779965211.3045483,6686,55909,7,12582912,37,0,8,-6
33.97625581599999,1779965211.3274488,6687,55910,0,12582912,42,0,8,-6
33.97625581599999,1779965211.3274488,6687,55911,1,12582912,26,0,7,-6
33.97625581599999,1779965211.3274488,6687,55912,2,12582912,10,0,7,-6
33.97625581599999,1779965211.3274488,6687,55913,3,12582912,19,0,7,-6
33.97625581599999,1779965211.3274488,6687,55914,4,12582912,40,0,7,-6
33.97625581599999,1779965211.3274488,6687,55915,5,12582912,52,0,7,-6
33.97625581599999,1779965211.3274488,6687,55916,6,12582912,42,0,7,-6
33.97625581599999,1779965211.3274488,6687,55917,7,12582912,22,0,7,-6
33.99904587899999,1779965211.3502388,6688,55918,0,12582912,15,0,7,-6
33.99904587899999,1779965211.3502388,6688,55919,1,12582912,22,0,7,-6
33.99904587899999,1779965211.3502388,6688,55920,2,12582912,26,0,7,-6
33.99904587899999,1779965211.3502388,6688,55921,3,12582912,16,0,7,-6
33.99904587899999,1779965211.3502388,6688,55922,4,12582912,9,0,6,-5
33.99904587899999,1779965211.3502388,6688,55923,5,12582912,21,0,6,-5
33.99904587899999,1779965211.3502388,6688,55924,6,12582912,42,0,6,-5
33.99904587899999,1779965211.3502388,6688,55925,7,12582912,49,0,6,-5
34.122692547999975,1779965211.4738848,6689,55926,0,12582912,28,0,6,-5
34.122692547999975,1779965211.4738848,6689,55927,1,12582912,1,0,6,-5
34.122692547999975,1779965211.4738848,6689,55928,2,12582912,-5,0,6,-5
34.122692547999975,1779965211.4738848,6689,55929,3,12582912,10,0,6,-5
34.122692547999975,1779965211.4738848,6689,55930,4,12582912,24,0,6,-5
34.122692547999975,1779965211.4738848,6689,55931,5,12582912,19,0,6,-5
34.122692547999975,1779965211.4738848,6689,55932,6,12582912,17,0,6,-5
34.122692547999975,1779965211.4738848,6689,55933,7,12582912,36,0,6,-5
34.12465703700002,1779965211.4758487,6690,55934,0,12582912,55,0,6,-5
34.12465703700002,1779965211.4758487,6690,55935,1,12582912,48,0,5,-5
34.12465703700002,1779965211.4758487,6690,55936,2,12582912,11,0,5,-5
34.12465703700002,1779965211.4758487,6690,55937,3,12582912,-19,0,5,-5
34.12465703700002,1779965211.4758487,6690,55938,4,12582912,-8,0,5,-4
34.12465703700002,1779965211.4758487,6690,55939,5,12582912,20,0,5,-4
34.12465703700002,1779965211.4758487,6690,55940,6,12582912,33,0,5,-4
34.12465703700002,1779965211.4758487,6690,55941,7,12582912,26,0,5,-4
34.12603834599997,1779965211.4772294,6691,55942,0,12582912,21,0,5,-4
34.12603834599997,1779965211.4772294,6691,55943,1,12582912,36,0,5,-4
34.12603834599997,1779965211.4772294,6691,55944,2,12582912,53,0,5,-4
34.12603834599997,1779965211.4772294,6691,55945,3,12582912,49,0,5,-4
34.12603834599997,1779965211.4772294,6691,55946,4,12582912,23,0,5,-4
34.12603834599997,1779965211.4772294,6691,55947,5,12582912,7,0,5,-4
34.12603834599997,1779965211.4772294,6691,55948,6,12582912,18,0,5,-4
34.12603834599997,1779965211.4772294,6691,55949,7,12582912,36,0,5,-4
34.127394030000005,1779965211.4785855,6692,55950,0,12582912,40,0,5,-4
34.127394030000005,1779965211.4785855,6692,55951,1,12582912,21,0,4,-4
34.127394030000005,1779965211.4785855,6692,55952,2,12582912,3,0,4,-4
34.127394030000005,1779965211.4785855,6692,55953,3,12582912,10,0,4,-4
34.127394030000005,1779965211.4785855,6692,55954,4,12582912,35,0,4,-4
34.127394030000005,1779965211.4785855,6692,55955,5,12582912,56,0,4,-4
34.127394030000005,1779965211.4785855,6692,55956,6,12582912,46,0,4,-4
34.127394030000005,1779965211.4785855,6692,55957,7,12582912,20,0,4,-4
34.15022612500002,1779965211.5014186,6693,55958,0,12582912,13,0,4,-3
34.15022612500002,1779965211.5014186,6693,55959,1,12582912,23,0,4,-3
34.15022612500002,1779965211.5014186,6693,55960,2,12582912,26,0,4,-3
34.15022612500002,1779965211.5014186,6693,55961,3,12582912,12,0,4,-3
34.15022612500002,1779965211.5014186,6693,55962,4,12582912,0,0,4,-3
34.15022612500002,1779965211.5014186,6693,55963,5,12582912,9,0,4,-3
34.15022612500002,1779965211.5014186,6693,55964,6,12582912,32,0,4,-3
34.15022612500002,1779965211.5014186,6693,55965,7,12582912,51,0,4,-3
34.20324279900001,1779965211.554435,6694,55966,0,12582912,42,0,4,-3
34.20324279900001,1779965211.554435,6694,55967,1,12582912,19,0,4,-3
34.20324279900001,1779965211.554435,6694,55968,2,12582912,13,0,4,-3
34.20324279900001,1779965211.554435,6694,55969,3,12582912,25,0,4,-3
34.20324279900001,1779965211.554435,6694,55970,4,12582912,30,0,4,-3
34.20324279900001,1779965211.554435,6694,55971,5,12582912,15,0,3,-3
34.20324279900001,1779965211.554435,6694,55972,6,12582912,4,0,3,-3
34.20324279900001,1779965211.554435,6694,55973,7,12582912,19,0,3,-3
34.22620687400001,1779965211.5773993,6695,55974,0,12582912,46,0,3,-3
34.22620687400001,1779965211.5773993,6695,55975,1,12582912,55,0,3,-3
34.22620687400001,1779965211.5773993,6695,55976,2,12582912,36,0,3,-3
34.22620687400001,1779965211.5773993,6695,55977,3,12582912,7,0,3,-3
34.22620687400001,1779965211.5773993,6695,55978,4,12582912,-3,0,3,-3
34.22620687400001,1779965211.5773993,6695,55979,5,12582912,14,0,3,-3
34.22620687400001,1779965211.5773993,6695,55980,6,12582912,37,0,3,-3
34.22620687400001,1779965211.5773993,6695,55981,7,12582912,38,0,3,-3
34.265899784,1779965211.6170924,6696,55982,0,12582912,26,0,3,-3
34.265899784,1779965211.6170924,6696,55983,1,12582912,26,0,3,-3
34.265899784,1779965211.6170924,6696,55984,2,12582912,37,0,3,-3
34.265899784,1779965211.6170924,6696,55985,3,12582912,42,0,3,-2
34.265899784,1779965211.6170924,6696,55986,4,12582912,30,0,3,-2
34.265899784,1779965211.6170924,6696,55987,5,12582912,14,0,3,-2
34.265899784,1779965211.6170924,6696,55988,6,12582912,15,0,3,-2
34.265899784,1779965211.6170924,6696,55989,7,12582912,26,0,3,-2
34.28878734699998,1779965211.6399798,6697,55990,0,12582912,32,0,3,-2
34.28878734699998,1779965211.6399798,6697,55991,1,12582912,20,0,3,-2
34.28878734699998,1779965211.6399798,6697,55992,2,12582912,6,0,3,-2
34.28878734699998,1779965211.6399798,6697,55993,3,12582912,15,0,3,-2
34.28878734699998,1779965211.6399798,6697,55994,4,12582912,37,0,3,-2
34.28878734699998,1779965211.6399798,6697,55995,5,12582912,46,0,3,-2
34.28878734699998,1779965211.6399798,6697,55996,6,12582912,31,0,3,-2
34.28878734699998,1779965211.6399798,6697,55997,7,12582912,15,0,3,-2
34.311634337999976,1779965211.662827,6698,55998,0,12582912,19,0,2,-2
34.311634337999976,1779965211.662827,6698,55999,1,12582912,25,0,2,-2
34.311634337999976,1779965211.662827,6698,56000,2,12582912,19,0,2,-2
34.311634337999976,1779965211.662827,6698,56001,3,12582912,114,0,2,-2
34.311634337999976,1779965211.662827,6698,56002,4,12582912,199,0,2,-2
34.311634337999976,1779965211.662827,6698,56003,5,12582912,-105,0,2,-2
34.311634337999976,1779965211.662827,6698,56004,6,12582912,-492,0,2,-2
34.311634337999976,1779965211.662827,6698,56005,7,12582912,-314,0,2,-2
34.355505705999974,1779965211.7066975,6699,56006,0,12582912,261,0,2,-2
34.355505705999974,1779965211.7066975,6699,56007,1,12582912,490,0,2,-2
34.355505705999974,1779965211.7066975,6699,56008,2,12582912,109,0,2,-2
34.355505705999974,1779965211.7066975,6699,56009,3,12582912,-327,0,2,-2
34.355505705999974,1779965211.7066975,6699,56010,4,12582912,-252,0,2,-2
34.355505705999974,1779965211.7066975,6699,56011,5,12582912,180,0,2,-2
34.355505705999974,1779965211.7066975,6699,56012,6,12582912,376,0,2,-2
34.355505705999974,1779965211.7066975,6699,56013,7,12582912,111,0,2,-2
34.37745060899999,1779965211.7286425,6700,56014,0,12582912,-209,0,2,-2
34.37745060899999,1779965211.7286425,6700,56015,1,12582912,-154,0,2,-2
34.37745060899999,1779965211.7286425,6700,56016,2,12582912,168,0,2,-2
34.37745060899999,1779965211.7286425,6700,56017,3,12582912,309,0,2,-2
34.37745060899999,1779965211.7286425,6700,56018,4,12582912,102,0,2,-2
34.37745060899999,1779965211.7286425,6700,56019,5,12582912,-144,0,2,-2
34.37745060899999,1779965211.7286425,6700,56020,6,12582912,-105,0,2,-2
34.37745060899999,1779965211.7286425,6700,56021,7,12582912,143,0,2,-2
34.42038468099997,1779965211.7715771,6701,56022,0,12582912,265,0,2,-2
34.42038468099997,1779965211.7715771,6701,56023,1,12582912,115,0,2,-2
34.42038468099997,1779965211.7715771,6701,56024,2,12582912,-77,0,2,-2
34.42038468099997,1779965211.7715771,6701,56025,3,12582912,-54,0,2,-1
34.42038468099997,1779965211.7715771,6701,56026,4,12582912,133,0,2,-1
34.42038468099997,1779965211.7715771,6701,56027,5,12582912,222,0,2,-1
34.42038468099997,1779965211.7715771,6701,56028,6,12582912,98,0,2,-1
34.42038468099997,1779965211.7715771,6701,56029,7,12582912,-56,0,2,-1
34.49268416199999,1779965211.843876,6702,56030,0,12582912,-34,0,2,-1
34.49268416199999,1779965211.843876,6702,56031,1,12582912,111,0,2,-1
34.49268416199999,1779965211.843876,6702,56032,2,12582912,175,0,2,-1
34.49268416199999,1779965211.843876,6702,56033,3,12582912,83,0,2,-1
34.49268416199999,1779965211.843876,6702,56034,4,12582912,-27,0,2,-1
34.49268416199999,1779965211.843876,6702,56035,5,12582912,-6,0,2,-1
34.49268416199999,1779965211.843876,6702,56036,6,12582912,112,0,2,-1
34.49268416199999,1779965211.843876,6702,56037,7,12582912,170,0,2,-1
34.49377130300002,1779965211.8449626,6703,56038,0,12582912,100,0,2,-1
34.49377130300002,1779965211.8449626,6703,56039,1,12582912,5,0,1,-1
34.49377130300002,1779965211.8449626,6703,56040,2,12582912,4,0,1,-1
34.49377130300002,1779965211.8449626,6703,56041,3,12582912,78,0,1,-1
34.49377130300002,1779965211.8449626,6703,56042,4,12582912,117,0,1,-1
34.49377130300002,1779965211.8449626,6703,56043,5,12582912,64,0,1,-1
34.49377130300002,1779965211.8449626,6703,56044,6,12582912,-8,0,1,-1
34.49377130300002,1779965211.8449626,6703,56045,7,12582912,-10,0,1,-1
34.516214280999975,1779965211.8674073,6704,56046,0,12582912,51,0,1,-1
34.516214280999975,1779965211.8674073,6704,56047,1,12582912,96,0,1,-1
34.516214280999975,1779965211.8674073,6704,56048,2,12582912,69,0,1,-1
34.516214280999975,1779965211.8674073,6704,56049,3,12582912,17,0,1,-1
34.516214280999975,1779965211.8674073,6704,56050,4,12582912,11,0,1,-1
34.516214280999975,1779965211.8674073,6704,56051,5,12582912,52,0,1,-1
34.516214280999975,1779965211.8674073,6704,56052,6,12582912,83,0,1,-1
34.516214280999975,1779965211.8674073,6704,56053,7,12582912,63,0,1,-1
34.54841506899999,1779965211.8996077,6705,56054,0,12582912,21,0,1,-1
34.54841506899999,1779965211.8996077,6705,56055,1,12582912,7,0,1,-1
34.54841506899999,1779965211.8996077,6705,56056,2,12582912,28,0,1,-1
34.54841506899999,1779965211.8996077,6705,56057,3,12582912,53,0,1,-1
34.54841506899999,1779965211.8996077,6705,56058,4,12582912,47,0,1,-1
34.54841506899999,1779965211.8996077,6705,56059,5,12582912,23,0,1,-1
34.54841506899999,1779965211.8996077,6705,56060,6,12582912,16,0,1,-1
34.54841506899999,1779965211.8996077,6705,56061,7,12582912,37,0,1,-1
34.57125075800002,1779965211.9224432,6706,56062,0,12582912,59,0,1,-1
34.57125075800002,1779965211.9224432,6706,56063,1,12582912,51,0,1,-1
34.57125075800002,1779965211.9224432,6706,56064,2,12582912,31,0,1,-1
34.57125075800002,1779965211.9224432,6706,56065,3,12582912,27,0,1,-1
34.57125075800002,1779965211.9224432,6706,56066,4,12582912,37,0,1,-1
34.57125075800002,1779965211.9224432,6706,56067,5,12582912,44,0,1,-1
34.57125075800002,1779965211.9224432,6706,56068,6,12582912,36,0,1,-1
34.57125075800002,1779965211.9224432,6706,56069,7,12582912,23,0,1,-1
34.61528316800002,1779965211.9664755,6707,56070,0,12582912,22,0,1,-1
34.61528316800002,1779965211.9664755,6707,56071,1,12582912,38,0,1,-1
34.61528316800002,1779965211.9664755,6707,56072,2,12582912,56,0,1,-1
34.61528316800002,1779965211.9664755,6707,56073,3,12582912,60,0,1,-1
34.61528316800002,1779965211.9664755,6707,56074,4,12582912,48,0,1,-1
34.61528316800002,1779965211.9664755,6707,56075,5,12582912,29,0,1,-1
34.61528316800002,1779965211.9664755,6707,56076,6,12582912,23,0,1,-1
34.61528316800002,1779965211.9664755,6707,56077,7,12582912,35,0,1,-1
34.638374795999994,1779965211.989567,6708,56078,0,12582912,46,0,1,-1
34.638374795999994,1779965211.989567,6708,56079,1,12582912,42,0,1,-1
34.638374795999994,1779965211.989567,6708,56080,2,12582912,25,0,1,-1
34.638374795999994,1779965211.989567,6708,56081,3,12582912,14,0,1,-1
34.638374795999994,1779965211.989567,6708,56082,4,12582912,25,0,1,-1
34.638374795999994,1779965211.989567,6708,56083,5,12582912,46,0,1,-1
34.638374795999994,1779965211.989567,6708,56084,6,12582912,58,0,1,-1
34.638374795999994,1779965211.989567,6708,56085,7,12582912,50,0,1,-1
34.676948478999975,1779965212.0281408,6709,56086,0,12582912,35,0,1,-1
34.676948478999975,1779965212.0281408,6709,56087,1,12582912,36,0,1,-1
34.676948478999975,1779965212.0281408,6709,56088,2,12582912,43,0,1,-1
34.676948478999975,1779965212.0281408,6709,56089,3,12582912,42,0,1,-1
34.676948478999975,1779965212.0281408,6709,56090,4,12582912,31,0,1,-1
34.676948478999975,1779965212.0281408,6709,56091,5,12582912,19,0,1,-1
34.676948478999975,1779965212.0281408,6709,56092,6,12582912,21,0,1,-1
34.676948478999975,1779965212.0281408,6709,56093,7,12582912,34,0,1,-1
34.73061749599998,1779965212.08181,6710,56094,0,12582912,40,0,1,-1
34.73061749599998,1779965212.08181,6710,56095,1,12582912,28,0,1,-1
34.73061749599998,1779965212.08181,6710,56096,2,12582912,17,0,1,-1
34.73061749599998,1779965212.08181,6710,56097,3,12582912,30,0,1,-1
34.73061749599998,1779965212.08181,6710,56098,4,12582912,52,0,1,-1
34.73061749599998,1779965212.08181,6710,56099,5,12582912,56,0,1,-1
34.73061749599998,1779965212.08181,6710,56100,6,12582912,39,0,1,-1
34.73061749599998,1779965212.08181,6710,56101,7,12582912,20,0,1,-1
34.73208885700001,1779965212.0832798,6711,56102,0,12582912,16,0,1,-1
34.73208885700001,1779965212.0832798,6711,56103,1,12582912,22,0,1,-1
34.73208885700001,1779965212.0832798,6711,56104,2,12582912,30,0,1,-1
34.73208885700001,1779965212.0832798,6711,56105,3,12582912,33,0,1,-1
34.73208885700001,1779965212.0832798,6711,56106,4,12582912,33,0,1,-1
34.73208885700001,1779965212.0832798,6711,56107,5,12582912,45,0,1,-1
34.73208885700001,1779965212.0832798,6711,56108,6,12582912,60,0,1,-1
34.73208885700001,1779965212.0832798,6711,56109,7,12582912,55,0,1,-1
34.79051805500001,1779965212.1417103,6712,56110,0,12582912,26,0,1,-1
34.79051805500001,1779965212.1417103,6712,56111,1,12582912,3,0,1,-1
34.79051805500001,1779965212.1417103,6712,56112,2,12582912,12,0,1,-1
34.79051805500001,1779965212.1417103,6712,56113,3,12582912,37,0,1,0
34.79051805500001,1779965212.1417103,6712,56114,4,12582912,50,0,1,0
34.79051805500001,1779965212.1417103,6712,56115,5,12582912,38,0,1,0
34.79051805500001,1779965212.1417103,6712,56116,6,12582912,20,0,1,0
34.79051805500001,1779965212.1417103,6712,56117,7,12582912,23,0,1,0
34.79199665599998,1779965212.143188,6713,56118,0,12582912,38,0,1,0
34.79199665599998,1779965212.143188,6713,56119,1,12582912,41,0,1,0
34.79199665599998,1779965212.143188,6713,56120,2,12582912,30,0,1,0
34.79199665599998,1779965212.143188,6713,56121,3,12582912,15,0,1,0
34.79199665599998,1779965212.143188,6713,56122,4,12582912,19,0,1,0
34.79199665599998,1779965212.143188,6713,56123,5,12582912,39,0,1,0
34.79199665599998,1779965212.143188,6713,56124,6,12582912,47,0,1,0
34.79199665599998,1779965212.143188,6713,56125,7,12582912,27,0,1,0
34.854997647000005,1779965212.2061894,6714,56126,0,12582912,2,0,0,0
34.854997647000005,1779965212.2061894,6714,56127,1,12582912,8,0,0,0
34.854997647000005,1779965212.2061894,6714,56128,2,12582912,36,0,0,0
34.854997647000005,1779965212.2061894,6714,56129,3,12582912,55,0,0,0
34.854997647000005,1779965212.2061894,6714,56130,4,12582912,47,0,0,0
34.854997647000005,1779965212.2061894,6714,56131,5,12582912,21,0,0,0
34.854997647000005,1779965212.2061894,6714,56132,6,12582912,8,0,0,0
34.854997647000005,1779965212.2061894,6714,56133,7,12582912,24,0,0,0
34.930991984,1779965212.2821841,6715,56134,0,12582912,49,0,0,0
34.930991984,1779965212.2821841,6715,56135,1,12582912,56,0,0,0
34.930991984,1779965212.2821841,6715,56136,2,12582912,46,0,0,0
34.930991984,1779965212.2821841,6715,56137,3,12582912,40,0,0,0
34.930991984,1779965212.2821841,6715,56138,4,12582912,44,0,0,0
34.930991984,1779965212.2821841,6715,56139,5,12582912,44,0,0,0
34.930991984,1779965212.2821841,6715,56140,6,12582912,29,0,0,0
34.930991984,1779965212.2821841,6715,56141,7,12582912,12,0,0,0
34.932550064,1779965212.2837417,6716,56142,0,12582912,15,0,0,0
34.932550064,1779965212.2837417,6716,56143,1,12582912,36,0,0,0
34.932550064,1779965212.2837417,6716,56144,2,12582912,50,0,0,0
34.932550064,1779965212.2837417,6716,56145,3,12582912,42,0,0,0
34.932550064,1779965212.2837417,6716,56146,4,12582912,21,0,0,0
34.932550064,1779965212.2837417,6716,56147,5,12582912,16,0,0,0
34.932550064,1779965212.2837417,6716,56148,6,12582912,33,0,0,0
34.932550064,1779965212.2837417,6716,56149,7,12582912,47,0,0,0
34.93390304000002,1779965212.2850947,6717,56150,0,12582912,35,0,0,0
34.93390304000002,1779965212.2850947,6717,56151,1,12582912,8,0,0,0
34.93390304000002,1779965212.2850947,6717,56152,2,12582912,0,0,0,0
34.93390304000002,1779965212.2850947,6717,56153,3,12582912,16,0,0,0
34.93390304000002,1779965212.2850947,6717,56154,4,12582912,34,0,0,0
34.93390304000002,1779965212.2850947,6717,56155,5,12582912,29,0,0,0
34.93390304000002,1779965212.2850947,6717,56156,6,12582912,12,0,0,0
34.93390304000002,1779965212.2850947,6717,56157,7,12582912,15,0,0,0
34.98669507400001,1779965212.3378878,6718,56158,0,12582912,35,0,0,0
34.98669507400001,1779965212.3378878,6718,56159,1,12582912,48,0,0,0
34.98669507400001,1779965212.3378878,6718,56160,2,12582912,35,0,0,0
34.98669507400001,1779965212.3378878,6718,56161,3,12582912,11,0,0,0
34.98669507400001,1779965212.3378878,6718,56162,4,12582912,6,0,0,0
34.98669507400001,1779965212.3378878,6718,56163,5,12582912,19,0,0,0
34.98669507400001,1779965212.3378878,6718,56164,6,12582912,27,0,0,0
34.98669507400001,1779965212.3378878,6718,56165,7,12582912,15,0,0,0
34.987642214000005,1779965212.338833,6719,56166,0,12582912,-4,0,0,0
34.987642214000005,1779965212.338833,6719,56167,1,12582912,-5,0,0,0
34.987642214000005,1779965212.338833,6719,56168,2,12582912,6,0,0,0
34.987642214000005,1779965212.338833,6719,56169,3,12582912,17,0,0,0
34.987642214000005,1779965212.338833,6719,56170,4,12582912,16,0,0,0
34.987642214000005,1779965212.338833,6719,56171,5,12582912,7,0,0,0
34.987642214000005,1779965212.338833,6719,56172,6,12582912,14,0,0,0
34.987642214000005,1779965212.338833,6719,56173,7,12582912,32,0,0,0
35.06665349299999,1779965212.4178457,6720,56174,0,12582912,38,0,0,0
35.06665349299999,1779965212.4178457,6720,56175,1,12582912,19,0,0,0
35.06665349299999,1779965212.4178457,6720,56176,2,12582912,-4,0,0,0
35.06665349299999,1779965212.4178457,6720,56177,3,12582912,-1,0,0,0
35.06665349299999,1779965212.4178457,6720,56178,4,12582912,22,0,0,0
35.06665349299999,1779965212.4178457,6720,56179,5,12582912,38,0,0,0
35.06665349299999,1779965212.4178457,6720,56180,6,12582912,31,0,0,0
35.06665349299999,1779965212.4178457,6720,56181,7,12582912,10,0,0,0
35.074188530000015,1779965212.4253817,6721,56182,0,12582912,3,0,0,0
35.074188530000015,1779965212.4253817,6721,56183,1,12582912,12,0,0,0
35.074188530000015,1779965212.4253817,6721,56184,2,12582912,23,0,0,0
35.074188530000015,1779965212.4253817,6721,56185,3,12582912,16,0,0,0
35.074188530000015,1779965212.4253817,6721,56186,4,12582912,-6,0,0,0
35.074188530000015,1779965212.4253817,6721,56187,5,12582912,-9,0,0,0
35.074188530000015,1779965212.4253817,6721,56188,6,12582912,14,0,0,0
35.074188530000015,1779965212.4253817,6721,56189,7,12582912,33,0,0,0
35.11380200899998,1779965212.4649942,6722,56190,0,12582912,23,0,0,0
35.11380200899998,1779965212.4649942,6722,56191,1,12582912,2,0,0,0
35.11380200899998,1779965212.4649942,6722,56192,2,12582912,0,0,0,0
35.11380200899998,1779965212.4649942,6722,56193,3,12582912,10,0,0,0
35.11380200899998,1779965212.4649942,6722,56194,4,12582912,9,0,0,0
35.11380200899998,1779965212.4649942,6722,56195,5,12582912,-18,0,0,0
35.11380200899998,1779965212.4649942,6722,56196,6,12582912,-50,0,0,0
35.11380200899998,1779965212.4649942,6722,56197,7,12582912,-49,0,0,0
35.115656652999974,1779965212.4668489,6723,56198,0,12582912,-20,0,0,0
35.115656652999974,1779965212.4668489,6723,56199,1,12582912,-1,0,0,0
35.115656652999974,1779965212.4668489,6723,56200,2,12582912,-8,0,0,0
35.115656652999974,1779965212.4668489,6723,56201,3,12582912,-33,0,0,0
35.115656652999974,1779965212.4668489,6723,56202,4,12582912,-44,0,0,0
35.115656652999974,1779965212.4668489,6723,56203,5,12582912,-33,0,0,0
35.115656652999974,1779965212.4668489,6723,56204,6,12582912,-17,0,0,0
35.115656652999974,1779965212.4668489,6723,56205,7,12582912,-15,0,0,0
35.15992307199997,1779965212.5111158,6724,56206,0,12582912,-28,0,0,0
35.15992307199997,1779965212.5111158,6724,56207,1,12582912,-33,0,0,0
35.15992307199997,1779965212.5111158,6724,56208,2,12582912,-22,0,0,0
35.15992307199997,1779965212.5111158,6724,56209,3,12582912,-10,0,0,0
35.15992307199997,1779965212.5111158,6724,56210,4,12582912,-13,0,0,0
35.15992307199997,1779965212.5111158,6724,56211,5,12582912,-30,0,0,0
35.15992307199997,1779965212.5111158,6724,56212,6,12582912,-31,0,0,0
35.15992307199997,1779965212.5111158,6724,56213,7,12582912,-11,0,0,0
35.182824176,1779965212.5340166,6725,56214,0,12582912,5,0,0,0
35.182824176,1779965212.5340166,6725,56215,1,12582912,0,0,0,0
35.182824176,1779965212.5340166,6725,56216,2,12582912,-23,0,0,0
35.182824176,1779965212.5340166,6725,56217,3,12582912,-38,0,0,0
35.182824176,1779965212.5340166,6725,56218,4,12582912,-30,0,0,0
35.182824176,1779965212.5340166,6725,56219,5,12582912,-16,0,0,0
35.182824176,1779965212.5340166,6725,56220,6,12582912,-20,0,0,0
35.182824176,1779965212.5340166,6725,56221,7,12582912,-37,0,0,0
35.23675861099997,1779965212.5879512,6726,56222,0,12582912,-37,0,0,0
35.23675861099997,1779965212.5879512,6726,56223,1,12582912,-15,0,0,0
35.23675861099997,1779965212.5879512,6726,56224,2,12582912,0,0,0,0
35.23675861099997,1779965212.5879512,6726,56225,3,12582912,-12,0,0,0
35.23675861099997,1779965212.5879512,6726,56226,4,12582912,-37,0,0,0
35.23675861099997,1779965212.5879512,6726,56227,5,12582912,-47,0,0,0
35.23675861099997,1779965212.5879512,6726,56228,6,12582912,-31,0,0,0
35.23675861099997,1779965212.5879512,6726,56229,7,12582912,-2,0,0,0
35.23824976399999,1779965212.5894415,6727,56230,0,12582912,11,0,0,0
35.23824976399999,1779965212.5894415,6727,56231,1,12582912,-1,0,0,0
35.23824976399999,1779965212.5894415,6727,56232,2,12582912,-8,0,0,0
35.23824976399999,1779965212.5894415,6727,56233,3,12582912,-7,0,0,0
35.23824976399999,1779965212.5894415,6727,56234,4,12582912,-5,0,0,0
35.23824976399999,1779965212.5894415,6727,56235,5,12582912,-7,0,0,0
35.23824976399999,1779965212.5894415,6727,56236,6,12582912,-11,0,0,0
35.23824976399999,1779965212.5894415,6727,56237,7,12582912,-14,0,0,0
35.283071861999986,1779965212.634265,6728,56238,0,12582912,-7,0,0,0
35.283071861999986,1779965212.634265,6728,56239,1,12582912,4,0,0,0
35.283071861999986,1779965212.634265,6728,56240,2,12582912,-6,0,0,0
35.283071861999986,1779965212.634265,6728,56241,3,12582912,-31,0,0,0
35.283071861999986,1779965212.634265,6728,56242,4,12582912,-35,0,0,0
35.283071861999986,1779965212.634265,6728,56243,5,12582912,-14,0,0,0
35.283071861999986,1779965212.634265,6728,56244,6,12582912,1,0,0,0
35.283071861999986,1779965212.634265,6728,56245,7,12582912,-14,0,0,0
35.338633129000016,1779965212.6898255,6729,56246,0,12582912,-43,0,0,0
35.338633129000016,1779965212.6898255,6729,56247,1,12582912,-41,0,0,0
35.338633129000016,1779965212.6898255,6729,56248,2,12582912,-19,0,0,0
35.338633129000016,1779965212.6898255,6729,56249,3,12582912,-17,0,0,0
35.338633129000016,1779965212.6898255,6729,56250,4,12582912,-40,0,0,0
35.338633129000016,1779965212.6898255,6729,56251,5,12582912,-62,0,0,0
35.338633129000016,1779965212.6898255,6729,56252,6,12582912,-56,0,0,0
35.338633129000016,1779965212.6898255,6729,56253,7,12582912,-27,0,0,0
35.34011938599997,1779965212.6913106,6730,56254,0,12582912,-2,0,0,0
35.34011938599997,1779965212.6913106,6730,56255,1,12582912,-5,0,0,0
35.34011938599997,1779965212.6913106,6730,56256,2,12582912,-30,0,0,0
35.34011938599997,1779965212.6913106,6730,56257,3,12582912,-48,0,0,0
35.34011938599997,1779965212.6913106,6730,56258,4,12582912,-45,0,0,0
35.34011938599997,1779965212.6913106,6730,56259,5,12582912,-29,0,0,0
35.34011938599997,1779965212.6913106,6730,56260,6,12582912,-22,0,0,0
35.34011938599997,1779965212.6913106,6730,56261,7,12582912,-36,0,0,0
35.38406840699997,1779965212.7352612,6731,56262,0,12582912,-41,0,0,0
35.38406840699997,1779965212.7352612,6731,56263,1,12582912,-29,0,0,0
35.38406840699997,1779965212.7352612,6731,56264,2,12582912,-18,0,0,0
35.38406840699997,1779965212.7352612,6731,56265,3,12582912,-26,0,0,0
35.38406840699997,1779965212.7352612,6731,56266,4,12582912,-43,0,0,0
35.38406840699997,1779965212.7352612,6731,56267,5,12582912,-43,0,0,0
35.38406840699997,1779965212.7352612,6731,56268,6,12582912,-34,0,0,0
35.38406840699997,1779965212.7352612,6731,56269,7,12582912,-33,0,0,0
35.40700346900002,1779965212.7581959,6732,56270,0,12582912,-42,0,0,0
35.40700346900002,1779965212.7581959,6732,56271,1,12582912,-65,0,0,0
35.40700346900002,1779965212.7581959,6732,56272,2,12582912,-74,0,0,0
35.40700346900002,1779965212.7581959,6732,56273,3,12582912,-53,0,0,0
35.40700346900002,1779965212.7581959,6732,56274,4,12582912,-30,0,0,0
35.40700346900002,1779965212.7581959,6732,56275,5,12582912,-32,0,0,0
35.40700346900002,1779965212.7581959,6732,56276,6,12582912,-54,0,0,0
35.40700346900002,1779965212.7581959,6732,56277,7,12582912,-69,0,0,0
35.44998201699997,1779965212.8011746,6733,56278,0,12582912,-62,0,0,0
35.44998201699997,1779965212.8011746,6733,56279,1,12582912,-46,0,0,0
35.44998201699997,1779965212.8011746,6733,56280,2,12582912,-44,0,0,0
35.44998201699997,1779965212.8011746,6733,56281,3,12582912,-67,0,0,0
35.44998201699997,1779965212.8011746,6733,56282,4,12582912,-79,0,0,0
35.44998201699997,1779965212.8011746,6733,56283,5,12582912,-60,0,0,0
35.44998201699997,1779965212.8011746,6733,56284,6,12582912,-32,0,0,0
35.44998201699997,1779965212.8011746,6733,56285,7,12582912,-24,0,0,0
35.50305894799999,1779965212.8542511,6734,56286,0,12582912,-42,0,0,0
35.50305894799999,1779965212.8542511,6734,56287,1,12582912,-61,0,0,0
35.50305894799999,1779965212.8542511,6734,56288,2,12582912,-60,0,0,0
35.50305894799999,1779965212.8542511,6734,56289,3,12582912,-45,0,0,0
35.50305894799999,1779965212.8542511,6734,56290,4,12582912,-42,0,0,0
35.50305894799999,1779965212.8542511,6734,56291,5,12582912,-64,0,0,0
35.50305894799999,1779965212.8542511,6734,56292,6,12582912,-86,0,0,0
35.50305894799999,1779965212.8542511,6734,56293,7,12582912,-83,0,0,0
35.50461286199999,1779965212.8558044,6735,56294,0,12582912,-63,0,0,0
35.50461286199999,1779965212.8558044,6735,56295,1,12582912,-52,0,0,0
35.50461286199999,1779965212.8558044,6735,56296,2,12582912,-67,0,0,0
35.50461286199999,1779965212.8558044,6735,56297,3,12582912,-77,0,0,0
35.50461286199999,1779965212.8558044,6735,56298,4,12582912,-63,0,0,0
35.50461286199999,1779965212.8558044,6735,56299,5,12582912,-46,0,0,0
35.50461286199999,1779965212.8558044,6735,56300,6,12582912,-51,0,0,0
35.50461286199999,1779965212.8558044,6735,56301,7,12582912,-71,0,0,0
35.543611129,1779965212.8948035,6736,56302,0,12582912,-84,0,0,0
35.543611129,1779965212.8948035,6736,56303,1,12582912,-72,0,0,0
35.543611129,1779965212.8948035,6736,56304,2,12582912,-46,0,0,0
35.543611129,1779965212.8948035,6736,56305,3,12582912,-42,0,0,0
35.543611129,1779965212.8948035,6736,56306,4,12582912,-74,0,0,0
35.543611129,1779965212.8948035,6736,56307,5,12582912,-102,0,0,0
35.543611129,1779965212.8948035,6736,56308,6,12582912,-96,0,0,0
35.543611129,1779965212.8948035,6736,56309,7,12582912,-73,0,0,0
35.566813223999986,1779965212.9180055,6737,56310,0,12582912,-61,0,0,0
35.566813223999986,1779965212.9180055,6737,56311,1,12582912,-70,0,0,0
35.566813223999986,1779965212.9180055,6737,56312,2,12582912,-81,0,0,0
35.566813223999986,1779965212.9180055,6737,56313,3,12582912,-73,0,0,0
35.566813223999986,1779965212.9180055,6737,56314,4,12582912,-47,0,0,0
35.566813223999986,1779965212.9180055,6737,56315,5,12582912,-33,0,0,0
35.566813223999986,1779965212.9180055,6737,56316,6,12582912,-52,0,0,0
35.566813223999986,1779965212.9180055,6737,56317,7,12582912,-73,0,0,0
35.769548078000014,1779965213.1207407,6738,56318,0,12582912,-64,0,0,0
35.769548078000014,1779965213.1207407,6738,56319,1,12582912,-34,0,0,0
35.769548078000014,1779965213.1207407,6738,56320,2,12582912,-17,0,0,0
35.769548078000014,1779965213.1207407,6738,56321,3,12582912,-40,0,0,0
35.769548078000014,1779965213.1207407,6738,56322,4,12582912,-70,0,0,0
35.769548078000014,1779965213.1207407,6738,56323,5,12582912,-64,0,0,0
35.769548078000014,1779965213.1207407,6738,56324,6,12582912,-25,0,0,0
35.769548078000014,1779965213.1207407,6738,56325,7,12582912,-2,0,0,0
35.81391819099997,1779965213.1651108,6739,56326,0,12582912,-265,0,0,0
35.81391819099997,1779965213.1651108,6739,56327,1,12582912,-847,0,0,0
35.81391819099997,1779965213.1651108,6739,56328,2,12582912,-910,0,0,0
35.81391819099997,1779965213.1651108,6739,56329,3,12582912,-33,0,0,0
35.81391819099997,1779965213.1651108,6739,56330,4,12582912,795,0,0,0
35.81391819099997,1779965213.1651108,6739,56331,5,12582912,569,0,0,0
35.81391819099997,1779965213.1651108,6739,56332,6,12582912,-326,0,0,0
35.81391819099997,1779965213.1651108,6739,56333,7,12582912,-674,0,0,0
35.851713168,1779965213.2029045,6740,56334,0,12582912,-81,0,0,0
35.851713168,1779965213.2029045,6740,56335,1,12582912,583,0,0,0
35.851713168,1779965213.2029045,6740,56336,2,12582912,446,0,0,0
35.851713168,1779965213.2029045,6740,56337,3,12582912,-234,0,0,0
35.851713168,1779965213.2029045,6740,56338,4,12582912,-527,0,0,0
35.851713168,1779965213.2029045,6740,56339,5,12582912,-88,0,0,0
35.851713168,1779965213.2029045,6740,56340,6,12582912,429,0,0,0
35.851713168,1779965213.2029045,6740,56341,7,12582912,337,0,0,0
35.89514160900001,1779965213.2463343,6741,56342,0,12582912,-176,0,0,0
35.89514160900001,1779965213.2463343,6741,56343,1,12582912,-384,0,0,0
35.89514160900001,1779965213.2463343,6741,56344,2,12582912,-38,0,0,0
35.89514160900001,1779965213.2463343,6741,56345,3,12582912,351,0,0,0
35.89514160900001,1779965213.2463343,6741,56346,4,12582912,265,0,0,0
35.89514160900001,1779965213.2463343,6741,56347,5,12582912,-139,0,0,0
35.89514160900001,1779965213.2463343,6741,56348,6,12582912,-307,0,0,0
35.89514160900001,1779965213.2463343,6741,56349,7,12582912,-36,0,0,0
35.96506512899998,1779965213.3162577,6742,56350,0,12582912,279,0,0,0
35.96506512899998,1779965213.3162577,6742,56351,1,12582912,230,0,0,0
35.96506512899998,1779965213.3162577,6742,56352,2,12582912,-77,0,0,0
35.96506512899998,1779965213.3162577,6742,56353,3,12582912,-219,0,0,0
35.96506512899998,1779965213.3162577,6742,56354,4,12582912,-30,0,0,0
35.96506512899998,1779965213.3162577,6742,56355,5,12582912,202,0,0,0
35.96506512899998,1779965213.3162577,6742,56356,6,12582912,166,0,0,0
35.96506512899998,1779965213.3162577,6742,56357,7,12582912,-60,0,0,0
35.966534250999985,1779965213.3177257,6743,56358,0,12582912,-165,0,0,0
35.966534250999985,1779965213.3177257,6743,56359,1,12582912,-25,0,0,0
35.966534250999985,1779965213.3177257,6743,56360,2,12582912,151,0,0,0
35.966534250999985,1779965213.3177257,6743,56361,3,12582912,132,0,0,0
35.966534250999985,1779965213.3177257,6743,56362,4,12582912,-39,0,0,0
35.966534250999985,1779965213.3177257,6743,56363,5,12582912,-132,0,0,0
35.966534250999985,1779965213.3177257,6743,56364,6,12582912,-36,0,0,0
35.966534250999985,1779965213.3177257,6743,56365,7,12582912,101,0,0,0
35.98926337199998,1779965213.3404562,6744,56366,0,12582912,97,0,0,0
35.98926337199998,1779965213.3404562,6744,56367,1,12582912,-16,0,0,0
35.98926337199998,1779965213.3404562,6744,56368,2,12582912,-73,0,0,0
35.98926337199998,1779965213.3404562,6744,56369,3,12582912,3,0,0,0
35.98926337199998,1779965213.3404562,6744,56370,4,12582912,100,0,0,0
35.98926337199998,1779965213.3404562,6744,56371,5,12582912,87,0,0,0
35.98926337199998,1779965213.3404562,6744,56372,6,12582912,-18,0,0,0
35.98926337199998,1779965213.3404562,6744,56373,7,12582912,-82,0,0,0
36.01206921300002,1779965213.3632617,6745,56374,0,12582912,-27,0,0,0
36.01206921300002,1779965213.3632617,6745,56375,1,12582912,67,0,0,0
36.01206921300002,1779965213.3632617,6745,56376,2,12582912,78,0,0,0
36.01206921300002,1779965213.3632617,6745,56377,3,12582912,11,0,0,0
36.01206921300002,1779965213.3632617,6745,56378,4,12582912,-35,0,0,0
36.01206921300002,1779965213.3632617,6745,56379,5,12582912,0,0,0,0
36.01206921300002,1779965213.3632617,6745,56380,6,12582912,55,0,0,0
36.01206921300002,1779965213.3632617,6745,56381,7,12582912,52,0,0,0
36.091530852000005,1779965213.442723,6746,56382,0,12582912,-2,0,0,0
36.091530852000005,1779965213.442723,6746,56383,1,12582912,-36,0,0,0
36.091530852000005,1779965213.442723,6746,56384,2,12582912,-1,0,0,0
36.091530852000005,1779965213.442723,6746,56385,3,12582912,59,0,0,0
36.091530852000005,1779965213.442723,6746,56386,4,12582912,64,0,0,0
36.091530852000005,1779965213.442723,6746,56387,5,12582912,11,0,0,0
36.091530852000005,1779965213.442723,6746,56388,6,12582912,-29,0,0,0
36.091530852000005,1779965213.442723,6746,56389,7,12582912,-5,0,0,0
36.107915254999966,1779965213.4591084,6747,56390,0,12582912,45,0,0,0
36.107915254999966,1779965213.4591084,6747,56391,1,12582912,57,0,0,0
36.107915254999966,1779965213.4591084,6747,56392,2,12582912,20,0,0,0
36.107915254999966,1779965213.4591084,6747,56393,3,12582912,-15,0,0,0
36.107915254999966,1779965213.4591084,6747,56394,4,12582912,5,0,0,0
36.107915254999966,1779965213.4591084,6747,56395,5,12582912,48,0,0,0
36.107915254999966,1779965213.4591084,6747,56396,6,12582912,49,0,0,0
36.107915254999966,1779965213.4591084,6747,56397,7,12582912,8,0,0,0
36.10955047199997,1779965213.4607422,6748,56398,0,12582912,-22,0,0,0
36.10955047199997,1779965213.4607422,6748,56399,1,12582912,-4,0,0,0
36.10955047199997,1779965213.4607422,6748,56400,2,12582912,33,0,0,0
36.10955047199997,1779965213.4607422,6748,56401,3,12582912,39,0,0,0
36.10955047199997,1779965213.4607422,6748,56402,4,12582912,14,0,0,0
36.10955047199997,1779965213.4607422,6748,56403,5,12582912,-7,0,0,0
36.10955047199997,1779965213.4607422,6748,56404,6,12582912,7,0,0,0
36.10955047199997,1779965213.4607422,6748,56405,7,12582912,40,0,0,0
36.132315061999975,1779965213.4835072,6749,56406,0,12582912,46,0,0,0
36.132315061999975,1779965213.4835072,6749,56407,1,12582912,14,0,0,0
36.132315061999975,1779965213.4835072,6749,56408,2,12582912,-14,0,0,0
36.132315061999975,1779965213.4835072,6749,56409,3,12582912,2,0,0,0
36.132315061999975,1779965213.4835072,6749,56410,4,12582912,39,0,0,0
36.132315061999975,1779965213.4835072,6749,56411,5,12582912,47,0,0,0
36.132315061999975,1779965213.4835072,6749,56412,6,12582912,17,0,0,0
36.132315061999975,1779965213.4835072,6749,56413,7,12582912,-13,0,0,0
36.201078575999986,1779965213.552271,6750,56414,0,12582912,-1,0,0,0
36.201078575999986,1779965213.552271,6750,56415,1,12582912,37,0,0,0
36.201078575999986,1779965213.552271,6750,56416,2,12582912,41,0,0,0
36.201078575999986,1779965213.552271,6750,56417,3,12582912,5,0,0,0
36.201078575999986,1779965213.552271,6750,56418,4,12582912,-25,0,0,0
36.201078575999986,1779965213.552271,6750,56419,5,12582912,-4,0,0,0
36.201078575999986,1779965213.552271,6750,56420,6,12582912,40,0,0,0
36.201078575999986,1779965213.552271,6750,56421,7,12582912,56,0,0,0
36.20253280200001,1779965213.553724,6751,56422,0,12582912,37,0,0,0
36.20253280200001,1779965213.553724,6751,56423,1,12582912,10,0,0,0
36.20253280200001,1779965213.553724,6751,56424,2,12582912,9,0,0,0
36.20253280200001,1779965213.553724,6751,56425,3,12582912,26,0,0,0
36.20253280200001,1779965213.553724,6751,56426,4,12582912,27,0,0,0
36.20253280200001,1779965213.553724,6751,56427,5,12582912,11,0,0,0
36.20253280200001,1779965213.553724,6751,56428,6,12582912,-1,0,0,0
36.20253280200001,1779965213.553724,6751,56429,7,12582912,7,0,0,0
36.246521402999974,1779965213.597714,6752,56430,0,12582912,30,0,0,0
36.246521402999974,1779965213.597714,6752,56431,1,12582912,42,0,0,0
36.246521402999974,1779965213.597714,6752,56432,2,12582912,34,0,0,0
36.246521402999974,1779965213.597714,6752,56433,3,12582912,17,0,0,0
36.246521402999974,1779965213.597714,6752,56434,4,12582912,17,0,0,0
36.246521402999974,1779965213.597714,6752,56435,5,12582912,27,0,0,0
36.246521402999974,1779965213.597714,6752,56436,6,12582912,23,0,0,0
36.246521402999974,1779965213.597714,6752,56437,7,12582912,6,0,0,0
36.269765630999984,1779965213.6209579,6753,56438,0,12582912,-5,0,0,0
36.269765630999984,1779965213.6209579,6753,56439,1,12582912,5,0,0,0
36.269765630999984,1779965213.6209579,6753,56440,2,12582912,25,0,0,0
36.269765630999984,1779965213.6209579,6753,56441,3,12582912,37,0,0,0
36.269765630999984,1779965213.6209579,6753,56442,4,12582912,31,0,0,0
36.269765630999984,1779965213.6209579,6753,56443,5,12582912,14,0,0,0
36.269765630999984,1779965213.6209579,6753,56444,6,12582912,12,0,0,0
36.269765630999984,1779965213.6209579,6753,56445,7,12582912,29,0,0,0
36.29260121200002,1779965213.6437938,6754,56446,0,12582912,39,0,0,0
36.29260121200002,1779965213.6437938,6754,56447,1,12582912,33,0,0,0
36.29260121200002,1779965213.6437938,6754,56448,2,12582912,13,0,0,0
36.29260121200002,1779965213.6437938,6754,56449,3,12582912,-3,0,0,0
36.29260121200002,1779965213.6437938,6754,56450,4,12582912,7,0,0,0
36.29260121200002,1779965213.6437938,6754,56451,5,12582912,26,0,0,0
36.29260121200002,1779965213.6437938,6754,56452,6,12582912,31,0,0,0
36.29260121200002,1779965213.6437938,6754,56453,7,12582912,17,0,0,0
36.336678667,1779965213.687871,6755,56454,0,12582912,8,0,0,0
36.336678667,1779965213.687871,6755,56455,1,12582912,12,0,0,0
36.336678667,1779965213.687871,6755,56456,2,12582912,23,0,0,0
36.336678667,1779965213.687871,6755,56457,3,12582912,29,0,0,0
36.336678667,1779965213.687871,6755,56458,4,12582912,18,0,0,0
36.336678667,1779965213.687871,6755,56459,5,12582912,5,0,0,0
36.336678667,1779965213.687871,6755,56460,6,12582912,11,0,0,0
36.336678667,1779965213.687871,6755,56461,7,12582912,36,0,0,0
36.359454664,1779965213.7106469,6756,56462,0,12582912,52,0,0,0
36.359454664,1779965213.7106469,6756,56463,1,12582912,37,0,0,0
36.359454664,1779965213.7106469,6756,56464,2,12582912,11,0,0,0
36.359454664,1779965213.7106469,6756,56465,3,12582912,6,0,0,0
36.359454664,1779965213.7106469,6756,56466,4,12582912,26,0,0,0
36.359454664,1779965213.7106469,6756,56467,5,12582912,48,0,0,0
36.359454664,1779965213.7106469,6756,56468,6,12582912,44,0,0,0
36.359454664,1779965213.7106469,6756,56469,7,12582912,26,0,0,0
36.42056928599999,1779965213.771762,6757,56470,0,12582912,23,0,0,0
36.42056928599999,1779965213.771762,6757,56471,1,12582912,35,0,0,0
36.42056928599999,1779965213.771762,6757,56472,2,12582912,38,0,0,0
36.42056928599999,1779965213.771762,6757,56473,3,12582912,18,0,0,0
36.42056928599999,1779965213.771762,6757,56474,4,12582912,5,0,0,0
36.42056928599999,1779965213.771762,6757,56475,5,12582912,16,0,0,0
36.42056928599999,1779965213.771762,6757,56476,6,12582912,37,0,0,0
36.42056928599999,1779965213.771762,6757,56477,7,12582912,47,0,0,0
36.422022209999966,1779965213.7732131,6758,56478,0,12582912,33,0,0,0
36.422022209999966,1779965213.7732131,6758,56479,1,12582912,13,0,0,0
36.422022209999966,1779965213.7732131,6758,56480,2,12582912,9,0,0,0
36.422022209999966,1779965213.7732131,6758,56481,3,12582912,20,0,0,0
36.422022209999966,1779965213.7732131,6758,56482,4,12582912,32,0,0,0
36.422022209999966,1779965213.7732131,6758,56483,5,12582912,26,0,0,0
36.422022209999966,1779965213.7732131,6758,56484,6,12582912,16,0,0,0
36.422022209999966,1779965213.7732131,6758,56485,7,12582912,19,0,0,0
36.51015149599999,1779965213.861344,6759,56486,0,12582912,29,0,0,0
36.51015149599999,1779965213.861344,6759,56487,1,12582912,34,0,0,0
36.51015149599999,1779965213.861344,6759,56488,2,12582912,21,0,0,0
36.51015149599999,1779965213.861344,6759,56489,3,12582912,11,0,0,0
36.51015149599999,1779965213.861344,6759,56490,4,12582912,24,0,0,0
36.51015149599999,1779965213.861344,6759,56491,5,12582912,40,0,0,0
36.51015149599999,1779965213.861344,6759,56492,6,12582912,35,0,0,0
36.51015149599999,1779965213.861344,6759,56493,7,12582912,13,0,0,0
36.51160317,1779965213.8627942,6760,56494,0,12582912,5,0,0,0
36.51160317,1779965213.8627942,6760,56495,1,12582912,13,0,0,0
36.51160317,1779965213.8627942,6760,56496,2,12582912,16,0,0,0
36.51160317,1779965213.8627942,6760,56497,3,12582912,11,0,0,0
36.51160317,1779965213.8627942,6760,56498,4,12582912,0,0,0,0
36.51160317,1779965213.8627942,6760,56499,5,12582912,3,0,0,0
36.51160317,1779965213.8627942,6760,56500,6,12582912,25,0,0,0
36.51160317,1779965213.8627942,6760,56501,7,12582912,85,0,0,0
36.53447343800002,1779965213.885666,6761,56502,0,12582912,372,0,0,0
36.53447343800002,1779965213.885666,6761,56503,1,12582912,617,0,0,0
36.53447343800002,1779965213.885666,6761,56504,2,12582912,109,0,0,0
36.53447343800002,1779965213.885666,6761,56505,3,12582912,-724,0,0,0
36.53447343800002,1779965213.885666,6761,56506,4,12582912,-700,0,0,0
36.53447343800002,1779965213.885666,6761,56507,5,12582912,188,0,0,0
36.53447343800002,1779965213.885666,6761,56508,6,12582912,756,0,0,0
36.53447343800002,1779965213.885666,6761,56509,7,12582912,298,0,0,0
36.55733125799998,1779965213.9085236,6762,56510,0,12582912,-491,0,0,0
36.55733125799998,1779965213.9085236,6762,56511,1,12582912,-549,0,0,0
36.55733125799998,1779965213.9085236,6762,56512,2,12582912,130,0,0,0
36.55733125799998,1779965213.9085236,6762,56513,3,12582912,583,0,0,0
36.55733125799998,1779965213.9085236,6762,56514,4,12582912,241,0,0,0
36.55733125799998,1779965213.9085236,6762,56515,5,12582912,-367,0,0,0
36.55733125799998,1779965213.9085236,6762,56516,6,12582912,-420,0,0,0
36.55733125799998,1779965213.9085236,6762,56517,7,12582912,93,0,0,0
36.60126355699998,1779965213.9524565,6763,56518,0,12582912,440,0,0,0
36.60126355699998,1779965213.9524565,6763,56519,1,12582912,180,0,0,0
36.60126355699998,1779965213.9524565,6763,56520,2,12582912,-287,0,0,0
36.60126355699998,1779965213.9524565,6763,56521,3,12582912,-327,0,0,0
36.60126355699998,1779965213.9524565,6763,56522,4,12582912,77,0,0,0
36.60126355699998,1779965213.9524565,6763,56523,5,12582912,351,0,0,0
36.60126355699998,1779965213.9524565,6763,56524,6,12582912,146,0,0,0
36.60126355699998,1779965213.9524565,6763,56525,7,12582912,-217,0,0,0
36.651902398000004,1779965214.0030947,6764,56526,0,12582912,-247,0,0,0
36.651902398000004,1779965214.0030947,6764,56527,1,12582912,63,0,0,0
36.651902398000004,1779965214.0030947,6764,56528,2,12582912,272,0,0,0
36.651902398000004,1779965214.0030947,6764,56529,3,12582912,117,0,0,0
36.651902398000004,1779965214.0030947,6764,56530,4,12582912,-162,0,0,0
36.651902398000004,1779965214.0030947,6764,56531,5,12582912,-189,0,0,0
36.651902398000004,1779965214.0030947,6764,56532,6,12582912,56,0,0,0
36.651902398000004,1779965214.0030947,6764,56533,7,12582912,234,0,0,0
36.653480634999994,1779965214.0046723,6765,56534,0,12582912,120,0,0,0
36.653480634999994,1779965214.0046723,6765,56535,1,12582912,-108,0,0,0
36.653480634999994,1779965214.0046723,6765,56536,2,12582912,-142,0,0,0
36.653480634999994,1779965214.0046723,6765,56537,3,12582912,41,0,0,0
36.653480634999994,1779965214.0046723,6765,56538,4,12582912,183,0,0,0
36.653480634999994,1779965214.0046723,6765,56539,5,12582912,112,0,0,0
36.653480634999994,1779965214.0046723,6765,56540,6,12582912,-51,0,0,0
36.653480634999994,1779965214.0046723,6765,56541,7,12582912,-81,0,0,0
36.70641578599998,1779965214.0576081,6766,56542,0,12582912,51,0,0,0
36.70641578599998,1779965214.0576081,6766,56543,1,12582912,155,0,0,0
36.70641578599998,1779965214.0576081,6766,56544,2,12582912,99,0,0,0
36.70641578599998,1779965214.0576081,6766,56545,3,12582912,-23,0,0,0
36.70641578599998,1779965214.0576081,6766,56546,4,12582912,-52,0,0,0
36.70641578599998,1779965214.0576081,6766,56547,5,12582912,34,0,0,0
36.70641578599998,1779965214.0576081,6766,56548,6,12582912,108,0,0,0
36.70641578599998,1779965214.0576081,6766,56549,7,12582912,76,0,0,0
36.72931355200001,1779965214.080506,6767,56550,0,12582912,-3,0,0,0
36.72931355200001,1779965214.080506,6767,56551,1,12582912,-21,0,0,0
36.72931355200001,1779965214.080506,6767,56552,2,12582912,43,0,0,0
36.72931355200001,1779965214.080506,6767,56553,3,12582912,99,0,0,0
36.72931355200001,1779965214.080506,6767,56554,4,12582912,67,0,0,0
36.72931355200001,1779965214.080506,6767,56555,5,12582912,-3,0,0,0
36.72931355200001,1779965214.080506,6767,56556,6,12582912,-24,0,0,0
36.72931355200001,1779965214.080506,6767,56557,7,12582912,22,0,0,0
36.752086786999996,1779965214.1032796,6768,56558,0,12582912,68,0,0,0
36.752086786999996,1779965214.1032796,6768,56559,1,12582912,53,0,0,0
36.752086786999996,1779965214.1032796,6768,56560,2,12582912,11,0,0,0
36.752086786999996,1779965214.1032796,6768,56561,3,12582912,2,0,0,0
36.752086786999996,1779965214.1032796,6768,56562,4,12582912,37,0,0,0
36.752086786999996,1779965214.1032796,6768,56563,5,12582912,69,0,0,0
36.752086786999996,1779965214.1032796,6768,56564,6,12582912,58,0,0,0
36.752086786999996,1779965214.1032796,6768,56565,7,12582912,25,0,0,0
36.79637554200002,1779965214.1475682,6769,56566,0,12582912,12,0,0,0
36.79637554200002,1779965214.1475682,6769,56567,1,12582912,28,0,0,0
36.79637554200002,1779965214.1475682,6769,56568,2,12582912,46,0,0,0
36.79637554200002,1779965214.1475682,6769,56569,3,12582912,42,0,0,0
36.79637554200002,1779965214.1475682,6769,56570,4,12582912,23,0,0,0
36.79637554200002,1779965214.1475682,6769,56571,5,12582912,8,0,0,0
36.79637554200002,1779965214.1475682,6769,56572,6,12582912,20,0,0,0
36.79637554200002,1779965214.1475682,6769,56573,7,12582912,45,0,0,0
36.81856710699998,1779965214.169759,6770,56574,0,12582912,52,0,0,0
36.81856710699998,1779965214.169759,6770,56575,1,12582912,37,0,0,0
36.81856710699998,1779965214.169759,6770,56576,2,12582912,10,0,0,0
36.81856710699998,1779965214.169759,6770,56577,3,12582912,2,0,0,0
36.81856710699998,1779965214.169759,6770,56578,4,12582912,28,0,0,0
36.81856710699998,1779965214.169759,6770,56579,5,12582912,58,0,0,0
36.81856710699998,1779965214.169759,6770,56580,6,12582912,62,0,0,0
36.81856710699998,1779965214.169759,6770,56581,7,12582912,49,0,0,0
36.87292601399997,1779965214.224118,6771,56582,0,12582912,49,0,0,0
36.87292601399997,1779965214.224118,6771,56583,1,12582912,64,0,0,0
36.87292601399997,1779965214.224118,6771,56584,2,12582912,69,0,0,0
36.87292601399997,1779965214.224118,6771,56585,3,12582912,60,0,0,0
36.87292601399997,1779965214.224118,6771,56586,4,12582912,45,0,0,0
36.87292601399997,1779965214.224118,6771,56587,5,12582912,47,0,0,0
36.87292601399997,1779965214.224118,6771,56588,6,12582912,66,0,0,0
36.87292601399997,1779965214.224118,6771,56589,7,12582912,78,0,0,0
36.89466752499999,1779965214.245859,6772,56590,0,12582912,72,0,0,0
36.89466752499999,1779965214.245859,6772,56591,1,12582912,50,0,0,0
36.89466752499999,1779965214.245859,6772,56592,2,12582912,41,0,0,0
36.89466752499999,1779965214.245859,6772,56593,3,12582912,57,0,0,0
36.89466752499999,1779965214.245859,6772,56594,4,12582912,73,0,0,0
36.89466752499999,1779965214.245859,6772,56595,5,12582912,71,0,0,0
36.89466752499999,1779965214.245859,6772,56596,6,12582912,53,0,0,0
36.89466752499999,1779965214.245859,6772,56597,7,12582912,43,0,0,0
36.91634492100002,1779965214.2675364,6773,56598,0,12582912,53,0,0,0
36.91634492100002,1779965214.2675364,6773,56599,1,12582912,60,0,0,0
36.91634492100002,1779965214.2675364,6773,56600,2,12582912,55,0,0,0
36.91634492100002,1779965214.2675364,6773,56601,3,12582912,45,0,0,0
36.91634492100002,1779965214.2675364,6773,56602,4,12582912,45,0,0,0
36.91634492100002,1779965214.2675364,6773,56603,5,12582912,62,0,0,0
36.91634492100002,1779965214.2675364,6773,56604,6,12582912,76,0,0,0
36.91634492100002,1779965214.2675364,6773,56605,7,12582912,71,0,0,0
36.956779595,1779965214.3079715,6774,56606,0,12582912,47,0,0,0
36.956779595,1779965214.3079715,6774,56607,1,12582912,33,0,0,0
36.956779595,1779965214.3079715,6774,56608,2,12582912,44,0,0,0
36.956779595,1779965214.3079715,6774,56609,3,12582912,60,0,0,0
36.956779595,1779965214.3079715,6774,56610,4,12582912,61,0,0,0
36.956779595,1779965214.3079715,6774,56611,5,12582912,43,0,0,0
36.956779595,1779965214.3079715,6774,56612,6,12582912,38,0,0,0
36.956779595,1779965214.3079715,6774,56613,7,12582912,56,0,0,0
36.979067774999976,1779965214.3302598,6775,56614,0,12582912,73,0,0,0
36.979067774999976,1779965214.3302598,6775,56615,1,12582912,69,0,0,0
36.979067774999976,1779965214.3302598,6775,56616,2,12582912,50,0,0,0
36.979067774999976,1779965214.3302598,6775,56617,3,12582912,48,0,0,0
36.979067774999976,1779965214.3302598,6775,56618,4,12582912,70,0,0,0
36.979067774999976,1779965214.3302598,6775,56619,5,12582912,84,0,0,0
36.979067774999976,1779965214.3302598,6775,56620,6,12582912,72,0,0,0
36.979067774999976,1779965214.3302598,6775,56621,7,12582912,45,0,0,0
37.02282782999998,1779965214.3740203,6776,56622,0,12582912,36,0,0,0
37.02282782999998,1779965214.3740203,6776,56623,1,12582912,57,0,0,0
37.02282782999998,1779965214.3740203,6776,56624,2,12582912,82,0,0,0
37.02282782999998,1779965214.3740203,6776,56625,3,12582912,86,0,0,0
37.02282782999998,1779965214.3740203,6776,56626,4,12582912,68,0,0,0
37.02282782999998,1779965214.3740203,6776,56627,5,12582912,51,0,0,0
37.02282782999998,1779965214.3740203,6776,56628,6,12582912,52,0,0,0
37.02282782999998,1779965214.3740203,6776,56629,7,12582912,57,0,0,0
37.09986194999999,1779965214.451054,6777,56630,0,12582912,57,0,0,0
37.09986194999999,1779965214.451054,6777,56631,1,12582912,50,0,0,0
37.09986194999999,1779965214.451054,6777,56632,2,12582912,53,0,0,0
37.09986194999999,1779965214.451054,6777,56633,3,12582912,71,0,0,0
37.09986194999999,1779965214.451054,6777,56634,4,12582912,83,0,0,0
37.09986194999999,1779965214.451054,6777,56635,5,12582912,80,0,0,0
37.09986194999999,1779965214.451054,6777,56636,6,12582912,67,0,0,0
37.09986194999999,1779965214.451054,6777,56637,7,12582912,56,0,0,0
37.10145799999998,1779965214.4526494,6778,56638,0,12582912,55,0,0,0
37.10145799999998,1779965214.4526494,6778,56639,1,12582912,56,0,0,0
37.10145799999998,1779965214.4526494,6778,56640,2,12582912,51,0,0,0
37.10145799999998,1779965214.4526494,6778,56641,3,12582912,42,0,0,0
37.10145799999998,1779965214.4526494,6778,56642,4,12582912,42,0,0,0
37.10145799999998,1779965214.4526494,6778,56643,5,12582912,55,0,0,0
37.10145799999998,1779965214.4526494,6778,56644,6,12582912,70,0,0,0
37.10145799999998,1779965214.4526494,6778,56645,7,12582912,69,0,0,0
37.108926994,1779965214.46012,6779,56646,0,12582912,49,0,0,0
37.108926994,1779965214.46012,6779,56647,1,12582912,29,0,0,0
37.108926994,1779965214.46012,6779,56648,2,12582912,35,0,0,0
37.108926994,1779965214.46012,6779,56649,3,12582912,62,0,0,0
37.108926994,1779965214.46012,6779,56650,4,12582912,81,0,0,0
37.108926994,1779965214.46012,6779,56651,5,12582912,70,0,0,0
37.108926994,1779965214.46012,6779,56652,6,12582912,53,0,0,0
37.108926994,1779965214.46012,6779,56653,7,12582912,55,0,0,0
37.131710333,1779965214.4829028,6780,56654,0,12582912,64,0,0,0
37.131710333,1779965214.4829028,6780,56655,1,12582912,62,0,0,0
37.131710333,1779965214.4829028,6780,56656,2,12582912,39,0,0,0
37.131710333,1779965214.4829028,6780,56657,3,12582912,17,0,0,0
37.131710333,1779965214.4829028,6780,56658,4,12582912,28,0,0,0
37.131710333,1779965214.4829028,6780,56659,5,12582912,62,0,0,0
37.131710333,1779965214.4829028,6780,56660,6,12582912,88,0,0,0
37.131710333,1779965214.4829028,6780,56661,7,12582912,84,0,0,0
37.175756691000004,1779965214.5269492,6781,56662,0,12582912,64,0,0,0
37.175756691000004,1779965214.5269492,6781,56663,1,12582912,54,0,0,0
37.175756691000004,1779965214.5269492,6781,56664,2,12582912,54,0,0,0
37.175756691000004,1779965214.5269492,6781,56665,3,12582912,54,0,0,0
37.175756691000004,1779965214.5269492,6781,56666,4,12582912,46,0,0,0
37.175756691000004,1779965214.5269492,6781,56667,5,12582912,40,0,0,0
37.175756691000004,1779965214.5269492,6781,56668,6,12582912,52,0,0,0
37.175756691000004,1779965214.5269492,6781,56669,7,12582912,75,0,0,0
37.22937158399998,1779965214.5805643,6782,56670,0,12582912,83,0,0,0
37.22937158399998,1779965214.5805643,6782,56671,1,12582912,57,0,0,0
37.22937158399998,1779965214.5805643,6782,56672,2,12582912,26,0,0,0
37.22937158399998,1779965214.5805643,6782,56673,3,12582912,25,0,0,0
37.22937158399998,1779965214.5805643,6782,56674,4,12582912,50,0,0,0
37.22937158399998,1779965214.5805643,6782,56675,5,12582912,70,0,0,0
37.22937158399998,1779965214.5805643,6782,56676,6,12582912,61,0,0,0
37.22937158399998,1779965214.5805643,6782,56677,7,12582912,44,0,0,0
37.23115221799998,1779965214.582344,6783,56678,0,12582912,51,0,0,0
37.23115221799998,1779965214.582344,6783,56679,1,12582912,69,0,0,0
37.23115221799998,1779965214.582344,6783,56680,2,12582912,72,0,0,0
37.23115221799998,1779965214.582344,6783,56681,3,12582912,51,0,0,0
37.23115221799998,1779965214.582344,6783,56682,4,12582912,34,0,0,0
37.23115221799998,1779965214.582344,6783,56683,5,12582912,44,0,0,0
37.23115221799998,1779965214.582344,6783,56684,6,12582912,68,0,0,0
37.23115221799998,1779965214.582344,6783,56685,7,12582912,72,0,0,0
37.304951947999996,1779965214.6561444,6784,56686,0,12582912,44,0,0,0
37.304951947999996,1779965214.6561444,6784,56687,1,12582912,18,0,0,0
37.304951947999996,1779965214.6561444,6784,56688,2,12582912,23,0,0,0
37.304951947999996,1779965214.6561444,6784,56689,3,12582912,39,0,0,0
37.304951947999996,1779965214.6561444,6784,56690,4,12582912,37,0,0,0
37.304951947999996,1779965214.6561444,6784,56691,5,12582912,18,0,0,0
37.304951947999996,1779965214.6561444,6784,56692,6,12582912,10,0,0,0
37.304951947999996,1779965214.6561444,6784,56693,7,12582912,30,0,0,0
37.30678669600002,1779965214.6579778,6785,56694,0,12582912,55,0,0,0
37.30678669600002,1779965214.6579778,6785,56695,1,12582912,57,0,0,0
37.30678669600002,1779965214.6579778,6785,56696,2,12582912,31,0,0,0
37.30678669600002,1779965214.6579778,6785,56697,3,12582912,6,0,0,0
37.30678669600002,1779965214.6579778,6785,56698,4,12582912,10,0,0,0
37.30678669600002,1779965214.6579778,6785,56699,5,12582912,32,0,0,0
37.30678669600002,1779965214.6579778,6785,56700,6,12582912,45,0,0,0
37.30678669600002,1779965214.6579778,6785,56701,7,12582912,33,0,0,0
37.36370603299997,1779965214.7148983,6786,56702,0,12582912,18,0,0,0
37.36370603299997,1779965214.7148983,6786,56703,1,12582912,21,0,0,0
37.36370603299997,1779965214.7148983,6786,56704,2,12582912,33,0,0,0
37.36370603299997,1779965214.7148983,6786,56705,3,12582912,36,0,0,0
37.36370603299997,1779965214.7148983,6786,56706,4,12582912,21,0,0,0
37.36370603299997,1779965214.7148983,6786,56707,5,12582912,11,0,0,0
37.36370603299997,1779965214.7148983,6786,56708,6,12582912,22,0,0,0
37.36370603299997,1779965214.7148983,6786,56709,7,12582912,37,0,0,0
37.365286561000005,1779965214.716478,6787,56710,0,12582912,39,0,0,0
37.365286561000005,1779965214.716478,6787,56711,1,12582912,22,0,0,0
37.365286561000005,1779965214.716478,6787,56712,2,12582912,7,0,0,0
37.365286561000005,1779965214.716478,6787,56713,3,12582912,14,0,0,0
37.365286561000005,1779965214.716478,6787,56714,4,12582912,31,0,0,0
37.365286561000005,1779965214.716478,6787,56715,5,12582912,41,0,0,0
37.365286561000005,1779965214.716478,6787,56716,6,12582912,35,0,0,0
37.365286561000005,1779965214.716478,6787,56717,7,12582912,34,0,0,0
37.38797385800001,1779965214.739166,6788,56718,0,12582912,55,0,0,0
37.38797385800001,1779965214.739166,6788,56719,1,12582912,73,0,0,0
37.38797385800001,1779965214.739166,6788,56720,2,12582912,64,0,0,0
37.38797385800001,1779965214.739166,6788,56721,3,12582912,33,0,0,0
37.38797385800001,1779965214.739166,6788,56722,4,12582912,12,0,0,0
37.38797385800001,1779965214.739166,6788,56723,5,12582912,20,0,0,0
37.38797385800001,1779965214.739166,6788,56724,6,12582912,40,0,0,0
37.38797385800001,1779965214.739166,6788,56725,7,12582912,41,0,0,0
37.43193245499998,1779965214.7831247,6789,56726,0,12582912,22,0,0,0
37.43193245499998,1779965214.7831247,6789,56727,1,12582912,19,0,0,0
37.43193245499998,1779965214.7831247,6789,56728,2,12582912,48,0,0,0
37.43193245499998,1779965214.7831247,6789,56729,3,12582912,75,0,0,0
37.43193245499998,1779965214.7831247,6789,56730,4,12582912,72,0,0,0
37.43193245499998,1779965214.7831247,6789,56731,5,12582912,39,0,0,0
37.43193245499998,1779965214.7831247,6789,56732,6,12582912,11,0,0,0
37.43193245499998,1779965214.7831247,6789,56733,7,12582912,14,0,0,0
37.50043367000001,1779965214.8516257,6790,56734,0,12582912,32,0,0,0
37.50043367000001,1779965214.8516257,6790,56735,1,12582912,38,0,0,0
37.50043367000001,1779965214.8516257,6790,56736,2,12582912,29,0,0,0
37.50043367000001,1779965214.8516257,6790,56737,3,12582912,21,0,0,0
37.50043367000001,1779965214.8516257,6790,56738,4,12582912,30,0,0,0
37.50043367000001,1779965214.8516257,6790,56739,5,12582912,44,0,0,0
37.50043367000001,1779965214.8516257,6790,56740,6,12582912,45,0,0,0
37.50043367000001,1779965214.8516257,6790,56741,7,12582912,23,0,0,0
37.50127706000001,1779965214.8524683,6791,56742,0,12582912,6,0,0,0
37.50127706000001,1779965214.8524683,6791,56743,1,12582912,20,0,0,0
37.50127706000001,1779965214.8524683,6791,56744,2,12582912,45,0,0,0
37.50127706000001,1779965214.8524683,6791,56745,3,12582912,44,0,0,0
37.50127706000001,1779965214.8524683,6791,56746,4,12582912,13,0,0,0
37.50127706000001,1779965214.8524683,6791,56747,5,12582912,-12,0,0,0
37.50127706000001,1779965214.8524683,6791,56748,6,12582912,4,0,0,0
37.50127706000001,1779965214.8524683,6791,56749,7,12582912,41,0,0,0
37.52307893599999,1779965214.874271,6792,56750,0,12582912,56,0,0,0
37.52307893599999,1779965214.874271,6792,56751,1,12582912,30,0,0,0
37.52307893599999,1779965214.874271,6792,56752,2,12582912,-1,0,0,0
37.52307893599999,1779965214.874271,6792,56753,3,12582912,0,0,0,0
37.52307893599999,1779965214.874271,6792,56754,4,12582912,24,0,0,0
37.52307893599999,1779965214.874271,6792,56755,5,12582912,33,0,0,0
37.52307893599999,1779965214.874271,6792,56756,6,12582912,5,0,0,0
37.52307893599999,1779965214.874271,6792,56757,7,12582912,-25,0,0,0
37.54497346799997,1779965214.896165,6793,56758,0,12582912,-21,0,0,0
37.54497346799997,1779965214.896165,6793,56759,1,12582912,3,0,0,0
37.54497346799997,1779965214.896165,6793,56760,2,12582912,21,0,0,0
37.54497346799997,1779965214.896165,6793,56761,3,12582912,14,0,0,0
37.54497346799997,1779965214.896165,6793,56762,4,12582912,-3,0,0,0
37.54497346799997,1779965214.896165,6793,56763,5,12582912,0,0,0,0
37.54497346799997,1779965214.896165,6793,56764,6,12582912,17,0,0,0
37.54497346799997,1779965214.896165,6793,56765,7,12582912,25,0,0,0
37.588243885,1779965214.9394362,6794,56766,0,12582912,14,0,0,0
37.588243885,1779965214.9394362,6794,56767,1,12582912,-1,0,0,0
37.588243885,1779965214.9394362,6794,56768,2,12582912,3,0,0,0
37.588243885,1779965214.9394362,6794,56769,3,12582912,19,0,0,0
37.588243885,1779965214.9394362,6794,56770,4,12582912,33,0,0,0
37.588243885,1779965214.9394362,6794,56771,5,12582912,31,0,0,0
37.588243885,1779965214.9394362,6794,56772,6,12582912,18,0,0,0
37.588243885,1779965214.9394362,6794,56773,7,12582912,13,0,0,0
37.611039618999996,1779965214.962232,6795,56774,0,12582912,21,0,0,0
37.611039618999996,1779965214.962232,6795,56775,1,12582912,36,0,0,0
37.611039618999996,1779965214.962232,6795,56776,2,12582912,35,0,0,0
37.611039618999996,1779965214.962232,6795,56777,3,12582912,17,0,0,0
37.611039618999996,1779965214.962232,6795,56778,4,12582912,14,0,0,0
37.611039618999996,1779965214.962232,6795,56779,5,12582912,35,0,0,0
37.611039618999996,1779965214.962232,6795,56780,6,12582912,52,0,0,0
37.611039618999996,1779965214.962232,6795,56781,7,12582912,34,0,0,0
37.66117022499998,1779965215.0123615,6796,56782,0,12582912,0,0,0,0
37.66117022499998,1779965215.0123615,6796,56783,1,12582912,-9,0,0,0
37.66117022499998,1779965215.0123615,6796,56784,2,12582912,11,0,0,0
37.66117022499998,1779965215.0123615,6796,56785,3,12582912,34,0,0,0
37.66117022499998,1779965215.0123615,6796,56786,4,12582912,32,0,0,0
37.66117022499998,1779965215.0123615,6796,56787,5,12582912,15,0,0,0
37.66117022499998,1779965215.0123615,6796,56788,6,12582912,10,0,0,0
37.66117022499998,1779965215.0123615,6796,56789,7,12582912,24,0,0,0
37.68323975599998,1779965215.034432,6797,56790,0,12582912,37,0,0,0
37.68323975599998,1779965215.034432,6797,56791,1,12582912,28,0,0,0
37.68323975599998,1779965215.034432,6797,56792,2,12582912,3,0,0,0
37.68323975599998,1779965215.034432,6797,56793,3,12582912,-6,0,0,0
37.68323975599998,1779965215.034432,6797,56794,4,12582912,13,0,0,0
37.68323975599998,1779965215.034432,6797,56795,5,12582912,38,0,0,0
37.68323975599998,1779965215.034432,6797,56796,6,12582912,37,0,0,0
37.68323975599998,1779965215.034432,6797,56797,7,12582912,15,0,0,0
37.74975345600001,1779965215.1009457,6798,56798,0,12582912,12,0,0,0
37.74975345600001,1779965215.1009457,6798,56799,1,12582912,30,0,0,0
37.74975345600001,1779965215.1009457,6798,56800,2,12582912,43,0,0,0
37.74975345600001,1779965215.1009457,6798,56801,3,12582912,28,0,0,0
37.74975345600001,1779965215.1009457,6798,56802,4,12582912,-1,0,0,0
37.74975345600001,1779965215.1009457,6798,56803,5,12582912,-12,0,0,0
37.74975345600001,1779965215.1009457,6798,56804,6,12582912,6,0,0,0
37.74975345600001,1779965215.1009457,6798,56805,7,12582912,29,0,0,0
37.751207265000005,1779965215.1023982,6799,56806,0,12582912,31,0,0,0
37.751207265000005,1779965215.1023982,6799,56807,1,12582912,16,0,0,0
37.751207265000005,1779965215.1023982,6799,56808,2,12582912,15,0,0,0
37.751207265000005,1779965215.1023982,6799,56809,3,12582912,36,0,0,0
37.751207265000005,1779965215.1023982,6799,56810,4,12582912,55,0,0,0
37.751207265000005,1779965215.1023982,6799,56811,5,12582912,43,0,0,0
37.751207265000005,1779965215.1023982,6799,56812,6,12582912,15,0,0,0
37.751207265000005,1779965215.1023982,6799,56813,7,12582912,10,0,0,0
37.77440951,1779965215.125602,6800,56814,0,12582912,32,0,0,0
37.77440951,1779965215.125602,6800,56815,1,12582912,54,0,0,0
37.77440951,1779965215.125602,6800,56816,2,12582912,53,0,0,0
37.77440951,1779965215.125602,6800,56817,3,12582912,32,0,0,0
37.77440951,1779965215.125602,6800,56818,4,12582912,18,0,0,0
37.77440951,1779965215.125602,6800,56819,5,12582912,28,0,0,0
37.77440951,1779965215.125602,6800,56820,6,12582912,48,0,0,0
37.77440951,1779965215.125602,6800,56821,7,12582912,50,0,0,0
37.818354613999986,1779965215.1695473,6801,56822,0,12582912,42,0,0,0
37.818354613999986,1779965215.1695473,6801,56823,1,12582912,52,0,0,0
37.818354613999986,1779965215.1695473,6801,56824,2,12582912,77,0,0,0
37.818354613999986,1779965215.1695473,6801,56825,3,12582912,92,0,0,0
37.818354613999986,1779965215.1695473,6801,56826,4,12582912,76,0,0,0
37.818354613999986,1779965215.1695473,6801,56827,5,12582912,46,0,0,0
37.818354613999986,1779965215.1695473,6801,56828,6,12582912,39,0,0,0
37.818354613999986,1779965215.1695473,6801,56829,7,12582912,54,0,0,0
37.859344131,1779965215.2105355,6802,56830,0,12582912,67,0,0,0
37.859344131,1779965215.2105355,6802,56831,1,12582912,65,0,0,0
37.859344131,1779965215.2105355,6802,56832,2,12582912,56,0,0,0
37.859344131,1779965215.2105355,6802,56833,3,12582912,61,0,0,0
37.859344131,1779965215.2105355,6802,56834,4,12582912,74,0,0,0
37.859344131,1779965215.2105355,6802,56835,5,12582912,72,0,0,0
37.859344131,1779965215.2105355,6802,56836,6,12582912,56,0,0,0
37.859344131,1779965215.2105355,6802,56837,7,12582912,43,0,0,0
37.88149939199997,1779965215.2326918,6803,56838,0,12582912,49,0,0,0
37.88149939199997,1779965215.2326918,6803,56839,1,12582912,69,0,0,0
37.88149939199997,1779965215.2326918,6803,56840,2,12582912,81,0,0,0
37.88149939199997,1779965215.2326918,6803,56841,3,12582912,66,0,0,0
37.88149939199997,1779965215.2326918,6803,56842,4,12582912,42,0,0,0
37.88149939199997,1779965215.2326918,6803,56843,5,12582912,46,0,0,0
37.88149939199997,1779965215.2326918,6803,56844,6,12582912,68,0,0,0
37.88149939199997,1779965215.2326918,6803,56845,7,12582912,78,0,0,0
37.90438189600002,1779965215.2555747,6804,56846,0,12582912,66,0,0,0
37.90438189600002,1779965215.2555747,6804,56847,1,12582912,53,0,0,0
37.90438189600002,1779965215.2555747,6804,56848,2,12582912,61,0,0,0
37.90438189600002,1779965215.2555747,6804,56849,3,12582912,72,0,0,0
37.90438189600002,1779965215.2555747,6804,56850,4,12582912,71,0,0,0
37.90438189600002,1779965215.2555747,6804,56851,5,12582912,61,0,0,0
37.90438189600002,1779965215.2555747,6804,56852,6,12582912,56,0,0,0
37.90438189600002,1779965215.2555747,6804,56853,7,12582912,64,0,0,0
37.965587133999975,1779965215.3167794,6805,56854,0,12582912,74,0,0,0
37.965587133999975,1779965215.3167794,6805,56855,1,12582912,77,0,0,0
37.965587133999975,1779965215.3167794,6805,56856,2,12582912,68,0,0,0
37.965587133999975,1779965215.3167794,6805,56857,3,12582912,58,0,0,0
37.965587133999975,1779965215.3167794,6805,56858,4,12582912,65,0,0,0
37.965587133999975,1779965215.3167794,6805,56859,5,12582912,87,0,0,0
37.965587133999975,1779965215.3167794,6805,56860,6,12582912,100,0,0,0
37.965587133999975,1779965215.3167794,6805,56861,7,12582912,90,0,0,0
37.96706578699997,1779965215.3182569,6806,56862,0,12582912,71,0,0,0
37.96706578699997,1779965215.3182569,6806,56863,1,12582912,73,0,0,0
37.96706578699997,1779965215.3182569,6806,56864,2,12582912,87,0,0,0
37.96706578699997,1779965215.3182569,6806,56865,3,12582912,92,0,0,0
37.96706578699997,1779965215.3182569,6806,56866,4,12582912,81,0,0,0
37.96706578699997,1779965215.3182569,6806,56867,5,12582912,65,0,0,0
37.96706578699997,1779965215.3182569,6806,56868,6,12582912,65,0,0,0
37.96706578699997,1779965215.3182569,6806,56869,7,12582912,79,0,0,0
38.019695722999984,1779965215.370888,6807,56870,0,12582912,89,0,0,0
38.019695722999984,1779965215.370888,6807,56871,1,12582912,82,0,0,0
38.019695722999984,1779965215.370888,6807,56872,2,12582912,70,0,0,0
38.019695722999984,1779965215.370888,6807,56873,3,12582912,74,0,0,0
38.019695722999984,1779965215.370888,6807,56874,4,12582912,91,0,0,0
38.019695722999984,1779965215.370888,6807,56875,5,12582912,98,0,0,0
38.019695722999984,1779965215.370888,6807,56876,6,12582912,81,0,0,0
38.019695722999984,1779965215.370888,6807,56877,7,12582912,53,0,0,0
38.071399509,1779965215.422591,6808,56878,0,12582912,46,0,0,0
38.071399509,1779965215.422591,6808,56879,1,12582912,67,0,0,0
38.071399509,1779965215.422591,6808,56880,2,12582912,94,0,0,0
38.071399509,1779965215.422591,6808,56881,3,12582912,96,0,0,0
38.071399509,1779965215.422591,6808,56882,4,12582912,76,0,0,0
38.071399509,1779965215.422591,6808,56883,5,12582912,68,0,0,0
38.071399509,1779965215.422591,6808,56884,6,12582912,77,0,0,0
38.071399509,1779965215.422591,6808,56885,7,12582912,82,0,0,0
38.071960450000006,1779965215.4231505,6809,56886,0,12582912,71,0,0,0
38.071960450000006,1779965215.4231505,6809,56887,1,12582912,61,0,0,0
38.071960450000006,1779965215.4231505,6809,56888,2,12582912,71,0,0,0
38.071960450000006,1779965215.4231505,6809,56889,3,12582912,91,0,0,0
38.071960450000006,1779965215.4231505,6809,56890,4,12582912,96,0,0,0
38.071960450000006,1779965215.4231505,6809,56891,5,12582912,82,0,0,0
38.071960450000006,1779965215.4231505,6809,56892,6,12582912,64,0,0,0
38.071960450000006,1779965215.4231505,6809,56893,7,12582912,61,0,0,0
38.13651690099999,1779965215.4877095,6810,56894,0,12582912,79,0,0,0
38.13651690099999,1779965215.4877095,6810,56895,1,12582912,99,0,0,0
38.13651690099999,1779965215.4877095,6810,56896,2,12582912,97,0,0,0
38.13651690099999,1779965215.4877095,6810,56897,3,12582912,76,0,0,0
38.13651690099999,1779965215.4877095,6810,56898,4,12582912,69,0,0,0
38.13651690099999,1779965215.4877095,6810,56899,5,12582912,83,0,0,0
38.13651690099999,1779965215.4877095,6810,56900,6,12582912,90,0,0,0
38.13651690099999,1779965215.4877095,6810,56901,7,12582912,74,0,0,0
38.14387860199997,1779965215.4950716,6811,56902,0,12582912,57,0,0,0
38.14387860199997,1779965215.4950716,6811,56903,1,12582912,65,0,0,0
38.14387860199997,1779965215.4950716,6811,56904,2,12582912,88,0,0,0
38.14387860199997,1779965215.4950716,6811,56905,3,12582912,98,0,0,0
38.14387860199997,1779965215.4950716,6811,56906,4,12582912,78,0,0,0
38.14387860199997,1779965215.4950716,6811,56907,5,12582912,53,0,0,0
38.14387860199997,1779965215.4950716,6811,56908,6,12582912,57,0,0,0
38.14387860199997,1779965215.4950716,6811,56909,7,12582912,82,0,0,0
38.18450316999997,1779965215.5356953,6812,56910,0,12582912,105,0,0,0
38.18450316999997,1779965215.5356953,6812,56911,1,12582912,104,0,0,0
38.18450316999997,1779965215.5356953,6812,56912,2,12582912,84,0,0,0
38.18450316999997,1779965215.5356953,6812,56913,3,12582912,77,0,0,0
38.18450316999997,1779965215.5356953,6812,56914,4,12582912,85,0,0,0
38.18450316999997,1779965215.5356953,6812,56915,5,12582912,92,0,0,0
38.18450316999997,1779965215.5356953,6812,56916,6,12582912,86,0,0,0
38.18450316999997,1779965215.5356953,6812,56917,7,12582912,77,0,0,0
38.185983540999985,1779965215.5371745,6813,56918,0,12582912,86,0,0,0
38.185983540999985,1779965215.5371745,6813,56919,1,12582912,105,0,0,0
38.185983540999985,1779965215.5371745,6813,56920,2,12582912,109,0,0,0
38.185983540999985,1779965215.5371745,6813,56921,3,12582912,90,0,0,0
38.185983540999985,1779965215.5371745,6813,56922,4,12582912,68,0,0,0
38.185983540999985,1779965215.5371745,6813,56923,5,12582912,67,0,0,0
38.185983540999985,1779965215.5371745,6813,56924,6,12582912,81,0,0,0
38.185983540999985,1779965215.5371745,6813,56925,7,12582912,90,0,0,0
38.234133404999966,1779965215.5853252,6814,56926,0,12582912,84,0,0,0
38.234133404999966,1779965215.5853252,6814,56927,1,12582912,71,0,0,0
38.234133404999966,1779965215.5853252,6814,56928,2,12582912,70,0,0,0
38.234133404999966,1779965215.5853252,6814,56929,3,12582912,77,0,0,0
38.234133404999966,1779965215.5853252,6814,56930,4,12582912,81,0,0,0
38.234133404999966,1779965215.5853252,6814,56931,5,12582912,74,0,0,0
38.234133404999966,1779965215.5853252,6814,56932,6,12582912,65,0,0,0
38.234133404999966,1779965215.5853252,6814,56933,7,12582912,72,0,0,0
38.25652877099998,1779965215.6077209,6815,56934,0,12582912,88,0,0,0
38.25652877099998,1779965215.6077209,6815,56935,1,12582912,91,0,0,0
38.25652877099998,1779965215.6077209,6815,56936,2,12582912,75,0,0,0
38.25652877099998,1779965215.6077209,6815,56937,3,12582912,58,0,0,0
38.25652877099998,1779965215.6077209,6815,56938,4,12582912,63,0,0,0
38.25652877099998,1779965215.6077209,6815,56939,5,12582912,80,0,0,0
38.25652877099998,1779965215.6077209,6815,56940,6,12582912,85,0,0,0
38.25652877099998,1779965215.6077209,6815,56941,7,12582912,68,0,0,0
38.299982414,1779965215.651175,6816,56942,0,12582912,56,0,0,0
38.299982414,1779965215.651175,6816,56943,1,12582912,72,0,0,0
38.299982414,1779965215.651175,6816,56944,2,12582912,100,0,0,0
38.299982414,1779965215.651175,6816,56945,3,12582912,105,0,0,0
38.299982414,1779965215.651175,6816,56946,4,12582912,79,0,0,0
38.299982414,1779965215.651175,6816,56947,5,12582912,48,0,0,0
38.299982414,1779965215.651175,6816,56948,6,12582912,42,0,0,0
38.299982414,1779965215.651175,6816,56949,7,12582912,60,0,0,0
38.36550079699998,1779965215.7166932,6817,56950,0,12582912,81,0,0,0
38.36550079699998,1779965215.7166932,6817,56951,1,12582912,82,0,0,0
38.36550079699998,1779965215.7166932,6817,56952,2,12582912,69,0,0,0
38.36550079699998,1779965215.7166932,6817,56953,3,12582912,73,0,0,0
38.36550079699998,1779965215.7166932,6817,56954,4,12582912,87,0,0,0
38.36550079699998,1779965215.7166932,6817,56955,5,12582912,89,0,0,0
38.36550079699998,1779965215.7166932,6817,56956,6,12582912,70,0,0,0
38.36550079699998,1779965215.7166932,6817,56957,7,12582912,48,0,0,0
38.36696924099999,1779965215.7181609,6818,56958,0,12582912,46,0,0,0
38.36696924099999,1779965215.7181609,6818,56959,1,12582912,68,0,0,0
38.36696924099999,1779965215.7181609,6818,56960,2,12582912,90,0,0,0
38.36696924099999,1779965215.7181609,6818,56961,3,12582912,88,0,0,0
38.36696924099999,1779965215.7181609,6818,56962,4,12582912,71,0,0,0
38.36696924099999,1779965215.7181609,6818,56963,5,12582912,67,0,0,0
38.36696924099999,1779965215.7181609,6818,56964,6,12582912,77,0,0,0
38.36696924099999,1779965215.7181609,6818,56965,7,12582912,82,0,0,0
38.40692739899998,1779965215.7581203,6819,56966,0,12582912,70,0,0,0
38.40692739899998,1779965215.7581203,6819,56967,1,12582912,49,0,0,0
38.40692739899998,1779965215.7581203,6819,56968,2,12582912,44,0,0,0
38.40692739899998,1779965215.7581203,6819,56969,3,12582912,59,0,0,0
38.40692739899998,1779965215.7581203,6819,56970,4,12582912,78,0,0,0
38.40692739899998,1779965215.7581203,6819,56971,5,12582912,87,0,0,0
38.40692739899998,1779965215.7581203,6819,56972,6,12582912,78,0,0,0
38.40692739899998,1779965215.7581203,6819,56973,7,12582912,69,0,0,0
38.42999078999998,1779965215.7811828,6820,56974,0,12582912,73,0,0,0
38.42999078999998,1779965215.7811828,6820,56975,1,12582912,78,0,0,0
38.42999078999998,1779965215.7811828,6820,56976,2,12582912,69,0,0,0
38.42999078999998,1779965215.7811828,6820,56977,3,12582912,48,0,0,0
38.42999078999998,1779965215.7811828,6820,56978,4,12582912,42,0,0,0
38.42999078999998,1779965215.7811828,6820,56979,5,12582912,56,0,0,0
38.42999078999998,1779965215.7811828,6820,56980,6,12582912,71,0,0,0
38.42999078999998,1779965215.7811828,6820,56981,7,12582912,75,0,0,0
38.466929661999984,1779965215.8181205,6821,56982,0,12582912,68,0,0,0
38.466929661999984,1779965215.8181205,6821,56983,1,12582912,62,0,0,0
38.466929661999984,1779965215.8181205,6821,56984,2,12582912,72,0,0,0
38.466929661999984,1779965215.8181205,6821,56985,3,12582912,87,0,0,0
38.466929661999984,1779965215.8181205,6821,56986,4,12582912,82,0,0,0
38.466929661999984,1779965215.8181205,6821,56987,5,12582912,67,0,0,0
38.466929661999984,1779965215.8181205,6821,56988,6,12582912,65,0,0,0
38.466929661999984,1779965215.8181205,6821,56989,7,12582912,74,0,0,0
38.513520352,1779965215.8647122,6822,56990,0,12582912,81,0,0,0
38.513520352,1779965215.8647122,6822,56991,1,12582912,78,0,0,0
38.513520352,1779965215.8647122,6822,56992,2,12582912,63,0,0,0
38.513520352,1779965215.8647122,6822,56993,3,12582912,54,0,0,0
38.513520352,1779965215.8647122,6822,56994,4,12582912,56,0,0,0
38.513520352,1779965215.8647122,6822,56995,5,12582912,61,0,0,0
38.513520352,1779965215.8647122,6822,56996,6,12582912,53,0,0,0
38.513520352,1779965215.8647122,6822,56997,7,12582912,36,0,0,0
38.514936765000016,1779965215.866128,6823,56998,0,12582912,42,0,0,0
38.514936765000016,1779965215.866128,6823,56999,1,12582912,75,0,0,0
38.514936765000016,1779965215.866128,6823,57000,2,12582912,100,0,0,0
38.514936765000016,1779965215.866128,6823,57001,3,12582912,240,0,0,0
38.514936765000016,1779965215.866128,6823,57002,4,12582912,427,0,0,0
38.514936765000016,1779965215.866128,6823,57003,5,12582912,185,0,0,0
38.514936765000016,1779965215.866128,6823,57004,6,12582912,-341,0,0,0
38.514936765000016,1779965215.866128,6823,57005,7,12582912,-417,0,0,0
38.558606553999994,1779965215.9097986,6824,57006,0,12582912,81,0,0,0
38.558606553999994,1779965215.9097986,6824,57007,1,12582912,492,0,0,0
38.558606553999994,1779965215.9097986,6824,57008,2,12582912,299,0,0,0
38.558606553999994,1779965215.9097986,6824,57009,3,12582912,-182,0,0,0
38.558606553999994,1779965215.9097986,6824,57010,4,12582912,-285,0,0,0
38.558606553999994,1779965215.9097986,6824,57011,5,12582912,84,0,0,0
38.558606553999994,1779965215.9097986,6824,57012,6,12582912,395,0,0,0
38.558606553999994,1779965215.9097986,6824,57013,7,12582912,248,0,0,0
38.58130015099999,1779965215.932492,6825,57014,0,12582912,-119,0,0,0
38.58130015099999,1779965215.932492,6825,57015,1,12582912,-206,0,0,0
38.58130015099999,1779965215.932492,6825,57016,2,12582912,76,0,0,0
38.58130015099999,1779965215.932492,6825,57017,3,12582912,327,0,0,0
38.58130015099999,1779965215.932492,6825,57018,4,12582912,221,0,0,0
38.58130015099999,1779965215.932492,6825,57019,5,12582912,-64,0,0,0
38.58130015099999,1779965215.932492,6825,57020,6,12582912,-129,0,0,0
38.58130015099999,1779965215.932492,6825,57021,7,12582912,88,0,0,0
38.61884819400001,1779965215.9700403,6826,57022,0,12582912,276,0,0,0
38.61884819400001,1779965215.9700403,6826,57023,1,12582912,194,0,0,0
38.61884819400001,1779965215.9700403,6826,57024,2,12582912,-33,0,0,0
38.61884819400001,1779965215.9700403,6826,57025,3,12582912,-102,0,0,0
38.61884819400001,1779965215.9700403,6826,57026,4,12582912,58,0,0,0
38.61884819400001,1779965215.9700403,6826,57027,5,12582912,214,0,0,0
38.61884819400001,1779965215.9700403,6826,57028,6,12582912,167,0,0,0
38.61884819400001,1779965215.9700403,6826,57029,7,12582912,6,0,0,0
38.641534967999974,1779965215.992727,6827,57030,0,12582912,-44,0,0,0
38.641534967999974,1779965215.992727,6827,57031,1,12582912,63,0,0,0
38.641534967999974,1779965215.992727,6827,57032,2,12582912,169,0,0,0
38.641534967999974,1779965215.992727,6827,57033,3,12582912,135,0,0,0
38.641534967999974,1779965215.992727,6827,57034,4,12582912,20,0,0,0
38.641534967999974,1779965215.992727,6827,57035,5,12582912,-15,0,0,0
38.641534967999974,1779965215.992727,6827,57036,6,12582912,70,0,0,0
38.641534967999974,1779965215.992727,6827,57037,7,12582912,159,0,0,0
38.672517820999985,1779965216.02371,6828,57038,0,12582912,131,0,0,0
38.672517820999985,1779965216.02371,6828,57039,1,12582912,28,0,0,0
38.672517820999985,1779965216.02371,6828,57040,2,12582912,-15,0,0,0
38.672517820999985,1779965216.02371,6828,57041,3,12582912,49,0,0,0
38.672517820999985,1779965216.02371,6828,57042,4,12582912,126,0,0,0
38.672517820999985,1779965216.02371,6828,57043,5,12582912,119,0,0,0
38.672517820999985,1779965216.02371,6828,57044,6,12582912,54,0,0,0
38.672517820999985,1779965216.02371,6828,57045,7,12582912,23,0,0,0
38.71622281599997,1779965216.0674148,6829,57046,0,12582912,62,0,0,0
38.71622281599997,1779965216.0674148,6829,57047,1,12582912,120,0,0,0
38.71622281599997,1779965216.0674148,6829,57048,2,12582912,116,0,0,0
38.71622281599997,1779965216.0674148,6829,57049,3,12582912,54,0,0,0
38.71622281599997,1779965216.0674148,6829,57050,4,12582912,15,0,0,0
38.71622281599997,1779965216.0674148,6829,57051,5,12582912,39,0,0,0
38.71622281599997,1779965216.0674148,6829,57052,6,12582912,88,0,0,0
38.71622281599997,1779965216.0674148,6829,57053,7,12582912,95,0,0,0
38.76843576699997,1779965216.1196277,6830,57054,0,12582912,55,0,0,0
38.76843576699997,1779965216.1196277,6830,57055,1,12582912,28,0,0,0
38.76843576699997,1779965216.1196277,6830,57056,2,12582912,47,0,0,0
38.76843576699997,1779965216.1196277,6830,57057,3,12582912,88,0,0,0
38.76843576699997,1779965216.1196277,6830,57058,4,12582912,99,0,0,0
38.76843576699997,1779965216.1196277,6830,57059,5,12582912,70,0,0,0
38.76843576699997,1779965216.1196277,6830,57060,6,12582912,37,0,0,0
38.76843576699997,1779965216.1196277,6830,57061,7,12582912,33,0,0,0
38.76987379499997,1779965216.1210647,6831,57062,0,12582912,58,0,0,0
38.76987379499997,1779965216.1210647,6831,57063,1,12582912,76,0,0,0
38.76987379499997,1779965216.1210647,6831,57064,2,12582912,66,0,0,0
38.76987379499997,1779965216.1210647,6831,57065,3,12582912,49,0,0,0
38.76987379499997,1779965216.1210647,6831,57066,4,12582912,50,0,0,0
38.76987379499997,1779965216.1210647,6831,57067,5,12582912,67,0,0,0
38.76987379499997,1779965216.1210647,6831,57068,6,12582912,75,0,0,0
38.76987379499997,1779965216.1210647,6831,57069,7,12582912,65,0,0,0
38.84432653699997,1779965216.1955178,6832,57070,0,12582912,46,0,0,0
38.84432653699997,1779965216.1955178,6832,57071,1,12582912,39,0,0,0
38.84432653699997,1779965216.1955178,6832,57072,2,12582912,59,0,0,0
38.84432653699997,1779965216.1955178,6832,57073,3,12582912,78,0,0,0
38.84432653699997,1779965216.1955178,6832,57074,4,12582912,69,0,0,0
38.84432653699997,1779965216.1955178,6832,57075,5,12582912,50,0,0,0
38.84432653699997,1779965216.1955178,6832,57076,6,12582912,48,0,0,0
38.84432653699997,1779965216.1955178,6832,57077,7,12582912,67,0,0,0
38.84572883499999,1779965216.1969213,6833,57078,0,12582912,81,0,0,0
38.84572883499999,1779965216.1969213,6833,57079,1,12582912,67,0,0,0
38.84572883499999,1779965216.1969213,6833,57080,2,12582912,37,0,0,0
38.84572883499999,1779965216.1969213,6833,57081,3,12582912,21,0,0,0
38.84572883499999,1779965216.1969213,6833,57082,4,12582912,38,0,0,0
38.84572883499999,1779965216.1969213,6833,57083,5,12582912,62,0,0,0
38.84572883499999,1779965216.1969213,6833,57084,6,12582912,64,0,0,0
38.84572883499999,1779965216.1969213,6833,57085,7,12582912,46,0,0,0
38.883357864000004,1779965216.2345498,6834,57086,0,12582912,35,0,0,0
38.883357864000004,1779965216.2345498,6834,57087,1,12582912,60,0,0,0
38.883357864000004,1779965216.2345498,6834,57088,2,12582912,91,0,0,0
38.883357864000004,1779965216.2345498,6834,57089,3,12582912,78,0,0,0
38.883357864000004,1779965216.2345498,6834,57090,4,12582912,28,0,0,0
38.883357864000004,1779965216.2345498,6834,57091,5,12582912,-2,0,0,0
38.883357864000004,1779965216.2345498,6834,57092,6,12582912,27,0,0,0
38.883357864000004,1779965216.2345498,6834,57093,7,12582912,74,0,0,0
38.905934635999984,1779965216.2571263,6835,57094,0,12582912,81,0,0,0
38.905934635999984,1779965216.2571263,6835,57095,1,12582912,44,0,0,0
38.905934635999984,1779965216.2571263,6835,57096,2,12582912,12,0,0,0
38.905934635999984,1779965216.2571263,6835,57097,3,12582912,30,0,0,0
38.905934635999984,1779965216.2571263,6835,57098,4,12582912,75,0,0,0
38.905934635999984,1779965216.2571263,6835,57099,5,12582912,84,0,0,0
38.905934635999984,1779965216.2571263,6835,57100,6,12582912,51,0,0,0
38.905934635999984,1779965216.2571263,6835,57101,7,12582912,32,0,0,0
38.928608699999984,1779965216.2798014,6836,57102,0,12582912,63,0,0,0
38.928608699999984,1779965216.2798014,6836,57103,1,12582912,106,0,0,0
38.928608699999984,1779965216.2798014,6836,57104,2,12582912,104,0,0,0
38.928608699999984,1779965216.2798014,6836,57105,3,12582912,60,0,0,0
38.928608699999984,1779965216.2798014,6836,57106,4,12582912,25,0,0,0
38.928608699999984,1779965216.2798014,6836,57107,5,12582912,40,0,0,0
38.928608699999984,1779965216.2798014,6836,57108,6,12582912,79,0,0,0
38.928608699999984,1779965216.2798014,6836,57109,7,12582912,80,0,0,0
38.97228135099999,1779965216.3234732,6837,57110,0,12582912,45,0,0,0
38.97228135099999,1779965216.3234732,6837,57111,1,12582912,28,0,0,0
38.97228135099999,1779965216.3234732,6837,57112,2,12582912,59,0,0,0
38.97228135099999,1779965216.3234732,6837,57113,3,12582912,96,0,0,0
38.97228135099999,1779965216.3234732,6837,57114,4,12582912,80,0,0,0
38.97228135099999,1779965216.3234732,6837,57115,5,12582912,26,0,0,0
38.97228135099999,1779965216.3234732,6837,57116,6,12582912,-6,0,0,0
38.97228135099999,1779965216.3234732,6837,57117,7,12582912,23,0,0,0
39.03855967999999,1779965216.389752,6838,57118,0,12582912,75,0,0,0
39.03855967999999,1779965216.389752,6838,57119,1,12582912,84,0,0,0
39.03855967999999,1779965216.389752,6838,57120,2,12582912,41,0,0,0
39.03855967999999,1779965216.389752,6838,57121,3,12582912,7,0,0,0
39.03855967999999,1779965216.389752,6838,57122,4,12582912,33,0,0,0
39.03855967999999,1779965216.389752,6838,57123,5,12582912,83,0,0,0
39.03855967999999,1779965216.389752,6838,57124,6,12582912,86,0,0,0
39.03855967999999,1779965216.389752,6838,57125,7,12582912,43,0,0,0
39.04000807199998,1779965216.3911996,6839,57126,0,12582912,10,0,0,0
39.04000807199998,1779965216.3911996,6839,57127,1,12582912,36,0,0,0
39.04000807199998,1779965216.3911996,6839,57128,2,12582912,87,0,0,0
39.04000807199998,1779965216.3911996,6839,57129,3,12582912,93,0,0,0
39.04000807199998,1779965216.3911996,6839,57130,4,12582912,45,0,0,0
39.04000807199998,1779965216.3911996,6839,57131,5,12582912,7,0,0,0
39.04000807199998,1779965216.3911996,6839,57132,6,12582912,36,0,0,0
39.04000807199998,1779965216.3911996,6839,57133,7,12582912,92,0,0,0
39.06265260499998,1779965216.4138448,6840,57134,0,12582912,98,0,0,0
39.06265260499998,1779965216.4138448,6840,57135,1,12582912,47,0,0,0
39.06265260499998,1779965216.4138448,6840,57136,2,12582912,-1,0,0,0
39.06265260499998,1779965216.4138448,6840,57137,3,12582912,15,0,0,0
39.06265260499998,1779965216.4138448,6840,57138,4,12582912,72,0,0,0
39.06265260499998,1779965216.4138448,6840,57139,5,12582912,91,0,0,0
39.06265260499998,1779965216.4138448,6840,57140,6,12582912,57,0,0,0
39.06265260499998,1779965216.4138448,6840,57141,7,12582912,24,0,0,0
39.085337502000016,1779965216.4365296,6841,57142,0,12582912,42,0,0,0
39.085337502000016,1779965216.4365296,6841,57143,1,12582912,82,0,0,0
39.085337502000016,1779965216.4365296,6841,57144,2,12582912,86,0,0,0
39.085337502000016,1779965216.4365296,6841,57145,3,12582912,46,0,0,0
39.085337502000016,1779965216.4365296,6841,57146,4,12582912,8,0,0,0
39.085337502000016,1779965216.4365296,6841,57147,5,12582912,26,0,0,0
39.085337502000016,1779965216.4365296,6841,57148,6,12582912,76,0,0,0
39.085337502000016,1779965216.4365296,6841,57149,7,12582912,94,0,0,0
39.14858498299998,1779965216.499777,6842,57150,0,12582912,65,0,0,0
39.14858498299998,1779965216.499777,6842,57151,1,12582912,26,0,0,0
39.14858498299998,1779965216.499777,6842,57152,2,12582912,24,0,0,0
39.14858498299998,1779965216.499777,6842,57153,3,12582912,54,0,0,0
39.14858498299998,1779965216.499777,6842,57154,4,12582912,71,0,0,0
39.14858498299998,1779965216.499777,6842,57155,5,12582912,52,0,0,0
39.14858498299998,1779965216.499777,6842,57156,6,12582912,26,0,0,0
39.14858498299998,1779965216.499777,6842,57157,7,12582912,35,0,0,0
39.15557689100001,1779965216.5067692,6843,57158,0,12582912,67,0,0,0
39.15557689100001,1779965216.5067692,6843,57159,1,12582912,77,0,0,0
39.15557689100001,1779965216.5067692,6843,57160,2,12582912,57,0,0,0
39.15557689100001,1779965216.5067692,6843,57161,3,12582912,29,0,0,0
39.15557689100001,1779965216.5067692,6843,57162,4,12582912,33,0,0,0
39.15557689100001,1779965216.5067692,6843,57163,5,12582912,65,0,0,0
39.15557689100001,1779965216.5067692,6843,57164,6,12582912,81,0,0,0
39.15557689100001,1779965216.5067692,6843,57165,7,12582912,56,0,0,0
39.19937016799997,1779965216.5505624,6844,57166,0,12582912,18,0,0,0
39.19937016799997,1779965216.5505624,6844,57167,1,12582912,14,0,0,0
39.19937016799997,1779965216.5505624,6844,57168,2,12582912,43,0,0,0
39.19937016799997,1779965216.5505624,6844,57169,3,12582912,64,0,0,0
39.19937016799997,1779965216.5505624,6844,57170,4,12582912,57,0,0,0
39.19937016799997,1779965216.5505624,6844,57171,5,12582912,34,0,0,0
39.19937016799997,1779965216.5505624,6844,57172,6,12582912,26,0,0,0
39.19937016799997,1779965216.5505624,6844,57173,7,12582912,45,0,0,0
39.22212798200002,1779965216.57332,6845,57174,0,12582912,61,0,0,0
39.22212798200002,1779965216.57332,6845,57175,1,12582912,51,0,0,0
39.22212798200002,1779965216.57332,6845,57176,2,12582912,24,0,0,0
39.22212798200002,1779965216.57332,6845,57177,3,12582912,19,0,0,0
39.22212798200002,1779965216.57332,6845,57178,4,12582912,38,0,0,0
39.22212798200002,1779965216.57332,6845,57179,5,12582912,52,0,0,0
39.22212798200002,1779965216.57332,6845,57180,6,12582912,45,0,0,0
39.22212798200002,1779965216.57332,6845,57181,7,12582912,22,0,0,0
39.323481318000006,1779965216.674673,6846,57182,0,12582912,15,0,0,0
39.323481318000006,1779965216.674673,6846,57183,1,12582912,32,0,0,0
39.323481318000006,1779965216.674673,6846,57184,2,12582912,46,0,0,0
39.323481318000006,1779965216.674673,6846,57185,3,12582912,41,0,0,0
39.323481318000006,1779965216.674673,6846,57186,4,12582912,17,0,0,0
39.323481318000006,1779965216.674673,6846,57187,5,12582912,3,0,0,0
39.323481318000006,1779965216.674673,6846,57188,6,12582912,18,0,0,0
39.323481318000006,1779965216.674673,6846,57189,7,12582912,44,0,0,0
39.32530195099997,1779965216.6764936,6847,57190,0,12582912,50,0,0,0
39.32530195099997,1779965216.6764936,6847,57191,1,12582912,32,0,0,0
39.32530195099997,1779965216.6764936,6847,57192,2,12582912,20,0,0,0
39.32530195099997,1779965216.6764936,6847,57193,3,12582912,33,0,0,0
39.32530195099997,1779965216.6764936,6847,57194,4,12582912,53,0,0,0
39.32530195099997,1779965216.6764936,6847,57195,5,12582912,55,0,0,0
39.32530195099997,1779965216.6764936,6847,57196,6,12582912,31,0,0,0
39.32530195099997,1779965216.6764936,6847,57197,7,12582912,11,0,0,0
39.32667404099999,1779965216.6778648,6848,57198,0,12582912,19,0,0,0
39.32667404099999,1779965216.6778648,6848,57199,1,12582912,44,0,0,0
39.32667404099999,1779965216.6778648,6848,57200,2,12582912,60,0,0,0
39.32667404099999,1779965216.6778648,6848,57201,3,12582912,48,0,0,0
39.32667404099999,1779965216.6778648,6848,57202,4,12582912,29,0,0,0
39.32667404099999,1779965216.6778648,6848,57203,5,12582912,28,0,0,0
39.32667404099999,1779965216.6778648,6848,57204,6,12582912,39,0,0,0
39.32667404099999,1779965216.6778648,6848,57205,7,12582912,43,0,0,0
39.367826054999966,1779965216.719018,6849,57206,0,12582912,26,0,0,0
39.367826054999966,1779965216.719018,6849,57207,1,12582912,16,0,0,0
39.367826054999966,1779965216.719018,6849,57208,2,12582912,32,0,0,0
39.367826054999966,1779965216.719018,6849,57209,3,12582912,59,0,0,0
39.367826054999966,1779965216.719018,6849,57210,4,12582912,66,0,0,0
39.367826054999966,1779965216.719018,6849,57211,5,12582912,39,0,0,0
39.367826054999966,1779965216.719018,6849,57212,6,12582912,17,0,0,0
39.367826054999966,1779965216.719018,6849,57213,7,12582912,26,0,0,0
39.39053267100002,1779965216.7417245,6850,57214,0,12582912,43,0,0,0
39.39053267100002,1779965216.7417245,6850,57215,1,12582912,42,0,0,0
39.39053267100002,1779965216.7417245,6850,57216,2,12582912,18,0,0,0
39.39053267100002,1779965216.7417245,6850,57217,3,12582912,1,0,0,0
39.39053267100002,1779965216.7417245,6850,57218,4,12582912,14,0,0,0
39.39053267100002,1779965216.7417245,6850,57219,5,12582912,38,0,0,0
39.39053267100002,1779965216.7417245,6850,57220,6,12582912,51,0,0,0
39.39053267100002,1779965216.7417245,6850,57221,7,12582912,38,0,0,0
39.41318793300002,1779965216.7643802,6851,57222,0,12582912,20,0,0,0
39.41318793300002,1779965216.7643802,6851,57223,1,12582912,16,0,0,0
39.41318793300002,1779965216.7643802,6851,57224,2,12582912,24,0,0,0
39.41318793300002,1779965216.7643802,6851,57225,3,12582912,32,0,0,0
39.41318793300002,1779965216.7643802,6851,57226,4,12582912,22,0,0,0
39.41318793300002,1779965216.7643802,6851,57227,5,12582912,7,0,0,0
39.41318793300002,1779965216.7643802,6851,57228,6,12582912,11,0,0,0
39.41318793300002,1779965216.7643802,6851,57229,7,12582912,32,0,0,0
39.43581126700002,1779965216.787003,6852,57230,0,12582912,44,0,0,0
39.43581126700002,1779965216.787003,6852,57231,1,12582912,29,0,0,0
39.43581126700002,1779965216.787003,6852,57232,2,12582912,8,0,0,0
39.43581126700002,1779965216.787003,6852,57233,3,12582912,13,0,0,0
39.43581126700002,1779965216.787003,6852,57234,4,12582912,36,0,0,0
39.43581126700002,1779965216.787003,6852,57235,5,12582912,47,0,0,0
39.43581126700002,1779965216.787003,6852,57236,6,12582912,31,0,0,0
39.43581126700002,1779965216.787003,6852,57237,7,12582912,16,0,0,0
39.47958147100002,1779965216.830774,6853,57238,0,12582912,21,0,0,0
39.47958147100002,1779965216.830774,6853,57239,1,12582912,33,0,0,0
39.47958147100002,1779965216.830774,6853,57240,2,12582912,31,0,0,0
39.47958147100002,1779965216.830774,6853,57241,3,12582912,10,0,0,0
39.47958147100002,1779965216.830774,6853,57242,4,12582912,3,0,0,0
39.47958147100002,1779965216.830774,6853,57243,5,12582912,26,0,0,0
39.47958147100002,1779965216.830774,6853,57244,6,12582912,56,0,0,0
39.47958147100002,1779965216.830774,6853,57245,7,12582912,66,0,0,0
39.546183864,1779965216.897376,6854,57246,0,12582912,47,0,0,0
39.546183864,1779965216.897376,6854,57247,1,12582912,32,0,0,0
39.546183864,1779965216.897376,6854,57248,2,12582912,38,0,0,0
39.546183864,1779965216.897376,6854,57249,3,12582912,51,0,0,0
39.546183864,1779965216.897376,6854,57250,4,12582912,52,0,0,0
39.546183864,1779965216.897376,6854,57251,5,12582912,29,0,0,0
39.546183864,1779965216.897376,6854,57252,6,12582912,10,0,0,0
39.546183864,1779965216.897376,6854,57253,7,12582912,21,0,0,0
39.547650277,1779965216.898842,6855,57254,0,12582912,44,0,0,0
39.547650277,1779965216.898842,6855,57255,1,12582912,51,0,0,0
39.547650277,1779965216.898842,6855,57256,2,12582912,33,0,0,0
39.547650277,1779965216.898842,6855,57257,3,12582912,19,0,0,0
39.547650277,1779965216.898842,6855,57258,4,12582912,30,0,0,0
39.547650277,1779965216.898842,6855,57259,5,12582912,53,0,0,0
39.547650277,1779965216.898842,6855,57260,6,12582912,58,0,0,0
39.547650277,1779965216.898842,6855,57261,7,12582912,34,0,0,0
39.57027506999998,1779965216.9214668,6856,57262,0,12582912,18,0,0,0
39.57027506999998,1779965216.9214668,6856,57263,1,12582912,28,0,0,0
39.57027506999998,1779965216.9214668,6856,57264,2,12582912,40,0,0,0
39.57027506999998,1779965216.9214668,6856,57265,3,12582912,33,0,0,0
39.57027506999998,1779965216.9214668,6856,57266,4,12582912,8,0,0,0
39.57027506999998,1779965216.9214668,6856,57267,5,12582912,-1,0,0,0
39.57027506999998,1779965216.9214668,6856,57268,6,12582912,15,0,0,0
39.57027506999998,1779965216.9214668,6856,57269,7,12582912,36,0,0,0
39.61398511699997,1779965216.965177,6857,57270,0,12582912,47,0,0,0
39.61398511699997,1779965216.965177,6857,57271,1,12582912,32,0,0,0
39.61398511699997,1779965216.965177,6857,57272,2,12582912,17,0,0,0
39.61398511699997,1779965216.965177,6857,57273,3,12582912,28,0,0,0
39.61398511699997,1779965216.965177,6857,57274,4,12582912,47,0,0,0
39.61398511699997,1779965216.965177,6857,57275,5,12582912,55,0,0,0
39.61398511699997,1779965216.965177,6857,57276,6,12582912,37,0,0,0
39.61398511699997,1779965216.965177,6857,57277,7,12582912,15,0,0,0
39.664479881999966,1779965217.0156708,6858,57278,0,12582912,17,0,0,0
39.664479881999966,1779965217.0156708,6858,57279,1,12582912,35,0,0,0
39.664479881999966,1779965217.0156708,6858,57280,2,12582912,46,0,0,0
39.664479881999966,1779965217.0156708,6858,57281,3,12582912,35,0,0,0
39.664479881999966,1779965217.0156708,6858,57282,4,12582912,24,0,0,0
39.664479881999966,1779965217.0156708,6858,57283,5,12582912,32,0,0,0
39.664479881999966,1779965217.0156708,6858,57284,6,12582912,52,0,0,0
39.664479881999966,1779965217.0156708,6858,57285,7,12582912,62,0,0,0
39.67393023799997,1779965217.0251224,6859,57286,0,12582912,43,0,0,0
39.67393023799997,1779965217.0251224,6859,57287,1,12582912,18,0,0,0
39.67393023799997,1779965217.0251224,6859,57288,2,12582912,21,0,0,0
39.67393023799997,1779965217.0251224,6859,57289,3,12582912,46,0,0,0
39.67393023799997,1779965217.0251224,6859,57290,4,12582912,62,0,0,0
39.67393023799997,1779965217.0251224,6859,57291,5,12582912,49,0,0,0
39.67393023799997,1779965217.0251224,6859,57292,6,12582912,31,0,0,0
39.67393023799997,1779965217.0251224,6859,57293,7,12582912,30,0,0,0
39.69636539200002,1779965217.0475566,6860,57294,0,12582912,39,0,0,0
39.69636539200002,1779965217.0475566,6860,57295,1,12582912,44,0,0,0
39.69636539200002,1779965217.0475566,6860,57296,2,12582912,33,0,0,0
39.69636539200002,1779965217.0475566,6860,57297,3,12582912,23,0,0,0
39.69636539200002,1779965217.0475566,6860,57298,4,12582912,31,0,0,0
39.69636539200002,1779965217.0475566,6860,57299,5,12582912,51,0,0,0
39.69636539200002,1779965217.0475566,6860,57300,6,12582912,66,0,0,0
39.69636539200002,1779965217.0475566,6860,57301,7,12582912,55,0,0,0
39.74826693199998,1779965217.0994577,6861,57302,0,12582912,33,0,0,0
39.74826693199998,1779965217.0994577,6861,57303,1,12582912,26,0,0,0
39.74826693199998,1779965217.0994577,6861,57304,2,12582912,40,0,0,0
39.74826693199998,1779965217.0994577,6861,57305,3,12582912,53,0,0,0
39.74826693199998,1779965217.0994577,6861,57306,4,12582912,40,0,0,0
39.74826693199998,1779965217.0994577,6861,57307,5,12582912,19,0,0,0
39.74826693199998,1779965217.0994577,6861,57308,6,12582912,21,0,0,0
39.74826693199998,1779965217.0994577,6861,57309,7,12582912,44,0,0,0
39.798117004000005,1779965217.1493087,6862,57310,0,12582912,60,0,0,0
39.798117004000005,1779965217.1493087,6862,57311,1,12582912,43,0,0,0
39.798117004000005,1779965217.1493087,6862,57312,2,12582912,21,0,0,0
39.798117004000005,1779965217.1493087,6862,57313,3,12582912,27,0,0,0
39.798117004000005,1779965217.1493087,6862,57314,4,12582912,49,0,0,0
39.798117004000005,1779965217.1493087,6862,57315,5,12582912,57,0,0,0
39.798117004000005,1779965217.1493087,6862,57316,6,12582912,35,0,0,0
39.798117004000005,1779965217.1493087,6862,57317,7,12582912,11,0,0,0
39.799431228,1779965217.150622,6863,57318,0,12582912,17,0,0,0
39.799431228,1779965217.150622,6863,57319,1,12582912,44,0,0,0
39.799431228,1779965217.150622,6863,57320,2,12582912,59,0,0,0
39.799431228,1779965217.150622,6863,57321,3,12582912,40,0,0,0
39.799431228,1779965217.150622,6863,57322,4,12582912,10,0,0,0
39.799431228,1779965217.150622,6863,57323,5,12582912,8,0,0,0
39.799431228,1779965217.150622,6863,57324,6,12582912,33,0,0,0
39.799431228,1779965217.150622,6863,57325,7,12582912,50,0,0,0
39.86555882199997,1779965217.2167513,6864,57326,0,12582912,32,0,0,0
39.86555882199997,1779965217.2167513,6864,57327,1,12582912,7,0,0,0
39.86555882199997,1779965217.2167513,6864,57328,2,12582912,10,0,0,0
39.86555882199997,1779965217.2167513,6864,57329,3,12582912,35,0,0,0
39.86555882199997,1779965217.2167513,6864,57330,4,12582912,54,0,0,0
39.86555882199997,1779965217.2167513,6864,57331,5,12582912,40,0,0,0
39.86555882199997,1779965217.2167513,6864,57332,6,12582912,13,0,0,0
39.86555882199997,1779965217.2167513,6864,57333,7,12582912,8,0,0,0
39.867159662999995,1779965217.218351,6865,57334,0,12582912,22,0,0,0
39.867159662999995,1779965217.218351,6865,57335,1,12582912,38,0,0,0
39.867159662999995,1779965217.218351,6865,57336,2,12582912,35,0,0,0
39.867159662999995,1779965217.218351,6865,57337,3,12582912,18,0,0,0
39.867159662999995,1779965217.218351,6865,57338,4,12582912,12,0,0,0
39.867159662999995,1779965217.218351,6865,57339,5,12582912,23,0,0,0
39.867159662999995,1779965217.218351,6865,57340,6,12582912,36,0,0,0
39.867159662999995,1779965217.218351,6865,57341,7,12582912,26,0,0,0
39.88981330799999,1779965217.2410057,6866,57342,0,12582912,8,0,0,0
39.88981330799999,1779965217.2410057,6866,57343,1,12582912,9,0,0,0
39.88981330799999,1779965217.2410057,6866,57344,2,12582912,25,0,0,0
39.88981330799999,1779965217.2410057,6866,57345,3,12582912,37,0,0,0
39.88981330799999,1779965217.2410057,6866,57346,4,12582912,26,0,0,0
39.88981330799999,1779965217.2410057,6866,57347,5,12582912,4,0,0,0
39.88981330799999,1779965217.2410057,6866,57348,6,12582912,2,0,0,0
39.88981330799999,1779965217.2410057,6866,57349,7,12582912,23,0,0,0
39.93358710199999,1779965217.2847795,6867,57350,0,12582912,42,0,0,0
39.93358710199999,1779965217.2847795,6867,57351,1,12582912,35,0,0,0
39.93358710199999,1779965217.2847795,6867,57352,2,12582912,15,0,0,0
39.93358710199999,1779965217.2847795,6867,57353,3,12582912,10,0,0,0
39.93358710199999,1779965217.2847795,6867,57354,4,12582912,22,0,0,0
39.93358710199999,1779965217.2847795,6867,57355,5,12582912,32,0,0,0
39.93358710199999,1779965217.2847795,6867,57356,6,12582912,21,0,0,0
39.93358710199999,1779965217.2847795,6867,57357,7,12582912,3,0,0,0
39.97175519299998,1779965217.3229468,6868,57358,0,12582912,6,0,0,0
39.97175519299998,1779965217.3229468,6868,57359,1,12582912,26,0,0,0
39.97175519299998,1779965217.3229468,6868,57360,2,12582912,41,0,0,0
39.97175519299998,1779965217.3229468,6868,57361,3,12582912,29,0,0,0
39.97175519299998,1779965217.3229468,6868,57362,4,12582912,7,0,0,0
39.97175519299998,1779965217.3229468,6868,57363,5,12582912,5,0,0,0
39.97175519299998,1779965217.3229468,6868,57364,6,12582912,24,0,0,0
39.97175519299998,1779965217.3229468,6868,57365,7,12582912,36,0,0,0
39.99353336600001,1779965217.3447244,6869,57366,0,12582912,22,0,0,0
39.99353336600001,1779965217.3447244,6869,57367,1,12582912,8,0,0,0
39.99353336600001,1779965217.3447244,6869,57368,2,12582912,19,0,0,0
39.99353336600001,1779965217.3447244,6869,57369,3,12582912,38,0,0,0
39.99353336600001,1779965217.3447244,6869,57370,4,12582912,43,0,0,0
39.99353336600001,1779965217.3447244,6869,57371,5,12582912,26,0,0,0
39.99353336600001,1779965217.3447244,6869,57372,6,12582912,11,0,0,0
39.99353336600001,1779965217.3447244,6869,57373,7,12582912,12,0,0,0
40.03290542100001,1779965217.3840966,6870,57374,0,12582912,26,0,0,0
40.03290542100001,1779965217.3840966,6870,57375,1,12582912,39,0,0,0
40.03290542100001,1779965217.3840966,6870,57376,2,12582912,30,0,0,0
40.03290542100001,1779965217.3840966,6870,57377,3,12582912,16,0,0,0
40.03290542100001,1779965217.3840966,6870,57378,4,12582912,21,0,0,0
40.03290542100001,1779965217.3840966,6870,57379,5,12582912,37,0,0,0
40.03290542100001,1779965217.3840966,6870,57380,6,12582912,40,0,0,0
40.03290542100001,1779965217.3840966,6870,57381,7,12582912,15,0,0,0
40.05674578999998,1779965217.4079366,6871,57382,0,12582912,-9,0,0,0
40.05674578999998,1779965217.4079366,6871,57383,1,12582912,2,0,0,0
40.05674578999998,1779965217.4079366,6871,57384,2,12582912,33,0,0,0
40.05674578999998,1779965217.4079366,6871,57385,3,12582912,53,0,0,0
40.05674578999998,1779965217.4079366,6871,57386,4,12582912,40,0,0,0
40.05674578999998,1779965217.4079366,6871,57387,5,12582912,14,0,0,0
40.05674578999998,1779965217.4079366,6871,57388,6,12582912,8,0,0,0
40.05674578999998,1779965217.4079366,6871,57389,7,12582912,23,0,0,0
40.07815036699998,1779965217.4293416,6872,57390,0,12582912,42,0,0,0
40.07815036699998,1779965217.4293416,6872,57391,1,12582912,40,0,0,0
40.07815036699998,1779965217.4293416,6872,57392,2,12582912,26,0,0,0
40.07815036699998,1779965217.4293416,6872,57393,3,12582912,23,0,0,0
40.07815036699998,1779965217.4293416,6872,57394,4,12582912,34,0,0,0
40.07815036699998,1779965217.4293416,6872,57395,5,12582912,45,0,0,0
40.07815036699998,1779965217.4293416,6872,57396,6,12582912,34,0,0,0
40.07815036699998,1779965217.4293416,6872,57397,7,12582912,17,0,0,0
40.150542105,1779965217.5017343,6873,57398,0,12582912,23,0,0,0
40.150542105,1779965217.5017343,6873,57399,1,12582912,48,0,0,0
40.150542105,1779965217.5017343,6873,57400,2,12582912,61,0,0,0
40.150542105,1779965217.5017343,6873,57401,3,12582912,42,0,0,0
40.150542105,1779965217.5017343,6873,57402,4,12582912,17,0,0,0
40.150542105,1779965217.5017343,6873,57403,5,12582912,13,0,0,0
40.150542105,1779965217.5017343,6873,57404,6,12582912,26,0,0,0
40.150542105,1779965217.5017343,6873,57405,7,12582912,36,0,0,0
40.151962475999994,1779965217.5031536,6874,57406,0,12582912,21,0,0,0
40.151962475999994,1779965217.5031536,6874,57407,1,12582912,7,0,0,0
40.151962475999994,1779965217.5031536,6874,57408,2,12582912,20,0,0,0
40.151962475999994,1779965217.5031536,6874,57409,3,12582912,45,0,0,0
40.151962475999994,1779965217.5031536,6874,57410,4,12582912,54,0,0,0
40.151962475999994,1779965217.5031536,6874,57411,5,12582912,32,0,0,0
40.151962475999994,1779965217.5031536,6874,57412,6,12582912,10,0,0,0
40.151962475999994,1779965217.5031536,6874,57413,7,12582912,14,0,0,0
40.189600043999974,1779965217.5407922,6875,57414,0,12582912,31,0,0,0
40.189600043999974,1779965217.5407922,6875,57415,1,12582912,44,0,0,0
40.189600043999974,1779965217.5407922,6875,57416,2,12582912,34,0,0,0
40.189600043999974,1779965217.5407922,6875,57417,3,12582912,18,0,0,0
40.189600043999974,1779965217.5407922,6875,57418,4,12582912,21,0,0,0
40.189600043999974,1779965217.5407922,6875,57419,5,12582912,38,0,0,0
40.189600043999974,1779965217.5407922,6875,57420,6,12582912,53,0,0,0
40.189600043999974,1779965217.5407922,6875,57421,7,12582912,45,0,0,0
40.22089680099998,1779965217.5720887,6876,57422,0,12582912,23,0,0,0
40.22089680099998,1779965217.5720887,6876,57423,1,12582912,21,0,0,0
40.22089680099998,1779965217.5720887,6876,57424,2,12582912,42,0,0,0
40.22089680099998,1779965217.5720887,6876,57425,3,12582912,53,0,0,0
40.22089680099998,1779965217.5720887,6876,57426,4,12582912,31,0,0,0
40.22089680099998,1779965217.5720887,6876,57427,5,12582912,3,0,0,0
40.22089680099998,1779965217.5720887,6876,57428,6,12582912,4,0,0,0
40.22089680099998,1779965217.5720887,6876,57429,7,12582912,28,0,0,0
40.243566332,1779965217.5947585,6877,57430,0,12582912,42,0,0,0
40.243566332,1779965217.5947585,6877,57431,1,12582912,24,0,0,0
40.243566332,1779965217.5947585,6877,57432,2,12582912,1,0,0,0
40.243566332,1779965217.5947585,6877,57433,3,12582912,6,0,0,0
40.243566332,1779965217.5947585,6877,57434,4,12582912,30,0,0,0
40.243566332,1779965217.5947585,6877,57435,5,12582912,44,0,0,0
40.243566332,1779965217.5947585,6877,57436,6,12582912,30,0,0,0
40.243566332,1779965217.5947585,6877,57437,7,12582912,11,0,0,0
40.295430683999996,1779965217.6466227,6878,57438,0,12582912,15,0,0,0
40.295430683999996,1779965217.6466227,6878,57439,1,12582912,34,0,0,0
40.295430683999996,1779965217.6466227,6878,57440,2,12582912,50,0,0,0
40.295430683999996,1779965217.6466227,6878,57441,3,12582912,42,0,0,0
40.295430683999996,1779965217.6466227,6878,57442,4,12582912,25,0,0,0
40.295430683999996,1779965217.6466227,6878,57443,5,12582912,28,0,0,0
40.295430683999996,1779965217.6466227,6878,57444,6,12582912,42,0,0,0
40.295430683999996,1779965217.6466227,6878,57445,7,12582912,45,0,0,0
40.31814495399999,1779965217.669337,6879,57446,0,12582912,28,0,0,0
40.31814495399999,1779965217.669337,6879,57447,1,12582912,13,0,0,0
40.31814495399999,1779965217.669337,6879,57448,2,12582912,24,0,0,0
40.31814495399999,1779965217.669337,6879,57449,3,12582912,45,0,0,0
40.31814495399999,1779965217.669337,6879,57450,4,12582912,54,0,0,0
40.31814495399999,1779965217.669337,6879,57451,5,12582912,37,0,0,0
40.31814495399999,1779965217.669337,6879,57452,6,12582912,15,0,0,0
40.31814495399999,1779965217.669337,6879,57453,7,12582912,17,0,0,0
40.34110578799999,1779965217.6922977,6880,57454,0,12582912,39,0,0,0
40.34110578799999,1779965217.6922977,6880,57455,1,12582912,54,0,0,0
40.34110578799999,1779965217.6922977,6880,57456,2,12582912,42,0,0,0
40.34110578799999,1779965217.6922977,6880,57457,3,12582912,25,0,0,0
40.34110578799999,1779965217.6922977,6880,57458,4,12582912,30,0,0,0
40.34110578799999,1779965217.6922977,6880,57459,5,12582912,48,0,0,0
40.34110578799999,1779965217.6922977,6880,57460,6,12582912,55,0,0,0
40.34110578799999,1779965217.6922977,6880,57461,7,12582912,36,0,0,0
40.36373427699999,1779965217.7149262,6881,57462,0,12582912,15,0,0,0
40.36373427699999,1779965217.7149262,6881,57463,1,12582912,18,0,0,0
40.36373427699999,1779965217.7149262,6881,57464,2,12582912,36,0,0,0
40.36373427699999,1779965217.7149262,6881,57465,3,12582912,46,0,0,0
40.36373427699999,1779965217.7149262,6881,57466,4,12582912,29,0,0,0
40.36373427699999,1779965217.7149262,6881,57467,5,12582912,4,0,0,0
40.36373427699999,1779965217.7149262,6881,57468,6,12582912,1,0,0,0
40.36373427699999,1779965217.7149262,6881,57469,7,12582912,17,0,0,0
40.401418095,1779965217.75261,6882,57470,0,12582912,31,0,0,0
40.401418095,1779965217.75261,6882,57471,1,12582912,24,0,0,0
40.401418095,1779965217.75261,6882,57472,2,12582912,13,0,0,0
40.401418095,1779965217.75261,6882,57473,3,12582912,21,0,0,0
40.401418095,1779965217.75261,6882,57474,4,12582912,40,0,0,0
40.401418095,1779965217.75261,6882,57475,5,12582912,50,0,0,0
40.401418095,1779965217.75261,6882,57476,6,12582912,36,0,0,0
40.401418095,1779965217.75261,6882,57477,7,12582912,17,0,0,0
40.470749609999984,1779965217.8219404,6883,57478,0,12582912,19,0,0,0
40.470749609999984,1779965217.8219404,6883,57479,1,12582912,33,0,0,0
40.470749609999984,1779965217.8219404,6883,57480,2,12582912,33,0,0,0
40.470749609999984,1779965217.8219404,6883,57481,3,12582912,5,0,0,0
40.470749609999984,1779965217.8219404,6883,57482,4,12582912,-17,0,0,0
40.470749609999984,1779965217.8219404,6883,57483,5,12582912,1,0,0,0
40.470749609999984,1779965217.8219404,6883,57484,6,12582912,33,0,0,0
40.470749609999984,1779965217.8219404,6883,57485,7,12582912,47,0,0,0
40.47127742499998,1779965217.8224676,6884,57486,0,12582912,35,0,0,0
40.47127742499998,1779965217.8224676,6884,57487,1,12582912,17,0,0,0
40.47127742499998,1779965217.8224676,6884,57488,2,12582912,19,0,0,0
40.47127742499998,1779965217.8224676,6884,57489,3,12582912,34,0,0,0
40.47127742499998,1779965217.8224676,6884,57490,4,12582912,39,0,0,0
40.47127742499998,1779965217.8224676,6884,57491,5,12582912,19,0,0,0
40.47127742499998,1779965217.8224676,6884,57492,6,12582912,2,0,0,0
40.47127742499998,1779965217.8224676,6884,57493,7,12582912,5,0,0,0
40.514028870999994,1779965217.865221,6885,57494,0,12582912,17,0,0,0
40.514028870999994,1779965217.865221,6885,57495,1,12582912,30,0,0,0
40.514028870999994,1779965217.865221,6885,57496,2,12582912,29,0,0,0
40.514028870999994,1779965217.865221,6885,57497,3,12582912,19,0,0,0
40.514028870999994,1779965217.865221,6885,57498,4,12582912,24,0,0,0
40.514028870999994,1779965217.865221,6885,57499,5,12582912,39,0,0,0
40.514028870999994,1779965217.865221,6885,57500,6,12582912,44,0,0,0
40.514028870999994,1779965217.865221,6885,57501,7,12582912,145,0,0,0
40.56564493999997,1779965217.916837,6886,57502,0,12582912,32,0,0,0
40.56564493999997,1779965217.916837,6886,57503,1,12582912,-625,0,0,0
40.56564493999997,1779965217.916837,6886,57504,2,12582912,-855,0,0,0
40.56564493999997,1779965217.916837,6886,57505,3,12582912,15,0,0,0
40.56564493999997,1779965217.916837,6886,57506,4,12582912,888,0,0,0
40.56564493999997,1779965217.916837,6886,57507,5,12582912,613,0,0,0
40.56564493999997,1779965217.916837,6886,57508,6,12582912,-373,0,0,0
40.56564493999997,1779965217.916837,6886,57509,7,12582912,-733,0,0,0
40.56706822799998,1779965217.9182594,6887,57510,0,12582912,-64,0,0,0
40.56706822799998,1779965217.9182594,6887,57511,1,12582912,659,0,0,0
40.56706822799998,1779965217.9182594,6887,57512,2,12582912,481,0,0,0
40.56706822799998,1779965217.9182594,6887,57513,3,12582912,-272,0,0,0
40.56706822799998,1779965217.9182594,6887,57514,4,12582912,-554,0,0,0
40.56706822799998,1779965217.9182594,6887,57515,5,12582912,-42,0,0,0
40.56706822799998,1779965217.9182594,6887,57516,6,12582912,514,0,0,0
40.56706822799998,1779965217.9182594,6887,57517,7,12582912,382,0,0,0
40.781371385,1779965218.1325634,6888,57518,0,12582912,-191,0,0,0
40.781371385,1779965218.1325634,6888,57519,1,12582912,-407,0,0,0
40.781371385,1779965218.1325634,6888,57520,2,12582912,-16,0,0,0
40.781371385,1779965218.1325634,6888,57521,3,12582912,414,0,0,0
40.781371385,1779965218.1325634,6888,57522,4,12582912,310,0,0,0
40.781371385,1779965218.1325634,6888,57523,5,12582912,-141,0,0,0
40.781371385,1779965218.1325634,6888,57524,6,12582912,-317,0,0,0
40.781371385,1779965218.1325634,6888,57525,7,12582912,-21,0,0,0
40.84924616899997,1779965218.200437,6889,57526,0,12582912,307,0,0,0
40.84924616899997,1779965218.200437,6889,57527,1,12582912,378,0,0,0
40.84924616899997,1779965218.200437,6889,57528,2,12582912,577,0,0,0
40.84924616899997,1779965218.200437,6889,57529,3,12582912,941,0,0,0
40.84924616899997,1779965218.200437,6889,57530,4,12582912,724,0,0,0
40.84924616899997,1779965218.200437,6889,57531,5,12582912,-172,0,0,0
40.84924616899997,1779965218.200437,6889,57532,6,12582912,-740,0,0,0
40.84924616899997,1779965218.200437,6889,57533,7,12582912,-315,0,0,0
40.880454902999986,1779965218.231646,6890,57534,0,12582912,470,0,0,0
40.880454902999986,1779965218.231646,6890,57535,1,12582912,574,0,0,0
40.880454902999986,1779965218.231646,6890,57536,2,12582912,-60,0,0,0
40.880454902999986,1779965218.231646,6890,57537,3,12582912,-526,0,0,0
40.880454902999986,1779965218.231646,6890,57538,4,12582912,-227,0,0,0
40.880454902999986,1779965218.231646,6890,57539,5,12582912,376,0,0,0
40.880454902999986,1779965218.231646,6890,57540,6,12582912,458,0,0,0
40.880454902999986,1779965218.231646,6890,57541,7,12582912,-39,0,0,0
40.88163615899998,1779965218.2328281,6891,57542,0,12582912,-412,0,0,0
40.88163615899998,1779965218.2328281,6891,57543,1,12582912,-184,0,0,0
40.88163615899998,1779965218.2328281,6891,57544,2,12582912,289,0,0,0
40.88163615899998,1779965218.2328281,6891,57545,3,12582912,361,0,0,0
40.88163615899998,1779965218.2328281,6891,57546,4,12582912,-15,0,0,0
40.88163615899998,1779965218.2328281,6891,57547,5,12582912,-301,0,0,0
40.88163615899998,1779965218.2328281,6891,57548,6,12582912,-136,0,0,0
40.88163615899998,1779965218.2328281,6891,57549,7,12582912,216,0,0,0
40.92577463800001,1779965218.2769666,6892,57550,0,12582912,268,0,0,0
40.92577463800001,1779965218.2769666,6892,57551,1,12582912,-22,0,0,0
40.92577463800001,1779965218.2769666,6892,57552,2,12582912,-246,0,0,0
40.92577463800001,1779965218.2769666,6892,57553,3,12582912,-116,0,0,0
40.92577463800001,1779965218.2769666,6892,57554,4,12582912,170,0,0,0
40.92577463800001,1779965218.2769666,6892,57555,5,12582912,225,0,0,0
40.92577463800001,1779965218.2769666,6892,57556,6,12582912,10,0,0,0
40.92577463800001,1779965218.2769666,6892,57557,7,12582912,-161,0,0,0
40.948452239999995,1779965218.2996445,6893,57558,0,12582912,-70,0,0,0
40.948452239999995,1779965218.2996445,6893,57559,1,12582912,140,0,0,0
40.948452239999995,1779965218.2996445,6893,57560,2,12582912,178,0,0,0
40.948452239999995,1779965218.2996445,6893,57561,3,12582912,6,0,0,0
40.948452239999995,1779965218.2996445,6893,57562,4,12582912,-135,0,0,0
40.948452239999995,1779965218.2996445,6893,57563,5,12582912,-67,0,0,0
40.948452239999995,1779965218.2996445,6893,57564,6,12582912,104,0,0,0
40.948452239999995,1779965218.2996445,6893,57565,7,12582912,144,0,0,0
41.013138363999985,1779965218.3643305,6894,57566,0,12582912,19,0,0,0
41.013138363999985,1779965218.3643305,6894,57567,1,12582912,-89,0,0,0
41.013138363999985,1779965218.3643305,6894,57568,2,12582912,-39,0,0,0
41.013138363999985,1779965218.3643305,6894,57569,3,12582912,90,0,0,0
41.013138363999985,1779965218.3643305,6894,57570,4,12582912,121,0,0,0
41.013138363999985,1779965218.3643305,6894,57571,5,12582912,27,0,0,0
41.013138363999985,1779965218.3643305,6894,57572,6,12582912,-55,0,0,0
41.013138363999985,1779965218.3643305,6894,57573,7,12582912,-23,0,0,0
41.014588683,1779965218.3657796,6895,57574,0,12582912,73,0,0,0
41.014588683,1779965218.3657796,6895,57575,1,12582912,100,0,0,0
41.014588683,1779965218.3657796,6895,57576,2,12582912,31,0,0,0
41.014588683,1779965218.3657796,6895,57577,3,12582912,-39,0,0,0
41.014588683,1779965218.3657796,6895,57578,4,12582912,-26,0,0,0
41.014588683,1779965218.3657796,6895,57579,5,12582912,45,0,0,0
41.014588683,1779965218.3657796,6895,57580,6,12582912,80,0,0,0
41.014588683,1779965218.3657796,6895,57581,7,12582912,45,0,0,0
41.05204718499999,1779965218.4032397,6896,57582,0,12582912,-3,0,0,0
41.05204718499999,1779965218.4032397,6896,57583,1,12582912,1,0,0,0
41.05204718499999,1779965218.4032397,6896,57584,2,12582912,49,0,0,0
41.05204718499999,1779965218.4032397,6896,57585,3,12582912,72,0,0,0
41.05204718499999,1779965218.4032397,6896,57586,4,12582912,40,0,0,0
41.05204718499999,1779965218.4032397,6896,57587,5,12582912,-5,0,0,0
41.05204718499999,1779965218.4032397,6896,57588,6,12582912,-8,0,0,0
41.05204718499999,1779965218.4032397,6896,57589,7,12582912,34,0,0,0
41.07475098499998,1779965218.425943,6897,57590,0,12582912,61,0,0,0
41.07475098499998,1779965218.425943,6897,57591,1,12582912,43,0,0,0
41.07475098499998,1779965218.425943,6897,57592,2,12582912,11,0,0,0
41.07475098499998,1779965218.425943,6897,57593,3,12582912,2,0,0,0
41.07475098499998,1779965218.425943,6897,57594,4,12582912,20,0,0,0
41.07475098499998,1779965218.425943,6897,57595,5,12582912,39,0,0,0
41.07475098499998,1779965218.425943,6897,57596,6,12582912,34,0,0,0
41.07475098499998,1779965218.425943,6897,57597,7,12582912,16,0,0,0
41.118419098000004,1779965218.469611,6898,57598,0,12582912,11,0,0,0
41.118419098000004,1779965218.469611,6898,57599,1,12582912,27,0,0,0
41.118419098000004,1779965218.469611,6898,57600,2,12582912,38,0,0,0
41.118419098000004,1779965218.469611,6898,57601,3,12582912,31,0,0,0
41.118419098000004,1779965218.469611,6898,57602,4,12582912,19,0,0,0
41.118419098000004,1779965218.469611,6898,57603,5,12582912,14,0,0,0
41.118419098000004,1779965218.469611,6898,57604,6,12582912,28,0,0,0
41.118419098000004,1779965218.469611,6898,57605,7,12582912,41,0,0,0
41.18251251099997,1779965218.5337045,6899,57606,0,12582912,35,0,0,0
41.18251251099997,1779965218.5337045,6899,57607,1,12582912,15,0,0,0
41.18251251099997,1779965218.5337045,6899,57608,2,12582912,0,0,0,0
41.18251251099997,1779965218.5337045,6899,57609,3,12582912,8,0,0,0
41.18251251099997,1779965218.5337045,6899,57610,4,12582912,30,0,0,0
41.18251251099997,1779965218.5337045,6899,57611,5,12582912,39,0,0,0
41.18251251099997,1779965218.5337045,6899,57612,6,12582912,22,0,0,0
41.18251251099997,1779965218.5337045,6899,57613,7,12582912,-1,0,0,0
41.18395751700001,1779965218.5351486,6900,57614,0,12582912,1,0,0,0
41.18395751700001,1779965218.5351486,6900,57615,1,12582912,20,0,0,0
41.18395751700001,1779965218.5351486,6900,57616,2,12582912,28,0,0,0
41.18395751700001,1779965218.5351486,6900,57617,3,12582912,16,0,0,0
41.18395751700001,1779965218.5351486,6900,57618,4,12582912,6,0,0,0
41.18395751700001,1779965218.5351486,6900,57619,5,12582912,19,0,0,0
41.18395751700001,1779965218.5351486,6900,57620,6,12582912,36,0,0,0
41.18395751700001,1779965218.5351486,6900,57621,7,12582912,32,0,0,0
41.206640952999976,1779965218.557833,6901,57622,0,12582912,13,0,0,0
41.206640952999976,1779965218.557833,6901,57623,1,12582912,-3,0,0,0
41.206640952999976,1779965218.557833,6901,57624,2,12582912,-3,0,0,0
41.206640952999976,1779965218.557833,6901,57625,3,12582912,5,0,0,0
41.206640952999976,1779965218.557833,6901,57626,4,12582912,12,0,0,0
41.206640952999976,1779965218.557833,6901,57627,5,12582912,6,0,0,0
41.206640952999976,1779965218.557833,6901,57628,6,12582912,-11,0,0,0
41.206640952999976,1779965218.557833,6901,57629,7,12582912,-9,0,0,0
41.30937870600002,1779965218.6605709,6902,57630,0,12582912,13,0,0,0
41.30937870600002,1779965218.6605709,6902,57631,1,12582912,32,0,0,0
41.30937870600002,1779965218.6605709,6902,57632,2,12582912,28,0,0,0
41.30937870600002,1779965218.6605709,6902,57633,3,12582912,6,0,0,0
41.30937870600002,1779965218.6605709,6902,57634,4,12582912,-6,0,0,0
41.30937870600002,1779965218.6605709,6902,57635,5,12582912,3,0,0,0
41.30937870600002,1779965218.6605709,6902,57636,6,12582912,18,0,0,0
41.30937870600002,1779965218.6605709,6902,57637,7,12582912,16,0,0,0
41.319095936999986,1779965218.6702883,6903,57638,0,12582912,-3,0,0,0
41.319095936999986,1779965218.6702883,6903,57639,1,12582912,-11,0,0,0
41.319095936999986,1779965218.6702883,6903,57640,2,12582912,-4,0,0,0
41.319095936999986,1779965218.6702883,6903,57641,3,12582912,5,0,0,0
41.319095936999986,1779965218.6702883,6903,57642,4,12582912,6,0,0,0
41.319095936999986,1779965218.6702883,6903,57643,5,12582912,6,0,0,0
41.319095936999986,1779965218.6702883,6903,57644,6,12582912,17,0,0,0
41.319095936999986,1779965218.6702883,6903,57645,7,12582912,31,0,0,0
41.320648704999996,1779965218.67184,6904,57646,0,12582912,34,0,0,0
41.320648704999996,1779965218.67184,6904,57647,1,12582912,23,0,0,0
41.320648704999996,1779965218.67184,6904,57648,2,12582912,6,0,0,0
41.320648704999996,1779965218.67184,6904,57649,3,12582912,-1,0,0,0
41.320648704999996,1779965218.67184,6904,57650,4,12582912,4,0,0,0
41.320648704999996,1779965218.67184,6904,57651,5,12582912,12,0,0,0
41.320648704999996,1779965218.67184,6904,57652,6,12582912,5,0,0,0
41.320648704999996,1779965218.67184,6904,57653,7,12582912,-10,0,0,0
41.350244358,1779965218.701436,6905,57654,0,12582912,-6,0,0,0
41.350244358,1779965218.701436,6905,57655,1,12582912,15,0,0,0
41.350244358,1779965218.701436,6905,57656,2,12582912,31,0,0,0
41.350244358,1779965218.701436,6905,57657,3,12582912,27,0,0,0
41.350244358,1779965218.701436,6905,57658,4,12582912,9,0,0,0
41.350244358,1779965218.701436,6905,57659,5,12582912,1,0,0,0
41.350244358,1779965218.701436,6905,57660,6,12582912,8,0,0,0
41.350244358,1779965218.701436,6905,57661,7,12582912,13,0,0,0
41.382152313999995,1779965218.7333446,6906,57662,0,12582912,3,0,0,0
41.382152313999995,1779965218.7333446,6906,57663,1,12582912,-12,0,0,0
41.382152313999995,1779965218.7333446,6906,57664,2,12582912,-5,0,0,0
41.382152313999995,1779965218.7333446,6906,57665,3,12582912,17,0,0,0
41.382152313999995,1779965218.7333446,6906,57666,4,12582912,31,0,0,0
41.382152313999995,1779965218.7333446,6906,57667,5,12582912,21,0,0,0
41.382152313999995,1779965218.7333446,6906,57668,6,12582912,4,0,0,0
41.382152313999995,1779965218.7333446,6906,57669,7,12582912,5,0,0,0
41.404825749999986,1779965218.7560177,6907,57670,0,12582912,20,0,0,0
41.404825749999986,1779965218.7560177,6907,57671,1,12582912,25,0,0,0
41.404825749999986,1779965218.7560177,6907,57672,2,12582912,7,0,0,0
41.404825749999986,1779965218.7560177,6907,57673,3,12582912,-13,0,0,0
41.404825749999986,1779965218.7560177,6907,57674,4,12582912,-13,0,0,0
41.404825749999986,1779965218.7560177,6907,57675,5,12582912,3,0,0,0
41.404825749999986,1779965218.7560177,6907,57676,6,12582912,18,0,0,0
41.404825749999986,1779965218.7560177,6907,57677,7,12582912,13,0,0,0
41.427479237,1779965218.7786713,6908,57678,0,12582912,-2,0,0,0
41.427479237,1779965218.7786713,6908,57679,1,12582912,6,0,0,0
41.427479237,1779965218.7786713,6908,57680,2,12582912,32,0,0,0
41.427479237,1779965218.7786713,6908,57681,3,12582912,50,0,0,0
41.427479237,1779965218.7786713,6908,57682,4,12582912,40,0,0,0
41.427479237,1779965218.7786713,6908,57683,5,12582912,14,0,0,0
41.427479237,1779965218.7786713,6908,57684,6,12582912,14,0,0,0
41.427479237,1779965218.7786713,6908,57685,7,12582912,38,0,0,0
41.48827477100002,1779965218.839467,6909,57686,0,12582912,55,0,0,0
41.48827477100002,1779965218.839467,6909,57687,1,12582912,44,0,0,0
41.48827477100002,1779965218.839467,6909,57688,2,12582912,22,0,0,0
41.48827477100002,1779965218.839467,6909,57689,3,12582912,19,0,0,0
41.48827477100002,1779965218.839467,6909,57690,4,12582912,35,0,0,0
41.48827477100002,1779965218.839467,6909,57691,5,12582912,41,0,0,0
41.48827477100002,1779965218.839467,6909,57692,6,12582912,19,0,0,0
41.48827477100002,1779965218.839467,6909,57693,7,12582912,-5,0,0,0
41.489728266999975,1779965218.8409197,6910,57694,0,12582912,7,0,0,0
41.489728266999975,1779965218.8409197,6910,57695,1,12582912,42,0,0,0
41.489728266999975,1779965218.8409197,6910,57696,2,12582912,65,0,0,0
41.489728266999975,1779965218.8409197,6910,57697,3,12582912,53,0,0,0
41.489728266999975,1779965218.8409197,6910,57698,4,12582912,22,0,0,0
41.489728266999975,1779965218.8409197,6910,57699,5,12582912,12,0,0,0
41.489728266999975,1779965218.8409197,6910,57700,6,12582912,30,0,0,0
41.489728266999975,1779965218.8409197,6910,57701,7,12582912,46,0,0,0
41.54097157000001,1779965218.8921638,6911,57702,0,12582912,39,0,0,0
41.54097157000001,1779965218.8921638,6911,57703,1,12582912,20,0,0,0
41.54097157000001,1779965218.8921638,6911,57704,2,12582912,15,0,0,0
41.54097157000001,1779965218.8921638,6911,57705,3,12582912,28,0,0,0
41.54097157000001,1779965218.8921638,6911,57706,4,12582912,47,0,0,0
41.54097157000001,1779965218.8921638,6911,57707,5,12582912,50,0,0,0
41.54097157000001,1779965218.8921638,6911,57708,6,12582912,30,0,0,0
41.54097157000001,1779965218.8921638,6911,57709,7,12582912,21,0,0,0
41.563555733999976,1779965218.9147477,6912,57710,0,12582912,29,0,0,0
41.563555733999976,1779965218.9147477,6912,57711,1,12582912,40,0,0,0
41.563555733999976,1779965218.9147477,6912,57712,2,12582912,39,0,0,0
41.563555733999976,1779965218.9147477,6912,57713,3,12582912,25,0,0,0
41.563555733999976,1779965218.9147477,6912,57714,4,12582912,21,0,0,0
41.563555733999976,1779965218.9147477,6912,57715,5,12582912,37,0,0,0
41.563555733999976,1779965218.9147477,6912,57716,6,12582912,57,0,0,0
41.563555733999976,1779965218.9147477,6912,57717,7,12582912,57,0,0,0
41.58625432499997,1779965218.9374464,6913,57718,0,12582912,34,0,0,0
41.58625432499997,1779965218.9374464,6913,57719,1,12582912,20,0,0,0
41.58625432499997,1779965218.9374464,6913,57720,2,12582912,27,0,0,0
41.58625432499997,1779965218.9374464,6913,57721,3,12582912,41,0,0,0
41.58625432499997,1779965218.9374464,6913,57722,4,12582912,41,0,0,0
41.58625432499997,1779965218.9374464,6913,57723,5,12582912,24,0,0,0
41.58625432499997,1779965218.9374464,6913,57724,6,12582912,17,0,0,0
41.58625432499997,1779965218.9374464,6913,57725,7,12582912,31,0,0,0
41.629870718999996,1779965218.981063,6914,57726,0,12582912,52,0,0,0
41.629870718999996,1779965218.981063,6914,57727,1,12582912,56,0,0,0
41.629870718999996,1779965218.981063,6914,57728,2,12582912,37,0,0,0
41.629870718999996,1779965218.981063,6914,57729,3,12582912,23,0,0,0
41.629870718999996,1779965218.981063,6914,57730,4,12582912,30,0,0,0
41.629870718999996,1779965218.981063,6914,57731,5,12582912,43,0,0,0
41.629870718999996,1779965218.981063,6914,57732,6,12582912,41,0,0,0
41.629870718999996,1779965218.981063,6914,57733,7,12582912,21,0,0,0
41.666070880999996,1779965219.0172615,6915,57734,0,12582912,10,0,0,0
41.666070880999996,1779965219.0172615,6915,57735,1,12582912,25,0,0,0
41.666070880999996,1779965219.0172615,6915,57736,2,12582912,46,0,0,0
41.666070880999996,1779965219.0172615,6915,57737,3,12582912,42,0,0,0
41.666070880999996,1779965219.0172615,6915,57738,4,12582912,21,0,0,0
41.666070880999996,1779965219.0172615,6915,57739,5,12582912,12,0,0,0
41.666070880999996,1779965219.0172615,6915,57740,6,12582912,21,0,0,0
41.666070880999996,1779965219.0172615,6915,57741,7,12582912,30,0,0,0
41.703792453999995,1779965219.0549843,6916,57742,0,12582912,23,0,0,0
41.703792453999995,1779965219.0549843,6916,57743,1,12582912,10,0,0,0
41.703792453999995,1779965219.0549843,6916,57744,2,12582912,11,0,0,0
41.703792453999995,1779965219.0549843,6916,57745,3,12582912,26,0,0,0
41.703792453999995,1779965219.0549843,6916,57746,4,12582912,42,0,0,0
41.703792453999995,1779965219.0549843,6916,57747,5,12582912,39,0,0,0
41.703792453999995,1779965219.0549843,6916,57748,6,12582912,17,0,0,0
41.703792453999995,1779965219.0549843,6916,57749,7,12582912,11,0,0,0
41.726491356,1779965219.0776834,6917,57750,0,12582912,31,0,0,0
41.726491356,1779965219.0776834,6917,57751,1,12582912,49,0,0,0
41.726491356,1779965219.0776834,6917,57752,2,12582912,43,0,0,0
41.726491356,1779965219.0776834,6917,57753,3,12582912,21,0,0,0
41.726491356,1779965219.0776834,6917,57754,4,12582912,13,0,0,0
41.726491356,1779965219.0776834,6917,57755,5,12582912,28,0,0,0
41.726491356,1779965219.0776834,6917,57756,6,12582912,45,0,0,0
41.726491356,1779965219.0776834,6917,57757,7,12582912,39,0,0,0
41.77792022900002,1779965219.129112,6918,57758,0,12582912,18,0,0,0
41.77792022900002,1779965219.129112,6918,57759,1,12582912,15,0,0,0
41.77792022900002,1779965219.129112,6918,57760,2,12582912,34,0,0,0
41.77792022900002,1779965219.129112,6918,57761,3,12582912,53,0,0,0
41.77792022900002,1779965219.129112,6918,57762,4,12582912,47,0,0,0
41.77792022900002,1779965219.129112,6918,57763,5,12582912,22,0,0,0
41.77792022900002,1779965219.129112,6918,57764,6,12582912,11,0,0,0
41.77792022900002,1779965219.129112,6918,57765,7,12582912,22,0,0,0
41.77934554799998,1779965219.1305366,6919,57766,0,12582912,34,0,0,0
41.77934554799998,1779965219.1305366,6919,57767,1,12582912,31,0,0,0
41.77934554799998,1779965219.1305366,6919,57768,2,12582912,14,0,0,0
41.77934554799998,1779965219.1305366,6919,57769,3,12582912,11,0,0,0
41.77934554799998,1779965219.1305366,6919,57770,4,12582912,33,0,0,0
41.77934554799998,1779965219.1305366,6919,57771,5,12582912,52,0,0,0
41.77934554799998,1779965219.1305366,6919,57772,6,12582912,46,0,0,0
41.77934554799998,1779965219.1305366,6919,57773,7,12582912,23,0,0,0
41.84757689100002,1779965219.198768,6920,57774,0,12582912,14,0,0,0
41.84757689100002,1779965219.198768,6920,57775,1,12582912,26,0,0,0
41.84757689100002,1779965219.198768,6920,57776,2,12582912,40,0,0,0
41.84757689100002,1779965219.198768,6920,57777,3,12582912,38,0,0,0
41.84757689100002,1779965219.198768,6920,57778,4,12582912,21,0,0,0
41.84757689100002,1779965219.198768,6920,57779,5,12582912,17,0,0,0
41.84757689100002,1779965219.198768,6920,57780,6,12582912,33,0,0,0
41.84757689100002,1779965219.198768,6920,57781,7,12582912,48,0,0,0
41.857341518,1779965219.208534,6921,57782,0,12582912,41,0,0,0
41.857341518,1779965219.208534,6921,57783,1,12582912,19,0,0,0
41.857341518,1779965219.208534,6921,57784,2,12582912,17,0,0,0
41.857341518,1779965219.208534,6921,57785,3,12582912,38,0,0,0
41.857341518,1779965219.208534,6921,57786,4,12582912,50,0,0,0
41.857341518,1779965219.208534,6921,57787,5,12582912,40,0,0,0
41.857341518,1779965219.208534,6921,57788,6,12582912,19,0,0,0
41.857341518,1779965219.208534,6921,57789,7,12582912,16,0,0,0
41.87997036799999,1779965219.2311623,6922,57790,0,12582912,23,0,0,0
41.87997036799999,1779965219.2311623,6922,57791,1,12582912,20,0,0,0
41.87997036799999,1779965219.2311623,6922,57792,2,12582912,4,0,0,0
41.87997036799999,1779965219.2311623,6922,57793,3,12582912,-8,0,0,0
41.87997036799999,1779965219.2311623,6922,57794,4,12582912,0,0,0,0
41.87997036799999,1779965219.2311623,6922,57795,5,12582912,20,0,0,0
41.87997036799999,1779965219.2311623,6922,57796,6,12582912,30,0,0,0
41.87997036799999,1779965219.2311623,6922,57797,7,12582912,14,0,0,0
41.91840043299999,1779965219.2695923,6923,57798,0,12582912,-20,0,0,0
41.91840043299999,1779965219.2695923,6923,57799,1,12582912,-35,0,0,0
41.91840043299999,1779965219.2695923,6923,57800,2,12582912,-21,0,0,0
41.91840043299999,1779965219.2695923,6923,57801,3,12582912,-4,0,0,0
41.91840043299999,1779965219.2695923,6923,57802,4,12582912,-10,0,0,0
41.91840043299999,1779965219.2695923,6923,57803,5,12582912,-30,0,0,0
41.91840043299999,1779965219.2695923,6923,57804,6,12582912,-30,0,0,0
41.91840043299999,1779965219.2695923,6923,57805,7,12582912,-8,0,0,0
41.941088971,1779965219.292281,6924,57806,0,12582912,13,0,0,0
41.941088971,1779965219.292281,6924,57807,1,12582912,12,0,0,0
41.941088971,1779965219.292281,6924,57808,2,12582912,-5,0,0,0
41.941088971,1779965219.292281,6924,57809,3,12582912,-11,0,0,0
41.941088971,1779965219.292281,6924,57810,4,12582912,-1,0,0,0
41.941088971,1779965219.292281,6924,57811,5,12582912,7,0,0,0
41.941088971,1779965219.292281,6924,57812,6,12582912,-3,0,0,0
41.941088971,1779965219.292281,6924,57813,7,12582912,-22,0,0,0
41.98471098699997,1779965219.3359032,6925,57814,0,12582912,-23,0,0,0
41.98471098699997,1779965219.3359032,6925,57815,1,12582912,-6,0,0,0
41.98471098699997,1779965219.3359032,6925,57816,2,12582912,7,0,0,0
41.98471098699997,1779965219.3359032,6925,57817,3,12582912,4,0,0,0
41.98471098699997,1779965219.3359032,6925,57818,4,12582912,-10,0,0,0
41.98471098699997,1779965219.3359032,6925,57819,5,12582912,-6,0,0,0
41.98471098699997,1779965219.3359032,6925,57820,6,12582912,14,0,0,0
41.98471098699997,1779965219.3359032,6925,57821,7,12582912,25,0,0,0
42.036634496999966,1779965219.3878272,6926,57822,0,12582912,13,0,0,0
42.036634496999966,1779965219.3878272,6926,57823,1,12582912,-12,0,0,0
42.036634496999966,1779965219.3878272,6926,57824,2,12582912,-21,0,0,0
42.036634496999966,1779965219.3878272,6926,57825,3,12582912,-8,0,0,0
42.036634496999966,1779965219.3878272,6926,57826,4,12582912,1,0,0,0
42.036634496999966,1779965219.3878272,6926,57827,5,12582912,-9,0,0,0
42.036634496999966,1779965219.3878272,6926,57828,6,12582912,-28,0,0,0
42.036634496999966,1779965219.3878272,6926,57829,7,12582912,-21,0,0,0
42.03809804499997,1779965219.389289,6927,57830,0,12582912,10,0,0,0
42.03809804499997,1779965219.389289,6927,57831,1,12582912,28,0,0,0
42.03809804499997,1779965219.389289,6927,57832,2,12582912,17,0,0,0
42.03809804499997,1779965219.389289,6927,57833,3,12582912,-1,0,0,0
42.03809804499997,1779965219.389289,6927,57834,4,12582912,2,0,0,0
42.03809804499997,1779965219.389289,6927,57835,5,12582912,21,0,0,0
42.03809804499997,1779965219.389289,6927,57836,6,12582912,29,0,0,0
42.03809804499997,1779965219.389289,6927,57837,7,12582912,11,0,0,0
42.074246070000015,1779965219.425437,6928,57838,0,12582912,-16,0,0,0
42.074246070000015,1779965219.425437,6928,57839,1,12582912,-17,0,0,0
42.074246070000015,1779965219.425437,6928,57840,2,12582912,6,0,0,0
42.074246070000015,1779965219.425437,6928,57841,3,12582912,22,0,0,0
42.074246070000015,1779965219.425437,6928,57842,4,12582912,14,0,0,0
42.074246070000015,1779965219.425437,6928,57843,5,12582912,-9,0,0,0
42.074246070000015,1779965219.425437,6928,57844,6,12582912,-12,0,0,0
42.074246070000015,1779965219.425437,6928,57845,7,12582912,8,0,0,0
42.095964030000005,1779965219.447156,6929,57846,0,12582912,21,0,0,0
42.095964030000005,1779965219.447156,6929,57847,1,12582912,5,0,0,0
42.095964030000005,1779965219.447156,6929,57848,2,12582912,-22,0,0,0
42.095964030000005,1779965219.447156,6929,57849,3,12582912,-21,0,0,0
42.095964030000005,1779965219.447156,6929,57850,4,12582912,7,0,0,0
42.095964030000005,1779965219.447156,6929,57851,5,12582912,28,0,0,0
42.095964030000005,1779965219.447156,6929,57852,6,12582912,20,0,0,0
42.095964030000005,1779965219.447156,6929,57853,7,12582912,-5,0,0,0
42.13355164400002,1779965219.4847436,6930,57854,0,12582912,-11,0,0,0
42.13355164400002,1779965219.4847436,6930,57855,1,12582912,5,0,0,0
42.13355164400002,1779965219.4847436,6930,57856,2,12582912,17,0,0,0
42.13355164400002,1779965219.4847436,6930,57857,3,12582912,10,0,0,0
42.13355164400002,1779965219.4847436,6930,57858,4,12582912,-8,0,0,0
42.13355164400002,1779965219.4847436,6930,57859,5,12582912,-8,0,0,0
42.13355164400002,1779965219.4847436,6930,57860,6,12582912,10,0,0,0
42.13355164400002,1779965219.4847436,6930,57861,7,12582912,21,0,0,0
42.19621103600002,1779965219.547403,6931,57862,0,12582912,8,0,0,0
42.19621103600002,1779965219.547403,6931,57863,1,12582912,-19,0,0,0
42.19621103600002,1779965219.547403,6931,57864,2,12582912,-23,0,0,0
42.19621103600002,1779965219.547403,6931,57865,3,12582912,0,0,0,0
42.19621103600002,1779965219.547403,6931,57866,4,12582912,20,0,0,0
42.19621103600002,1779965219.547403,6931,57867,5,12582912,15,0,0,0
42.19621103600002,1779965219.547403,6931,57868,6,12582912,-9,0,0,0
42.19621103600002,1779965219.547403,6931,57869,7,12582912,-15,0,0,0
42.197653437999975,1779965219.5488446,6932,57870,0,12582912,4,0,0,0
42.197653437999975,1779965219.5488446,6932,57871,1,12582912,20,0,0,0
42.197653437999975,1779965219.5488446,6932,57872,2,12582912,14,0,0,0
42.197653437999975,1779965219.5488446,6932,57873,3,12582912,-8,0,0,0
42.197653437999975,1779965219.5488446,6932,57874,4,12582912,-16,0,0,0
42.197653437999975,1779965219.5488446,6932,57875,5,12582912,0,0,0,0
42.197653437999975,1779965219.5488446,6932,57876,6,12582912,18,0,0,0
42.197653437999975,1779965219.5488446,6932,57877,7,12582912,15,0,0,0
42.220970572,1779965219.5721626,6933,57878,0,12582912,-6,0,0,0
42.220970572,1779965219.5721626,6933,57879,1,12582912,-15,0,0,0
42.220970572,1779965219.5721626,6933,57880,2,12582912,1,0,0,0
42.220970572,1779965219.5721626,6933,57881,3,12582912,18,0,0,0
42.220970572,1779965219.5721626,6933,57882,4,12582912,17,0,0,0
42.220970572,1779965219.5721626,6933,57883,5,12582912,1,0,0,0
42.220970572,1779965219.5721626,6933,57884,6,12582912,-2,0,0,0
42.220970572,1779965219.5721626,6933,57885,7,12582912,15,0,0,0
42.271688660999985,1779965219.6228805,6934,57886,0,12582912,27,0,0,0
42.271688660999985,1779965219.6228805,6934,57887,1,12582912,12,0,0,0
42.271688660999985,1779965219.6228805,6934,57888,2,12582912,-25,0,0,0
42.271688660999985,1779965219.6228805,6934,57889,3,12582912,-37,0,0,0
42.271688660999985,1779965219.6228805,6934,57890,4,12582912,-6,0,0,0
42.271688660999985,1779965219.6228805,6934,57891,5,12582912,22,0,0,0
42.271688660999985,1779965219.6228805,6934,57892,6,12582912,17,0,0,0
42.271688660999985,1779965219.6228805,6934,57893,7,12582912,-5,0,0,0
42.29440089600001,1779965219.645593,6935,57894,0,12582912,-5,0,0,0
42.29440089600001,1779965219.645593,6935,57895,1,12582912,16,0,0,0
42.29440089600001,1779965219.645593,6935,57896,2,12582912,30,0,0,0
42.29440089600001,1779965219.645593,6935,57897,3,12582912,15,0,0,0
42.29440089600001,1779965219.645593,6935,57898,4,12582912,-19,0,0,0
42.29440089600001,1779965219.645593,6935,57899,5,12582912,-32,0,0,0
42.29440089600001,1779965219.645593,6935,57900,6,12582912,-16,0,0,0
42.29440089600001,1779965219.645593,6935,57901,7,12582912,2,0,0,0
42.31705333999997,1779965219.6682453,6936,57902,0,12582912,4,0,0,0
42.31705333999997,1779965219.6682453,6936,57903,1,12582912,-8,0,0,0
42.31705333999997,1779965219.6682453,6936,57904,2,12582912,-5,0,0,0
42.31705333999997,1779965219.6682453,6936,57905,3,12582912,18,0,0,0
42.31705333999997,1779965219.6682453,6936,57906,4,12582912,33,0,0,0
42.31705333999997,1779965219.6682453,6936,57907,5,12582912,22,0,0,0
42.31705333999997,1779965219.6682453,6936,57908,6,12582912,-3,0,0,0
42.31705333999997,1779965219.6682453,6936,57909,7,12582912,-8,0,0,0
42.35461720400002,1779965219.7058094,6937,57910,0,12582912,10,0,0,0
42.35461720400002,1779965219.7058094,6937,57911,1,12582912,24,0,0,0
42.35461720400002,1779965219.7058094,6937,57912,2,12582912,23,0,0,0
42.35461720400002,1779965219.7058094,6937,57913,3,12582912,16,0,0,0
42.35461720400002,1779965219.7058094,6937,57914,4,12582912,25,0,0,0
42.35461720400002,1779965219.7058094,6937,57915,5,12582912,45,0,0,0
42.35461720400002,1779965219.7058094,6937,57916,6,12582912,50,0,0,0
42.35461720400002,1779965219.7058094,6937,57917,7,12582912,30,0,0,0
42.386145312,1779965219.7373374,6938,57918,0,12582912,-1,0,0,0
42.386145312,1779965219.7373374,6938,57919,1,12582912,-9,0,0,0
42.386145312,1779965219.7373374,6938,57920,2,12582912,11,0,0,0
42.386145312,1779965219.7373374,6938,57921,3,12582912,27,0,0,0
42.386145312,1779965219.7373374,6938,57922,4,12582912,22,0,0,0
42.386145312,1779965219.7373374,6938,57923,5,12582912,6,0,0,0
42.386145312,1779965219.7373374,6938,57924,6,12582912,10,0,0,0
42.386145312,1779965219.7373374,6938,57925,7,12582912,30,0,0,0
42.42981649500001,1779965219.7810085,6939,57926,0,12582912,41,0,0,0
42.42981649500001,1779965219.7810085,6939,57927,1,12582912,28,0,0,0
42.42981649500001,1779965219.7810085,6939,57928,2,12582912,-3,0,0,0
42.42981649500001,1779965219.7810085,6939,57929,3,12582912,-16,0,0,0
42.42981649500001,1779965219.7810085,6939,57930,4,12582912,0,0,0,0
42.42981649500001,1779965219.7810085,6939,57931,5,12582912,16,0,0,0
42.42981649500001,1779965219.7810085,6939,57932,6,12582912,15,0,0,0
42.42981649500001,1779965219.7810085,6939,57933,7,12582912,1,0,0,0
42.468745051999974,1779965219.819936,6940,57934,0,12582912,1,0,0,0
42.468745051999974,1779965219.819936,6940,57935,1,12582912,25,0,0,0
42.468745051999974,1779965219.819936,6940,57936,2,12582912,50,0,0,0
42.468745051999974,1779965219.819936,6940,57937,3,12582912,47,0,0,0
42.468745051999974,1779965219.819936,6940,57938,4,12582912,20,0,0,0
42.468745051999974,1779965219.819936,6940,57939,5,12582912,1,0,0,0
42.468745051999974,1779965219.819936,6940,57940,6,12582912,9,0,0,0
42.468745051999974,1779965219.819936,6940,57941,7,12582912,24,0,0,0
42.49062707600001,1779965219.8418198,6941,57942,0,12582912,26,0,0,0
42.49062707600001,1779965219.8418198,6941,57943,1,12582912,14,0,0,0
42.49062707600001,1779965219.8418198,6941,57944,2,12582912,15,0,0,0
42.49062707600001,1779965219.8418198,6941,57945,3,12582912,35,0,0,0
42.49062707600001,1779965219.8418198,6941,57946,4,12582912,43,0,0,0
42.49062707600001,1779965219.8418198,6941,57947,5,12582912,25,0,0,0
42.49062707600001,1779965219.8418198,6941,57948,6,12582912,2,0,0,0
42.49062707600001,1779965219.8418198,6941,57949,7,12582912,7,0,0,0
42.55757908999999,1779965219.9087706,6942,57950,0,12582912,34,0,0,0
42.55757908999999,1779965219.9087706,6942,57951,1,12582912,54,0,0,0
42.55757908999999,1779965219.9087706,6942,57952,2,12582912,50,0,0,0
42.55757908999999,1779965219.9087706,6942,57953,3,12582912,25,0,0,0
42.55757908999999,1779965219.9087706,6942,57954,4,12582912,12,0,0,0
42.55757908999999,1779965219.9087706,6942,57955,5,12582912,25,0,0,0
42.55757908999999,1779965219.9087706,6942,57956,6,12582912,40,0,0,0
42.55757908999999,1779965219.9087706,6942,57957,7,12582912,32,0,0,0
42.55863076200001,1779965219.9098215,6943,57958,0,12582912,7,0,0,0
42.55863076200001,1779965219.9098215,6943,57959,1,12582912,1,0,0,0
42.55863076200001,1779965219.9098215,6943,57960,2,12582912,23,0,0,0
42.55863076200001,1779965219.9098215,6943,57961,3,12582912,43,0,0,0
42.55863076200001,1779965219.9098215,6943,57962,4,12582912,39,0,0,0
42.55863076200001,1779965219.9098215,6943,57963,5,12582912,15,0,0,0
42.55863076200001,1779965219.9098215,6943,57964,6,12582912,8,0,0,0
42.55863076200001,1779965219.9098215,6943,57965,7,12582912,24,0,0,0
42.580868151000004,1779965219.9320602,6944,57966,0,12582912,38,0,0,0
42.580868151000004,1779965219.9320602,6944,57967,1,12582912,31,0,0,0
42.580868151000004,1779965219.9320602,6944,57968,2,12582912,4,0,0,0
42.580868151000004,1779965219.9320602,6944,57969,3,12582912,-6,0,0,0
42.580868151000004,1779965219.9320602,6944,57970,4,12582912,17,0,0,0
42.580868151000004,1779965219.9320602,6944,57971,5,12582912,41,0,0,0
42.580868151000004,1779965219.9320602,6944,57972,6,12582912,47,0,0,0
42.580868151000004,1779965219.9320602,6944,57973,7,12582912,36,0,0,0
42.60430804700002,1779965219.9555001,6945,57974,0,12582912,24,0,0,0
42.60430804700002,1779965219.9555001,6945,57975,1,12582912,26,0,0,0
42.60430804700002,1779965219.9555001,6945,57976,2,12582912,42,0,0,0
42.60430804700002,1779965219.9555001,6945,57977,3,12582912,46,0,0,0
42.60430804700002,1779965219.9555001,6945,57978,4,12582912,22,0,0,0
42.60430804700002,1779965219.9555001,6945,57979,5,12582912,5,0,0,0
42.60430804700002,1779965219.9555001,6945,57980,6,12582912,17,0,0,0
42.60430804700002,1779965219.9555001,6945,57981,7,12582912,38,0,0,0
42.64792547899998,1779965219.9991176,6946,57982,0,12582912,40,0,0,0
42.64792547899998,1779965219.9991176,6946,57983,1,12582912,17,0,0,0
42.64792547899998,1779965219.9991176,6946,57984,2,12582912,2,0,0,0
42.64792547899998,1779965219.9991176,6946,57985,3,12582912,19,0,0,0
42.64792547899998,1779965219.9991176,6946,57986,4,12582912,49,0,0,0
42.64792547899998,1779965219.9991176,6946,57987,5,12582912,58,0,0,0
42.64792547899998,1779965219.9991176,6946,57988,6,12582912,33,0,0,0
42.64792547899998,1779965219.9991176,6946,57989,7,12582912,8,0,0,0
42.67063057799999,1779965220.0218225,6947,57990,0,12582912,11,0,0,0
42.67063057799999,1779965220.0218225,6947,57991,1,12582912,30,0,0,0
42.67063057799999,1779965220.0218225,6947,57992,2,12582912,40,0,0,0
42.67063057799999,1779965220.0218225,6947,57993,3,12582912,21,0,0,0
42.67063057799999,1779965220.0218225,6947,57994,4,12582912,1,0,0,0
42.67063057799999,1779965220.0218225,6947,57995,5,12582912,7,0,0,0
42.67063057799999,1779965220.0218225,6947,57996,6,12582912,25,0,0,0
42.67063057799999,1779965220.0218225,6947,57997,7,12582912,34,0,0,0
42.71444566399998,1779965220.0656378,6948,57998,0,12582912,25,0,0,0
42.71444566399998,1779965220.0656378,6948,57999,1,12582912,15,0,0,0
42.71444566399998,1779965220.0656378,6948,58000,2,12582912,18,0,0,0
42.71444566399998,1779965220.0656378,6948,58001,3,12582912,89,0,0,0
42.71444566399998,1779965220.0656378,6948,58002,4,12582912,370,0,0,0
42.71444566399998,1779965220.0656378,6948,58003,5,12582912,689,0,0,0
42.71444566399998,1779965220.0656378,6948,58004,6,12582912,502,0,0,0
42.71444566399998,1779965220.0656378,6948,58005,7,12582912,-164,0,0,0
42.73765784799997,1779965220.0888498,6949,58006,0,12582912,-531,0,0,0
42.73765784799997,1779965220.0888498,6949,58007,1,12582912,-180,0,0,0
42.73765784799997,1779965220.0888498,6949,58008,2,12582912,378,0,0,0
42.73765784799997,1779965220.0888498,6949,58009,3,12582912,408,0,0,0
42.73765784799997,1779965220.0888498,6949,58010,4,12582912,-68,0,0,0
42.73765784799997,1779965220.0888498,6949,58011,5,12582912,-371,0,0,0
42.73765784799997,1779965220.0888498,6949,58012,6,12582912,-126,0,0,0
42.73765784799997,1779965220.0888498,6949,58013,7,12582912,296,0,0,0
42.804623972,1779965220.155816,6950,58014,0,12582912,324,0,0,0
42.804623972,1779965220.155816,6950,58015,1,12582912,-43,0,0,0
42.804623972,1779965220.155816,6950,58016,2,12582912,-279,0,0,0
42.804623972,1779965220.155816,6950,58017,3,12582912,-92,0,0,0
42.804623972,1779965220.155816,6950,58018,4,12582912,227,0,0,0
42.804623972,1779965220.155816,6950,58019,5,12582912,247,0,0,0
42.804623972,1779965220.155816,6950,58020,6,12582912,-26,0,0,0
42.804623972,1779965220.155816,6950,58021,7,12582912,-204,0,0,0
42.80605804099997,1779965220.1572492,6951,58022,0,12582912,-66,0,0,0
42.80605804099997,1779965220.1572492,6951,58023,1,12582912,172,0,0,0
42.80605804099997,1779965220.1572492,6951,58024,2,12582912,182,0,0,0
42.80605804099997,1779965220.1572492,6951,58025,3,12582912,-36,0,0,0
42.80605804099997,1779965220.1572492,6951,58026,4,12582912,-176,0,0,0
42.80605804099997,1779965220.1572492,6951,58027,5,12582912,-64,0,0,0
42.80605804099997,1779965220.1572492,6951,58028,6,12582912,140,0,0,0
42.80605804099997,1779965220.1572492,6951,58029,7,12582912,169,0,0,0
42.84841239100001,1779965220.1996036,6952,58030,0,12582912,3,0,0,0
42.84841239100001,1779965220.1996036,6952,58031,1,12582912,-124,0,0,0
42.84841239100001,1779965220.1996036,6952,58032,2,12582912,-65,0,0,0
42.84841239100001,1779965220.1996036,6952,58033,3,12582912,71,0,0,0
42.84841239100001,1779965220.1996036,6952,58034,4,12582912,90,0,0,0
42.84841239100001,1779965220.1996036,6952,58035,5,12582912,-20,0,0,0
42.84841239100001,1779965220.1996036,6952,58036,6,12582912,-95,0,0,0
42.84841239100001,1779965220.1996036,6952,58037,7,12582912,-36,0,0,0
42.884163849000004,1779965220.2353556,6953,58038,0,12582912,77,0,0,0
42.884163849000004,1779965220.2353556,6953,58039,1,12582912,97,0,0,0
42.884163849000004,1779965220.2353556,6953,58040,2,12582912,4,0,0,0
42.884163849000004,1779965220.2353556,6953,58041,3,12582912,-71,0,0,0
42.884163849000004,1779965220.2353556,6953,58042,4,12582912,-37,0,0,0
42.884163849000004,1779965220.2353556,6953,58043,5,12582912,50,0,0,0
42.884163849000004,1779965220.2353556,6953,58044,6,12582912,73,0,0,0
42.884163849000004,1779965220.2353556,6953,58045,7,12582912,14,0,0,0
42.91488580499998,1779965220.2660782,6954,58046,0,12582912,-34,0,0,0
42.91488580499998,1779965220.2660782,6954,58047,1,12582912,-9,0,0,0
42.91488580499998,1779965220.2660782,6954,58048,2,12582912,51,0,0,0
42.91488580499998,1779965220.2660782,6954,58049,3,12582912,67,0,0,0
42.91488580499998,1779965220.2660782,6954,58050,4,12582912,22,0,0,0
42.91488580499998,1779965220.2660782,6954,58051,5,12582912,-14,0,0,0
42.91488580499998,1779965220.2660782,6954,58052,6,12582912,8,0,0,0
42.91488580499998,1779965220.2660782,6954,58053,7,12582912,61,0,0,0
42.93757793499998,1779965220.2887707,6955,58054,0,12582912,80,0,0,0
42.93757793499998,1779965220.2887707,6955,58055,1,12582912,47,0,0,0
42.93757793499998,1779965220.2887707,6955,58056,2,12582912,11,0,0,0
42.93757793499998,1779965220.2887707,6955,58057,3,12582912,17,0,0,0
42.93757793499998,1779965220.2887707,6955,58058,4,12582912,59,0,0,0
42.93757793499998,1779965220.2887707,6955,58059,5,12582912,83,0,0,0
42.93757793499998,1779965220.2887707,6955,58060,6,12582912,60,0,0,0
42.93757793499998,1779965220.2887707,6955,58061,7,12582912,26,0,0,0
42.960247304000006,1779965220.3114395,6956,58062,0,12582912,20,0,0,0
42.960247304000006,1779965220.3114395,6956,58063,1,12582912,44,0,0,0
42.960247304000006,1779965220.3114395,6956,58064,2,12582912,61,0,0,0
42.960247304000006,1779965220.3114395,6956,58065,3,12582912,47,0,0,0
42.960247304000006,1779965220.3114395,6956,58066,4,12582912,22,0,0,0
42.960247304000006,1779965220.3114395,6956,58067,5,12582912,16,0,0,0
42.960247304000006,1779965220.3114395,6956,58068,6,12582912,35,0,0,0
42.960247304000006,1779965220.3114395,6956,58069,7,12582912,53,0,0,0
43.020292982,1779965220.3714855,6957,58070,0,12582912,47,0,0,0
43.020292982,1779965220.3714855,6957,58071,1,12582912,32,0,0,0
43.020292982,1779965220.3714855,6957,58072,2,12582912,22,0,0,0
43.020292982,1779965220.3714855,6957,58073,3,12582912,22,0,0,0
43.020292982,1779965220.3714855,6957,58074,4,12582912,29,0,0,0
43.020292982,1779965220.3714855,6957,58075,5,12582912,36,0,0,0
43.020292982,1779965220.3714855,6957,58076,6,12582912,40,0,0,0
43.020292982,1779965220.3714855,6957,58077,7,12582912,37,0,0,0
43.07188367399999,1779965220.423076,6958,58078,0,12582912,42,0,0,0
43.07188367399999,1779965220.423076,6958,58079,1,12582912,52,0,0,0
43.07188367399999,1779965220.423076,6958,58080,2,12582912,55,0,0,0
43.07188367399999,1779965220.423076,6958,58081,3,12582912,48,0,0,0
43.07188367399999,1779965220.423076,6958,58082,4,12582912,34,0,0,0
43.07188367399999,1779965220.423076,6958,58083,5,12582912,25,0,0,0
43.07188367399999,1779965220.423076,6958,58084,6,12582912,28,0,0,0
43.07188367399999,1779965220.423076,6958,58085,7,12582912,27,0,0,0
43.07339008700001,1779965220.4245815,6959,58086,0,12582912,20,0,0,0
43.07339008700001,1779965220.4245815,6959,58087,1,12582912,14,0,0,0
43.07339008700001,1779965220.4245815,6959,58088,2,12582912,19,0,0,0
43.07339008700001,1779965220.4245815,6959,58089,3,12582912,35,0,0,0
43.07339008700001,1779965220.4245815,6959,58090,4,12582912,54,0,0,0
43.07339008700001,1779965220.4245815,6959,58091,5,12582912,61,0,0,0
43.07339008700001,1779965220.4245815,6959,58092,6,12582912,45,0,0,0
43.07339008700001,1779965220.4245815,6959,58093,7,12582912,32,0,0,0
43.09632987399999,1779965220.4475222,6960,58094,0,12582912,39,0,0,0
43.09632987399999,1779965220.4475222,6960,58095,1,12582912,50,0,0,0
43.09632987399999,1779965220.4475222,6960,58096,2,12582912,44,0,0,0
43.09632987399999,1779965220.4475222,6960,58097,3,12582912,23,0,0,0
43.09632987399999,1779965220.4475222,6960,58098,4,12582912,13,0,0,0
43.09632987399999,1779965220.4475222,6960,58099,5,12582912,31,0,0,0
43.09632987399999,1779965220.4475222,6960,58100,6,12582912,55,0,0,0
43.09632987399999,1779965220.4475222,6960,58101,7,12582912,62,0,0,0
43.119316536999975,1779965220.4705076,6961,58102,0,12582912,44,0,0,0
43.119316536999975,1779965220.4705076,6961,58103,1,12582912,24,0,0,0
43.119316536999975,1779965220.4705076,6961,58104,2,12582912,23,0,0,0
43.119316536999975,1779965220.4705076,6961,58105,3,12582912,36,0,0,0
43.119316536999975,1779965220.4705076,6961,58106,4,12582912,45,0,0,0
43.119316536999975,1779965220.4705076,6961,58107,5,12582912,36,0,0,0
43.119316536999975,1779965220.4705076,6961,58108,6,12582912,31,0,0,0
43.119316536999975,1779965220.4705076,6961,58109,7,12582912,41,0,0,0
43.181897797999966,1779965220.5330896,6962,58110,0,12582912,49,0,0,0
43.181897797999966,1779965220.5330896,6962,58111,1,12582912,40,0,0,0
43.181897797999966,1779965220.5330896,6962,58112,2,12582912,19,0,0,0
43.181897797999966,1779965220.5330896,6962,58113,3,12582912,10,0,0,0
43.181897797999966,1779965220.5330896,6962,58114,4,12582912,22,0,0,0
43.181897797999966,1779965220.5330896,6962,58115,5,12582912,37,0,0,0
43.181897797999966,1779965220.5330896,6962,58116,6,12582912,40,0,0,0
43.181897797999966,1779965220.5330896,6962,58117,7,12582912,26,0,0,0
43.20356935000001,1779965220.554761,6963,58118,0,12582912,17,0,0,0
43.20356935000001,1779965220.554761,6963,58119,1,12582912,24,0,0,0
43.20356935000001,1779965220.554761,6963,58120,2,12582912,36,0,0,0
43.20356935000001,1779965220.554761,6963,58121,3,12582912,46,0,0,0
43.20356935000001,1779965220.554761,6963,58122,4,12582912,34,0,0,0
43.20356935000001,1779965220.554761,6963,58123,5,12582912,20,0,0,0
43.20356935000001,1779965220.554761,6963,58124,6,12582912,26,0,0,0
43.20356935000001,1779965220.554761,6963,58125,7,12582912,42,0,0,0
43.233943232,1779965220.5851347,6964,58126,0,12582912,47,0,0,0
43.233943232,1779965220.5851347,6964,58127,1,12582912,32,0,0,0
43.233943232,1779965220.5851347,6964,58128,2,12582912,16,0,0,0
43.233943232,1779965220.5851347,6964,58129,3,12582912,25,0,0,0
43.233943232,1779965220.5851347,6964,58130,4,12582912,43,0,0,0
43.233943232,1779965220.5851347,6964,58131,5,12582912,47,0,0,0
43.233943232,1779965220.5851347,6964,58132,6,12582912,33,0,0,0
43.233943232,1779965220.5851347,6964,58133,7,12582912,25,0,0,0
43.262709502999996,1779965220.6139007,6965,58134,0,12582912,35,0,0,0
43.262709502999996,1779965220.6139007,6965,58135,1,12582912,51,0,0,0
43.262709502999996,1779965220.6139007,6965,58136,2,12582912,52,0,0,0
43.262709502999996,1779965220.6139007,6965,58137,3,12582912,32,0,0,0
43.262709502999996,1779965220.6139007,6965,58138,4,12582912,19,0,0,0
43.262709502999996,1779965220.6139007,6965,58139,5,12582912,30,0,0,0
43.262709502999996,1779965220.6139007,6965,58140,6,12582912,46,0,0,0
43.262709502999996,1779965220.6139007,6965,58141,7,12582912,44,0,0,0
43.305063958000005,1779965220.6562545,6966,58142,0,12582912,20,0,0,0
43.305063958000005,1779965220.6562545,6966,58143,1,12582912,4,0,0,0
43.305063958000005,1779965220.6562545,6966,58144,2,12582912,18,0,0,0
43.305063958000005,1779965220.6562545,6966,58145,3,12582912,48,0,0,0
43.305063958000005,1779965220.6562545,6966,58146,4,12582912,62,0,0,0
43.305063958000005,1779965220.6562545,6966,58147,5,12582912,45,0,0,0
43.305063958000005,1779965220.6562545,6966,58148,6,12582912,28,0,0,0
43.305063958000005,1779965220.6562545,6966,58149,7,12582912,34,0,0,0
43.32656035299999,1779965220.6777515,6967,58150,0,12582912,52,0,0,0
43.32656035299999,1779965220.6777515,6967,58151,1,12582912,62,0,0,0
43.32656035299999,1779965220.6777515,6967,58152,2,12582912,45,0,0,0
43.32656035299999,1779965220.6777515,6967,58153,3,12582912,23,0,0,0
43.32656035299999,1779965220.6777515,6967,58154,4,12582912,28,0,0,0
43.32656035299999,1779965220.6777515,6967,58155,5,12582912,45,0,0,0
43.32656035299999,1779965220.6777515,6967,58156,6,12582912,49,0,0,0
43.32656035299999,1779965220.6777515,6967,58157,7,12582912,32,0,0,0
43.34885039799997,1779965220.7000446,6968,58158,0,12582912,24,0,0,0
43.34885039799997,1779965220.7000446,6968,58159,1,12582912,39,0,0,0
43.34885039799997,1779965220.7000446,6968,58160,2,12582912,56,0,0,0
43.34885039799997,1779965220.7000446,6968,58161,3,12582912,55,0,0,0
43.34885039799997,1779965220.7000446,6968,58162,4,12582912,31,0,0,0
43.34885039799997,1779965220.7000446,6968,58163,5,12582912,11,0,0,0
43.34885039799997,1779965220.7000446,6968,58164,6,12582912,10,0,0,0
43.34885039799997,1779965220.7000446,6968,58165,7,12582912,15,0,0,0
43.37803453499998,1779965220.7292268,6969,58166,0,12582912,17,0,0,0
43.37803453499998,1779965220.7292268,6969,58167,1,12582912,11,0,0,0
43.37803453499998,1779965220.7292268,6969,58168,2,12582912,8,0,0,0
43.37803453499998,1779965220.7292268,6969,58169,3,12582912,27,0,0,0
43.37803453499998,1779965220.7292268,6969,58170,4,12582912,51,0,0,0
43.37803453499998,1779965220.7292268,6969,58171,5,12582912,54,0,0,0
43.37803453499998,1779965220.7292268,6969,58172,6,12582912,32,0,0,0
43.37803453499998,1779965220.7292268,6969,58173,7,12582912,14,0,0,0
43.40980326699997,1779965220.7609954,6970,58174,0,12582912,18,0,0,0
43.40980326699997,1779965220.7609954,6970,58175,1,12582912,26,0,0,0
43.40980326699997,1779965220.7609954,6970,58176,2,12582912,24,0,0,0
43.40980326699997,1779965220.7609954,6970,58177,3,12582912,12,0,0,0
43.40980326699997,1779965220.7609954,6970,58178,4,12582912,3,0,0,0
43.40980326699997,1779965220.7609954,6970,58179,5,12582912,14,0,0,0
43.40980326699997,1779965220.7609954,6970,58180,6,12582912,38,0,0,0
43.40980326699997,1779965220.7609954,6970,58181,7,12582912,52,0,0,0
43.45635352099998,1779965220.807546,6971,58182,0,12582912,38,0,0,0
43.45635352099998,1779965220.807546,6971,58183,1,12582912,21,0,0,0
43.45635352099998,1779965220.807546,6971,58184,2,12582912,28,0,0,0
43.45635352099998,1779965220.807546,6971,58185,3,12582912,47,0,0,0
43.45635352099998,1779965220.807546,6971,58186,4,12582912,55,0,0,0
43.45635352099998,1779965220.807546,6971,58187,5,12582912,43,0,0,0
43.45635352099998,1779965220.807546,6971,58188,6,12582912,30,0,0,0
43.45635352099998,1779965220.807546,6971,58189,7,12582912,37,0,0,0
43.478983098000015,1779965220.8301752,6972,58190,0,12582912,58,0,0,0
43.478983098000015,1779965220.8301752,6972,58191,1,12582912,68,0,0,0
43.478983098000015,1779965220.8301752,6972,58192,2,12582912,45,0,0,0
43.478983098000015,1779965220.8301752,6972,58193,3,12582912,11,0,0,0
43.478983098000015,1779965220.8301752,6972,58194,4,12582912,0,0,0,0
43.478983098000015,1779965220.8301752,6972,58195,5,12582912,16,0,0,0
43.478983098000015,1779965220.8301752,6972,58196,6,12582912,34,0,0,0
43.478983098000015,1779965220.8301752,6972,58197,7,12582912,27,0,0,0
43.52281219499997,1779965220.8740041,6973,58198,0,12582912,5,0,0,0
43.52281219499997,1779965220.8740041,6973,58199,1,12582912,-2,0,0,0
43.52281219499997,1779965220.8740041,6973,58200,2,12582912,7,0,0,0
43.52281219499997,1779965220.8740041,6973,58201,3,12582912,22,0,0,0
43.52281219499997,1779965220.8740041,6973,58202,4,12582912,22,0,0,0
43.52281219499997,1779965220.8740041,6973,58203,5,12582912,9,0,0,0
43.52281219499997,1779965220.8740041,6973,58204,6,12582912,9,0,0,0
43.52281219499997,1779965220.8740041,6973,58205,7,12582912,26,0,0,0
43.574322001999974,1779965220.925514,6974,58206,0,12582912,36,0,0,0
43.574322001999974,1779965220.925514,6974,58207,1,12582912,17,0,0,0
43.574322001999974,1779965220.925514,6974,58208,2,12582912,-13,0,0,0
43.574322001999974,1779965220.925514,6974,58209,3,12582912,-19,0,0,0
43.574322001999974,1779965220.925514,6974,58210,4,12582912,5,0,0,0
43.574322001999974,1779965220.925514,6974,58211,5,12582912,30,0,0,0
43.574322001999974,1779965220.925514,6974,58212,6,12582912,28,0,0,0
43.574322001999974,1779965220.925514,6974,58213,7,12582912,11,0,0,0
43.575761591,1779965220.9269533,6975,58214,0,12582912,9,0,0,0
43.575761591,1779965220.9269533,6975,58215,1,12582912,18,0,0,0
43.575761591,1779965220.9269533,6975,58216,2,12582912,19,0,0,0
43.575761591,1779965220.9269533,6975,58217,3,12582912,3,0,0,0
43.575761591,1779965220.9269533,6975,58218,4,12582912,-12,0,0,0
43.575761591,1779965220.9269533,6975,58219,5,12582912,-3,0,0,0
43.575761591,1779965220.9269533,6975,58220,6,12582912,16,0,0,0
43.575761591,1779965220.9269533,6975,58221,7,12582912,24,0,0,0
43.59913315099999,1779965220.9503255,6976,58222,0,12582912,13,0,0,0
43.59913315099999,1779965220.9503255,6976,58223,1,12582912,2,0,0,0
43.59913315099999,1779965220.9503255,6976,58224,2,12582912,10,0,0,0
43.59913315099999,1779965220.9503255,6976,58225,3,12582912,26,0,0,0
43.59913315099999,1779965220.9503255,6976,58226,4,12582912,29,0,0,0
43.59913315099999,1779965220.9503255,6976,58227,5,12582912,10,0,0,0
43.59913315099999,1779965220.9503255,6976,58228,6,12582912,-6,0,0,0
43.59913315099999,1779965220.9503255,6976,58229,7,12582912,3,0,0,0
43.692392095,1779965221.0435843,6977,58230,0,12582912,24,0,0,0
43.692392095,1779965221.0435843,6977,58231,1,12582912,31,0,0,0
43.692392095,1779965221.0435843,6977,58232,2,12582912,15,0,0,0
43.692392095,1779965221.0435843,6977,58233,3,12582912,-2,0,0,0
43.692392095,1779965221.0435843,6977,58234,4,12582912,6,0,0,0
43.692392095,1779965221.0435843,6977,58235,5,12582912,32,0,0,0
43.692392095,1779965221.0435843,6977,58236,6,12582912,44,0,0,0
43.692392095,1779965221.0435843,6977,58237,7,12582912,29,0,0,0
43.69392538300002,1779965221.0451171,6978,58238,0,12582912,15,0,0,0
43.69392538300002,1779965221.0451171,6978,58239,1,12582912,28,0,0,0
43.69392538300002,1779965221.0451171,6978,58240,2,12582912,46,0,0,0
43.69392538300002,1779965221.0451171,6978,58241,3,12582912,45,0,0,0
43.69392538300002,1779965221.0451171,6978,58242,4,12582912,22,0,0,0
43.69392538300002,1779965221.0451171,6978,58243,5,12582912,6,0,0,0
43.69392538300002,1779965221.0451171,6978,58244,6,12582912,16,0,0,0
43.69392538300002,1779965221.0451171,6978,58245,7,12582912,33,0,0,0
43.71657074000001,1779965221.0677629,6979,58246,0,12582912,34,0,0,0
43.71657074000001,1779965221.0677629,6979,58247,1,12582912,13,0,0,0
43.71657074000001,1779965221.0677629,6979,58248,2,12582912,-3,0,0,0
43.71657074000001,1779965221.0677629,6979,58249,3,12582912,11,0,0,0
43.71657074000001,1779965221.0677629,6979,58250,4,12582912,37,0,0,0
43.71657074000001,1779965221.0677629,6979,58251,5,12582912,35,0,0,0
43.71657074000001,1779965221.0677629,6979,58252,6,12582912,3,0,0,0
43.71657074000001,1779965221.0677629,6979,58253,7,12582912,-17,0,0,0
43.73924578399999,1779965221.0904377,6980,58254,0,12582912,0,0,0,0
43.73924578399999,1779965221.0904377,6980,58255,1,12582912,22,0,0,0
43.73924578399999,1779965221.0904377,6980,58256,2,12582912,20,0,0,0
43.73924578399999,1779965221.0904377,6980,58257,3,12582912,-8,0,0,0
43.73924578399999,1779965221.0904377,6980,58258,4,12582912,-30,0,0,0
43.73924578399999,1779965221.0904377,6980,58259,5,12582912,-23,0,0,0
43.73924578399999,1779965221.0904377,6980,58260,6,12582912,-4,0,0,0
43.73924578399999,1779965221.0904377,6980,58261,7,12582912,1,0,0,0
43.76170416100001,1779965221.112895,6981,58262,0,12582912,-18,0,0,0
43.76170416100001,1779965221.112895,6981,58263,1,12582912,-33,0,0,0
43.76170416100001,1779965221.112895,6981,58264,2,12582912,-21,0,0,0
43.76170416100001,1779965221.112895,6981,58265,3,12582912,-1,0,0,0
43.76170416100001,1779965221.112895,6981,58266,4,12582912,4,0,0,0
43.76170416100001,1779965221.112895,6981,58267,5,12582912,-14,0,0,0
43.76170416100001,1779965221.112895,6981,58268,6,12582912,-31,0,0,0
43.76170416100001,1779965221.112895,6981,58269,7,12582912,-22,0,0,0
43.798906767999995,1779965221.1500976,6982,58270,0,12582912,0,0,0,0
43.798906767999995,1779965221.1500976,6982,58271,1,12582912,9,0,0,0
43.798906767999995,1779965221.1500976,6982,58272,2,12582912,-6,0,0,0
43.798906767999995,1779965221.1500976,6982,58273,3,12582912,-22,0,0,0
43.798906767999995,1779965221.1500976,6982,58274,4,12582912,-16,0,0,0
43.798906767999995,1779965221.1500976,6982,58275,5,12582912,-1,0,0,0
43.798906767999995,1779965221.1500976,6982,58276,6,12582912,6,0,0,0
43.798906767999995,1779965221.1500976,6982,58277,7,12582912,-7,0,0,0
43.83431441900001,1779965221.1855054,6983,58278,0,12582912,-21,0,0,0
43.83431441900001,1779965221.1855054,6983,58279,1,12582912,-13,0,0,0
43.83431441900001,1779965221.1855054,6983,58280,2,12582912,8,0,0,0
43.83431441900001,1779965221.1855054,6983,58281,3,12582912,21,0,0,0
43.83431441900001,1779965221.1855054,6983,58282,4,12582912,9,0,0,0
43.83431441900001,1779965221.1855054,6983,58283,5,12582912,-14,0,0,0
43.83431441900001,1779965221.1855054,6983,58284,6,12582912,-19,0,0,0
43.83431441900001,1779965221.1855054,6983,58285,7,12582912,1,0,0,0
43.87394281799999,1779965221.2251344,6984,58286,0,12582912,26,0,0,0
43.87394281799999,1779965221.2251344,6984,58287,1,12582912,30,0,0,0
43.87394281799999,1779965221.2251344,6984,58288,2,12582912,12,0,0,0
43.87394281799999,1779965221.2251344,6984,58289,3,12582912,2,0,0,0
43.87394281799999,1779965221.2251344,6984,58290,4,12582912,11,0,0,0
43.87394281799999,1779965221.2251344,6984,58291,5,12582912,19,0,0,0
43.87394281799999,1779965221.2251344,6984,58292,6,12582912,4,0,0,0
43.87394281799999,1779965221.2251344,6984,58293,7,12582912,-16,0,0,0
43.89647530999997,1779965221.2476685,6985,58294,0,12582912,-12,0,0,0
43.89647530999997,1779965221.2476685,6985,58295,1,12582912,4,0,0,0
43.89647530999997,1779965221.2476685,6985,58296,2,12582912,11,0,0,0
43.89647530999997,1779965221.2476685,6985,58297,3,12582912,-6,0,0,0
43.89647530999997,1779965221.2476685,6985,58298,4,12582912,-31,0,0,0
43.89647530999997,1779965221.2476685,6985,58299,5,12582912,-31,0,0,0
43.89647530999997,1779965221.2476685,6985,58300,6,12582912,-7,0,0,0
43.89647530999997,1779965221.2476685,6985,58301,7,12582912,12,0,0,0
43.919554731000005,1779965221.2707467,6986,58302,0,12582912,2,0,0,0
43.919554731000005,1779965221.2707467,6986,58303,1,12582912,-20,0,0,0
43.919554731000005,1779965221.2707467,6986,58304,2,12582912,-22,0,0,0
43.919554731000005,1779965221.2707467,6986,58305,3,12582912,-8,0,0,0
43.919554731000005,1779965221.2707467,6986,58306,4,12582912,2,0,0,0
43.919554731000005,1779965221.2707467,6986,58307,5,12582912,-8,0,0,0
43.919554731000005,1779965221.2707467,6986,58308,6,12582912,-26,0,0,0
43.919554731000005,1779965221.2707467,6986,58309,7,12582912,-26,0,0,0
43.95085173899997,1779965221.3020442,6987,58310,0,12582912,-9,0,0,0
43.95085173899997,1779965221.3020442,6987,58311,1,12582912,4,0,0,0
43.95085173899997,1779965221.3020442,6987,58312,2,12582912,-6,0,0,0
43.95085173899997,1779965221.3020442,6987,58313,3,12582912,-19,0,0,0
43.95085173899997,1779965221.3020442,6987,58314,4,12582912,-9,0,0,0
43.95085173899997,1779965221.3020442,6987,58315,5,12582912,9,0,0,0
43.95085173899997,1779965221.3020442,6987,58316,6,12582912,15,0,0,0
43.95085173899997,1779965221.3020442,6987,58317,7,12582912,4,0,0,0
43.994590415999994,1779965221.3457825,6988,58318,0,12582912,-3,0,0,0
43.994590415999994,1779965221.3457825,6988,58319,1,12582912,7,0,0,0
43.994590415999994,1779965221.3457825,6988,58320,2,12582912,16,0,0,0
43.994590415999994,1779965221.3457825,6988,58321,3,12582912,11,0,0,0
43.994590415999994,1779965221.3457825,6988,58322,4,12582912,-10,0,0,0
43.994590415999994,1779965221.3457825,6988,58323,5,12582912,-25,0,0,0
43.994590415999994,1779965221.3457825,6988,58324,6,12582912,-9,0,0,0
43.994590415999994,1779965221.3457825,6988,58325,7,12582912,21,0,0,0
44.017299992000005,1779965221.3684924,6989,58326,0,12582912,35,0,0,0
44.017299992000005,1779965221.3684924,6989,58327,1,12582912,24,0,0,0
44.017299992000005,1779965221.3684924,6989,58328,2,12582912,4,0,0,0
44.017299992000005,1779965221.3684924,6989,58329,3,12582912,-2,0,0,0
44.017299992000005,1779965221.3684924,6989,58330,4,12582912,2,0,0,0
44.017299992000005,1779965221.3684924,6989,58331,5,12582912,1,0,0,0
44.017299992000005,1779965221.3684924,6989,58332,6,12582912,-13,0,0,0
44.017299992000005,1779965221.3684924,6989,58333,7,12582912,-29,0,0,0
44.11488816899998,1779965221.46608,6990,58334,0,12582912,-22,0,0,0
44.11488816899998,1779965221.46608,6990,58335,1,12582912,0,0,0,0
44.11488816899998,1779965221.46608,6990,58336,2,12582912,14,0,0,0
44.11488816899998,1779965221.46608,6990,58337,3,12582912,7,0,0,0
44.11488816899998,1779965221.46608,6990,58338,4,12582912,-9,0,0,0
44.11488816899998,1779965221.46608,6990,58339,5,12582912,-7,0,0,0
44.11488816899998,1779965221.46608,6990,58340,6,12582912,8,0,0,0
44.11488816899998,1779965221.46608,6990,58341,7,12582912,13,0,0,0
44.116372549999994,1779965221.467564,6991,58342,0,12582912,-3,0,0,0
44.116372549999994,1779965221.467564,6991,58343,1,12582912,-19,0,0,0
44.116372549999994,1779965221.467564,6991,58344,2,12582912,-10,0,0,0
44.116372549999994,1779965221.467564,6991,58345,3,12582912,14,0,0,0
44.116372549999994,1779965221.467564,6991,58346,4,12582912,25,0,0,0
44.116372549999994,1779965221.467564,6991,58347,5,12582912,10,0,0,0
44.116372549999994,1779965221.467564,6991,58348,6,12582912,-9,0,0,0
44.116372549999994,1779965221.467564,6991,58349,7,12582912,-3,0,0,0
44.11775057699998,1779965221.4689415,6992,58350,0,12582912,17,0,0,0
44.11775057699998,1779965221.4689415,6992,58351,1,12582912,26,0,0,0
44.11775057699998,1779965221.4689415,6992,58352,2,12582912,13,0,0,0
44.11775057699998,1779965221.4689415,6992,58353,3,12582912,-6,0,0,0
44.11775057699998,1779965221.4689415,6992,58354,4,12582912,-5,0,0,0
44.11775057699998,1779965221.4689415,6992,58355,5,12582912,10,0,0,0
44.11775057699998,1779965221.4689415,6992,58356,6,12582912,20,0,0,0
44.11775057699998,1779965221.4689415,6992,58357,7,12582912,5,0,0,0
44.16143081500002,1779965221.512623,6993,58358,0,12582912,-16,0,0,0
44.16143081500002,1779965221.512623,6993,58359,1,12582912,-12,0,0,0
44.16143081500002,1779965221.512623,6993,58360,2,12582912,8,0,0,0
44.16143081500002,1779965221.512623,6993,58361,3,12582912,17,0,0,0
44.16143081500002,1779965221.512623,6993,58362,4,12582912,7,0,0,0
44.16143081500002,1779965221.512623,6993,58363,5,12582912,-5,0,0,0
44.16143081500002,1779965221.512623,6993,58364,6,12582912,2,0,0,0
44.16143081500002,1779965221.512623,6993,58365,7,12582912,23,0,0,0
44.22421603099997,1779965221.5754082,6994,58366,0,12582912,37,0,0,0
44.22421603099997,1779965221.5754082,6994,58367,1,12582912,23,0,0,0
44.22421603099997,1779965221.5754082,6994,58368,2,12582912,0,0,0,0
44.22421603099997,1779965221.5754082,6994,58369,3,12582912,-1,0,0,0
44.22421603099997,1779965221.5754082,6994,58370,4,12582912,13,0,0,0
44.22421603099997,1779965221.5754082,6994,58371,5,12582912,21,0,0,0
44.22421603099997,1779965221.5754082,6994,58372,6,12582912,14,0,0,0
44.22421603099997,1779965221.5754082,6994,58373,7,12582912,7,0,0,0
44.22568140200002,1779965221.576872,6995,58374,0,12582912,19,0,0,0
44.22568140200002,1779965221.576872,6995,58375,1,12582912,35,0,0,0
44.22568140200002,1779965221.576872,6995,58376,2,12582912,35,0,0,0
44.22568140200002,1779965221.576872,6995,58377,3,12582912,16,0,0,0
44.22568140200002,1779965221.576872,6995,58378,4,12582912,-2,0,0,0
44.22568140200002,1779965221.576872,6995,58379,5,12582912,0,0,0,0
44.22568140200002,1779965221.576872,6995,58380,6,12582912,16,0,0,0
44.22568140200002,1779965221.576872,6995,58381,7,12582912,22,0,0,0
44.24827514399999,1779965221.5994673,6996,58382,0,12582912,5,0,0,0
44.24827514399999,1779965221.5994673,6996,58383,1,12582912,-11,0,0,0
44.24827514399999,1779965221.5994673,6996,58384,2,12582912,-2,0,0,0
44.24827514399999,1779965221.5994673,6996,58385,3,12582912,17,0,0,0
44.24827514399999,1779965221.5994673,6996,58386,4,12582912,18,0,0,0
44.24827514399999,1779965221.5994673,6996,58387,5,12582912,2,0,0,0
44.24827514399999,1779965221.5994673,6996,58388,6,12582912,-8,0,0,0
44.24827514399999,1779965221.5994673,6996,58389,7,12582912,3,0,0,0
44.27088602200001,1779965221.622078,6997,58390,0,12582912,23,0,0,0
44.27088602200001,1779965221.622078,6997,58391,1,12582912,24,0,0,0
44.27088602200001,1779965221.622078,6997,58392,2,12582912,-4,0,0,0
44.27088602200001,1779965221.622078,6997,58393,3,12582912,-27,0,0,0
44.27088602200001,1779965221.622078,6997,58394,4,12582912,-12,0,0,0
44.27088602200001,1779965221.622078,6997,58395,5,12582912,20,0,0,0
44.27088602200001,1779965221.622078,6997,58396,6,12582912,34,0,0,0
44.27088602200001,1779965221.622078,6997,58397,7,12582912,21,0,0,0
44.337670421999974,1779965221.6888626,6998,58398,0,12582912,2,0,0,0
44.337670421999974,1779965221.6888626,6998,58399,1,12582912,3,0,0,0
44.337670421999974,1779965221.6888626,6998,58400,2,12582912,17,0,0,0
44.337670421999974,1779965221.6888626,6998,58401,3,12582912,20,0,0,0
44.337670421999974,1779965221.6888626,6998,58402,4,12582912,3,0,0,0
44.337670421999974,1779965221.6888626,6998,58403,5,12582912,-13,0,0,0
44.337670421999974,1779965221.6888626,6998,58404,6,12582912,-4,0,0,0
44.337670421999974,1779965221.6888626,6998,58405,7,12582912,19,0,0,0
44.339112355,1779965221.6903033,6999,58406,0,12582912,29,0,0,0
44.339112355,1779965221.6903033,6999,58407,1,12582912,11,0,0,0
44.339112355,1779965221.6903033,6999,58408,2,12582912,-14,0,0,0
44.339112355,1779965221.6903033,6999,58409,3,12582912,-13,0,0,0
44.339112355,1779965221.6903033,6999,58410,4,12582912,10,0,0,0
44.339112355,1779965221.6903033,6999,58411,5,12582912,28,0,0,0
44.339112355,1779965221.6903033,6999,58412,6,12582912,21,0,0,0
44.339112355,1779965221.6903033,6999,58413,7,12582912,6,0,0,0
44.382721550999975,1779965221.7339137,7000,58414,0,12582912,10,0,0,0
44.382721550999975,1779965221.7339137,7000,58415,1,12582912,28,0,0,0
44.382721550999975,1779965221.7339137,7000,58416,2,12582912,38,0,0,0
44.382721550999975,1779965221.7339137,7000,58417,3,12582912,22,0,0,0
44.382721550999975,1779965221.7339137,7000,58418,4,12582912,-4,0,0,0
44.382721550999975,1779965221.7339137,7000,58419,5,12582912,-9,0,0,0
44.382721550999975,1779965221.7339137,7000,58420,6,12582912,11,0,0,0
44.382721550999975,1779965221.7339137,7000,58421,7,12582912,27,0,0,0
44.40576164999999,1779965221.7569537,7001,58422,0,12582912,19,0,0,0
44.40576164999999,1779965221.7569537,7001,58423,1,12582912,1,0,0,0
44.40576164999999,1779965221.7569537,7001,58424,2,12582912,3,0,0,0
44.40576164999999,1779965221.7569537,7001,58425,3,12582912,24,0,0,0
44.40576164999999,1779965221.7569537,7001,58426,4,12582912,41,0,0,0
44.40576164999999,1779965221.7569537,7001,58427,5,12582912,34,0,0,0
44.40576164999999,1779965221.7569537,7001,58428,6,12582912,14,0,0,0
44.40576164999999,1779965221.7569537,7001,58429,7,12582912,9,0,0,0
44.469213638999975,1779965221.8204045,7002,58430,0,12582912,23,0,0,0
44.469213638999975,1779965221.8204045,7002,58431,1,12582912,48,0,0,0
44.469213638999975,1779965221.8204045,7002,58432,2,12582912,60,0,0,0
44.469213638999975,1779965221.8204045,7002,58433,3,12582912,50,0,0,0
44.469213638999975,1779965221.8204045,7002,58434,4,12582912,39,0,0,0
44.469213638999975,1779965221.8204045,7002,58435,5,12582912,43,0,0,0
44.469213638999975,1779965221.8204045,7002,58436,6,12582912,53,0,0,0
44.469213638999975,1779965221.8204045,7002,58437,7,12582912,43,0,0,0
44.46975838100002,1779965221.8209488,7003,58438,0,12582912,17,0,0,0
44.46975838100002,1779965221.8209488,7003,58439,1,12582912,5,0,0,0
44.46975838100002,1779965221.8209488,7003,58440,2,12582912,16,0,0,0
44.46975838100002,1779965221.8209488,7003,58441,3,12582912,35,0,0,0
44.46975838100002,1779965221.8209488,7003,58442,4,12582912,39,0,0,0
44.46975838100002,1779965221.8209488,7003,58443,5,12582912,25,0,0,0
44.46975838100002,1779965221.8209488,7003,58444,6,12582912,16,0,0,0
44.46975838100002,1779965221.8209488,7003,58445,7,12582912,25,0,0,0
44.512461168000016,1779965221.8636532,7004,58446,0,12582912,42,0,0,0
44.512461168000016,1779965221.8636532,7004,58447,1,12582912,41,0,0,0
44.512461168000016,1779965221.8636532,7004,58448,2,12582912,19,0,0,0
44.512461168000016,1779965221.8636532,7004,58449,3,12582912,9,0,0,0
44.512461168000016,1779965221.8636532,7004,58450,4,12582912,21,0,0,0
44.512461168000016,1779965221.8636532,7004,58451,5,12582912,39,0,0,0
44.512461168000016,1779965221.8636532,7004,58452,6,12582912,37,0,0,0
44.512461168000016,1779965221.8636532,7004,58453,7,12582912,18,0,0,0
44.550963728,1779965221.9021566,7005,58454,0,12582912,10,0,0,0
44.550963728,1779965221.9021566,7005,58455,1,12582912,23,0,0,0
44.550963728,1779965221.9021566,7005,58456,2,12582912,37,0,0,0
44.550963728,1779965221.9021566,7005,58457,3,12582912,32,0,0,0
44.550963728,1779965221.9021566,7005,58458,4,12582912,16,0,0,0
44.550963728,1779965221.9021566,7005,58459,5,12582912,13,0,0,0
44.550963728,1779965221.9021566,7005,58460,6,12582912,22,0,0,0
44.550963728,1779965221.9021566,7005,58461,7,12582912,34,0,0,0
44.602100925,1779965221.953293,7006,58462,0,12582912,33,0,0,0
44.602100925,1779965221.953293,7006,58463,1,12582912,17,0,0,0
44.602100925,1779965221.953293,7006,58464,2,12582912,12,0,0,0
44.602100925,1779965221.953293,7006,58465,3,12582912,26,0,0,0
44.602100925,1779965221.953293,7006,58466,4,12582912,44,0,0,0
44.602100925,1779965221.953293,7006,58467,5,12582912,42,0,0,0
44.602100925,1779965221.953293,7006,58468,6,12582912,24,0,0,0
44.602100925,1779965221.953293,7006,58469,7,12582912,18,0,0,0
44.60353494200001,1779965221.954727,7007,58470,0,12582912,30,0,0,0
44.60353494200001,1779965221.954727,7007,58471,1,12582912,44,0,0,0
44.60353494200001,1779965221.954727,7007,58472,2,12582912,44,0,0,0
44.60353494200001,1779965221.954727,7007,58473,3,12582912,35,0,0,0
44.60353494200001,1779965221.954727,7007,58474,4,12582912,32,0,0,0
44.60353494200001,1779965221.954727,7007,58475,5,12582912,37,0,0,0
44.60353494200001,1779965221.954727,7007,58476,6,12582912,44,0,0,0
44.60353494200001,1779965221.954727,7007,58477,7,12582912,41,0,0,0
44.626126287999966,1779965221.977318,7008,58478,0,12582912,25,0,0,0
44.626126287999966,1779965221.977318,7008,58479,1,12582912,16,0,0,0
44.626126287999966,1779965221.977318,7008,58480,2,12582912,25,0,0,0
44.626126287999966,1779965221.977318,7008,58481,3,12582912,35,0,0,0
44.626126287999966,1779965221.977318,7008,58482,4,12582912,23,0,0,0
44.626126287999966,1779965221.977318,7008,58483,5,12582912,5,0,0,0
44.626126287999966,1779965221.977318,7008,58484,6,12582912,10,0,0,0
44.626126287999966,1779965221.977318,7008,58485,7,12582912,30,0,0,0
44.669737827000006,1779965222.0209289,7009,58486,0,12582912,42,0,0,0
44.669737827000006,1779965222.0209289,7009,58487,1,12582912,27,0,0,0
44.669737827000006,1779965222.0209289,7009,58488,2,12582912,0,0,0,0
44.669737827000006,1779965222.0209289,7009,58489,3,12582912,1,0,0,0
44.669737827000006,1779965222.0209289,7009,58490,4,12582912,21,0,0,0
44.669737827000006,1779965222.0209289,7009,58491,5,12582912,39,0,0,0
44.669737827000006,1779965222.0209289,7009,58492,6,12582912,36,0,0,0
44.669737827000006,1779965222.0209289,7009,58493,7,12582912,21,0,0,0
44.712738892999994,1779965222.0639312,7010,58494,0,12582912,17,0,0,0
44.712738892999994,1779965222.0639312,7010,58495,1,12582912,24,0,0,0
44.712738892999994,1779965222.0639312,7010,58496,2,12582912,31,0,0,0
44.712738892999994,1779965222.0639312,7010,58497,3,12582912,27,0,0,0
44.712738892999994,1779965222.0639312,7010,58498,4,12582912,15,0,0,0
44.712738892999994,1779965222.0639312,7010,58499,5,12582912,14,0,0,0
44.712738892999994,1779965222.0639312,7010,58500,6,12582912,22,0,0,0
44.712738892999994,1779965222.0639312,7010,58501,7,12582912,163,0,0,0
44.75046269699999,1779965222.1016545,7011,58502,0,12582912,482,0,-13623,5089
44.75046269699999,1779965222.1016545,7011,58503,1,12582912,340,93,-35791,9753
44.75046269699999,1779965222.1016545,7011,58504,2,12582912,-264,245,-33929,3171
44.75046269699999,1779965222.1016545,7011,58505,3,12582912,-220,232,-15817,-3103
44.75046269699999,1779965222.1016545,7011,58506,4,12582912,346,108,-4087,-2676
44.75046269699999,1779965222.1016545,7011,58507,5,12582912,379,28,2855,-2153
44.75046269699999,1779965222.1016545,7011,58508,6,12582912,-158,-20,6631,-1719
44.75046269699999,1779965222.1016545,7011,58509,7,12582912,-465,-45,5337,-233
44.77351518900002,1779965222.1247072,7012,58510,0,12582912,-290,-36,410,1264
44.77351518900002,1779965222.1247072,7012,58511,1,12582912,-135,-3,-2530,1054
44.77351518900002,1779965222.1247072,7012,58512,2,12582912,-96,17,-444,-506
44.77351518900002,1779965222.1247072,7012,58513,3,12582912,44,3,3303,-1352
44.77351518900002,1779965222.1247072,7012,58514,4,12582912,195,-23,3684,-499
44.77351518900002,1779965222.1247072,7012,58515,5,12582912,156,-25,589,758
44.77351518900002,1779965222.1247072,7012,58516,6,12582912,-31,-4,-1554,737
44.77351518900002,1779965222.1247072,7012,58517,7,12582912,-125,11,-35,-400
44.83398513100002,1779965222.1851773,7013,58518,0,12582912,-62,0,2767,-1043
44.83398513100002,1779965222.1851773,7013,58519,1,12582912,-151,-19,3018,-393
44.83398513100002,1779965222.1851773,7013,58520,2,12582912,-496,-21,618,571
44.83398513100002,1779965222.1851773,7013,58521,3,12582912,-537,-4,-1034,551
44.83398513100002,1779965222.1851773,7013,58522,4,12582912,18,7,145,-329
44.83398513100002,1779965222.1851773,7013,58523,5,12582912,543,-1,2313,-826
44.83398513100002,1779965222.1851773,7013,58524,6,12582912,394,-16,2506,-322
44.83398513100002,1779965222.1851773,7013,58525,7,12582912,-170,-17,646,424
44.952289377,1779965222.3034816,7014,58526,0,12582912,-229,-4,-636,409
44.952289377,1779965222.3034816,7014,58527,1,12582912,351,4,275,-271
44.952289377,1779965222.3034816,7014,58528,2,12582912,504,-2,1951,-656
44.952289377,1779965222.3034816,7014,58529,3,12582912,-136,-13,2098,-266
44.952289377,1779965222.3034816,7014,58530,4,12582912,-599,-14,657,312
44.952289377,1779965222.3034816,7014,58531,5,12582912,-211,-4,-337,300
44.952289377,1779965222.3034816,7014,58532,6,12582912,478,2,366,-226
44.952289377,1779965222.3034816,7014,58533,7,12582912,544,-3,1661,-523
44.962298481000005,1779965222.313491,7015,58534,0,12582912,77,-11,1772,-221
44.962298481000005,1779965222.313491,7015,58535,1,12582912,10,-12,655,226
44.962298481000005,1779965222.313491,7015,58536,2,12582912,484,-4,-115,217
44.962298481000005,1779965222.313491,7015,58537,3,12582912,616,1,427,-190
44.962298481000005,1779965222.313491,7015,58538,4,12582912,41,-3,1427,-420
44.962298481000005,1779965222.313491,7015,58539,5,12582912,-511,-10,1511,-186
44.962298481000005,1779965222.313491,7015,58540,6,12582912,-325,-10,645,160
44.962298481000005,1779965222.313491,7015,58541,7,12582912,304,-4,47,154
44.96378093499999,1779965222.314972,7016,58542,0,12582912,445,0,465,-161
44.96378093499999,1779965222.314972,7016,58543,1,12582912,3,-3,1237,-339
44.96378093499999,1779965222.314972,7016,58544,2,12582912,-102,-8,1301,-157
44.96378093499999,1779965222.314972,7016,58545,3,12582912,311,-9,629,110
44.96378093499999,1779965222.314972,7016,58546,4,12582912,456,-4,165,106
44.96378093499999,1779965222.314972,7016,58547,5,12582912,26,-1,486,-138
44.96378093499999,1779965222.314972,7016,58548,6,12582912,-405,-3,1082,-275
44.96378093499999,1779965222.314972,7016,58549,7,12582912,-266,-7,1130,-135
44.96525432699997,1779965222.3164454,7017,58550,0,12582912,57,-8,609,73
44.96525432699997,1779965222.3164454,7017,58551,1,12582912,-116,-4,248,69
44.96525432699997,1779965222.3164454,7017,58552,2,12582912,-426,-2,495,-119
44.96525432699997,1779965222.3164454,7017,58553,3,12582912,-196,-3,955,-225
44.96525432699997,1779965222.3164454,7017,58554,4,12582912,336,-7,991,-116
44.96525432699997,1779965222.3164454,7017,58555,5,12582912,453,-7,586,44
44.96525432699997,1779965222.3164454,7017,58556,6,12582912,18,-4,305,42
44.96525432699997,1779965222.3164454,7017,58557,7,12582912,-358,-2,495,-104
44.98784603600001,1779965222.339038,7018,58558,0,12582912,-193,-3,849,-186
44.98784603600001,1779965222.339038,7018,58559,1,12582912,251,-6,875,-101
44.98784603600001,1779965222.339038,7018,58560,2,12582912,366,-6,561,23
44.98784603600001,1779965222.339038,7018,58561,3,12582912,35,-4,342,21
44.98784603600001,1779965222.339038,7018,58562,4,12582912,-270,-2,488,-91
44.98784603600001,1779965222.339038,7018,58563,5,12582912,-162,-3,761,-155
44.98784603600001,1779965222.339038,7018,58564,6,12582912,176,-5,780,-89
44.98784603600001,1779965222.339038,7018,58565,7,12582912,279,-5,535,7
45.031633511999985,1779965222.3828254,7019,58566,0,12582912,155,-4,365,6
45.031633511999985,1779965222.3828254,7019,58567,1,12582912,269,-2,476,-81
45.031633511999985,1779965222.3828254,7019,58568,2,12582912,560,-3,686,-130
45.031633511999985,1779965222.3828254,7019,58569,3,12582912,425,-5,699,-79
45.031633511999985,1779965222.3828254,7019,58570,4,12582912,-157,-5,509,-4
45.031633511999985,1779965222.3828254,7019,58571,5,12582912,-485,-3,376,-5
45.031633511999985,1779965222.3828254,7019,58572,6,12582912,-168,-3,461,-72
45.031633511999985,1779965222.3828254,7019,58573,7,12582912,333,-3,622,-110
45.075385622,1779965222.4265778,7020,58574,0,12582912,284,-4,631,-71
45.075385622,1779965222.4265778,7020,58575,1,12582912,-149,-4,483,-13
45.075385622,1779965222.4265778,7020,58576,2,12582912,-67,-3,379,-13
45.075385622,1779965222.4265778,7020,58577,3,12582912,466,-3,443,-65
45.075385622,1779965222.4265778,7020,58578,4,12582912,527,-3,567,-94
45.075385622,1779965222.4265778,7020,58579,5,12582912,-65,-4,573,-64
45.075385622,1779965222.4265778,7020,58580,6,12582912,-524,-4,457,-19
45.075385622,1779965222.4265778,7020,58581,7,12582912,-261,-3,376,-19
45.09811280100001,1779965222.4493048,7021,58582,0,12582912,154,-3,425,-59
45.09811280100001,1779965222.4493048,7021,58583,1,12582912,-87,-3,519,-81
45.09811280100001,1779965222.4493048,7021,58584,2,12582912,-534,-4,523,-57
45.09811280100001,1779965222.4493048,7021,58585,3,12582912,-324,-4,432,-23
45.09811280100001,1779965222.4493048,7021,58586,4,12582912,339,-3,368,-23
45.09811280100001,1779965222.4493048,7021,58587,5,12582912,565,-3,405,-54
45.09811280100001,1779965222.4493048,7021,58588,6,12582912,85,-3,478,-71
45.09811280100001,1779965222.4493048,7021,58589,7,12582912,-413,-3,479,-52
45.164986570999986,1779965222.5161784,7022,58590,0,12582912,-309,-3,408,-25
45.164986570999986,1779965222.5161784,7022,58591,1,12582912,6,-3,358,-25
45.164986570999986,1779965222.5161784,7022,58592,2,12582912,-155,-2,386,-49
45.164986570999986,1779965222.5161784,7022,58593,3,12582912,-479,-3,441,-62
45.164986570999986,1779965222.5161784,7022,58594,4,12582912,-272,-3,441,-48
45.164986570999986,1779965222.5161784,7022,58595,5,12582912,303,-3,385,-27
45.164986570999986,1779965222.5161784,7022,58596,6,12582912,496,-3,345,-27
45.164986570999986,1779965222.5161784,7022,58597,7,12582912,75,-2,366,-45
45.16647235900001,1779965222.5176635,7023,58598,0,12582912,-205,-3,408,-55
45.16647235900001,1779965222.5176635,7023,58599,1,12582912,151,-3,407,-44
45.16647235900001,1779965222.5176635,7023,58600,2,12582912,398,-3,363,-27
45.16647235900001,1779965222.5176635,7023,58601,3,12582912,2,-2,331,-27
45.16647235900001,1779965222.5176635,7023,58602,4,12582912,-432,-2,347,-41
45.16647235900001,1779965222.5176635,7023,58603,5,12582912,-265,-2,378,-49
45.16647235900001,1779965222.5176635,7023,58604,6,12582912,261,-3,377,-40
45.16647235900001,1779965222.5176635,7023,58605,7,12582912,428,-3,342,-28
45.22624083799997,1779965222.5774329,7024,58606,0,12582912,156,-2,317,-27
45.22624083799997,1779965222.5774329,7024,58607,1,12582912,117,-2,328,-38
45.22624083799997,1779965222.5774329,7024,58608,2,12582912,464,-2,351,-44
45.22624083799997,1779965222.5774329,7024,58609,3,12582912,513,-2,350,-37
45.22624083799997,1779965222.5774329,7024,58610,4,12582912,-7,-2,322,-27
45.22624083799997,1779965222.5774329,7024,58611,5,12582912,-462,-2,302,-27
45.22624083799997,1779965222.5774329,7024,58612,6,12582912,-280,-2,310,-35
45.22624083799997,1779965222.5774329,7024,58613,7,12582912,257,-2,327,-40
45.27355911000001,1779965222.62475,7025,58614,0,12582912,422,-2,-19891,-35
45.27355911000001,1779965222.62475,7025,58615,1,12582912,145,-2,-52817,-27
45.27355911000001,1779965222.62475,7025,58616,2,12582912,103,-2,-50082,-27
45.27355911000001,1779965222.62475,7025,58617,3,12582912,453,-2,-23199,-33
45.27355911000001,1779965222.62475,7025,58618,4,12582912,506,-2,-5768,-36
45.27355911000001,1779965222.62475,7025,58619,5,12582912,-19,-2,4537,-32
45.27355911000001,1779965222.62475,7025,58620,6,12582912,-487,-2,10126,-26
45.27355911000001,1779965222.62475,7025,58621,7,12582912,-304,-2,8195,-26
45.295259096999985,1779965222.6464515,7026,58622,0,12582912,250,-13625,6001,-31
45.295259096999985,1779965222.6464515,7026,58623,1,12582912,339,-35798,9970,-33
45.295259096999985,1779965222.6464515,7026,58624,2,12582912,-95,-33944,12365,-30
45.295259096999985,1779965222.6464515,7026,58625,3,12582912,-149,-15832,11113,-25
45.295259096999985,1779965222.6464515,7026,58626,4,12582912,318,-4094,7262,-25
45.295259096999985,1779965222.6464515,7026,58627,5,12582912,472,2852,64,-29
45.295259096999985,1779965222.6464515,7026,58628,6,12582912,11,6630,-4530,-31
45.295259096999985,1779965222.6464515,7026,58629,7,12582912,-443,5337,-1794,-28
45.31825263100001,1779965222.6694448,7027,58630,0,12582912,-307,410,4204,-24
45.31825263100001,1779965222.6694448,7027,58631,1,12582912,20,-2531,5674,-24
45.31825263100001,1779965222.6694448,7027,58632,2,12582912,-164,-447,1331,-27
45.31825263100001,1779965222.6694448,7027,58633,3,12582912,-530,3301,-2526,-28
45.31825263100001,1779965222.6694448,7027,58634,4,12582912,-328,3683,-922,-26
45.31825263100001,1779965222.6694448,7027,58635,5,12582912,289,589,3449,-23
45.31825263100001,1779965222.6694448,7027,58636,6,12582912,520,-1556,4533,-23
45.31825263100001,1779965222.6694448,7027,58637,7,12582912,93,-37,1203,-25
45.383039516999986,1779965222.7342315,7028,58638,0,12582912,-219,2765,-1749,-26
45.383039516999986,1779965222.7342315,7028,58639,1,12582912,131,3018,-495,-24
45.383039516999986,1779965222.7342315,7028,58640,2,12582912,411,618,2885,-22
45.383039516999986,1779965222.7342315,7028,58641,3,12582912,29,-1036,3719,-22
45.383039516999986,1779965222.7342315,7028,58642,4,12582912,-451,143,1137,-23
45.383039516999986,1779965222.7342315,7028,58643,5,12582912,-337,2312,-1150,-24
45.383039516999986,1779965222.7342315,7028,58644,6,12582912,202,2505,-182,-23
45.383039516999986,1779965222.7342315,7028,58645,7,12582912,431,645,2431,-21
45.384032386,1779965222.7352235,7029,58646,0,12582912,186,-637,3073,-21
45.384032386,1779965222.7352235,7029,58647,1,12582912,104,274,1074,-22
45.384032386,1779965222.7352235,7029,58648,2,12582912,424,1950,-699,-22
45.384032386,1779965222.7352235,7029,58649,3,12582912,510,2097,48,-21
45.384032386,1779965222.7352235,7029,58650,4,12582912,20,656,2067,-20
45.384032386,1779965222.7352235,7029,58651,5,12582912,-468,-338,2562,-20
45.384032386,1779965222.7352235,7029,58652,6,12582912,-337,364,1012,-20
45.384032386,1779965222.7352235,7029,58653,7,12582912,196,1659,-361,-21
45.44586858299999,1779965222.7970603,7030,58654,0,12582912,319,1772,214,-20
45.44586858299999,1779965222.7970603,7030,58655,1,12582912,-78,655,1775,-19
45.44586858299999,1779965222.7970603,7030,58656,2,12582912,-138,-116,2155,-18
45.44586858299999,1779965222.7970603,7030,58657,3,12582912,311,425,954,-19
45.44586858299999,1779965222.7970603,7030,58658,4,12582912,472,1426,-111,-19
45.44586858299999,1779965222.7970603,7030,58659,5,12582912,22,1511,332,-19
45.44586858299999,1779965222.7970603,7030,58660,6,12582912,-439,645,1538,-18
45.44586858299999,1779965222.7970603,7030,58661,7,12582912,-306,46,1830,-17
45.467814352000005,1779965222.8190062,7031,58662,0,12582912,37,464,898,-18
45.467814352000005,1779965222.8190062,7031,58663,1,12582912,-142,1236,72,-18
45.467814352000005,1779965222.8190062,7031,58664,2,12582912,-530,1300,413,-17
45.467814352000005,1779965222.8190062,7031,58665,3,12582912,-348,629,1344,-17
45.467814352000005,1779965222.8190062,7031,58666,4,12582912,270,164,1568,-16
45.467814352000005,1779965222.8190062,7031,58667,5,12582912,519,485,846,-17
45.467814352000005,1779965222.8190062,7031,58668,6,12582912,103,1081,205,-17
45.467814352000005,1779965222.8190062,7031,58669,7,12582912,-379,1130,466,-16
45.498361510999985,1779965222.8495538,7032,58670,0,12582912,-298,608,1185,-16
45.498361510999985,1779965222.8495538,7032,58671,1,12582912,24,247,1357,-16
45.498361510999985,1779965222.8495538,7032,58672,2,12582912,-126,494,796,-16
45.498361510999985,1779965222.8495538,7032,58673,3,12582912,-477,954,298,-16
45.498361510999985,1779965222.8495538,7032,58674,4,12582912,-305,990,499,-15
45.498361510999985,1779965222.8495538,7032,58675,5,12582912,269,585,1053,-15
45.498361510999985,1779965222.8495538,7032,58676,6,12582912,491,304,1184,-15
45.498361510999985,1779965222.8495538,7032,58677,7,12582912,91,494,748,-15
45.542411071000004,1779965222.8936033,7033,58678,0,12582912,-194,848,362,-15
45.542411071000004,1779965222.8936033,7033,58679,1,12582912,171,875,515,-14
45.542411071000004,1779965222.8936033,7033,58680,2,12582912,458,560,943,-14
45.542411071000004,1779965222.8936033,7033,58681,3,12582912,66,342,1043,-14
45.542411071000004,1779965222.8936033,7033,58682,4,12582912,-436,487,704,-14
45.542411071000004,1779965222.8936033,7033,58683,5,12582912,-332,760,403,-14
45.542411071000004,1779965222.8936033,7033,58684,6,12582912,218,779,520,-14
45.542411071000004,1779965222.8936033,7033,58685,7,12582912,456,534,849,-13
45.56527449999999,1779965222.9164667,7034,58686,0,12582912,195,364,925,-13
45.56527449999999,1779965222.9164667,7034,58687,1,12582912,93,475,662,-13
45.56527449999999,1779965222.9164667,7034,58688,2,12582912,429,685,427,-13
45.56527449999999,1779965222.9164667,7034,58689,3,12582912,556,699,517,-13
45.56527449999999,1779965222.9164667,7034,58690,4,12582912,81,508,770,-12
45.56527449999999,1779965222.9164667,7034,58691,5,12582912,-440,375,827,-12
45.56527449999999,1779965222.9164667,7034,58692,6,12582912,-350,460,622,-12
45.56527449999999,1779965222.9164667,7034,58693,7,12582912,185,621,439,-12
45.60379111999998,1779965222.9549835,7035,58694,0,12582912,332,631,507,-12
45.60379111999998,1779965222.9549835,7035,58695,1,12582912,-72,482,702,-12
45.60379111999998,1779965222.9549835,7035,58696,2,12582912,-163,378,745,-11
45.60379111999998,1779965222.9549835,7035,58697,3,12582912,290,443,584,-11
45.60379111999998,1779965222.9549835,7035,58698,4,12582912,501,567,442,-11
45.60379111999998,1779965222.9549835,7035,58699,5,12582912,84,573,493,-11
45.60379111999998,1779965222.9549835,7035,58700,6,12582912,-402,457,642,-11
45.60379111999998,1779965222.9549835,7035,58701,7,12582912,-321,375,674,-11
45.81463813900001,1779965223.1658294,7036,58702,0,12582912,15,424,549,-11
45.81463813900001,1779965223.1658294,7036,58703,1,12582912,-122,519,438,-11
45.81463813900001,1779965223.1658294,7036,58704,2,12582912,-494,523,476,-10
45.81463813900001,1779965223.1658294,7036,58705,3,12582912,-339,432,590,-10
45.81463813900001,1779965223.1658294,7036,58706,4,12582912,288,368,614,-10
45.81463813900001,1779965223.1658294,7036,58707,5,12582912,607,405,516,-10
45.81463813900001,1779965223.1658294,7036,58708,6,12582912,243,477,429,-10
45.81463813900001,1779965223.1658294,7036,58709,7,12582912,-274,479,457,-10
45.85090323600002,1779965223.2020946,7037,58710,0,12582912,-243,408,545,-10
45.85090323600002,1779965223.2020946,7037,58711,1,12582912,106,357,562,-10
45.85090323600002,1779965223.2020946,7037,58712,2,12582912,-3,385,485,-9
45.85090323600002,1779965223.2020946,7037,58713,3,12582912,-393,440,416,-9
45.85090323600002,1779965223.2020946,7037,58714,4,12582912,-292,441,437,-9
45.85090323600002,1779965223.2020946,7037,58715,5,12582912,281,385,504,-9
45.85090323600002,1779965223.2020946,7037,58716,6,12582912,575,345,516,-9
45.85090323600002,1779965223.2020946,7037,58717,7,12582912,221,365,455,-9
45.89651024699998,1779965223.2477028,7038,58718,0,12582912,-92,407,401,-9
45.89651024699998,1779965223.2477028,7038,58719,1,12582912,249,407,417,-9
45.89651024699998,1779965223.2477028,7038,58720,2,12582912,576,363,467,-9
45.89651024699998,1779965223.2477028,7038,58721,3,12582912,210,331,476,-8
45.89651024699998,1779965223.2477028,7038,58722,4,12582912,-359,346,428,-8
45.89651024699998,1779965223.2477028,7038,58723,5,12582912,-347,378,385,-8
45.89651024699998,1779965223.2477028,7038,58724,6,12582912,203,377,396,-8
45.89651024699998,1779965223.2477028,7038,58725,7,12582912,526,342,434,-8
45.94094600300002,1779965223.2921388,7039,58726,0,12582912,289,316,440,-8
45.94094600300002,1779965223.2921388,7039,58727,1,12582912,112,327,402,-8
45.94094600300002,1779965223.2921388,7039,58728,2,12582912,421,351,368,-8
45.94094600300002,1779965223.2921388,7039,58729,3,12582912,618,349,375,-8
45.94094600300002,1779965223.2921388,7039,58730,4,12582912,184,322,404,-8
45.94094600300002,1779965223.2921388,7039,58731,5,12582912,-389,301,408,-7
45.94094600300002,1779965223.2921388,7039,58732,6,12582912,-366,309,377,-7
45.94094600300002,1779965223.2921388,7039,58733,7,12582912,184,327,350,-7
45.96376411799997,1779965223.3149564,7040,58734,0,12582912,385,325,355,-7
45.96376411799997,1779965223.3149564,7040,58735,1,12582912,-38,303,377,-7
45.96376411799997,1779965223.3149564,7040,58736,2,12582912,-190,286,379,-7
45.96376411799997,1779965223.3149564,7040,58737,3,12582912,269,292,354,-7
45.96376411799997,1779965223.3149564,7040,58738,4,12582912,556,305,333,-7
45.96376411799997,1779965223.3149564,7040,58739,5,12582912,179,303,336,-7
45.96376411799997,1779965223.3149564,7040,58740,6,12582912,-361,285,352,-7
45.96376411799997,1779965223.3149564,7040,58741,7,12582912,-350,272,352,-7
46.06243119099997,1779965223.4136229,7041,58742,0,12582912,9,275,333,-6
46.06243119099997,1779965223.4136229,7041,58743,1,12582912,-59,284,315,-6
46.06243119099997,1779965223.4136229,7041,58744,2,12582912,-448,282,317,-6
46.06243119099997,1779965223.4136229,7041,58745,3,12582912,-374,268,329,-6
46.06243119099997,1779965223.4136229,7041,58746,4,12582912,227,257,328,-6
46.06243119099997,1779965223.4136229,7041,58747,5,12582912,586,259,313,-6
46.06243119099997,1779965223.4136229,7041,58748,6,12582912,247,266,298,-6
46.06243119099997,1779965223.4136229,7041,58749,7,12582912,-304,264,299,-6
46.063264945000014,1779965223.4144568,7042,58750,0,12582912,-297,252,307,-6
46.063264945000014,1779965223.4144568,7042,58751,1,12582912,98,243,306,-6
46.063264945000014,1779965223.4144568,7042,58752,2,12582912,30,244,294,-6
46.063264945000014,1779965223.4144568,7042,58753,3,12582912,-393,249,282,-6
46.063264945000014,1779965223.4144568,7042,58754,4,12582912,-349,246,282,-6
46.063264945000014,1779965223.4144568,7042,58755,5,12582912,221,237,288,-6
46.063264945000014,1779965223.4144568,7042,58756,6,12582912,568,229,286,-5
46.063264945000014,1779965223.4144568,7042,58757,7,12582912,255,230,276,-5
46.086124622,1779965223.437317,7043,58758,0,12582912,-74,233,266,-5
46.086124622,1779965223.437317,7043,58759,1,12582912,236,230,265,-5
46.086124622,1779965223.437317,7043,58760,2,12582912,573,223,269,-5
46.086124622,1779965223.437317,7043,58761,3,12582912,229,216,268,-5
46.086124622,1779965223.437317,7043,58762,4,12582912,-359,216,259,-5
46.086124622,1779965223.437317,7043,58763,5,12582912,-395,218,251,-5
46.086124622,1779965223.437317,7043,58764,6,12582912,132,216,250,-5
46.086124622,1779965223.437317,7043,58765,7,12582912,477,209,252,-5
46.10898211199998,1779965223.4601743,7044,58766,0,12582912,195,204,27315,-5
46.10898211199998,1779965223.4601743,7044,58767,1,12582912,-110,203,71359,-5
46.10898211199998,1779965223.4601743,7044,58768,2,12582912,192,204,67668,-5
46.10898211199998,1779965223.4601743,7044,58769,3,12582912,511,202,31684,-5
46.10898211199998,1779965223.4601743,7044,58770,4,12582912,165,196,8367,-5
46.10898211199998,1779965223.4601743,7044,58771,5,12582912,-406,192,-5434,-5
46.10898211199998,1779965223.4601743,7044,58772,6,12582912,-428,191,-12947,-4
46.10898211199998,1779965223.4601743,7044,58773,7,12582912,95,191,-10384,-4
46.15296807499999,1779965223.5041602,7045,58774,0,12582912,296,189,-597,-4
46.15296807499999,1779965223.5041602,7045,58775,1,12582912,-142,185,5247,-4
46.15296807499999,1779965223.5041602,7045,58776,2,12582912,-317,181,1105,-4
46.15296807499999,1779965223.5041602,7045,58777,3,12582912,166,180,-6347,-4
46.15296807499999,1779965223.5041602,7045,58778,4,12582912,517,179,-7111,-4
46.15296807499999,1779965223.5041602,7045,58779,5,12582912,183,177,-965,-4
46.15296807499999,1779965223.5041602,7045,58780,6,12582912,-368,173,3296,-4
46.15296807499999,1779965223.5041602,7045,58781,7,12582912,-395,170,277,-4
46.243134020000014,1779965223.5943265,7046,58782,0,12582912,-54,169,-5296,-4
46.243134020000014,1779965223.5943265,7046,58783,1,12582912,-115,168,-5801,-4
46.243134020000014,1779965223.5943265,7046,58784,2,12582912,-514,166,-1035,-4
46.243134020000014,1779965223.5943265,7046,58785,3,12582912,-467,163,2250,-4
46.243134020000014,1779965223.5943265,7046,58786,4,12582912,140,160,-95,-4
46.243134020000014,1779965223.5943265,7046,58787,5,12582912,549,159,-4407,-4
46.243134020000014,1779965223.5943265,7046,58788,6,12582912,252,158,-4794,-4
46.243134020000014,1779965223.5943265,7046,58789,7,12582912,-311,156,-1101,-4
46.24475194299998,1779965223.5959435,7047,58790,0,12582912,-388,153,1445,-4
46.24475194299998,1779965223.5959435,7047,58791,1,12582912,72,150,-365,-4
46.24475194299998,1779965223.5959435,7047,58792,2,12582912,409,149,-3698,-3
46.24475194299998,1779965223.5959435,7047,58793,3,12582912,185,148,-3994,-3
46.24475194299998,1779965223.5959435,7047,58794,4,12582912,-251,146,-1133,-3
46.24475194299998,1779965223.5959435,7047,58795,5,12582912,-306,144,841,-3
46.24475194299998,1779965223.5959435,7047,58796,6,12582912,58,141,-557,-3
46.24475194299998,1779965223.5959435,7047,58797,7,12582912,330,140,-3132,-3
46.246138875999975,1779965223.5973299,7048,58798,0,12582912,217,139,-3358,-3
46.246138875999975,1779965223.5973299,7048,58799,1,12582912,138,137,-1141,-3
46.246138875999975,1779965223.5973299,7048,58800,2,12582912,414,135,390,-3
46.246138875999975,1779965223.5973299,7048,58801,3,12582912,534,133,-688,-3
46.246138875999975,1779965223.5973299,7048,58802,4,12582912,82,132,-2678,-3
46.246138875999975,1779965223.5973299,7048,58803,5,12582912,-443,130,-2849,-3
46.246138875999975,1779965223.5973299,7048,58804,6,12582912,-381,129,-1131,-3
46.246138875999975,1779965223.5973299,7048,58805,7,12582912,149,127,57,-3
46.284292471000015,1779965223.635484,7049,58806,0,12582912,287,125,-774,-3
46.284292471000015,1779965223.635484,7049,58807,1,12582912,-194,124,-2311,-3
46.284292471000015,1779965223.635484,7049,58808,2,12582912,-344,122,-2441,-3
46.284292471000015,1779965223.635484,7049,58809,3,12582912,204,121,-1108,-3
46.284292471000015,1779965223.635484,7049,58810,4,12582912,580,119,-186,-3
46.284292471000015,1779965223.635484,7049,58811,5,12582912,195,117,-826,-3
46.284292471000015,1779965223.635484,7049,58812,6,12582912,-428,116,-2012,-3
46.284292471000015,1779965223.635484,7049,58813,7,12582912,-463,115,-2110,-3
46.32830843300002,1779965223.679501,7050,58814,0,12582912,94,114,-1076,157
46.32830843300002,1779965223.679501,7050,58815,1,12582912,324,-13511,4728,417
46.32830843300002,1779965223.679501,7050,58816,2,12582912,45,-35686,12516,395
46.32830843300002,1779965223.679501,7050,58817,3,12582912,187,-33833,10908,183
46.32830843300002,1779965223.679501,7050,58818,4,12582912,616,-15722,4071,45
46.32830843300002,1779965223.679501,7050,58819,5,12582912,402,-3986,491,-36
46.32830843300002,1779965223.679501,7050,58820,6,12582912,-317,2958,-1547,-80
46.32830843300002,1779965223.679501,7050,58821,7,12582912,-611,6735,-3337,-65
46.371402881999984,1779965223.7225945,7051,58822,0,12582912,-260,5442,-3560,-7
46.371402881999984,1779965223.7225945,7051,58823,1,12582912,-58,513,-1773,27
46.371402881999984,1779965223.7225945,7051,58824,2,12582912,-327,-2430,-51,3
46.371402881999984,1779965223.7225945,7051,58825,3,12582912,-442,-347,-397,-41
46.371402881999984,1779965223.7225945,7051,58826,4,12582912,-29,3400,-2087,-45
46.371402881999984,1779965223.7225945,7051,58827,5,12582912,419,3781,-2773,-9
46.371402881999984,1779965223.7225945,7051,58828,6,12582912,316,685,-1657,16
46.371402881999984,1779965223.7225945,7051,58829,7,12582912,-163,-1460,-371,-2
46.393286408999984,1779965223.744478,7052,58830,0,12582912,-299,57,-601,-35
46.393286408999984,1779965223.744478,7052,58831,1,12582912,-21,2858,-1870,-38
46.393286408999984,1779965223.744478,7052,58832,2,12582912,-30,3110,-2383,-9
46.393286408999984,1779965223.744478,7052,58833,3,12582912,-350,709,-1515,10
46.393286408999984,1779965223.744478,7052,58834,4,12582912,-329,-946,-520,-4
46.393286408999984,1779965223.744478,7052,58835,5,12582912,126,232,-697,-29
46.393286408999984,1779965223.744478,7052,58836,6,12582912,428,2399,-1678,-31
46.393286408999984,1779965223.744478,7052,58837,7,12582912,194,2591,-2071,-10
46.436316014,1779965223.787508,7053,58838,0,12582912,-50,731,-1397,6
46.436316014,1779965223.787508,7053,58839,1,12582912,261,-552,-624,-5
46.436316014,1779965223.787508,7053,58840,2,12582912,560,357,-758,-25
46.436316014,1779965223.787508,7053,58841,3,12582912,184,2032,-1514,-26
46.436316014,1779965223.787508,7053,58842,4,12582912,-424,2178,-1816,-10
46.436316014,1779965223.787508,7053,58843,5,12582912,-457,736,-1291,2
46.436316014,1779965223.787508,7053,58844,6,12582912,95,-259,-691,-6
46.436316014,1779965223.787508,7053,58845,7,12582912,476,442,-792,-21
46.532234066,1779965223.883426,7054,58846,0,12582912,248,1736,-1374,-23
46.532234066,1779965223.883426,7054,58847,1,12582912,-11,1848,-1605,-9
46.532234066,1779965223.883426,7054,58848,2,12582912,288,730,-1197,0
46.532234066,1779965223.883426,7054,58849,3,12582912,606,-42,-730,-7
46.532234066,1779965223.883426,7054,58850,4,12582912,244,499,-806,-18
46.532234066,1779965223.883426,7054,58851,5,12582912,-413,1498,-1254,-19
46.532234066,1779965223.883426,7054,58852,6,12582912,-511,1582,-1430,-9
46.532234066,1779965223.883426,7054,58853,7,12582912,45,715,-1112,-2
46.542361555000014,1779965223.893555,7055,58854,0,12582912,336,116,-748,-7
46.542361555000014,1779965223.893555,7055,58855,1,12582912,-105,533,-804,-16
46.542361555000014,1779965223.893555,7055,58856,2,12582912,-386,1304,-1149,-17
46.542361555000014,1779965223.893555,7055,58857,3,12582912,56,1367,-1283,-9
46.542361555000014,1779965223.893555,7055,58858,4,12582912,510,695,-1034,-3
46.542361555000014,1779965223.893555,7055,58859,5,12582912,287,230,-751,-7
46.542361555000014,1779965223.893555,7055,58860,6,12582912,-295,550,-792,-14
46.542361555000014,1779965223.893555,7055,58861,7,12582912,-444,1145,-1057,-15
46.54389380099997,1779965223.8950849,7056,58862,0,12582912,-131,1193,-1159,-9
46.54389380099997,1779965223.8950849,7056,58863,1,12582912,-94,670,-964,-4
46.54389380099997,1779965223.8950849,7056,58864,2,12582912,-454,309,-743,-7
46.54389380099997,1779965223.8950849,7056,58865,3,12582912,-492,555,-773,-13
46.54389380099997,1779965223.8950849,7056,58866,4,12582912,56,1014,-975,-13
46.54389380099997,1779965223.8950849,7056,58867,5,12582912,529,1049,-1052,-8
46.54389380099997,1779965223.8950849,7056,58868,6,12582912,326,644,-900,-5
46.54389380099997,1779965223.8950849,7056,58869,7,12582912,-240,362,-726,-7
46.588331692999986,1779965223.9395244,7057,58870,0,12582912,-331,551,-748,-11
46.588331692999986,1779965223.9395244,7057,58871,1,12582912,74,905,-903,-12
46.588331692999986,1779965223.9395244,7057,58872,2,12582912,91,930,-960,-8
46.588331692999986,1779965223.9395244,7057,58873,3,12582912,-350,615,-841,-5
46.588331692999986,1779965223.9395244,7057,58874,4,12582912,-433,396,-705,-7
46.588331692999986,1779965223.9395244,7057,58875,5,12582912,65,541,-719,-10
46.588331692999986,1779965223.9395244,7057,58876,6,12582912,488,813,-838,-10
46.588331692999986,1779965223.9395244,7057,58877,7,12582912,281,831,-880,-7
46.61121199500002,1779965223.9624043,7058,58878,0,12582912,-63,586,-786,-5
46.61121199500002,1779965223.9624043,7058,58879,1,12582912,176,415,-679,-7
46.61121199500002,1779965223.9624043,7058,58880,2,12582912,548,526,-689,-9
46.61121199500002,1779965223.9624043,7058,58881,3,12582912,290,735,-779,-9
46.61121199500002,1779965223.9624043,7058,58882,4,12582912,-323,748,-810,-7
46.61121199500002,1779965223.9624043,7058,58883,5,12582912,-475,557,-736,-6
46.61121199500002,1779965223.9624043,7058,58884,6,12582912,8,423,-651,-6
46.61121199500002,1779965223.9624043,7058,58885,7,12582912,453,507,-657,-8
46.65524972899999,1779965224.0064423,7059,58886,0,12582912,309,668,-725,-8
46.65524972899999,1779965224.0064423,7059,58887,1,12582912,22,677,-748,-7
46.65524972899999,1779965224.0064423,7059,58888,2,12582912,237,528,-689,-5
46.65524972899999,1779965224.0064423,7059,58889,3,12582912,552,423,-622,-6
46.65524972899999,1779965224.0064423,7059,58890,4,12582912,275,487,-625,-8
46.65524972899999,1779965224.0064423,7059,58891,5,12582912,-331,610,-676,-8
46.65524972899999,1779965224.0064423,7059,58892,6,12582912,-474,616,-692,-6
46.65524972899999,1779965224.0064423,7059,58893,7,12582912,9,499,-645,-5
46.678201645,1779965224.0293941,7060,58894,0,12582912,293,417,-592,-6
46.678201645,1779965224.0293941,7060,58895,1,12582912,-111,466,-593,-7
46.678201645,1779965224.0293941,7060,58896,2,12582912,-378,560,-631,-7
46.678201645,1779965224.0293941,7060,58897,3,12582912,53,563,-643,-6
46.678201645,1779965224.0293941,7060,58898,4,12582912,508,472,-605,-5
46.678201645,1779965224.0293941,7060,58899,5,12582912,302,407,-562,-6
46.678201645,1779965224.0293941,7060,58900,6,12582912,-275,444,-562,-6
46.678201645,1779965224.0293941,7060,58901,7,12582912,-446,516,-590,-7
46.73925678799998,1779965224.090449,7061,58902,0,12582912,-149,517,-598,-6
46.73925678799998,1779965224.090449,7061,58903,1,12582912,-95,446,-567,-5
46.73925678799998,1779965224.090449,7061,58904,2,12582912,-447,395,-533,-5
46.73925678799998,1779965224.090449,7061,58905,3,12582912,-500,422,-531,-6
46.73925678799998,1779965224.090449,7061,58906,4,12582912,44,476,-552,-6
46.73925678799998,1779965224.090449,7061,58907,5,12582912,534,477,-557,-5
46.73925678799998,1779965224.090449,7061,58908,6,12582912,343,420,-532,-5
46.73925678799998,1779965224.090449,7061,58909,7,12582912,-234,380,-504,-5
46.792763097999966,1779965224.1439555,7062,58910,0,12582912,-333,400,-502,-6
46.792763097999966,1779965224.1439555,7062,58911,1,12582912,94,441,-517,-6
46.792763097999966,1779965224.1439555,7062,58912,2,12582912,138,440,-519,-5
46.792763097999966,1779965224.1439555,7062,58913,3,12582912,-323,396,-499,-5
46.792763097999966,1779965224.1439555,7062,58914,4,12582912,-455,364,-476,-5
46.792763097999966,1779965224.1439555,7062,58915,5,12582912,28,379,-473,-5
46.792763097999966,1779965224.1439555,7062,58916,6,12582912,485,410,-484,-5
46.792763097999966,1779965224.1439555,7062,58917,7,12582912,314,408,-485,-5
46.794279406999976,1779965224.1454713,7063,58918,0,12582912,-43,373,-468,-4
46.794279406999976,1779965224.1454713,7063,58919,1,12582912,156,347,-450,-5
46.794279406999976,1779965224.1454713,7063,58920,2,12582912,537,358,-446,-5
46.794279406999976,1779965224.1454713,7063,58921,3,12582912,321,381,-453,-5
46.794279406999976,1779965224.1454713,7063,58922,4,12582912,-294,379,-453,-4
46.794279406999976,1779965224.1454713,7063,58923,5,12582912,-491,351,-439,-4
46.794279406999976,1779965224.1454713,7063,58924,6,12582912,-26,330,-424,-4
46.794279406999976,1779965224.1454713,7063,58925,7,12582912,453,338,-420,-4
46.85295047799997,1779965224.204142,7064,58926,0,12582912,334,355,-425,-4
46.85295047799997,1779965224.204142,7064,58927,1,12582912,20,353,-424,-4
46.85295047799997,1779965224.204142,7064,58928,2,12582912,209,330,-412,-4
46.85295047799997,1779965224.204142,7064,58929,3,12582912,547,314,-399,-4
46.85295047799997,1779965224.204142,7064,58930,4,12582912,307,319,-396,-4
46.85295047799997,1779965224.204142,7064,58931,5,12582912,-298,331,-399,-4
46.85295047799997,1779965224.204142,7064,58932,6,12582912,-482,329,-397,-4
46.85295047799997,1779965224.204142,7064,58933,7,12582912,-27,311,-387,-4
46.88506967000001,1779965224.2362611,7065,58934,0,12582912,273,297,-376,-4
46.88506967000001,1779965224.2362611,7065,58935,1,12582912,-106,300,-373,-4
46.88506967000001,1779965224.2362611,7065,58936,2,12582912,-390,309,-374,-4
46.88506967000001,1779965224.2362611,7065,58937,3,12582912,12,307,-372,-4
46.88506967000001,1779965224.2362611,7065,58938,4,12582912,488,292,-363,-4
46.88506967000001,1779965224.2362611,7065,58939,5,12582912,338,281,-354,-4
46.88506967000001,1779965224.2362611,7065,58940,6,12582912,-218,283,-350,-4
46.88506967000001,1779965224.2362611,7065,58941,7,12582912,-421,289,-351,-4
46.90676345600002,1779965224.2579558,7066,58942,0,12582912,-145,287,-348,-3
46.90676345600002,1779965224.2579558,7066,58943,1,12582912,-75,275,-341,-3
46.90676345600002,1779965224.2579558,7066,58944,2,12582912,-426,265,-333,-3
46.90676345600002,1779965224.2579558,7066,58945,3,12582912,-514,266,-330,-3
46.90676345600002,1779965224.2579558,7066,58946,4,12582912,12,271,-329,-3
46.90676345600002,1779965224.2579558,7066,58947,5,12582912,530,268,-326,-3
46.90676345600002,1779965224.2579558,7066,58948,6,12582912,375,258,-320,-3
46.90676345600002,1779965224.2579558,7066,58949,7,12582912,-205,250,-313,-3
46.93788550900001,1779965224.2890773,7067,58950,0,12582912,-331,250,-310,-3
46.93788550900001,1779965224.2890773,7067,58951,1,12582912,106,253,-309,-3
46.93788550900001,1779965224.2890773,7067,58952,2,12582912,182,251,-306,-3
46.93788550900001,1779965224.2890773,7067,58953,3,12582912,-284,243,-300,-3
46.93788550900001,1779965224.2890773,7067,58954,4,12582912,-463,236,-295,-3
46.93788550900001,1779965224.2890773,7067,58955,5,12582912,-6,236,-291,-3
46.93788550900001,1779965224.2890773,7067,58956,6,12582912,475,237,-290,-3
46.93788550900001,1779965224.2890773,7067,58957,7,12582912,339,235,-287,-3
46.98105318400002,1779965224.3322449,7068,58958,0,12582912,-189,228,-282,-2
46.98105318400002,1779965224.3322449,7068,58959,1,12582912,-289,222,-277,-1
46.98105318400002,1779965224.3322449,7068,58960,2,12582912,124,222,-274,-1
46.98105318400002,1779965224.3322449,7068,58961,3,12582912,164,222,-272,-2
46.98105318400002,1779965224.3322449,7068,58962,4,12582912,-308,220,-269,-3
46.98105318400002,1779965224.3322449,7068,58963,5,12582912,-462,214,-265,-3
46.98105318400002,1779965224.3322449,7068,58964,6,12582912,12,209,-260,-3
46.98105318400002,1779965224.3322449,7068,58965,7,12582912,483,208,-257,-3
47.003463119,1779965224.3546555,7069,58966,0,12582912,334,208,-255,-3
47.003463119,1779965224.3546555,7069,58967,1,12582912,-17,206,-253,-2
47.003463119,1779965224.3546555,7069,58968,2,12582912,177,201,-249,-2
47.003463119,1779965224.3546555,7069,58969,3,12582912,573,197,-245,-3
47.003463119,1779965224.3546555,7069,58970,4,12582912,375,196,-242,-3
47.003463119,1779965224.3546555,7069,58971,5,12582912,-264,195,-240,-2
47.003463119,1779965224.3546555,7069,58972,6,12582912,-510,193,-237,-2
47.003463119,1779965224.3546555,7069,58973,7,12582912,-64,189,-234,-2
47.051838523000015,1779965224.403031,7070,58974,0,12582912,283,185,-230,-2
47.051838523000015,1779965224.403031,7070,58975,1,12582912,-77,184,-227,-2
47.051838523000015,1779965224.403031,7070,58976,2,12582912,-407,183,-225,-2
47.051838523000015,1779965224.403031,7070,58977,3,12582912,-38,181,-223,-2
47.051838523000015,1779965224.403031,7070,58978,4,12582912,479,178,-219,-2
47.051838523000015,1779965224.403031,7070,58979,5,12582912,391,174,-216,-2
47.051838523000015,1779965224.403031,7070,58980,6,12582912,-163,173,-213,-2
47.051838523000015,1779965224.403031,7070,58981,7,12582912,-422,172,-211,-2
47.083614173,1779965224.4348068,7071,58982,0,12582912,-175,170,-209,-2
47.083614173,1779965224.4348068,7071,58983,1,12582912,-57,167,-206,-2
47.083614173,1779965224.4348068,7071,58984,2,12582912,-366,164,-203,-2
47.083614173,1779965224.4348068,7071,58985,3,12582912,-489,162,-200,-2
47.083614173,1779965224.4348068,7071,58986,4,12582912,-22,161,-198,-2
47.083614173,1779965224.4348068,7071,58987,5,12582912,496,159,-196,-2
47.083614173,1779965224.4348068,7071,58988,6,12582912,395,157,-193,-2
47.083614173,1779965224.4348068,7071,58989,7,12582912,-151,154,-191,-2
47.106984943999976,1779965224.4581773,7072,58990,0,12582912,-399,153,-188,-2
47.106984943999976,1779965224.4581773,7072,58991,1,12582912,-164,151,-186,-2
47.106984943999976,1779965224.4581773,7072,58992,2,12582912,-73,150,-184,-2
47.106984943999976,1779965224.4581773,7072,58993,3,12582912,-396,147,-182,-2
47.106984943999976,1779965224.4581773,7072,58994,4,12582912,-502,145,-179,-2
47.106984943999976,1779965224.4581773,7072,58995,5,12582912,-6,143,-177,-2
47.106984943999976,1779965224.4581773,7072,58996,6,12582912,523,142,-175,-2
47.106984943999976,1779965224.4581773,7072,58997,7,12582912,411,140,-173,-2
47.166063517,1779965224.5172558,7073,58998,0,12582912,14,138,-171,-2
47.166063517,1779965224.5172558,7073,58999,1,12582912,138,136,-168,-2
47.166063517,1779965224.5172558,7073,59000,2,12582912,545,135,-166,-2
47.166063517,1779965224.5172558,7073,59001,3,12582912,406,133,-164,-2
47.166063517,1779965224.5172558,7073,59002,4,12582912,-66,132,-162,-2
47.166063517,1779965224.5172558,7073,59003,5,12582912,18,130,-160,-2
47.166063517,1779965224.5172558,7073,59004,6,12582912,490,128,-158,-2
47.166063517,1779965224.5172558,7073,59005,7,12582912,461,127,-156,-2
47.18894595400002,1779965224.540139,7074,59006,0,12582912,28,125,-154,-2
47.18894595400002,1779965224.540139,7074,59007,1,12582912,39,124,-152,-2
47.18894595400002,1779965224.540139,7074,59008,2,12582912,445,122,-150,-2
47.18894595400002,1779965224.540139,7074,59009,3,12582912,441,120,-148,-2
47.18894595400002,1779965224.540139,7074,59010,4,12582912,-96,119,-147,-2
47.18894595400002,1779965224.540139,7074,59011,5,12582912,-466,118,-145,-1
47.18894595400002,1779965224.540139,7074,59012,6,12582912,-194,116,-143,-1
47.18894595400002,1779965224.540139,7074,59013,7,12582912,319,114,-141,-1
47.270583628,1779965224.6217766,7075,59014,0,12582912,382,113,-139,-1
47.270583628,1779965224.6217766,7075,59015,1,12582912,-37,112,-138,-1
47.270583628,1779965224.6217766,7075,59016,2,12582912,-344,110,-136,-1
47.270583628,1779965224.6217766,7075,59017,3,12582912,-153,109,-134,-1
47.270583628,1779965224.6217766,7075,59018,4,12582912,238,108,-133,-1
47.270583628,1779965224.6217766,7075,59019,5,12582912,300,106,-131,-1
47.270583628,1779965224.6217766,7075,59020,6,12582912,-12,105,-129,-1
47.270583628,1779965224.6217766,7075,59021,7,12582912,-252,104,-128,-1
47.27206634200002,1779965224.6232574,7076,59022,0,12582912,-120,102,-126,-1
47.27206634200002,1779965224.6232574,7076,59023,1,12582912,170,101,-125,-1
47.27206634200002,1779965224.6232574,7076,59024,2,12582912,218,100,-123,-1
47.27206634200002,1779965224.6232574,7076,59025,3,12582912,-18,98,-121,-1
47.27206634200002,1779965224.6232574,7076,59026,4,12582912,-200,97,-120,-1
47.27206634200002,1779965224.6232574,7076,59027,5,12582912,-89,96,-118,-1
47.27206634200002,1779965224.6232574,7076,59028,6,12582912,147,95,-117,-1
47.27206634200002,1779965224.6232574,7076,59029,7,12582912,188,94,-115,-1
47.29532732199999,1779965224.6465201,7077,59030,0,12582912,5,92,-114,-1
47.29532732199999,1779965224.6465201,7077,59031,1,12582912,-142,91,-113,-1
47.29532732199999,1779965224.6465201,7077,59032,2,12582912,-68,90,-111,-1
47.29532732199999,1779965224.6465201,7077,59033,3,12582912,111,89,-110,-1
47.29532732199999,1779965224.6465201,7077,59034,4,12582912,153,88,-108,-1
47.29532732199999,1779965224.6465201,7077,59035,5,12582912,15,87,-107,-1
47.29532732199999,1779965224.6465201,7077,59036,6,12582912,-106,86,-106,-1
47.29532732199999,1779965224.6465201,7077,59037,7,12582912,-51,85,-104,-1
47.36697641400002,1779965224.7181687,7078,59038,0,12582912,87,84,-103,-1
47.36697641400002,1779965224.7181687,7078,59039,1,12582912,114,83,-102,-1
47.36697641400002,1779965224.7181687,7078,59040,2,12582912,10,82,-101,-1
47.36697641400002,1779965224.7181687,7078,59041,3,12582912,-74,81,-99,-1
47.36697641400002,1779965224.7181687,7078,59042,4,12582912,-29,80,-98,-1
47.36697641400002,1779965224.7181687,7078,59043,5,12582912,76,79,-97,-1
47.36697641400002,1779965224.7181687,7078,59044,6,12582912,98,78,-96,-1
47.36697641400002,1779965224.7181687,7078,59045,7,12582912,19,77,-94,-1
47.368595067,1779965224.7197864,7079,59046,0,12582912,-49,76,-93,-1
47.368595067,1779965224.7197864,7079,59047,1,12582912,-18,75,-92,-1
47.368595067,1779965224.7197864,7079,59048,2,12582912,65,74,-91,-1
47.368595067,1779965224.7197864,7079,59049,3,12582912,82,73,-90,-1
47.368595067,1779965224.7197864,7079,59050,4,12582912,13,72,-89,-1
47.368595067,1779965224.7197864,7079,59051,5,12582912,-46,71,-88,-1
47.368595067,1779965224.7197864,7079,59052,6,12582912,-21,70,-87,-1
47.368595067,1779965224.7197864,7079,59053,7,12582912,51,69,-85,-1
47.39149192999997,1779965224.7426841,7080,59054,0,12582912,72,68,-84,-1
47.39149192999997,1779965224.7426841,7080,59055,1,12582912,25,68,-83,-1
47.39149192999997,1779965224.7426841,7080,59056,2,12582912,-22,67,-82,-1
47.39149192999997,1779965224.7426841,7080,59057,3,12582912,-7,66,-81,-1
47.39149192999997,1779965224.7426841,7080,59058,4,12582912,43,65,-80,-1
47.39149192999997,1779965224.7426841,7080,59059,5,12582912,57,64,-79,-1
47.39149192999997,1779965224.7426841,7080,59060,6,12582912,22,63,-78,-1
47.39149192999997,1779965224.7426841,7080,59061,7,12582912,-13,63,-77,-1
47.42506732700002,1779965224.77626,7081,59062,0,12582912,-5,62,-76,-1
47.42506732700002,1779965224.77626,7081,59063,1,12582912,30,61,-75,-1
47.42506732700002,1779965224.77626,7081,59064,2,12582912,43,60,-74,-1
47.42506732700002,1779965224.77626,7081,59065,3,12582912,19,60,-73,-1
47.42506732700002,1779965224.77626,7081,59066,4,12582912,-9,59,-73,-1
47.42506732700002,1779965224.77626,7081,59067,5,12582912,-1,58,-72,-1
47.42506732700002,1779965224.77626,7081,59068,6,12582912,33,57,-71,-1
47.42506732700002,1779965224.77626,7081,59069,7,12582912,51,57,-70,-1
47.456999279,1779965224.808192,7082,59070,0,12582912,35,56,-69,-1
47.456999279,1779965224.808192,7082,59071,1,12582912,7,55,-68,-1
47.456999279,1779965224.808192,7082,59072,2,12582912,1,55,-67,-1
47.456999279,1779965224.808192,7082,59073,3,12582912,25,54,-66,-1
47.456999279,1779965224.808192,7082,59074,4,12582912,42,53,-66,-1
47.456999279,1779965224.808192,7082,59075,5,12582912,28,53,-65,-1
47.456999279,1779965224.808192,7082,59076,6,12582912,1,52,-64,-1
47.456999279,1779965224.808192,7082,59077,7,12582912,-8,51,-63,-1
47.48026567599999,1779965224.8314586,7083,59078,0,12582912,14,51,-62,-1
47.48026567599999,1779965224.8314586,7083,59079,1,12582912,37,50,-62,-1
47.48026567599999,1779965224.8314586,7083,59080,2,12582912,33,49,-61,-1
47.48026567599999,1779965224.8314586,7083,59081,3,12582912,7,49,-60,-1
47.48026567599999,1779965224.8314586,7083,59082,4,12582912,-1,48,-59,-1
47.48026567599999,1779965224.8314586,7083,59083,5,12582912,26,48,-59,-1
47.48026567599999,1779965224.8314586,7083,59084,6,12582912,50,47,-58,-1
47.48026567599999,1779965224.8314586,7083,59085,7,12582912,42,46,-57,-1
47.50312951799998,1779965224.854322,7084,59086,0,12582912,16,46,-56,-1
47.50312951799998,1779965224.854322,7084,59087,1,12582912,5,45,-56,-1
47.50312951799998,1779965224.854322,7084,59088,2,12582912,25,45,-55,-1
47.50312951799998,1779965224.854322,7084,59089,3,12582912,50,44,-54,-1
47.50312951799998,1779965224.854322,7084,59090,4,12582912,56,44,-54,-1
47.50312951799998,1779965224.854322,7084,59091,5,12582912,34,43,-53,-1
47.50312951799998,1779965224.854322,7084,59092,6,12582912,11,42,-52,-1
47.50312951799998,1779965224.854322,7084,59093,7,12582912,13,42,-52,-1
47.54713230099998,1779965224.8983245,7085,59094,0,12582912,27,41,-51,-1
47.54713230099998,1779965224.8983245,7085,59095,1,12582912,32,41,-50,-1
47.54713230099998,1779965224.8983245,7085,59096,2,12582912,17,40,-50,-1
47.54713230099998,1779965224.8983245,7085,59097,3,12582912,4,40,-49,-1
47.54713230099998,1779965224.8983245,7085,59098,4,12582912,19,39,-49,-1
47.54713230099998,1779965224.8983245,7085,59099,5,12582912,44,39,-48,0
47.54713230099998,1779965224.8983245,7085,59100,6,12582912,56,38,-47,0
47.54713230099998,1779965224.8983245,7085,59101,7,12582912,50,38,-47,0
47.61587362099999,1779965224.9670656,7086,59102,0,12582912,41,37,-46,0
47.61587362099999,1779965224.9670656,7086,59103,1,12582912,51,37,-46,0
47.61587362099999,1779965224.9670656,7086,59104,2,12582912,71,36,-45,0
47.61587362099999,1779965224.9670656,7086,59105,3,12582912,80,36,-44,0
47.61587362099999,1779965224.9670656,7086,59106,4,12582912,65,36,-44,0
47.61587362099999,1779965224.9670656,7086,59107,5,12582912,47,35,-43,0
47.61587362099999,1779965224.9670656,7086,59108,6,12582912,56,35,-43,0
47.61587362099999,1779965224.9670656,7086,59109,7,12582912,78,34,-42,0
47.625769703,1779965224.9769626,7087,59110,0,12582912,90,34,-42,0
47.625769703,1779965224.9769626,7087,59111,1,12582912,80,33,-41,0
47.625769703,1779965224.9769626,7087,59112,2,12582912,60,33,-41,0
47.625769703,1779965224.9769626,7087,59113,3,12582912,57,33,-40,0
47.625769703,1779965224.9769626,7087,59114,4,12582912,70,32,-40,0
47.625769703,1779965224.9769626,7087,59115,5,12582912,82,32,-39,0
47.625769703,1779965224.9769626,7087,59116,6,12582912,78,31,-39,0
47.625769703,1779965224.9769626,7087,59117,7,12582912,66,31,-38,0
47.667382317999966,1779965225.0185766,7088,59118,0,12582912,69,31,-38,0
47.667382317999966,1779965225.0185766,7088,59119,1,12582912,84,30,-37,0
47.667382317999966,1779965225.0185766,7088,59120,2,12582912,88,30,-37,0
47.667382317999966,1779965225.0185766,7088,59121,3,12582912,65,29,-36,0
47.667382317999966,1779965225.0185766,7088,59122,4,12582912,40,29,-36,0
47.667382317999966,1779965225.0185766,7088,59123,5,12582912,45,29,-35,0
47.667382317999966,1779965225.0185766,7088,59124,6,12582912,70,28,-35,0
47.667382317999966,1779965225.0185766,7088,59125,7,12582912,83,28,-35,0
47.66911857499997,1779965225.0203106,7089,59126,0,12582912,74,28,-34,0
47.66911857499997,1779965225.0203106,7089,59127,1,12582912,55,27,-34,0
47.66911857499997,1779965225.0203106,7089,59128,2,12582912,56,27,-33,0
47.66911857499997,1779965225.0203106,7089,59129,3,12582912,75,27,-33,0
47.66911857499997,1779965225.0203106,7089,59130,4,12582912,82,26,-32,0
47.66911857499997,1779965225.0203106,7089,59131,5,12582912,63,26,-32,0
47.66911857499997,1779965225.0203106,7089,59132,6,12582912,43,26,-32,0
47.66911857499997,1779965225.0203106,7089,59133,7,12582912,45,25,-31,0
47.69185392600002,1779965225.0430465,7090,59134,0,12582912,62,25,-31,0
47.69185392600002,1779965225.0430465,7090,59135,1,12582912,71,25,-30,0
47.69185392600002,1779965225.0430465,7090,59136,2,12582912,55,24,-30,0
47.69185392600002,1779965225.0430465,7090,59137,3,12582912,34,24,-30,0
47.69185392600002,1779965225.0430465,7090,59138,4,12582912,38,24,-29,0
47.69185392600002,1779965225.0430465,7090,59139,5,12582912,55,24,-29,0
47.69185392600002,1779965225.0430465,7090,59140,6,12582912,68,23,-29,0
47.69185392600002,1779965225.0430465,7090,59141,7,12582912,63,23,-28,0
47.73590212199997,1779965225.0870945,7091,59142,0,12582912,46,23,-28,0
47.73590212199997,1779965225.0870945,7091,59143,1,12582912,43,22,-28,0
47.73590212199997,1779965225.0870945,7091,59144,2,12582912,54,22,-27,0
47.73590212199997,1779965225.0870945,7091,59145,3,12582912,62,22,-27,0
47.73590212199997,1779965225.0870945,7091,59146,4,12582912,54,22,-27,0
47.73590212199997,1779965225.0870945,7091,59147,5,12582912,38,21,-26,0
47.73590212199997,1779965225.0870945,7091,59148,6,12582912,39,21,-26,0
47.73590212199997,1779965225.0870945,7091,59149,7,12582912,50,21,-26,0
47.758833568,1779965225.1100256,7092,59150,0,12582912,56,20,-25,0
47.758833568,1779965225.1100256,7092,59151,1,12582912,47,20,-25,0
47.758833568,1779965225.1100256,7092,59152,2,12582912,33,20,-25,0
47.758833568,1779965225.1100256,7092,59153,3,12582912,40,20,-24,0
47.758833568,1779965225.1100256,7092,59154,4,12582912,62,19,-24,0
47.758833568,1779965225.1100256,7092,59155,5,12582912,72,19,-24,0
47.758833568,1779965225.1100256,7092,59156,6,12582912,53,19,-23,0
47.758833568,1779965225.1100256,7092,59157,7,12582912,24,19,-23,0
47.850727371000005,1779965225.2019184,7093,59158,0,12582912,25,19,-23,0
47.850727371000005,1779965225.2019184,7093,59159,1,12582912,49,18,-23,0
47.850727371000005,1779965225.2019184,7093,59160,2,12582912,63,18,-22,0
47.850727371000005,1779965225.2019184,7093,59161,3,12582912,54,18,-22,0
47.850727371000005,1779965225.2019184,7093,59162,4,12582912,40,18,-22,0
47.850727371000005,1779965225.2019184,7093,59163,5,12582912,41,17,-21,0
47.850727371000005,1779965225.2019184,7093,59164,6,12582912,47,17,-21,0
47.850727371000005,1779965225.2019184,7093,59165,7,12582912,46,17,-21,0
47.851656698,1779965225.2028487,7094,59166,0,12582912,41,17,-21,0
47.851656698,1779965225.2028487,7094,59167,1,12582912,40,17,-20,0
47.851656698,1779965225.2028487,7094,59168,2,12582912,50,16,-20,0
47.851656698,1779965225.2028487,7094,59169,3,12582912,63,16,-20,0
47.851656698,1779965225.2028487,7094,59170,4,12582912,69,16,-20,0
47.851656698,1779965225.2028487,7094,59171,5,12582912,59,16,-19,0
47.851656698,1779965225.2028487,7094,59172,6,12582912,37,16,-19,0
47.851656698,1779965225.2028487,7094,59173,7,12582912,29,15,-19,0
47.85313743299997,1779965225.204329,7095,59174,0,12582912,36,15,-19,0
47.85313743299997,1779965225.204329,7095,59175,1,12582912,41,15,-18,0
47.85313743299997,1779965225.204329,7095,59176,2,12582912,33,15,-18,0
47.85313743299997,1779965225.204329,7095,59177,3,12582912,19,15,-18,0
47.85313743299997,1779965225.204329,7095,59178,4,12582912,21,14,-18,0
47.85313743299997,1779965225.204329,7095,59179,5,12582912,40,14,-18,0
47.85313743299997,1779965225.204329,7095,59180,6,12582912,61,14,-17,0
47.85313743299997,1779965225.204329,7095,59181,7,12582912,59,14,-17,0
47.90630227999998,1779965225.257494,7096,59182,0,12582912,38,14,-17,0
47.90630227999998,1779965225.257494,7096,59183,1,12582912,31,14,-17,0
47.90630227999998,1779965225.257494,7096,59184,2,12582912,39,13,-16,0
47.90630227999998,1779965225.257494,7096,59185,3,12582912,47,13,-16,0
47.90630227999998,1779965225.257494,7096,59186,4,12582912,35,13,-16,0
47.90630227999998,1779965225.257494,7096,59187,5,12582912,14,13,-16,0
47.90630227999998,1779965225.257494,7096,59188,6,12582912,17,13,-16,0
47.90630227999998,1779965225.257494,7096,59189,7,12582912,39,13,-15,0
47.92931961099998,1779965225.280512,7097,59190,0,12582912,52,12,-15,0
47.92931961099998,1779965225.280512,7097,59191,1,12582912,39,12,-15,0
47.92931961099998,1779965225.280512,7097,59192,2,12582912,13,12,-15,0
47.92931961099998,1779965225.280512,7097,59193,3,12582912,3,12,-15,0
47.92931961099998,1779965225.280512,7097,59194,4,12582912,19,12,-15,0
47.92931961099998,1779965225.280512,7097,59195,5,12582912,43,12,-14,0
47.92931961099998,1779965225.280512,7097,59196,6,12582912,46,11,-14,0
47.92931961099998,1779965225.280512,7097,59197,7,12582912,34,11,-14,0
47.952253816999985,1779965225.303446,7098,59198,0,12582912,39,11,-14,0
47.952253816999985,1779965225.303446,7098,59199,1,12582912,55,11,-14,0
47.952253816999985,1779965225.303446,7098,59200,2,12582912,63,11,-13,0
47.952253816999985,1779965225.303446,7098,59201,3,12582912,51,11,-13,0
47.952253816999985,1779965225.303446,7098,59202,4,12582912,28,11,-13,0
47.952253816999985,1779965225.303446,7098,59203,5,12582912,21,11,-13,0
47.952253816999985,1779965225.303446,7098,59204,6,12582912,34,10,-13,0
47.952253816999985,1779965225.303446,7098,59205,7,12582912,50,10,-13,0
47.996370033999995,1779965225.3475628,7099,59206,0,12582912,44,10,-12,0
47.996370033999995,1779965225.3475628,7099,59207,1,12582912,20,10,-12,0
47.996370033999995,1779965225.3475628,7099,59208,2,12582912,11,10,-12,0
47.996370033999995,1779965225.3475628,7099,59209,3,12582912,21,10,-12,0
47.996370033999995,1779965225.3475628,7099,59210,4,12582912,35,10,-12,0
47.996370033999995,1779965225.3475628,7099,59211,5,12582912,38,10,-12,0
47.996370033999995,1779965225.3475628,7099,59212,6,12582912,30,9,-12,0
47.996370033999995,1779965225.3475628,7099,59213,7,12582912,30,9,-11,0
48.03638139100002,1779965225.387574,7100,59214,0,12582912,42,9,-11,0
48.03638139100002,1779965225.387574,7100,59215,1,12582912,53,9,-11,0
48.03638139100002,1779965225.387574,7100,59216,2,12582912,48,9,-11,0
48.03638139100002,1779965225.387574,7100,59217,3,12582912,27,9,-11,0
48.03638139100002,1779965225.387574,7100,59218,4,12582912,18,9,-11,0
48.03638139100002,1779965225.387574,7100,59219,5,12582912,29,9,-11,0
48.03638139100002,1779965225.387574,7100,59220,6,12582912,39,8,-10,0
48.03638139100002,1779965225.387574,7100,59221,7,12582912,29,8,-10,0
48.075089409999975,1779965225.4262836,7101,59222,0,12582912,15,8,-10,0
48.075089409999975,1779965225.4262836,7101,59223,1,12582912,20,8,-10,0
48.075089409999975,1779965225.4262836,7101,59224,2,12582912,35,8,-10,0
48.075089409999975,1779965225.4262836,7101,59225,3,12582912,39,8,-10,0
48.075089409999975,1779965225.4262836,7101,59226,4,12582912,25,8,-10,0
48.075089409999975,1779965225.4262836,7101,59227,5,12582912,9,8,-10,0
48.075089409999975,1779965225.4262836,7101,59228,6,12582912,10,8,-9,0
48.075089409999975,1779965225.4262836,7101,59229,7,12582912,23,8,-9,0
48.076807125000016,1779965225.4279995,7102,59230,0,12582912,38,7,-9,0
48.076807125000016,1779965225.4279995,7102,59231,1,12582912,41,7,-9,0
48.076807125000016,1779965225.4279995,7102,59232,2,12582912,30,7,-9,0
48.076807125000016,1779965225.4279995,7102,59233,3,12582912,26,7,-9,0
48.076807125000016,1779965225.4279995,7102,59234,4,12582912,36,7,-9,0
48.076807125000016,1779965225.4279995,7102,59235,5,12582912,43,7,-9,0
48.076807125000016,1779965225.4279995,7102,59236,6,12582912,32,7,-9,0
48.076807125000016,1779965225.4279995,7102,59237,7,12582912,9,7,-8,0
48.12920629199999,1779965225.4803991,7103,59238,0,12582912,0,7,-8,0
48.12920629199999,1779965225.4803991,7103,59239,1,12582912,15,7,-8,0
48.12920629199999,1779965225.4803991,7103,59240,2,12582912,37,7,-8,0
48.12920629199999,1779965225.4803991,7103,59241,3,12582912,37,7,-8,0
48.12920629199999,1779965225.4803991,7103,59242,4,12582912,15,6,-8,0
48.12920629199999,1779965225.4803991,7103,59243,5,12582912,10,6,-8,0
48.12920629199999,1779965225.4803991,7103,59244,6,12582912,30,6,-8,0
48.12920629199999,1779965225.4803991,7103,59245,7,12582912,47,6,-8,0
48.14045164999999,1779965225.4916446,7104,59246,0,12582912,41,6,-8,0
48.14045164999999,1779965225.4916446,7104,59247,1,12582912,23,6,-7,0
48.14045164999999,1779965225.4916446,7104,59248,2,12582912,17,6,-7,0
48.14045164999999,1779965225.4916446,7104,59249,3,12582912,26,6,-7,0
48.14045164999999,1779965225.4916446,7104,59250,4,12582912,34,6,-7,0
48.14045164999999,1779965225.4916446,7104,59251,5,12582912,25,6,-7,0
48.14045164999999,1779965225.4916446,7104,59252,6,12582912,6,6,-7,0
48.14045164999999,1779965225.4916446,7104,59253,7,12582912,7,6,-7,0
48.18455932500001,1779965225.5357516,7105,59254,0,12582912,29,6,-7,0
48.18455932500001,1779965225.5357516,7105,59255,1,12582912,45,5,-7,0
48.18455932500001,1779965225.5357516,7105,59256,2,12582912,40,5,-7,0
48.18455932500001,1779965225.5357516,7105,59257,3,12582912,20,5,-7,0
48.18455932500001,1779965225.5357516,7105,59258,4,12582912,10,5,-6,0
48.18455932500001,1779965225.5357516,7105,59259,5,12582912,21,5,-6,0
48.18455932500001,1779965225.5357516,7105,59260,6,12582912,35,5,-6,0
48.18455932500001,1779965225.5357516,7105,59261,7,12582912,36,5,-6,0
48.20741134299999,1779965225.558604,7106,59262,0,12582912,26,5,-6,0
48.20741134299999,1779965225.558604,7106,59263,1,12582912,24,5,-6,0
48.20741134299999,1779965225.558604,7106,59264,2,12582912,30,5,-6,0
48.20741134299999,1779965225.558604,7106,59265,3,12582912,31,5,-6,0
48.20741134299999,1779965225.558604,7106,59266,4,12582912,18,5,-6,0
48.20741134299999,1779965225.558604,7106,59267,5,12582912,2,5,-6,0
48.20741134299999,1779965225.558604,7106,59268,6,12582912,8,5,-6,0
48.20741134299999,1779965225.558604,7106,59269,7,12582912,34,5,-6,0
48.287127338000005,1779965225.6383197,7107,59270,0,12582912,56,5,-6,0
48.287127338000005,1779965225.6383197,7107,59271,1,12582912,51,4,-6,0
48.287127338000005,1779965225.6383197,7107,59272,2,12582912,27,4,-5,0
48.287127338000005,1779965225.6383197,7107,59273,3,12582912,18,4,-5,0
48.287127338000005,1779965225.6383197,7107,59274,4,12582912,32,4,-5,0
48.287127338000005,1779965225.6383197,7107,59275,5,12582912,41,4,-5,0
48.287127338000005,1779965225.6383197,7107,59276,6,12582912,28,4,-5,0
48.287127338000005,1779965225.6383197,7107,59277,7,12582912,6,4,-5,0
48.288715834000016,1779965225.6399074,7108,59278,0,12582912,8,4,-5,0
48.288715834000016,1779965225.6399074,7108,59279,1,12582912,31,4,-5,0
48.288715834000016,1779965225.6399074,7108,59280,2,12582912,50,4,-5,0
48.288715834000016,1779965225.6399074,7108,59281,3,12582912,48,4,-5,0
48.288715834000016,1779965225.6399074,7108,59282,4,12582912,33,4,-5,0
48.288715834000016,1779965225.6399074,7108,59283,5,12582912,30,4,-5,0
48.288715834000016,1779965225.6399074,7108,59284,6,12582912,43,4,-5,0
48.288715834000016,1779965225.6399074,7108,59285,7,12582912,54,4,-5,0
48.31146149699998,1779965225.662654,7109,59286,0,12582912,45,4,-5,0
48.31146149699998,1779965225.662654,7109,59287,1,12582912,23,4,-5,0
48.31146149699998,1779965225.662654,7109,59288,2,12582912,16,4,-4,0
48.31146149699998,1779965225.662654,7109,59289,3,12582912,25,4,-4,0
48.31146149699998,1779965225.662654,7109,59290,4,12582912,32,4,-4,0
48.31146149699998,1779965225.662654,7109,59291,5,12582912,25,3,-4,0
48.31146149699998,1779965225.662654,7109,59292,6,12582912,11,3,-4,0
48.31146149699998,1779965225.662654,7109,59293,7,12582912,15,3,-4,0
48.364938688999985,1779965225.716131,7110,59294,0,12582912,36,3,-4,0
48.364938688999985,1779965225.716131,7110,59295,1,12582912,50,3,-4,0
48.364938688999985,1779965225.716131,7110,59296,2,12582912,41,3,-4,0
48.364938688999985,1779965225.716131,7110,59297,3,12582912,19,3,-4,0
48.364938688999985,1779965225.716131,7110,59298,4,12582912,13,3,-4,0
48.364938688999985,1779965225.716131,7110,59299,5,12582912,30,3,-4,0
48.364938688999985,1779965225.716131,7110,59300,6,12582912,49,3,-4,0
48.364938688999985,1779965225.716131,7110,59301,7,12582912,47,3,-4,0
48.366410153000004,1779965225.717601,7111,59302,0,12582912,28,3,-4,0
48.366410153000004,1779965225.717601,7111,59303,1,12582912,19,3,-4,0
48.366410153000004,1779965225.717601,7111,59304,2,12582912,22,3,-4,0
48.366410153000004,1779965225.717601,7111,59305,3,12582912,27,3,-4,0
48.366410153000004,1779965225.717601,7111,59306,4,12582912,29,3,-4,0
48.366410153000004,1779965225.717601,7111,59307,5,12582912,24,3,-4,0
48.366410153000004,1779965225.717601,7111,59308,6,12582912,25,3,-3,0
48.366410153000004,1779965225.717601,7111,59309,7,12582912,38,3,-3,0
48.41030064099999,1779965225.7614927,7112,59310,0,12582912,47,3,-3,0
48.41030064099999,1779965225.7614927,7112,59311,1,12582912,38,3,-3,0
48.41030064099999,1779965225.7614927,7112,59312,2,12582912,16,3,-3,0
48.41030064099999,1779965225.7614927,7112,59313,3,12582912,5,3,-3,0
48.41030064099999,1779965225.7614927,7112,59314,4,12582912,15,3,-3,0
48.41030064099999,1779965225.7614927,7112,59315,5,12582912,31,3,-3,0
48.41030064099999,1779965225.7614927,7112,59316,6,12582912,32,3,-3,0
48.41030064099999,1779965225.7614927,7112,59317,7,12582912,17,3,-3,0
48.50621024100002,1779965225.8574026,7113,59318,0,12582912,11,2,-3,0
48.50621024100002,1779965225.8574026,7113,59319,1,12582912,25,2,-3,0
48.50621024100002,1779965225.8574026,7113,59320,2,12582912,38,2,-3,0
48.50621024100002,1779965225.8574026,7113,59321,3,12582912,31,2,-3,0
48.50621024100002,1779965225.8574026,7113,59322,4,12582912,11,2,-3,0
48.50621024100002,1779965225.8574026,7113,59323,5,12582912,7,2,-3,0
48.50621024100002,1779965225.8574026,7113,59324,6,12582912,19,2,-3,0
48.50621024100002,1779965225.8574026,7113,59325,7,12582912,26,2,-3,0
48.508054362999985,1779965225.8592455,7114,59326,0,12582912,17,2,-3,0
48.508054362999985,1779965225.8592455,7114,59327,1,12582912,3,2,-3,0
48.508054362999985,1779965225.8592455,7114,59328,2,12582912,8,2,-3,0
48.508054362999985,1779965225.8592455,7114,59329,3,12582912,29,2,-3,0
48.508054362999985,1779965225.8592455,7114,59330,4,12582912,44,2,-3,0
48.508054362999985,1779965225.8592455,7114,59331,5,12582912,36,2,-3,0
48.508054362999985,1779965225.8592455,7114,59332,6,12582912,16,2,-3,0
48.508054362999985,1779965225.8592455,7114,59333,7,12582912,9,2,-3,0
48.50956686899997,1779965225.8607578,7115,59334,0,12582912,19,2,-3,0
48.50956686899997,1779965225.8607578,7115,59335,1,12582912,28,2,-2,0
48.50956686899997,1779965225.8607578,7115,59336,2,12582912,24,2,-2,0
48.50956686899997,1779965225.8607578,7115,59337,3,12582912,8,2,-2,0
48.50956686899997,1779965225.8607578,7115,59338,4,12582912,3,2,-2,0
48.50956686899997,1779965225.8607578,7115,59339,5,12582912,13,2,-2,0
48.50956686899997,1779965225.8607578,7115,59340,6,12582912,27,2,-2,0
48.50956686899997,1779965225.8607578,7115,59341,7,12582912,25,2,-2,0
48.53233638699999,1779965225.8835287,7116,59342,0,12582912,11,2,-2,0
48.53233638699999,1779965225.8835287,7116,59343,1,12582912,6,2,-2,0
48.53233638699999,1779965225.8835287,7116,59344,2,12582912,22,2,-2,0
48.53233638699999,1779965225.8835287,7116,59345,3,12582912,40,2,-2,0
48.53233638699999,1779965225.8835287,7116,59346,4,12582912,36,2,-2,0
48.53233638699999,1779965225.8835287,7116,59347,5,12582912,13,2,-2,0
48.53233638699999,1779965225.8835287,7116,59348,6,12582912,1,2,-2,0
48.53233638699999,1779965225.8835287,7116,59349,7,12582912,9,2,-2,0
48.555149133999976,1779965225.9063413,7117,59350,0,12582912,20,2,-2,0
48.555149133999976,1779965225.9063413,7117,59351,1,12582912,18,2,-2,0
48.555149133999976,1779965225.9063413,7117,59352,2,12582912,8,2,-2,0
48.555149133999976,1779965225.9063413,7117,59353,3,12582912,9,2,-2,0
48.555149133999976,1779965225.9063413,7117,59354,4,12582912,18,2,-2,0
48.555149133999976,1779965225.9063413,7117,59355,5,12582912,23,2,-2,0
48.555149133999976,1779965225.9063413,7117,59356,6,12582912,20,2,-2,0
48.555149133999976,1779965225.9063413,7117,59357,7,12582912,10,2,-2,0
48.60853804499999,1779965225.9597304,7118,59358,0,12582912,8,1,-2,0
48.60853804499999,1779965225.9597304,7118,59359,1,12582912,20,1,-2,0
48.60853804499999,1779965225.9597304,7118,59360,2,12582912,35,1,-2,0
48.60853804499999,1779965225.9597304,7118,59361,3,12582912,35,1,-2,0
48.60853804499999,1779965225.9597304,7118,59362,4,12582912,21,1,-2,0
48.60853804499999,1779965225.9597304,7118,59363,5,12582912,13,1,-2,0
48.60853804499999,1779965225.9597304,7118,59364,6,12582912,21,1,-2,0
48.60853804499999,1779965225.9597304,7118,59365,7,12582912,31,1,-2,0
48.63134235399997,1779965225.9825346,7119,59366,0,12582912,30,1,-2,0
48.63134235399997,1779965225.9825346,7119,59367,1,12582912,15,1,-2,0
48.63134235399997,1779965225.9825346,7119,59368,2,12582912,8,1,-2,0
48.63134235399997,1779965225.9825346,7119,59369,3,12582912,23,1,-2,0
48.63134235399997,1779965225.9825346,7119,59370,4,12582912,44,1,-2,0
48.63134235399997,1779965225.9825346,7119,59371,5,12582912,47,1,-2,0
48.63134235399997,1779965225.9825346,7119,59372,6,12582912,28,1,-2,0
48.63134235399997,1779965225.9825346,7119,59373,7,12582912,15,1,-2,0
48.681583020999994,1779965226.0327754,7120,59374,0,12582912,21,1,-2,0
48.681583020999994,1779965226.0327754,7120,59375,1,12582912,31,1,-1,0
48.681583020999994,1779965226.0327754,7120,59376,2,12582912,28,1,-1,0
48.681583020999994,1779965226.0327754,7120,59377,3,12582912,7,1,-1,0
48.681583020999994,1779965226.0327754,7120,59378,4,12582912,-8,1,-1,0
48.681583020999994,1779965226.0327754,7120,59379,5,12582912,0,1,-1,0
48.681583020999994,1779965226.0327754,7120,59380,6,12582912,21,1,-1,0
48.681583020999994,1779965226.0327754,7120,59381,7,12582912,31,1,-1,0
48.68305182900002,1779965226.0342433,7121,59382,0,12582912,19,1,-1,0
48.68305182900002,1779965226.0342433,7121,59383,1,12582912,11,1,-1,0
48.68305182900002,1779965226.0342433,7121,59384,2,12582912,21,1,-1,0
48.68305182900002,1779965226.0342433,7121,59385,3,12582912,30,1,-1,0
48.68305182900002,1779965226.0342433,7121,59386,4,12582912,21,1,-1,0
48.68305182900002,1779965226.0342433,7121,59387,5,12582912,2,1,-1,0
48.68305182900002,1779965226.0342433,7121,59388,6,12582912,-3,1,-1,0
48.68305182900002,1779965226.0342433,7121,59389,7,12582912,15,1,-1,0
48.72696127099999,1779965226.0781534,7122,59390,0,12582912,32,1,-1,0
48.72696127099999,1779965226.0781534,7122,59391,1,12582912,26,1,-1,0
48.72696127099999,1779965226.0781534,7122,59392,2,12582912,4,1,-1,0
48.72696127099999,1779965226.0781534,7122,59393,3,12582912,-2,1,-1,0
48.72696127099999,1779965226.0781534,7122,59394,4,12582912,14,1,-1,0
48.72696127099999,1779965226.0781534,7122,59395,5,12582912,31,1,-1,0
48.72696127099999,1779965226.0781534,7122,59396,6,12582912,34,1,-1,0
48.72696127099999,1779965226.0781534,7122,59397,7,12582912,23,1,-1,0
48.74983797599998,1779965226.1010303,7123,59398,0,12582912,23,1,-1,0
48.74983797599998,1779965226.1010303,7123,59399,1,12582912,36,1,-1,0
48.74983797599998,1779965226.1010303,7123,59400,2,12582912,37,1,-1,0
48.74983797599998,1779965226.1010303,7123,59401,3,12582912,11,1,-1,0
48.74983797599998,1779965226.1010303,7123,59402,4,12582912,-21,1,-1,0
48.74983797599998,1779965226.1010303,7123,59403,5,12582912,-17,1,-1,0
48.74983797599998,1779965226.1010303,7123,59404,6,12582912,24,1,-1,0
48.74983797599998,1779965226.1010303,7123,59405,7,12582912,57,1,-1,0
48.79381325200001,1779965226.1450055,7124,59406,0,12582912,57,1,-1,0
48.79381325200001,1779965226.1450055,7124,59407,1,12582912,34,1,-1,0
48.79381325200001,1779965226.1450055,7124,59408,2,12582912,20,1,-1,0
48.79381325200001,1779965226.1450055,7124,59409,3,12582912,27,1,-1,0
48.79381325200001,1779965226.1450055,7124,59410,4,12582912,37,1,-1,0
48.79381325200001,1779965226.1450055,7124,59411,5,12582912,31,1,-1,0
48.79381325200001,1779965226.1450055,7124,59412,6,12582912,14,1,-1,0
48.79381325200001,1779965226.1450055,7124,59413,7,12582912,13,1,-1,0
48.845079338000005,1779965226.196272,7125,59414,0,12582912,30,1,-1,0
48.845079338000005,1779965226.196272,7125,59415,1,12582912,38,1,-1,0
48.845079338000005,1779965226.196272,7125,59416,2,12582912,28,1,-1,0
48.845079338000005,1779965226.196272,7125,59417,3,12582912,15,1,-1,0
48.845079338000005,1779965226.196272,7125,59418,4,12582912,26,1,-1,0
48.845079338000005,1779965226.196272,7125,59419,5,12582912,52,1,-1,0
48.845079338000005,1779965226.196272,7125,59420,6,12582912,59,1,-1,0
48.845079338000005,1779965226.196272,7125,59421,7,12582912,37,1,-1,0
48.951506369000015,1779965226.3026989,7126,59422,0,12582912,10,1,-1,0
48.951506369000015,1779965226.3026989,7126,59423,1,12582912,8,1,-1,0
48.951506369000015,1779965226.3026989,7126,59424,2,12582912,26,1,-1,0
48.951506369000015,1779965226.3026989,7126,59425,3,12582912,40,1,-1,0
48.951506369000015,1779965226.3026989,7126,59426,4,12582912,35,1,-1,0
48.951506369000015,1779965226.3026989,7126,59427,5,12582912,17,1,-1,0
48.951506369000015,1779965226.3026989,7126,59428,6,12582912,14,1,-1,0
48.951506369000015,1779965226.3026989,7126,59429,7,12582912,24,1,-1,0
48.953071009999974,1779965226.3042624,7127,59430,0,12582912,25,1,-1,0
48.953071009999974,1779965226.3042624,7127,59431,1,12582912,12,1,-1,0
48.953071009999974,1779965226.3042624,7127,59432,2,12582912,-4,1,-1,0
48.953071009999974,1779965226.3042624,7127,59433,3,12582912,3,1,-1,0
48.953071009999974,1779965226.3042624,7127,59434,4,12582912,31,1,-1,0
48.953071009999974,1779965226.3042624,7127,59435,5,12582912,47,1,-1,0
48.953071009999974,1779965226.3042624,7127,59436,6,12582912,38,1,-1,0
48.953071009999974,1779965226.3042624,7127,59437,7,12582912,15,1,-1,0
48.95445476599997,1779965226.3056464,7128,59438,0,12582912,8,1,-1,0
48.95445476599997,1779965226.3056464,7128,59439,1,12582912,17,1,-1,0
48.95445476599997,1779965226.3056464,7128,59440,2,12582912,25,1,-1,0
48.95445476599997,1779965226.3056464,7128,59441,3,12582912,12,1,-1,0
48.95445476599997,1779965226.3056464,7128,59442,4,12582912,-9,1,-1,0
48.95445476599997,1779965226.3056464,7128,59443,5,12582912,-3,1,-1,0
48.95445476599997,1779965226.3056464,7128,59444,6,12582912,28,1,-1,0
48.95445476599997,1779965226.3056464,7128,59445,7,12582912,46,1,-1,0
48.95624638700002,1779965226.307438,7129,59446,0,12582912,34,0,-1,0
48.95624638700002,1779965226.307438,7129,59447,1,12582912,1,0,-1,0
48.95624638700002,1779965226.307438,7129,59448,2,12582912,-16,0,-1,0
48.95624638700002,1779965226.307438,7129,59449,3,12582912,-3,0,-1,0
48.95624638700002,1779965226.307438,7129,59450,4,12582912,20,0,-1,0
48.95624638700002,1779965226.307438,7129,59451,5,12582912,26,0,-1,0
48.95624638700002,1779965226.307438,7129,59452,6,12582912,9,0,-1,0
48.95624638700002,1779965226.307438,7129,59453,7,12582912,-3,0,-1,0
48.978979966,1779965226.330172,7130,59454,0,12582912,6,0,-1,0
48.978979966,1779965226.330172,7130,59455,1,12582912,20,0,-1,0
48.978979966,1779965226.330172,7130,59456,2,12582912,21,0,-1,0
48.978979966,1779965226.330172,7130,59457,3,12582912,1,0,-1,0
48.978979966,1779965226.330172,7130,59458,4,12582912,-13,0,-1,0
48.978979966,1779965226.330172,7130,59459,5,12582912,3,0,-1,0
48.978979966,1779965226.330172,7130,59460,6,12582912,30,0,-1,0
48.978979966,1779965226.330172,7130,59461,7,12582912,42,0,-1,0
49.00184786799997,1779965226.3530405,7131,59462,0,12582912,28,0,-1,0
49.00184786799997,1779965226.3530405,7131,59463,1,12582912,7,0,0,0
49.00184786799997,1779965226.3530405,7131,59464,2,12582912,6,0,0,0
49.00184786799997,1779965226.3530405,7131,59465,3,12582912,24,0,0,0
49.00184786799997,1779965226.3530405,7131,59466,4,12582912,38,0,0,0
49.00184786799997,1779965226.3530405,7131,59467,5,12582912,20,0,0,0
49.00184786799997,1779965226.3530405,7131,59468,6,12582912,-15,0,0,0
49.00184786799997,1779965226.3530405,7131,59469,7,12582912,-25,0,0,0
49.046029551000004,1779965226.3972218,7132,59470,0,12582912,-2,0,0,0
49.046029551000004,1779965226.3972218,7132,59471,1,12582912,15,0,0,0
49.046029551000004,1779965226.3972218,7132,59472,2,12582912,-6,0,0,0
49.046029551000004,1779965226.3972218,7132,59473,3,12582912,-29,0,0,0
49.046029551000004,1779965226.3972218,7132,59474,4,12582912,-16,0,0,0
49.046029551000004,1779965226.3972218,7132,59475,5,12582912,21,0,0,0
49.046029551000004,1779965226.3972218,7132,59476,6,12582912,48,0,0,0
49.046029551000004,1779965226.3972218,7132,59477,7,12582912,35,0,0,0
49.06890115099998,1779965226.420094,7133,59478,0,12582912,0,0,0,0
49.06890115099998,1779965226.420094,7133,59479,1,12582912,-13,0,0,0
49.06890115099998,1779965226.420094,7133,59480,2,12582912,10,0,0,0
49.06890115099998,1779965226.420094,7133,59481,3,12582912,39,0,0,0
49.06890115099998,1779965226.420094,7133,59482,4,12582912,26,0,0,0
49.06890115099998,1779965226.420094,7133,59483,5,12582912,-14,0,0,0
49.06890115099998,1779965226.420094,7133,59484,6,12582912,-28,0,0,0
49.06890115099998,1779965226.420094,7133,59485,7,12582912,6,0,0,0
49.12221552599999,1779965226.4734082,7134,59486,0,12582912,50,0,0,0
49.12221552599999,1779965226.4734082,7134,59487,1,12582912,52,0,0,0
49.12221552599999,1779965226.4734082,7134,59488,2,12582912,18,0,0,0
49.12221552599999,1779965226.4734082,7134,59489,3,12582912,-6,0,0,0
49.12221552599999,1779965226.4734082,7134,59490,4,12582912,6,0,0,0
49.12221552599999,1779965226.4734082,7134,59491,5,12582912,24,0,0,0
49.12221552599999,1779965226.4734082,7134,59492,6,12582912,13,0,0,0
49.12221552599999,1779965226.4734082,7134,59493,7,12582912,-12,0,0,0
49.160870208999995,1779965226.5120633,7135,59494,0,12582912,-19,0,0,0
49.160870208999995,1779965226.5120633,7135,59495,1,12582912,2,0,0,0
49.160870208999995,1779965226.5120633,7135,59496,2,12582912,33,0,0,0
49.160870208999995,1779965226.5120633,7135,59497,3,12582912,32,0,0,0
49.160870208999995,1779965226.5120633,7135,59498,4,12582912,0,0,0,0
49.160870208999995,1779965226.5120633,7135,59499,5,12582912,-18,0,0,0
49.160870208999995,1779965226.5120633,7135,59500,6,12582912,-1,0,0,0
49.160870208999995,1779965226.5120633,7135,59501,7,12582912,192,0,0,0
49.192887418,1779965226.5440798,7136,59502,0,12582912,242,0,0,0
49.192887418,1779965226.5440798,7136,59503,1,12582912,-328,0,0,0
49.192887418,1779965226.5440798,7136,59504,2,12582912,-688,0,0,0
49.192887418,1779965226.5440798,7136,59505,3,12582912,-77,0,0,0
49.192887418,1779965226.5440798,7136,59506,4,12582912,672,0,0,0
49.192887418,1779965226.5440798,7136,59507,5,12582912,535,0,0,0
49.192887418,1779965226.5440798,7136,59508,6,12582912,-251,0,0,0
49.192887418,1779965226.5440798,7136,59509,7,12582912,-606,0,0,0
49.21566620499999,1779965226.5668585,7137,59510,0,12582912,-106,0,0,0
49.21566620499999,1779965226.5668585,7137,59511,1,12582912,509,0,0,0
49.21566620499999,1779965226.5668585,7137,59512,2,12582912,414,0,0,0
49.21566620499999,1779965226.5668585,7137,59513,3,12582912,-203,0,0,0
49.21566620499999,1779965226.5668585,7137,59514,4,12582912,-486,0,0,0
49.21566620499999,1779965226.5668585,7137,59515,5,12582912,-90,0,0,0
49.21566620499999,1779965226.5668585,7137,59516,6,12582912,400,0,0,0
49.21566620499999,1779965226.5668585,7137,59517,7,12582912,339,0,0,0
49.30238779399997,1779965226.65358,7138,59518,0,12582912,-126,0,0,0
49.30238779399997,1779965226.65358,7138,59519,1,12582912,-346,0,0,0
49.30238779399997,1779965226.65358,7138,59520,2,12582912,-57,0,0,0
49.30238779399997,1779965226.65358,7138,59521,3,12582912,307,0,0,0
49.30238779399997,1779965226.65358,7138,59522,4,12582912,257,0,0,0
49.30238779399997,1779965226.65358,7138,59523,5,12582912,-101,0,0,0
49.30238779399997,1779965226.65358,7138,59524,6,12582912,-272,0,0,0
49.30238779399997,1779965226.65358,7138,59525,7,12582912,-51,0,0,0
49.30384858100001,1779965226.6550398,7139,59526,0,12582912,235,0,0,0
49.30384858100001,1779965226.6550398,7139,59527,1,12582912,205,0,0,0
49.30384858100001,1779965226.6550398,7139,59528,2,12582912,-68,0,0,0
49.30384858100001,1779965226.6550398,7139,59529,3,12582912,-207,0,0,0
49.30384858100001,1779965226.6550398,7139,59530,4,12582912,-43,0,0,0
49.30384858100001,1779965226.6550398,7139,59531,5,12582912,186,0,0,0
49.30384858100001,1779965226.6550398,7139,59532,6,12582912,175,0,0,0
49.30384858100001,1779965226.6550398,7139,59533,7,12582912,-43,0,0,0
49.30533988899998,1779965226.6565316,7140,59534,0,12582912,-172,0,0,0
49.30533988899998,1779965226.6565316,7140,59535,1,12582912,-54,0,0,0
49.30533988899998,1779965226.6565316,7140,59536,2,12582912,134,0,0,0
49.30533988899998,1779965226.6565316,7140,59537,3,12582912,139,0,0,0
49.30533988899998,1779965226.6565316,7140,59538,4,12582912,-23,0,0,0
49.30533988899998,1779965226.6565316,7140,59539,5,12582912,-130,0,0,0
49.30533988899998,1779965226.6565316,7140,59540,6,12582912,-50,0,0,0
49.30533988899998,1779965226.6565316,7140,59541,7,12582912,92,0,0,0
49.36665127499998,1779965226.7178438,7141,59542,0,12582912,98,0,0,0
49.36665127499998,1779965226.7178438,7141,59543,1,12582912,-26,0,0,0
49.36665127499998,1779965226.7178438,7141,59544,2,12582912,-110,0,0,0
49.36665127499998,1779965226.7178438,7141,59545,3,12582912,-44,0,0,0
49.36665127499998,1779965226.7178438,7141,59546,4,12582912,76,0,0,0
49.36665127499998,1779965226.7178438,7141,59547,5,12582912,91,0,0,0
49.36665127499998,1779965226.7178438,7141,59548,6,12582912,-6,0,0,0
49.36665127499998,1779965226.7178438,7141,59549,7,12582912,-78,0,0,0
49.36818466599999,1779965226.7193766,7142,59550,0,12582912,-29,0,0,0
49.36818466599999,1779965226.7193766,7142,59551,1,12582912,68,0,0,0
49.36818466599999,1779965226.7193766,7142,59552,2,12582912,79,0,0,0
49.36818466599999,1779965226.7193766,7142,59553,3,12582912,7,0,0,0
49.36818466599999,1779965226.7193766,7142,59554,4,12582912,-44,0,0,0
49.36818466599999,1779965226.7193766,7142,59555,5,12582912,-8,0,0,0
49.36818466599999,1779965226.7193766,7142,59556,6,12582912,58,0,0,0
49.36818466599999,1779965226.7193766,7142,59557,7,12582912,61,0,0,0
49.42065705900001,1779965226.7718494,7143,59558,0,12582912,5,0,0,0
49.42065705900001,1779965226.7718494,7143,59559,1,12582912,-35,0,0,0
49.42065705900001,1779965226.7718494,7143,59560,2,12582912,-6,0,0,0
49.42065705900001,1779965226.7718494,7143,59561,3,12582912,54,0,0,0
49.42065705900001,1779965226.7718494,7143,59562,4,12582912,64,0,0,0
49.42065705900001,1779965226.7718494,7143,59563,5,12582912,18,0,0,0
49.42065705900001,1779965226.7718494,7143,59564,6,12582912,-14,0,0,0
49.42065705900001,1779965226.7718494,7143,59565,7,12582912,17,0,0,0
49.450088268,1779965226.8012803,7144,59566,0,12582912,68,0,0,0
49.450088268,1779965226.8012803,7144,59567,1,12582912,65,0,0,0
49.450088268,1779965226.8012803,7144,59568,2,12582912,10,0,0,0
49.450088268,1779965226.8012803,7144,59569,3,12582912,-31,0,0,0
49.450088268,1779965226.8012803,7144,59570,4,12582912,-5,0,0,0
49.450088268,1779965226.8012803,7144,59571,5,12582912,48,0,0,0
49.450088268,1779965226.8012803,7144,59572,6,12582912,58,0,0,0
49.450088268,1779965226.8012803,7144,59573,7,12582912,16,0,0,0
49.49544422700001,1779965226.8466358,7145,59574,0,12582912,-24,0,0,0
49.49544422700001,1779965226.8466358,7145,59575,1,12582912,-3,0,0,0
49.49544422700001,1779965226.8466358,7145,59576,2,12582912,54,0,0,0
49.49544422700001,1779965226.8466358,7145,59577,3,12582912,61,0,0,0
49.49544422700001,1779965226.8466358,7145,59578,4,12582912,-2,0,0,0
49.49544422700001,1779965226.8466358,7145,59579,5,12582912,-55,0,0,0
49.49544422700001,1779965226.8466358,7145,59580,6,12582912,-17,0,0,0
49.49544422700001,1779965226.8466358,7145,59581,7,12582912,66,0,0,0
49.49606146899998,1779965226.8472524,7146,59582,0,12582912,90,0,0,0
49.49606146899998,1779965226.8472524,7146,59583,1,12582912,40,0,0,0
49.49606146899998,1779965226.8472524,7146,59584,2,12582912,-6,0,0,0
49.49606146899998,1779965226.8472524,7146,59585,3,12582912,18,0,0,0
49.49606146899998,1779965226.8472524,7146,59586,4,12582912,75,0,0,0
49.49606146899998,1779965226.8472524,7146,59587,5,12582912,90,0,0,0
49.49606146899998,1779965226.8472524,7146,59588,6,12582912,50,0,0,0
49.49606146899998,1779965226.8472524,7146,59589,7,12582912,3,0,0,0
49.53924538799998,1779965226.8904371,7147,59590,0,12582912,10,0,0,0
49.53924538799998,1779965226.8904371,7147,59591,1,12582912,63,0,0,0
49.53924538799998,1779965226.8904371,7147,59592,2,12582912,92,0,0,0
49.53924538799998,1779965226.8904371,7147,59593,3,12582912,77,0,0,0
49.53924538799998,1779965226.8904371,7147,59594,4,12582912,52,0,0,0
49.53924538799998,1779965226.8904371,7147,59595,5,12582912,49,0,0,0
49.53924538799998,1779965226.8904371,7147,59596,6,12582912,65,0,0,0
49.53924538799998,1779965226.8904371,7147,59597,7,12582912,72,0,0,0
49.56986493400001,1779965226.9210565,7148,59598,0,12582912,53,0,0,0
49.56986493400001,1779965226.9210565,7148,59599,1,12582912,28,0,0,0
49.56986493400001,1779965226.9210565,7148,59600,2,12582912,33,0,0,0
49.56986493400001,1779965226.9210565,7148,59601,3,12582912,63,0,0,0
49.56986493400001,1779965226.9210565,7148,59602,4,12582912,75,0,0,0
49.56986493400001,1779965226.9210565,7148,59603,5,12582912,56,0,0,0
49.56986493400001,1779965226.9210565,7148,59604,6,12582912,32,0,0,0
49.56986493400001,1779965226.9210565,7148,59605,7,12582912,38,0,0,0
49.59177679099997,1779965226.942969,7149,59606,0,12582912,69,0,0,0
49.59177679099997,1779965226.942969,7149,59607,1,12582912,83,0,0,0
49.59177679099997,1779965226.942969,7149,59608,2,12582912,55,0,0,0
49.59177679099997,1779965226.942969,7149,59609,3,12582912,14,0,0,0
49.59177679099997,1779965226.942969,7149,59610,4,12582912,14,0,0,0
49.59177679099997,1779965226.942969,7149,59611,5,12582912,49,0,0,0
49.59177679099997,1779965226.942969,7149,59612,6,12582912,70,0,0,0
49.59177679099997,1779965226.942969,7149,59613,7,12582912,56,0,0,0
49.66097383199997,1779965227.012165,7150,59614,0,12582912,29,0,0,0
49.66097383199997,1779965227.012165,7150,59615,1,12582912,25,0,0,0
49.66097383199997,1779965227.012165,7150,59616,2,12582912,42,0,0,0
49.66097383199997,1779965227.012165,7150,59617,3,12582912,58,0,0,0
49.66097383199997,1779965227.012165,7150,59618,4,12582912,67,0,0,0
49.66097383199997,1779965227.012165,7150,59619,5,12582912,57,0,0,0
49.66097383199997,1779965227.012165,7150,59620,6,12582912,41,0,0,0
49.66097383199997,1779965227.012165,7150,59621,7,12582912,42,0,0,0
49.68309844800001,1779965227.034291,7151,59622,0,12582912,54,0,0,0
49.68309844800001,1779965227.034291,7151,59623,1,12582912,72,0,0,0
49.68309844800001,1779965227.034291,7151,59624,2,12582912,82,0,0,0
49.68309844800001,1779965227.034291,7151,59625,3,12582912,71,0,0,0
49.68309844800001,1779965227.034291,7151,59626,4,12582912,51,0,0,0
49.68309844800001,1779965227.034291,7151,59627,5,12582912,49,0,0,0
49.68309844800001,1779965227.034291,7151,59628,6,12582912,63,0,0,0
49.68309844800001,1779965227.034291,7151,59629,7,12582912,63,0,0,0
49.69422739700002,1779965227.0454206,7152,59630,0,12582912,44,0,0,0
49.69422739700002,1779965227.0454206,7152,59631,1,12582912,32,0,0,0
49.69422739700002,1779965227.0454206,7152,59632,2,12582912,44,0,0,0
49.69422739700002,1779965227.0454206,7152,59633,3,12582912,70,0,0,0
49.69422739700002,1779965227.0454206,7152,59634,4,12582912,77,0,0,0
49.69422739700002,1779965227.0454206,7152,59635,5,12582912,56,0,0,0
49.69422739700002,1779965227.0454206,7152,59636,6,12582912,38,0,0,0
49.69422739700002,1779965227.0454206,7152,59637,7,12582912,46,0,0,0
49.71717493400001,1779965227.068367,7153,59638,0,12582912,64,0,0,0
49.71717493400001,1779965227.068367,7153,59639,1,12582912,58,0,0,0
49.71717493400001,1779965227.068367,7153,59640,2,12582912,32,0,0,0
49.71717493400001,1779965227.068367,7153,59641,3,12582912,11,0,0,0
49.71717493400001,1779965227.068367,7153,59642,4,12582912,12,0,0,0
49.71717493400001,1779965227.068367,7153,59643,5,12582912,33,0,0,0
49.71717493400001,1779965227.068367,7153,59644,6,12582912,40,0,0,0
49.71717493400001,1779965227.068367,7153,59645,7,12582912,23,0,0,0
49.76122130099998,1779965227.1124136,7154,59646,0,12582912,9,0,0,0
49.76122130099998,1779965227.1124136,7154,59647,1,12582912,18,0,0,0
49.76122130099998,1779965227.1124136,7154,59648,2,12582912,43,0,0,0
49.76122130099998,1779965227.1124136,7154,59649,3,12582912,49,0,0,0
49.76122130099998,1779965227.1124136,7154,59650,4,12582912,26,0,0,0
49.76122130099998,1779965227.1124136,7154,59651,5,12582912,2,0,0,0
49.76122130099998,1779965227.1124136,7154,59652,6,12582912,8,0,0,0
49.76122130099998,1779965227.1124136,7154,59653,7,12582912,39,0,0,0
49.799843323999994,1779965227.1510355,7155,59654,0,12582912,47,0,0,0
49.799843323999994,1779965227.1510355,7155,59655,1,12582912,20,0,0,0
49.799843323999994,1779965227.1510355,7155,59656,2,12582912,-8,0,0,0
49.799843323999994,1779965227.1510355,7155,59657,3,12582912,-3,0,0,0
49.799843323999994,1779965227.1510355,7155,59658,4,12582912,36,0,0,0
49.799843323999994,1779965227.1510355,7155,59659,5,12582912,57,0,0,0
49.799843323999994,1779965227.1510355,7155,59660,6,12582912,28,0,0,0
49.799843323999994,1779965227.1510355,7155,59661,7,12582912,-14,0,0,0
49.84263624900001,1779965227.1938276,7156,59662,0,12582912,-12,0,0,0
49.84263624900001,1779965227.1938276,7156,59663,1,12582912,34,0,0,0
49.84263624900001,1779965227.1938276,7156,59664,2,12582912,58,0,0,0
49.84263624900001,1779965227.1938276,7156,59665,3,12582912,16,0,0,0
49.84263624900001,1779965227.1938276,7156,59666,4,12582912,-59,0,0,0
49.84263624900001,1779965227.1938276,7156,59667,5,12582912,-53,0,0,0
49.84263624900001,1779965227.1938276,7156,59668,6,12582912,95,0,0,0
49.84263624900001,1779965227.1938276,7156,59669,7,12582912,216,0,0,0
49.86489680400001,1779965227.2160892,7157,59670,0,12582912,126,0,0,0
49.86489680400001,1779965227.2160892,7157,59671,1,12582912,-60,0,0,0
49.86489680400001,1779965227.2160892,7157,59672,2,12582912,-83,0,0,0
49.86489680400001,1779965227.2160892,7157,59673,3,12582912,80,0,0,0
49.86489680400001,1779965227.2160892,7157,59674,4,12582912,190,0,0,0
49.86489680400001,1779965227.2160892,7157,59675,5,12582912,104,0,0,0
49.86489680400001,1779965227.2160892,7157,59676,6,12582912,-42,0,0,0
49.86489680400001,1779965227.2160892,7157,59677,7,12582912,-40,0,0,0
49.918006279,1779965227.2691994,7158,59678,0,12582912,99,0,0,0
49.918006279,1779965227.2691994,7158,59679,1,12582912,171,0,0,0
49.918006279,1779965227.2691994,7158,59680,2,12582912,79,0,0,0
49.918006279,1779965227.2691994,7158,59681,3,12582912,-41,0,0,0
49.918006279,1779965227.2691994,7158,59682,4,12582912,-34,0,0,0
49.918006279,1779965227.2691994,7158,59683,5,12582912,72,0,0,0
49.918006279,1779965227.2691994,7158,59684,6,12582912,122,0,0,0
49.918006279,1779965227.2691994,7158,59685,7,12582912,55,0,0,0
49.919444096999996,1779965227.2706354,7159,59686,0,12582912,-28,0,0,0
49.919444096999996,1779965227.2706354,7159,59687,1,12582912,-17,0,0,0
49.919444096999996,1779965227.2706354,7159,59688,2,12582912,67,0,0,0
49.919444096999996,1779965227.2706354,7159,59689,3,12582912,104,0,0,0
49.919444096999996,1779965227.2706354,7159,59690,4,12582912,47,0,0,0
49.919444096999996,1779965227.2706354,7159,59691,5,12582912,-20,0,0,0
49.919444096999996,1779965227.2706354,7159,59692,6,12582912,-3,0,0,0
49.919444096999996,1779965227.2706354,7159,59693,7,12582912,70,0,0,0
49.942309185,1779965227.2935014,7160,59694,0,12582912,93,0,0,0
49.942309185,1779965227.2935014,7160,59695,1,12582912,35,0,0,0
49.942309185,1779965227.2935014,7160,59696,2,12582912,-20,0,0,0
49.942309185,1779965227.2935014,7160,59697,3,12582912,-3,0,0,0
49.942309185,1779965227.2935014,7160,59698,4,12582912,52,0,0,0
49.942309185,1779965227.2935014,7160,59699,5,12582912,68,0,0,0
49.942309185,1779965227.2935014,7160,59700,6,12582912,35,0,0,0
49.942309185,1779965227.2935014,7160,59701,7,12582912,7,0,0,0
50.00301467899999,1779965227.354207,7161,59702,0,12582912,17,0,0,0
50.00301467899999,1779965227.354207,7161,59703,1,12582912,46,0,0,0
50.00301467899999,1779965227.354207,7161,59704,2,12582912,51,0,0,0
50.00301467899999,1779965227.354207,7161,59705,3,12582912,25,0,0,0
50.00301467899999,1779965227.354207,7161,59706,4,12582912,9,0,0,0
50.00301467899999,1779965227.354207,7161,59707,5,12582912,27,0,0,0
50.00301467899999,1779965227.354207,7161,59708,6,12582912,54,0,0,0
50.00301467899999,1779965227.354207,7161,59709,7,12582912,51,0,0,0
50.02647581000002,1779965227.3776681,7162,59710,0,12582912,20,0,0,0
50.02647581000002,1779965227.3776681,7162,59711,1,12582912,0,0,0,0
50.02647581000002,1779965227.3776681,7162,59712,2,12582912,12,0,0,0
50.02647581000002,1779965227.3776681,7162,59713,3,12582912,38,0,0,0
50.02647581000002,1779965227.3776681,7162,59714,4,12582912,39,0,0,0
50.02647581000002,1779965227.3776681,7162,59715,5,12582912,7,0,0,0
50.02647581000002,1779965227.3776681,7162,59716,6,12582912,-22,0,0,0
50.02647581000002,1779965227.3776681,7162,59717,7,12582912,-8,0,0,0
50.05529284800002,1779965227.4064858,7163,59718,0,12582912,33,0,0,0
50.05529284800002,1779965227.4064858,7163,59719,1,12582912,44,0,0,0
50.05529284800002,1779965227.4064858,7163,59720,2,12582912,9,0,0,0
50.05529284800002,1779965227.4064858,7163,59721,3,12582912,-22,0,0,0
50.05529284800002,1779965227.4064858,7163,59722,4,12582912,-6,0,0,0
50.05529284800002,1779965227.4064858,7163,59723,5,12582912,34,0,0,0
50.05529284800002,1779965227.4064858,7163,59724,6,12582912,44,0,0,0
50.05529284800002,1779965227.4064858,7163,59725,7,12582912,11,0,0,0
50.077071837999995,1779965227.428264,7164,59726,0,12582912,-24,0,0,0
50.077071837999995,1779965227.428264,7164,59727,1,12582912,-15,0,0,0
50.077071837999995,1779965227.428264,7164,59728,2,12582912,22,0,0,0
50.077071837999995,1779965227.428264,7164,59729,3,12582912,31,0,0,0
50.077071837999995,1779965227.428264,7164,59730,4,12582912,-2,0,0,0
50.077071837999995,1779965227.428264,7164,59731,5,12582912,-34,0,0,0
50.077071837999995,1779965227.428264,7164,59732,6,12582912,-26,0,0,0
50.077071837999995,1779965227.428264,7164,59733,7,12582912,8,0,0,0
50.09922567299998,1779965227.450417,7165,59734,0,12582912,20,0,0,0
50.09922567299998,1779965227.450417,7165,59735,1,12582912,-3,0,0,0
50.09922567299998,1779965227.450417,7165,59736,2,12582912,-21,0,0,0
50.09922567299998,1779965227.450417,7165,59737,3,12582912,-6,0,0,0
50.09922567299998,1779965227.450417,7165,59738,4,12582912,27,0,0,0
50.09922567299998,1779965227.450417,7165,59739,5,12582912,36,0,0,0
50.09922567299998,1779965227.450417,7165,59740,6,12582912,11,0,0,0
50.09922567299998,1779965227.450417,7165,59741,7,12582912,-18,0,0,0
50.13876384600002,1779965227.4899557,7166,59742,0,12582912,-23,0,0,0
50.13876384600002,1779965227.4899557,7166,59743,1,12582912,-2,0,0,0
50.13876384600002,1779965227.4899557,7166,59744,2,12582912,8,0,0,0
50.13876384600002,1779965227.4899557,7166,59745,3,12582912,-8,0,0,0
50.13876384600002,1779965227.4899557,7166,59746,4,12582912,-22,0,0,0
50.13876384600002,1779965227.4899557,7166,59747,5,12582912,-10,0,0,0
50.13876384600002,1779965227.4899557,7166,59748,6,12582912,14,0,0,0
50.13876384600002,1779965227.4899557,7166,59749,7,12582912,19,0,0,0
50.18172890699998,1779965227.5329206,7167,59750,0,12582912,0,0,0,0
50.18172890699998,1779965227.5329206,7167,59751,1,12582912,-19,0,0,0
50.18172890699998,1779965227.5329206,7167,59752,2,12582912,-22,0,0,0
50.18172890699998,1779965227.5329206,7167,59753,3,12582912,-7,0,0,0
50.18172890699998,1779965227.5329206,7167,59754,4,12582912,7,0,0,0
50.18172890699998,1779965227.5329206,7167,59755,5,12582912,6,0,0,0
50.18172890699998,1779965227.5329206,7167,59756,6,12582912,2,0,0,0
50.18172890699998,1779965227.5329206,7167,59757,7,12582912,7,0,0,0
50.221917968000014,1779965227.573111,7168,59758,0,12582912,19,0,0,0
50.221917968000014,1779965227.573111,7168,59759,1,12582912,22,0,0,0
50.221917968000014,1779965227.573111,7168,59760,2,12582912,5,0,0,0
50.221917968000014,1779965227.573111,7168,59761,3,12582912,-16,0,0,0
50.221917968000014,1779965227.573111,7168,59762,4,12582912,-17,0,0,0
50.221917968000014,1779965227.573111,7168,59763,5,12582912,3,0,0,0
50.221917968000014,1779965227.573111,7168,59764,6,12582912,17,0,0,0
50.221917968000014,1779965227.573111,7168,59765,7,12582912,4,0,0,0
50.23348827299998,1779965227.5846808,7169,59766,0,12582912,-25,0,0,0
50.23348827299998,1779965227.5846808,7169,59767,1,12582912,-33,0,0,0
50.23348827299998,1779965227.5846808,7169,59768,2,12582912,-8,0,0,0
50.23348827299998,1779965227.5846808,7169,59769,3,12582912,15,0,0,0
50.23348827299998,1779965227.5846808,7169,59770,4,12582912,1,0,0,0
50.23348827299998,1779965227.5846808,7169,59771,5,12582912,-31,0,0,0
50.23348827299998,1779965227.5846808,7169,59772,6,12582912,-41,0,0,0
50.23348827299998,1779965227.5846808,7169,59773,7,12582912,-15,0,0,0
50.28300596399998,1779965227.6341977,7170,59774,0,12582912,10,0,0,0
50.28300596399998,1779965227.6341977,7170,59775,1,12582912,8,0,0,0
50.28300596399998,1779965227.6341977,7170,59776,2,12582912,-6,0,0,0
50.28300596399998,1779965227.6341977,7170,59777,3,12582912,-2,0,0,0
50.28300596399998,1779965227.6341977,7170,59778,4,12582912,21,0,0,0
50.28300596399998,1779965227.6341977,7170,59779,5,12582912,32,0,0,0
50.28300596399998,1779965227.6341977,7170,59780,6,12582912,12,0,0,0
50.28300596399998,1779965227.6341977,7170,59781,7,12582912,-16,0,0,0
50.30538740399999,1779965227.6565793,7171,59782,0,12582912,-23,0,0,0
50.30538740399999,1779965227.6565793,7171,59783,1,12582912,0,0,0,0
50.30538740399999,1779965227.6565793,7171,59784,2,12582912,22,0,0,0
50.30538740399999,1779965227.6565793,7171,59785,3,12582912,14,0,0,0
50.30538740399999,1779965227.6565793,7171,59786,4,12582912,-9,0,0,0
50.30538740399999,1779965227.6565793,7171,59787,5,12582912,-13,0,0,0
50.30538740399999,1779965227.6565793,7171,59788,6,12582912,5,0,0,0
50.30538740399999,1779965227.6565793,7171,59789,7,12582912,18,0,0,0
50.32769108299999,1779965227.678883,7172,59790,0,12582912,8,0,0,0
50.32769108299999,1779965227.678883,7172,59791,1,12582912,-14,0,0,0
50.32769108299999,1779965227.678883,7172,59792,2,12582912,-25,0,0,0
50.32769108299999,1779965227.678883,7172,59793,3,12582912,-15,0,0,0
50.32769108299999,1779965227.678883,7172,59794,4,12582912,-6,0,0,0
50.32769108299999,1779965227.678883,7172,59795,5,12582912,-20,0,0,0
50.32769108299999,1779965227.678883,7172,59796,6,12582912,-44,0,0,0
50.32769108299999,1779965227.678883,7172,59797,7,12582912,-37,0,0,0
50.371263021999994,1779965227.7224555,7173,59798,0,12582912,8,0,0,0
50.371263021999994,1779965227.7224555,7173,59799,1,12582912,45,0,0,0
50.371263021999994,1779965227.7224555,7173,59800,2,12582912,28,0,0,0
50.371263021999994,1779965227.7224555,7173,59801,3,12582912,-22,0,0,0
50.371263021999994,1779965227.7224555,7173,59802,4,12582912,-46,0,0,0
50.371263021999994,1779965227.7224555,7173,59803,5,12582912,-19,0,0,0
50.371263021999994,1779965227.7224555,7173,59804,6,12582912,16,0,0,0
50.371263021999994,1779965227.7224555,7173,59805,7,12582912,14,0,0,0
50.46440822400001,1779965227.8155994,7174,59806,0,12582912,-10,0,0,0
50.46440822400001,1779965227.8155994,7174,59807,1,12582912,-18,0,0,0
50.46440822400001,1779965227.8155994,7174,59808,2,12582912,1,0,0,0
50.46440822400001,1779965227.8155994,7174,59809,3,12582912,19,0,0,0
50.46440822400001,1779965227.8155994,7174,59810,4,12582912,14,0,0,0
50.46440822400001,1779965227.8155994,7174,59811,5,12582912,-2,0,0,0
50.46440822400001,1779965227.8155994,7174,59812,6,12582912,-5,0,0,0
50.46440822400001,1779965227.8155994,7174,59813,7,12582912,6,0,0,0
50.46503619499998,1779965227.8162274,7175,59814,0,12582912,10,0,0,0
50.46503619499998,1779965227.8162274,7175,59815,1,12582912,-4,0,0,0
50.46503619499998,1779965227.8162274,7175,59816,2,12582912,-22,0,0,0
50.46503619499998,1779965227.8162274,7175,59817,3,12582912,-27,0,0,0
50.46503619499998,1779965227.8162274,7175,59818,4,12582912,-16,0,0,0
50.46503619499998,1779965227.8162274,7175,59819,5,12582912,-6,0,0,0
50.46503619499998,1779965227.8162274,7175,59820,6,12582912,-7,0,0,0
50.46503619499998,1779965227.8162274,7175,59821,7,12582912,-11,0,0,0
50.46677510799998,1779965227.8179674,7176,59822,0,12582912,-10,0,0,0
50.46677510799998,1779965227.8179674,7176,59823,1,12582912,0,0,0,0
50.46677510799998,1779965227.8179674,7176,59824,2,12582912,8,0,0,0
50.46677510799998,1779965227.8179674,7176,59825,3,12582912,2,0,0,0
50.46677510799998,1779965227.8179674,7176,59826,4,12582912,-8,0,0,0
50.46677510799998,1779965227.8179674,7176,59827,5,12582912,-6,0,0,0
50.46677510799998,1779965227.8179674,7176,59828,6,12582912,3,0,0,0
50.46677510799998,1779965227.8179674,7176,59829,7,12582912,9,0,0,0
50.48962639299998,1779965227.840819,7177,59830,0,12582912,7,0,0,0
50.48962639299998,1779965227.840819,7177,59831,1,12582912,0,0,0,0
50.48962639299998,1779965227.840819,7177,59832,2,12582912,-4,0,0,0
50.48962639299998,1779965227.840819,7177,59833,3,12582912,3,0,0,0
50.48962639299998,1779965227.840819,7177,59834,4,12582912,14,0,0,0
50.48962639299998,1779965227.840819,7177,59835,5,12582912,12,0,0,0
50.48962639299998,1779965227.840819,7177,59836,6,12582912,-1,0,0,0
50.48962639299998,1779965227.840819,7177,59837,7,12582912,-9,0,0,0
50.53366718799998,1779965227.8848593,7178,59838,0,12582912,-10,0,0,0
50.53366718799998,1779965227.8848593,7178,59839,1,12582912,1,0,0,0
50.53366718799998,1779965227.8848593,7178,59840,2,12582912,36,0,0,0
50.53366718799998,1779965227.8848593,7178,59841,3,12582912,78,0,0,0
50.53366718799998,1779965227.8848593,7178,59842,4,12582912,82,0,0,0
50.53366718799998,1779965227.8848593,7178,59843,5,12582912,36,0,0,0
50.53366718799998,1779965227.8848593,7178,59844,6,12582912,-16,0,0,0
50.53366718799998,1779965227.8848593,7178,59845,7,12582912,-15,0,0,0
50.55657326599999,1779965227.9077654,7179,59846,0,12582912,29,0,0,0
50.55657326599999,1779965227.9077654,7179,59847,1,12582912,50,0,0,0
50.55657326599999,1779965227.9077654,7179,59848,2,12582912,19,0,0,0
50.55657326599999,1779965227.9077654,7179,59849,3,12582912,-25,0,0,0
50.55657326599999,1779965227.9077654,7179,59850,4,12582912,-30,0,0,0
50.55657326599999,1779965227.9077654,7179,59851,5,12582912,3,0,0,0
50.55657326599999,1779965227.9077654,7179,59852,6,12582912,25,0,0,0
50.55657326599999,1779965227.9077654,7179,59853,7,12582912,12,0,0,0
50.57939376999997,1779965227.930586,7180,59854,0,12582912,-11,0,0,0
50.57939376999997,1779965227.930586,7180,59855,1,12582912,-11,0,0,0
50.57939376999997,1779965227.930586,7180,59856,2,12582912,11,0,0,0
50.57939376999997,1779965227.930586,7180,59857,3,12582912,24,0,0,0
50.57939376999997,1779965227.930586,7180,59858,4,12582912,12,0,0,0
50.57939376999997,1779965227.930586,7180,59859,5,12582912,-6,0,0,0
50.57939376999997,1779965227.930586,7180,59860,6,12582912,-7,0,0,0
50.57939376999997,1779965227.930586,7180,59861,7,12582912,4,0,0,0
50.79706595199997,1779965228.1482582,7181,59862,0,12582912,0,0,0,0
50.79706595199997,1779965228.1482582,7181,59863,1,12582912,-18,0,0,0
50.79706595199997,1779965228.1482582,7181,59864,2,12582912,-22,0,0,0
50.79706595199997,1779965228.1482582,7181,59865,3,12582912,-1,0,0,0
50.79706595199997,1779965228.1482582,7181,59866,4,12582912,22,0,0,0
50.79706595199997,1779965228.1482582,7181,59867,5,12582912,25,0,0,0
50.79706595199997,1779965228.1482582,7181,59868,6,12582912,14,0,0,0
50.79706595199997,1779965228.1482582,7181,59869,7,12582912,-1,0,0,0
50.931104635,1779965228.2822974,7182,59870,0,12582912,-6,0,0,0
50.931104635,1779965228.2822974,7182,59871,1,12582912,-7,0,0,0
50.931104635,1779965228.2822974,7182,59872,2,12582912,64,0,0,0
50.931104635,1779965228.2822974,7182,59873,3,12582912,253,0,0,0
50.931104635,1779965228.2822974,7182,59874,4,12582912,323,0,0,0
50.931104635,1779965228.2822974,7182,59875,5,12582912,87,0,0,0
50.931104635,1779965228.2822974,7182,59876,6,12582912,-201,0,0,0
50.931104635,1779965228.2822974,7182,59877,7,12582912,-195,0,0,0
50.932700057999966,1779965228.2838917,7183,59878,0,12582912,64,0,0,0
50.932700057999966,1779965228.2838917,7183,59879,1,12582912,220,0,0,0
50.932700057999966,1779965228.2838917,7183,59880,2,12582912,81,0,0,0
50.932700057999966,1779965228.2838917,7183,59881,3,12582912,-136,0,0,0
50.932700057999966,1779965228.2838917,7183,59882,4,12582912,-132,0,0,0
50.932700057999966,1779965228.2838917,7183,59883,5,12582912,73,0,0,0
50.932700057999966,1779965228.2838917,7183,59884,6,12582912,194,0,0,0
50.932700057999966,1779965228.2838917,7183,59885,7,12582912,74,0,0,0
50.934081521999985,1779965228.2852726,7184,59886,0,12582912,-106,0,0,0
50.934081521999985,1779965228.2852726,7184,59887,1,12582912,-104,0,0,0
50.934081521999985,1779965228.2852726,7184,59888,2,12582912,54,0,0,0
50.934081521999985,1779965228.2852726,7184,59889,3,12582912,144,0,0,0
50.934081521999985,1779965228.2852726,7184,59890,4,12582912,59,0,0,0
50.934081521999985,1779965228.2852726,7184,59891,5,12582912,-66,0,0,0
50.934081521999985,1779965228.2852726,7184,59892,6,12582912,-57,0,0,0
50.934081521999985,1779965228.2852726,7184,59893,7,12582912,65,0,0,0
50.93544840200002,1779965228.2866395,7185,59894,0,12582912,131,0,0,0
50.93544840200002,1779965228.2866395,7185,59895,1,12582912,59,0,0,0
50.93544840200002,1779965228.2866395,7185,59896,2,12582912,-49,0,0,0
50.93544840200002,1779965228.2866395,7185,59897,3,12582912,-55,0,0,0
50.93544840200002,1779965228.2866395,7185,59898,4,12582912,35,0,0,0
50.93544840200002,1779965228.2866395,7185,59899,5,12582912,98,0,0,0
50.93544840200002,1779965228.2866395,7185,59900,6,12582912,54,0,0,0
50.93544840200002,1779965228.2866395,7185,59901,7,12582912,-33,0,0,0
50.95882000099999,1779965228.310012,7186,59902,0,12582912,-50,0,0,0
50.95882000099999,1779965228.310012,7186,59903,1,12582912,21,0,0,0
50.95882000099999,1779965228.310012,7186,59904,2,12582912,81,0,0,0
50.95882000099999,1779965228.310012,7186,59905,3,12582912,51,0,0,0
50.95882000099999,1779965228.310012,7186,59906,4,12582912,-17,0,0,0
50.95882000099999,1779965228.310012,7186,59907,5,12582912,-24,0,0,0
50.95882000099999,1779965228.310012,7186,59908,6,12582912,33,0,0,0
50.95882000099999,1779965228.310012,7186,59909,7,12582912,71,0,0,0
51.00276662499999,1779965228.3539588,7187,59910,0,12582912,40,0,0,0
51.00276662499999,1779965228.3539588,7187,59911,1,12582912,-21,0,0,0
51.00276662499999,1779965228.3539588,7187,59912,2,12582912,-35,0,0,0
51.00276662499999,1779965228.3539588,7187,59913,3,12582912,14,0,0,0
51.00276662499999,1779965228.3539588,7187,59914,4,12582912,61,0,0,0
51.00276662499999,1779965228.3539588,7187,59915,5,12582912,49,0,0,0
51.00276662499999,1779965228.3539588,7187,59916,6,12582912,1,0,0,0
51.00276662499999,1779965228.3539588,7187,59917,7,12582912,-17,0,0,0
51.02608785899997,1779965228.3772802,7188,59918,0,12582912,12,0,0,0
51.02608785899997,1779965228.3772802,7188,59919,1,12582912,40,0,0,0
51.02608785899997,1779965228.3772802,7188,59920,2,12582912,30,0,0,0
51.02608785899997,1779965228.3772802,7188,59921,3,12582912,3,0,0,0
51.02608785899997,1779965228.3772802,7188,59922,4,12582912,2,0,0,0
51.02608785899997,1779965228.3772802,7188,59923,5,12582912,28,0,0,0
51.02608785899997,1779965228.3772802,7188,59924,6,12582912,48,0,0,0
51.02608785899997,1779965228.3772802,7188,59925,7,12582912,33,0,0,0
51.07005042100002,1779965228.4212427,7189,59926,0,12582912,-17,0,0,0
51.07005042100002,1779965228.4212427,7189,59927,1,12582912,-59,0,0,0
51.07005042100002,1779965228.4212427,7189,59928,2,12582912,-48,0,0,0
51.07005042100002,1779965228.4212427,7189,59929,3,12582912,4,0,0,0
51.07005042100002,1779965228.4212427,7189,59930,4,12582912,29,0,0,0
51.07005042100002,1779965228.4212427,7189,59931,5,12582912,-2,0,0,0
51.07005042100002,1779965228.4212427,7189,59932,6,12582912,-46,0,0,0
51.07005042100002,1779965228.4212427,7189,59933,7,12582912,-44,0,0,0
51.13961245500002,1779965228.490805,7190,59934,0,12582912,2,0,0,0
51.13961245500002,1779965228.490805,7190,59935,1,12582912,30,0,0,0
51.13961245500002,1779965228.490805,7190,59936,2,12582912,13,0,0,0
51.13961245500002,1779965228.490805,7190,59937,3,12582912,-18,0,0,0
51.13961245500002,1779965228.490805,7190,59938,4,12582912,-18,0,0,0
51.13961245500002,1779965228.490805,7190,59939,5,12582912,11,0,0,0
51.13961245500002,1779965228.490805,7190,59940,6,12582912,24,0,0,0
51.13961245500002,1779965228.490805,7190,59941,7,12582912,3,0,0,0
51.14117470000002,1779965228.492366,7191,59942,0,12582912,-25,0,0,0
51.14117470000002,1779965228.492366,7191,59943,1,12582912,-35,0,0,0
51.14117470000002,1779965228.492366,7191,59944,2,12582912,-22,0,0,0
51.14117470000002,1779965228.492366,7191,59945,3,12582912,-8,0,0,0
51.14117470000002,1779965228.492366,7191,59946,4,12582912,-10,0,0,0
51.14117470000002,1779965228.492366,7191,59947,5,12582912,-15,0,0,0
51.14117470000002,1779965228.492366,7191,59948,6,12582912,-7,0,0,0
51.14117470000002,1779965228.492366,7191,59949,7,12582912,17,0,0,0
51.16391666099997,1779965228.5151088,7192,59950,0,12582912,36,0,0,0
51.16391666099997,1779965228.5151088,7192,59951,1,12582912,30,0,0,0
51.16391666099997,1779965228.5151088,7192,59952,2,12582912,8,0,0,0
51.16391666099997,1779965228.5151088,7192,59953,3,12582912,-13,0,0,0
51.16391666099997,1779965228.5151088,7192,59954,4,12582912,-25,0,0,0
51.16391666099997,1779965228.5151088,7192,59955,5,12582912,-25,0,0,0
51.16391666099997,1779965228.5151088,7192,59956,6,12582912,-24,0,0,0
51.16391666099997,1779965228.5151088,7192,59957,7,12582912,-27,0,0,0
51.18682481999997,1779965228.538017,7193,59958,0,12582912,-25,0,0,0
51.18682481999997,1779965228.538017,7193,59959,1,12582912,-11,0,0,0
51.18682481999997,1779965228.538017,7193,59960,2,12582912,7,0,0,0
51.18682481999997,1779965228.538017,7193,59961,3,12582912,21,0,0,0
51.18682481999997,1779965228.538017,7193,59962,4,12582912,20,0,0,0
51.18682481999997,1779965228.538017,7193,59963,5,12582912,6,0,0,0
51.18682481999997,1779965228.538017,7193,59964,6,12582912,-6,0,0,0
51.18682481999997,1779965228.538017,7193,59965,7,12582912,-8,0,0,0
51.23082811199998,1779965228.5820205,7194,59966,0,12582912,-2,0,0,0
51.23082811199998,1779965228.5820205,7194,59967,1,12582912,9,0,0,0
51.23082811199998,1779965228.5820205,7194,59968,2,12582912,14,0,0,0
51.23082811199998,1779965228.5820205,7194,59969,3,12582912,7,0,0,0
51.23082811199998,1779965228.5820205,7194,59970,4,12582912,-1,0,0,0
51.23082811199998,1779965228.5820205,7194,59971,5,12582912,19,0,0,0
51.23082811199998,1779965228.5820205,7194,59972,6,12582912,48,0,0,0
51.23082811199998,1779965228.5820205,7194,59973,7,12582912,38,0,0,0
51.26692579999997,1779965228.6181188,7195,59974,0,12582912,-8,0,0,0
51.26692579999997,1779965228.6181188,7195,59975,1,12582912,-40,0,0,0
51.26692579999997,1779965228.6181188,7195,59976,2,12582912,-26,0,0,0
51.26692579999997,1779965228.6181188,7195,59977,3,12582912,9,0,0,0
51.26692579999997,1779965228.6181188,7195,59978,4,12582912,20,0,0,0
51.26692579999997,1779965228.6181188,7195,59979,5,12582912,-1,0,0,0
51.26692579999997,1779965228.6181188,7195,59980,6,12582912,-19,0,0,0
51.26692579999997,1779965228.6181188,7195,59981,7,12582912,-6,0,0,0
51.329165671,1779965228.6803575,7196,59982,0,12582912,16,0,0,0
51.329165671,1779965228.6803575,7196,59983,1,12582912,12,0,0,0
51.329165671,1779965228.6803575,7196,59984,2,12582912,-6,0,0,0
51.329165671,1779965228.6803575,7196,59985,3,12582912,-10,0,0,0
51.329165671,1779965228.6803575,7196,59986,4,12582912,11,0,0,0
51.329165671,1779965228.6803575,7196,59987,5,12582912,36,0,0,0
51.329165671,1779965228.6803575,7196,59988,6,12582912,38,0,0,0
51.329165671,1779965228.6803575,7196,59989,7,12582912,19,0,0,0
51.33076057300002,1779965228.6819525,7197,59990,0,12582912,1,0,0,0
51.33076057300002,1779965228.6819525,7197,59991,1,12582912,2,0,0,0
51.33076057300002,1779965228.6819525,7197,59992,2,12582912,15,0,0,0
51.33076057300002,1779965228.6819525,7197,59993,3,12582912,21,0,0,0
51.33076057300002,1779965228.6819525,7197,59994,4,12582912,18,0,0,0
51.33076057300002,1779965228.6819525,7197,59995,5,12582912,12,0,0,0
51.33076057300002,1779965228.6819525,7197,59996,6,12582912,10,0,0,0
51.33076057300002,1779965228.6819525,7197,59997,7,12582912,12,0,0,0
51.39173502199998,1779965228.7429268,7198,59998,0,12582912,14,0,0,0
51.39173502199998,1779965228.7429268,7198,59999,1,12582912,17,0,0,0
51.39173502199998,1779965228.7429268,7198,60000,2,12582912,21,0,0,0
51.39173502199998,1779965228.7429268,7198,60001,3,12582912,70,0,0,0
51.39173502199998,1779965228.7429268,7198,60002,4,12582912,165,0,0,0
51.39173502199998,1779965228.7429268,7198,60003,5,12582912,152,0,0,0
51.39173502199998,1779965228.7429268,7198,60004,6,12582912,-18,0,0,0
51.39173502199998,1779965228.7429268,7198,60005,7,12582912,-143,0,0,0
51.39291820300002,1779965228.7441096,7199,60006,0,12582912,-64,0,0,0
51.39291820300002,1779965228.7441096,7199,60007,1,12582912,114,0,0,0
51.39291820300002,1779965228.7441096,7199,60008,2,12582912,175,0,0,0
51.39291820300002,1779965228.7441096,7199,60009,3,12582912,56,0,0,0
51.39291820300002,1779965228.7441096,7199,60010,4,12582912,-85,0,0,0
51.39291820300002,1779965228.7441096,7199,60011,5,12582912,-81,0,0,0
51.39291820300002,1779965228.7441096,7199,60012,6,12582912,35,0,0,0
51.39291820300002,1779965228.7441096,7199,60013,7,12582912,95,0,0,0
51.415132766,1779965228.766325,7200,60014,0,12582912,29,0,0,0
51.415132766,1779965228.766325,7200,60015,1,12582912,-51,0,0,0
51.415132766,1779965228.766325,7200,60016,2,12582912,-27,0,0,0
51.415132766,1779965228.766325,7200,60017,3,12582912,63,0,0,0
51.415132766,1779965228.766325,7200,60018,4,12582912,90,0,0,0
51.415132766,1779965228.766325,7200,60019,5,12582912,24,0,0,0
51.415132766,1779965228.766325,7200,60020,6,12582912,-36,0,0,0
51.415132766,1779965228.766325,7200,60021,7,12582912,-14,0,0,0
51.48052249299997,1779965228.8317153,7201,60022,0,12582912,46,0,0,0
51.48052249299997,1779965228.8317153,7201,60023,1,12582912,56,0,0,0
51.48052249299997,1779965228.8317153,7201,60024,2,12582912,5,0,0,0
51.48052249299997,1779965228.8317153,7201,60025,3,12582912,-38,0,0,0
51.48052249299997,1779965228.8317153,7201,60026,4,12582912,-17,0,0,0
51.48052249299997,1779965228.8317153,7201,60027,5,12582912,38,0,0,0
51.48052249299997,1779965228.8317153,7201,60028,6,12582912,55,0,0,0
51.48052249299997,1779965228.8317153,7201,60029,7,12582912,16,0,0,0
51.48202025899997,1779965228.8332117,7202,60030,0,12582912,-22,0,0,0
51.48202025899997,1779965228.8332117,7202,60031,1,12582912,-12,0,0,0
51.48202025899997,1779965228.8332117,7202,60032,2,12582912,29,0,0,0
51.48202025899997,1779965228.8332117,7202,60033,3,12582912,51,0,0,0
51.48202025899997,1779965228.8332117,7202,60034,4,12582912,30,0,0,0
51.48202025899997,1779965228.8332117,7202,60035,5,12582912,-5,0,0,0
51.48202025899997,1779965228.8332117,7202,60036,6,12582912,-12,0,0,0
51.48202025899997,1779965228.8332117,7202,60037,7,12582912,12,0,0,0
51.51482418500001,1779965228.8660166,7203,60038,0,12582912,29,0,0,0
51.51482418500001,1779965228.8660166,7203,60039,1,12582912,13,0,0,0
51.51482418500001,1779965228.8660166,7203,60040,2,12582912,-12,0,0,0
51.51482418500001,1779965228.8660166,7203,60041,3,12582912,-15,0,0,0
51.51482418500001,1779965228.8660166,7203,60042,4,12582912,6,0,0,0
51.51482418500001,1779965228.8660166,7203,60043,5,12582912,24,0,0,0
51.51482418500001,1779965228.8660166,7203,60044,6,12582912,14,0,0,0
51.51482418500001,1779965228.8660166,7203,60045,7,12582912,-14,0,0,0
51.559111696,1779965228.9103043,7204,60046,0,12582912,-25,0,0,0
51.559111696,1779965228.9103043,7204,60047,1,12582912,-9,0,0,0
51.559111696,1779965228.9103043,7204,60048,2,12582912,16,0,0,0
51.559111696,1779965228.9103043,7204,60049,3,12582912,24,0,0,0
51.559111696,1779965228.9103043,7204,60050,4,12582912,12,0,0,0
51.559111696,1779965228.9103043,7204,60051,5,12582912,-3,0,0,0
51.559111696,1779965228.9103043,7204,60052,6,12582912,-5,0,0,0
51.559111696,1779965228.9103043,7204,60053,7,12582912,0,0,0,0
51.59869059599998,1779965228.9498832,7205,60054,0,12582912,-3,0,0,0
51.59869059599998,1779965228.9498832,7205,60055,1,12582912,-12,0,0,0
51.59869059599998,1779965228.9498832,7205,60056,2,12582912,-11,0,0,0
51.59869059599998,1779965228.9498832,7205,60057,3,12582912,4,0,0,0
51.59869059599998,1779965228.9498832,7205,60058,4,12582912,17,0,0,0
51.59869059599998,1779965228.9498832,7205,60059,5,12582912,14,0,0,0
51.59869059599998,1779965228.9498832,7205,60060,6,12582912,1,0,0,0
51.59869059599998,1779965228.9498832,7205,60061,7,12582912,-7,0,0,0
51.68643608100001,1779965229.0376284,7206,60062,0,12582912,-4,0,0,0
51.68643608100001,1779965229.0376284,7206,60063,1,12582912,3,0,0,0
51.68643608100001,1779965229.0376284,7206,60064,2,12582912,7,0,0,0
51.68643608100001,1779965229.0376284,7206,60065,3,12582912,17,0,0,0
51.68643608100001,1779965229.0376284,7206,60066,4,12582912,29,0,0,0
51.68643608100001,1779965229.0376284,7206,60067,5,12582912,17,0,0,0
51.68643608100001,1779965229.0376284,7206,60068,6,12582912,-10,0,0,0
51.68643608100001,1779965229.0376284,7206,60069,7,12582912,-17,0,0,0
51.68790181600002,1779965229.0390928,7207,60070,0,12582912,3,0,0,0
51.68790181600002,1779965229.0390928,7207,60071,1,12582912,23,0,0,0
51.68790181600002,1779965229.0390928,7207,60072,2,12582912,18,0,0,0
51.68790181600002,1779965229.0390928,7207,60073,3,12582912,-2,0,0,0
51.68790181600002,1779965229.0390928,7207,60074,4,12582912,-11,0,0,0
51.68790181600002,1779965229.0390928,7207,60075,5,12582912,1,0,0,0
51.68790181600002,1779965229.0390928,7207,60076,6,12582912,17,0,0,0
51.68790181600002,1779965229.0390928,7207,60077,7,12582912,17,0,0,0
51.68937546699999,1779965229.0405674,7208,60078,0,12582912,10,0,0,0
51.68937546699999,1779965229.0405674,7208,60079,1,12582912,7,0,0,0
51.68937546699999,1779965229.0405674,7208,60080,2,12582912,-1,0,0,0
51.68937546699999,1779965229.0405674,7208,60081,3,12582912,-18,0,0,0
51.68937546699999,1779965229.0405674,7208,60082,4,12582912,-25,0,0,0
51.68937546699999,1779965229.0405674,7208,60083,5,12582912,-2,0,0,0
51.68937546699999,1779965229.0405674,7208,60084,6,12582912,26,0,0,0
51.68937546699999,1779965229.0405674,7208,60085,7,12582912,26,0,0,0
51.71208805099997,1779965229.0632806,7209,60086,0,12582912,4,0,0,0
51.71208805099997,1779965229.0632806,7209,60087,1,12582912,-3,0,0,0
51.71208805099997,1779965229.0632806,7209,60088,2,12582912,19,0,0,0
51.71208805099997,1779965229.0632806,7209,60089,3,12582912,43,0,0,0
51.71208805099997,1779965229.0632806,7209,60090,4,12582912,35,0,0,0
51.71208805099997,1779965229.0632806,7209,60091,5,12582912,4,0,0,0
51.71208805099997,1779965229.0632806,7209,60092,6,12582912,-9,0,0,0
51.71208805099997,1779965229.0632806,7209,60093,7,12582912,10,0,0,0
51.73499943899998,1779965229.086192,7210,60094,0,12582912,28,0,0,0
51.73499943899998,1779965229.086192,7210,60095,1,12582912,18,0,0,0
51.73499943899998,1779965229.086192,7210,60096,2,12582912,-2,0,0,0
51.73499943899998,1779965229.086192,7210,60097,3,12582912,-1,0,0,0
51.73499943899998,1779965229.086192,7210,60098,4,12582912,25,0,0,0
51.73499943899998,1779965229.086192,7210,60099,5,12582912,44,0,0,0
51.73499943899998,1779965229.086192,7210,60100,6,12582912,31,0,0,0
51.73499943899998,1779965229.086192,7210,60101,7,12582912,6,0,0,0
51.76710382900001,1779965229.1182961,7211,60102,0,12582912,-2,0,0,0
51.76710382900001,1779965229.1182961,7211,60103,1,12582912,14,0,0,0
51.76710382900001,1779965229.1182961,7211,60104,2,12582912,26,0,0,0
51.76710382900001,1779965229.1182961,7211,60105,3,12582912,16,0,0,0
51.76710382900001,1779965229.1182961,7211,60106,4,12582912,8,0,0,0
51.76710382900001,1779965229.1182961,7211,60107,5,12582912,18,0,0,0
51.76710382900001,1779965229.1182961,7211,60108,6,12582912,36,0,0,0
51.76710382900001,1779965229.1182961,7211,60109,7,12582912,40,0,0,0
51.80587511800002,1779965229.1570678,7212,60110,0,12582912,25,0,0,0
51.80587511800002,1779965229.1570678,7212,60111,1,12582912,6,0,0,0
51.80587511800002,1779965229.1570678,7212,60112,2,12582912,6,0,0,0
51.80587511800002,1779965229.1570678,7212,60113,3,12582912,24,0,0,0
51.80587511800002,1779965229.1570678,7212,60114,4,12582912,35,0,0,0
51.80587511800002,1779965229.1570678,7212,60115,5,12582912,30,0,0,0
51.80587511800002,1779965229.1570678,7212,60116,6,12582912,16,0,0,0
51.80587511800002,1779965229.1570678,7212,60117,7,12582912,2,0,0,0
51.89012970199997,1779965229.2413223,7213,60118,0,12582912,-2,0,0,0
51.89012970199997,1779965229.2413223,7213,60119,1,12582912,11,0,0,0
51.89012970199997,1779965229.2413223,7213,60120,2,12582912,29,0,0,0
51.89012970199997,1779965229.2413223,7213,60121,3,12582912,33,0,0,0
51.89012970199997,1779965229.2413223,7213,60122,4,12582912,30,0,0,0
51.89012970199997,1779965229.2413223,7213,60123,5,12582912,34,0,0,0
51.89012970199997,1779965229.2413223,7213,60124,6,12582912,36,0,0,0
51.89012970199997,1779965229.2413223,7213,60125,7,12582912,28,0,0,0
51.89159429099999,1779965229.2427852,7214,60126,0,12582912,17,0,0,0
51.89159429099999,1779965229.2427852,7214,60127,1,12582912,12,0,0,0
51.89159429099999,1779965229.2427852,7214,60128,2,12582912,18,0,0,0
51.89159429099999,1779965229.2427852,7214,60129,3,12582912,27,0,0,0
51.89159429099999,1779965229.2427852,7214,60130,4,12582912,27,0,0,0
51.89159429099999,1779965229.2427852,7214,60131,5,12582912,21,0,0,0
51.89159429099999,1779965229.2427852,7214,60132,6,12582912,13,0,0,0
51.89159429099999,1779965229.2427852,7214,60133,7,12582912,9,0,0,0
51.89305929599999,1779965229.2442505,7215,60134,0,12582912,14,0,0,0
51.89305929599999,1779965229.2442505,7215,60135,1,12582912,26,0,0,0
51.89305929599999,1779965229.2442505,7215,60136,2,12582912,30,0,0,0
51.89305929599999,1779965229.2442505,7215,60137,3,12582912,23,0,0,0
51.89305929599999,1779965229.2442505,7215,60138,4,12582912,16,0,0,0
51.89305929599999,1779965229.2442505,7215,60139,5,12582912,16,0,0,0
51.89305929599999,1779965229.2442505,7215,60140,6,12582912,21,0,0,0
51.89305929599999,1779965229.2442505,7215,60141,7,12582912,24,0,0,0
51.94637397299999,1779965229.2975662,7216,60142,0,12582912,18,0,0,0
51.94637397299999,1779965229.2975662,7216,60143,1,12582912,15,0,0,0
51.94637397299999,1779965229.2975662,7216,60144,2,12582912,22,0,0,0
51.94637397299999,1779965229.2975662,7216,60145,3,12582912,30,0,0,0
51.94637397299999,1779965229.2975662,7216,60146,4,12582912,32,0,0,0
51.94637397299999,1779965229.2975662,7216,60147,5,12582912,25,0,0,0
51.94637397299999,1779965229.2975662,7216,60148,6,12582912,17,0,0,0
51.94637397299999,1779965229.2975662,7216,60149,7,12582912,18,0,0,0
51.969210411999995,1779965229.3204029,7217,60150,0,12582912,27,0,0,0
51.969210411999995,1779965229.3204029,7217,60151,1,12582912,29,0,0,0
51.969210411999995,1779965229.3204029,7217,60152,2,12582912,18,0,0,0
51.969210411999995,1779965229.3204029,7217,60153,3,12582912,9,0,0,0
51.969210411999995,1779965229.3204029,7217,60154,4,12582912,13,0,0,0
51.969210411999995,1779965229.3204029,7217,60155,5,12582912,25,0,0,0
51.969210411999995,1779965229.3204029,7217,60156,6,12582912,36,0,0,0
51.969210411999995,1779965229.3204029,7217,60157,7,12582912,31,0,0,0
52.00910977899997,1779965229.360302,7218,60158,0,12582912,14,0,0,0
52.00910977899997,1779965229.360302,7218,60159,1,12582912,5,0,0,0
52.00910977899997,1779965229.360302,7218,60160,2,12582912,11,0,0,0
52.00910977899997,1779965229.360302,7218,60161,3,12582912,23,0,0,0
52.00910977899997,1779965229.360302,7218,60162,4,12582912,28,0,0,0
52.00910977899997,1779965229.360302,7218,60163,5,12582912,30,0,0,0
52.00910977899997,1779965229.360302,7218,60164,6,12582912,33,0,0,0
52.00910977899997,1779965229.360302,7218,60165,7,12582912,36,0,0,0
52.032068718999994,1779965229.3832612,7219,60166,0,12582912,34,0,0,0
52.032068718999994,1779965229.3832612,7219,60167,1,12582912,28,0,0,0
52.032068718999994,1779965229.3832612,7219,60168,2,12582912,26,0,0,0
52.032068718999994,1779965229.3832612,7219,60169,3,12582912,31,0,0,0
52.032068718999994,1779965229.3832612,7219,60170,4,12582912,37,0,0,0
52.032068718999994,1779965229.3832612,7219,60171,5,12582912,37,0,0,0
52.032068718999994,1779965229.3832612,7219,60172,6,12582912,27,0,0,0
52.032068718999994,1779965229.3832612,7219,60173,7,12582912,18,0,0,0
52.06739723499999,1779965229.4185884,7220,60174,0,12582912,19,0,0,0
52.06739723499999,1779965229.4185884,7220,60175,1,12582912,30,0,0,0
52.06739723499999,1779965229.4185884,7220,60176,2,12582912,37,0,0,0
52.06739723499999,1779965229.4185884,7220,60177,3,12582912,27,0,0,0
52.06739723499999,1779965229.4185884,7220,60178,4,12582912,9,0,0,0
52.06739723499999,1779965229.4185884,7220,60179,5,12582912,5,0,0,0
52.06739723499999,1779965229.4185884,7220,60180,6,12582912,20,0,0,0
52.06739723499999,1779965229.4185884,7220,60181,7,12582912,33,0,0,0
52.08935169199998,1779965229.440544,7221,60182,0,12582912,21,0,0,0
52.08935169199998,1779965229.440544,7221,60183,1,12582912,-3,0,0,0
52.08935169199998,1779965229.440544,7221,60184,2,12582912,-6,0,0,0
52.08935169199998,1779965229.440544,7221,60185,3,12582912,14,0,0,0
52.08935169199998,1779965229.440544,7221,60186,4,12582912,32,0,0,0
52.08935169199998,1779965229.440544,7221,60187,5,12582912,31,0,0,0
52.08935169199998,1779965229.440544,7221,60188,6,12582912,21,0,0,0
52.08935169199998,1779965229.440544,7221,60189,7,12582912,13,0,0,0
52.142724441999974,1779965229.493917,7222,60190,0,12582912,12,0,0,0
52.142724441999974,1779965229.493917,7222,60191,1,12582912,17,0,0,0
52.142724441999974,1779965229.493917,7222,60192,2,12582912,18,0,0,0
52.142724441999974,1779965229.493917,7222,60193,3,12582912,13,0,0,0
52.142724441999974,1779965229.493917,7222,60194,4,12582912,11,0,0,0
52.142724441999974,1779965229.493917,7222,60195,5,12582912,21,0,0,0
52.142724441999974,1779965229.493917,7222,60196,6,12582912,30,0,0,0
52.142724441999974,1779965229.493917,7222,60197,7,12582912,23,0,0,0
52.165649057999985,1779965229.5168412,7223,60198,0,12582912,6,0,0,0
52.165649057999985,1779965229.5168412,7223,60199,1,12582912,-1,0,0,0
52.165649057999985,1779965229.5168412,7223,60200,2,12582912,13,0,0,0
52.165649057999985,1779965229.5168412,7223,60201,3,12582912,35,0,0,0
52.165649057999985,1779965229.5168412,7223,60202,4,12582912,47,0,0,0
52.165649057999985,1779965229.5168412,7223,60203,5,12582912,44,0,0,0
52.165649057999985,1779965229.5168412,7223,60204,6,12582912,33,0,0,0
52.165649057999985,1779965229.5168412,7223,60205,7,12582912,27,0,0,0
52.188527373,1779965229.5397196,7224,60206,0,12582912,29,0,0,0
52.188527373,1779965229.5397196,7224,60207,1,12582912,27,0,0,0
52.188527373,1779965229.5397196,7224,60208,2,12582912,23,0,0,0
52.188527373,1779965229.5397196,7224,60209,3,12582912,23,0,0,0
52.188527373,1779965229.5397196,7224,60210,4,12582912,28,0,0,0
52.188527373,1779965229.5397196,7224,60211,5,12582912,30,0,0,0
52.188527373,1779965229.5397196,7224,60212,6,12582912,26,0,0,0
52.188527373,1779965229.5397196,7224,60213,7,12582912,25,0,0,0
52.226959599,1779965229.5781522,7225,60214,0,12582912,33,0,0,0
52.226959599,1779965229.5781522,7225,60215,1,12582912,44,0,0,0
52.226959599,1779965229.5781522,7225,60216,2,12582912,43,0,0,0
52.226959599,1779965229.5781522,7225,60217,3,12582912,26,0,0,0
52.226959599,1779965229.5781522,7225,60218,4,12582912,14,0,0,0
52.226959599,1779965229.5781522,7225,60219,5,12582912,19,0,0,0
52.226959599,1779965229.5781522,7225,60220,6,12582912,33,0,0,0
52.226959599,1779965229.5781522,7225,60221,7,12582912,41,0,0,0
52.249922809,1779965229.6011152,7226,60222,0,12582912,39,0,0,0
52.249922809,1779965229.6011152,7226,60223,1,12582912,32,0,0,0
52.249922809,1779965229.6011152,7226,60224,2,12582912,31,0,0,0
52.249922809,1779965229.6011152,7226,60225,3,12582912,32,0,0,0
52.249922809,1779965229.6011152,7226,60226,4,12582912,27,0,0,0
52.249922809,1779965229.6011152,7226,60227,5,12582912,15,0,0,0
52.249922809,1779965229.6011152,7226,60228,6,12582912,6,0,0,0
52.249922809,1779965229.6011152,7226,60229,7,12582912,8,0,0,0
52.282248605999996,1779965229.6334407,7227,60230,0,12582912,17,0,0,0
52.282248605999996,1779965229.6334407,7227,60231,1,12582912,30,0,0,0
52.282248605999996,1779965229.6334407,7227,60232,2,12582912,36,0,0,0
52.282248605999996,1779965229.6334407,7227,60233,3,12582912,34,0,0,0
52.282248605999996,1779965229.6334407,7227,60234,4,12582912,31,0,0,0
52.282248605999996,1779965229.6334407,7227,60235,5,12582912,31,0,0,0
52.282248605999996,1779965229.6334407,7227,60236,6,12582912,34,0,0,0
52.282248605999996,1779965229.6334407,7227,60237,7,12582912,31,0,0,0
52.346670147,1779965229.6978626,7228,60238,0,12582912,17,0,0,0
52.346670147,1779965229.6978626,7228,60239,1,12582912,5,0,0,0
52.346670147,1779965229.6978626,7228,60240,2,12582912,4,0,0,0
52.346670147,1779965229.6978626,7228,60241,3,12582912,11,0,0,0
52.346670147,1779965229.6978626,7228,60242,4,12582912,17,0,0,0
52.346670147,1779965229.6978626,7228,60243,5,12582912,15,0,0,0
52.346670147,1779965229.6978626,7228,60244,6,12582912,12,0,0,0
52.346670147,1779965229.6978626,7228,60245,7,12582912,24,0,0,0
52.348096767000015,1779965229.699288,7229,60246,0,12582912,52,0,0,0
52.348096767000015,1779965229.699288,7229,60247,1,12582912,63,0,0,0
52.348096767000015,1779965229.699288,7229,60248,2,12582912,37,0,0,0
52.348096767000015,1779965229.699288,7229,60249,3,12582912,1,0,0,0
52.348096767000015,1779965229.699288,7229,60250,4,12582912,-3,0,0,0
52.348096767000015,1779965229.699288,7229,60251,5,12582912,27,0,0,0
52.348096767000015,1779965229.699288,7229,60252,6,12582912,45,0,0,0
52.348096767000015,1779965229.699288,7229,60253,7,12582912,31,0,0,0
52.40180529999998,1779965229.7529979,7230,60254,0,12582912,8,0,0,0
52.40180529999998,1779965229.7529979,7230,60255,1,12582912,8,0,0,0
52.40180529999998,1779965229.7529979,7230,60256,2,12582912,38,0,0,0
52.40180529999998,1779965229.7529979,7230,60257,3,12582912,67,0,0,0
52.40180529999998,1779965229.7529979,7230,60258,4,12582912,69,0,0,0
52.40180529999998,1779965229.7529979,7230,60259,5,12582912,51,0,0,0
52.40180529999998,1779965229.7529979,7230,60260,6,12582912,32,0,0,0
52.40180529999998,1779965229.7529979,7230,60261,7,12582912,23,0,0,0
52.403273377999994,1779965229.7544646,7231,60262,0,12582912,25,0,0,0
52.403273377999994,1779965229.7544646,7231,60263,1,12582912,37,0,0,0
52.403273377999994,1779965229.7544646,7231,60264,2,12582912,44,0,0,0
52.403273377999994,1779965229.7544646,7231,60265,3,12582912,35,0,0,0
52.403273377999994,1779965229.7544646,7231,60266,4,12582912,15,0,0,0
52.403273377999994,1779965229.7544646,7231,60267,5,12582912,2,0,0,0
52.403273377999994,1779965229.7544646,7231,60268,6,12582912,11,0,0,0
52.403273377999994,1779965229.7544646,7231,60269,7,12582912,26,0,0,0
52.44220998100002,1779965229.7934024,7232,60270,0,12582912,21,0,0,0
52.44220998100002,1779965229.7934024,7232,60271,1,12582912,1,0,0,0
52.44220998100002,1779965229.7934024,7232,60272,2,12582912,-5,0,0,0
52.44220998100002,1779965229.7934024,7232,60273,3,12582912,11,0,0,0
52.44220998100002,1779965229.7934024,7232,60274,4,12582912,27,0,0,0
52.44220998100002,1779965229.7934024,7232,60275,5,12582912,20,0,0,0
52.44220998100002,1779965229.7934024,7232,60276,6,12582912,5,0,0,0
52.44220998100002,1779965229.7934024,7232,60277,7,12582912,6,0,0,0
52.46555303700001,1779965229.8167455,7233,60278,0,12582912,22,0,0,0
52.46555303700001,1779965229.8167455,7233,60279,1,12582912,29,0,0,0
52.46555303700001,1779965229.8167455,7233,60280,2,12582912,14,0,0,0
52.46555303700001,1779965229.8167455,7233,60281,3,12582912,-8,0,0,0
52.46555303700001,1779965229.8167455,7233,60282,4,12582912,-11,0,0,0
52.46555303700001,1779965229.8167455,7233,60283,5,12582912,16,0,0,0
52.46555303700001,1779965229.8167455,7233,60284,6,12582912,46,0,0,0
52.46555303700001,1779965229.8167455,7233,60285,7,12582912,40,0,0,0
52.50989882599998,1779965229.8610914,7234,60286,0,12582912,6,0,0,0
52.50989882599998,1779965229.8610914,7234,60287,1,12582912,-12,0,0,0
52.50989882599998,1779965229.8610914,7234,60288,2,12582912,16,0,0,0
52.50989882599998,1779965229.8610914,7234,60289,3,12582912,56,0,0,0
52.50989882599998,1779965229.8610914,7234,60290,4,12582912,56,0,0,0
52.50989882599998,1779965229.8610914,7234,60291,5,12582912,21,0,0,0
52.50989882599998,1779965229.8610914,7234,60292,6,12582912,-6,0,0,0
52.50989882599998,1779965229.8610914,7234,60293,7,12582912,7,0,0,0
52.532799067999974,1779965229.8839912,7235,60294,0,12582912,42,0,0,0
52.532799067999974,1779965229.8839912,7235,60295,1,12582912,49,0,0,0
52.532799067999974,1779965229.8839912,7235,60296,2,12582912,14,0,0,0
52.532799067999974,1779965229.8839912,7235,60297,3,12582912,-16,0,0,0
52.532799067999974,1779965229.8839912,7235,60298,4,12582912,2,0,0,0
52.532799067999974,1779965229.8839912,7235,60299,5,12582912,45,0,0,0
52.532799067999974,1779965229.8839912,7235,60300,6,12582912,54,0,0,0
52.532799067999974,1779965229.8839912,7235,60301,7,12582912,22,0,0,0
52.57678063700001,1779965229.9279737,7236,60302,0,12582912,-2,0,0,0
52.57678063700001,1779965229.9279737,7236,60303,1,12582912,16,0,0,0
52.57678063700001,1779965229.9279737,7236,60304,2,12582912,44,0,0,0
52.57678063700001,1779965229.9279737,7236,60305,3,12582912,38,0,0,0
52.57678063700001,1779965229.9279737,7236,60306,4,12582912,4,0,0,0
52.57678063700001,1779965229.9279737,7236,60307,5,12582912,-18,0,0,0
52.57678063700001,1779965229.9279737,7236,60308,6,12582912,1,0,0,0
52.57678063700001,1779965229.9279737,7236,60309,7,12582912,41,0,0,0
52.599643377999996,1779965229.950836,7237,60310,0,12582912,55,0,0,0
52.599643377999996,1779965229.950836,7237,60311,1,12582912,35,0,0,0
52.599643377999996,1779965229.950836,7237,60312,2,12582912,17,0,0,0
52.599643377999996,1779965229.950836,7237,60313,3,12582912,26,0,0,0
52.599643377999996,1779965229.950836,7237,60314,4,12582912,47,0,0,0
52.599643377999996,1779965229.950836,7237,60315,5,12582912,44,0,0,0
52.599643377999996,1779965229.950836,7237,60316,6,12582912,17,0,0,0
52.599643377999996,1779965229.950836,7237,60317,7,12582912,2,0,0,0
52.65432962299997,1779965230.0055213,7238,60318,0,12582912,34,0,0,0
52.65432962299997,1779965230.0055213,7238,60319,1,12582912,84,0,0,0
52.65432962299997,1779965230.0055213,7238,60320,2,12582912,87,0,0,0
52.65432962299997,1779965230.0055213,7238,60321,3,12582912,45,0,0,0
52.65432962299997,1779965230.0055213,7238,60322,4,12582912,22,0,0,0
52.65432962299997,1779965230.0055213,7238,60323,5,12582912,50,0,0,0
52.65432962299997,1779965230.0055213,7238,60324,6,12582912,81,0,0,0
52.65432962299997,1779965230.0055213,7238,60325,7,12582912,61,0,0,0
52.67640126599997,1779965230.0275946,7239,60326,0,12582912,8,0,0,0
52.67640126599997,1779965230.0275946,7239,60327,1,12582912,-13,0,0,0
52.67640126599997,1779965230.0275946,7239,60328,2,12582912,24,0,0,0
52.67640126599997,1779965230.0275946,7239,60329,3,12582912,68,0,0,0
52.67640126599997,1779965230.0275946,7239,60330,4,12582912,68,0,0,0
52.67640126599997,1779965230.0275946,7239,60331,5,12582912,34,0,0,0
52.67640126599997,1779965230.0275946,7239,60332,6,12582912,15,0,0,0
52.67640126599997,1779965230.0275946,7239,60333,7,12582912,34,0,0,0
52.69824842899999,1779965230.0494406,7240,60334,0,12582912,60,0,0,0
52.69824842899999,1779965230.0494406,7240,60335,1,12582912,55,0,0,0
52.69824842899999,1779965230.0494406,7240,60336,2,12582912,27,0,0,0
52.69824842899999,1779965230.0494406,7240,60337,3,12582912,9,0,0,0
52.69824842899999,1779965230.0494406,7240,60338,4,12582912,20,0,0,0
52.69824842899999,1779965230.0494406,7240,60339,5,12582912,38,0,0,0
52.69824842899999,1779965230.0494406,7240,60340,6,12582912,35,0,0,0
52.69824842899999,1779965230.0494406,7240,60341,7,12582912,20,0,0,0
52.72058809399999,1779965230.0717797,7241,60342,0,12582912,17,0,0,0
52.72058809399999,1779965230.0717797,7241,60343,1,12582912,32,0,0,0
52.72058809399999,1779965230.0717797,7241,60344,2,12582912,42,0,0,0
52.72058809399999,1779965230.0717797,7241,60345,3,12582912,30,0,0,0
52.72058809399999,1779965230.0717797,7241,60346,4,12582912,9,0,0,0
52.72058809399999,1779965230.0717797,7241,60347,5,12582912,5,0,0,0
52.72058809399999,1779965230.0717797,7241,60348,6,12582912,27,0,0,0
52.72058809399999,1779965230.0717797,7241,60349,7,12582912,46,0,0,0
52.76336033299998,1779965230.1145523,7242,60350,0,12582912,33,0,0,0
52.76336033299998,1779965230.1145523,7242,60351,1,12582912,18,0,0,0
52.76336033299998,1779965230.1145523,7242,60352,2,12582912,101,0,0,0
52.76336033299998,1779965230.1145523,7242,60353,3,12582912,341,0,0,0
52.76336033299998,1779965230.1145523,7242,60354,4,12582912,560,0,0,0
52.76336033299998,1779965230.1145523,7242,60355,5,12582912,501,0,0,0
52.76336033299998,1779965230.1145523,7242,60356,6,12582912,216,0,0,0
52.76336033299998,1779965230.1145523,7242,60357,7,12582912,34,0,0,0
52.79408883100001,1779965230.1452813,7243,60358,0,12582912,142,0,0,0
52.79408883100001,1779965230.1452813,7243,60359,1,12582912,340,0,0,0
52.79408883100001,1779965230.1452813,7243,60360,2,12582912,337,0,0,0
52.79408883100001,1779965230.1452813,7243,60361,3,12582912,153,0,0,0
52.79408883100001,1779965230.1452813,7243,60362,4,12582912,35,0,0,0
52.79408883100001,1779965230.1452813,7243,60363,5,12582912,117,0,0,0
52.79408883100001,1779965230.1452813,7243,60364,6,12582912,250,0,0,0
52.79408883100001,1779965230.1452813,7243,60365,7,12582912,231,0,0,0
52.817532562,1779965230.168725,7244,60366,0,12582912,78,0,0,0
52.817532562,1779965230.168725,7244,60367,1,12582912,-17,0,0,0
52.817532562,1779965230.168725,7244,60368,2,12582912,59,0,0,0
52.817532562,1779965230.168725,7244,60369,3,12582912,183,0,0,0
52.817532562,1779965230.168725,7244,60370,4,12582912,174,0,0,0
52.817532562,1779965230.168725,7244,60371,5,12582912,43,0,0,0
52.817532562,1779965230.168725,7244,60372,6,12582912,-42,0,0,0
52.817532562,1779965230.168725,7244,60373,7,12582912,5,0,0,0
52.85456259299997,1779965230.2057543,7245,60374,0,12582912,95,0,0,0
52.85456259299997,1779965230.2057543,7245,60375,1,12582912,98,0,0,0
52.85456259299997,1779965230.2057543,7245,60376,2,12582912,17,0,0,0
52.85456259299997,1779965230.2057543,7245,60377,3,12582912,-38,0,0,0
52.85456259299997,1779965230.2057543,7245,60378,4,12582912,13,0,0,0
52.85456259299997,1779965230.2057543,7245,60379,5,12582912,101,0,0,0
52.85456259299997,1779965230.2057543,7245,60380,6,12582912,105,0,0,0
52.85456259299997,1779965230.2057543,7245,60381,7,12582912,24,0,0,0
52.96005703999998,1779965230.3112495,7246,60382,0,12582912,-42,0,0,0
52.96005703999998,1779965230.3112495,7246,60383,1,12582912,-14,0,0,0
52.96005703999998,1779965230.3112495,7246,60384,2,12582912,56,0,0,0
52.96005703999998,1779965230.3112495,7246,60385,3,12582912,66,0,0,0
52.96005703999998,1779965230.3112495,7246,60386,4,12582912,5,0,0,0
52.96005703999998,1779965230.3112495,7246,60387,5,12582912,-47,0,0,0
52.96005703999998,1779965230.3112495,7246,60388,6,12582912,-27,0,0,0
52.96005703999998,1779965230.3112495,7246,60389,7,12582912,28,0,0,0
52.96163438999997,1779965230.3128257,7247,60390,0,12582912,44,0,0,0
52.96163438999997,1779965230.3128257,7247,60391,1,12582912,4,0,0,0
52.96163438999997,1779965230.3128257,7247,60392,2,12582912,-48,0,0,0
52.96163438999997,1779965230.3128257,7247,60393,3,12582912,-55,0,0,0
52.96163438999997,1779965230.3128257,7247,60394,4,12582912,-20,0,0,0
52.96163438999997,1779965230.3128257,7247,60395,5,12582912,3,0,0,0
52.96163438999997,1779965230.3128257,7247,60396,6,12582912,-8,0,0,0
52.96163438999997,1779965230.3128257,7247,60397,7,12582912,-36,0,0,0
52.962994967999975,1779965230.3141856,7248,60398,0,12582912,-39,0,0,0
52.962994967999975,1779965230.3141856,7248,60399,1,12582912,-10,0,0,0
52.962994967999975,1779965230.3141856,7248,60400,2,12582912,18,0,0,0
52.962994967999975,1779965230.3141856,7248,60401,3,12582912,18,0,0,0
52.962994967999975,1779965230.3141856,7248,60402,4,12582912,-6,0,0,0
52.962994967999975,1779965230.3141856,7248,60403,5,12582912,-17,0,0,0
52.962994967999975,1779965230.3141856,7248,60404,6,12582912,-1,0,0,0
52.962994967999975,1779965230.3141856,7248,60405,7,12582912,15,0,0,0
52.986205677999976,1779965230.337398,7249,60406,0,12582912,6,0,0,0
52.986205677999976,1779965230.337398,7249,60407,1,12582912,-20,0,0,0
52.986205677999976,1779965230.337398,7249,60408,2,12582912,-30,0,0,0
52.986205677999976,1779965230.337398,7249,60409,3,12582912,-12,0,0,0
52.986205677999976,1779965230.337398,7249,60410,4,12582912,10,0,0,0
52.986205677999976,1779965230.337398,7249,60411,5,12582912,12,0,0,0
52.986205677999976,1779965230.337398,7249,60412,6,12582912,-10,0,0,0
52.986205677999976,1779965230.337398,7249,60413,7,12582912,-22,0,0,0
53.009115553000015,1779965230.3603082,7250,60414,0,12582912,-3,0,0,0
53.009115553000015,1779965230.3603082,7250,60415,1,12582912,17,0,0,0
53.009115553000015,1779965230.3603082,7250,60416,2,12582912,13,0,0,0
53.009115553000015,1779965230.3603082,7250,60417,3,12582912,-8,0,0,0
53.009115553000015,1779965230.3603082,7250,60418,4,12582912,-16,0,0,0
53.009115553000015,1779965230.3603082,7250,60419,5,12582912,-3,0,0,0
53.009115553000015,1779965230.3603082,7250,60420,6,12582912,9,0,0,0
53.009115553000015,1779965230.3603082,7250,60421,7,12582912,10,0,0,0
53.053229724000005,1779965230.4044218,7251,60422,0,12582912,-5,0,0,0
53.053229724000005,1779965230.4044218,7251,60423,1,12582912,-20,0,0,0
53.053229724000005,1779965230.4044218,7251,60424,2,12582912,-18,0,0,0
53.053229724000005,1779965230.4044218,7251,60425,3,12582912,-7,0,0,0
53.053229724000005,1779965230.4044218,7251,60426,4,12582912,0,0,0,0
53.053229724000005,1779965230.4044218,7251,60427,5,12582912,-6,0,0,0
53.053229724000005,1779965230.4044218,7251,60428,6,12582912,-19,0,0,0
53.053229724000005,1779965230.4044218,7251,60429,7,12582912,-22,0,0,0
53.07611319299997,1779965230.4273057,7252,60430,0,12582912,-1,0,0,0
53.07611319299997,1779965230.4273057,7252,60431,1,12582912,33,0,0,0
53.07611319299997,1779965230.4273057,7252,60432,2,12582912,34,0,0,0
53.07611319299997,1779965230.4273057,7252,60433,3,12582912,-11,0,0,0
53.07611319299997,1779965230.4273057,7252,60434,4,12582912,-62,0,0,0
53.07611319299997,1779965230.4273057,7252,60435,5,12582912,-68,0,0,0
53.07611319299997,1779965230.4273057,7252,60436,6,12582912,-23,0,0,0
53.07611319299997,1779965230.4273057,7252,60437,7,12582912,21,0,0,0
53.12009642700002,1779965230.471289,7253,60438,0,12582912,9,0,0,0
53.12009642700002,1779965230.471289,7253,60439,1,12582912,-39,0,0,0
53.12009642700002,1779965230.471289,7253,60440,2,12582912,-61,0,0,0
53.12009642700002,1779965230.471289,7253,60441,3,12582912,-32,0,0,0
53.12009642700002,1779965230.471289,7253,60442,4,12582912,2,0,0,0
53.12009642700002,1779965230.471289,7253,60443,5,12582912,-10,0,0,0
53.12009642700002,1779965230.471289,7253,60444,6,12582912,-48,0,0,0
53.12009642700002,1779965230.471289,7253,60445,7,12582912,-56,0,0,0
53.18948996099999,1779965230.540682,7254,60446,0,12582912,-20,0,0,0
53.18948996099999,1779965230.540682,7254,60447,1,12582912,12,0,0,0
53.18948996099999,1779965230.540682,7254,60448,2,12582912,3,0,0,0
53.18948996099999,1779965230.540682,7254,60449,3,12582912,-33,0,0,0
53.18948996099999,1779965230.540682,7254,60450,4,12582912,-52,0,0,0
53.18948996099999,1779965230.540682,7254,60451,5,12582912,-38,0,0,0
53.18948996099999,1779965230.540682,7254,60452,6,12582912,-26,0,0,0
53.18948996099999,1779965230.540682,7254,60453,7,12582912,-34,0,0,0
53.19055439199997,1779965230.5417452,7255,60454,0,12582912,-46,0,0,0
53.19055439199997,1779965230.5417452,7255,60455,1,12582912,-42,0,0,0
53.19055439199997,1779965230.5417452,7255,60456,2,12582912,-20,0,0,0
53.19055439199997,1779965230.5417452,7255,60457,3,12582912,-4,0,0,0
53.19055439199997,1779965230.5417452,7255,60458,4,12582912,-3,0,0,0
53.19055439199997,1779965230.5417452,7255,60459,5,12582912,-13,0,0,0
53.19055439199997,1779965230.5417452,7255,60460,6,12582912,-22,0,0,0
53.19055439199997,1779965230.5417452,7255,60461,7,12582912,-19,0,0,0
53.21273119199998,1779965230.563923,7256,60462,0,12582912,-15,0,0,0
53.21273119199998,1779965230.563923,7256,60463,1,12582912,-13,0,0,0
53.21273119199998,1779965230.563923,7256,60464,2,12582912,-13,0,0,0
53.21273119199998,1779965230.563923,7256,60465,3,12582912,-15,0,0,0
53.21273119199998,1779965230.563923,7256,60466,4,12582912,-19,0,0,0
53.21273119199998,1779965230.563923,7256,60467,5,12582912,-31,0,0,0
53.21273119199998,1779965230.563923,7256,60468,6,12582912,-42,0,0,0
53.21273119199998,1779965230.563923,7256,60469,7,12582912,-38,0,0,0
53.23460710500001,1779965230.5857992,7257,60470,0,12582912,-23,0,0,0
53.23460710500001,1779965230.5857992,7257,60471,1,12582912,-19,0,0,0
53.23460710500001,1779965230.5857992,7257,60472,2,12582912,-34,0,0,0
53.23460710500001,1779965230.5857992,7257,60473,3,12582912,-35,0,0,0
53.23460710500001,1779965230.5857992,7257,60474,4,12582912,-14,0,0,0
53.23460710500001,1779965230.5857992,7257,60475,5,12582912,-4,0,0,0
53.23460710500001,1779965230.5857992,7257,60476,6,12582912,-16,0,0,0
53.23460710500001,1779965230.5857992,7257,60477,7,12582912,-30,0,0,0
53.277639240999974,1779965230.628831,7258,60478,0,12582912,-25,0,0,0
53.277639240999974,1779965230.628831,7258,60479,1,12582912,-7,0,0,0
53.277639240999974,1779965230.628831,7258,60480,2,12582912,-2,0,0,0
53.277639240999974,1779965230.628831,7258,60481,3,12582912,-27,0,0,0
53.277639240999974,1779965230.628831,7258,60482,4,12582912,-67,0,0,0
53.277639240999974,1779965230.628831,7258,60483,5,12582912,-68,0,0,0
53.277639240999974,1779965230.628831,7258,60484,6,12582912,-17,0,0,0
53.277639240999974,1779965230.628831,7258,60485,7,12582912,24,0,0,0
53.329873858999974,1779965230.6810658,7259,60486,0,12582912,5,0,0,0
53.329873858999974,1779965230.6810658,7259,60487,1,12582912,-44,0,0,0
53.329873858999974,1779965230.6810658,7259,60488,2,12582912,-48,0,0,0
53.329873858999974,1779965230.6810658,7259,60489,3,12582912,3,0,0,0
53.329873858999974,1779965230.6810658,7259,60490,4,12582912,44,0,0,0
53.329873858999974,1779965230.6810658,7259,60491,5,12582912,31,0,0,0
53.329873858999974,1779965230.6810658,7259,60492,6,12582912,-15,0,0,0
53.329873858999974,1779965230.6810658,7259,60493,7,12582912,-44,0,0,0
53.35274024400002,1779965230.7039335,7260,60494,0,12582912,-36,0,0,0
53.35274024400002,1779965230.7039335,7260,60495,1,12582912,-14,0,0,0
53.35274024400002,1779965230.7039335,7260,60496,2,12582912,-6,0,0,0
53.35274024400002,1779965230.7039335,7260,60497,3,12582912,-10,0,0,0
53.35274024400002,1779965230.7039335,7260,60498,4,12582912,-3,0,0,0
53.35274024400002,1779965230.7039335,7260,60499,5,12582912,21,0,0,0
53.35274024400002,1779965230.7039335,7260,60500,6,12582912,37,0,0,0
53.35274024400002,1779965230.7039335,7260,60501,7,12582912,165,0,0,0
53.39658686199999,1779965230.7477787,7261,60502,0,12582912,195,0,0,0
53.39658686199999,1779965230.7477787,7261,60503,1,12582912,-308,0,0,0
53.39658686199999,1779965230.7477787,7261,60504,2,12582912,-721,0,0,0
53.39658686199999,1779965230.7477787,7261,60505,3,12582912,-254,0,0,0
53.39658686199999,1779965230.7477787,7261,60506,4,12582912,533,0,0,0
53.39658686199999,1779965230.7477787,7261,60507,5,12582912,601,0,0,0
53.39658686199999,1779965230.7477787,7261,60508,6,12582912,-81,0,0,0
53.39658686199999,1779965230.7477787,7261,60509,7,12582912,-567,0,0,0
53.44363724200002,1779965230.7948291,7262,60510,0,12582912,-250,0,0,0
53.44363724200002,1779965230.7948291,7262,60511,1,12582912,375,0,0,0
53.44363724200002,1779965230.7948291,7262,60512,2,12582912,455,0,0,0
53.44363724200002,1779965230.7948291,7262,60513,3,12582912,-55,0,0,0
53.44363724200002,1779965230.7948291,7262,60514,4,12582912,-425,0,0,0
53.44363724200002,1779965230.7948291,7262,60515,5,12582912,-178,0,0,0
53.44363724200002,1779965230.7948291,7262,60516,6,12582912,308,0,0,0
53.44363724200002,1779965230.7948291,7262,60517,7,12582912,364,0,0,0
53.44481120500001,1779965230.796002,7263,60518,0,12582912,-51,0,0,0
53.44481120500001,1779965230.796002,7263,60519,1,12582912,-364,0,0,0
53.44481120500001,1779965230.796002,7263,60520,2,12582912,-185,0,0,0
53.44481120500001,1779965230.796002,7263,60521,3,12582912,203,0,0,0
53.44481120500001,1779965230.796002,7263,60522,4,12582912,282,0,0,0
53.44481120500001,1779965230.796002,7263,60523,5,12582912,-7,0,0,0
53.44481120500001,1779965230.796002,7263,60524,6,12582912,-245,0,0,0
53.44481120500001,1779965230.796002,7263,60525,7,12582912,-130,0,0,0
53.49523935799999,1779965230.8464315,7264,60526,0,12582912,144,0,0,0
53.49523935799999,1779965230.8464315,7264,60527,1,12582912,198,0,0,0
53.49523935799999,1779965230.8464315,7264,60528,2,12582912,-17,0,0,0
53.49523935799999,1779965230.8464315,7264,60529,3,12582912,-192,0,0,0
53.49523935799999,1779965230.8464315,7264,60530,4,12582912,-96,0,0,0
53.49523935799999,1779965230.8464315,7264,60531,5,12582912,122,0,0,0
53.49523935799999,1779965230.8464315,7264,60532,6,12582912,167,0,0,0
53.49523935799999,1779965230.8464315,7264,60533,7,12582912,0,0,0,0
53.527570674,1779965230.8787627,7265,60534,0,12582912,-138,0,0,0
53.527570674,1779965230.8787627,7265,60535,1,12582912,-65,0,0,0
53.527570674,1779965230.8787627,7265,60536,2,12582912,105,0,0,0
53.527570674,1779965230.8787627,7265,60537,3,12582912,143,0,0,0
53.527570674,1779965230.8787627,7265,60538,4,12582912,19,0,0,0
53.527570674,1779965230.8787627,7265,60539,5,12582912,-93,0,0,0
53.527570674,1779965230.8787627,7265,60540,6,12582912,-52,0,0,0
53.527570674,1779965230.8787627,7265,60541,7,12582912,69,0,0,0
53.550491798999985,1779965230.9016848,7266,60542,0,12582912,96,0,0,0
53.550491798999985,1779965230.9016848,7266,60543,1,12582912,1,0,0,0
53.550491798999985,1779965230.9016848,7266,60544,2,12582912,-77,0,0,0
53.550491798999985,1779965230.9016848,7266,60545,3,12582912,-24,0,0,0
53.550491798999985,1779965230.9016848,7266,60546,4,12582912,88,0,0,0
53.550491798999985,1779965230.9016848,7266,60547,5,12582912,106,0,0,0
53.550491798999985,1779965230.9016848,7266,60548,6,12582912,17,0,0,0
53.550491798999985,1779965230.9016848,7266,60549,7,12582912,-54,0,0,0
53.573449746999984,1779965230.924642,7267,60550,0,12582912,-20,0,0,0
53.573449746999984,1779965230.924642,7267,60551,1,12582912,65,0,0,0
53.573449746999984,1779965230.924642,7267,60552,2,12582912,87,0,0,0
53.573449746999984,1779965230.924642,7267,60553,3,12582912,25,0,0,0
53.573449746999984,1779965230.924642,7267,60554,4,12582912,-34,0,0,0
53.573449746999984,1779965230.924642,7267,60555,5,12582912,-14,0,0,0
53.573449746999984,1779965230.924642,7267,60556,6,12582912,53,0,0,0
53.573449746999984,1779965230.924642,7267,60557,7,12582912,72,0,0,0
53.612055096999995,1779965230.9632473,7268,60558,0,12582912,22,0,0,0
53.612055096999995,1779965230.9632473,7268,60559,1,12582912,-31,0,0,0
53.612055096999995,1779965230.9632473,7268,60560,2,12582912,-23,0,0,0
53.612055096999995,1779965230.9632473,7268,60561,3,12582912,28,0,0,0
53.612055096999995,1779965230.9632473,7268,60562,4,12582912,49,0,0,0
53.612055096999995,1779965230.9632473,7268,60563,5,12582912,19,0,0,0
53.612055096999995,1779965230.9632473,7268,60564,6,12582912,-19,0,0,0
53.612055096999995,1779965230.9632473,7268,60565,7,12582912,-18,0,0,0
53.63501939899999,1779965230.9862118,7269,60566,0,12582912,14,0,0,0
53.63501939899999,1779965230.9862118,7269,60567,1,12582912,30,0,0,0
53.63501939899999,1779965230.9862118,7269,60568,2,12582912,10,0,0,0
53.63501939899999,1779965230.9862118,7269,60569,3,12582912,-15,0,0,0
53.63501939899999,1779965230.9862118,7269,60570,4,12582912,0,0,0,0
53.63501939899999,1779965230.9862118,7269,60571,5,12582912,39,0,0,0
53.63501939899999,1779965230.9862118,7269,60572,6,12582912,53,0,0,0
53.63501939899999,1779965230.9862118,7269,60573,7,12582912,30,0,0,0
53.68821531999998,1779965231.0394084,7270,60574,0,12582912,-4,0,0,0
53.68821531999998,1779965231.0394084,7270,60575,1,12582912,-10,0,0,0
53.68821531999998,1779965231.0394084,7270,60576,2,12582912,16,0,0,0
53.68821531999998,1779965231.0394084,7270,60577,3,12582912,34,0,0,0
53.68821531999998,1779965231.0394084,7270,60578,4,12582912,24,0,0,0
53.68821531999998,1779965231.0394084,7270,60579,5,12582912,6,0,0,0
53.68821531999998,1779965231.0394084,7270,60580,6,12582912,10,0,0,0
53.68821531999998,1779965231.0394084,7270,60581,7,12582912,42,0,0,0
53.711039776999996,1779965231.062232,7271,60582,0,12582912,65,0,0,0
53.711039776999996,1779965231.062232,7271,60583,1,12582912,58,0,0,0
53.711039776999996,1779965231.062232,7271,60584,2,12582912,34,0,0,0
53.711039776999996,1779965231.062232,7271,60585,3,12582912,20,0,0,0
53.711039776999996,1779965231.062232,7271,60586,4,12582912,21,0,0,0
53.711039776999996,1779965231.062232,7271,60587,5,12582912,22,0,0,0
53.711039776999996,1779965231.062232,7271,60588,6,12582912,21,0,0,0
53.711039776999996,1779965231.062232,7271,60589,7,12582912,17,0,0,0
53.73399209899998,1779965231.0851846,7272,60590,0,12582912,16,0,0,0
53.73399209899998,1779965231.0851846,7272,60591,1,12582912,26,0,0,0
53.73399209899998,1779965231.0851846,7272,60592,2,12582912,37,0,0,0
53.73399209899998,1779965231.0851846,7272,60593,3,12582912,37,0,0,0
53.73399209899998,1779965231.0851846,7272,60594,4,12582912,20,0,0,0
53.73399209899998,1779965231.0851846,7272,60595,5,12582912,4,0,0,0
53.73399209899998,1779965231.0851846,7272,60596,6,12582912,2,0,0,0
53.73399209899998,1779965231.0851846,7272,60597,7,12582912,7,0,0,0
53.75688077500001,1779965231.1080732,7273,60598,0,12582912,10,0,0,0
53.75688077500001,1779965231.1080732,7273,60599,1,12582912,4,0,0,0
53.75688077500001,1779965231.1080732,7273,60600,2,12582912,3,0,0,0
53.75688077500001,1779965231.1080732,7273,60601,3,12582912,17,0,0,0
53.75688077500001,1779965231.1080732,7273,60602,4,12582912,29,0,0,0
53.75688077500001,1779965231.1080732,7273,60603,5,12582912,29,0,0,0
53.75688077500001,1779965231.1080732,7273,60604,6,12582912,16,0,0,0
53.75688077500001,1779965231.1080732,7273,60605,7,12582912,5,0,0,0
53.847724537999966,1779965231.198917,7274,60606,0,12582912,9,0,0,0
53.847724537999966,1779965231.198917,7274,60607,1,12582912,19,0,0,0
53.847724537999966,1779965231.198917,7274,60608,2,12582912,23,0,0,0
53.847724537999966,1779965231.198917,7274,60609,3,12582912,15,0,0,0
53.847724537999966,1779965231.198917,7274,60610,4,12582912,10,0,0,0
53.847724537999966,1779965231.198917,7274,60611,5,12582912,15,0,0,0
53.847724537999966,1779965231.198917,7274,60612,6,12582912,22,0,0,0
53.847724537999966,1779965231.198917,7274,60613,7,12582912,37,0,0,0
53.84941292899998,1779965231.2006052,7275,60614,0,12582912,49,0,0,0
53.84941292899998,1779965231.2006052,7275,60615,1,12582912,40,0,0,0
53.84941292899998,1779965231.2006052,7275,60616,2,12582912,23,0,0,0
53.84941292899998,1779965231.2006052,7275,60617,3,12582912,22,0,0,0
53.84941292899998,1779965231.2006052,7275,60618,4,12582912,37,0,0,0
53.84941292899998,1779965231.2006052,7275,60619,5,12582912,41,0,0,0
53.84941292899998,1779965231.2006052,7275,60620,6,12582912,31,0,0,0
53.84941292899998,1779965231.2006052,7275,60621,7,12582912,24,0,0,0
53.89720414200002,1779965231.2483988,7276,60622,0,12582912,27,0,0,0
53.89720414200002,1779965231.2483988,7276,60623,1,12582912,35,0,0,0
53.89720414200002,1779965231.2483988,7276,60624,2,12582912,31,0,0,0
53.89720414200002,1779965231.2483988,7276,60625,3,12582912,19,0,0,0
53.89720414200002,1779965231.2483988,7276,60626,4,12582912,13,0,0,0
53.89720414200002,1779965231.2483988,7276,60627,5,12582912,17,0,0,0
53.89720414200002,1779965231.2483988,7276,60628,6,12582912,28,0,0,0
53.89720414200002,1779965231.2483988,7276,60629,7,12582912,37,0,0,0
53.89790008199998,1779965231.2490907,7277,60630,0,12582912,42,0,0,0
53.89790008199998,1779965231.2490907,7277,60631,1,12582912,42,0,0,0
53.89790008199998,1779965231.2490907,7277,60632,2,12582912,39,0,0,0
53.89790008199998,1779965231.2490907,7277,60633,3,12582912,35,0,0,0
53.89790008199998,1779965231.2490907,7277,60634,4,12582912,23,0,0,0
53.89790008199998,1779965231.2490907,7277,60635,5,12582912,16,0,0,0
53.89790008199998,1779965231.2490907,7277,60636,6,12582912,31,0,0,0
53.89790008199998,1779965231.2490907,7277,60637,7,12582912,48,0,0,0
53.948522868,1779965231.2997153,7278,60638,0,12582912,36,0,0,0
53.948522868,1779965231.2997153,7278,60639,1,12582912,7,0,0,0
53.948522868,1779965231.2997153,7278,60640,2,12582912,-1,0,0,0
53.948522868,1779965231.2997153,7278,60641,3,12582912,23,0,0,0
53.948522868,1779965231.2997153,7278,60642,4,12582912,48,0,0,0
53.948522868,1779965231.2997153,7278,60643,5,12582912,51,0,0,0
53.948522868,1779965231.2997153,7278,60644,6,12582912,34,0,0,0
53.948522868,1779965231.2997153,7278,60645,7,12582912,23,0,0,0
53.949987717,1779965231.301179,7279,60646,0,12582912,29,0,0,0
53.949987717,1779965231.301179,7279,60647,1,12582912,36,0,0,0
53.949987717,1779965231.301179,7279,60648,2,12582912,30,0,0,0
53.949987717,1779965231.301179,7279,60649,3,12582912,14,0,0,0
53.949987717,1779965231.301179,7279,60650,4,12582912,7,0,0,0
53.949987717,1779965231.301179,7279,60651,5,12582912,23,0,0,0
53.949987717,1779965231.301179,7279,60652,6,12582912,44,0,0,0
53.949987717,1779965231.301179,7279,60653,7,12582912,51,0,0,0
53.994201261,1779965231.3453937,7280,60654,0,12582912,42,0,0,0
53.994201261,1779965231.3453937,7280,60655,1,12582912,29,0,0,0
53.994201261,1779965231.3453937,7280,60656,2,12582912,23,0,0,0
53.994201261,1779965231.3453937,7280,60657,3,12582912,18,0,0,0
53.994201261,1779965231.3453937,7280,60658,4,12582912,17,0,0,0
53.994201261,1779965231.3453937,7280,60659,5,12582912,19,0,0,0
53.994201261,1779965231.3453937,7280,60660,6,12582912,20,0,0,0
53.994201261,1779965231.3453937,7280,60661,7,12582912,18,0,0,0
54.03279447199998,1779965231.3839874,7281,60662,0,12582912,17,0,0,0
54.03279447199998,1779965231.3839874,7281,60663,1,12582912,24,0,0,0
54.03279447199998,1779965231.3839874,7281,60664,2,12582912,26,0,0,0
54.03279447199998,1779965231.3839874,7281,60665,3,12582912,15,0,0,0
54.03279447199998,1779965231.3839874,7281,60666,4,12582912,5,0,0,0
54.03279447199998,1779965231.3839874,7281,60667,5,12582912,15,0,0,0
54.03279447199998,1779965231.3839874,7281,60668,6,12582912,40,0,0,0
54.03279447199998,1779965231.3839874,7281,60669,7,12582912,48,0,0,0
54.055769086,1779965231.4069612,7282,60670,0,12582912,30,0,0,0
54.055769086,1779965231.4069612,7282,60671,1,12582912,9,0,0,0
54.055769086,1779965231.4069612,7282,60672,2,12582912,8,0,0,0
54.055769086,1779965231.4069612,7282,60673,3,12582912,26,0,0,0
54.055769086,1779965231.4069612,7282,60674,4,12582912,34,0,0,0
54.055769086,1779965231.4069612,7282,60675,5,12582912,18,0,0,0
54.055769086,1779965231.4069612,7282,60676,6,12582912,-1,0,0,0
54.055769086,1779965231.4069612,7282,60677,7,12582912,4,0,0,0
54.078627084000004,1779965231.4298196,7283,60678,0,12582912,31,0,0,0
54.078627084000004,1779965231.4298196,7283,60679,1,12582912,42,0,0,0
54.078627084000004,1779965231.4298196,7283,60680,2,12582912,19,0,0,0
54.078627084000004,1779965231.4298196,7283,60681,3,12582912,-3,0,0,0
54.078627084000004,1779965231.4298196,7283,60682,4,12582912,12,0,0,0
54.078627084000004,1779965231.4298196,7283,60683,5,12582912,46,0,0,0
54.078627084000004,1779965231.4298196,7283,60684,6,12582912,50,0,0,0
54.078627084000004,1779965231.4298196,7283,60685,7,12582912,19,0,0,0
54.122623283999985,1779965231.473816,7284,60686,0,12582912,-6,0,0,0
54.122623283999985,1779965231.473816,7284,60687,1,12582912,4,0,0,0
54.122623283999985,1779965231.473816,7284,60688,2,12582912,32,0,0,0
54.122623283999985,1779965231.473816,7284,60689,3,12582912,32,0,0,0
54.122623283999985,1779965231.473816,7284,60690,4,12582912,0,0,0,0
54.122623283999985,1779965231.473816,7284,60691,5,12582912,-26,0,0,0
54.122623283999985,1779965231.473816,7284,60692,6,12582912,-19,0,0,0
54.122623283999985,1779965231.473816,7284,60693,7,12582912,9,0,0,0
54.145803054,1779965231.4969952,7285,60694,0,12582912,22,0,0,0
54.145803054,1779965231.4969952,7285,60695,1,12582912,10,0,0,0
54.145803054,1779965231.4969952,7285,60696,2,12582912,-2,0,0,0
54.145803054,1779965231.4969952,7285,60697,3,12582912,11,0,0,0
54.145803054,1779965231.4969952,7285,60698,4,12582912,36,0,0,0
54.145803054,1779965231.4969952,7285,60699,5,12582912,38,0,0,0
54.145803054,1779965231.4969952,7285,60700,6,12582912,17,0,0,0
54.145803054,1779965231.4969952,7285,60701,7,12582912,4,0,0,0
54.19863501499998,1779965231.5498264,7286,60702,0,12582912,12,0,0,0
54.19863501499998,1779965231.5498264,7286,60703,1,12582912,23,0,0,0
54.19863501499998,1779965231.5498264,7286,60704,2,12582912,18,0,0,0
54.19863501499998,1779965231.5498264,7286,60705,3,12582912,5,0,0,0
54.19863501499998,1779965231.5498264,7286,60706,4,12582912,6,0,0,0
54.19863501499998,1779965231.5498264,7286,60707,5,12582912,24,0,0,0
54.19863501499998,1779965231.5498264,7286,60708,6,12582912,40,0,0,0
54.19863501499998,1779965231.5498264,7286,60709,7,12582912,35,0,0,0
54.236955464000005,1779965231.5881479,7287,60710,0,12582912,21,0,0,0
54.236955464000005,1779965231.5881479,7287,60711,1,12582912,17,0,0,0
54.236955464000005,1779965231.5881479,7287,60712,2,12582912,15,0,0,0
54.236955464000005,1779965231.5881479,7287,60713,3,12582912,7,0,0,0
54.236955464000005,1779965231.5881479,7287,60714,4,12582912,-4,0,0,0
54.236955464000005,1779965231.5881479,7287,60715,5,12582912,-9,0,0,0
54.236955464000005,1779965231.5881479,7287,60716,6,12582912,1,0,0,0
54.236955464000005,1779965231.5881479,7287,60717,7,12582912,16,0,0,0
54.23843177200001,1779965231.5896227,7288,60718,0,12582912,21,0,0,0
54.23843177200001,1779965231.5896227,7288,60719,1,12582912,9,0,0,0
54.23843177200001,1779965231.5896227,7288,60720,2,12582912,-11,0,0,0
54.23843177200001,1779965231.5896227,7288,60721,3,12582912,-14,0,0,0
54.23843177200001,1779965231.5896227,7288,60722,4,12582912,-1,0,0,0
54.23843177200001,1779965231.5896227,7288,60723,5,12582912,3,0,0,0
54.23843177200001,1779965231.5896227,7288,60724,6,12582912,-2,0,0,0
54.23843177200001,1779965231.5896227,7288,60725,7,12582912,1,0,0,0
54.282381617,1779965231.6335738,7289,60726,0,12582912,14,0,0,0
54.282381617,1779965231.6335738,7289,60727,1,12582912,25,0,0,0
54.282381617,1779965231.6335738,7289,60728,2,12582912,23,0,0,0
54.282381617,1779965231.6335738,7289,60729,3,12582912,5,0,0,0
54.282381617,1779965231.6335738,7289,60730,4,12582912,-15,0,0,0
54.282381617,1779965231.6335738,7289,60731,5,12582912,-16,0,0,0
54.282381617,1779965231.6335738,7289,60732,6,12582912,4,0,0,0
54.282381617,1779965231.6335738,7289,60733,7,12582912,28,0,0,0
54.351117853000005,1779965231.7023091,7290,60734,0,12582912,30,0,0,0
54.351117853000005,1779965231.7023091,7290,60735,1,12582912,20,0,0,0
54.351117853000005,1779965231.7023091,7290,60736,2,12582912,18,0,0,0
54.351117853000005,1779965231.7023091,7290,60737,3,12582912,20,0,0,0
54.351117853000005,1779965231.7023091,7290,60738,4,12582912,17,0,0,0
54.351117853000005,1779965231.7023091,7290,60739,5,12582912,6,0,0,0
54.351117853000005,1779965231.7023091,7290,60740,6,12582912,-6,0,0,0
54.351117853000005,1779965231.7023091,7290,60741,7,12582912,-6,0,0,0
54.35196822099999,1779965231.703159,7291,60742,0,12582912,8,0,0,0
54.35196822099999,1779965231.703159,7291,60743,1,12582912,27,0,0,0
54.35196822099999,1779965231.703159,7291,60744,2,12582912,30,0,0,0
54.35196822099999,1779965231.703159,7291,60745,3,12582912,18,0,0,0
54.35196822099999,1779965231.703159,7291,60746,4,12582912,14,0,0,0
54.35196822099999,1779965231.703159,7291,60747,5,12582912,22,0,0,0
54.35196822099999,1779965231.703159,7291,60748,6,12582912,26,0,0,0
54.35196822099999,1779965231.703159,7291,60749,7,12582912,6,0,0,0
54.37431335299999,1779965231.725506,7292,60750,0,12582912,-20,0,0,0
54.37431335299999,1779965231.725506,7292,60751,1,12582912,-21,0,0,0
54.37431335299999,1779965231.725506,7292,60752,2,12582912,-2,0,0,0
54.37431335299999,1779965231.725506,7292,60753,3,12582912,13,0,0,0
54.37431335299999,1779965231.725506,7292,60754,4,12582912,10,0,0,0
54.37431335299999,1779965231.725506,7292,60755,5,12582912,0,0,0,0
54.37431335299999,1779965231.725506,7292,60756,6,12582912,-2,0,0,0
54.37431335299999,1779965231.725506,7292,60757,7,12582912,0,0,0,0
54.397209111999985,1779965231.7484016,7293,60758,0,12582912,1,0,0,0
54.397209111999985,1779965231.7484016,7293,60759,1,12582912,-5,0,0,0
54.397209111999985,1779965231.7484016,7293,60760,2,12582912,-11,0,0,0
54.397209111999985,1779965231.7484016,7293,60761,3,12582912,-4,0,0,0
54.397209111999985,1779965231.7484016,7293,60762,4,12582912,13,0,0,0
54.397209111999985,1779965231.7484016,7293,60763,5,12582912,19,0,0,0
54.397209111999985,1779965231.7484016,7293,60764,6,12582912,7,0,0,0
54.397209111999985,1779965231.7484016,7293,60765,7,12582912,1,0,0,0
54.463334453000016,1779965231.8145266,7294,60766,0,12582912,15,0,0,0
54.463334453000016,1779965231.8145266,7294,60767,1,12582912,24,0,0,0
54.463334453000016,1779965231.8145266,7294,60768,2,12582912,18,0,0,0
54.463334453000016,1779965231.8145266,7294,60769,3,12582912,9,0,0,0
54.463334453000016,1779965231.8145266,7294,60770,4,12582912,6,0,0,0
54.463334453000016,1779965231.8145266,7294,60771,5,12582912,14,0,0,0
54.463334453000016,1779965231.8145266,7294,60772,6,12582912,22,0,0,0
54.463334453000016,1779965231.8145266,7294,60773,7,12582912,16,0,0,0
54.46452836399999,1779965231.8157196,7295,60774,0,12582912,-1,0,0,0
54.46452836399999,1779965231.8157196,7295,60775,1,12582912,-5,0,0,0
54.46452836399999,1779965231.8157196,7295,60776,2,12582912,15,0,0,0
54.46452836399999,1779965231.8157196,7295,60777,3,12582912,35,0,0,0
54.46452836399999,1779965231.8157196,7295,60778,4,12582912,29,0,0,0
54.46452836399999,1779965231.8157196,7295,60779,5,12582912,4,0,0,0
54.46452836399999,1779965231.8157196,7295,60780,6,12582912,-2,0,0,0
54.46452836399999,1779965231.8157196,7295,60781,7,12582912,19,0,0,0
54.507861383999966,1779965231.8590539,7296,60782,0,12582912,28,0,0,0
54.507861383999966,1779965231.8590539,7296,60783,1,12582912,14,0,0,0
54.507861383999966,1779965231.8590539,7296,60784,2,12582912,-7,0,0,0
54.507861383999966,1779965231.8590539,7296,60785,3,12582912,-10,0,0,0
54.507861383999966,1779965231.8590539,7296,60786,4,12582912,8,0,0,0
54.507861383999966,1779965231.8590539,7296,60787,5,12582912,24,0,0,0
54.507861383999966,1779965231.8590539,7296,60788,6,12582912,19,0,0,0
54.507861383999966,1779965231.8590539,7296,60789,7,12582912,-1,0,0,0
54.531103863,1779965231.8822963,7297,60790,0,12582912,-9,0,0,0
54.531103863,1779965231.8822963,7297,60791,1,12582912,10,0,0,0
54.531103863,1779965231.8822963,7297,60792,2,12582912,35,0,0,0
54.531103863,1779965231.8822963,7297,60793,3,12582912,42,0,0,0
54.531103863,1779965231.8822963,7297,60794,4,12582912,31,0,0,0
54.531103863,1779965231.8822963,7297,60795,5,12582912,18,0,0,0
54.531103863,1779965231.8822963,7297,60796,6,12582912,20,0,0,0
54.531103863,1779965231.8822963,7297,60797,7,12582912,28,0,0,0
54.57546298,1779965231.926656,7298,60798,0,12582912,30,0,0,0
54.57546298,1779965231.926656,7298,60799,1,12582912,16,0,0,0
54.57546298,1779965231.926656,7298,60800,2,12582912,3,0,0,0
54.57546298,1779965231.926656,7298,60801,3,12582912,10,0,0,0
54.57546298,1779965231.926656,7298,60802,4,12582912,27,0,0,0
54.57546298,1779965231.926656,7298,60803,5,12582912,37,0,0,0
54.57546298,1779965231.926656,7298,60804,6,12582912,28,0,0,0
54.57546298,1779965231.926656,7298,60805,7,12582912,15,0,0,0
54.59832139499997,1779965231.9495137,7299,60806,0,12582912,20,0,0,0
54.59832139499997,1779965231.9495137,7299,60807,1,12582912,31,0,0,0
54.59832139499997,1779965231.9495137,7299,60808,2,12582912,31,0,0,0
54.59832139499997,1779965231.9495137,7299,60809,3,12582912,16,0,0,0
54.59832139499997,1779965231.9495137,7299,60810,4,12582912,11,0,0,0
54.59832139499997,1779965231.9495137,7299,60811,5,12582912,26,0,0,0
54.59832139499997,1779965231.9495137,7299,60812,6,12582912,42,0,0,0
54.59832139499997,1779965231.9495137,7299,60813,7,12582912,45,0,0,0
54.621214185999975,1779965231.9724066,7300,60814,0,12582912,30,0,0,0
54.621214185999975,1779965231.9724066,7300,60815,1,12582912,14,0,0,0
54.621214185999975,1779965231.9724066,7300,60816,2,12582912,15,0,0,0
54.621214185999975,1779965231.9724066,7300,60817,3,12582912,28,0,0,0
54.621214185999975,1779965231.9724066,7300,60818,4,12582912,36,0,0,0
54.621214185999975,1779965231.9724066,7300,60819,5,12582912,31,0,0,0
54.621214185999975,1779965231.9724066,7300,60820,6,12582912,21,0,0,0
54.621214185999975,1779965231.9724066,7300,60821,7,12582912,19,0,0,0
54.68280195699998,1779965232.0339942,7301,60822,0,12582912,19,0,0,0
54.68280195699998,1779965232.0339942,7301,60823,1,12582912,19,0,0,0
54.68280195699998,1779965232.0339942,7301,60824,2,12582912,19,0,0,0
54.68280195699998,1779965232.0339942,7301,60825,3,12582912,21,0,0,0
54.68280195699998,1779965232.0339942,7301,60826,4,12582912,26,0,0,0
54.68280195699998,1779965232.0339942,7301,60827,5,12582912,33,0,0,0
54.68280195699998,1779965232.0339942,7301,60828,6,12582912,39,0,0,0
54.68280195699998,1779965232.0339942,7301,60829,7,12582912,31,0,0,0
54.68437763899999,1779965232.0355694,7302,60830,0,12582912,13,0,0,0
54.68437763899999,1779965232.0355694,7302,60831,1,12582912,2,0,0,0
54.68437763899999,1779965232.0355694,7302,60832,2,12582912,6,0,0,0
54.68437763899999,1779965232.0355694,7302,60833,3,12582912,25,0,0,0
54.68437763899999,1779965232.0355694,7302,60834,4,12582912,36,0,0,0
54.68437763899999,1779965232.0355694,7302,60835,5,12582912,31,0,0,0
54.68437763899999,1779965232.0355694,7302,60836,6,12582912,25,0,0,0
54.68437763899999,1779965232.0355694,7302,60837,7,12582912,24,0,0,0
54.736819698999966,1779965232.088012,7303,60838,0,12582912,25,0,0,0
54.736819698999966,1779965232.088012,7303,60839,1,12582912,18,0,0,0
54.736819698999966,1779965232.088012,7303,60840,2,12582912,2,0,0,0
54.736819698999966,1779965232.088012,7303,60841,3,12582912,-2,0,0,0
54.736819698999966,1779965232.088012,7303,60842,4,12582912,12,0,0,0
54.736819698999966,1779965232.088012,7303,60843,5,12582912,28,0,0,0
54.736819698999966,1779965232.088012,7303,60844,6,12582912,32,0,0,0
54.736819698999966,1779965232.088012,7303,60845,7,12582912,25,0,0,0
54.759683999,1779965232.1108763,7304,60846,0,12582912,18,0,0,0
54.759683999,1779965232.1108763,7304,60847,1,12582912,17,0,0,0
54.759683999,1779965232.1108763,7304,60848,2,12582912,17,0,0,0
54.759683999,1779965232.1108763,7304,60849,3,12582912,15,0,0,0
54.759683999,1779965232.1108763,7304,60850,4,12582912,15,0,0,0
54.759683999,1779965232.1108763,7304,60851,5,12582912,22,0,0,0
54.759683999,1779965232.1108763,7304,60852,6,12582912,33,0,0,0
54.759683999,1779965232.1108763,7304,60853,7,12582912,42,0,0,0
54.782572829,1779965232.1337652,7305,60854,0,12582912,45,0,0,0
54.782572829,1779965232.1337652,7305,60855,1,12582912,36,0,0,0
54.782572829,1779965232.1337652,7305,60856,2,12582912,20,0,0,0
54.782572829,1779965232.1337652,7305,60857,3,12582912,20,0,0,0
54.782572829,1779965232.1337652,7305,60858,4,12582912,35,0,0,0
54.782572829,1779965232.1337652,7305,60859,5,12582912,39,0,0,0
54.782572829,1779965232.1337652,7305,60860,6,12582912,28,0,0,0
54.782572829,1779965232.1337652,7305,60861,7,12582912,21,0,0,0
54.815026536999994,1779965232.166219,7306,60862,0,12582912,29,0,0,0
54.815026536999994,1779965232.166219,7306,60863,1,12582912,49,0,0,0
54.815026536999994,1779965232.166219,7306,60864,2,12582912,55,0,0,0
54.815026536999994,1779965232.166219,7306,60865,3,12582912,34,0,0,0
54.815026536999994,1779965232.166219,7306,60866,4,12582912,10,0,0,0
54.815026536999994,1779965232.166219,7306,60867,5,12582912,10,0,0,0
54.815026536999994,1779965232.166219,7306,60868,6,12582912,34,0,0,0
54.815026536999994,1779965232.166219,7306,60869,7,12582912,48,0,0,0
54.86112195999999,1779965232.2123134,7307,60870,0,12582912,30,0,0,0
54.86112195999999,1779965232.2123134,7307,60871,1,12582912,7,0,0,0
54.86112195999999,1779965232.2123134,7307,60872,2,12582912,5,0,0,0
54.86112195999999,1779965232.2123134,7307,60873,3,12582912,23,0,0,0
54.86112195999999,1779965232.2123134,7307,60874,4,12582912,37,0,0,0
54.86112195999999,1779965232.2123134,7307,60875,5,12582912,29,0,0,0
54.86112195999999,1779965232.2123134,7307,60876,6,12582912,13,0,0,0
54.86112195999999,1779965232.2123134,7307,60877,7,12582912,15,0,0,0
54.93756030200001,1779965232.2887526,7308,60878,0,12582912,38,0,0,0
54.93756030200001,1779965232.2887526,7308,60879,1,12582912,57,0,0,0
54.93756030200001,1779965232.2887526,7308,60880,2,12582912,49,0,0,0
54.93756030200001,1779965232.2887526,7308,60881,3,12582912,25,0,0,0
54.93756030200001,1779965232.2887526,7308,60882,4,12582912,14,0,0,0
54.93756030200001,1779965232.2887526,7308,60883,5,12582912,27,0,0,0
54.93756030200001,1779965232.2887526,7308,60884,6,12582912,45,0,0,0
54.93756030200001,1779965232.2887526,7308,60885,7,12582912,48,0,0,0
54.93903759900002,1779965232.2902284,7309,60886,0,12582912,42,0,0,0
54.93903759900002,1779965232.2902284,7309,60887,1,12582912,37,0,0,0
54.93903759900002,1779965232.2902284,7309,60888,2,12582912,34,0,0,0
54.93903759900002,1779965232.2902284,7309,60889,3,12582912,27,0,0,0
54.93903759900002,1779965232.2902284,7309,60890,4,12582912,27,0,0,0
54.93903759900002,1779965232.2902284,7309,60891,5,12582912,39,0,0,0
54.93903759900002,1779965232.2902284,7309,60892,6,12582912,49,0,0,0
54.93903759900002,1779965232.2902284,7309,60893,7,12582912,49,0,0,0
54.99315961299999,1779965232.3443525,7310,60894,0,12582912,37,0,0,0
54.99315961299999,1779965232.3443525,7310,60895,1,12582912,25,0,0,0
54.99315961299999,1779965232.3443525,7310,60896,2,12582912,29,0,0,0
54.99315961299999,1779965232.3443525,7310,60897,3,12582912,33,0,0,0
54.99315961299999,1779965232.3443525,7310,60898,4,12582912,24,0,0,0
54.99315961299999,1779965232.3443525,7310,60899,5,12582912,6,0,0,0
54.99315961299999,1779965232.3443525,7310,60900,6,12582912,11,0,0,0
54.99315961299999,1779965232.3443525,7310,60901,7,12582912,59,0,0,0
54.99461873199999,1779965232.3458102,7311,60902,0,12582912,106,0,0,0
54.99461873199999,1779965232.3458102,7311,60903,1,12582912,104,0,0,0
54.99461873199999,1779965232.3458102,7311,60904,2,12582912,59,0,0,0
54.99461873199999,1779965232.3458102,7311,60905,3,12582912,24,0,0,0
54.99461873199999,1779965232.3458102,7311,60906,4,12582912,26,0,0,0
54.99461873199999,1779965232.3458102,7311,60907,5,12582912,43,0,0,0
54.99461873199999,1779965232.3458102,7311,60908,6,12582912,53,0,0,0
54.99461873199999,1779965232.3458102,7311,60909,7,12582912,48,0,0,0
55.01775053299997,1779965232.3689432,7312,60910,0,12582912,41,0,0,0
55.01775053299997,1779965232.3689432,7312,60911,1,12582912,54,0,0,0
55.01775053299997,1779965232.3689432,7312,60912,2,12582912,73,0,0,0
55.01775053299997,1779965232.3689432,7312,60913,3,12582912,72,0,0,0
55.01775053299997,1779965232.3689432,7312,60914,4,12582912,51,0,0,0
55.01775053299997,1779965232.3689432,7312,60915,5,12582912,32,0,0,0
55.01775053299997,1779965232.3689432,7312,60916,6,12582912,35,0,0,0
55.01775053299997,1779965232.3689432,7312,60917,7,12582912,50,0,0,0
55.04083691599999,1779965232.3920295,7313,60918,0,12582912,56,0,0,0
55.04083691599999,1779965232.3920295,7313,60919,1,12582912,44,0,0,0
55.04083691599999,1779965232.3920295,7313,60920,2,12582912,30,0,0,0
55.04083691599999,1779965232.3920295,7313,60921,3,12582912,35,0,0,0
55.04083691599999,1779965232.3920295,7313,60922,4,12582912,53,0,0,0
55.04083691599999,1779965232.3920295,7313,60923,5,12582912,62,0,0,0
55.04083691599999,1779965232.3920295,7313,60924,6,12582912,47,0,0,0
55.04083691599999,1779965232.3920295,7313,60925,7,12582912,26,0,0,0
55.10214885099998,1779965232.4533412,7314,60926,0,12582912,29,0,0,0
55.10214885099998,1779965232.4533412,7314,60927,1,12582912,45,0,0,0
55.10214885099998,1779965232.4533412,7314,60928,2,12582912,44,0,0,0
55.10214885099998,1779965232.4533412,7314,60929,3,12582912,20,0,0,0
55.10214885099998,1779965232.4533412,7314,60930,4,12582912,2,0,0,0
55.10214885099998,1779965232.4533412,7314,60931,5,12582912,12,0,0,0
55.10214885099998,1779965232.4533412,7314,60932,6,12582912,33,0,0,0
55.10214885099998,1779965232.4533412,7314,60933,7,12582912,43,0,0,0
55.10360890800001,1779965232.4548001,7315,60934,0,12582912,34,0,0,0
55.10360890800001,1779965232.4548001,7315,60935,1,12582912,17,0,0,0
55.10360890800001,1779965232.4548001,7315,60936,2,12582912,18,0,0,0
55.10360890800001,1779965232.4548001,7315,60937,3,12582912,32,0,0,0
55.10360890800001,1779965232.4548001,7315,60938,4,12582912,38,0,0,0
55.10360890800001,1779965232.4548001,7315,60939,5,12582912,29,0,0,0
55.10360890800001,1779965232.4548001,7315,60940,6,12582912,17,0,0,0
55.10360890800001,1779965232.4548001,7315,60941,7,12582912,22,0,0,0
55.14756156300001,1779965232.498754,7316,60942,0,12582912,37,0,0,0
55.14756156300001,1779965232.498754,7316,60943,1,12582912,42,0,0,0
55.14756156300001,1779965232.498754,7316,60944,2,12582912,38,0,0,0
55.14756156300001,1779965232.498754,7316,60945,3,12582912,38,0,0,0
55.14756156300001,1779965232.498754,7316,60946,4,12582912,49,0,0,0
55.14756156300001,1779965232.498754,7316,60947,5,12582912,56,0,0,0
55.14756156300001,1779965232.498754,7316,60948,6,12582912,44,0,0,0
55.14756156300001,1779965232.498754,7316,60949,7,12582912,25,0,0,0
55.170499404,1779965232.5216923,7317,60950,0,12582912,19,0,0,0
55.170499404,1779965232.5216923,7317,60951,1,12582912,34,0,0,0
55.170499404,1779965232.5216923,7317,60952,2,12582912,45,0,0,0
55.170499404,1779965232.5216923,7317,60953,3,12582912,37,0,0,0
55.170499404,1779965232.5216923,7317,60954,4,12582912,23,0,0,0
55.170499404,1779965232.5216923,7317,60955,5,12582912,18,0,0,0
55.170499404,1779965232.5216923,7317,60956,6,12582912,27,0,0,0
55.170499404,1779965232.5216923,7317,60957,7,12582912,36,0,0,0
55.22352115299998,1779965232.574714,7318,60958,0,12582912,32,0,0,0
55.22352115299998,1779965232.574714,7318,60959,1,12582912,19,0,0,0
55.22352115299998,1779965232.574714,7318,60960,2,12582912,14,0,0,0
55.22352115299998,1779965232.574714,7318,60961,3,12582912,27,0,0,0
55.22352115299998,1779965232.574714,7318,60962,4,12582912,39,0,0,0
55.22352115299998,1779965232.574714,7318,60963,5,12582912,35,0,0,0
55.22352115299998,1779965232.574714,7318,60964,6,12582912,23,0,0,0
55.22352115299998,1779965232.574714,7318,60965,7,12582912,16,0,0,0
55.246461651000004,1779965232.597654,7319,60966,0,12582912,20,0,0,0
55.246461651000004,1779965232.597654,7319,60967,1,12582912,29,0,0,0
55.246461651000004,1779965232.597654,7319,60968,2,12582912,28,0,0,0
55.246461651000004,1779965232.597654,7319,60969,3,12582912,11,0,0,0
55.246461651000004,1779965232.597654,7319,60970,4,12582912,-6,0,0,0
55.246461651000004,1779965232.597654,7319,60971,5,12582912,-1,0,0,0
55.246461651000004,1779965232.597654,7319,60972,6,12582912,20,0,0,0
55.246461651000004,1779965232.597654,7319,60973,7,12582912,34,0,0,0
55.269292459999974,1779965232.6204855,7320,60974,0,12582912,30,0,0,0
55.269292459999974,1779965232.6204855,7320,60975,1,12582912,17,0,0,0
55.269292459999974,1779965232.6204855,7320,60976,2,12582912,16,0,0,0
55.269292459999974,1779965232.6204855,7320,60977,3,12582912,31,0,0,0
55.269292459999974,1779965232.6204855,7320,60978,4,12582912,45,0,0,0
55.269292459999974,1779965232.6204855,7320,60979,5,12582912,42,0,0,0
55.269292459999974,1779965232.6204855,7320,60980,6,12582912,25,0,0,0
55.269292459999974,1779965232.6204855,7320,60981,7,12582912,16,0,0,0
55.307761762999974,1779965232.658954,7321,60982,0,12582912,19,0,0,0
55.307761762999974,1779965232.658954,7321,60983,1,12582912,21,0,0,0
55.307761762999974,1779965232.658954,7321,60984,2,12582912,14,0,0,0
55.307761762999974,1779965232.658954,7321,60985,3,12582912,10,0,0,0
55.307761762999974,1779965232.658954,7321,60986,4,12582912,22,0,0,0
55.307761762999974,1779965232.658954,7321,60987,5,12582912,43,0,0,0
55.307761762999974,1779965232.658954,7321,60988,6,12582912,51,0,0,0
55.307761762999974,1779965232.658954,7321,60989,7,12582912,38,0,0,0
55.375164083000016,1779965232.726356,7322,60990,0,12582912,17,0,0,0
55.375164083000016,1779965232.726356,7322,60991,1,12582912,15,0,0,0
55.375164083000016,1779965232.726356,7322,60992,2,12582912,30,0,0,0
55.375164083000016,1779965232.726356,7322,60993,3,12582912,42,0,0,0
55.375164083000016,1779965232.726356,7322,60994,4,12582912,36,0,0,0
55.375164083000016,1779965232.726356,7322,60995,5,12582912,17,0,0,0
55.375164083000016,1779965232.726356,7322,60996,6,12582912,6,0,0,0
55.375164083000016,1779965232.726356,7322,60997,7,12582912,13,0,0,0
55.376311848,1779965232.7275026,7323,60998,0,12582912,30,0,0,0
55.376311848,1779965232.7275026,7323,60999,1,12582912,33,0,0,0
55.376311848,1779965232.7275026,7323,61000,2,12582912,14,0,0,0
55.376311848,1779965232.7275026,7323,61001,3,12582912,-124,0,0,0
55.376311848,1779965232.7275026,7323,61002,4,12582912,-362,0,0,0
55.376311848,1779965232.7275026,7323,61003,5,12582912,-312,0,0,0
55.376311848,1779965232.7275026,7323,61004,6,12582912,122,0,0,0
55.376311848,1779965232.7275026,7323,61005,7,12582912,418,0,0,0
55.398636769999996,1779965232.749829,7324,61006,0,12582912,206,0,0,0
55.398636769999996,1779965232.749829,7324,61007,1,12582912,-206,0,0,0
55.398636769999996,1779965232.749829,7324,61008,2,12582912,-278,0,0,0
55.398636769999996,1779965232.749829,7324,61009,3,12582912,44,0,0,0
55.398636769999996,1779965232.749829,7324,61010,4,12582912,305,0,0,0
55.398636769999996,1779965232.749829,7324,61011,5,12582912,176,0,0,0
55.398636769999996,1779965232.749829,7324,61012,6,12582912,-128,0,0,0
55.398636769999996,1779965232.749829,7324,61013,7,12582912,-189,0,0,0
55.44289932200002,1779965232.7940915,7325,61014,0,12582912,42,0,0,0
55.44289932200002,1779965232.7940915,7325,61015,1,12582912,225,0,0,0
55.44289932200002,1779965232.7940915,7325,61016,2,12582912,114,0,0,0
55.44289932200002,1779965232.7940915,7325,61017,3,12582912,-119,0,0,0
55.44289932200002,1779965232.7940915,7325,61018,4,12582912,-153,0,0,0
55.44289932200002,1779965232.7940915,7325,61019,5,12582912,41,0,0,0
55.44289932200002,1779965232.7940915,7325,61020,6,12582912,192,0,0,0
55.44289932200002,1779965232.7940915,7325,61021,7,12582912,109,0,0,0
55.51324665300001,1779965232.864439,7326,61022,0,12582912,-83,0,0,0
55.51324665300001,1779965232.864439,7326,61023,1,12582912,-127,0,0,0
55.51324665300001,1779965232.864439,7326,61024,2,12582912,20,0,0,0
55.51324665300001,1779965232.864439,7326,61025,3,12582912,156,0,0,0
55.51324665300001,1779965232.864439,7326,61026,4,12582912,113,0,0,0
55.51324665300001,1779965232.864439,7326,61027,5,12582912,-26,0,0,0
55.51324665300001,1779965232.864439,7326,61028,6,12582912,-69,0,0,0
55.51324665300001,1779965232.864439,7326,61029,7,12582912,23,0,0,0
55.514717023,1779965232.8659096,7327,61030,0,12582912,112,0,0,0
55.514717023,1779965232.8659096,7327,61031,1,12582912,77,0,0,0
55.514717023,1779965232.8659096,7327,61032,2,12582912,-22,0,0,0
55.514717023,1779965232.8659096,7327,61033,3,12582912,-44,0,0,0
55.514717023,1779965232.8659096,7327,61034,4,12582912,35,0,0,0
55.514717023,1779965232.8659096,7327,61035,5,12582912,104,0,0,0
55.514717023,1779965232.8659096,7327,61036,6,12582912,70,0,0,0
55.514717023,1779965232.8659096,7327,61037,7,12582912,-14,0,0,0
55.554882840999994,1779965232.9060757,7328,61038,0,12582912,-31,0,0,0
55.554882840999994,1779965232.9060757,7328,61039,1,12582912,31,0,0,0
55.554882840999994,1779965232.9060757,7328,61040,2,12582912,83,0,0,0
55.554882840999994,1779965232.9060757,7328,61041,3,12582912,58,0,0,0
55.554882840999994,1779965232.9060757,7328,61042,4,12582912,-8,0,0,0
55.554882840999994,1779965232.9060757,7328,61043,5,12582912,-34,0,0,0
55.554882840999994,1779965232.9060757,7328,61044,6,12582912,3,0,0,0
55.554882840999994,1779965232.9060757,7328,61045,7,12582912,51,0,0,0
55.55683191100002,1779965232.9080238,7329,61046,0,12582912,54,0,0,0
55.55683191100002,1779965232.9080238,7329,61047,1,12582912,24,0,0,0
55.55683191100002,1779965232.9080238,7329,61048,2,12582912,15,0,0,0
55.55683191100002,1779965232.9080238,7329,61049,3,12582912,37,0,0,0
55.55683191100002,1779965232.9080238,7329,61050,4,12582912,55,0,0,0
55.55683191100002,1779965232.9080238,7329,61051,5,12582912,39,0,0,0
55.55683191100002,1779965232.9080238,7329,61052,6,12582912,11,0,0,0
55.55683191100002,1779965232.9080238,7329,61053,7,12582912,11,0,0,0
55.600735241999985,1779965232.9519277,7330,61054,0,12582912,36,0,0,0
55.600735241999985,1779965232.9519277,7330,61055,1,12582912,56,0,0,0
55.600735241999985,1779965232.9519277,7330,61056,2,12582912,39,0,0,0
55.600735241999985,1779965232.9519277,7330,61057,3,12582912,7,0,0,0
55.600735241999985,1779965232.9519277,7330,61058,4,12582912,-4,0,0,0
55.600735241999985,1779965232.9519277,7330,61059,5,12582912,11,0,0,0
55.600735241999985,1779965232.9519277,7330,61060,6,12582912,33,0,0,0
55.600735241999985,1779965232.9519277,7330,61061,7,12582912,36,0,0,0
55.623528083,1779965232.9747207,7331,61062,0,12582912,22,0,0,0
55.623528083,1779965232.9747207,7331,61063,1,12582912,12,0,0,0
55.623528083,1779965232.9747207,7331,61064,2,12582912,13,0,0,0
55.623528083,1779965232.9747207,7331,61065,3,12582912,18,0,0,0
55.623528083,1779965232.9747207,7331,61066,4,12582912,13,0,0,0
55.623528083,1779965232.9747207,7331,61067,5,12582912,8,0,0,0
55.623528083,1779965232.9747207,7331,61068,6,12582912,19,0,0,0
55.623528083,1779965232.9747207,7331,61069,7,12582912,36,0,0,0
55.85088043500002,1779965233.202072,7332,61070,0,12582912,51,0,0,0
55.85088043500002,1779965233.202072,7332,61071,1,12582912,52,0,0,0
55.85088043500002,1779965233.202072,7332,61072,2,12582912,120,0,0,0
55.85088043500002,1779965233.202072,7332,61073,3,12582912,351,0,0,0
55.85088043500002,1779965233.202072,7332,61074,4,12582912,503,0,0,0
55.85088043500002,1779965233.202072,7332,61075,5,12582912,242,0,0,0
55.85088043500002,1779965233.202072,7332,61076,6,12582912,-214,0,0,0
55.85088043500002,1779965233.202072,7332,61077,7,12582912,-321,0,0,0
55.87276306299998,1779965233.2239547,7333,61078,0,12582912,21,0,0,0
55.87276306299998,1779965233.2239547,7333,61079,1,12582912,343,0,0,0
55.87276306299998,1779965233.2239547,7333,61080,2,12582912,245,0,0,0
55.87276306299998,1779965233.2239547,7333,61081,3,12582912,-98,0,0,0
55.87276306299998,1779965233.2239547,7333,61082,4,12582912,-211,0,0,0
55.87276306299998,1779965233.2239547,7333,61083,5,12582912,28,0,0,0
55.87276306299998,1779965233.2239547,7333,61084,6,12582912,274,0,0,0
55.87276306299998,1779965233.2239547,7333,61085,7,12582912,205,0,0,0
55.92136770999997,1779965233.2725594,7334,61086,0,12582912,-57,0,0,0
55.92136770999997,1779965233.2725594,7334,61087,1,12582912,-155,0,0,0
55.92136770999997,1779965233.2725594,7334,61088,2,12582912,12,0,0,0
55.92136770999997,1779965233.2725594,7334,61089,3,12582912,191,0,0,0
55.92136770999997,1779965233.2725594,7334,61090,4,12582912,141,0,0,0
55.92136770999997,1779965233.2725594,7334,61091,5,12582912,-51,0,0,0
55.92136770999997,1779965233.2725594,7334,61092,6,12582912,-115,0,0,0
55.92136770999997,1779965233.2725594,7334,61093,7,12582912,25,0,0,0
55.94344361999998,1779965233.2946355,7335,61094,0,12582912,173,0,0,0
55.94344361999998,1779965233.2946355,7335,61095,1,12582912,139,0,0,0
55.94344361999998,1779965233.2946355,7335,61096,2,12582912,-14,0,0,0
55.94344361999998,1779965233.2946355,7335,61097,3,12582912,-74,0,0,0
55.94344361999998,1779965233.2946355,7335,61098,4,12582912,19,0,0,0
55.94344361999998,1779965233.2946355,7335,61099,5,12582912,121,0,0,0
55.94344361999998,1779965233.2946355,7335,61100,6,12582912,95,0,0,0
55.94344361999998,1779965233.2946355,7335,61101,7,12582912,-8,0,0,0
55.965451508,1779965233.316643,7336,61102,0,12582912,-39,0,0,0
55.965451508,1779965233.316643,7336,61103,1,12582912,35,0,0,0
55.965451508,1779965233.316643,7336,61104,2,12582912,107,0,0,0
55.965451508,1779965233.316643,7336,61105,3,12582912,74,0,0,0
55.965451508,1779965233.316643,7336,61106,4,12582912,-13,0,0,0
55.965451508,1779965233.316643,7336,61107,5,12582912,-31,0,0,0
55.965451508,1779965233.316643,7336,61108,6,12582912,34,0,0,0
55.965451508,1779965233.316643,7336,61109,7,12582912,86,0,0,0
56.008841867,1779965233.3600335,7337,61110,0,12582912,56,0,0,0
56.008841867,1779965233.3600335,7337,61111,1,12582912,-9,0,0,0
56.008841867,1779965233.3600335,7337,61112,2,12582912,-19,0,0,0
56.008841867,1779965233.3600335,7337,61113,3,12582912,34,0,0,0
56.008841867,1779965233.3600335,7337,61114,4,12582912,82,0,0,0
56.008841867,1779965233.3600335,7337,61115,5,12582912,66,0,0,0
56.008841867,1779965233.3600335,7337,61116,6,12582912,13,0,0,0
56.008841867,1779965233.3600335,7337,61117,7,12582912,-4,0,0,0
56.03124600699999,1779965233.3824384,7338,61118,0,12582912,28,0,0,0
56.03124600699999,1779965233.3824384,7338,61119,1,12582912,58,0,0,0
56.03124600699999,1779965233.3824384,7338,61120,2,12582912,48,0,0,0
56.03124600699999,1779965233.3824384,7338,61121,3,12582912,15,0,0,0
56.03124600699999,1779965233.3824384,7338,61122,4,12582912,3,0,0,0
56.03124600699999,1779965233.3824384,7338,61123,5,12582912,20,0,0,0
56.03124600699999,1779965233.3824384,7338,61124,6,12582912,36,0,0,0
56.03124600699999,1779965233.3824384,7338,61125,7,12582912,30,0,0,0
56.054156294999984,1779965233.4053488,7339,61126,0,12582912,18,0,0,0
56.054156294999984,1779965233.4053488,7339,61127,1,12582912,24,0,0,0
56.054156294999984,1779965233.4053488,7339,61128,2,12582912,45,0,0,0
56.054156294999984,1779965233.4053488,7339,61129,3,12582912,54,0,0,0
56.054156294999984,1779965233.4053488,7339,61130,4,12582912,35,0,0,0
56.054156294999984,1779965233.4053488,7339,61131,5,12582912,7,0,0,0
56.054156294999984,1779965233.4053488,7339,61132,6,12582912,0,0,0,0
56.054156294999984,1779965233.4053488,7339,61133,7,12582912,15,0,0,0
56.09845639600002,1779965233.4496486,7340,61134,0,12582912,36,0,0,0
56.09845639600002,1779965233.4496486,7340,61135,1,12582912,40,0,0,0
56.09845639600002,1779965233.4496486,7340,61136,2,12582912,26,0,0,0
56.09845639600002,1779965233.4496486,7340,61137,3,12582912,11,0,0,0
56.09845639600002,1779965233.4496486,7340,61138,4,12582912,11,0,0,0
56.09845639600002,1779965233.4496486,7340,61139,5,12582912,29,0,0,0
56.09845639600002,1779965233.4496486,7340,61140,6,12582912,38,0,0,0
56.09845639600002,1779965233.4496486,7340,61141,7,12582912,20,0,0,0
56.13703814399997,1779965233.488231,7341,61142,0,12582912,-2,0,0,0
56.13703814399997,1779965233.488231,7341,61143,1,12582912,-2,0,0,0
56.13703814399997,1779965233.488231,7341,61144,2,12582912,24,0,0,0
56.13703814399997,1779965233.488231,7341,61145,3,12582912,45,0,0,0
56.13703814399997,1779965233.488231,7341,61146,4,12582912,39,0,0,0
56.13703814399997,1779965233.488231,7341,61147,5,12582912,19,0,0,0
56.13703814399997,1779965233.488231,7341,61148,6,12582912,9,0,0,0
56.13703814399997,1779965233.488231,7341,61149,7,12582912,21,0,0,0
56.19037634900002,1779965233.541569,7342,61150,0,12582912,38,0,0,0
56.19037634900002,1779965233.541569,7342,61151,1,12582912,33,0,0,0
56.19037634900002,1779965233.541569,7342,61152,2,12582912,11,0,0,0
56.19037634900002,1779965233.541569,7342,61153,3,12582912,0,0,0,0
56.19037634900002,1779965233.541569,7342,61154,4,12582912,20,0,0,0
56.19037634900002,1779965233.541569,7342,61155,5,12582912,47,0,0,0
56.19037634900002,1779965233.541569,7342,61156,6,12582912,49,0,0,0
56.19037634900002,1779965233.541569,7342,61157,7,12582912,32,0,0,0
56.19182442699997,1779965233.5430167,7343,61158,0,12582912,19,0,0,0
56.19182442699997,1779965233.5430167,7343,61159,1,12582912,28,0,0,0
56.19182442699997,1779965233.5430167,7343,61160,2,12582912,46,0,0,0
56.19182442699997,1779965233.5430167,7343,61161,3,12582912,51,0,0,0
56.19182442699997,1779965233.5430167,7343,61162,4,12582912,36,0,0,0
56.19182442699997,1779965233.5430167,7343,61163,5,12582912,13,0,0,0
56.19182442699997,1779965233.5430167,7343,61164,6,12582912,0,0,0,0
56.19182442699997,1779965233.5430167,7343,61165,7,12582912,0,0,0,0
56.214641745999984,1779965233.565834,7344,61166,0,12582912,3,0,0,0
56.214641745999984,1779965233.565834,7344,61167,1,12582912,6,0,0,0
56.214641745999984,1779965233.565834,7344,61168,2,12582912,14,0,0,0
56.214641745999984,1779965233.565834,7344,61169,3,12582912,27,0,0,0
56.214641745999984,1779965233.565834,7344,61170,4,12582912,39,0,0,0
56.214641745999984,1779965233.565834,7344,61171,5,12582912,38,0,0,0
56.214641745999984,1779965233.565834,7344,61172,6,12582912,24,0,0,0
56.214641745999984,1779965233.565834,7344,61173,7,12582912,5,0,0,0
56.25870627299997,1779965233.6098988,7345,61174,0,12582912,5,0,0,0
56.25870627299997,1779965233.6098988,7345,61175,1,12582912,20,0,0,0
56.25870627299997,1779965233.6098988,7345,61176,2,12582912,33,0,0,0
56.25870627299997,1779965233.6098988,7345,61177,3,12582912,31,0,0,0
56.25870627299997,1779965233.6098988,7345,61178,4,12582912,12,0,0,0
56.25870627299997,1779965233.6098988,7345,61179,5,12582912,-2,0,0,0
56.25870627299997,1779965233.6098988,7345,61180,6,12582912,-4,0,0,0
56.25870627299997,1779965233.6098988,7345,61181,7,12582912,3,0,0,0
56.28159223799997,1779965233.6327844,7346,61182,0,12582912,15,0,0,0
56.28159223799997,1779965233.6327844,7346,61183,1,12582912,16,0,0,0
56.28159223799997,1779965233.6327844,7346,61184,2,12582912,8,0,0,0
56.28159223799997,1779965233.6327844,7346,61185,3,12582912,6,0,0,0
56.28159223799997,1779965233.6327844,7346,61186,4,12582912,14,0,0,0
56.28159223799997,1779965233.6327844,7346,61187,5,12582912,23,0,0,0
56.28159223799997,1779965233.6327844,7346,61188,6,12582912,21,0,0,0
56.28159223799997,1779965233.6327844,7346,61189,7,12582912,15,0,0,0
56.34284422100001,1779965233.6940367,7347,61190,0,12582912,19,0,0,0
56.34284422100001,1779965233.6940367,7347,61191,1,12582912,31,0,0,0
56.34284422100001,1779965233.6940367,7347,61192,2,12582912,37,0,0,0
56.34284422100001,1779965233.6940367,7347,61193,3,12582912,28,0,0,0
56.34284422100001,1779965233.6940367,7347,61194,4,12582912,21,0,0,0
56.34284422100001,1779965233.6940367,7347,61195,5,12582912,24,0,0,0
56.34284422100001,1779965233.6940367,7347,61196,6,12582912,30,0,0,0
56.34284422100001,1779965233.6940367,7347,61197,7,12582912,24,0,0,0
56.35307581899997,1779965233.704268,7348,61198,0,12582912,4,0,0,0
56.35307581899997,1779965233.704268,7348,61199,1,12582912,-7,0,0,0
56.35307581899997,1779965233.704268,7348,61200,2,12582912,3,0,0,0
56.35307581899997,1779965233.704268,7348,61201,3,12582912,19,0,0,0
56.35307581899997,1779965233.704268,7348,61202,4,12582912,25,0,0,0
56.35307581899997,1779965233.704268,7348,61203,5,12582912,20,0,0,0
56.35307581899997,1779965233.704268,7348,61204,6,12582912,17,0,0,0
56.35307581899997,1779965233.704268,7348,61205,7,12582912,23,0,0,0
56.39438512800001,1779965233.7455764,7349,61206,0,12582912,31,0,0,0
56.39438512800001,1779965233.7455764,7349,61207,1,12582912,33,0,0,0
56.39438512800001,1779965233.7455764,7349,61208,2,12582912,22,0,0,0
56.39438512800001,1779965233.7455764,7349,61209,3,12582912,7,0,0,0
56.39438512800001,1779965233.7455764,7349,61210,4,12582912,1,0,0,0
56.39438512800001,1779965233.7455764,7349,61211,5,12582912,11,0,0,0
56.39438512800001,1779965233.7455764,7349,61212,6,12582912,29,0,0,0
56.39438512800001,1779965233.7455764,7349,61213,7,12582912,28,0,0,0
56.431164943,1779965233.7823563,7350,61214,0,12582912,10,0,0,0
56.431164943,1779965233.7823563,7350,61215,1,12582912,-2,0,0,0
56.431164943,1779965233.7823563,7350,61216,2,12582912,8,0,0,0
56.431164943,1779965233.7823563,7350,61217,3,12582912,27,0,0,0
56.431164943,1779965233.7823563,7350,61218,4,12582912,32,0,0,0
56.431164943,1779965233.7823563,7350,61219,5,12582912,27,0,0,0
56.431164943,1779965233.7823563,7350,61220,6,12582912,23,0,0,0
56.431164943,1779965233.7823563,7350,61221,7,12582912,26,0,0,0
56.45293022699997,1779965233.804122,7351,61222,0,12582912,30,0,0,0
56.45293022699997,1779965233.804122,7351,61223,1,12582912,20,0,0,0
56.45293022699997,1779965233.804122,7351,61224,2,12582912,3,0,0,0
56.45293022699997,1779965233.804122,7351,61225,3,12582912,-6,0,0,0
56.45293022699997,1779965233.804122,7351,61226,4,12582912,-1,0,0,0
56.45293022699997,1779965233.804122,7351,61227,5,12582912,19,0,0,0
56.45293022699997,1779965233.804122,7351,61228,6,12582912,36,0,0,0
56.45293022699997,1779965233.804122,7351,61229,7,12582912,41,0,0,0
56.475196761999996,1779965233.826389,7352,61230,0,12582912,42,0,0,0
56.475196761999996,1779965233.826389,7352,61231,1,12582912,35,0,0,0
56.475196761999996,1779965233.826389,7352,61232,2,12582912,14,0,0,0
56.475196761999996,1779965233.826389,7352,61233,3,12582912,-7,0,0,0
56.475196761999996,1779965233.826389,7352,61234,4,12582912,-3,0,0,0
56.475196761999996,1779965233.826389,7352,61235,5,12582912,18,0,0,0
56.475196761999996,1779965233.826389,7352,61236,6,12582912,18,0,0,0
56.475196761999996,1779965233.826389,7352,61237,7,12582912,-13,0,0,0
56.53327394299998,1779965233.8844664,7353,61238,0,12582912,-41,0,0,0
56.53327394299998,1779965233.8844664,7353,61239,1,12582912,-27,0,0,0
56.53327394299998,1779965233.8844664,7353,61240,2,12582912,11,0,0,0
56.53327394299998,1779965233.8844664,7353,61241,3,12582912,31,0,0,0
56.53327394299998,1779965233.8844664,7353,61242,4,12582912,15,0,0,0
56.53327394299998,1779965233.8844664,7353,61243,5,12582912,-11,0,0,0
56.53327394299998,1779965233.8844664,7353,61244,6,12582912,-13,0,0,0
56.53327394299998,1779965233.8844664,7353,61245,7,12582912,1,0,0,0
56.53473587499997,1779965233.885927,7354,61246,0,12582912,6,0,0,0
56.53473587499997,1779965233.885927,7354,61247,1,12582912,-3,0,0,0
56.53473587499997,1779965233.885927,7354,61248,2,12582912,-14,0,0,0
56.53473587499997,1779965233.885927,7354,61249,3,12582912,-9,0,0,0
56.53473587499997,1779965233.885927,7354,61250,4,12582912,9,0,0,0
56.53473587499997,1779965233.885927,7354,61251,5,12582912,19,0,0,0
56.53473587499997,1779965233.885927,7354,61252,6,12582912,14,0,0,0
56.53473587499997,1779965233.885927,7354,61253,7,12582912,4,0,0,0
56.57144647000001,1779965233.9226391,7355,61254,0,12582912,5,0,0,0
56.57144647000001,1779965233.9226391,7355,61255,1,12582912,23,0,0,0
56.57144647000001,1779965233.9226391,7355,61256,2,12582912,45,0,0,0
56.57144647000001,1779965233.9226391,7355,61257,3,12582912,47,0,0,0
56.57144647000001,1779965233.9226391,7355,61258,4,12582912,30,0,0,0
56.57144647000001,1779965233.9226391,7355,61259,5,12582912,24,0,0,0
56.57144647000001,1779965233.9226391,7355,61260,6,12582912,34,0,0,0
56.57144647000001,1779965233.9226391,7355,61261,7,12582912,47,0,0,0
56.615445737000016,1779965233.9666378,7356,61262,0,12582912,44,0,0,0
56.615445737000016,1779965233.9666378,7356,61263,1,12582912,21,0,0,0
56.615445737000016,1779965233.9666378,7356,61264,2,12582912,-1,0,0,0
56.615445737000016,1779965233.9666378,7356,61265,3,12582912,2,0,0,0
56.615445737000016,1779965233.9666378,7356,61266,4,12582912,24,0,0,0
56.615445737000016,1779965233.9666378,7356,61267,5,12582912,36,0,0,0
56.615445737000016,1779965233.9666378,7356,61268,6,12582912,23,0,0,0
56.615445737000016,1779965233.9666378,7356,61269,7,12582912,9,0,0,0
56.638384723,1779965233.989577,7357,61270,0,12582912,17,0,0,0
56.638384723,1779965233.989577,7357,61271,1,12582912,40,0,0,0
56.638384723,1779965233.989577,7357,61272,2,12582912,49,0,0,0
56.638384723,1779965233.989577,7357,61273,3,12582912,34,0,0,0
56.638384723,1779965233.989577,7357,61274,4,12582912,20,0,0,0
56.638384723,1779965233.989577,7357,61275,5,12582912,26,0,0,0
56.638384723,1779965233.989577,7357,61276,6,12582912,44,0,0,0
56.638384723,1779965233.989577,7357,61277,7,12582912,48,0,0,0
56.69249824100001,1779965234.043691,7358,61278,0,12582912,28,0,0,0
56.69249824100001,1779965234.043691,7358,61279,1,12582912,9,0,0,0
56.69249824100001,1779965234.043691,7358,61280,2,12582912,8,0,0,0
56.69249824100001,1779965234.043691,7358,61281,3,12582912,17,0,0,0
56.69249824100001,1779965234.043691,7358,61282,4,12582912,24,0,0,0
56.69249824100001,1779965234.043691,7358,61283,5,12582912,21,0,0,0
56.69249824100001,1779965234.043691,7358,61284,6,12582912,21,0,0,0
56.69249824100001,1779965234.043691,7358,61285,7,12582912,32,0,0,0
56.69396777700001,1779965234.045159,7359,61286,0,12582912,41,0,0,0
56.69396777700001,1779965234.045159,7359,61287,1,12582912,36,0,0,0
56.69396777700001,1779965234.045159,7359,61288,2,12582912,19,0,0,0
56.69396777700001,1779965234.045159,7359,61289,3,12582912,18,0,0,0
56.69396777700001,1779965234.045159,7359,61290,4,12582912,41,0,0,0
56.69396777700001,1779965234.045159,7359,61291,5,12582912,56,0,0,0
56.69396777700001,1779965234.045159,7359,61292,6,12582912,44,0,0,0
56.69396777700001,1779965234.045159,7359,61293,7,12582912,23,0,0,0
56.73790875999998,1779965234.089101,7360,61294,0,12582912,21,0,0,0
56.73790875999998,1779965234.089101,7360,61295,1,12582912,40,0,0,0
56.73790875999998,1779965234.089101,7360,61296,2,12582912,48,0,0,0
56.73790875999998,1779965234.089101,7360,61297,3,12582912,32,0,0,0
56.73790875999998,1779965234.089101,7360,61298,4,12582912,14,0,0,0
56.73790875999998,1779965234.089101,7360,61299,5,12582912,15,0,0,0
56.73790875999998,1779965234.089101,7360,61300,6,12582912,26,0,0,0
56.73790875999998,1779965234.089101,7360,61301,7,12582912,29,0,0,0
56.77666118399998,1779965234.1278536,7361,61302,0,12582912,20,0,0,0
56.77666118399998,1779965234.1278536,7361,61303,1,12582912,8,0,0,0
56.77666118399998,1779965234.1278536,7361,61304,2,12582912,12,0,0,0
56.77666118399998,1779965234.1278536,7361,61305,3,12582912,34,0,0,0
56.77666118399998,1779965234.1278536,7361,61306,4,12582912,48,0,0,0
56.77666118399998,1779965234.1278536,7361,61307,5,12582912,39,0,0,0
56.77666118399998,1779965234.1278536,7361,61308,6,12582912,24,0,0,0
56.77666118399998,1779965234.1278536,7361,61309,7,12582912,24,0,0,0
56.79946745899997,1779965234.1506596,7362,61310,0,12582912,35,0,0,0
56.79946745899997,1779965234.1506596,7362,61311,1,12582912,34,0,0,0
56.79946745899997,1779965234.1506596,7362,61312,2,12582912,18,0,0,0
56.79946745899997,1779965234.1506596,7362,61313,3,12582912,3,0,0,0
56.79946745899997,1779965234.1506596,7362,61314,4,12582912,3,0,0,0
56.79946745899997,1779965234.1506596,7362,61315,5,12582912,11,0,0,0
56.79946745899997,1779965234.1506596,7362,61316,6,12582912,16,0,0,0
56.79946745899997,1779965234.1506596,7362,61317,7,12582912,20,0,0,0
56.84982773399997,1779965234.201019,7363,61318,0,12582912,22,0,0,0
56.84982773399997,1779965234.201019,7363,61319,1,12582912,27,0,0,0
56.84982773399997,1779965234.201019,7363,61320,2,12582912,30,0,0,0
56.84982773399997,1779965234.201019,7363,61321,3,12582912,17,0,0,0
56.84982773399997,1779965234.201019,7363,61322,4,12582912,-1,0,0,0
56.84982773399997,1779965234.201019,7363,61323,5,12582912,-5,0,0,0
56.84982773399997,1779965234.201019,7363,61324,6,12582912,14,0,0,0
56.84982773399997,1779965234.201019,7363,61325,7,12582912,39,0,0,0
56.87848033199998,1779965234.2296734,7364,61326,0,12582912,47,0,0,0
56.87848033199998,1779965234.2296734,7364,61327,1,12582912,35,0,0,0
56.87848033199998,1779965234.2296734,7364,61328,2,12582912,19,0,0,0
56.87848033199998,1779965234.2296734,7364,61329,3,12582912,21,0,0,0
56.87848033199998,1779965234.2296734,7364,61330,4,12582912,35,0,0,0
56.87848033199998,1779965234.2296734,7364,61331,5,12582912,39,0,0,0
56.87848033199998,1779965234.2296734,7364,61332,6,12582912,27,0,0,0
56.87848033199998,1779965234.2296734,7364,61333,7,12582912,14,0,0,0
56.90134108699999,1779965234.252534,7365,61334,0,12582912,26,0,0,0
56.90134108699999,1779965234.252534,7365,61335,1,12582912,57,0,0,0
56.90134108699999,1779965234.252534,7365,61336,2,12582912,67,0,0,0
56.90134108699999,1779965234.252534,7365,61337,3,12582912,48,0,0,0
56.90134108699999,1779965234.252534,7365,61338,4,12582912,20,0,0,0
56.90134108699999,1779965234.252534,7365,61339,5,12582912,16,0,0,0
56.90134108699999,1779965234.252534,7365,61340,6,12582912,42,0,0,0
56.90134108699999,1779965234.252534,7365,61341,7,12582912,67,0,0,0
56.954938820999985,1779965234.3061311,7366,61342,0,12582912,59,0,0,0
56.954938820999985,1779965234.3061311,7366,61343,1,12582912,29,0,0,0
56.954938820999985,1779965234.3061311,7366,61344,2,12582912,13,0,0,0
56.954938820999985,1779965234.3061311,7366,61345,3,12582912,28,0,0,0
56.954938820999985,1779965234.3061311,7366,61346,4,12582912,45,0,0,0
56.954938820999985,1779965234.3061311,7366,61347,5,12582912,44,0,0,0
56.954938820999985,1779965234.3061311,7366,61348,6,12582912,30,0,0,0
56.954938820999985,1779965234.3061311,7366,61349,7,12582912,25,0,0,0
56.956569763999994,1779965234.3077621,7367,61350,0,12582912,31,0,0,0
56.956569763999994,1779965234.3077621,7367,61351,1,12582912,34,0,0,0
56.956569763999994,1779965234.3077621,7367,61352,2,12582912,24,0,0,0
56.956569763999994,1779965234.3077621,7367,61353,3,12582912,4,0,0,0
56.956569763999994,1779965234.3077621,7367,61354,4,12582912,0,0,0,0
56.956569763999994,1779965234.3077621,7367,61355,5,12582912,18,0,0,0
56.956569763999994,1779965234.3077621,7367,61356,6,12582912,36,0,0,0
56.956569763999994,1779965234.3077621,7367,61357,7,12582912,37,0,0,0
56.99489551900001,1779965234.3460884,7368,61358,0,12582912,21,0,0,0
56.99489551900001,1779965234.3460884,7368,61359,1,12582912,14,0,0,0
56.99489551900001,1779965234.3460884,7368,61360,2,12582912,28,0,0,0
56.99489551900001,1779965234.3460884,7368,61361,3,12582912,42,0,0,0
56.99489551900001,1779965234.3460884,7368,61362,4,12582912,41,0,0,0
56.99489551900001,1779965234.3460884,7368,61363,5,12582912,29,0,0,0
56.99489551900001,1779965234.3460884,7368,61364,6,12582912,32,0,0,0
56.99489551900001,1779965234.3460884,7368,61365,7,12582912,48,0,0,0
57.017807264,1779965234.369,7369,61366,0,12582912,54,0,0,0
57.017807264,1779965234.369,7369,61367,1,12582912,40,0,0,0
57.017807264,1779965234.369,7369,61368,2,12582912,21,0,0,0
57.017807264,1779965234.369,7369,61369,3,12582912,22,0,0,0
57.017807264,1779965234.369,7369,61370,4,12582912,37,0,0,0
57.017807264,1779965234.369,7369,61371,5,12582912,36,0,0,0
57.017807264,1779965234.369,7369,61372,6,12582912,19,0,0,0
57.017807264,1779965234.369,7369,61373,7,12582912,7,0,0,0
57.06207824799998,1779965234.4132707,7370,61374,0,12582912,22,0,0,0
57.06207824799998,1779965234.4132707,7370,61375,1,12582912,53,0,0,0
57.06207824799998,1779965234.4132707,7370,61376,2,12582912,72,0,0,0
57.06207824799998,1779965234.4132707,7370,61377,3,12582912,65,0,0,0
57.06207824799998,1779965234.4132707,7370,61378,4,12582912,37,0,0,0
57.06207824799998,1779965234.4132707,7370,61379,5,12582912,13,0,0,0
57.06207824799998,1779965234.4132707,7370,61380,6,12582912,19,0,0,0
57.06207824799998,1779965234.4132707,7370,61381,7,12582912,43,0,0,0
57.08511009699998,1779965234.4363024,7371,61382,0,12582912,53,0,0,0
57.08511009699998,1779965234.4363024,7371,61383,1,12582912,41,0,0,0
57.08511009699998,1779965234.4363024,7371,61384,2,12582912,33,0,0,0
57.08511009699998,1779965234.4363024,7371,61385,3,12582912,44,0,0,0
57.08511009699998,1779965234.4363024,7371,61386,4,12582912,53,0,0,0
57.08511009699998,1779965234.4363024,7371,61387,5,12582912,48,0,0,0
57.08511009699998,1779965234.4363024,7371,61388,6,12582912,37,0,0,0
57.08511009699998,1779965234.4363024,7371,61389,7,12582912,42,0,0,0
57.10862470799998,1779965234.4598174,7372,61390,0,12582912,57,0,0,0
57.10862470799998,1779965234.4598174,7372,61391,1,12582912,57,0,0,0
57.10862470799998,1779965234.4598174,7372,61392,2,12582912,38,0,0,0
57.10862470799998,1779965234.4598174,7372,61393,3,12582912,24,0,0,0
57.10862470799998,1779965234.4598174,7372,61394,4,12582912,31,0,0,0
57.10862470799998,1779965234.4598174,7372,61395,5,12582912,48,0,0,0
57.10862470799998,1779965234.4598174,7372,61396,6,12582912,56,0,0,0
57.10862470799998,1779965234.4598174,7372,61397,7,12582912,49,0,0,0
57.15256235800001,1779965234.503755,7373,61398,0,12582912,30,0,0,0
57.15256235800001,1779965234.503755,7373,61399,1,12582912,17,0,0,0
57.15256235800001,1779965234.503755,7373,61400,2,12582912,29,0,0,0
57.15256235800001,1779965234.503755,7373,61401,3,12582912,53,0,0,0
57.15256235800001,1779965234.503755,7373,61402,4,12582912,64,0,0,0
57.15256235800001,1779965234.503755,7373,61403,5,12582912,55,0,0,0
57.15256235800001,1779965234.503755,7373,61404,6,12582912,45,0,0,0
57.15256235800001,1779965234.503755,7373,61405,7,12582912,47,0,0,0
57.221761447000006,1779965234.572954,7374,61406,0,12582912,52,0,0,0
57.221761447000006,1779965234.572954,7374,61407,1,12582912,48,0,0,0
57.221761447000006,1779965234.572954,7374,61408,2,12582912,33,0,0,0
57.221761447000006,1779965234.572954,7374,61409,3,12582912,27,0,0,0
57.221761447000006,1779965234.572954,7374,61410,4,12582912,37,0,0,0
57.221761447000006,1779965234.572954,7374,61411,5,12582912,44,0,0,0
57.221761447000006,1779965234.572954,7374,61412,6,12582912,44,0,0,0
57.221761447000006,1779965234.572954,7374,61413,7,12582912,48,0,0,0
57.22322973299998,1779965234.5744214,7375,61414,0,12582912,70,0,0,0
57.22322973299998,1779965234.5744214,7375,61415,1,12582912,98,0,0,0
57.22322973299998,1779965234.5744214,7375,61416,2,12582912,99,0,0,0
57.22322973299998,1779965234.5744214,7375,61417,3,12582912,65,0,0,0
57.22322973299998,1779965234.5744214,7375,61418,4,12582912,23,0,0,0
57.22322973299998,1779965234.5744214,7375,61419,5,12582912,22,0,0,0
57.22322973299998,1779965234.5744214,7375,61420,6,12582912,67,0,0,0
57.22322973299998,1779965234.5744214,7375,61421,7,12582912,97,0,0,0
57.24603824799999,1779965234.5972307,7376,61422,0,12582912,79,0,0,0
57.24603824799999,1779965234.5972307,7376,61423,1,12582912,45,0,0,0
57.24603824799999,1779965234.5972307,7376,61424,2,12582912,41,0,0,0
57.24603824799999,1779965234.5972307,7376,61425,3,12582912,68,0,0,0
57.24603824799999,1779965234.5972307,7376,61426,4,12582912,84,0,0,0
57.24603824799999,1779965234.5972307,7376,61427,5,12582912,64,0,0,0
57.24603824799999,1779965234.5972307,7376,61428,6,12582912,24,0,0,0
57.24603824799999,1779965234.5972307,7376,61429,7,12582912,6,0,0,0
57.26894853499999,1779965234.6201408,7377,61430,0,12582912,21,0,0,0
57.26894853499999,1779965234.6201408,7377,61431,1,12582912,40,0,0,0
57.26894853499999,1779965234.6201408,7377,61432,2,12582912,38,0,0,0
57.26894853499999,1779965234.6201408,7377,61433,3,12582912,22,0,0,0
57.26894853499999,1779965234.6201408,7377,61434,4,12582912,25,0,0,0
57.26894853499999,1779965234.6201408,7377,61435,5,12582912,49,0,0,0
57.26894853499999,1779965234.6201408,7377,61436,6,12582912,64,0,0,0
57.26894853499999,1779965234.6201408,7377,61437,7,12582912,56,0,0,0
57.312868944,1779965234.6640615,7378,61438,0,12582912,36,0,0,0
57.312868944,1779965234.6640615,7378,61439,1,12582912,31,0,0,0
57.312868944,1779965234.6640615,7378,61440,2,12582912,45,0,0,0
57.312868944,1779965234.6640615,7378,61441,3,12582912,58,0,0,0
57.312868944,1779965234.6640615,7378,61442,4,12582912,56,0,0,0
57.312868944,1779965234.6640615,7378,61443,5,12582912,41,0,0,0
57.312868944,1779965234.6640615,7378,61444,6,12582912,30,0,0,0
57.312868944,1779965234.6640615,7378,61445,7,12582912,34,0,0,0
57.33567214699997,1779965234.6868644,7379,61446,0,12582912,42,0,0,0
57.33567214699997,1779965234.6868644,7379,61447,1,12582912,40,0,0,0
57.33567214699997,1779965234.6868644,7379,61448,2,12582912,30,0,0,0
57.33567214699997,1779965234.6868644,7379,61449,3,12582912,33,0,0,0
57.33567214699997,1779965234.6868644,7379,61450,4,12582912,53,0,0,0
57.33567214699997,1779965234.6868644,7379,61451,5,12582912,74,0,0,0
57.33567214699997,1779965234.6868644,7379,61452,6,12582912,76,0,0,0
57.33567214699997,1779965234.6868644,7379,61453,7,12582912,55,0,0,0
57.428395378999994,1779965234.7795877,7380,61454,0,12582912,35,0,0,0
57.428395378999994,1779965234.7795877,7380,61455,1,12582912,37,0,0,0
57.428395378999994,1779965234.7795877,7380,61456,2,12582912,46,0,0,0
57.428395378999994,1779965234.7795877,7380,61457,3,12582912,44,0,0,0
57.428395378999994,1779965234.7795877,7380,61458,4,12582912,27,0,0,0
57.428395378999994,1779965234.7795877,7380,61459,5,12582912,12,0,0,0
57.428395378999994,1779965234.7795877,7380,61460,6,12582912,21,0,0,0
57.428395378999994,1779965234.7795877,7380,61461,7,12582912,53,0,0,0
57.42988788399998,1779965234.781079,7381,61462,0,12582912,87,0,0,0
57.42988788399998,1779965234.781079,7381,61463,1,12582912,83,0,0,0
57.42988788399998,1779965234.781079,7381,61464,2,12582912,49,0,0,0
57.42988788399998,1779965234.781079,7381,61465,3,12582912,28,0,0,0
57.42988788399998,1779965234.781079,7381,61466,4,12582912,30,0,0,0
57.42988788399998,1779965234.781079,7381,61467,5,12582912,45,0,0,0
57.42988788399998,1779965234.781079,7381,61468,6,12582912,56,0,0,0
57.42988788399998,1779965234.781079,7381,61469,7,12582912,62,0,0,0
57.43123309700002,1779965234.782424,7382,61470,0,12582912,77,0,0,0
57.43123309700002,1779965234.782424,7382,61471,1,12582912,96,0,0,0
57.43123309700002,1779965234.782424,7382,61472,2,12582912,101,0,0,0
57.43123309700002,1779965234.782424,7382,61473,3,12582912,77,0,0,0
57.43123309700002,1779965234.782424,7382,61474,4,12582912,48,0,0,0
57.43123309700002,1779965234.782424,7382,61475,5,12582912,45,0,0,0
57.43123309700002,1779965234.782424,7382,61476,6,12582912,60,0,0,0
57.43123309700002,1779965234.782424,7382,61477,7,12582912,63,0,0,0
57.49925520300002,1779965234.8504472,7383,61478,0,12582912,44,0,0,0
57.49925520300002,1779965234.8504472,7383,61479,1,12582912,35,0,0,0
57.49925520300002,1779965234.8504472,7383,61480,2,12582912,50,0,0,0
57.49925520300002,1779965234.8504472,7383,61481,3,12582912,68,0,0,0
57.49925520300002,1779965234.8504472,7383,61482,4,12582912,68,0,0,0
57.49925520300002,1779965234.8504472,7383,61483,5,12582912,46,0,0,0
57.49925520300002,1779965234.8504472,7383,61484,6,12582912,25,0,0,0
57.49925520300002,1779965234.8504472,7383,61485,7,12582912,28,0,0,0
57.50045609299997,1779965234.8516479,7384,61486,0,12582912,49,0,0,0
57.50045609299997,1779965234.8516479,7384,61487,1,12582912,64,0,0,0
57.50045609299997,1779965234.8516479,7384,61488,2,12582912,52,0,0,0
57.50045609299997,1779965234.8516479,7384,61489,3,12582912,32,0,0,0
57.50045609299997,1779965234.8516479,7384,61490,4,12582912,34,0,0,0
57.50045609299997,1779965234.8516479,7384,61491,5,12582912,49,0,0,0
57.50045609299997,1779965234.8516479,7384,61492,6,12582912,52,0,0,0
57.50045609299997,1779965234.8516479,7384,61493,7,12582912,38,0,0,0
57.56295088899998,1779965234.9141433,7385,61494,0,12582912,26,0,0,0
57.56295088899998,1779965234.9141433,7385,61495,1,12582912,33,0,0,0
57.56295088899998,1779965234.9141433,7385,61496,2,12582912,41,0,0,0
57.56295088899998,1779965234.9141433,7385,61497,3,12582912,31,0,0,0
57.56295088899998,1779965234.9141433,7385,61498,4,12582912,4,0,0,0
57.56295088899998,1779965234.9141433,7385,61499,5,12582912,-8,0,0,0
57.56295088899998,1779965234.9141433,7385,61500,6,12582912,16,0,0,0
57.56295088899998,1779965234.9141433,7385,61501,7,12582912,52,0,0,0
57.596695221999994,1779965234.9478867,7386,61502,0,12632064,-5113,25118,0,0
57.596695221999994,1779965234.9478867,7386,61503,1,12582912,-13700,66000,0,0
57.596695221999994,1779965234.9478867,7386,61504,2,12582912,-13328,62581,0,0
57.596695221999994,1779965234.9478867,7386,61505,3,12582912,-6463,29186,0,0
57.596695221999994,1779965234.9478867,7386,61506,4,12582912,-1508,7546,0,0
57.596695221999994,1779965234.9478867,7386,61507,5,12582912,1559,-5261,0,0
57.596695221999994,1779965234.9478867,7386,61508,6,12582912,2831,-12227,0,0
57.596695221999994,1779965234.9478867,7386,61509,7,12582912,1844,-9844,0,0
57.61884977699998,1779965234.9700418,7387,61510,0,12582912,-287,-760,0,0
57.61884977699998,1779965234.9700418,7387,61511,1,12582912,-1347,4664,0,0
57.61884977699998,1779965234.9700418,7387,61512,2,12582912,-404,821,0,0
57.61884977699998,1779965234.9700418,7387,61513,3,12582912,1207,-6090,0,0
57.61884977699998,1779965234.9700418,7387,61514,4,12582912,1546,-6794,0,0
57.61884977699998,1779965234.9700418,7387,61515,5,12582912,430,-1088,0,0
57.61884977699998,1779965234.9700418,7387,61516,6,12582912,-509,2866,0,0
57.61884977699998,1779965234.9700418,7387,61517,7,12582912,-80,66,0,0
57.66293430100001,1779965235.0141268,7388,61518,0,12582912,985,-5102,0,-13623
57.66293430100001,1779965235.0141268,7388,61519,1,12582912,1119,-5567,0,-35796
57.66293430100001,1779965235.0141268,7388,61520,2,12582912,5,-1142,0,-33942
57.66293430100001,1779965235.0141268,7388,61521,3,12582912,-903,1907,0,-15830
57.66293430100001,1779965235.0141268,7388,61522,4,12582912,-293,-267,0,-4093
57.66293430100001,1779965235.0141268,7388,61523,5,12582912,1093,-4266,0,2853
57.66293430100001,1779965235.0141268,7388,61524,6,12582912,1455,-4621,0,6632
57.66293430100001,1779965235.0141268,7388,61525,7,12582912,424,-1192,0,5339
57.70182396199999,1779965235.0530164,7389,61526,0,12582912,-381,1171,0,412
57.70182396199999,1779965235.0530164,7389,61527,1,12582912,303,-507,0,-2530
57.70182396199999,1779965235.0530164,7389,61528,2,12582912,1398,-3597,0,-445
57.70182396199999,1779965235.0530164,7389,61529,3,12582912,1201,-3869,0,3303
57.70182396199999,1779965235.0530164,7389,61530,4,12582912,-44,-1212,0,3685
57.70182396199999,1779965235.0530164,7389,61531,5,12582912,-646,621,0,590
57.70182396199999,1779965235.0530164,7389,61532,6,12582912,122,-674,0,-1554
57.70182396199999,1779965235.0530164,7389,61533,7,12582912,1123,-3062,0,-36
57.75557632900001,1779965235.106769,7390,61534,0,12582912,1014,-3269,0,2767
57.75557632900001,1779965235.106769,7390,61535,1,12582912,174,-1209,0,3019
57.75557632900001,1779965235.106769,7390,61536,2,12582912,2,212,0,619
57.75557632900001,1779965235.106769,7390,61537,3,12582912,626,-787,0,-1034
57.75557632900001,1779965235.106769,7390,61538,4,12582912,927,-2631,0,145
57.75557632900001,1779965235.106769,7390,61539,5,12582912,401,-2788,0,2314
57.75557632900001,1779965235.106769,7390,61540,6,12582912,-227,-1191,0,2507
57.75557632900001,1779965235.106769,7390,61541,7,12582912,-121,-88,0,647
57.75715524100002,1779965235.1083472,7391,61542,0,12582912,373,-857,0,-635
57.75715524100002,1779965235.1083472,7391,61543,1,12582912,407,-2281,0,275
57.75715524100002,1779965235.1083472,7391,61544,2,12582912,137,-2400,0,1951
57.75715524100002,1779965235.1083472,7391,61545,3,12582912,148,-1161,0,2098
57.75715524100002,1779965235.1083472,7391,61546,4,12582912,403,-305,0,657
57.75715524100002,1779965235.1083472,7391,61547,5,12582912,500,-897,0,-337
57.75715524100002,1779965235.1083472,7391,61548,6,12582912,299,-1996,0,366
57.75715524100002,1779965235.1083472,7391,61549,7,12582912,71,-2085,0,1661
57.801038303999974,1779965235.1522312,7392,61550,0,12582912,24,-1123,0,1773
57.801038303999974,1779965235.1522312,7392,61551,1,12582912,-24,-458,0,656
57.801038303999974,1779965235.1522312,7392,61552,2,12582912,-139,-914,0,-115
57.801038303999974,1779965235.1522312,7392,61553,3,12582912,-17,-1761,0,427
57.801038303999974,1779965235.1522312,7392,61554,4,12582912,381,-1827,0,1427
57.801038303999974,1779965235.1522312,7392,61555,5,12582912,618,-1080,0,1512
57.801038303999974,1779965235.1522312,7392,61556,6,12582912,407,-563,0,646
57.801038303999974,1779965235.1522312,7392,61557,7,12582912,35,-913,0,48
57.84681366500001,1779965235.1980052,7393,61558,0,12582912,68,-1566,0,465
57.84681366500001,1779965235.1980052,7393,61559,1,12582912,422,-1615,0,1237
57.84681366500001,1779965235.1980052,7393,61560,2,12582912,357,-1034,0,1301
57.84681366500001,1779965235.1980052,7393,61561,3,12582912,-106,-631,0,630
57.84681366500001,1779965235.1980052,7393,61562,4,12582912,-203,-900,0,165
57.84681366500001,1779965235.1980052,7393,61563,5,12582912,257,-1403,0,487
57.84681366500001,1779965235.1980052,7393,61564,6,12582912,655,-1438,0,1083
57.84681366500001,1779965235.1980052,7393,61565,7,12582912,479,-987,0,1131
57.88334894399998,1779965235.23454,7394,61566,0,12582912,137,-673,0,609
57.88334894399998,1779965235.23454,7394,61567,1,12582912,309,-878,0,248
57.88334894399998,1779965235.23454,7394,61568,2,12582912,707,-1265,0,495
57.88334894399998,1779965235.23454,7394,61569,3,12582912,584,-1290,0,955
57.88334894399998,1779965235.23454,7394,61570,4,12582912,22,-938,0,991
57.88334894399998,1779965235.23454,7394,61571,5,12582912,-244,-693,0,586
57.88334894399998,1779965235.23454,7394,61572,6,12582912,51,-850,0,305
57.88334894399998,1779965235.23454,7394,61573,7,12582912,399,-1147,0,495
57.933999633999974,1779965235.285192,7395,61574,0,12582912,352,-1164,0,849
57.933999633999974,1779965235.285192,7395,61575,1,12582912,159,-891,0,876
57.933999633999974,1779965235.285192,7395,61576,2,12582912,254,-699,0,561
57.933999633999974,1779965235.285192,7395,61577,3,12582912,478,-818,0,342
57.933999633999974,1779965235.285192,7395,61578,4,12582912,405,-1046,0,488
57.933999633999974,1779965235.285192,7395,61579,5,12582912,87,-1057,0,761
57.933999633999974,1779965235.285192,7395,61580,6,12582912,-59,-843,0,780
57.933999633999974,1779965235.285192,7395,61581,7,12582912,142,-693,0,535
57.95698575199998,1779965235.3081784,7396,61582,0,12582912,328,-783,0,365
57.95698575199998,1779965235.3081784,7396,61583,1,12582912,193,-958,0,476
57.95698575199998,1779965235.3081784,7396,61584,2,12582912,42,-965,0,686
57.95698575199998,1779965235.3081784,7396,61585,3,12582912,170,-797,0,700
57.95698575199998,1779965235.3081784,7396,61586,4,12582912,366,-679,0,509
57.95698575199998,1779965235.3081784,7396,61587,5,12582912,330,-747,0,376
57.95698575199998,1779965235.3081784,7396,61588,6,12582912,113,-881,0,461
57.95698575199998,1779965235.3081784,7396,61589,7,12582912,9,-884,0,622
57.979807182,1779965235.3309994,7397,61590,0,12582912,87,-753,0,632
57.979807182,1779965235.3309994,7397,61591,1,12582912,105,-660,0,483
57.979807182,1779965235.3309994,7397,61592,2,12582912,-6,-711,0,379
57.979807182,1779965235.3309994,7397,61593,3,12582912,-9,-813,0,444
57.979807182,1779965235.3309994,7397,61594,4,12582912,192,-814,0,567
57.979807182,1779965235.3309994,7397,61595,5,12582912,366,-711,0,573
57.979807182,1779965235.3309994,7397,61596,6,12582912,288,-637,0,457
57.979807182,1779965235.3309994,7397,61597,7,12582912,63,-675,0,376
58.033272517,1779965235.384465,7398,61598,0,12582912,27,-752,0,425
58.033272517,1779965235.384465,7398,61599,1,12582912,202,-751,0,520
58.033272517,1779965235.384465,7398,61600,2,12582912,220,-670,0,523
58.033272517,1779965235.384465,7398,61601,3,12582912,37,-611,0,433
58.033272517,1779965235.384465,7398,61602,4,12582912,-10,-639,0,368
58.033272517,1779965235.384465,7398,61603,5,12582912,181,-697,0,405
58.033272517,1779965235.384465,7398,61604,6,12582912,344,-695,0,478
58.033272517,1779965235.384465,7398,61605,7,12582912,254,-631,0,480
58.05642238600001,1779965235.4076154,7399,61606,0,12582912,110,-584,0,408
58.05642238600001,1779965235.4076154,7399,61607,1,12582912,210,-605,0,358
58.05642238600001,1779965235.4076154,7399,61608,2,12582912,381,-648,0,386
58.05642238600001,1779965235.4076154,7399,61609,3,12582912,295,-645,0,441
58.05642238600001,1779965235.4076154,7399,61610,4,12582912,39,-594,0,441
58.05642238600001,1779965235.4076154,7399,61611,5,12582912,-51,-557,0,385
58.05642238600001,1779965235.4076154,7399,61612,6,12582912,129,-571,0,345
58.05642238600001,1779965235.4076154,7399,61613,7,12582912,312,-603,0,366
58.07923964999998,1779965235.430432,7400,61614,0,12582912,252,-600,0,408
58.07923964999998,1779965235.430432,7400,61615,1,12582912,121,-559,0,407
58.07923964999998,1779965235.430432,7400,61616,2,12582912,210,-529,0,363
58.07923964999998,1779965235.430432,7400,61617,3,12582912,372,-539,0,332
58.07923964999998,1779965235.430432,7400,61618,4,12582912,297,-563,0,347
58.07923964999998,1779965235.430432,7400,61619,5,12582912,53,-559,0,378
58.07923964999998,1779965235.430432,7400,61620,6,12582912,-44,-526,0,377
58.07923964999998,1779965235.430432,7400,61621,7,12582912,115,-501,0,342
58.14110100300002,1779965235.4922943,7401,61622,0,12582912,236,-508,0,317
58.14110100300002,1779965235.4922943,7401,61623,1,12582912,102,-525,0,328
58.14110100300002,1779965235.4922943,7401,61624,2,12582912,-12,-521,0,352
58.14110100300002,1779965235.4922943,7401,61625,3,12582912,133,-495,0,350
58.14110100300002,1779965235.4922943,7401,61626,4,12582912,315,-475,0,322
58.14110100300002,1779965235.4922943,7401,61627,5,12582912,263,-478,0,302
58.14110100300002,1779965235.4922943,7401,61628,6,12582912,55,-491,0,310
58.14110100300002,1779965235.4922943,7401,61629,7,12582912,-22,-487,0,327
58.163913423,1779965235.515106,7402,61630,0,12582912,79,-465,0,325
58.163913423,1779965235.515106,7402,61631,1,12582912,105,-448,0,303
58.163913423,1779965235.515106,7402,61632,2,12582912,-31,-451,0,287
58.163913423,1779965235.515106,7402,61633,3,12582912,-78,-459,0,292
58.163913423,1779965235.515106,7402,61634,4,12582912,102,-455,0,305
58.163913423,1779965235.515106,7402,61635,5,12582912,287,-437,0,303
58.163913423,1779965235.515106,7402,61636,6,12582912,238,-423,0,285
58.163913423,1779965235.515106,7402,61637,7,12582912,39,-424,0,272
58.18674391500002,1779965235.5379362,7403,61638,0,12582912,-34,-427,0,15776
58.18674391500002,1779965235.5379362,7403,61639,1,12582912,69,-418,0,41015
58.18674391500002,1779965235.5379362,7403,61640,2,12582912,97,-404,0,38903
58.18674391500002,1779965235.5379362,7403,61641,3,12582912,-33,-396,0,18280
58.18674391500002,1779965235.5379362,7403,61642,4,12582912,-71,-398,0,4914
58.18674391500002,1779965235.5379362,7403,61643,5,12582912,116,-403,0,-2987
58.18674391500002,1779965235.5379362,7403,61644,6,12582912,312,-400,0,-7280
58.18674391500002,1779965235.5379362,7403,61645,7,12582912,273,-387,0,-5811
58.23091197999997,1779965235.5821047,7404,61646,0,12582912,133,-376,0,-217
58.23091197999997,1779965235.5821047,7404,61647,1,12582912,182,-375,0,3122
58.23091197999997,1779965235.5821047,7404,61648,2,12582912,319,-377,0,751
58.23091197999997,1779965235.5821047,7404,61649,3,12582912,257,-374,0,-3509
58.23091197999997,1779965235.5821047,7404,61650,4,12582912,36,-364,0,-3946
58.23091197999997,1779965235.5821047,7404,61651,5,12582912,-58,-355,0,-435
58.23091197999997,1779965235.5821047,7404,61652,6,12582912,94,-352,0,1998
58.23091197999997,1779965235.5821047,7404,61653,7,12582912,279,-353,0,270
58.27504702300001,1779965235.6262398,7405,61654,0,12582912,244,-350,0,-2915
58.27504702300001,1779965235.6262398,7405,61655,1,12582912,107,-341,0,-3205
58.27504702300001,1779965235.6262398,7405,61656,2,12582912,154,-334,0,-482
58.27504702300001,1779965235.6262398,7405,61657,3,12582912,289,-331,0,1393
58.27504702300001,1779965235.6262398,7405,61658,4,12582912,224,-331,0,51
58.27504702300001,1779965235.6262398,7405,61659,5,12582912,7,-328,0,-2414
58.27504702300001,1779965235.6262398,7405,61660,6,12582912,-77,-321,0,-2636
58.27504702300001,1779965235.6262398,7405,61661,7,12582912,74,-314,0,-526
58.344445328000006,1779965235.6956377,7406,61662,0,12582912,248,-311,0,927
58.344445328000006,1779965235.6956377,7406,61663,1,12582912,217,-311,0,-109
58.344445328000006,1779965235.6956377,7406,61664,2,12582912,109,-308,0,-2015
58.344445328000006,1779965235.6956377,7406,61665,3,12582912,179,-301,0,-2185
58.344445328000006,1779965235.6956377,7406,61666,4,12582912,306,-295,0,-551
58.344445328000006,1779965235.6956377,7406,61667,5,12582912,218,-293,0,575
58.344445328000006,1779965235.6956377,7406,61668,6,12582912,-12,-292,0,-225
58.344445328000006,1779965235.6956377,7406,61669,7,12582912,-85,-288,0,-1698
58.345950958,1779965235.6971428,7407,61670,0,12582912,46,-283,0,-1828
58.345950958,1779965235.6971428,7407,61671,1,12582912,95,-278,0,-561
58.345950958,1779965235.6971428,7407,61672,2,12582912,-47,-275,0,312
58.345950958,1779965235.6971428,7407,61673,3,12582912,-120,-274,0,-306
58.345950958,1779965235.6971428,7407,61674,4,12582912,53,-271,0,-1444
58.345950958,1779965235.6971428,7407,61675,5,12582912,270,-266,0,-1543
58.345950958,1779965235.6971428,7407,61676,6,12582912,251,-261,0,-561
58.345950958,1779965235.6971428,7407,61677,7,12582912,42,-259,0,116
58.36866644999998,1779965235.7198591,7408,61678,0,12582912,-23,-257,0,-360
58.36866644999998,1779965235.7198591,7408,61679,1,12582912,135,-254,0,-1239
58.36866644999998,1779965235.7198591,7408,61680,2,12582912,179,-250,0,-1314
58.36866644999998,1779965235.7198591,7408,61681,3,12582912,11,-245,0,-553
58.36866644999998,1779965235.7198591,7408,61682,4,12582912,-67,-243,0,-28
58.36866644999998,1779965235.7198591,7408,61683,5,12582912,95,-241,0,-395
58.36866644999998,1779965235.7198591,7408,61684,6,12582912,279,-238,0,-1074
58.36866644999998,1779965235.7198591,7408,61685,7,12582912,235,-234,0,-1130
58.43127712799998,1779965235.7824693,7409,61686,0,12582912,85,-231,0,-540
58.43127712799998,1779965235.7824693,7409,61687,1,12582912,114,-228,0,-132
58.43127712799998,1779965235.7824693,7409,61688,2,12582912,237,-226,0,-415
58.43127712799998,1779965235.7824693,7409,61689,3,12582912,175,-224,0,-938
58.43127712799998,1779965235.7824693,7409,61690,4,12582912,-32,-220,0,-981
58.43127712799998,1779965235.7824693,7409,61691,5,12582912,-102,-217,0,-523
58.43127712799998,1779965235.7824693,7409,61692,6,12582912,72,-214,0,-206
58.43127712799998,1779965235.7824693,7409,61693,7,12582912,275,-212,0,-423
58.43874418399997,1779965235.7899375,7410,61694,0,12582912,253,-210,0,-827
58.43874418399997,1779965235.7899375,7410,61695,1,12582912,116,-207,0,-859
58.43874418399997,1779965235.7899375,7410,61696,2,12582912,154,-204,0,-503
58.43874418399997,1779965235.7899375,7410,61697,3,12582912,283,-201,0,-257
58.43874418399997,1779965235.7899375,7410,61698,4,12582912,218,-199,0,-424
58.43874418399997,1779965235.7899375,7410,61699,5,12582912,-9,-197,0,-735
58.43874418399997,1779965235.7899375,7410,61700,6,12582912,-115,-194,0,-758
58.43874418399997,1779965235.7899375,7410,61701,7,12582912,22,-191,0,-482
58.48282667500001,1779965235.8340194,7411,61702,0,12582912,202,-189,-13623,4966
58.48282667500001,1779965235.8340194,7411,61703,1,12582912,181,-187,-35796,13394
58.48282667500001,1779965235.8340194,7411,61704,2,12582912,63,-185,-33942,12439
58.48282667500001,1779965235.8340194,7411,61705,3,12582912,127,-182,-15830,5433
58.48282667500001,1779965235.8340194,7411,61706,4,12582912,273,-180,-4093,1119
58.48282667500001,1779965235.8340194,7411,61707,5,12582912,209,-178,2853,-1411
58.48282667500001,1779965235.8340194,7411,61708,6,12582912,-21,-176,6632,-2967
58.48282667500001,1779965235.8340194,7411,61709,7,12582912,-115,-174,5339,-2653
58.52687166599998,1779965235.8780642,7412,61710,0,12582912,14,-171,412,-764
58.52687166599998,1779965235.8780642,7412,61711,1,12582912,88,-169,-2530,539
58.52687166599998,1779965235.8780642,7412,61712,2,12582912,-48,-167,-445,-149
58.52687166599998,1779965235.8780642,7412,61713,3,12582912,-136,-165,3303,-1670
58.52687166599998,1779965235.8780642,7412,61714,4,12582912,35,-163,3685,-1959
58.52687166599998,1779965235.8780642,7412,61715,5,12582912,265,-161,590,-774
58.52687166599998,1779965235.8780642,7412,61716,6,12582912,250,-159,-1554,184
58.52687166599998,1779965235.8780642,7412,61717,7,12582912,23,-157,-36,-310
58.565349190999996,1779965235.9165418,7413,61718,0,12582912,-58,-155,2767,-1449
58.565349190999996,1779965235.9165418,7413,61719,1,12582912,106,-153,3019,-1655
58.565349190999996,1779965235.9165418,7413,61720,2,12582912,156,-151,619,-734
58.565349190999996,1779965235.9165418,7413,61721,3,12582912,-30,-149,-1034,6
58.565349190999996,1779965235.9165418,7413,61722,4,12582912,-130,-147,145,-378
58.565349190999996,1779965235.9165418,7413,61723,5,12582912,34,-145,2314,-1258
58.565349190999996,1779965235.9165418,7413,61724,6,12582912,247,-144,2507,-1415
58.565349190999996,1779965235.9165418,7413,61725,7,12582912,236,-142,647,-701
58.655750169999976,1779965236.006943,7414,61726,0,12582912,100,-140,-635,-127
58.655750169999976,1779965236.006943,7414,61727,1,12582912,129,-138,275,-422
58.655750169999976,1779965236.006943,7414,61728,2,12582912,260,-137,1951,-1101
58.655750169999976,1779965236.006943,7414,61729,3,12582912,204,-135,2098,-1222
58.655750169999976,1779965236.006943,7414,61730,4,12582912,-26,-133,657,-667
58.655750169999976,1779965236.006943,7414,61731,5,12582912,-134,-131,-337,-221
58.655750169999976,1779965236.006943,7414,61732,6,12582912,19,-130,366,-448
58.655750169999976,1779965236.006943,7414,61733,7,12582912,217,-128,1661,-972
58.657540643999994,1779965236.0087326,7415,61734,0,12582912,191,-127,1773,-1064
58.657540643999994,1779965236.0087326,7415,61735,1,12582912,56,-125,656,-634
58.657540643999994,1779965236.0087326,7415,61736,2,12582912,113,-123,-115,-287
58.657540643999994,1779965236.0087326,7415,61737,3,12582912,267,-122,427,-461
58.657540643999994,1779965236.0087326,7415,61738,4,12582912,203,-120,1427,-865
58.657540643999994,1779965236.0087326,7415,61739,5,12582912,-43,-119,1512,-935
58.657540643999994,1779965236.0087326,7415,61740,6,12582912,-158,-117,646,-600
58.657540643999994,1779965236.0087326,7415,61741,7,12582912,-9,-116,48,-331
58.68046363600001,1779965236.0316563,7416,61742,0,12582912,186,-114,465,-15454
58.68046363600001,1779965236.0316563,7416,61743,1,12582912,228,-111,1238,-40164
58.68046363600001,1779965236.0316563,7416,61744,2,12582912,242,-110,1302,-38176
58.68046363600001,1779965236.0316563,7416,61745,3,12582912,331,-110,630,-17986
58.68046363600001,1779965236.0316563,7416,61746,4,12582912,278,-109,165,-4861
58.68046363600001,1779965236.0316563,7416,61747,5,12582912,2,-108,487,2680
58.68046363600001,1779965236.0316563,7416,61748,6,12582912,-200,-107,1083,6598
58.68046363600001,1779965236.0316563,7416,61749,7,12582912,-91,-105,1131,5136
58.70330709699999,1779965236.0544996,7417,61750,0,12582912,98,-104,609,-83
58.70330709699999,1779965236.0544996,7417,61751,1,12582912,55,-102,248,-3157
58.70330709699999,1779965236.0544996,7417,61752,2,12582912,-66,-101,495,-941
58.70330709699999,1779965236.0544996,7417,61753,3,12582912,0,-100,955,2999
58.70330709699999,1779965236.0544996,7417,61754,4,12582912,166,-99,991,3390
58.70330709699999,1779965236.0544996,7417,61755,5,12582912,190,-97,586,143
58.70330709699999,1779965236.0544996,7417,61756,6,12582912,36,-96,305,-2089
58.70330709699999,1779965236.0544996,7417,61757,7,12582912,-84,-95,495,-477
58.747403335,1779965236.0985956,7418,61758,0,12583104,-5380,-276,849,2466
58.747403335,1779965236.0985956,7418,61759,1,12582912,-14020,-571,876,2722
58.747403335,1779965236.0985956,7418,61760,2,12582912,-13374,-545,561,204
58.747403335,1779965236.0985956,7418,61761,3,12582912,-6310,-302,342,-1516
58.747403335,1779965236.0985956,7418,61762,4,12582912,-1566,-144,488,-263
58.747403335,1779965236.0985956,7418,61763,5,12582912,1306,-50,761,2015
58.747403335,1779965236.0985956,7418,61764,6,12582912,2750,2,780,2212
58.747403335,1779965236.0985956,7418,61765,7,12582912,2079,-14,535,262
58.786377786,1779965236.1375706,7419,61766,0,12582912,128,-79,365,-1071
58.786377786,1779965236.1375706,7419,61767,1,12582912,-867,-117,476,-103
58.786377786,1779965236.1375706,7419,61768,2,12582912,-38,-89,686,1659
58.786377786,1779965236.1375706,7419,61769,3,12582912,1239,-38,700,1810
58.786377786,1779965236.1375706,7419,61770,4,12582912,1307,-31,509,300
58.786377786,1779965236.1375706,7419,61771,5,12582912,263,-72,376,-733
58.786377786,1779965236.1375706,7419,61772,6,12582912,-377,-99,461,15
58.786377786,1779965236.1375706,7419,61773,7,12582912,188,-78,622,1377
58.809204266999984,1779965236.1603966,7420,61774,0,12582912,1142,-40,632,1493
58.809204266999984,1779965236.1603966,7420,61775,1,12582912,1293,-35,483,323
58.809204266999984,1779965236.1603966,7420,61776,2,12582912,526,-66,379,-477
58.809204266999984,1779965236.1603966,7420,61777,3,12582912,-170,-88,444,101
58.809204266999984,1779965236.1603966,7420,61778,4,12582912,16,-71,567,1153
58.809204266999984,1779965236.1603966,7420,61779,5,12582912,705,-41,573,1242
58.809204266999984,1779965236.1603966,7420,61780,6,12582912,926,-38,457,336
58.809204266999984,1779965236.1603966,7420,61781,7,12582912,434,-62,376,-284
58.84828679100002,1779965236.1994786,7421,61782,0,12582912,-64,-78,425,161
58.84828679100002,1779965236.1994786,7421,61783,1,12582912,146,-65,520,975
58.84828679100002,1779965236.1994786,7421,61784,2,12582912,852,-42,523,1042
58.84828679100002,1779965236.1994786,7421,61785,3,12582912,1099,-39,433,340
58.84828679100002,1779965236.1994786,7421,61786,4,12582912,512,-57,368,-141
58.84828679100002,1779965236.1994786,7421,61787,5,12582912,-131,-70,405,203
58.84828679100002,1779965236.1994786,7421,61788,6,12582912,-15,-59,478,832
58.84828679100002,1779965236.1994786,7421,61789,7,12582912,616,-41,480,883
58.931392792999986,1779965236.2825851,7422,61790,0,12582912,801,-39,408,339
58.931392792999986,1779965236.2825851,7422,61791,1,12582912,253,-53,358,-34
58.931392792999986,1779965236.2825851,7422,61792,2,12582912,-174,-63,386,231
58.931392792999986,1779965236.2825851,7422,61793,3,12582912,170,-55,441,716
58.931392792999986,1779965236.2825851,7422,61794,4,12582912,772,-41,441,755
58.931392792999986,1779965236.2825851,7422,61795,5,12582912,789,-39,385,333
58.931392792999986,1779965236.2825851,7422,61796,6,12582912,234,-49,345,44
58.931392792999986,1779965236.2825851,7422,61797,7,12582912,-117,-57,366,248
58.941832723000005,1779965236.2930248,7423,61798,0,12582912,137,-50,408,623
58.941832723000005,1779965236.2930248,7423,61799,1,12582912,497,-39,407,652
58.941832723000005,1779965236.2930248,7423,61800,2,12582912,400,-38,363,324
58.941832723000005,1779965236.2930248,7423,61801,3,12582912,68,-46,332,99
58.941832723000005,1779965236.2930248,7423,61802,4,12582912,56,-52,347,257
58.941832723000005,1779965236.2930248,7423,61803,5,12582912,405,-47,378,546
58.941832723000005,1779965236.2930248,7423,61804,6,12582912,628,-38,377,568
58.941832723000005,1779965236.2930248,7423,61805,7,12582912,430,-37,342,313
58.963702325999975,1779965236.3148944,7424,61806,0,12582912,173,-43,317,139
58.963702325999975,1779965236.3148944,7424,61807,1,12582912,264,-47,328,260
58.963702325999975,1779965236.3148944,7424,61808,2,12582912,432,-43,352,483
58.963702325999975,1779965236.3148944,7424,61809,3,12582912,293,-37,350,499
58.963702325999975,1779965236.3148944,7424,61810,4,12582912,6,-36,322,301
58.963702325999975,1779965236.3148944,7424,61811,5,12582912,-22,-40,302,165
58.963702325999975,1779965236.3148944,7424,61812,6,12582912,264,-43,310,258
58.963702325999975,1779965236.3148944,7424,61813,7,12582912,479,-40,327,430
58.99634748599999,1779965236.3475392,7425,61814,0,12582912,442,-35,325,442
58.99634748599999,1779965236.3475392,7425,61815,1,12582912,450,-34,303,288
58.99634748599999,1779965236.3475392,7425,61816,2,12582912,577,-38,287,182
58.99634748599999,1779965236.3475392,7425,61817,3,12582912,485,-40,292,254
58.99634748599999,1779965236.3475392,7425,61818,4,12582912,132,-38,305,386
58.99634748599999,1779965236.3475392,7425,61819,5,12582912,-79,-33,303,394
58.99634748599999,1779965236.3475392,7425,61820,6,12582912,103,-33,285,275
58.99634748599999,1779965236.3475392,7425,61821,7,12582912,422,-35,272,192
59.019367509000006,1779965236.3705592,7426,61822,0,12582912,396,-37,275,247
59.019367509000006,1779965236.3705592,7426,61823,1,12582912,134,-35,285,348
59.019367509000006,1779965236.3705592,7426,61824,2,12582912,257,-32,283,354
59.019367509000006,1779965236.3705592,7426,61825,3,12582912,647,-31,268,261
59.019367509000006,1779965236.3705592,7426,61826,4,12582912,615,-33,257,197
59.019367509000006,1779965236.3705592,7426,61827,5,12582912,131,-34,260,238
59.019367509000006,1779965236.3705592,7426,61828,6,12582912,-165,-33,266,316
59.019367509000006,1779965236.3705592,7426,61829,7,12582912,97,-30,264,320
59.06231572299998,1779965236.4135072,7427,61830,0,12582912,385,-29,252,248
59.06231572299998,1779965236.4135072,7427,61831,1,12582912,115,-31,243,197
59.06231572299998,1779965236.4135072,7427,61832,2,12582912,-244,-32,244,229
59.06231572299998,1779965236.4135072,7427,61833,3,12582912,-10,-31,249,289
59.06231572299998,1779965236.4135072,7427,61834,4,12582912,535,-28,247,291
59.06231572299998,1779965236.4135072,7427,61835,5,12582912,646,-28,237,235
59.06231572299998,1779965236.4135072,7427,61836,6,12582912,200,-29,230,195
59.06231572299998,1779965236.4135072,7427,61837,7,12582912,-176,-30,230,219
59.084825276000004,1779965236.4360178,7428,61838,0,12582912,13,-29,233,265
59.084825276000004,1779965236.4360178,7428,61839,1,12582912,489,-27,231,266
59.084825276000004,1779965236.4360178,7428,61840,2,12582912,615,-26,223,222
59.084825276000004,1779965236.4360178,7428,61841,3,12582912,264,-27,217,191
59.084825276000004,1779965236.4360178,7428,61842,4,12582912,-66,-28,216,209
59.084825276000004,1779965236.4360178,7428,61843,5,12582912,38,-27,218,244
59.084825276000004,1779965236.4360178,7428,61844,6,12582912,375,-25,216,244
59.084825276000004,1779965236.4360178,7428,61845,7,12582912,463,-25,209,210
59.12873359700001,1779965236.4799263,7429,61846,0,12582912,206,-26,204,185
59.12873359700001,1779965236.4799263,7429,61847,1,12582912,-24,-26,203,198
59.12873359700001,1779965236.4799263,7429,61848,2,12582912,67,-25,204,225
59.12873359700001,1779965236.4799263,7429,61849,3,12582912,325,-24,202,225
59.12873359700001,1779965236.4799263,7429,61850,4,12582912,392,-24,197,198
59.12873359700001,1779965236.4799263,7429,61851,5,12582912,193,-24,192,178
59.12873359700001,1779965236.4799263,7429,61852,6,12582912,11,-24,191,188
59.12873359700001,1779965236.4799263,7429,61853,7,12582912,81,-24,192,208
59.18238439800001,1779965236.5335772,7430,61854,0,12582912,284,-23,190,208
59.18238439800001,1779965236.5335772,7430,61855,1,12582912,344,-22,185,186
59.18238439800001,1779965236.5335772,7430,61856,2,12582912,208,-22,181,171
59.18238439800001,1779965236.5335772,7430,61857,3,12582912,82,-23,180,178
59.18238439800001,1779965236.5335772,7430,61858,4,12582912,122,-22,180,193
59.18238439800001,1779965236.5335772,7430,61859,5,12582912,252,-21,178,193
59.18238439800001,1779965236.5335772,7430,61860,6,12582912,281,-21,174,175
59.18238439800001,1779965236.5335772,7430,61861,7,12582912,172,-21,170,163
59.183880809000016,1779965236.5350718,7431,61862,0,12582912,84,-21,169,168
59.183880809000016,1779965236.5350718,7431,61863,1,12582912,141,-21,169,180
59.183880809000016,1779965236.5350718,7431,61864,2,12582912,264,-20,167,179
59.183880809000016,1779965236.5350718,7431,61865,3,12582912,285,-20,163,165
59.183880809000016,1779965236.5350718,7431,61866,4,12582912,184,-20,160,155
59.183880809000016,1779965236.5350718,7431,61867,5,12582912,107,-20,159,159
59.183880809000016,1779965236.5350718,7431,61868,6,12582912,152,-19,158,167
59.183880809000016,1779965236.5350718,7431,61869,7,12582912,251,-19,156,166
59.222452394000015,1779965236.5736449,7432,61870,0,12582912,273,-19,153,155
59.222452394000015,1779965236.5736449,7432,61871,1,12582912,196,-19,151,147
59.222452394000015,1779965236.5736449,7432,61872,2,12582912,116,-19,149,150
59.222452394000015,1779965236.5736449,7432,61873,3,12582912,122,-18,148,156
59.222452394000015,1779965236.5736449,7432,61874,4,12582912,197,-18,147,155
59.222452394000015,1779965236.5736449,7432,61875,5,12582912,228,-17,144,146
59.222452394000015,1779965236.5736449,7432,61876,6,12582912,170,-17,142,140
59.222452394000015,1779965236.5736449,7432,61877,7,12582912,102,-17,140,141
59.245338355,1779965236.596531,7433,61878,0,12582912,114,-17,139,146
59.245338355,1779965236.596531,7433,61879,1,12582912,198,-17,138,145
59.245338355,1779965236.596531,7433,61880,2,12582912,257,-16,135,138
59.245338355,1779965236.596531,7433,61881,3,12582912,228,-16,133,132
59.245338355,1779965236.596531,7433,61882,4,12582912,162,-16,132,133
59.245338355,1779965236.596531,7433,61883,5,12582912,149,-16,131,136
59.245338355,1779965236.596531,7433,61884,6,12582912,201,-16,129,135
59.245338355,1779965236.596531,7433,61885,7,12582912,232,-15,127,129
59.28940162499998,1779965236.6405942,7434,61886,0,12582912,184,-15,125,125
59.28940162499998,1779965236.6405942,7434,61887,1,12582912,110,-15,124,125
59.28940162499998,1779965236.6405942,7434,61888,2,12582912,102,-15,123,128
59.28940162499998,1779965236.6405942,7434,61889,3,12582912,169,-15,121,126
59.28940162499998,1779965236.6405942,7434,61890,4,12582912,218,-15,119,122
59.28940162499998,1779965236.6405942,7434,61891,5,12582912,186,-14,118,118
59.28940162499998,1779965236.6405942,7434,61892,6,12582912,123,-14,116,118
59.28940162499998,1779965236.6405942,7434,61893,7,12582912,117,-14,115,119
59.31228628299999,1779965236.6634789,7435,61894,0,12582912,177,-14,114,118
59.31228628299999,1779965236.6634789,7435,61895,1,12582912,223,-14,112,114
59.31228628299999,1779965236.6634789,7435,61896,2,12582912,194,-14,110,111
59.31228628299999,1779965236.6634789,7435,61897,3,12582912,131,-13,109,111
59.31228628299999,1779965236.6634789,7435,61898,4,12582912,109,-13,108,112
59.31228628299999,1779965236.6634789,7435,61899,5,12582912,140,-13,107,111
59.31228628299999,1779965236.6634789,7435,61900,6,12582912,175,-13,105,107
59.31228628299999,1779965236.6634789,7435,61901,7,12582912,174,-13,104,105
59.35629647999997,1779965236.707489,7436,61902,0,12582912,153,-13,103,104
59.35629647999997,1779965236.707489,7436,61903,1,12582912,143,-12,101,105
59.35629647999997,1779965236.707489,7436,61904,2,12582912,149,-12,100,104
59.35629647999997,1779965236.707489,7436,61905,3,12582912,149,-12,99,101
59.35629647999997,1779965236.707489,7436,61906,4,12582912,133,-12,97,99
59.35629647999997,1779965236.707489,7436,61907,5,12582912,112,-12,96,98
59.35629647999997,1779965236.707489,7436,61908,6,12582912,106,-12,95,98
59.35629647999997,1779965236.707489,7436,61909,7,12582912,129,-11,94,97
59.37914421099998,1779965236.7303367,7437,61910,0,12582912,158,-11,93,95
59.37914421099998,1779965236.7303367,7437,61911,1,12582912,157,-11,92,93
59.37914421099998,1779965236.7303367,7437,61912,2,12582912,129,-11,90,92
59.37914421099998,1779965236.7303367,7437,61913,3,12582912,109,-11,89,92
59.37914421099998,1779965236.7303367,7437,61914,4,12582912,118,-11,88,91
59.37914421099998,1779965236.7303367,7437,61915,5,12582912,132,-11,87,89
59.37914421099998,1779965236.7303367,7437,61916,6,12582912,126,-11,86,87
59.37914421099998,1779965236.7303367,7437,61917,7,12582912,100,-10,85,87
59.48679081400002,1779965236.8379834,7438,61918,0,12582912,87,-10,84,86
59.48679081400002,1779965236.8379834,7438,61919,1,12582912,108,-10,83,85
59.48679081400002,1779965236.8379834,7438,61920,2,12582912,131,-10,82,84
59.48679081400002,1779965236.8379834,7438,61921,3,12582912,119,-10,81,82
59.48679081400002,1779965236.8379834,7438,61922,4,12582912,75,-10,80,81
59.48679081400002,1779965236.8379834,7438,61923,5,12582912,47,-10,79,81
59.48679081400002,1779965236.8379834,7438,61924,6,12582912,70,-10,78,80
59.48679081400002,1779965236.8379834,7438,61925,7,12582912,111,-9,77,79
59.49410823400001,1779965236.8453019,7439,61926,0,12582912,125,-9,76,77
59.49410823400001,1779965236.8453019,7439,61927,1,12582912,109,-9,75,77
59.49410823400001,1779965236.8453019,7439,61928,2,12582912,96,-9,74,76
59.49410823400001,1779965236.8453019,7439,61929,3,12582912,112,-9,73,75
59.49410823400001,1779965236.8453019,7439,61930,4,12582912,132,-9,72,74
59.49410823400001,1779965236.8453019,7439,61931,5,12582912,126,-9,71,73
59.49410823400001,1779965236.8453019,7439,61932,6,12582912,100,-9,70,72
59.49410823400001,1779965236.8453019,7439,61933,7,12582912,87,-9,70,71
59.495627979000005,1779965236.84682,7440,61934,0,12582912,113,-8,69,70
59.495627979000005,1779965236.84682,7440,61935,1,12582912,146,-8,68,69
59.495627979000005,1779965236.84682,7440,61936,2,12582912,140,-8,67,68
59.495627979000005,1779965236.84682,7440,61937,3,12582912,101,-8,66,68
59.495627979000005,1779965236.84682,7440,61938,4,12582912,77,-8,65,67
59.495627979000005,1779965236.84682,7440,61939,5,12582912,100,-8,64,66
59.495627979000005,1779965236.84682,7440,61940,6,12582912,134,-8,64,65
59.495627979000005,1779965236.84682,7440,61941,7,12582912,137,-8,63,64
59.51843154300002,1779965236.869624,7441,61942,0,12582912,110,-8,62,63
59.51843154300002,1779965236.869624,7441,61943,1,12582912,85,-8,61,63
59.51843154300002,1779965236.869624,7441,61944,2,12582912,89,-7,61,62
59.51843154300002,1779965236.869624,7441,61945,3,12582912,97,-7,60,61
59.51843154300002,1779965236.869624,7441,61946,4,12582912,84,-7,59,60
59.51843154300002,1779965236.869624,7441,61947,5,12582912,63,-7,58,60
59.51843154300002,1779965236.869624,7441,61948,6,12582912,64,-7,58,59
59.51843154300002,1779965236.869624,7441,61949,7,12582912,95,-7,57,58
59.54079625200001,1779965236.8919883,7442,61950,0,12582912,119,-7,56,57
59.54079625200001,1779965236.8919883,7442,61951,1,12582912,106,-7,55,57
59.54079625200001,1779965236.8919883,7442,61952,2,12582912,65,-7,55,56
59.54079625200001,1779965236.8919883,7442,61953,3,12582912,37,-7,54,55
59.54079625200001,1779965236.8919883,7442,61954,4,12582912,59,-7,53,55
59.54079625200001,1779965236.8919883,7442,61955,5,12582912,101,-6,53,54
59.54079625200001,1779965236.8919883,7442,61956,6,12582912,111,-6,52,53
59.54079625200001,1779965236.8919883,7442,61957,7,12582912,87,-6,51,53
59.562437364000004,1779965236.9136286,7443,61958,0,12582912,70,-6,51,52
59.562437364000004,1779965236.9136286,7443,61959,1,12582912,80,-6,50,51
59.562437364000004,1779965236.9136286,7443,61960,2,12582912,98,-6,50,51
59.562437364000004,1779965236.9136286,7443,61961,3,12582912,112,-6,49,50
59.562437364000004,1779965236.9136286,7443,61962,4,12582912,113,-6,48,49
59.562437364000004,1779965236.9136286,7443,61963,5,12582912,94,-6,48,49
59.562437364000004,1779965236.9136286,7443,61964,6,12582912,74,-6,47,48
59.562437364000004,1779965236.9136286,7443,61965,7,12582912,69,-6,46,48
59.613107947,1779965236.964301,7444,61966,0,12582912,78,-6,46,47
59.613107947,1779965236.964301,7444,61967,1,12582912,89,-6,45,46
59.613107947,1779965236.964301,7444,61968,2,12582912,86,-5,45,46
59.613107947,1779965236.964301,7444,61969,3,12582912,77,-5,44,45
59.613107947,1779965236.964301,7444,61970,4,12582912,80,-5,44,45
59.613107947,1779965236.964301,7444,61971,5,12582912,95,-5,43,44
59.613107947,1779965236.964301,7444,61972,6,12582912,103,-5,43,44
59.613107947,1779965236.964301,7444,61973,7,12582912,94,-5,42,43
59.66038711300001,1779965237.01158,7445,61974,0,12582912,82,-5,42,43
59.66038711300001,1779965237.01158,7445,61975,1,12582912,79,-5,41,42
59.66038711300001,1779965237.01158,7445,61976,2,12582912,83,-5,40,41
59.66038711300001,1779965237.01158,7445,61977,3,12582912,89,-5,40,41
59.66038711300001,1779965237.01158,7445,61978,4,12582912,93,-5,39,40
59.66038711300001,1779965237.01158,7445,61979,5,12582912,99,-5,39,40
59.66038711300001,1779965237.01158,7445,61980,6,12582912,106,-5,39,39
59.66038711300001,1779965237.01158,7445,61981,7,12582912,97,-5,38,39
59.66189269,1779965237.0130842,7446,61982,0,12582912,66,-5,38,38
59.66189269,1779965237.0130842,7446,61983,1,12582912,36,-5,37,38
59.66189269,1779965237.0130842,7446,61984,2,12582912,45,-4,37,37
59.66189269,1779965237.0130842,7446,61985,3,12582912,77,-4,36,37
59.66189269,1779965237.0130842,7446,61986,4,12582912,85,-4,36,37
59.66189269,1779965237.0130842,7446,61987,5,12582912,57,-4,35,36
59.66189269,1779965237.0130842,7446,61988,6,12582912,31,-4,35,36
59.66189269,1779965237.0130842,7446,61989,7,12582912,47,-4,34,35
59.70737913900001,1779965237.0585716,7447,61990,0,12582912,81,-4,34,35
59.70737913900001,1779965237.0585716,7447,61991,1,12582912,90,-4,34,34
59.70737913900001,1779965237.0585716,7447,61992,2,12582912,64,-4,33,34
59.70737913900001,1779965237.0585716,7447,61993,3,12582912,25,-4,33,33
59.70737913900001,1779965237.0585716,7447,61994,4,12582912,13,-4,32,33
59.70737913900001,1779965237.0585716,7447,61995,5,12582912,36,-4,32,33
59.70737913900001,1779965237.0585716,7447,61996,6,12582912,70,-4,31,32
59.70737913900001,1779965237.0585716,7447,61997,7,12582912,92,-4,31,32
59.730387963,1779965237.08158,7448,61998,0,12582912,95,-4,31,31
59.730387963,1779965237.08158,7448,61999,1,12582912,104,-4,30,31
59.730387963,1779965237.08158,7448,62000,2,12582912,119,-4,30,31
59.730387963,1779965237.08158,7448,62001,3,12582912,366,-4,30,30
59.730387963,1779965237.08158,7448,62002,4,12582912,930,-4,29,30
59.730387963,1779965237.08158,7448,62003,5,12582912,1018,-4,29,30
59.730387963,1779965237.08158,7448,62004,6,12582912,160,-3,28,29
59.730387963,1779965237.08158,7448,62005,7,12582912,-710,-3,28,29
59.77385612400002,1779965237.1250486,7449,62006,0,12582912,-542,-3,28,28
59.77385612400002,1779965237.1250486,7449,62007,1,12582912,358,-3,27,28
59.77385612400002,1779965237.1250486,7449,62008,2,12582912,769,-3,27,28
59.77385612400002,1779965237.1250486,7449,62009,3,12582912,217,-3,27,27
59.77385612400002,1779965237.1250486,7449,62010,4,12582912,-474,-3,26,27
59.77385612400002,1779965237.1250486,7449,62011,5,12582912,-390,-3,26,27
59.77385612400002,1779965237.1250486,7449,62012,6,12582912,266,-3,26,26
59.77385612400002,1779965237.1250486,7449,62013,7,12582912,551,-3,25,26
59.79679442700001,1779965237.147987,7450,62014,0,12582912,114,-3,25,26
59.79679442700001,1779965237.147987,7450,62015,1,12582912,-402,-3,25,25
59.79679442700001,1779965237.147987,7450,62016,2,12582912,-308,-3,24,25
59.79679442700001,1779965237.147987,7450,62017,3,12582912,225,-3,24,25
59.79679442700001,1779965237.147987,7450,62018,4,12582912,469,-3,24,24
59.79679442700001,1779965237.147987,7450,62019,5,12582912,151,-3,24,24
59.79679442700001,1779965237.147987,7450,62020,6,12582912,-248,-3,23,24
59.79679442700001,1779965237.147987,7450,62021,7,12582912,-197,-3,23,24
59.850426475000006,1779965237.2016182,7451,62022,0,12582912,197,-3,23,23
59.850426475000006,1779965237.2016182,7451,62023,1,12582912,381,-3,22,23
59.850426475000006,1779965237.2016182,7451,62024,2,12582912,126,-3,22,23
59.850426475000006,1779965237.2016182,7451,62025,3,12582912,-191,-3,22,22
59.850426475000006,1779965237.2016182,7451,62026,4,12582912,-153,-3,22,22
59.850426475000006,1779965237.2016182,7451,62027,5,12582912,155,-3,21,22
59.850426475000006,1779965237.2016182,7451,62028,6,12582912,301,-3,21,22
59.850426475000006,1779965237.2016182,7451,62029,7,12582912,104,-3,21,21
59.92586354100001,1779965237.277056,7452,62030,0,12582912,-148,-3,21,21
59.92586354100001,1779965237.277056,7452,62031,1,12582912,-127,-2,20,21
59.92586354100001,1779965237.277056,7452,62032,2,12582912,106,-2,20,20
59.92586354100001,1779965237.277056,7452,62033,3,12582912,222,-2,20,20
59.92586354100001,1779965237.277056,7452,62034,4,12582912,88,-2,20,20
59.92586354100001,1779965237.277056,7452,62035,5,12582912,-89,-2,19,20
59.92586354100001,1779965237.277056,7452,62036,6,12582912,-69,-2,19,19
59.92586354100001,1779965237.277056,7452,62037,7,12582912,109,-2,19,19
59.92733260900002,1779965237.2785237,7453,62038,0,12582912,192,-2,19,19
59.92733260900002,1779965237.2785237,7453,62039,1,12582912,72,-2,18,19
59.92733260900002,1779965237.2785237,7453,62040,2,12582912,-82,-2,18,19
59.92733260900002,1779965237.2785237,7453,62041,3,12582912,-74,-2,18,18
59.92733260900002,1779965237.2785237,7453,62042,4,12582912,68,-2,18,18
59.92733260900002,1779965237.2785237,7453,62043,5,12582912,142,-2,17,18
59.92733260900002,1779965237.2785237,7453,62044,6,12582912,66,-2,17,18
59.92733260900002,1779965237.2785237,7453,62045,7,12582912,-32,-2,17,17
59.928771102999974,1779965237.2799623,7454,62046,0,12582912,-16,-2,17,17
59.928771102999974,1779965237.2799623,7454,62047,1,12582912,91,-2,17,17
59.928771102999974,1779965237.2799623,7454,62048,2,12582912,141,-2,16,17
59.928771102999974,1779965237.2799623,7454,62049,3,12582912,71,-2,16,17
59.928771102999974,1779965237.2799623,7454,62050,4,12582912,-22,-2,16,16
59.928771102999974,1779965237.2799623,7454,62051,5,12582912,-27,-2,16,16
59.928771102999974,1779965237.2799623,7454,62052,6,12582912,46,-2,16,16
59.928771102999974,1779965237.2799623,7454,62053,7,12582912,87,-2,15,16
59.98272294399999,1779965237.3339157,7455,62054,0,12582912,36,-2,15,16
59.98272294399999,1779965237.3339157,7455,62055,1,12582912,-30,-2,15,15
59.98272294399999,1779965237.3339157,7455,62056,2,12582912,-15,-2,15,15
59.98272294399999,1779965237.3339157,7455,62057,3,12582912,72,-2,15,15
59.98272294399999,1779965237.3339157,7455,62058,4,12582912,131,-2,14,15
59.98272294399999,1779965237.3339157,7455,62059,5,12582912,103,-2,14,15
59.98272294399999,1779965237.3339157,7455,62060,6,12582912,38,-2,14,14
59.98272294399999,1779965237.3339157,7455,62061,7,12582912,21,-2,14,14
60.005662809,1779965237.3568554,7456,62062,0,12582912,68,-2,14,14
60.005662809,1779965237.3568554,7456,62063,1,12582912,100,-2,14,14
60.005662809,1779965237.3568554,7456,62064,2,12582912,74,-2,13,14
60.005662809,1779965237.3568554,7456,62065,3,12582912,37,-2,13,14
60.005662809,1779965237.3568554,7456,62066,4,12582912,32,-2,13,13
60.005662809,1779965237.3568554,7456,62067,5,12582912,55,-2,13,13
60.005662809,1779965237.3568554,7456,62068,6,12582912,62,-2,13,13
60.005662809,1779965237.3568554,7456,62069,7,12582912,44,-2,13,13
60.01769112900001,1779965237.3688848,7457,62070,0,12582912,37,-2,12,13
60.01769112900001,1779965237.3688848,7457,62071,1,12582912,47,-2,12,13
60.01769112900001,1779965237.3688848,7457,62072,2,12582912,57,-1,12,12
60.01769112900001,1779965237.3688848,7457,62073,3,12582912,59,-1,12,12
60.01769112900001,1779965237.3688848,7457,62074,4,12582912,55,-1,12,12
60.01769112900001,1779965237.3688848,7457,62075,5,12582912,51,-1,12,12
60.01769112900001,1779965237.3688848,7457,62076,6,12582912,40,-1,12,12
60.01769112900001,1779965237.3688848,7457,62077,7,12582912,29,-1,11,12
