t_capture_sec,timestamp_unix,block_idx,sample_idx,sample_in_block,status,ch1_uV,ch2_uV,ch3_uV,ch4_uV
0.0021804879997944226,1779567201.8422625,8117,66404,0,12582912,23,0,0,0
0.0021804879997944226,1779567201.8422625,8117,66405,1,12582912,-4,0,0,0
0.0021804879997944226,1779567201.8422625,8117,66406,2,12582912,-18,0,0,0
0.0021804879997944226,1779567201.8422625,8117,66407,3,12582912,-15,0,0,0
0.0021804879997944226,1779567201.8422625,8117,66408,4,12582912,-1,0,0,0
0.0021804879997944226,1779567201.8422625,8117,66409,5,12582912,17,0,0,0
0.0021804879997944226,1779567201.8422625,8117,66410,6,12582912,28,0,0,0
0.0021804879997944226,1779567201.8422625,8117,66411,7,12582912,28,0,0,0
0.002489910999429412,1779567201.8425708,8118,66412,0,12582912,24,0,0,0
0.002489910999429412,1779567201.8425708,8118,66413,1,12582912,15,0,0,0
0.002489910999429412,1779567201.8425708,8118,66414,2,12582912,6,0,0,0
0.002489910999429412,1779567201.8425708,8118,66415,3,12582912,12,0,0,0
0.002489910999429412,1779567201.8425708,8118,66416,4,12582912,28,0,0,0
0.002489910999429412,1779567201.8425708,8118,66417,5,12582912,40,0,0,0
0.002489910999429412,1779567201.8425708,8118,66418,6,12582912,43,0,0,0
0.002489910999429412,1779567201.8425708,8118,66419,7,12582912,33,0,0,0
0.031339950999608845,1779567201.8714213,8119,66420,0,12582912,-3,0,0,0
0.031339950999608845,1779567201.8714213,8119,66421,1,12582912,-40,0,0,0
0.031339950999608845,1779567201.8714213,8119,66422,2,12582912,-22,0,0,0
0.031339950999608845,1779567201.8714213,8119,66423,3,12582912,39,0,0,0
0.031339950999608845,1779567201.8714213,8119,66424,4,12582912,66,0,0,0
0.031339950999608845,1779567201.8714213,8119,66425,5,12582912,41,0,0,0
0.031339950999608845,1779567201.8714213,8119,66426,6,12582912,26,0,0,0
0.031339950999608845,1779567201.8714213,8119,66427,7,12582912,47,0,0,0
0.053325039998526336,1779567201.8934069,8120,66428,0,12582912,63,0,0,0
0.053325039998526336,1779567201.8934069,8120,66429,1,12582912,53,0,0,0
0.053325039998526336,1779567201.8934069,8120,66430,2,12582912,35,0,0,0
0.053325039998526336,1779567201.8934069,8120,66431,3,12582912,23,0,0,0
0.053325039998526336,1779567201.8934069,8120,66432,4,12582912,28,0,0,0
0.053325039998526336,1779567201.8934069,8120,66433,5,12582912,52,0,0,0
0.053325039998526336,1779567201.8934069,8120,66434,6,12582912,69,0,0,0
0.053325039998526336,1779567201.8934069,8120,66435,7,12582912,73,0,0,0
0.0959183649993065,1779567201.9360008,8121,66436,0,12582912,76,0,0,0
0.0959183649993065,1779567201.9360008,8121,66437,1,12582912,80,0,0,0
0.0959183649993065,1779567201.9360008,8121,66438,2,12582912,73,0,0,0
0.0959183649993065,1779567201.9360008,8121,66439,3,12582912,53,0,0,0
0.0959183649993065,1779567201.9360008,8121,66440,4,12582912,46,0,0,0
0.0959183649993065,1779567201.9360008,8121,66441,5,12582912,53,0,0,0
0.0959183649993065,1779567201.9360008,8121,66442,6,12582912,62,0,0,0
0.0959183649993065,1779567201.9360008,8121,66443,7,12582912,69,0,0,0
0.13252427999941574,1779567201.9726064,8122,66444,0,12582912,72,0,0,0
0.13252427999941574,1779567201.9726064,8122,66445,1,12582912,74,0,0,0
0.13252427999941574,1779567201.9726064,8122,66446,2,12582912,83,0,0,0
0.13252427999941574,1779567201.9726064,8122,66447,3,12582912,97,0,0,0
0.13252427999941574,1779567201.9726064,8122,66448,4,12582912,101,0,0,0
0.13252427999941574,1779567201.9726064,8122,66449,5,12582912,101,0,0,0
0.13252427999941574,1779567201.9726064,8122,66450,6,12582912,109,0,0,0
0.13252427999941574,1779567201.9726064,8122,66451,7,12582912,124,0,0,0
0.15418010299981688,1779567201.9942625,8123,66452,0,12582912,141,0,0,0
0.15418010299981688,1779567201.9942625,8123,66453,1,12582912,144,0,0,0
0.15418010299981688,1779567201.9942625,8123,66454,2,12582912,125,0,0,0
0.15418010299981688,1779567201.9942625,8123,66455,3,12582912,107,0,0,0
0.15418010299981688,1779567201.9942625,8123,66456,4,12582912,108,0,0,0
0.15418010299981688,1779567201.9942625,8123,66457,5,12582912,126,0,0,0
0.15418010299981688,1779567201.9942625,8123,66458,6,12582912,132,0,0,0
0.15418010299981688,1779567201.9942625,8123,66459,7,12582912,121,0,0,0
0.23604305499975453,1779567202.0761251,8124,66460,0,12582912,115,0,0,0
0.23604305499975453,1779567202.0761251,8124,66461,1,12582912,109,0,0,0
0.23604305499975453,1779567202.0761251,8124,66462,2,12582912,111,0,0,0
0.23604305499975453,1779567202.0761251,8124,66463,3,12582912,125,0,0,0
0.23604305499975453,1779567202.0761251,8124,66464,4,12582912,129,0,0,0
0.23604305499975453,1779567202.0761251,8124,66465,5,12582912,119,0,0,0
0.23604305499975453,1779567202.0761251,8124,66466,6,12582912,111,0,0,0
0.23604305499975453,1779567202.0761251,8124,66467,7,12582912,114,0,0,0
0.23635466499945323,1779567202.0764356,8125,66468,0,12582912,123,0,0,0
0.23635466499945323,1779567202.0764356,8125,66469,1,12582912,119,0,0,0
0.23635466499945323,1779567202.0764356,8125,66470,2,12582912,108,0,0,0
0.23635466499945323,1779567202.0764356,8125,66471,3,12582912,111,0,0,0
0.23635466499945323,1779567202.0764356,8125,66472,4,12582912,118,0,0,0
0.23635466499945323,1779567202.0764356,8125,66473,5,12582912,115,0,0,0
0.23635466499945323,1779567202.0764356,8125,66474,6,12582912,110,0,0,0
0.23635466499945323,1779567202.0764356,8125,66475,7,12582912,109,0,0,0
0.2751810680001654,1779567202.1152632,8126,66476,0,12582912,112,0,0,0
0.2751810680001654,1779567202.1152632,8126,66477,1,12582912,113,0,0,0
0.2751810680001654,1779567202.1152632,8126,66478,2,12582912,111,0,0,0
0.2751810680001654,1779567202.1152632,8126,66479,3,12582912,108,0,0,0
0.2751810680001654,1779567202.1152632,8126,66480,4,12582912,106,0,0,0
0.2751810680001654,1779567202.1152632,8126,66481,5,12582912,116,0,0,0
0.2751810680001654,1779567202.1152632,8126,66482,6,12582912,132,0,0,0
0.2751810680001654,1779567202.1152632,8126,66483,7,12582912,130,0,0,0
0.2968049129995052,1779567202.136887,8127,66484,0,12582912,108,0,0,0
0.2968049129995052,1779567202.136887,8127,66485,1,12582912,96,0,0,0
0.2968049129995052,1779567202.136887,8127,66486,2,12582912,101,0,0,0
0.2968049129995052,1779567202.136887,8127,66487,3,12582912,110,0,0,0
0.2968049129995052,1779567202.136887,8127,66488,4,12582912,110,0,0,0
0.2968049129995052,1779567202.136887,8127,66489,5,12582912,101,0,0,0
0.2968049129995052,1779567202.136887,8127,66490,6,12582912,96,0,0,0
0.2968049129995052,1779567202.136887,8127,66491,7,12582912,100,0,0,0
0.3335349930002849,1779567202.1736171,8128,66492,0,12582912,107,0,0,0
0.3335349930002849,1779567202.1736171,8128,66493,1,12582912,103,0,0,0
0.3335349930002849,1779567202.1736171,8128,66494,2,12582912,87,0,0,0
0.3335349930002849,1779567202.1736171,8128,66495,3,12582912,78,0,0,0
0.3335349930002849,1779567202.1736171,8128,66496,4,12582912,85,0,0,0
0.3335349930002849,1779567202.1736171,8128,66497,5,12582912,93,0,0,0
0.3335349930002849,1779567202.1736171,8128,66498,6,12582912,88,0,0,0
0.3335349930002849,1779567202.1736171,8128,66499,7,12582912,77,0,0,0
0.35523831699902075,1779567202.1953204,8129,66500,0,12582912,74,0,0,0
0.35523831699902075,1779567202.1953204,8129,66501,1,12582912,35,0,0,0
0.35523831699902075,1779567202.1953204,8129,66502,2,12582912,-2,0,0,0
0.35523831699902075,1779567202.1953204,8129,66503,3,12582912,110,0,0,0
0.35523831699902075,1779567202.1953204,8129,66504,4,12582912,254,0,0,0
0.35523831699902075,1779567202.1953204,8129,66505,5,12582912,179,0,0,0
0.35523831699902075,1779567202.1953204,8129,66506,6,12582912,-60,0,0,0
0.35523831699902075,1779567202.1953204,8129,66507,7,12582912,-169,0,0,0
0.39794273499865085,1779567202.2380247,8130,66508,0,12582912,-32,0,0,0
0.39794273499865085,1779567202.2380247,8130,66509,1,12582912,144,0,0,0
0.39794273499865085,1779567202.2380247,8130,66510,2,12582912,125,0,0,0
0.39794273499865085,1779567202.2380247,8130,66511,3,12582912,-46,0,0,0
0.39794273499865085,1779567202.2380247,8130,66512,4,12582912,-129,0,0,0
0.39794273499865085,1779567202.2380247,8130,66513,5,12582912,-25,0,0,0
0.39794273499865085,1779567202.2380247,8130,66514,6,12582912,110,0,0,0
0.39794273499865085,1779567202.2380247,8130,66515,7,12582912,102,0,0,0
0.4196756410001399,1779567202.2597578,8131,66516,0,12582912,-22,0,0,0
0.4196756410001399,1779567202.2597578,8131,66517,1,12582912,-90,0,0,0
0.4196756410001399,1779567202.2597578,8131,66518,2,12582912,-21,0,0,0
0.4196756410001399,1779567202.2597578,8131,66519,3,12582912,74,0,0,0
0.4196756410001399,1779567202.2597578,8131,66520,4,12582912,53,0,0,0
0.4196756410001399,1779567202.2597578,8131,66521,5,12582912,-52,0,0,0
0.4196756410001399,1779567202.2597578,8131,66522,6,12582912,-96,0,0,0
0.4196756410001399,1779567202.2597578,8131,66523,7,12582912,-27,0,0,0
0.4625471399995149,1779567202.3026292,8132,66524,0,12582912,53,0,0,0
0.4625471399995149,1779567202.3026292,8132,66525,1,12582912,41,0,0,0
0.4625471399995149,1779567202.3026292,8132,66526,2,12582912,-39,0,0,0
0.4625471399995149,1779567202.3026292,8132,66527,3,12582912,-80,0,0,0
0.4625471399995149,1779567202.3026292,8132,66528,4,12582912,-35,0,0,0
0.4625471399995149,1779567202.3026292,8132,66529,5,12582912,30,0,0,0
0.4625471399995149,1779567202.3026292,8132,66530,6,12582912,29,0,0,0
0.4625471399995149,1779567202.3026292,8132,66531,7,12582912,-26,0,0,0
0.4841994229991542,1779567202.3242817,8133,66532,0,12582912,-51,0,0,0
0.4841994229991542,1779567202.3242817,8133,66533,1,12582912,-10,0,0,0
0.4841994229991542,1779567202.3242817,8133,66534,2,12582912,34,0,0,0
0.4841994229991542,1779567202.3242817,8133,66535,3,12582912,27,0,0,0
0.4841994229991542,1779567202.3242817,8133,66536,4,12582912,-15,0,0,0
0.4841994229991542,1779567202.3242817,8133,66537,5,12582912,-36,0,0,0
0.4841994229991542,1779567202.3242817,8133,66538,6,12582912,-13,0,0,0
0.4841994229991542,1779567202.3242817,8133,66539,7,12582912,22,0,0,0
0.5350618449992908,1779567202.3751445,8134,66540,0,12582912,23,0,0,0
0.5350618449992908,1779567202.3751445,8134,66541,1,12582912,-11,0,0,0
0.5350618449992908,1779567202.3751445,8134,66542,2,12582912,-36,0,0,0
0.5350618449992908,1779567202.3751445,8134,66543,3,12582912,-23,0,0,0
0.5350618449992908,1779567202.3751445,8134,66544,4,12582912,2,0,0,0
0.5350618449992908,1779567202.3751445,8134,66545,5,12582912,5,0,0,0
0.5350618449992908,1779567202.3751445,8134,66546,6,12582912,-14,0,0,0
0.5350618449992908,1779567202.3751445,8134,66547,7,12582912,-27,0,0,0
0.5434698970002501,1779567202.3835523,8135,66548,0,12582912,-15,0,0,0
0.5434698970002501,1779567202.3835523,8135,66549,1,12582912,5,0,0,0
0.5434698970002501,1779567202.3835523,8135,66550,2,12582912,7,0,0,0
0.5434698970002501,1779567202.3835523,8135,66551,3,12582912,-11,0,0,0
0.5434698970002501,1779567202.3835523,8135,66552,4,12582912,-25,0,0,0
0.5434698970002501,1779567202.3835523,8135,66553,5,12582912,-15,0,0,0
0.5434698970002501,1779567202.3835523,8135,66554,6,12582912,6,0,0,0
0.5434698970002501,1779567202.3835523,8135,66555,7,12582912,13,0,0,0
0.63394834599967,1779567202.4740298,8136,66556,0,12582912,-1,0,0,0
0.63394834599967,1779567202.4740298,8136,66557,1,12582912,-12,0,0,0
0.63394834599967,1779567202.4740298,8136,66558,2,12582912,-1,0,0,0
0.63394834599967,1779567202.4740298,8136,66559,3,12582912,15,0,0,0
0.63394834599967,1779567202.4740298,8136,66560,4,12582912,14,0,0,0
0.63394834599967,1779567202.4740298,8136,66561,5,12582912,-5,0,0,0
0.63394834599967,1779567202.4740298,8136,66562,6,12582912,-19,0,0,0
0.63394834599967,1779567202.4740298,8136,66563,7,12582912,-11,0,0,0
0.6340848019990517,1779567202.4741642,8137,66564,0,12582912,10,0,0,0
0.6340848019990517,1779567202.4741642,8137,66565,1,12582912,17,0,0,0
0.6340848019990517,1779567202.4741642,8137,66566,2,12582912,3,0,0,0
0.6340848019990517,1779567202.4741642,8137,66567,3,12582912,-12,0,0,0
0.6340848019990517,1779567202.4741642,8137,66568,4,12582912,-12,0,0,0
0.6340848019990517,1779567202.4741642,8137,66569,5,12582912,-4,0,0,0
0.6340848019990517,1779567202.4741642,8137,66570,6,12582912,5,0,0,0
0.6340848019990517,1779567202.4741642,8137,66571,7,12582912,4,0,0,0
0.7119972919990687,1779567202.5520797,8138,66572,0,12582912,-8,0,0,0
0.7119972919990687,1779567202.5520797,8138,66573,1,12582912,-13,0,0,0
0.7119972919990687,1779567202.5520797,8138,66574,2,12582912,-2,0,0,0
0.7119972919990687,1779567202.5520797,8138,66575,3,12582912,8,0,0,0
0.7119972919990687,1779567202.5520797,8138,66576,4,12582912,2,0,0,0
0.7119972919990687,1779567202.5520797,8138,66577,5,12582912,-12,0,0,0
0.7119972919990687,1779567202.5520797,8138,66578,6,12582912,-17,0,0,0
0.7119972919990687,1779567202.5520797,8138,66579,7,12582912,-11,0,0,0
0.7123206719988957,1779567202.5524013,8139,66580,0,12582912,-4,0,0,0
0.7123206719988957,1779567202.5524013,8139,66581,1,12582912,-9,0,0,0
0.7123206719988957,1779567202.5524013,8139,66582,2,12582912,-13,0,0,0
0.7123206719988957,1779567202.5524013,8139,66583,3,12582912,-4,0,0,0
0.7123206719988957,1779567202.5524013,8139,66584,4,12582912,10,0,0,0
0.7123206719988957,1779567202.5524013,8139,66585,5,12582912,11,0,0,0
0.7123206719988957,1779567202.5524013,8139,66586,6,12582912,-4,0,0,0
0.7123206719988957,1779567202.5524013,8139,66587,7,12582912,-18,0,0,0
0.7126091579993954,1779567202.55269,8140,66588,0,12582912,-14,0,0,0
0.7126091579993954,1779567202.55269,8140,66589,1,12582912,0,0,0,0
0.7126091579993954,1779567202.55269,8140,66590,2,12582912,12,0,0,0
0.7126091579993954,1779567202.55269,8140,66591,3,12582912,12,0,0,0
0.7126091579993954,1779567202.55269,8140,66592,4,12582912,-1,0,0,0
0.7126091579993954,1779567202.55269,8140,66593,5,12582912,-11,0,0,0
0.7126091579993954,1779567202.55269,8140,66594,6,12582912,-4,0,0,0
0.7126091579993954,1779567202.55269,8140,66595,7,12582912,9,0,0,0
0.7491454899991368,1779567202.5892277,8141,66596,0,12582912,15,0,0,0
0.7491454899991368,1779567202.5892277,8141,66597,1,12582912,10,0,0,0
0.7491454899991368,1779567202.5892277,8141,66598,2,12582912,-1,0,0,0
0.7491454899991368,1779567202.5892277,8141,66599,3,12582912,-9,0,0,0
0.7491454899991368,1779567202.5892277,8141,66600,4,12582912,-8,0,0,0
0.7491454899991368,1779567202.5892277,8141,66601,5,12582912,-5,0,0,0
0.7491454899991368,1779567202.5892277,8141,66602,6,12582912,-7,0,0,0
0.7491454899991368,1779567202.5892277,8141,66603,7,12582912,-10,0,0,0
0.7841963760001818,1779567202.6242788,8142,66604,0,12582912,-12,0,0,0
0.7841963760001818,1779567202.6242788,8142,66605,1,12582912,-8,0,0,0
0.7841963760001818,1779567202.6242788,8142,66606,2,12582912,-3,0,0,0
0.7841963760001818,1779567202.6242788,8142,66607,3,12582912,-3,0,0,0
0.7841963760001818,1779567202.6242788,8142,66608,4,12582912,-4,0,0,0
0.7841963760001818,1779567202.6242788,8142,66609,5,12582912,-1,0,0,0
0.7841963760001818,1779567202.6242788,8142,66610,6,12582912,9,0,0,0
0.7841963760001818,1779567202.6242788,8142,66611,7,12582912,16,0,0,0
0.8058594399990398,1779567202.6459417,8143,66612,0,12582912,11,0,0,0
0.8058594399990398,1779567202.6459417,8143,66613,1,12582912,-7,0,0,0
0.8058594399990398,1779567202.6459417,8143,66614,2,12582912,-25,0,0,0
0.8058594399990398,1779567202.6459417,8143,66615,3,12582912,-25,0,0,0
0.8058594399990398,1779567202.6459417,8143,66616,4,12582912,-13,0,0,0
0.8058594399990398,1779567202.6459417,8143,66617,5,12582912,-6,0,0,0
0.8058594399990398,1779567202.6459417,8143,66618,6,12582912,-10,0,0,0
0.8058594399990398,1779567202.6459417,8143,66619,7,12582912,-16,0,0,0
0.8282735859993409,1779567202.6683555,8144,66620,0,12582912,-14,0,0,0
0.8282735859993409,1779567202.6683555,8144,66621,1,12582912,-8,0,0,0
0.8282735859993409,1779567202.6683555,8144,66622,2,12582912,-8,0,0,0
0.8282735859993409,1779567202.6683555,8144,66623,3,12582912,-14,0,0,0
0.8282735859993409,1779567202.6683555,8144,66624,4,12582912,-17,0,0,0
0.8282735859993409,1779567202.6683555,8144,66625,5,12582912,-14,0,0,0
0.8282735859993409,1779567202.6683555,8144,66626,6,12582912,-13,0,0,0
0.8282735859993409,1779567202.6683555,8144,66627,7,12582912,-18,0,0,0
0.8710460759994021,1779567202.7111285,8145,66628,0,12582912,-28,0,0,0
0.8710460759994021,1779567202.7111285,8145,66629,1,12582912,-35,0,0,0
0.8710460759994021,1779567202.7111285,8145,66630,2,12582912,-29,0,0,0
0.8710460759994021,1779567202.7111285,8145,66631,3,12582912,-16,0,0,0
0.8710460759994021,1779567202.7111285,8145,66632,4,12582912,-14,0,0,0
0.8710460759994021,1779567202.7111285,8145,66633,5,12582912,-22,0,0,0
0.8710460759994021,1779567202.7111285,8145,66634,6,12582912,-28,0,0,0
0.8710460759994021,1779567202.7111285,8145,66635,7,12582912,-24,0,0,0
0.8926596099991002,1779567202.7327418,8146,66636,0,12582912,-18,0,0,0
0.8926596099991002,1779567202.7327418,8146,66637,1,12582912,-20,0,0,0
0.8926596099991002,1779567202.7327418,8146,66638,2,12582912,-29,0,0,0
0.8926596099991002,1779567202.7327418,8146,66639,3,12582912,-34,0,0,0
0.8926596099991002,1779567202.7327418,8146,66640,4,12582912,-27,0,0,0
0.8926596099991002,1779567202.7327418,8146,66641,5,12582912,-13,0,0,0
0.8926596099991002,1779567202.7327418,8146,66642,6,12582912,-7,0,0,0
0.8926596099991002,1779567202.7327418,8146,66643,7,12582912,-15,0,0,0
0.9516446719990199,1779567202.7917268,8147,66644,0,12582912,-25,0,0,0
0.9516446719990199,1779567202.7917268,8147,66645,1,12582912,-21,0,0,0
0.9516446719990199,1779567202.7917268,8147,66646,2,12582912,-5,0,0,0
0.9516446719990199,1779567202.7917268,8147,66647,3,12582912,8,0,0,0
0.9516446719990199,1779567202.7917268,8147,66648,4,12582912,7,0,0,0
0.9516446719990199,1779567202.7917268,8147,66649,5,12582912,-6,0,0,0
0.9516446719990199,1779567202.7917268,8147,66650,6,12582912,-16,0,0,0
0.9516446719990199,1779567202.7917268,8147,66651,7,12582912,-12,0,0,0
1.0072307219998038,1779567202.8473134,8148,66652,0,12582912,-3,0,0,0
1.0072307219998038,1779567202.8473134,8148,66653,1,12582912,-4,0,0,0
1.0072307219998038,1779567202.8473134,8148,66654,2,12582912,-17,0,0,0
1.0072307219998038,1779567202.8473134,8148,66655,3,12582912,-25,0,0,0
1.0072307219998038,1779567202.8473134,8148,66656,4,12582912,-17,0,0,0
1.0072307219998038,1779567202.8473134,8148,66657,5,12582912,-3,0,0,0
1.0072307219998038,1779567202.8473134,8148,66658,6,12582912,-2,0,0,0
1.0072307219998038,1779567202.8473134,8148,66659,7,12582912,-17,0,0,0
1.0075429039989103,1779567202.8476236,8149,66660,0,12582912,-26,0,0,0
1.0075429039989103,1779567202.8476236,8149,66661,1,12582912,-15,0,0,0
1.0075429039989103,1779567202.8476236,8149,66662,2,12582912,3,0,0,0
1.0075429039989103,1779567202.8476236,8149,66663,3,12582912,7,0,0,0
1.0075429039989103,1779567202.8476236,8149,66664,4,12582912,-5,0,0,0
1.0075429039989103,1779567202.8476236,8149,66665,5,12582912,-11,0,0,0
1.0075429039989103,1779567202.8476236,8149,66666,6,12582912,-3,0,0,0
1.0075429039989103,1779567202.8476236,8149,66667,7,12582912,7,0,0,0
1.0651837149998755,1779567202.9052658,8150,66668,0,12582912,2,0,0,0
1.0651837149998755,1779567202.9052658,8150,66669,1,12582912,-17,0,0,0
1.0651837149998755,1779567202.9052658,8150,66670,2,12582912,-29,0,0,0
1.0651837149998755,1779567202.9052658,8150,66671,3,12582912,-23,0,0,0
1.0651837149998755,1779567202.9052658,8150,66672,4,12582912,-12,0,0,0
1.0651837149998755,1779567202.9052658,8150,66673,5,12582912,-17,0,0,0
1.0651837149998755,1779567202.9052658,8150,66674,6,12582912,-34,0,0,0
1.0651837149998755,1779567202.9052658,8150,66675,7,12582912,-44,0,0,0
1.0710205559989845,1779567202.911104,8151,66676,0,12582912,-38,0,0,0
1.0710205559989845,1779567202.911104,8151,66677,1,12582912,-24,0,0,0
1.0710205559989845,1779567202.911104,8151,66678,2,12582912,-21,0,0,0
1.0710205559989845,1779567202.911104,8151,66679,3,12582912,-33,0,0,0
1.0710205559989845,1779567202.911104,8151,66680,4,12582912,-33,0,0,0
1.0710205559989845,1779567202.911104,8151,66681,5,12582912,-11,0,0,0
1.0710205559989845,1779567202.911104,8151,66682,6,12582912,11,0,0,0
1.0710205559989845,1779567202.911104,8151,66683,7,12582912,8,0,0,0
1.0967617879996396,1779567202.936844,8152,66684,0,12582912,-18,0,0,0
1.0967617879996396,1779567202.936844,8152,66685,1,12582912,-35,0,0,0
1.0967617879996396,1779567202.936844,8152,66686,2,12582912,-26,0,0,0
1.0967617879996396,1779567202.936844,8152,66687,3,12582912,-6,0,0,0
1.0967617879996396,1779567202.936844,8152,66688,4,12582912,0,0,0,0
1.0967617879996396,1779567202.936844,8152,66689,5,12582912,-11,0,0,0
1.0967617879996396,1779567202.936844,8152,66690,6,12582912,-19,0,0,0
1.0967617879996396,1779567202.936844,8152,66691,7,12582912,-13,0,0,0
1.1184558929999184,1779567202.9585385,8153,66692,0,12582912,-4,0,0,0
1.1184558929999184,1779567202.9585385,8153,66693,1,12582912,-8,0,0,0
1.1184558929999184,1779567202.9585385,8153,66694,2,12582912,-23,0,0,0
1.1184558929999184,1779567202.9585385,8153,66695,3,12582912,-30,0,0,0
1.1184558929999184,1779567202.9585385,8153,66696,4,12582912,-22,0,0,0
1.1184558929999184,1779567202.9585385,8153,66697,5,12582912,-11,0,0,0
1.1184558929999184,1779567202.9585385,8153,66698,6,12582912,-10,0,0,0
1.1184558929999184,1779567202.9585385,8153,66699,7,12582912,-18,0,0,0
1.1552167539994116,1779567202.9952993,8154,66700,0,12582912,-22,0,0,0
1.1552167539994116,1779567202.9952993,8154,66701,1,12582912,-15,0,0,0
1.1552167539994116,1779567202.9952993,8154,66702,2,12582912,-9,0,0,0
1.1552167539994116,1779567202.9952993,8154,66703,3,12582912,-13,0,0,0
1.1552167539994116,1779567202.9952993,8154,66704,4,12582912,-20,0,0,0
1.1552167539994116,1779567202.9952993,8154,66705,5,12582912,-18,0,0,0
1.1552167539994116,1779567202.9952993,8154,66706,6,12582912,-10,0,0,0
1.1552167539994116,1779567202.9952993,8154,66707,7,12582912,-9,0,0,0
1.1978908609999053,1779567203.037973,8155,66708,0,12582912,-19,0,0,0
1.1978908609999053,1779567203.037973,8155,66709,1,12582912,-29,0,0,0
1.1978908609999053,1779567203.037973,8155,66710,2,12582912,-29,0,0,0
1.1978908609999053,1779567203.037973,8155,66711,3,12582912,-17,0,0,0
1.1978908609999053,1779567203.037973,8155,66712,4,12582912,-2,0,0,0
1.1978908609999053,1779567203.037973,8155,66713,5,12582912,1,0,0,0
1.1978908609999053,1779567203.037973,8155,66714,6,12582912,-8,0,0,0
1.1978908609999053,1779567203.037973,8155,66715,7,12582912,-13,0,0,0
1.2196112679994258,1779567203.0596936,8156,66716,0,12582912,-7,0,0,0
1.2196112679994258,1779567203.0596936,8156,66717,1,12582912,-3,0,0,0
1.2196112679994258,1779567203.0596936,8156,66718,2,12582912,-10,0,0,0
1.2196112679994258,1779567203.0596936,8156,66719,3,12582912,-24,0,0,0
1.2196112679994258,1779567203.0596936,8156,66720,4,12582912,-29,0,0,0
1.2196112679994258,1779567203.0596936,8156,66721,5,12582912,-18,0,0,0
1.2196112679994258,1779567203.0596936,8156,66722,6,12582912,0,0,0,0
1.2196112679994258,1779567203.0596936,8156,66723,7,12582912,2,0,0,0
1.2623827699990215,1779567203.102465,8157,66724,0,12582912,-12,0,0,0
1.2623827699990215,1779567203.102465,8157,66725,1,12582912,-19,0,0,0
1.2623827699990215,1779567203.102465,8157,66726,2,12582912,-13,0,0,0
1.2623827699990215,1779567203.102465,8157,66727,3,12582912,-7,0,0,0
1.2623827699990215,1779567203.102465,8157,66728,4,12582912,-10,0,0,0
1.2623827699990215,1779567203.102465,8157,66729,5,12582912,-21,0,0,0
1.2623827699990215,1779567203.102465,8157,66730,6,12582912,-24,0,0,0
1.2623827699990215,1779567203.102465,8157,66731,7,12582912,-12,0,0,0
1.2984552039997652,1779567203.1385374,8158,66732,0,12582912,-2,0,0,0
1.2984552039997652,1779567203.1385374,8158,66733,1,12582912,-10,0,0,0
1.2984552039997652,1779567203.1385374,8158,66734,2,12582912,-28,0,0,0
1.2984552039997652,1779567203.1385374,8158,66735,3,12582912,-32,0,0,0
1.2984552039997652,1779567203.1385374,8158,66736,4,12582912,-14,0,0,0
1.2984552039997652,1779567203.1385374,8158,66737,5,12582912,5,0,0,0
1.2984552039997652,1779567203.1385374,8158,66738,6,12582912,4,0,0,0
1.2984552039997652,1779567203.1385374,8158,66739,7,12582912,-10,0,0,0
1.3201010289994883,1779567203.1601832,8159,66740,0,12582912,-19,0,0,0
1.3201010289994883,1779567203.1601832,8159,66741,1,12582912,-18,0,0,0
1.3201010289994883,1779567203.1601832,8159,66742,2,12582912,-16,0,0,0
1.3201010289994883,1779567203.1601832,8159,66743,3,12582912,-21,0,0,0
1.3201010289994883,1779567203.1601832,8159,66744,4,12582912,-27,0,0,0
1.3201010289994883,1779567203.1601832,8159,66745,5,12582912,-26,0,0,0
1.3201010289994883,1779567203.1601832,8159,66746,6,12582912,-21,0,0,0
1.3201010289994883,1779567203.1601832,8159,66747,7,12582912,-20,0,0,0
1.3566389769985108,1779567203.196721,8160,66748,0,12582912,-24,0,0,0
1.3566389769985108,1779567203.196721,8160,66749,1,12582912,-24,0,0,0
1.3566389769985108,1779567203.196721,8160,66750,2,12582912,-14,0,0,0
1.3566389769985108,1779567203.196721,8160,66751,3,12582912,-1,0,0,0
1.3566389769985108,1779567203.196721,8160,66752,4,12582912,4,0,0,0
1.3566389769985108,1779567203.196721,8160,66753,5,12582912,0,0,0,0
1.3566389769985108,1779567203.196721,8160,66754,6,12582912,-9,0,0,0
1.3566389769985108,1779567203.196721,8160,66755,7,12582912,-17,0,0,0
1.3783783939998102,1779567203.2184606,8161,66756,0,12582912,-20,0,0,0
1.3783783939998102,1779567203.2184606,8161,66757,1,12582912,-21,0,0,0
1.3783783939998102,1779567203.2184606,8161,66758,2,12582912,-22,0,0,0
1.3783783939998102,1779567203.2184606,8161,66759,3,12582912,-21,0,0,0
1.3783783939998102,1779567203.2184606,8161,66760,4,12582912,-14,0,0,0
1.3783783939998102,1779567203.2184606,8161,66761,5,12582912,-7,0,0,0
1.3783783939998102,1779567203.2184606,8161,66762,6,12582912,-9,0,0,0
1.3783783939998102,1779567203.2184606,8161,66763,7,12582912,-14,0,0,0
1.4362150889992336,1779567203.2762973,8162,66764,0,12582912,-18,0,0,0
1.4362150889992336,1779567203.2762973,8162,66765,1,12582912,-13,0,0,0
1.4362150889992336,1779567203.2762973,8162,66766,2,12582912,-7,0,0,0
1.4362150889992336,1779567203.2762973,8162,66767,3,12582912,-7,0,0,0
1.4362150889992336,1779567203.2762973,8162,66768,4,12582912,-11,0,0,0
1.4362150889992336,1779567203.2762973,8162,66769,5,12582912,-7,0,0,0
1.4362150889992336,1779567203.2762973,8162,66770,6,12582912,3,0,0,0
1.4362150889992336,1779567203.2762973,8162,66771,7,12582912,4,0,0,0
1.4581007540000428,1779567203.298183,8163,66772,0,12582912,-6,0,0,0
1.4581007540000428,1779567203.298183,8163,66773,1,12582912,-14,0,0,0
1.4581007540000428,1779567203.298183,8163,66774,2,12582912,-12,0,0,0
1.4581007540000428,1779567203.298183,8163,66775,3,12582912,-3,0,0,0
1.4581007540000428,1779567203.298183,8163,66776,4,12582912,2,0,0,0
1.4581007540000428,1779567203.298183,8163,66777,5,12582912,0,0,0,0
1.4581007540000428,1779567203.298183,8163,66778,6,12582912,-2,0,0,0
1.4581007540000428,1779567203.298183,8163,66779,7,12582912,1,0,0,0
1.4799035559990443,1779567203.3199856,8164,66780,0,12582912,7,0,0,0
1.4799035559990443,1779567203.3199856,8164,66781,1,12582912,7,0,0,0
1.4799035559990443,1779567203.3199856,8164,66782,2,12582912,1,0,0,0
1.4799035559990443,1779567203.3199856,8164,66783,3,12582912,-2,0,0,0
1.4799035559990443,1779567203.3199856,8164,66784,4,12582912,3,0,0,0
1.4799035559990443,1779567203.3199856,8164,66785,5,12582912,11,0,0,0
1.4799035559990443,1779567203.3199856,8164,66786,6,12582912,10,0,0,0
1.4799035559990443,1779567203.3199856,8164,66787,7,12582912,1,0,0,0
1.5015463599993382,1779567203.3416283,8165,66788,0,12582912,-5,0,0,0
1.5015463599993382,1779567203.3416283,8165,66789,1,12582912,-1,0,0,0
1.5015463599993382,1779567203.3416283,8165,66790,2,12582912,8,0,0,0
1.5015463599993382,1779567203.3416283,8165,66791,3,12582912,9,0,0,0
1.5015463599993382,1779567203.3416283,8165,66792,4,12582912,1,0,0,0
1.5015463599993382,1779567203.3416283,8165,66793,5,12582912,-4,0,0,0
1.5015463599993382,1779567203.3416283,8165,66794,6,12582912,2,0,0,0
1.5015463599993382,1779567203.3416283,8165,66795,7,12582912,12,0,0,0
1.5368122439995204,1779567203.3768947,8166,66796,0,12582912,15,0,0,0
1.5368122439995204,1779567203.3768947,8166,66797,1,12582912,13,0,0,0
1.5368122439995204,1779567203.3768947,8166,66798,2,12582912,13,0,0,0
1.5368122439995204,1779567203.3768947,8166,66799,3,12582912,20,0,0,0
1.5368122439995204,1779567203.3768947,8166,66800,4,12582912,24,0,0,0
1.5368122439995204,1779567203.3768947,8166,66801,5,12582912,20,0,0,0
1.5368122439995204,1779567203.3768947,8166,66802,6,12582912,9,0,0,0
1.5368122439995204,1779567203.3768947,8166,66803,7,12582912,0,0,0,0
1.5740056509985152,1779567203.414088,8167,66804,0,12582912,-4,0,0,0
1.5740056509985152,1779567203.414088,8167,66805,1,12582912,-3,0,0,0
1.5740056509985152,1779567203.414088,8167,66806,2,12582912,-1,0,0,0
1.5740056509985152,1779567203.414088,8167,66807,3,12582912,0,0,0,0
1.5740056509985152,1779567203.414088,8167,66808,4,12582912,0,0,0,0
1.5740056509985152,1779567203.414088,8167,66809,5,12582912,1,0,0,0
1.5740056509985152,1779567203.414088,8167,66810,6,12582912,1,0,0,0
1.5740056509985152,1779567203.414088,8167,66811,7,12582912,-2,0,0,0
1.6015181589991698,1779567203.4415998,8168,66812,0,12582912,-9,0,0,0
1.6015181589991698,1779567203.4415998,8168,66813,1,12582912,-16,0,0,0
1.6015181589991698,1779567203.4415998,8168,66814,2,12582912,-20,0,0,0
1.6015181589991698,1779567203.4415998,8168,66815,3,12582912,-16,0,0,0
1.6015181589991698,1779567203.4415998,8168,66816,4,12582912,-4,0,0,0
1.6015181589991698,1779567203.4415998,8168,66817,5,12582912,4,0,0,0
1.6015181589991698,1779567203.4415998,8168,66818,6,12582912,2,0,0,0
1.6015181589991698,1779567203.4415998,8168,66819,7,12582912,-4,0,0,0
1.6471215459987434,1779567203.487203,8169,66820,0,12582912,-6,0,0,0
1.6471215459987434,1779567203.487203,8169,66821,1,12582912,-2,0,0,0
1.6471215459987434,1779567203.487203,8169,66822,2,12582912,7,0,0,0
1.6471215459987434,1779567203.487203,8169,66823,3,12582912,11,0,0,0
1.6471215459987434,1779567203.487203,8169,66824,4,12582912,9,0,0,0
1.6471215459987434,1779567203.487203,8169,66825,5,12582912,8,0,0,0
1.6471215459987434,1779567203.487203,8169,66826,6,12582912,12,0,0,0
1.6471215459987434,1779567203.487203,8169,66827,7,12582912,17,0,0,0
1.7124387029998616,1779567203.5525208,8170,66828,0,12582912,13,0,0,0
1.7124387029998616,1779567203.5525208,8170,66829,1,12582912,-1,0,0,0
1.7124387029998616,1779567203.5525208,8170,66830,2,12582912,-11,0,0,0
1.7124387029998616,1779567203.5525208,8170,66831,3,12582912,-4,0,0,0
1.7124387029998616,1779567203.5525208,8170,66832,4,12582912,12,0,0,0
1.7124387029998616,1779567203.5525208,8170,66833,5,12582912,21,0,0,0
1.7124387029998616,1779567203.5525208,8170,66834,6,12582912,14,0,0,0
1.7124387029998616,1779567203.5525208,8170,66835,7,12582912,1,0,0,0
1.712587033998716,1779567203.5526667,8171,66836,0,12582912,7,0,0,0
1.712587033998716,1779567203.5526667,8171,66837,1,12582912,22,0,0,0
1.712587033998716,1779567203.5526667,8171,66838,2,12582912,21,0,0,0
1.712587033998716,1779567203.5526667,8171,66839,3,12582912,1,0,0,0
1.712587033998716,1779567203.5526667,8171,66840,4,12582912,-12,0,0,0
1.712587033998716,1779567203.5526667,8171,66841,5,12582912,2,0,0,0
1.712587033998716,1779567203.5526667,8171,66842,6,12582912,25,0,0,0
1.712587033998716,1779567203.5526667,8171,66843,7,12582912,38,0,0,0
1.7339846340000804,1779567203.5740669,8172,66844,0,12582912,38,0,0,0
1.7339846340000804,1779567203.5740669,8172,66845,1,12582912,28,0,0,0
1.7339846340000804,1779567203.5740669,8172,66846,2,12582912,16,0,0,0
1.7339846340000804,1779567203.5740669,8172,66847,3,12582912,13,0,0,0
1.7339846340000804,1779567203.5740669,8172,66848,4,12582912,8,0,0,0
1.7339846340000804,1779567203.5740669,8172,66849,5,12582912,-7,0,0,0
1.7339846340000804,1779567203.5740669,8172,66850,6,12582912,-11,0,0,0
1.7339846340000804,1779567203.5740669,8172,66851,7,12582912,1,0,0,0
1.7554734819987061,1779567203.5955553,8173,66852,0,12582912,8,0,0,0
1.7554734819987061,1779567203.5955553,8173,66853,1,12582912,-5,0,0,0
1.7554734819987061,1779567203.5955553,8173,66854,2,12582912,-20,0,0,0
1.7554734819987061,1779567203.5955553,8173,66855,3,12582912,-23,0,0,0
1.7554734819987061,1779567203.5955553,8173,66856,4,12582912,-8,0,0,0
1.7554734819987061,1779567203.5955553,8173,66857,5,12582912,10,0,0,0
1.7554734819987061,1779567203.5955553,8173,66858,6,12582912,15,0,0,0
1.7554734819987061,1779567203.5955553,8173,66859,7,12582912,2,0,0,0
1.8166972620001616,1779567203.6567788,8174,66860,0,12582912,-10,0,0,0
1.8166972620001616,1779567203.6567788,8174,66861,1,12582912,3,0,0,0
1.8166972620001616,1779567203.6567788,8174,66862,2,12582912,28,0,0,0
1.8166972620001616,1779567203.6567788,8174,66863,3,12582912,46,0,0,0
1.8166972620001616,1779567203.6567788,8174,66864,4,12582912,51,0,0,0
1.8166972620001616,1779567203.6567788,8174,66865,5,12582912,55,0,0,0
1.8166972620001616,1779567203.6567788,8174,66866,6,12582912,62,0,0,0
1.8166972620001616,1779567203.6567788,8174,66867,7,12582912,60,0,0,0
1.8383337119994394,1779567203.678415,8175,66868,0,12582912,45,0,0,0
1.8383337119994394,1779567203.678415,8175,66869,1,12582912,40,0,0,0
1.8383337119994394,1779567203.678415,8175,66870,2,12582912,52,0,0,0
1.8383337119994394,1779567203.678415,8175,66871,3,12582912,64,0,0,0
1.8383337119994394,1779567203.678415,8175,66872,4,12582912,62,0,0,0
1.8383337119994394,1779567203.678415,8175,66873,5,12582912,60,0,0,0
1.8383337119994394,1779567203.678415,8175,66874,6,12582912,71,0,0,0
1.8383337119994394,1779567203.678415,8175,66875,7,12582912,84,0,0,0
1.8596829269990849,1779567203.699765,8176,66876,0,12582912,90,0,0,0
1.8596829269990849,1779567203.699765,8176,66877,1,12582912,92,0,0,0
1.8596829269990849,1779567203.699765,8176,66878,2,12582912,87,0,0,0
1.8596829269990849,1779567203.699765,8176,66879,3,12582912,73,0,0,0
1.8596829269990849,1779567203.699765,8176,66880,4,12582912,67,0,0,0
1.8596829269990849,1779567203.699765,8176,66881,5,12582912,74,0,0,0
1.8596829269990849,1779567203.699765,8176,66882,6,12582912,83,0,0,0
1.8596829269990849,1779567203.699765,8176,66883,7,12582912,85,0,0,0
1.902378595999835,1779567203.742461,8177,66884,0,12582912,81,0,0,0
1.902378595999835,1779567203.742461,8177,66885,1,12582912,72,0,0,0
1.902378595999835,1779567203.742461,8177,66886,2,12582912,63,0,0,0
1.902378595999835,1779567203.742461,8177,66887,3,12582912,64,0,0,0
1.902378595999835,1779567203.742461,8177,66888,4,12582912,70,0,0,0
1.902378595999835,1779567203.742461,8177,66889,5,12582912,74,0,0,0
1.902378595999835,1779567203.742461,8177,66890,6,12582912,86,0,0,0
1.902378595999835,1779567203.742461,8177,66891,7,12582912,99,0,0,0
1.9240164519997052,1779567203.764099,8178,66892,0,12582912,92,0,0,0
1.9240164519997052,1779567203.764099,8178,66893,1,12582912,79,0,0,0
1.9240164519997052,1779567203.764099,8178,66894,2,12582912,79,0,0,0
1.9240164519997052,1779567203.764099,8178,66895,3,12582912,84,0,0,0
1.9240164519997052,1779567203.764099,8178,66896,4,12582912,82,0,0,0
1.9240164519997052,1779567203.764099,8178,66897,5,12582912,74,0,0,0
1.9240164519997052,1779567203.764099,8178,66898,6,12582912,71,0,0,0
1.9240164519997052,1779567203.764099,8178,66899,7,12582912,78,0,0,0
1.9669122750001407,1779567203.8069944,8179,66900,0,12582912,95,0,0,0
1.9669122750001407,1779567203.8069944,8179,66901,1,12582912,118,0,0,0
1.9669122750001407,1779567203.8069944,8179,66902,2,12582912,134,0,0,0
1.9669122750001407,1779567203.8069944,8179,66903,3,12582912,139,0,0,0
1.9669122750001407,1779567203.8069944,8179,66904,4,12582912,136,0,0,0
1.9669122750001407,1779567203.8069944,8179,66905,5,12582912,135,0,0,0
1.9669122750001407,1779567203.8069944,8179,66906,6,12582912,149,0,0,0
1.9669122750001407,1779567203.8069944,8179,66907,7,12582912,170,0,0,0
2.0044825509994553,1779567203.8445647,8180,66908,0,12582912,186,0,0,0
2.0044825509994553,1779567203.8445647,8180,66909,1,12582912,196,0,0,0
2.0044825509994553,1779567203.8445647,8180,66910,2,12582912,204,0,0,0
2.0044825509994553,1779567203.8445647,8180,66911,3,12582912,219,0,0,0
2.0044825509994553,1779567203.8445647,8180,66912,4,12582912,266,0,0,0
2.0044825509994553,1779567203.8445647,8180,66913,5,12582912,395,0,0,0
2.0044825509994553,1779567203.8445647,8180,66914,6,12582912,612,0,0,0
2.0044825509994553,1779567203.8445647,8180,66915,7,12582912,845,0,0,0
2.0261198349999177,1779567203.866202,8181,66916,0,12582912,1032,0,0,0
2.0261198349999177,1779567203.866202,8181,66917,1,12582912,1151,0,0,0
2.0261198349999177,1779567203.866202,8181,66918,2,12582912,1205,0,0,0
2.0261198349999177,1779567203.866202,8181,66919,3,12582912,1228,0,0,0
2.0261198349999177,1779567203.866202,8181,66920,4,12582912,1247,0,0,0
2.0261198349999177,1779567203.866202,8181,66921,5,12582912,1262,0,0,0
2.0261198349999177,1779567203.866202,8181,66922,6,12582912,1274,0,0,0
2.0261198349999177,1779567203.866202,8181,66923,7,12582912,1298,0,0,0
2.0611077539997495,1779567203.90119,8182,66924,0,12582912,1293,0,0,0
2.0611077539997495,1779567203.90119,8182,66925,1,12582912,1239,0,0,0
2.0611077539997495,1779567203.90119,8182,66926,2,12582912,1205,0,0,0
2.0611077539997495,1779567203.90119,8182,66927,3,12582912,1222,0,0,0
2.0611077539997495,1779567203.90119,8182,66928,4,12582912,1214,0,0,0
2.0611077539997495,1779567203.90119,8182,66929,5,12582912,1098,0,0,0
2.0611077539997495,1779567203.90119,8182,66930,6,12582912,970,0,0,0
2.0611077539997495,1779567203.90119,8182,66931,7,12582912,983,0,0,0
2.0828036819984845,1779567203.922886,8183,66932,0,12582912,1062,0,0,0
2.0828036819984845,1779567203.922886,8183,66933,1,12582912,1103,0,0,0
2.0828036819984845,1779567203.922886,8183,66934,2,12582912,1103,0,0,0
2.0828036819984845,1779567203.922886,8183,66935,3,12582912,1094,0,0,0
2.0828036819984845,1779567203.922886,8183,66936,4,12582912,1056,0,0,0
2.0828036819984845,1779567203.922886,8183,66937,5,12582912,979,0,0,0
2.0828036819984845,1779567203.922886,8183,66938,6,12582912,998,0,0,0
2.0828036819984845,1779567203.922886,8183,66939,7,12582912,1081,0,0,0
2.1101291099985247,1779567203.9502115,8184,66940,0,12582912,1079,0,0,0
2.1101291099985247,1779567203.9502115,8184,66941,1,12582912,1022,0,0,0
2.1101291099985247,1779567203.9502115,8184,66942,2,12582912,975,0,0,0
2.1101291099985247,1779567203.9502115,8184,66943,3,12582912,945,0,0,0
2.1101291099985247,1779567203.9502115,8184,66944,4,12582912,933,0,0,0
2.1101291099985247,1779567203.9502115,8184,66945,5,12582912,971,0,0,0
2.1101291099985247,1779567203.9502115,8184,66946,6,12582912,1012,0,0,0
2.1101291099985247,1779567203.9502115,8184,66947,7,12582912,977,0,0,0
2.153226544000063,1779567203.9933088,8185,66948,0,12582912,914,0,0,0
2.153226544000063,1779567203.9933088,8185,66949,1,12582912,876,0,0,0
2.153226544000063,1779567203.9933088,8185,66950,2,12582912,860,0,0,0
2.153226544000063,1779567203.9933088,8185,66951,3,12582912,887,0,0,0
2.153226544000063,1779567203.9933088,8185,66952,4,12582912,911,0,0,0
2.153226544000063,1779567203.9933088,8185,66953,5,12582912,842,0,0,0
2.153226544000063,1779567203.9933088,8185,66954,6,12582912,733,0,0,0
2.153226544000063,1779567203.9933088,8185,66955,7,12582912,707,0,0,0
2.191112128999521,1779567204.0311944,8186,66956,0,12582912,720,0,0,0
2.191112128999521,1779567204.0311944,8186,66957,1,12582912,699,0,0,0
2.191112128999521,1779567204.0311944,8186,66958,2,12582912,655,0,0,0
2.191112128999521,1779567204.0311944,8186,66959,3,12582912,602,0,0,0
2.191112128999521,1779567204.0311944,8186,66960,4,12582912,536,0,0,0
2.191112128999521,1779567204.0311944,8186,66961,5,12582912,442,0,0,0
2.191112128999521,1779567204.0311944,8186,66962,6,12582912,327,0,0,0
2.191112128999521,1779567204.0311944,8186,66963,7,12582912,253,0,0,0
2.2681988530002855,1779567204.1082814,8187,66964,0,12582912,277,0,0,0
2.2681988530002855,1779567204.1082814,8187,66965,1,12582912,307,0,0,0
2.2681988530002855,1779567204.1082814,8187,66966,2,12582912,255,0,0,0
2.2681988530002855,1779567204.1082814,8187,66967,3,12582912,166,0,0,0
2.2681988530002855,1779567204.1082814,8187,66968,4,12582912,139,0,0,0
2.2681988530002855,1779567204.1082814,8187,66969,5,12582912,202,0,0,0
2.2681988530002855,1779567204.1082814,8187,66970,6,12582912,217,0,0,0
2.2681988530002855,1779567204.1082814,8187,66971,7,12582912,112,0,0,0
2.268515462999858,1779567204.1085963,8188,66972,0,12582912,27,0,0,0
2.268515462999858,1779567204.1085963,8188,66973,1,12582912,53,0,0,0
2.268515462999858,1779567204.1085963,8188,66974,2,12582912,69,0,0,0
2.268515462999858,1779567204.1085963,8188,66975,3,12582912,46,0,0,0
2.268515462999858,1779567204.1085963,8188,66976,4,12582912,93,0,0,0
2.268515462999858,1779567204.1085963,8188,66977,5,12582912,124,0,0,0
2.268515462999858,1779567204.1085963,8188,66978,6,12582912,47,0,0,0
2.268515462999858,1779567204.1085963,8188,66979,7,12582912,-51,0,0,0
2.268803011000273,1779567204.1088836,8189,66980,0,12582912,-102,0,0,0
2.268803011000273,1779567204.1088836,8189,66981,1,12582912,-74,0,0,0
2.268803011000273,1779567204.1088836,8189,66982,2,12582912,-13,0,0,0
2.268803011000273,1779567204.1088836,8189,66983,3,12582912,2,0,0,0
2.268803011000273,1779567204.1088836,8189,66984,4,12582912,-7,0,0,0
2.268803011000273,1779567204.1088836,8189,66985,5,12582912,-35,0,0,0
2.268803011000273,1779567204.1088836,8189,66986,6,12582912,-64,0,0,0
2.268803011000273,1779567204.1088836,8189,66987,7,12582912,-31,0,0,0
2.3001489010002842,1779567204.1402302,8190,66988,0,12582912,7,0,0,0
2.3001489010002842,1779567204.1402302,8190,66989,1,12582912,-24,0,0,0
2.3001489010002842,1779567204.1402302,8190,66990,2,12582912,-85,0,0,0
2.3001489010002842,1779567204.1402302,8190,66991,3,12582912,-118,0,0,0
2.3001489010002842,1779567204.1402302,8190,66992,4,12582912,-85,0,0,0
2.3001489010002842,1779567204.1402302,8190,66993,5,12582912,-30,0,0,0
2.3001489010002842,1779567204.1402302,8190,66994,6,12582912,-46,0,0,0
2.3001489010002842,1779567204.1402302,8190,66995,7,12582912,-66,0,0,0
2.342292703999192,1779567204.1823745,8191,66996,0,12582912,-27,0,0,0
2.342292703999192,1779567204.1823745,8191,66997,1,12582912,-31,0,0,0
2.342292703999192,1779567204.1823745,8191,66998,2,12582912,-75,0,0,0
2.342292703999192,1779567204.1823745,8191,66999,3,12582912,-82,0,0,0
2.342292703999192,1779567204.1823745,8191,67000,4,12582912,-65,0,0,0
2.342292703999192,1779567204.1823745,8191,67001,5,12582912,-39,0,0,0
2.342292703999192,1779567204.1823745,8191,67002,6,12582912,-17,0,0,0
2.342292703999192,1779567204.1823745,8191,67003,7,12582912,-45,0,0,0
2.3850323839997145,1779567204.2251146,8192,67004,0,12582912,-91,0,0,0
2.3850323839997145,1779567204.2251146,8192,67005,1,12582912,-91,0,0,0
2.3850323839997145,1779567204.2251146,8192,67006,2,12582912,-69,0,0,0
2.3850323839997145,1779567204.2251146,8192,67007,3,12582912,-79,0,0,0
2.3850323839997145,1779567204.2251146,8192,67008,4,12582912,-117,0,0,0
2.3850323839997145,1779567204.2251146,8192,67009,5,12582912,-132,0,0,0
2.3850323839997145,1779567204.2251146,8192,67010,6,12582912,-131,0,0,0
2.3850323839997145,1779567204.2251146,8192,67011,7,12582912,-142,0,0,0
2.4068238330000895,1779567204.2469065,8193,67012,0,12582912,-125,0,0,0
2.4068238330000895,1779567204.2469065,8193,67013,1,12582912,-74,0,0,0
2.4068238330000895,1779567204.2469065,8193,67014,2,12582912,-67,0,0,0
2.4068238330000895,1779567204.2469065,8193,67015,3,12582912,-139,0,0,0
2.4068238330000895,1779567204.2469065,8193,67016,4,12582912,-201,0,0,0
2.4068238330000895,1779567204.2469065,8193,67017,5,12582912,-175,0,0,0
2.4068238330000895,1779567204.2469065,8193,67018,6,12582912,-123,0,0,0
2.4068238330000895,1779567204.2469065,8193,67019,7,12582912,-121,0,0,0
2.4405046359988773,1779567204.280587,8194,67020,0,12582912,-155,0,0,0
2.4405046359988773,1779567204.280587,8194,67021,1,12582912,-170,0,0,0
2.4405046359988773,1779567204.280587,8194,67022,2,12582912,-145,0,0,0
2.4405046359988773,1779567204.280587,8194,67023,3,12582912,-124,0,0,0
2.4405046359988773,1779567204.280587,8194,67024,4,12582912,-151,0,0,0
2.4405046359988773,1779567204.280587,8194,67025,5,12582912,-191,0,0,0
2.4405046359988773,1779567204.280587,8194,67026,6,12582912,-188,0,0,0
2.4405046359988773,1779567204.280587,8194,67027,7,12582912,-136,0,0,0
2.4833098879989848,1779567204.323392,8195,67028,0,12582912,-91,0,0,0
2.4833098879989848,1779567204.323392,8195,67029,1,12582912,-127,0,0,0
2.4833098879989848,1779567204.323392,8195,67030,2,12582912,-199,0,0,0
2.4833098879989848,1779567204.323392,8195,67031,3,12582912,-192,0,0,0
2.4833098879989848,1779567204.323392,8195,67032,4,12582912,-134,0,0,0
2.4833098879989848,1779567204.323392,8195,67033,5,12582912,-116,0,0,0
2.4833098879989848,1779567204.323392,8195,67034,6,12582912,-139,0,0,0
2.4833098879989848,1779567204.323392,8195,67035,7,12582912,-150,0,0,0
2.5049690989999363,1779567204.3450513,8196,67036,0,12582912,-146,0,0,0
2.5049690989999363,1779567204.3450513,8196,67037,1,12582912,-162,0,0,0
2.5049690989999363,1779567204.3450513,8196,67038,2,12582912,-173,0,0,0
2.5049690989999363,1779567204.3450513,8196,67039,3,12582912,-181,0,0,0
2.5049690989999363,1779567204.3450513,8196,67040,4,12582912,-207,0,0,0
2.5049690989999363,1779567204.3450513,8196,67041,5,12582912,-213,0,0,0
2.5049690989999363,1779567204.3450513,8196,67042,6,12582912,-205,0,0,0
2.5049690989999363,1779567204.3450513,8196,67043,7,12582912,-211,0,0,0
2.5477807569986908,1779567204.3878634,8197,67044,0,12582912,-213,0,0,0
2.5477807569986908,1779567204.3878634,8197,67045,1,12582912,-210,0,0,0
2.5477807569986908,1779567204.3878634,8197,67046,2,12582912,-238,0,0,0
2.5477807569986908,1779567204.3878634,8197,67047,3,12582912,-249,0,0,0
2.5477807569986908,1779567204.3878634,8197,67048,4,12582912,-201,0,0,0
2.5477807569986908,1779567204.3878634,8197,67049,5,12582912,-176,0,0,0
2.5477807569986908,1779567204.3878634,8197,67050,6,12582912,-198,0,0,0
2.5477807569986908,1779567204.3878634,8197,67051,7,12582912,-218,0,0,0
2.632393150999633,1779567204.4724753,8198,67052,0,12582912,-227,0,0,0
2.632393150999633,1779567204.4724753,8198,67053,1,12582912,-235,0,0,0
2.632393150999633,1779567204.4724753,8198,67054,2,12582912,-240,0,0,0
2.632393150999633,1779567204.4724753,8198,67055,3,12582912,-238,0,0,0
2.632393150999633,1779567204.4724753,8198,67056,4,12582912,-237,0,0,0
2.632393150999633,1779567204.4724753,8198,67057,5,12582912,-248,0,0,0
2.632393150999633,1779567204.4724753,8198,67058,6,12582912,-256,0,0,0
2.632393150999633,1779567204.4724753,8198,67059,7,12582912,-249,0,0,0
2.640761463999297,1779567204.4808445,8199,67060,0,12582912,-232,0,0,0
2.640761463999297,1779567204.4808445,8199,67061,1,12582912,-221,0,0,0
2.640761463999297,1779567204.4808445,8199,67062,2,12582912,-233,0,0,0
2.640761463999297,1779567204.4808445,8199,67063,3,12582912,-265,0,0,0
2.640761463999297,1779567204.4808445,8199,67064,4,12582912,-280,0,0,0
2.640761463999297,1779567204.4808445,8199,67065,5,12582912,-242,0,0,0
2.640761463999297,1779567204.4808445,8199,67066,6,12582912,-185,0,0,0
2.640761463999297,1779567204.4808445,8199,67067,7,12582912,-181,0,0,0
2.6410845319987857,1779567204.4811654,8200,67068,0,12582912,-221,0,0,0
2.6410845319987857,1779567204.4811654,8200,67069,1,12582912,-237,0,0,0
2.6410845319987857,1779567204.4811654,8200,67070,2,12582912,-220,0,0,0
2.6410845319987857,1779567204.4811654,8200,67071,3,12582912,-224,0,0,0
2.6410845319987857,1779567204.4811654,8200,67072,4,12582912,-241,0,0,0
2.6410845319987857,1779567204.4811654,8200,67073,5,12582912,-207,0,0,0
2.6410845319987857,1779567204.4811654,8200,67074,6,12582912,-152,0,0,0
2.6410845319987857,1779567204.4811654,8200,67075,7,12582912,-143,0,0,0
2.677730604998942,1779567204.517813,8201,67076,0,12582912,-178,0,0,0
2.677730604998942,1779567204.517813,8201,67077,1,12582912,-194,0,0,0
2.677730604998942,1779567204.517813,8201,67078,2,12582912,-175,0,0,0
2.677730604998942,1779567204.517813,8201,67079,3,12582912,-176,0,0,0
2.677730604998942,1779567204.517813,8201,67080,4,12582912,-210,0,0,0
2.677730604998942,1779567204.517813,8201,67081,5,12582912,-226,0,0,0
2.677730604998942,1779567204.517813,8201,67082,6,12582912,-218,0,0,0
2.677730604998942,1779567204.517813,8201,67083,7,12582912,-201,0,0,0
2.753979683999205,1779567204.594062,8202,67084,0,12582912,-167,0,0,0
2.753979683999205,1779567204.594062,8202,67085,1,12582912,-150,0,0,0
2.753979683999205,1779567204.594062,8202,67086,2,12582912,-171,0,0,0
2.753979683999205,1779567204.594062,8202,67087,3,12582912,-187,0,0,0
2.753979683999205,1779567204.594062,8202,67088,4,12582912,-184,0,0,0
2.753979683999205,1779567204.594062,8202,67089,5,12582912,-188,0,0,0
2.753979683999205,1779567204.594062,8202,67090,6,12582912,-195,0,0,0
2.753979683999205,1779567204.594062,8202,67091,7,12582912,-196,0,0,0
2.754434312999365,1779567204.5945156,8203,67092,0,12582912,-182,0,0,0
2.754434312999365,1779567204.5945156,8203,67093,1,12582912,-150,0,0,0
2.754434312999365,1779567204.5945156,8203,67094,2,12582912,-127,0,0,0
2.754434312999365,1779567204.5945156,8203,67095,3,12582912,-125,0,0,0
2.754434312999365,1779567204.5945156,8203,67096,4,12582912,-148,0,0,0
2.754434312999365,1779567204.5945156,8203,67097,5,12582912,-191,0,0,0
2.754434312999365,1779567204.5945156,8203,67098,6,12582912,-206,0,0,0
2.754434312999365,1779567204.5945156,8203,67099,7,12582912,-185,0,0,0
2.776092689999132,1779567204.6161747,8204,67100,0,12582912,-162,0,0,0
2.776092689999132,1779567204.6161747,8204,67101,1,12582912,-143,0,0,0
2.776092689999132,1779567204.6161747,8204,67102,2,12582912,-134,0,0,0
2.776092689999132,1779567204.6161747,8204,67103,3,12582912,-140,0,0,0
2.776092689999132,1779567204.6161747,8204,67104,4,12582912,-155,0,0,0
2.776092689999132,1779567204.6161747,8204,67105,5,12582912,-167,0,0,0
2.776092689999132,1779567204.6161747,8204,67106,6,12582912,-156,0,0,0
2.776092689999132,1779567204.6161747,8204,67107,7,12582912,-129,0,0,0
2.797753359000126,1779567204.6378357,8205,67108,0,12582912,-125,0,0,0
2.797753359000126,1779567204.6378357,8205,67109,1,12582912,-138,0,0,0
2.797753359000126,1779567204.6378357,8205,67110,2,12582912,-143,0,0,0
2.797753359000126,1779567204.6378357,8205,67111,3,12582912,-151,0,0,0
2.797753359000126,1779567204.6378357,8205,67112,4,12582912,-185,0,0,0
2.797753359000126,1779567204.6378357,8205,67113,5,12582912,-210,0,0,0
2.797753359000126,1779567204.6378357,8205,67114,6,12582912,-178,0,0,0
2.797753359000126,1779567204.6378357,8205,67115,7,12582912,-122,0,0,0
2.832890495999891,1779567204.672973,8206,67116,0,12582912,-92,0,0,0
2.832890495999891,1779567204.672973,8206,67117,1,12582912,-93,0,0,0
2.832890495999891,1779567204.672973,8206,67118,2,12582912,-116,0,0,0
2.832890495999891,1779567204.672973,8206,67119,3,12582912,-143,0,0,0
2.832890495999891,1779567204.672973,8206,67120,4,12582912,-171,0,0,0
2.832890495999891,1779567204.672973,8206,67121,5,12582912,-188,0,0,0
2.832890495999891,1779567204.672973,8206,67122,6,12582912,-157,0,0,0
2.832890495999891,1779567204.672973,8206,67123,7,12582912,-112,0,0,0
2.854551268999785,1779567204.6946332,8207,67124,0,12582912,-117,0,0,0
2.854551268999785,1779567204.6946332,8207,67125,1,12582912,-152,0,0,0
2.854551268999785,1779567204.6946332,8207,67126,2,12582912,-157,0,0,0
2.854551268999785,1779567204.6946332,8207,67127,3,12582912,-122,0,0,0
2.854551268999785,1779567204.6946332,8207,67128,4,12582912,-99,0,0,0
2.854551268999785,1779567204.6946332,8207,67129,5,12582912,-111,0,0,0
2.854551268999785,1779567204.6946332,8207,67130,6,12582912,-126,0,0,0
2.854551268999785,1779567204.6946332,8207,67131,7,12582912,-122,0,0,0
2.891637021999486,1779567204.7317193,8208,67132,0,12582912,-125,0,0,0
2.891637021999486,1779567204.7317193,8208,67133,1,12582912,-133,0,0,0
2.891637021999486,1779567204.7317193,8208,67134,2,12582912,-134,0,0,0
2.891637021999486,1779567204.7317193,8208,67135,3,12582912,-142,0,0,0
2.891637021999486,1779567204.7317193,8208,67136,4,12582912,-137,0,0,0
2.891637021999486,1779567204.7317193,8208,67137,5,12582912,-111,0,0,0
2.891637021999486,1779567204.7317193,8208,67138,6,12582912,-103,0,0,0
2.891637021999486,1779567204.7317193,8208,67139,7,12582912,-123,0,0,0
2.934447065999848,1779567204.7745292,8209,67140,0,12582912,-129,0,0,0
2.934447065999848,1779567204.7745292,8209,67141,1,12582912,-116,0,0,0
2.934447065999848,1779567204.7745292,8209,67142,2,12582912,-115,0,0,0
2.934447065999848,1779567204.7745292,8209,67143,3,12582912,-137,0,0,0
2.934447065999848,1779567204.7745292,8209,67144,4,12582912,-153,0,0,0
2.934447065999848,1779567204.7745292,8209,67145,5,12582912,-142,0,0,0
2.934447065999848,1779567204.7745292,8209,67146,6,12582912,-130,0,0,0
2.934447065999848,1779567204.7745292,8209,67147,7,12582912,-127,0,0,0
2.9561590359990078,1779567204.796241,8210,67148,0,12582912,-109,0,0,0
2.9561590359990078,1779567204.796241,8210,67149,1,12582912,-76,0,0,0
2.9561590359990078,1779567204.796241,8210,67150,2,12582912,-69,0,0,0
2.9561590359990078,1779567204.796241,8210,67151,3,12582912,-88,0,0,0
2.9561590359990078,1779567204.796241,8210,67152,4,12582912,-109,0,0,0
2.9561590359990078,1779567204.796241,8210,67153,5,12582912,-122,0,0,0
2.9561590359990078,1779567204.796241,8210,67154,6,12582912,-119,0,0,0
2.9561590359990078,1779567204.796241,8210,67155,7,12582912,-106,0,0,0
3.0095473599994875,1779567204.8496294,8211,67156,0,12582912,-98,0,0,0
3.0095473599994875,1779567204.8496294,8211,67157,1,12582912,-99,0,0,0
3.0095473599994875,1779567204.8496294,8211,67158,2,12582912,-94,0,0,0
3.0095473599994875,1779567204.8496294,8211,67159,3,12582912,-79,0,0,0
3.0095473599994875,1779567204.8496294,8211,67160,4,12582912,-73,0,0,0
3.0095473599994875,1779567204.8496294,8211,67161,5,12582912,-87,0,0,0
3.0095473599994875,1779567204.8496294,8211,67162,6,12582912,-99,0,0,0
3.0095473599994875,1779567204.8496294,8211,67163,7,12582912,-105,0,0,0
3.031962757999281,1779567204.872044,8212,67164,0,12582912,-108,0,0,0
3.031962757999281,1779567204.872044,8212,67165,1,12582912,-96,0,0,0
3.031962757999281,1779567204.872044,8212,67166,2,12582912,-89,0,0,0
3.031962757999281,1779567204.872044,8212,67167,3,12582912,-92,0,0,0
3.031962757999281,1779567204.872044,8212,67168,4,12582912,-83,0,0,0
3.031962757999281,1779567204.872044,8212,67169,5,12582912,-72,0,0,0
3.031962757999281,1779567204.872044,8212,67170,6,12582912,-77,0,0,0
3.031962757999281,1779567204.872044,8212,67171,7,12582912,-96,0,0,0
3.0534560849991976,1779567204.8935385,8213,67172,0,12582912,-115,0,0,0
3.0534560849991976,1779567204.8935385,8213,67173,1,12582912,-124,0,0,0
3.0534560849991976,1779567204.8935385,8213,67174,2,12582912,-124,0,0,0
3.0534560849991976,1779567204.8935385,8213,67175,3,12582912,-107,0,0,0
3.0534560849991976,1779567204.8935385,8213,67176,4,12582912,-84,0,0,0
3.0534560849991976,1779567204.8935385,8213,67177,5,12582912,-67,0,0,0
3.0534560849991976,1779567204.8935385,8213,67178,6,12582912,-57,0,0,0
3.0534560849991976,1779567204.8935385,8213,67179,7,12582912,-57,0,0,0
3.105024593000053,1779567204.945107,8214,67180,0,12582912,-63,0,0,0
3.105024593000053,1779567204.945107,8214,67181,1,12582912,-71,0,0,0
3.105024593000053,1779567204.945107,8214,67182,2,12582912,-78,0,0,0
3.105024593000053,1779567204.945107,8214,67183,3,12582912,-79,0,0,0
3.105024593000053,1779567204.945107,8214,67184,4,12582912,-81,0,0,0
3.105024593000053,1779567204.945107,8214,67185,5,12582912,-83,0,0,0
3.105024593000053,1779567204.945107,8214,67186,6,12582912,-80,0,0,0
3.105024593000053,1779567204.945107,8214,67187,7,12582912,-74,0,0,0
3.1307849929999065,1779567204.9708674,8215,67188,0,12582912,-72,0,0,0
3.1307849929999065,1779567204.9708674,8215,67189,1,12582912,-88,0,0,0
3.1307849929999065,1779567204.9708674,8215,67190,2,12582912,-110,0,0,0
3.1307849929999065,1779567204.9708674,8215,67191,3,12582912,-108,0,0,0
3.1307849929999065,1779567204.9708674,8215,67192,4,12582912,-80,0,0,0
3.1307849929999065,1779567204.9708674,8215,67193,5,12582912,-56,0,0,0
3.1307849929999065,1779567204.9708674,8215,67194,6,12582912,-53,0,0,0
3.1307849929999065,1779567204.9708674,8215,67195,7,12582912,-59,0,0,0
3.15239925700007,1779567204.992482,8216,67196,0,12582912,-65,0,0,0
3.15239925700007,1779567204.992482,8216,67197,1,12582912,-77,0,0,0
3.15239925700007,1779567204.992482,8216,67198,2,12582912,-81,0,0,0
3.15239925700007,1779567204.992482,8216,67199,3,12582912,-70,0,0,0
3.15239925700007,1779567204.992482,8216,67200,4,12582912,-57,0,0,0
3.15239925700007,1779567204.992482,8216,67201,5,12582912,-52,0,0,0
3.15239925700007,1779567204.992482,8216,67202,6,12582912,-54,0,0,0
3.15239925700007,1779567204.992482,8216,67203,7,12582912,-56,0,0,0
3.179493386998729,1779567205.0195758,8217,67204,0,12582912,-52,0,0,0
3.179493386998729,1779567205.0195758,8217,67205,1,12582912,-51,0,0,0
3.179493386998729,1779567205.0195758,8217,67206,2,12582912,-60,0,0,0
3.179493386998729,1779567205.0195758,8217,67207,3,12582912,-70,0,0,0
3.179493386998729,1779567205.0195758,8217,67208,4,12582912,-73,0,0,0
3.179493386998729,1779567205.0195758,8217,67209,5,12582912,-66,0,0,0
3.179493386998729,1779567205.0195758,8217,67210,6,12582912,-50,0,0,0
3.179493386998729,1779567205.0195758,8217,67211,7,12582912,-40,0,0,0
3.2223256189990934,1779567205.062408,8218,67212,0,12582912,-47,0,0,0
3.2223256189990934,1779567205.062408,8218,67213,1,12582912,-61,0,0,0
3.2223256189990934,1779567205.062408,8218,67214,2,12582912,-69,0,0,0
3.2223256189990934,1779567205.062408,8218,67215,3,12582912,-71,0,0,0
3.2223256189990934,1779567205.062408,8218,67216,4,12582912,-66,0,0,0
3.2223256189990934,1779567205.062408,8218,67217,5,12582912,-56,0,0,0
3.2223256189990934,1779567205.062408,8218,67218,6,12582912,-54,0,0,0
3.2223256189990934,1779567205.062408,8218,67219,7,12582912,-60,0,0,0
3.244131233999724,1779567205.0842133,8219,67220,0,12582912,-58,0,0,0
3.244131233999724,1779567205.0842133,8219,67221,1,12582912,-57,0,0,0
3.244131233999724,1779567205.0842133,8219,67222,2,12582912,-75,0,0,0
3.244131233999724,1779567205.0842133,8219,67223,3,12582912,-85,0,0,0
3.244131233999724,1779567205.0842133,8219,67224,4,12582912,-64,0,0,0
3.244131233999724,1779567205.0842133,8219,67225,5,12582912,-43,0,0,0
3.244131233999724,1779567205.0842133,8219,67226,6,12582912,-42,0,0,0
3.244131233999724,1779567205.0842133,8219,67227,7,12582912,-50,0,0,0
3.26617116899979,1779567205.1062534,8220,67228,0,12582912,-51,0,0,0
3.26617116899979,1779567205.1062534,8220,67229,1,12582912,-48,0,0,0
3.26617116899979,1779567205.1062534,8220,67230,2,12582912,-51,0,0,0
3.26617116899979,1779567205.1062534,8220,67231,3,12582912,-50,0,0,0
3.26617116899979,1779567205.1062534,8220,67232,4,12582912,-41,0,0,0
3.26617116899979,1779567205.1062534,8220,67233,5,12582912,-37,0,0,0
3.26617116899979,1779567205.1062534,8220,67234,6,12582912,-39,0,0,0
3.26617116899979,1779567205.1062534,8220,67235,7,12582912,-47,0,0,0
3.3252480039991497,1779567205.1653304,8221,67236,0,12582912,-59,0,0,0
3.3252480039991497,1779567205.1653304,8221,67237,1,12582912,-57,0,0,0
3.3252480039991497,1779567205.1653304,8221,67238,2,12582912,-45,0,0,0
3.3252480039991497,1779567205.1653304,8221,67239,3,12582912,-44,0,0,0
3.3252480039991497,1779567205.1653304,8221,67240,4,12582912,-33,0,0,0
3.3252480039991497,1779567205.1653304,8221,67241,5,12582912,-23,0,0,0
3.3252480039991497,1779567205.1653304,8221,67242,6,12582912,-42,0,0,0
3.3252480039991497,1779567205.1653304,8221,67243,7,12582912,-55,0,0,0
3.361913556000218,1779567205.201996,8222,67244,0,12582912,-41,0,0,0
3.361913556000218,1779567205.201996,8222,67245,1,12582912,-30,0,0,0
3.361913556000218,1779567205.201996,8222,67246,2,12582912,-35,0,0,0
3.361913556000218,1779567205.201996,8222,67247,3,12582912,-40,0,0,0
3.361913556000218,1779567205.201996,8222,67248,4,12582912,-44,0,0,0
3.361913556000218,1779567205.201996,8222,67249,5,12582912,-48,0,0,0
3.361913556000218,1779567205.201996,8222,67250,6,12582912,-46,0,0,0
3.361913556000218,1779567205.201996,8222,67251,7,12582912,-40,0,0,0
3.3622805819995847,1779567205.2023618,8223,67252,0,12582912,-39,0,0,0
3.3622805819995847,1779567205.2023618,8223,67253,1,12582912,-38,0,0,0
3.3622805819995847,1779567205.2023618,8223,67254,2,12582912,-39,0,0,0
3.3622805819995847,1779567205.2023618,8223,67255,3,12582912,-45,0,0,0
3.3622805819995847,1779567205.2023618,8223,67256,4,12582912,-53,0,0,0
3.3622805819995847,1779567205.2023618,8223,67257,5,12582912,-63,0,0,0
3.3622805819995847,1779567205.2023618,8223,67258,6,12582912,-86,0,0,0
3.3622805819995847,1779567205.2023618,8223,67259,7,12582912,-88,0,0,0
3.4063653989996965,1779567205.2464478,8224,67260,0,12582912,-46,0,0,0
3.4063653989996965,1779567205.2464478,8224,67261,1,12582912,-10,0,0,0
3.4063653989996965,1779567205.2464478,8224,67262,2,12582912,-2,0,0,0
3.4063653989996965,1779567205.2464478,8224,67263,3,12582912,-4,0,0,0
3.4063653989996965,1779567205.2464478,8224,67264,4,12582912,-15,0,0,0
3.4063653989996965,1779567205.2464478,8224,67265,5,12582912,-30,0,0,0
3.4063653989996965,1779567205.2464478,8224,67266,6,12582912,-36,0,0,0
3.4063653989996965,1779567205.2464478,8224,67267,7,12582912,-32,0,0,0
3.4392487149998487,1779567205.2793314,8225,67268,0,12582912,-27,0,0,0
3.4392487149998487,1779567205.2793314,8225,67269,1,12582912,-27,0,0,0
3.4392487149998487,1779567205.2793314,8225,67270,2,12582912,-24,0,0,0
3.4392487149998487,1779567205.2793314,8225,67271,3,12582912,-16,0,0,0
3.4392487149998487,1779567205.2793314,8225,67272,4,12582912,-12,0,0,0
3.4392487149998487,1779567205.2793314,8225,67273,5,12582912,-8,0,0,0
3.4392487149998487,1779567205.2793314,8225,67274,6,12582912,2,0,0,0
3.4392487149998487,1779567205.2793314,8225,67275,7,12582912,1,0,0,0
3.4608880830001,1779567205.3009703,8226,67276,0,12582912,-9,0,0,0
3.4608880830001,1779567205.3009703,8226,67277,1,12582912,-15,0,0,0
3.4608880830001,1779567205.3009703,8226,67278,2,12582912,-12,0,0,0
3.4608880830001,1779567205.3009703,8226,67279,3,12582912,-7,0,0,0
3.4608880830001,1779567205.3009703,8226,67280,4,12582912,-13,0,0,0
3.4608880830001,1779567205.3009703,8226,67281,5,12582912,-27,0,0,0
3.4608880830001,1779567205.3009703,8226,67282,6,12582912,-33,0,0,0
3.4608880830001,1779567205.3009703,8226,67283,7,12582912,-22,0,0,0
3.503719636999449,1779567205.3438017,8227,67284,0,12582912,-6,0,0,0
3.503719636999449,1779567205.3438017,8227,67285,1,12582912,-2,0,0,0
3.503719636999449,1779567205.3438017,8227,67286,2,12582912,-6,0,0,0
3.503719636999449,1779567205.3438017,8227,67287,3,12582912,-8,0,0,0
3.503719636999449,1779567205.3438017,8227,67288,4,12582912,-9,0,0,0
3.503719636999449,1779567205.3438017,8227,67289,5,12582912,-12,0,0,0
3.503719636999449,1779567205.3438017,8227,67290,6,12582912,-17,0,0,0
3.503719636999449,1779567205.3438017,8227,67291,7,12582912,-20,0,0,0
3.540381023000009,1779567205.3804631,8228,67292,0,12582912,-19,0,0,0
3.540381023000009,1779567205.3804631,8228,67293,1,12582912,-16,0,0,0
3.540381023000009,1779567205.3804631,8228,67294,2,12582912,-14,0,0,0
3.540381023000009,1779567205.3804631,8228,67295,3,12582912,-18,0,0,0
3.540381023000009,1779567205.3804631,8228,67296,4,12582912,-25,0,0,0
3.540381023000009,1779567205.3804631,8228,67297,5,12582912,-25,0,0,0
3.540381023000009,1779567205.3804631,8228,67298,6,12582912,-21,0,0,0
3.540381023000009,1779567205.3804631,8228,67299,7,12582912,-19,0,0,0
3.56206523399851,1779567205.4021478,8229,67300,0,12582912,-21,0,0,0
3.56206523399851,1779567205.4021478,8229,67301,1,12582912,-21,0,0,0
3.56206523399851,1779567205.4021478,8229,67302,2,12582912,-21,0,0,0
3.56206523399851,1779567205.4021478,8229,67303,3,12582912,-26,0,0,0
3.56206523399851,1779567205.4021478,8229,67304,4,12582912,-31,0,0,0
3.56206523399851,1779567205.4021478,8229,67305,5,12582912,-33,0,0,0
3.56206523399851,1779567205.4021478,8229,67306,6,12582912,-31,0,0,0
3.56206523399851,1779567205.4021478,8229,67307,7,12582912,-30,0,0,0
3.597653561999323,1779567205.437736,8230,67308,0,12582912,-29,0,0,0
3.597653561999323,1779567205.437736,8230,67309,1,12582912,-27,0,0,0
3.597653561999323,1779567205.437736,8230,67310,2,12582912,-27,0,0,0
3.597653561999323,1779567205.437736,8230,67311,3,12582912,-28,0,0,0
3.597653561999323,1779567205.437736,8230,67312,4,12582912,-28,0,0,0
3.597653561999323,1779567205.437736,8230,67313,5,12582912,-28,0,0,0
3.597653561999323,1779567205.437736,8230,67314,6,12582912,-31,0,0,0
3.597653561999323,1779567205.437736,8230,67315,7,12582912,-37,0,0,0
3.61950740499924,1779567205.45959,8231,67316,0,12582912,-43,0,0,0
3.61950740499924,1779567205.45959,8231,67317,1,12582912,-46,0,0,0
3.61950740499924,1779567205.45959,8231,67318,2,12582912,-46,0,0,0
3.61950740499924,1779567205.45959,8231,67319,3,12582912,-45,0,0,0
3.61950740499924,1779567205.45959,8231,67320,4,12582912,-47,0,0,0
3.61950740499924,1779567205.45959,8231,67321,5,12582912,-51,0,0,0
3.61950740499924,1779567205.45959,8231,67322,6,12582912,-48,0,0,0
3.61950740499924,1779567205.45959,8231,67323,7,12582912,-36,0,0,0
3.6622012539992284,1779567205.5022836,8232,67324,0,12582912,-25,0,0,0
3.6622012539992284,1779567205.5022836,8232,67325,1,12582912,-26,0,0,0
3.6622012539992284,1779567205.5022836,8232,67326,2,12582912,-33,0,0,0
3.6622012539992284,1779567205.5022836,8232,67327,3,12582912,-35,0,0,0
3.6622012539992284,1779567205.5022836,8232,67328,4,12582912,-33,0,0,0
3.6622012539992284,1779567205.5022836,8232,67329,5,12582912,-28,0,0,0
3.6622012539992284,1779567205.5022836,8232,67330,6,12582912,-20,0,0,0
3.6622012539992284,1779567205.5022836,8232,67331,7,12582912,-15,0,0,0
3.6904594819989143,1779567205.530542,8233,67332,0,12582912,-15,0,0,0
3.6904594819989143,1779567205.530542,8233,67333,1,12582912,-19,0,0,0
3.6904594819989143,1779567205.530542,8233,67334,2,12582912,-25,0,0,0
3.6904594819989143,1779567205.530542,8233,67335,3,12582912,-30,0,0,0
3.6904594819989143,1779567205.530542,8233,67336,4,12582912,-30,0,0,0
3.6904594819989143,1779567205.530542,8233,67337,5,12582912,-33,0,0,0
3.6904594819989143,1779567205.530542,8233,67338,6,12582912,-43,0,0,0
3.6904594819989143,1779567205.530542,8233,67339,7,12582912,-49,0,0,0
3.7706302239985234,1779567205.6107125,8234,67340,0,12582912,-46,0,0,0
3.7706302239985234,1779567205.6107125,8234,67341,1,12582912,-41,0,0,0
3.7706302239985234,1779567205.6107125,8234,67342,2,12582912,-40,0,0,0
3.7706302239985234,1779567205.6107125,8234,67343,3,12582912,-38,0,0,0
3.7706302239985234,1779567205.6107125,8234,67344,4,12582912,-39,0,0,0
3.7706302239985234,1779567205.6107125,8234,67345,5,12582912,-49,0,0,0
3.7706302239985234,1779567205.6107125,8234,67346,6,12582912,-66,0,0,0
3.7706302239985234,1779567205.6107125,8234,67347,7,12582912,-73,0,0,0
3.770951052998498,1779567205.6110318,8235,67348,0,12582912,-58,0,0,0
3.770951052998498,1779567205.6110318,8235,67349,1,12582912,-31,0,0,0
3.770951052998498,1779567205.6110318,8235,67350,2,12582912,-10,0,0,0
3.770951052998498,1779567205.6110318,8235,67351,3,12582912,4,0,0,0
3.770951052998498,1779567205.6110318,8235,67352,4,12582912,15,0,0,0
3.770951052998498,1779567205.6110318,8235,67353,5,12582912,16,0,0,0
3.770951052998498,1779567205.6110318,8235,67354,6,12582912,13,0,0,0
3.770951052998498,1779567205.6110318,8235,67355,7,12582912,14,0,0,0
3.8585896009990392,1779567205.6986725,8236,67356,0,12582912,24,0,0,0
3.8585896009990392,1779567205.6986725,8236,67357,1,12582912,46,0,0,0
3.8585896009990392,1779567205.6986725,8236,67358,2,12582912,72,0,0,0
3.8585896009990392,1779567205.6986725,8236,67359,3,12582912,88,0,0,0
3.8585896009990392,1779567205.6986725,8236,67360,4,12582912,94,0,0,0
3.8585896009990392,1779567205.6986725,8236,67361,5,12582912,93,0,0,0
3.8585896009990392,1779567205.6986725,8236,67362,6,12582912,92,0,0,0
3.8585896009990392,1779567205.6986725,8236,67363,7,12582912,96,0,0,0
3.859029229999578,1779567205.699111,8237,67364,0,12582912,95,0,0,0
3.859029229999578,1779567205.699111,8237,67365,1,12582912,83,0,0,0
3.859029229999578,1779567205.699111,8237,67366,2,12582912,69,0,0,0
3.859029229999578,1779567205.699111,8237,67367,3,12582912,66,0,0,0
3.859029229999578,1779567205.699111,8237,67368,4,12582912,69,0,0,0
3.859029229999578,1779567205.699111,8237,67369,5,12582912,74,0,0,0
3.859029229999578,1779567205.699111,8237,67370,6,12582912,81,0,0,0
3.859029229999578,1779567205.699111,8237,67371,7,12582912,88,0,0,0
3.8594322449989704,1779567205.6995137,8238,67372,0,12582912,93,0,0,0
3.8594322449989704,1779567205.6995137,8238,67373,1,12582912,97,0,0,0
3.8594322449989704,1779567205.6995137,8238,67374,2,12582912,97,0,0,0
3.8594322449989704,1779567205.6995137,8238,67375,3,12582912,86,0,0,0
3.8594322449989704,1779567205.6995137,8238,67376,4,12582912,79,0,0,0
3.8594322449989704,1779567205.6995137,8238,67377,5,12582912,80,0,0,0
3.8594322449989704,1779567205.6995137,8238,67378,6,12582912,75,0,0,0
3.8594322449989704,1779567205.6995137,8238,67379,7,12582912,72,0,0,0
4.0591516379990935,1779567205.8992336,8239,67380,0,12582912,77,0,0,0
4.0591516379990935,1779567205.8992336,8239,67381,1,12582912,83,0,0,0
4.0591516379990935,1779567205.8992336,8239,67382,2,12582912,87,0,0,0
4.0591516379990935,1779567205.8992336,8239,67383,3,12582912,84,0,0,0
4.0591516379990935,1779567205.8992336,8239,67384,4,12582912,73,0,0,0
4.0591516379990935,1779567205.8992336,8239,67385,5,12582912,106,0,0,0
4.0591516379990935,1779567205.8992336,8239,67386,6,12582912,197,0,0,0
4.0591516379990935,1779567205.8992336,8239,67387,7,12582912,243,0,0,0
4.080806629999643,1779567205.9208891,8240,67388,0,12582912,213,0,0,0
4.080806629999643,1779567205.9208891,8240,67389,1,12582912,210,0,0,0
4.080806629999643,1779567205.9208891,8240,67390,2,12582912,268,0,0,0
4.080806629999643,1779567205.9208891,8240,67391,3,12582912,313,0,0,0
4.080806629999643,1779567205.9208891,8240,67392,4,12582912,288,0,0,0
4.080806629999643,1779567205.9208891,8240,67393,5,12582912,235,0,0,0
4.080806629999643,1779567205.9208891,8240,67394,6,12582912,220,0,0,0
4.080806629999643,1779567205.9208891,8240,67395,7,12582912,249,0,0,0
4.123696568998639,1779567205.9637792,8241,67396,0,12582912,277,0,0,0
4.123696568998639,1779567205.9637792,8241,67397,1,12582912,275,0,0,0
4.123696568998639,1779567205.9637792,8241,67398,2,12582912,248,0,0,0
4.123696568998639,1779567205.9637792,8241,67399,3,12582912,226,0,0,0
4.123696568998639,1779567205.9637792,8241,67400,4,12582912,251,0,0,0
4.123696568998639,1779567205.9637792,8241,67401,5,12582912,308,0,0,0
4.123696568998639,1779567205.9637792,8241,67402,6,12582912,342,0,0,0
4.123696568998639,1779567205.9637792,8241,67403,7,12582912,370,0,0,0
4.145355779999591,1779567205.9854379,8242,67404,0,12582912,405,0,0,0
4.145355779999591,1779567205.9854379,8242,67405,1,12582912,437,0,0,0
4.145355779999591,1779567205.9854379,8242,67406,2,12582912,464,0,0,0
4.145355779999591,1779567205.9854379,8242,67407,3,12582912,472,0,0,0
4.145355779999591,1779567205.9854379,8242,67408,4,12582912,456,0,0,0
4.145355779999591,1779567205.9854379,8242,67409,5,12582912,427,0,0,0
4.145355779999591,1779567205.9854379,8242,67410,6,12582912,441,0,0,0
4.145355779999591,1779567205.9854379,8242,67411,7,12582912,521,0,0,0
4.230742748999546,1779567206.070824,8243,67412,0,12582912,578,0,0,0
4.230742748999546,1779567206.070824,8243,67413,1,12582912,550,0,0,0
4.230742748999546,1779567206.070824,8243,67414,2,12582912,493,0,0,0
4.230742748999546,1779567206.070824,8243,67415,3,12582912,453,0,0,0
4.230742748999546,1779567206.070824,8243,67416,4,12582912,421,0,0,0
4.230742748999546,1779567206.070824,8243,67417,5,12582912,370,0,0,0
4.230742748999546,1779567206.070824,8243,67418,6,12582912,324,0,0,0
4.230742748999546,1779567206.070824,8243,67419,7,12582912,338,0,0,0
4.230860038998799,1779567206.0709395,8244,67420,0,12582912,379,0,0,0
4.230860038998799,1779567206.0709395,8244,67421,1,12582912,364,0,0,0
4.230860038998799,1779567206.0709395,8244,67422,2,12582912,309,0,0,0
4.230860038998799,1779567206.0709395,8244,67423,3,12582912,284,0,0,0
4.230860038998799,1779567206.0709395,8244,67424,4,12582912,292,0,0,0
4.230860038998799,1779567206.0709395,8244,67425,5,12582912,306,0,0,0
4.230860038998799,1779567206.0709395,8244,67426,6,12582912,309,0,0,0
4.230860038998799,1779567206.0709395,8244,67427,7,12582912,296,0,0,0
4.2685327639992465,1779567206.108615,8245,67428,0,12582912,271,0,0,0
4.2685327639992465,1779567206.108615,8245,67429,1,12582912,250,0,0,0
4.2685327639992465,1779567206.108615,8245,67430,2,12582912,246,0,0,0
4.2685327639992465,1779567206.108615,8245,67431,3,12582912,245,0,0,0
4.2685327639992465,1779567206.108615,8245,67432,4,12582912,203,0,0,0
4.2685327639992465,1779567206.108615,8245,67433,5,12582912,121,0,0,0
4.2685327639992465,1779567206.108615,8245,67434,6,12582912,90,0,0,0
4.2685327639992465,1779567206.108615,8245,67435,7,12582912,143,0,0,0
4.268850364000173,1779567206.108931,8246,67436,0,12582912,206,0,0,0
4.268850364000173,1779567206.108931,8246,67437,1,12582912,208,0,0,0
4.268850364000173,1779567206.108931,8246,67438,2,12582912,175,0,0,0
4.268850364000173,1779567206.108931,8246,67439,3,12582912,148,0,0,0
4.268850364000173,1779567206.108931,8246,67440,4,12582912,115,0,0,0
4.268850364000173,1779567206.108931,8246,67441,5,12582912,94,0,0,0
4.268850364000173,1779567206.108931,8246,67442,6,12582912,121,0,0,0
4.268850364000173,1779567206.108931,8246,67443,7,12582912,171,0,0,0
4.303923647999909,1779567206.1440058,8247,67444,0,12582912,184,0,0,0
4.303923647999909,1779567206.1440058,8247,67445,1,12582912,128,0,0,0
4.303923647999909,1779567206.1440058,8247,67446,2,12582912,25,0,0,0
4.303923647999909,1779567206.1440058,8247,67447,3,12582912,-25,0,0,0
4.303923647999909,1779567206.1440058,8247,67448,4,12582912,34,0,0,0
4.303923647999909,1779567206.1440058,8247,67449,5,12582912,99,0,0,0
4.303923647999909,1779567206.1440058,8247,67450,6,12582912,98,0,0,0
4.303923647999909,1779567206.1440058,8247,67451,7,12582912,81,0,0,0
4.346674475998952,1779567206.1867568,8248,67452,0,12582912,87,0,0,0
4.346674475998952,1779567206.1867568,8248,67453,1,12582912,106,0,0,0
4.346674475998952,1779567206.1867568,8248,67454,2,12582912,91,0,0,0
4.346674475998952,1779567206.1867568,8248,67455,3,12582912,74,0,0,0
4.346674475998952,1779567206.1867568,8248,67456,4,12582912,89,0,0,0
4.346674475998952,1779567206.1867568,8248,67457,5,12582912,99,0,0,0
4.346674475998952,1779567206.1867568,8248,67458,6,12582912,83,0,0,0
4.346674475998952,1779567206.1867568,8248,67459,7,12582912,46,0,0,0
4.368316709000283,1779567206.2083988,8249,67460,0,12582912,37,0,0,0
4.368316709000283,1779567206.2083988,8249,67461,1,12582912,44,0,0,0
4.368316709000283,1779567206.2083988,8249,67462,2,12582912,37,0,0,0
4.368316709000283,1779567206.2083988,8249,67463,3,12582912,42,0,0,0
4.368316709000283,1779567206.2083988,8249,67464,4,12582912,41,0,0,0
4.368316709000283,1779567206.2083988,8249,67465,5,12582912,25,0,0,0
4.368316709000283,1779567206.2083988,8249,67466,6,12582912,28,0,0,0
4.368316709000283,1779567206.2083988,8249,67467,7,12582912,14,0,0,0
4.411061703000087,1779567206.251144,8250,67468,0,12582912,-73,0,0,0
4.411061703000087,1779567206.251144,8250,67469,1,12582912,-139,0,0,0
4.411061703000087,1779567206.251144,8250,67470,2,12582912,-100,0,0,0
4.411061703000087,1779567206.251144,8250,67471,3,12582912,-41,0,0,0
4.411061703000087,1779567206.251144,8250,67472,4,12582912,-45,0,0,0
4.411061703000087,1779567206.251144,8250,67473,5,12582912,-88,0,0,0
4.411061703000087,1779567206.251144,8250,67474,6,12582912,-113,0,0,0
4.411061703000087,1779567206.251144,8250,67475,7,12582912,-118,0,0,0
4.432698778999111,1779567206.2727811,8251,67476,0,12582912,-99,0,0,0
4.432698778999111,1779567206.2727811,8251,67477,1,12582912,-60,0,0,0
4.432698778999111,1779567206.2727811,8251,67478,2,12582912,-42,0,0,0
4.432698778999111,1779567206.2727811,8251,67479,3,12582912,-60,0,0,0
4.432698778999111,1779567206.2727811,8251,67480,4,12582912,-91,0,0,0
4.432698778999111,1779567206.2727811,8251,67481,5,12582912,-115,0,0,0
4.432698778999111,1779567206.2727811,8251,67482,6,12582912,-110,0,0,0
4.432698778999111,1779567206.2727811,8251,67483,7,12582912,-87,0,0,0
4.469235791999381,1779567206.309318,8252,67484,0,12582912,-81,0,0,0
4.469235791999381,1779567206.309318,8252,67485,1,12582912,-82,0,0,0
4.469235791999381,1779567206.309318,8252,67486,2,12582912,-80,0,0,0
4.469235791999381,1779567206.309318,8252,67487,3,12582912,-74,0,0,0
4.469235791999381,1779567206.309318,8252,67488,4,12582912,-73,0,0,0
4.469235791999381,1779567206.309318,8252,67489,5,12582912,-78,0,0,0
4.469235791999381,1779567206.309318,8252,67490,6,12582912,-85,0,0,0
4.469235791999381,1779567206.309318,8252,67491,7,12582912,-101,0,0,0
4.512221043998579,1779567206.3523033,8253,67492,0,12582912,-120,0,0,0
4.512221043998579,1779567206.3523033,8253,67493,1,12582912,-116,0,0,0
4.512221043998579,1779567206.3523033,8253,67494,2,12582912,-84,0,0,0
4.512221043998579,1779567206.3523033,8253,67495,3,12582912,-56,0,0,0
4.512221043998579,1779567206.3523033,8253,67496,4,12582912,-57,0,0,0
4.512221043998579,1779567206.3523033,8253,67497,5,12582912,-63,0,0,0
4.512221043998579,1779567206.3523033,8253,67498,6,12582912,-56,0,0,0
4.512221043998579,1779567206.3523033,8253,67499,7,12582912,-63,0,0,0
4.547268286998587,1779567206.3873506,8254,67500,0,12582912,-81,0,0,0
4.547268286998587,1779567206.3873506,8254,67501,1,12582912,-78,0,0,0
4.547268286998587,1779567206.3873506,8254,67502,2,12582912,-18,0,0,0
4.547268286998587,1779567206.3873506,8254,67503,3,12582912,66,0,0,0
4.547268286998587,1779567206.3873506,8254,67504,4,12582912,49,0,0,0
4.547268286998587,1779567206.3873506,8254,67505,5,12582912,-82,0,0,0
4.547268286998587,1779567206.3873506,8254,67506,6,12582912,-192,0,0,0
4.547268286998587,1779567206.3873506,8254,67507,7,12582912,-204,0,0,0
4.58292963599888,1779567206.4230123,8255,67508,0,12582912,-144,0,0,0
4.58292963599888,1779567206.4230123,8255,67509,1,12582912,-71,0,0,0
4.58292963599888,1779567206.4230123,8255,67510,2,12582912,-52,0,0,0
4.58292963599888,1779567206.4230123,8255,67511,3,12582912,-82,0,0,0
4.58292963599888,1779567206.4230123,8255,67512,4,12582912,-96,0,0,0
4.58292963599888,1779567206.4230123,8255,67513,5,12582912,-92,0,0,0
4.58292963599888,1779567206.4230123,8255,67514,6,12582912,-91,0,0,0
4.58292963599888,1779567206.4230123,8255,67515,7,12582912,-91,0,0,0
4.626862372999312,1779567206.4669435,8256,67516,0,12582912,-96,0,0,0
4.626862372999312,1779567206.4669435,8256,67517,1,12582912,-110,0,0,0
4.626862372999312,1779567206.4669435,8256,67518,2,12582912,-111,0,0,0
4.626862372999312,1779567206.4669435,8256,67519,3,12582912,-102,0,0,0
4.626862372999312,1779567206.4669435,8256,67520,4,12582912,-114,0,0,0
4.626862372999312,1779567206.4669435,8256,67521,5,12582912,-128,0,0,0
4.626862372999312,1779567206.4669435,8256,67522,6,12582912,-118,0,0,0
4.626862372999312,1779567206.4669435,8256,67523,7,12582912,-111,0,0,0
4.648444866999853,1779567206.4885273,8257,67524,0,12582912,-107,0,0,0
4.648444866999853,1779567206.4885273,8257,67525,1,12582912,-98,0,0,0
4.648444866999853,1779567206.4885273,8257,67526,2,12582912,-104,0,0,0
4.648444866999853,1779567206.4885273,8257,67527,3,12582912,-99,0,0,0
4.648444866999853,1779567206.4885273,8257,67528,4,12582912,-72,0,0,0
4.648444866999853,1779567206.4885273,8257,67529,5,12582912,-71,0,0,0
4.648444866999853,1779567206.4885273,8257,67530,6,12582912,-104,0,0,0
4.648444866999853,1779567206.4885273,8257,67531,7,12582912,-114,0,0,0
4.684966306998831,1779567206.5250485,8258,67532,0,12582912,-92,0,0,0
4.684966306998831,1779567206.5250485,8258,67533,1,12582912,-72,0,0,0
4.684966306998831,1779567206.5250485,8258,67534,2,12582912,-93,0,0,0
4.684966306998831,1779567206.5250485,8258,67535,3,12582912,-128,0,0,0
4.684966306998831,1779567206.5250485,8258,67536,4,12582912,-109,0,0,0
4.684966306998831,1779567206.5250485,8258,67537,5,12582912,-76,0,0,0
4.684966306998831,1779567206.5250485,8258,67538,6,12582912,-92,0,0,0
4.684966306998831,1779567206.5250485,8258,67539,7,12582912,-112,0,0,0
4.7624289659997885,1779567206.6025116,8259,67540,0,12582912,-100,0,0,0
4.7624289659997885,1779567206.6025116,8259,67541,1,12582912,-101,0,0,0
4.7624289659997885,1779567206.6025116,8259,67542,2,12582912,-100,0,0,0
4.7624289659997885,1779567206.6025116,8259,67543,3,12582912,-66,0,0,0
4.7624289659997885,1779567206.6025116,8259,67544,4,12582912,-58,0,0,0
4.7624289659997885,1779567206.6025116,8259,67545,5,12582912,-89,0,0,0
4.7624289659997885,1779567206.6025116,8259,67546,6,12582912,-104,0,0,0
4.7624289659997885,1779567206.6025116,8259,67547,7,12582912,-96,0,0,0
4.762757085998601,1779567206.6028385,8260,67548,0,12582912,-94,0,0,0
4.762757085998601,1779567206.6028385,8260,67549,1,12582912,-113,0,0,0
4.762757085998601,1779567206.6028385,8260,67550,2,12582912,-122,0,0,0
4.762757085998601,1779567206.6028385,8260,67551,3,12582912,-93,0,0,0
4.762757085998601,1779567206.6028385,8260,67552,4,12582912,-65,0,0,0
4.762757085998601,1779567206.6028385,8260,67553,5,12582912,-71,0,0,0
4.762757085998601,1779567206.6028385,8260,67554,6,12582912,-106,0,0,0
4.762757085998601,1779567206.6028385,8260,67555,7,12582912,-144,0,0,0
4.763048123999397,1779567206.603129,8261,67556,0,12582912,-149,0,0,0
4.763048123999397,1779567206.603129,8261,67557,1,12582912,-116,0,0,0
4.763048123999397,1779567206.603129,8261,67558,2,12582912,-64,0,0,0
4.763048123999397,1779567206.603129,8261,67559,3,12582912,-39,0,0,0
4.763048123999397,1779567206.603129,8261,67560,4,12582912,-71,0,0,0
4.763048123999397,1779567206.603129,8261,67561,5,12582912,-125,0,0,0
4.763048123999397,1779567206.603129,8261,67562,6,12582912,-132,0,0,0
4.763048123999397,1779567206.603129,8261,67563,7,12582912,-107,0,0,0
4.79431766199923,1779567206.634399,8262,67564,0,12582912,-91,0,0,0
4.79431766199923,1779567206.634399,8262,67565,1,12582912,-56,0,0,0
4.79431766199923,1779567206.634399,8262,67566,2,12582912,-51,0,0,0
4.79431766199923,1779567206.634399,8262,67567,3,12582912,-103,0,0,0
4.79431766199923,1779567206.634399,8262,67568,4,12582912,-133,0,0,0
4.79431766199923,1779567206.634399,8262,67569,5,12582912,-117,0,0,0
4.79431766199923,1779567206.634399,8262,67570,6,12582912,-96,0,0,0
4.79431766199923,1779567206.634399,8262,67571,7,12582912,-94,0,0,0
4.8402146930002345,1779567206.6802962,8263,67572,0,12582912,-103,0,0,0
4.8402146930002345,1779567206.6802962,8263,67573,1,12582912,-88,0,0,0
4.8402146930002345,1779567206.6802962,8263,67574,2,12582912,-56,0,0,0
4.8402146930002345,1779567206.6802962,8263,67575,3,12582912,-57,0,0,0
4.8402146930002345,1779567206.6802962,8263,67576,4,12582912,-75,0,0,0
4.8402146930002345,1779567206.6802962,8263,67577,5,12582912,-81,0,0,0
4.8402146930002345,1779567206.6802962,8263,67578,6,12582912,-93,0,0,0
4.8402146930002345,1779567206.6802962,8263,67579,7,12582912,-106,0,0,0
4.861499014999936,1779567206.7015805,8264,67580,0,12582912,-110,0,0,0
4.861499014999936,1779567206.7015805,8264,67581,1,12582912,-111,0,0,0
4.861499014999936,1779567206.7015805,8264,67582,2,12582912,-104,0,0,0
4.861499014999936,1779567206.7015805,8264,67583,3,12582912,-84,0,0,0
4.861499014999936,1779567206.7015805,8264,67584,4,12582912,-76,0,0,0
4.861499014999936,1779567206.7015805,8264,67585,5,12582912,-86,0,0,0
4.861499014999936,1779567206.7015805,8264,67586,6,12582912,-80,0,0,0
4.861499014999936,1779567206.7015805,8264,67587,7,12582912,-57,0,0,0
4.8960180889989715,1779567206.7360992,8265,67588,0,12582912,-61,0,0,0
4.8960180889989715,1779567206.7360992,8265,67589,1,12582912,-81,0,0,0
4.8960180889989715,1779567206.7360992,8265,67590,2,12582912,-89,0,0,0
4.8960180889989715,1779567206.7360992,8265,67591,3,12582912,-98,0,0,0
4.8960180889989715,1779567206.7360992,8265,67592,4,12582912,-120,0,0,0
4.8960180889989715,1779567206.7360992,8265,67593,5,12582912,-120,0,0,0
4.8960180889989715,1779567206.7360992,8265,67594,6,12582912,-82,0,0,0
4.8960180889989715,1779567206.7360992,8265,67595,7,12582912,-55,0,0,0
4.938328713998999,1779567206.778411,8266,67596,0,12582912,-66,0,0,0
4.938328713998999,1779567206.778411,8266,67597,1,12582912,-74,0,0,0
4.938328713998999,1779567206.778411,8266,67598,2,12582912,-64,0,0,0
4.938328713998999,1779567206.778411,8266,67599,3,12582912,-74,0,0,0
4.938328713998999,1779567206.778411,8266,67600,4,12582912,-85,0,0,0
4.938328713998999,1779567206.778411,8266,67601,5,12582912,-74,0,0,0
4.938328713998999,1779567206.778411,8266,67602,6,12582912,-60,0,0,0
4.938328713998999,1779567206.778411,8266,67603,7,12582912,-59,0,0,0
4.959798865998891,1779567206.7998805,8267,67604,0,12582912,-66,0,0,0
4.959798865998891,1779567206.7998805,8267,67605,1,12582912,-79,0,0,0
4.959798865998891,1779567206.7998805,8267,67606,2,12582912,-77,0,0,0
4.959798865998891,1779567206.7998805,8267,67607,3,12582912,-60,0,0,0
4.959798865998891,1779567206.7998805,8267,67608,4,12582912,-57,0,0,0
4.959798865998891,1779567206.7998805,8267,67609,5,12582912,-60,0,0,0
4.959798865998891,1779567206.7998805,8267,67610,6,12582912,-66,0,0,0
4.959798865998891,1779567206.7998805,8267,67611,7,12582912,-68,0,0,0
5.008124871999826,1779567206.8482075,8268,67612,0,12582912,-65,0,0,0
5.008124871999826,1779567206.8482075,8268,67613,1,12582912,-70,0,0,0
5.008124871999826,1779567206.8482075,8268,67614,2,12582912,-73,0,0,0
5.008124871999826,1779567206.8482075,8268,67615,3,12582912,-79,0,0,0
5.008124871999826,1779567206.8482075,8268,67616,4,12582912,-75,0,0,0
5.008124871999826,1779567206.8482075,8268,67617,5,12582912,-50,0,0,0
5.008124871999826,1779567206.8482075,8268,67618,6,12582912,-32,0,0,0
5.008124871999826,1779567206.8482075,8268,67619,7,12582912,-18,0,0,0
5.030110432999209,1779567206.8701935,8269,67620,0,12582912,-13,0,0,0
5.030110432999209,1779567206.8701935,8269,67621,1,12582912,-41,0,0,0
5.030110432999209,1779567206.8701935,8269,67622,2,12582912,-81,0,0,0
5.030110432999209,1779567206.8701935,8269,67623,3,12582912,-93,0,0,0
5.030110432999209,1779567206.8701935,8269,67624,4,12582912,-76,0,0,0
5.030110432999209,1779567206.8701935,8269,67625,5,12582912,-57,0,0,0
5.030110432999209,1779567206.8701935,8269,67626,6,12582912,-43,0,0,0
5.030110432999209,1779567206.8701935,8269,67627,7,12582912,-55,0,0,0
5.070704052999645,1779567206.9107864,8270,67628,0,12582912,-89,0,0,0
5.070704052999645,1779567206.9107864,8270,67629,1,12582912,-76,0,0,0
5.070704052999645,1779567206.9107864,8270,67630,2,12582912,-29,0,0,0
5.070704052999645,1779567206.9107864,8270,67631,3,12582912,-23,0,0,0
5.070704052999645,1779567206.9107864,8270,67632,4,12582912,-40,0,0,0
5.070704052999645,1779567206.9107864,8270,67633,5,12582912,-42,0,0,0
5.070704052999645,1779567206.9107864,8270,67634,6,12582912,-46,0,0,0
5.070704052999645,1779567206.9107864,8270,67635,7,12582912,-60,0,0,0
5.109023383000022,1779567206.9491055,8271,67636,0,12582912,-74,0,0,0
5.109023383000022,1779567206.9491055,8271,67637,1,12582912,-72,0,0,0
5.109023383000022,1779567206.9491055,8271,67638,2,12582912,-52,0,0,0
5.109023383000022,1779567206.9491055,8271,67639,3,12582912,-34,0,0,0
5.109023383000022,1779567206.9491055,8271,67640,4,12582912,-47,0,0,0
5.109023383000022,1779567206.9491055,8271,67641,5,12582912,-70,0,0,0
5.109023383000022,1779567206.9491055,8271,67642,6,12582912,-71,0,0,0
5.109023383000022,1779567206.9491055,8271,67643,7,12582912,-63,0,0,0
5.135016488999099,1779567206.975099,8272,67644,0,12582912,-68,0,0,0
5.135016488999099,1779567206.975099,8272,67645,1,12582912,-74,0,0,0
5.135016488999099,1779567206.975099,8272,67646,2,12582912,-58,0,0,0
5.135016488999099,1779567206.975099,8272,67647,3,12582912,-45,0,0,0
5.135016488999099,1779567206.975099,8272,67648,4,12582912,-59,0,0,0
5.135016488999099,1779567206.975099,8272,67649,5,12582912,-71,0,0,0
5.135016488999099,1779567206.975099,8272,67650,6,12582912,-64,0,0,0
5.135016488999099,1779567206.975099,8272,67651,7,12582912,-52,0,0,0
5.156646169998567,1779567206.9967284,8273,67652,0,12582912,-48,0,0,0
5.156646169998567,1779567206.9967284,8273,67653,1,12582912,-43,0,0,0
5.156646169998567,1779567206.9967284,8273,67654,2,12582912,-50,0,0,0
5.156646169998567,1779567206.9967284,8273,67655,3,12582912,-92,0,0,0
5.156646169998567,1779567206.9967284,8273,67656,4,12582912,-126,0,0,0
5.156646169998567,1779567206.9967284,8273,67657,5,12582912,-118,0,0,0
5.156646169998567,1779567206.9967284,8273,67658,6,12582912,-90,0,0,0
5.156646169998567,1779567206.9967284,8273,67659,7,12582912,-61,0,0,0
5.178322568999647,1779567207.018405,8274,67660,0,12582912,-48,0,0,0
5.178322568999647,1779567207.018405,8274,67661,1,12582912,-62,0,0,0
5.178322568999647,1779567207.018405,8274,67662,2,12582912,-90,0,0,0
5.178322568999647,1779567207.018405,8274,67663,3,12582912,-109,0,0,0
5.178322568999647,1779567207.018405,8274,67664,4,12582912,-95,0,0,0
5.178322568999647,1779567207.018405,8274,67665,5,12582912,-65,0,0,0
5.178322568999647,1779567207.018405,8274,67666,6,12582912,-63,0,0,0
5.178322568999647,1779567207.018405,8274,67667,7,12582912,-93,0,0,0
5.227250128999003,1779567207.0673325,8275,67668,0,12582912,-118,0,0,0
5.227250128999003,1779567207.0673325,8275,67669,1,12582912,-106,0,0,0
5.227250128999003,1779567207.0673325,8275,67670,2,12582912,-89,0,0,0
5.227250128999003,1779567207.0673325,8275,67671,3,12582912,-106,0,0,0
5.227250128999003,1779567207.0673325,8275,67672,4,12582912,-109,0,0,0
5.227250128999003,1779567207.0673325,8275,67673,5,12582912,-80,0,0,0
5.227250128999003,1779567207.0673325,8275,67674,6,12582912,-72,0,0,0
5.227250128999003,1779567207.0673325,8275,67675,7,12582912,-81,0,0,0
5.248897153998769,1779567207.0889797,8276,67676,0,12582912,-71,0,0,0
5.248897153998769,1779567207.0889797,8276,67677,1,12582912,-54,0,0,0
5.248897153998769,1779567207.0889797,8276,67678,2,12582912,-55,0,0,0
5.248897153998769,1779567207.0889797,8276,67679,3,12582912,-79,0,0,0
5.248897153998769,1779567207.0889797,8276,67680,4,12582912,-95,0,0,0
5.248897153998769,1779567207.0889797,8276,67681,5,12582912,-90,0,0,0
5.248897153998769,1779567207.0889797,8276,67682,6,12582912,-94,0,0,0
5.248897153998769,1779567207.0889797,8276,67683,7,12582912,-96,0,0,0
5.292198025999824,1779567207.13228,8277,67684,0,12582912,-78,0,0,0
5.292198025999824,1779567207.13228,8277,67685,1,12582912,-63,0,0,0
5.292198025999824,1779567207.13228,8277,67686,2,12582912,-50,0,0,0
5.292198025999824,1779567207.13228,8277,67687,3,12582912,-33,0,0,0
5.292198025999824,1779567207.13228,8277,67688,4,12582912,-23,0,0,0
5.292198025999824,1779567207.13228,8277,67689,5,12582912,-43,0,0,0
5.292198025999824,1779567207.13228,8277,67690,6,12582912,-84,0,0,0
5.292198025999824,1779567207.13228,8277,67691,7,12582912,-109,0,0,0
5.343367428999045,1779567207.1834495,8278,67692,0,12582912,-120,0,0,0
5.343367428999045,1779567207.1834495,8278,67693,1,12582912,-117,0,0,0
5.343367428999045,1779567207.1834495,8278,67694,2,12582912,-94,0,0,0
5.343367428999045,1779567207.1834495,8278,67695,3,12582912,-61,0,0,0
5.343367428999045,1779567207.1834495,8278,67696,4,12582912,-37,0,0,0
5.343367428999045,1779567207.1834495,8278,67697,5,12582912,-46,0,0,0
5.343367428999045,1779567207.1834495,8278,67698,6,12582912,-67,0,0,0
5.343367428999045,1779567207.1834495,8278,67699,7,12582912,-71,0,0,0
5.34368159099904,1779567207.1837626,8279,67700,0,12582912,-68,0,0,0
5.34368159099904,1779567207.1837626,8279,67701,1,12582912,-59,0,0,0
5.34368159099904,1779567207.1837626,8279,67702,2,12582912,-55,0,0,0
5.34368159099904,1779567207.1837626,8279,67703,3,12582912,-73,0,0,0
5.34368159099904,1779567207.1837626,8279,67704,4,12582912,-87,0,0,0
5.34368159099904,1779567207.1837626,8279,67705,5,12582912,-66,0,0,0
5.34368159099904,1779567207.1837626,8279,67706,6,12582912,-27,0,0,0
5.34368159099904,1779567207.1837626,8279,67707,7,12582912,-24,0,0,0
5.4265659430002415,1779567207.2666473,8280,67708,0,12582912,-54,0,0,0
5.4265659430002415,1779567207.2666473,8280,67709,1,12582912,-72,0,0,0
5.4265659430002415,1779567207.2666473,8280,67710,2,12582912,-71,0,0,0
5.4265659430002415,1779567207.2666473,8280,67711,3,12582912,-67,0,0,0
5.4265659430002415,1779567207.2666473,8280,67712,4,12582912,-57,0,0,0
5.4265659430002415,1779567207.2666473,8280,67713,5,12582912,-35,0,0,0
5.4265659430002415,1779567207.2666473,8280,67714,6,12582912,-18,0,0,0
5.4265659430002415,1779567207.2666473,8280,67715,7,12582912,-18,0,0,0
5.4266904199994315,1779567207.2667701,8281,67716,0,12582912,-39,0,0,0
5.4266904199994315,1779567207.2667701,8281,67717,1,12582912,-73,0,0,0
5.4266904199994315,1779567207.2667701,8281,67718,2,12582912,-88,0,0,0
5.4266904199994315,1779567207.2667701,8281,67719,3,12582912,-74,0,0,0
5.4266904199994315,1779567207.2667701,8281,67720,4,12582912,-57,0,0,0
5.4266904199994315,1779567207.2667701,8281,67721,5,12582912,-49,0,0,0
5.4266904199994315,1779567207.2667701,8281,67722,6,12582912,-51,0,0,0
5.4266904199994315,1779567207.2667701,8281,67723,7,12582912,-55,0,0,0
5.447899638998933,1779567207.2879813,8282,67724,0,12582912,-50,0,0,0
5.447899638998933,1779567207.2879813,8282,67725,1,12582912,-42,0,0,0
5.447899638998933,1779567207.2879813,8282,67726,2,12582912,-37,0,0,0
5.447899638998933,1779567207.2879813,8282,67727,3,12582912,-39,0,0,0
5.447899638998933,1779567207.2879813,8282,67728,4,12582912,-45,0,0,0
5.447899638998933,1779567207.2879813,8282,67729,5,12582912,-46,0,0,0
5.447899638998933,1779567207.2879813,8282,67730,6,12582912,-50,0,0,0
5.447899638998933,1779567207.2879813,8282,67731,7,12582912,-56,0,0,0
5.469123752998712,1779567207.3092055,8283,67732,0,12582912,-51,0,0,0
5.469123752998712,1779567207.3092055,8283,67733,1,12582912,-43,0,0,0
5.469123752998712,1779567207.3092055,8283,67734,2,12582912,-45,0,0,0
5.469123752998712,1779567207.3092055,8283,67735,3,12582912,-50,0,0,0
5.469123752998712,1779567207.3092055,8283,67736,4,12582912,-59,0,0,0
5.469123752998712,1779567207.3092055,8283,67737,5,12582912,-71,0,0,0
5.469123752998712,1779567207.3092055,8283,67738,6,12582912,-67,0,0,0
5.469123752998712,1779567207.3092055,8283,67739,7,12582912,-55,0,0,0
5.511482920999697,1779567207.351564,8284,67740,0,12582912,-56,0,0,0
5.511482920999697,1779567207.351564,8284,67741,1,12582912,-55,0,0,0
5.511482920999697,1779567207.351564,8284,67742,2,12582912,-43,0,0,0
5.511482920999697,1779567207.351564,8284,67743,3,12582912,-35,0,0,0
5.511482920999697,1779567207.351564,8284,67744,4,12582912,-39,0,0,0
5.511482920999697,1779567207.351564,8284,67745,5,12582912,-48,0,0,0
5.511482920999697,1779567207.351564,8284,67746,6,12582912,-49,0,0,0
5.511482920999697,1779567207.351564,8284,67747,7,12582912,-41,0,0,0
5.541351021998707,1779567207.3814332,8285,67748,0,12582912,-31,0,0,0
5.541351021998707,1779567207.3814332,8285,67749,1,12582912,-29,0,0,0
5.541351021998707,1779567207.3814332,8285,67750,2,12582912,-35,0,0,0
5.541351021998707,1779567207.3814332,8285,67751,3,12582912,-45,0,0,0
5.541351021998707,1779567207.3814332,8285,67752,4,12582912,-51,0,0,0
5.541351021998707,1779567207.3814332,8285,67753,5,12582912,-52,0,0,0
5.541351021998707,1779567207.3814332,8285,67754,6,12582912,-53,0,0,0
5.541351021998707,1779567207.3814332,8285,67755,7,12582912,-52,0,0,0
5.572504885998569,1779567207.41262,8286,67756,0,12582912,-47,0,0,0
5.572504885998569,1779567207.41262,8286,67757,1,12582912,-40,0,0,0
5.572504885998569,1779567207.41262,8286,67758,2,12582912,-37,0,0,0
5.572504885998569,1779567207.41262,8286,67759,3,12582912,-41,0,0,0
5.572504885998569,1779567207.41262,8286,67760,4,12582912,-51,0,0,0
5.572504885998569,1779567207.41262,8286,67761,5,12582912,-57,0,0,0
5.572504885998569,1779567207.41262,8286,67762,6,12582912,-50,0,0,0
5.572504885998569,1779567207.41262,8286,67763,7,12582912,-42,0,0,0
5.594185191999713,1779567207.4342678,8287,67764,0,12582912,-38,0,0,0
5.594185191999713,1779567207.4342678,8287,67765,1,12582912,-35,0,0,0
5.594185191999713,1779567207.4342678,8287,67766,2,12582912,-35,0,0,0
5.594185191999713,1779567207.4342678,8287,67767,3,12582912,-37,0,0,0
5.594185191999713,1779567207.4342678,8287,67768,4,12582912,-41,0,0,0
5.594185191999713,1779567207.4342678,8287,67769,5,12582912,-40,0,0,0
5.594185191999713,1779567207.4342678,8287,67770,6,12582912,-34,0,0,0
5.594185191999713,1779567207.4342678,8287,67771,7,12582912,-31,0,0,0
5.637231224000061,1779567207.4773133,8288,67772,0,12582912,-29,0,0,0
5.637231224000061,1779567207.4773133,8288,67773,1,12582912,-27,0,0,0
5.637231224000061,1779567207.4773133,8288,67774,2,12582912,-24,0,0,0
5.637231224000061,1779567207.4773133,8288,67775,3,12582912,-23,0,0,0
5.637231224000061,1779567207.4773133,8288,67776,4,12582912,-23,0,0,0
5.637231224000061,1779567207.4773133,8288,67777,5,12582912,-24,0,0,0
5.637231224000061,1779567207.4773133,8288,67778,6,12582912,-25,0,0,0
5.637231224000061,1779567207.4773133,8288,67779,7,12582912,-25,0,0,0
5.6589156439986255,1779567207.498998,8289,67780,0,12582912,-24,0,0,0
5.6589156439986255,1779567207.498998,8289,67781,1,12582912,-21,0,0,0
5.6589156439986255,1779567207.498998,8289,67782,2,12582912,-15,0,0,0
5.6589156439986255,1779567207.498998,8289,67783,3,12582912,-9,0,0,0
5.6589156439986255,1779567207.498998,8289,67784,4,12582912,-4,0,0,0
5.6589156439986255,1779567207.498998,8289,67785,5,12582912,-3,0,0,0
5.6589156439986255,1779567207.498998,8289,67786,6,12582912,-6,0,0,0
5.6589156439986255,1779567207.498998,8289,67787,7,12582912,-10,0,0,0
5.701652357998682,1779567207.5417342,8290,67788,0,12582912,-11,0,0,0
5.701652357998682,1779567207.5417342,8290,67789,1,12582912,-9,0,0,0
5.701652357998682,1779567207.5417342,8290,67790,2,12582912,-6,0,0,0
5.701652357998682,1779567207.5417342,8290,67791,3,12582912,-3,0,0,0
5.701652357998682,1779567207.5417342,8290,67792,4,12582912,-2,0,0,0
5.701652357998682,1779567207.5417342,8290,67793,5,12582912,-4,0,0,0
5.701652357998682,1779567207.5417342,8290,67794,6,12582912,-7,0,0,0
5.701652357998682,1779567207.5417342,8290,67795,7,12582912,-12,0,0,0
5.799480083000162,1779567207.6395628,8291,67796,0,12582912,-15,0,0,0
5.799480083000162,1779567207.6395628,8291,67797,1,12582912,-12,0,0,0
5.799480083000162,1779567207.6395628,8291,67798,2,12582912,-6,0,0,0
5.799480083000162,1779567207.6395628,8291,67799,3,12582912,-2,0,0,0
5.799480083000162,1779567207.6395628,8291,67800,4,12582912,1,0,0,0
5.799480083000162,1779567207.6395628,8291,67801,5,12582912,7,0,0,0
5.799480083000162,1779567207.6395628,8291,67802,6,12582912,13,0,0,0
5.799480083000162,1779567207.6395628,8291,67803,7,12582912,9,0,0,0
5.799795547998656,1779567207.6398764,8292,67804,0,12582912,3,0,0,0
5.799795547998656,1779567207.6398764,8292,67805,1,12582912,-3,0,0,0
5.799795547998656,1779567207.6398764,8292,67806,2,12582912,-15,0,0,0
5.799795547998656,1779567207.6398764,8292,67807,3,12582912,-28,0,0,0
5.799795547998656,1779567207.6398764,8292,67808,4,12582912,-34,0,0,0
5.799795547998656,1779567207.6398764,8292,67809,5,12582912,-34,0,0,0
5.799795547998656,1779567207.6398764,8292,67810,6,12582912,-33,0,0,0
5.799795547998656,1779567207.6398764,8292,67811,7,12582912,-31,0,0,0
5.800102990999221,1779567207.640184,8293,67812,0,12582912,-24,0,0,0
5.800102990999221,1779567207.640184,8293,67813,1,12582912,-5,0,0,0
5.800102990999221,1779567207.640184,8293,67814,2,12582912,36,0,0,0
5.800102990999221,1779567207.640184,8293,67815,3,12582912,82,0,0,0
5.800102990999221,1779567207.640184,8293,67816,4,12582912,110,0,0,0
5.800102990999221,1779567207.640184,8293,67817,5,12582912,121,0,0,0
5.800102990999221,1779567207.640184,8293,67818,6,12582912,116,0,0,0
5.800102990999221,1779567207.640184,8293,67819,7,12582912,95,0,0,0
5.889095585998803,1779567207.729178,8294,67820,0,12582912,77,0,0,0
5.889095585998803,1779567207.729178,8294,67821,1,12582912,79,0,0,0
5.889095585998803,1779567207.729178,8294,67822,2,12582912,106,0,0,0
5.889095585998803,1779567207.729178,8294,67823,3,12582912,132,0,0,0
5.889095585998803,1779567207.729178,8294,67824,4,12582912,130,0,0,0
5.889095585998803,1779567207.729178,8294,67825,5,12582912,110,0,0,0
5.889095585998803,1779567207.729178,8294,67826,6,12582912,101,0,0,0
5.889095585998803,1779567207.729178,8294,67827,7,12582912,106,0,0,0
5.889409436000278,1779567207.729491,8295,67828,0,12582912,116,0,0,0
5.889409436000278,1779567207.729491,8295,67829,1,12582912,123,0,0,0
5.889409436000278,1779567207.729491,8295,67830,2,12582912,123,0,0,0
5.889409436000278,1779567207.729491,8295,67831,3,12582912,114,0,0,0
5.889409436000278,1779567207.729491,8295,67832,4,12582912,97,0,0,0
5.889409436000278,1779567207.729491,8295,67833,5,12582912,79,0,0,0
5.889409436000278,1779567207.729491,8295,67834,6,12582912,69,0,0,0
5.889409436000278,1779567207.729491,8295,67835,7,12582912,65,0,0,0
5.889705108000271,1779567207.7297866,8296,67836,0,12582912,61,0,0,0
5.889705108000271,1779567207.7297866,8296,67837,1,12582912,56,0,0,0
5.889705108000271,1779567207.7297866,8296,67838,2,12582912,54,0,0,0
5.889705108000271,1779567207.7297866,8296,67839,3,12582912,62,0,0,0
5.889705108000271,1779567207.7297866,8296,67840,4,12582912,75,0,0,0
5.889705108000271,1779567207.7297866,8296,67841,5,12582912,80,0,0,0
5.889705108000271,1779567207.7297866,8296,67842,6,12582912,73,0,0,0
5.889705108000271,1779567207.7297866,8296,67843,7,12582912,68,0,0,0
5.9113837469994905,1779567207.7514663,8297,67844,0,12582912,74,0,0,0
5.9113837469994905,1779567207.7514663,8297,67845,1,12582912,83,0,0,0
5.9113837469994905,1779567207.7514663,8297,67846,2,12582912,83,0,0,0
5.9113837469994905,1779567207.7514663,8297,67847,3,12582912,78,0,0,0
5.9113837469994905,1779567207.7514663,8297,67848,4,12582912,83,0,0,0
5.9113837469994905,1779567207.7514663,8297,67849,5,12582912,94,0,0,0
5.9113837469994905,1779567207.7514663,8297,67850,6,12582912,99,0,0,0
5.9113837469994905,1779567207.7514663,8297,67851,7,12582912,97,0,0,0
5.95404119199884,1779567207.7941232,8298,67852,0,12582912,93,0,0,0
5.95404119199884,1779567207.7941232,8298,67853,1,12582912,96,0,0,0
5.95404119199884,1779567207.7941232,8298,67854,2,12582912,107,0,0,0
5.95404119199884,1779567207.7941232,8298,67855,3,12582912,113,0,0,0
5.95404119199884,1779567207.7941232,8298,67856,4,12582912,113,0,0,0
5.95404119199884,1779567207.7941232,8298,67857,5,12582912,111,0,0,0
5.95404119199884,1779567207.7941232,8298,67858,6,12582912,110,0,0,0
5.95404119199884,1779567207.7941232,8298,67859,7,12582912,107,0,0,0
5.976071699999011,1779567207.816154,8299,67860,0,12582912,111,0,0,0
5.976071699999011,1779567207.816154,8299,67861,1,12582912,128,0,0,0
5.976071699999011,1779567207.816154,8299,67862,2,12582912,151,0,0,0
5.976071699999011,1779567207.816154,8299,67863,3,12582912,165,0,0,0
5.976071699999011,1779567207.816154,8299,67864,4,12582912,174,0,0,0
5.976071699999011,1779567207.816154,8299,67865,5,12582912,179,0,0,0
5.976071699999011,1779567207.816154,8299,67866,6,12582912,179,0,0,0
5.976071699999011,1779567207.816154,8299,67867,7,12582912,176,0,0,0
6.018997369999852,1779567207.8590794,8300,67868,0,12582912,173,0,0,0
6.018997369999852,1779567207.8590794,8300,67869,1,12582912,174,0,0,0
6.018997369999852,1779567207.8590794,8300,67870,2,12582912,178,0,0,0
6.018997369999852,1779567207.8590794,8300,67871,3,12582912,181,0,0,0
6.018997369999852,1779567207.8590794,8300,67872,4,12582912,185,0,0,0
6.018997369999852,1779567207.8590794,8300,67873,5,12582912,191,0,0,0
6.018997369999852,1779567207.8590794,8300,67874,6,12582912,204,0,0,0
6.018997369999852,1779567207.8590794,8300,67875,7,12582912,248,0,0,0
6.040641842999321,1779567207.880724,8301,67876,0,12582912,365,0,0,0
6.040641842999321,1779567207.880724,8301,67877,1,12582912,545,0,0,0
6.040641842999321,1779567207.880724,8301,67878,2,12582912,719,0,0,0
6.040641842999321,1779567207.880724,8301,67879,3,12582912,844,0,0,0
6.040641842999321,1779567207.880724,8301,67880,4,12582912,907,0,0,0
6.040641842999321,1779567207.880724,8301,67881,5,12582912,927,0,0,0
6.040641842999321,1779567207.880724,8301,67882,6,12582912,938,0,0,0
6.040641842999321,1779567207.880724,8301,67883,7,12582912,954,0,0,0
6.090136581999104,1779567207.930219,8302,67884,0,12582912,960,0,0,0
6.090136581999104,1779567207.930219,8302,67885,1,12582912,962,0,0,0
6.090136581999104,1779567207.930219,8302,67886,2,12582912,963,0,0,0
6.090136581999104,1779567207.930219,8302,67887,3,12582912,952,0,0,0
6.090136581999104,1779567207.930219,8302,67888,4,12582912,936,0,0,0
6.090136581999104,1779567207.930219,8302,67889,5,12582912,929,0,0,0
6.090136581999104,1779567207.930219,8302,67890,6,12582912,924,0,0,0
6.090136581999104,1779567207.930219,8302,67891,7,12582912,908,0,0,0
6.111973499999294,1779567207.9520555,8303,67892,0,12582912,893,0,0,0
6.111973499999294,1779567207.9520555,8303,67893,1,12582912,886,0,0,0
6.111973499999294,1779567207.9520555,8303,67894,2,12582912,880,0,0,0
6.111973499999294,1779567207.9520555,8303,67895,3,12582912,875,0,0,0
6.111973499999294,1779567207.9520555,8303,67896,4,12582912,869,0,0,0
6.111973499999294,1779567207.9520555,8303,67897,5,12582912,850,0,0,0
6.111973499999294,1779567207.9520555,8303,67898,6,12582912,823,0,0,0
6.111973499999294,1779567207.9520555,8303,67899,7,12582912,807,0,0,0
6.154879690999223,1779567207.994962,8304,67900,0,12582912,799,0,0,0
6.154879690999223,1779567207.994962,8304,67901,1,12582912,792,0,0,0
6.154879690999223,1779567207.994962,8304,67902,2,12582912,782,0,0,0
6.154879690999223,1779567207.994962,8304,67903,3,12582912,770,0,0,0
6.154879690999223,1779567207.994962,8304,67904,4,12582912,762,0,0,0
6.154879690999223,1779567207.994962,8304,67905,5,12582912,757,0,0,0
6.154879690999223,1779567207.994962,8304,67906,6,12582912,744,0,0,0
6.154879690999223,1779567207.994962,8304,67907,7,12582912,727,0,0,0
6.178350178999608,1779567208.0184321,8305,67908,0,12582912,715,0,0,0
6.178350178999608,1779567208.0184321,8305,67909,1,12582912,720,0,0,0
6.178350178999608,1779567208.0184321,8305,67910,2,12582912,729,0,0,0
6.178350178999608,1779567208.0184321,8305,67911,3,12582912,713,0,0,0
6.178350178999608,1779567208.0184321,8305,67912,4,12582912,685,0,0,0
6.178350178999608,1779567208.0184321,8305,67913,5,12582912,673,0,0,0
6.178350178999608,1779567208.0184321,8305,67914,6,12582912,666,0,0,0
6.178350178999608,1779567208.0184321,8305,67915,7,12582912,650,0,0,0
6.230432225000186,1779567208.0705144,8306,67916,0,12582912,635,0,0,0
6.230432225000186,1779567208.0705144,8306,67917,1,12582912,631,0,0,0
6.230432225000186,1779567208.0705144,8306,67918,2,12582912,619,0,0,0
6.230432225000186,1779567208.0705144,8306,67919,3,12582912,587,0,0,0
6.230432225000186,1779567208.0705144,8306,67920,4,12582912,561,0,0,0
6.230432225000186,1779567208.0705144,8306,67921,5,12582912,565,0,0,0
6.230432225000186,1779567208.0705144,8306,67922,6,12582912,586,0,0,0
6.230432225000186,1779567208.0705144,8306,67923,7,12582912,601,0,0,0
6.238635593999788,1779567208.0787184,8307,67924,0,12582912,606,0,0,0
6.238635593999788,1779567208.0787184,8307,67925,1,12582912,603,0,0,0
6.238635593999788,1779567208.0787184,8307,67926,2,12582912,598,0,0,0
6.238635593999788,1779567208.0787184,8307,67927,3,12582912,608,0,0,0
6.238635593999788,1779567208.0787184,8307,67928,4,12582912,601,0,0,0
6.238635593999788,1779567208.0787184,8307,67929,5,12582912,541,0,0,0
6.238635593999788,1779567208.0787184,8307,67930,6,12582912,489,0,0,0
6.238635593999788,1779567208.0787184,8307,67931,7,12582912,508,0,0,0
6.297884982999676,1779567208.137967,8308,67932,0,12582912,549,0,0,0
6.297884982999676,1779567208.137967,8308,67933,1,12582912,570,0,0,0
6.297884982999676,1779567208.137967,8308,67934,2,12582912,589,0,0,0
6.297884982999676,1779567208.137967,8308,67935,3,12582912,599,0,0,0
6.297884982999676,1779567208.137967,8308,67936,4,12582912,569,0,0,0
6.297884982999676,1779567208.137967,8308,67937,5,12582912,508,0,0,0
6.297884982999676,1779567208.137967,8308,67938,6,12582912,477,0,0,0
6.297884982999676,1779567208.137967,8308,67939,7,12582912,478,0,0,0
6.298199822000242,1779567208.1382804,8309,67940,0,12582912,474,0,0,0
6.298199822000242,1779567208.1382804,8309,67941,1,12582912,478,0,0,0
6.298199822000242,1779567208.1382804,8309,67942,2,12582912,505,0,0,0
6.298199822000242,1779567208.1382804,8309,67943,3,12582912,524,0,0,0
6.298199822000242,1779567208.1382804,8309,67944,4,12582912,499,0,0,0
6.298199822000242,1779567208.1382804,8309,67945,5,12582912,429,0,0,0
6.298199822000242,1779567208.1382804,8309,67946,6,12582912,395,0,0,0
6.298199822000242,1779567208.1382804,8309,67947,7,12582912,449,0,0,0
6.333346804998655,1779567208.173429,8310,67948,0,12582912,524,0,0,0
6.333346804998655,1779567208.173429,8310,67949,1,12582912,569,0,0,0
6.333346804998655,1779567208.173429,8310,67950,2,12582912,558,0,0,0
6.333346804998655,1779567208.173429,8310,67951,3,12582912,480,0,0,0
6.333346804998655,1779567208.173429,8310,67952,4,12582912,372,0,0,0
6.333346804998655,1779567208.173429,8310,67953,5,12582912,278,0,0,0
6.333346804998655,1779567208.173429,8310,67954,6,12582912,196,0,0,0
6.333346804998655,1779567208.173429,8310,67955,7,12582912,115,0,0,0
6.376211173999764,1779567208.2162936,8311,67956,0,12582912,64,0,0,0
6.376211173999764,1779567208.2162936,8311,67957,1,12582912,48,0,0,0
6.376211173999764,1779567208.2162936,8311,67958,2,12582912,83,0,0,0
6.376211173999764,1779567208.2162936,8311,67959,3,12582912,174,0,0,0
6.376211173999764,1779567208.2162936,8311,67960,4,12582912,231,0,0,0
6.376211173999764,1779567208.2162936,8311,67961,5,12582912,204,0,0,0
6.376211173999764,1779567208.2162936,8311,67962,6,12582912,114,0,0,0
6.376211173999764,1779567208.2162936,8311,67963,7,12582912,-3,0,0,0
6.397847105999972,1779567208.2379296,8312,67964,0,12582912,-93,0,0,0
6.397847105999972,1779567208.2379296,8312,67965,1,12582912,-93,0,0,0
6.397847105999972,1779567208.2379296,8312,67966,2,12582912,-17,0,0,0
6.397847105999972,1779567208.2379296,8312,67967,3,12582912,32,0,0,0
6.397847105999972,1779567208.2379296,8312,67968,4,12582912,32,0,0,0
6.397847105999972,1779567208.2379296,8312,67969,5,12582912,56,0,0,0
6.397847105999972,1779567208.2379296,8312,67970,6,12582912,80,0,0,0
6.397847105999972,1779567208.2379296,8312,67971,7,12582912,15,0,0,0
6.440599132998614,1779567208.2806816,8313,67972,0,12582912,-111,0,0,0
6.440599132998614,1779567208.2806816,8313,67973,1,12582912,-212,0,0,0
6.440599132998614,1779567208.2806816,8313,67974,2,12582912,-255,0,0,0
6.440599132998614,1779567208.2806816,8313,67975,3,12582912,-242,0,0,0
6.440599132998614,1779567208.2806816,8313,67976,4,12582912,-192,0,0,0
6.440599132998614,1779567208.2806816,8313,67977,5,12582912,-137,0,0,0
6.440599132998614,1779567208.2806816,8313,67978,6,12582912,-107,0,0,0
6.440599132998614,1779567208.2806816,8313,67979,7,12582912,-133,0,0,0
6.462316417999318,1779567208.302399,8314,67980,0,12582912,-224,0,0,0
6.462316417999318,1779567208.302399,8314,67981,1,12582912,-321,0,0,0
6.462316417999318,1779567208.302399,8314,67982,2,12582912,-379,0,0,0
6.462316417999318,1779567208.302399,8314,67983,3,12582912,-379,0,0,0
6.462316417999318,1779567208.302399,8314,67984,4,12582912,-330,0,0,0
6.462316417999318,1779567208.302399,8314,67985,5,12582912,-282,0,0,0
6.462316417999318,1779567208.302399,8314,67986,6,12582912,-270,0,0,0
6.462316417999318,1779567208.302399,8314,67987,7,12582912,-291,0,0,0
6.49883686999965,1779567208.3389192,8315,67988,0,12582912,-339,0,0,0
6.49883686999965,1779567208.3389192,8315,67989,1,12582912,-391,0,0,0
6.49883686999965,1779567208.3389192,8315,67990,2,12582912,-409,0,0,0
6.49883686999965,1779567208.3389192,8315,67991,3,12582912,-389,0,0,0
6.49883686999965,1779567208.3389192,8315,67992,4,12582912,-381,0,0,0
6.49883686999965,1779567208.3389192,8315,67993,5,12582912,-383,0,0,0
6.49883686999965,1779567208.3389192,8315,67994,6,12582912,-354,0,0,0
6.49883686999965,1779567208.3389192,8315,67995,7,12582912,-328,0,0,0
6.541771289999815,1779567208.3818533,8316,67996,0,12582912,-357,0,0,0
6.541771289999815,1779567208.3818533,8316,67997,1,12582912,-405,0,0,0
6.541771289999815,1779567208.3818533,8316,67998,2,12582912,-408,0,0,0
6.541771289999815,1779567208.3818533,8316,67999,3,12582912,-360,0,0,0
6.541771289999815,1779567208.3818533,8316,68000,4,12582912,-333,0,0,0
6.541771289999815,1779567208.3818533,8316,68001,5,12582912,-350,0,0,0
6.541771289999815,1779567208.3818533,8316,68002,6,12582912,-360,0,0,0
6.541771289999815,1779567208.3818533,8316,68003,7,12582912,-384,0,0,0
6.563490136999462,1779567208.4035726,8317,68004,0,12582912,-437,0,0,0
6.563490136999462,1779567208.4035726,8317,68005,1,12582912,-429,0,0,0
6.563490136999462,1779567208.4035726,8317,68006,2,12582912,-344,0,0,0
6.563490136999462,1779567208.4035726,8317,68007,3,12582912,-294,0,0,0
6.563490136999462,1779567208.4035726,8317,68008,4,12582912,-349,0,0,0
6.563490136999462,1779567208.4035726,8317,68009,5,12582912,-443,0,0,0
6.563490136999462,1779567208.4035726,8317,68010,6,12582912,-437,0,0,0
6.563490136999462,1779567208.4035726,8317,68011,7,12582912,-342,0,0,0
6.622024172000238,1779567208.4621065,8318,68012,0,12582912,-324,0,0,0
6.622024172000238,1779567208.4621065,8318,68013,1,12582912,-389,0,0,0
6.622024172000238,1779567208.4621065,8318,68014,2,12582912,-406,0,0,0
6.622024172000238,1779567208.4621065,8318,68015,3,12582912,-371,0,0,0
6.622024172000238,1779567208.4621065,8318,68016,4,12582912,-330,0,0,0
6.622024172000238,1779567208.4621065,8318,68017,5,12582912,-315,0,0,0
6.622024172000238,1779567208.4621065,8318,68018,6,12582912,-339,0,0,0
6.622024172000238,1779567208.4621065,8318,68019,7,12582912,-384,0,0,0
6.643786351998642,1779567208.4838674,8319,68020,0,12582912,-412,0,0,0
6.643786351998642,1779567208.4838674,8319,68021,1,12582912,-395,0,0,0
6.643786351998642,1779567208.4838674,8319,68022,2,12582912,-362,0,0,0
6.643786351998642,1779567208.4838674,8319,68023,3,12582912,-364,0,0,0
6.643786351998642,1779567208.4838674,8319,68024,4,12582912,-378,0,0,0
6.643786351998642,1779567208.4838674,8319,68025,5,12582912,-360,0,0,0
6.643786351998642,1779567208.4838674,8319,68026,6,12582912,-342,0,0,0
6.643786351998642,1779567208.4838674,8319,68027,7,12582912,-327,0,0,0
6.665433064999888,1779567208.5055153,8320,68028,0,12582912,-319,0,0,0
6.665433064999888,1779567208.5055153,8320,68029,1,12582912,-347,0,0,0
6.665433064999888,1779567208.5055153,8320,68030,2,12582912,-360,0,0,0
6.665433064999888,1779567208.5055153,8320,68031,3,12582912,-322,0,0,0
6.665433064999888,1779567208.5055153,8320,68032,4,12582912,-295,0,0,0
6.665433064999888,1779567208.5055153,8320,68033,5,12582912,-317,0,0,0
6.665433064999888,1779567208.5055153,8320,68034,6,12582912,-355,0,0,0
6.665433064999888,1779567208.5055153,8320,68035,7,12582912,-379,0,0,0
6.7025566329994035,1779567208.542639,8321,68036,0,12582912,-360,0,0,0
6.7025566329994035,1779567208.542639,8321,68037,1,12582912,-295,0,0,0
6.7025566329994035,1779567208.542639,8321,68038,2,12582912,-271,0,0,0
6.7025566329994035,1779567208.542639,8321,68039,3,12582912,-315,0,0,0
6.7025566329994035,1779567208.542639,8321,68040,4,12582912,-352,0,0,0
6.7025566329994035,1779567208.542639,8321,68041,5,12582912,-331,0,0,0
6.7025566329994035,1779567208.542639,8321,68042,6,12582912,-284,0,0,0
6.7025566329994035,1779567208.542639,8321,68043,7,12582912,-270,0,0,0
6.724201262999486,1779567208.5642834,8322,68044,0,12582912,-287,0,0,0
6.724201262999486,1779567208.5642834,8322,68045,1,12582912,-296,0,0,0
6.724201262999486,1779567208.5642834,8322,68046,2,12582912,-292,0,0,0
6.724201262999486,1779567208.5642834,8322,68047,3,12582912,-296,0,0,0
6.724201262999486,1779567208.5642834,8322,68048,4,12582912,-312,0,0,0
6.724201262999486,1779567208.5642834,8322,68049,5,12582912,-325,0,0,0
6.724201262999486,1779567208.5642834,8322,68050,6,12582912,-292,0,0,0
6.724201262999486,1779567208.5642834,8322,68051,7,12582912,-230,0,0,0
6.802650055999038,1779567208.6427326,8323,68052,0,12582912,-240,0,0,0
6.802650055999038,1779567208.6427326,8323,68053,1,12582912,-301,0,0,0
6.802650055999038,1779567208.6427326,8323,68054,2,12582912,-304,0,0,0
6.802650055999038,1779567208.6427326,8323,68055,3,12582912,-262,0,0,0
6.802650055999038,1779567208.6427326,8323,68056,4,12582912,-255,0,0,0
6.802650055999038,1779567208.6427326,8323,68057,5,12582912,-296,0,0,0
6.802650055999038,1779567208.6427326,8323,68058,6,12582912,-321,0,0,0
6.802650055999038,1779567208.6427326,8323,68059,7,12582912,-288,0,0,0
6.805288090999966,1779567208.6453712,8324,68060,0,12582912,-250,0,0,0
6.805288090999966,1779567208.6453712,8324,68061,1,12582912,-246,0,0,0
6.805288090999966,1779567208.6453712,8324,68062,2,12582912,-242,0,0,0
6.805288090999966,1779567208.6453712,8324,68063,3,12582912,-225,0,0,0
6.805288090999966,1779567208.6453712,8324,68064,4,12582912,-225,0,0,0
6.805288090999966,1779567208.6453712,8324,68065,5,12582912,-259,0,0,0
6.805288090999966,1779567208.6453712,8324,68066,6,12582912,-286,0,0,0
6.805288090999966,1779567208.6453712,8324,68067,7,12582912,-273,0,0,0
6.827021155999319,1779567208.6671035,8325,68068,0,12582912,-241,0,0,0
6.827021155999319,1779567208.6671035,8325,68069,1,12582912,-234,0,0,0
6.827021155999319,1779567208.6671035,8325,68070,2,12582912,-246,0,0,0
6.827021155999319,1779567208.6671035,8325,68071,3,12582912,-230,0,0,0
6.827021155999319,1779567208.6671035,8325,68072,4,12582912,-226,0,0,0
6.827021155999319,1779567208.6671035,8325,68073,5,12582912,-253,0,0,0
6.827021155999319,1779567208.6671035,8325,68074,6,12582912,-258,0,0,0
6.827021155999319,1779567208.6671035,8325,68075,7,12582912,-256,0,0,0
6.861981943999126,1779567208.7020643,8326,68076,0,12582912,-258,0,0,0
6.861981943999126,1779567208.7020643,8326,68077,1,12582912,-247,0,0,0
6.861981943999126,1779567208.7020643,8326,68078,2,12582912,-207,0,0,0
6.861981943999126,1779567208.7020643,8326,68079,3,12582912,-164,0,0,0
6.861981943999126,1779567208.7020643,8326,68080,4,12582912,-174,0,0,0
6.861981943999126,1779567208.7020643,8326,68081,5,12582912,-212,0,0,0
6.861981943999126,1779567208.7020643,8326,68082,6,12582912,-250,0,0,0
6.861981943999126,1779567208.7020643,8326,68083,7,12582912,-263,0,0,0
6.883716155000002,1779567208.7237983,8327,68084,0,12582912,-245,0,0,0
6.883716155000002,1779567208.7237983,8327,68085,1,12582912,-231,0,0,0
6.883716155000002,1779567208.7237983,8327,68086,2,12582912,-215,0,0,0
6.883716155000002,1779567208.7237983,8327,68087,3,12582912,-184,0,0,0
6.883716155000002,1779567208.7237983,8327,68088,4,12582912,-167,0,0,0
6.883716155000002,1779567208.7237983,8327,68089,5,12582912,-178,0,0,0
6.883716155000002,1779567208.7237983,8327,68090,6,12582912,-215,0,0,0
6.883716155000002,1779567208.7237983,8327,68091,7,12582912,-260,0,0,0
6.920490978998714,1779567208.7605731,8328,68092,0,12582912,-249,0,0,0
6.920490978998714,1779567208.7605731,8328,68093,1,12582912,-191,0,0,0
6.920490978998714,1779567208.7605731,8328,68094,2,12582912,-161,0,0,0
6.920490978998714,1779567208.7605731,8328,68095,3,12582912,-158,0,0,0
6.920490978998714,1779567208.7605731,8328,68096,4,12582912,-178,0,0,0
6.920490978998714,1779567208.7605731,8328,68097,5,12582912,-215,0,0,0
6.920490978998714,1779567208.7605731,8328,68098,6,12582912,-224,0,0,0
6.920490978998714,1779567208.7605731,8328,68099,7,12582912,-204,0,0,0
6.9427602349987865,1779567208.7828429,8329,68100,0,12582912,-180,0,0,0
6.9427602349987865,1779567208.7828429,8329,68101,1,12582912,-172,0,0,0
6.9427602349987865,1779567208.7828429,8329,68102,2,12582912,-196,0,0,0
6.9427602349987865,1779567208.7828429,8329,68103,3,12582912,-215,0,0,0
6.9427602349987865,1779567208.7828429,8329,68104,4,12582912,-184,0,0,0
6.9427602349987865,1779567208.7828429,8329,68105,5,12582912,-171,0,0,0
6.9427602349987865,1779567208.7828429,8329,68106,6,12582912,-198,0,0,0
6.9427602349987865,1779567208.7828429,8329,68107,7,12582912,-196,0,0,0
7.034646590998818,1779567208.874728,8330,68108,0,12582912,-167,0,0,0
7.034646590998818,1779567208.874728,8330,68109,1,12582912,-182,0,0,0
7.034646590998818,1779567208.874728,8330,68110,2,12582912,-232,0,0,0
7.034646590998818,1779567208.874728,8330,68111,3,12582912,-230,0,0,0
7.034646590998818,1779567208.874728,8330,68112,4,12582912,-171,0,0,0
7.034646590998818,1779567208.874728,8330,68113,5,12582912,-139,0,0,0
7.034646590998818,1779567208.874728,8330,68114,6,12582912,-163,0,0,0
7.034646590998818,1779567208.874728,8330,68115,7,12582912,-194,0,0,0
7.034812578000128,1779567208.8748922,8331,68116,0,12582912,-193,0,0,0
7.034812578000128,1779567208.8748922,8331,68117,1,12582912,-162,0,0,0
7.034812578000128,1779567208.8748922,8331,68118,2,12582912,-147,0,0,0
7.034812578000128,1779567208.8748922,8331,68119,3,12582912,-167,0,0,0
7.034812578000128,1779567208.8748922,8331,68120,4,12582912,-178,0,0,0
7.034812578000128,1779567208.8748922,8331,68121,5,12582912,-170,0,0,0
7.034812578000128,1779567208.8748922,8331,68122,6,12582912,-169,0,0,0
7.034812578000128,1779567208.8748922,8331,68123,7,12582912,-177,0,0,0
7.056304761999854,1779567208.8963869,8332,68124,0,12582912,-194,0,0,0
7.056304761999854,1779567208.8963869,8332,68125,1,12582912,-185,0,0,0
7.056304761999854,1779567208.8963869,8332,68126,2,12582912,-143,0,0,0
7.056304761999854,1779567208.8963869,8332,68127,3,12582912,-129,0,0,0
7.056304761999854,1779567208.8963869,8332,68128,4,12582912,-148,0,0,0
7.056304761999854,1779567208.8963869,8332,68129,5,12582912,-155,0,0,0
7.056304761999854,1779567208.8963869,8332,68130,6,12582912,-144,0,0,0
7.056304761999854,1779567208.8963869,8332,68131,7,12582912,-141,0,0,0
7.077949026999704,1779567208.9180315,8333,68132,0,12582912,-147,0,0,0
7.077949026999704,1779567208.9180315,8333,68133,1,12582912,-147,0,0,0
7.077949026999704,1779567208.9180315,8333,68134,2,12582912,-149,0,0,0
7.077949026999704,1779567208.9180315,8333,68135,3,12582912,-168,0,0,0
7.077949026999704,1779567208.9180315,8333,68136,4,12582912,-186,0,0,0
7.077949026999704,1779567208.9180315,8333,68137,5,12582912,-188,0,0,0
7.077949026999704,1779567208.9180315,8333,68138,6,12582912,-167,0,0,0
7.077949026999704,1779567208.9180315,8333,68139,7,12582912,-127,0,0,0
7.1293506149995665,1779567208.969433,8334,68140,0,12582912,-95,0,0,0
7.1293506149995665,1779567208.969433,8334,68141,1,12582912,-102,0,0,0
7.1293506149995665,1779567208.969433,8334,68142,2,12582912,-136,0,0,0
7.1293506149995665,1779567208.969433,8334,68143,3,12582912,-155,0,0,0
7.1293506149995665,1779567208.969433,8334,68144,4,12582912,-148,0,0,0
7.1293506149995665,1779567208.969433,8334,68145,5,12582912,-141,0,0,0
7.1293506149995665,1779567208.969433,8334,68146,6,12582912,-152,0,0,0
7.1293506149995665,1779567208.969433,8334,68147,7,12582912,-157,0,0,0
7.15523132799899,1779567208.9953134,8335,68148,0,12582912,-131,0,0,0
7.15523132799899,1779567208.9953134,8335,68149,1,12582912,-113,0,0,0
7.15523132799899,1779567208.9953134,8335,68150,2,12582912,-128,0,0,0
7.15523132799899,1779567208.9953134,8335,68151,3,12582912,-135,0,0,0
7.15523132799899,1779567208.9953134,8335,68152,4,12582912,-124,0,0,0
7.15523132799899,1779567208.9953134,8335,68153,5,12582912,-116,0,0,0
7.15523132799899,1779567208.9953134,8335,68154,6,12582912,-116,0,0,0
7.15523132799899,1779567208.9953134,8335,68155,7,12582912,-109,0,0,0
7.176837936998709,1779567209.01692,8336,68156,0,12582912,-108,0,0,0
7.176837936998709,1779567209.01692,8336,68157,1,12582912,-139,0,0,0
7.176837936998709,1779567209.01692,8336,68158,2,12582912,-156,0,0,0
7.176837936998709,1779567209.01692,8336,68159,3,12582912,-123,0,0,0
7.176837936998709,1779567209.01692,8336,68160,4,12582912,-91,0,0,0
7.176837936998709,1779567209.01692,8336,68161,5,12582912,-96,0,0,0
7.176837936998709,1779567209.01692,8336,68162,6,12582912,-117,0,0,0
7.176837936998709,1779567209.01692,8336,68163,7,12582912,-131,0,0,0
7.1985794929987605,1779567209.038662,8337,68164,0,12582912,-142,0,0,0
7.1985794929987605,1779567209.038662,8337,68165,1,12582912,-140,0,0,0
7.1985794929987605,1779567209.038662,8337,68166,2,12582912,-104,0,0,0
7.1985794929987605,1779567209.038662,8337,68167,3,12582912,-73,0,0,0
7.1985794929987605,1779567209.038662,8337,68168,4,12582912,-86,0,0,0
7.1985794929987605,1779567209.038662,8337,68169,5,12582912,-109,0,0,0
7.1985794929987605,1779567209.038662,8337,68170,6,12582912,-109,0,0,0
7.1985794929987605,1779567209.038662,8337,68171,7,12582912,-98,0,0,0
7.241301885998837,1779567209.081384,8338,68172,0,12582912,-89,0,0,0
7.241301885998837,1779567209.081384,8338,68173,1,12582912,-92,0,0,0
7.241301885998837,1779567209.081384,8338,68174,2,12582912,-111,0,0,0
7.241301885998837,1779567209.081384,8338,68175,3,12582912,-124,0,0,0
7.241301885998837,1779567209.081384,8338,68176,4,12582912,-114,0,0,0
7.241301885998837,1779567209.081384,8338,68177,5,12582912,-100,0,0,0
7.241301885998837,1779567209.081384,8338,68178,6,12582912,-100,0,0,0
7.241301885998837,1779567209.081384,8338,68179,7,12582912,-115,0,0,0
7.262986255000214,1779567209.1030686,8339,68180,0,12582912,-134,0,0,0
7.262986255000214,1779567209.1030686,8339,68181,1,12582912,-132,0,0,0
7.262986255000214,1779567209.1030686,8339,68182,2,12582912,-111,0,0,0
7.262986255000214,1779567209.1030686,8339,68183,3,12582912,-92,0,0,0
7.262986255000214,1779567209.1030686,8339,68184,4,12582912,-90,0,0,0
7.262986255000214,1779567209.1030686,8339,68185,5,12582912,-108,0,0,0
7.262986255000214,1779567209.1030686,8339,68186,6,12582912,-122,0,0,0
7.262986255000214,1779567209.1030686,8339,68187,7,12582912,-115,0,0,0
7.305690002998745,1779567209.1457722,8340,68188,0,12582912,-92,0,0,0
7.305690002998745,1779567209.1457722,8340,68189,1,12582912,-72,0,0,0
7.305690002998745,1779567209.1457722,8340,68190,2,12582912,-78,0,0,0
7.305690002998745,1779567209.1457722,8340,68191,3,12582912,-101,0,0,0
7.305690002998745,1779567209.1457722,8340,68192,4,12582912,-122,0,0,0
7.305690002998745,1779567209.1457722,8340,68193,5,12582912,-119,0,0,0
7.305690002998745,1779567209.1457722,8340,68194,6,12582912,-99,0,0,0
7.305690002998745,1779567209.1457722,8340,68195,7,12582912,-92,0,0,0
7.349437068000043,1779567209.1895194,8341,68196,0,12582912,-90,0,0,0
7.349437068000043,1779567209.1895194,8341,68197,1,12582912,-90,0,0,0
7.349437068000043,1779567209.1895194,8341,68198,2,12582912,-98,0,0,0
7.349437068000043,1779567209.1895194,8341,68199,3,12582912,-90,0,0,0
7.349437068000043,1779567209.1895194,8341,68200,4,12582912,-79,0,0,0
7.349437068000043,1779567209.1895194,8341,68201,5,12582912,-80,0,0,0
7.349437068000043,1779567209.1895194,8341,68202,6,12582912,-75,0,0,0
7.349437068000043,1779567209.1895194,8341,68203,7,12582912,-73,0,0,0
7.41730794599971,1779567209.2573905,8342,68204,0,12582912,-86,0,0,0
7.41730794599971,1779567209.2573905,8342,68205,1,12582912,-87,0,0,0
7.41730794599971,1779567209.2573905,8342,68206,2,12582912,-72,0,0,0
7.41730794599971,1779567209.2573905,8342,68207,3,12582912,-75,0,0,0
7.41730794599971,1779567209.2573905,8342,68208,4,12582912,-96,0,0,0
7.41730794599971,1779567209.2573905,8342,68209,5,12582912,-106,0,0,0
7.41730794599971,1779567209.2573905,8342,68210,6,12582912,-99,0,0,0
7.41730794599971,1779567209.2573905,8342,68211,7,12582912,-88,0,0,0
7.417626430999007,1779567209.2577074,8343,68212,0,12582912,-87,0,0,0
7.417626430999007,1779567209.2577074,8343,68213,1,12582912,-101,0,0,0
7.417626430999007,1779567209.2577074,8343,68214,2,12582912,-106,0,0,0
7.417626430999007,1779567209.2577074,8343,68215,3,12582912,-95,0,0,0
7.417626430999007,1779567209.2577074,8343,68216,4,12582912,-89,0,0,0
7.417626430999007,1779567209.2577074,8343,68217,5,12582912,-94,0,0,0
7.417626430999007,1779567209.2577074,8343,68218,6,12582912,-98,0,0,0
7.417626430999007,1779567209.2577074,8343,68219,7,12582912,-94,0,0,0
7.4393900699997175,1779567209.2794724,8344,68220,0,12582912,-85,0,0,0
7.4393900699997175,1779567209.2794724,8344,68221,1,12582912,-77,0,0,0
7.4393900699997175,1779567209.2794724,8344,68222,2,12582912,-70,0,0,0
7.4393900699997175,1779567209.2794724,8344,68223,3,12582912,-61,0,0,0
7.4393900699997175,1779567209.2794724,8344,68224,4,12582912,-61,0,0,0
7.4393900699997175,1779567209.2794724,8344,68225,5,12582912,-76,0,0,0
7.4393900699997175,1779567209.2794724,8344,68226,6,12582912,-97,0,0,0
7.4393900699997175,1779567209.2794724,8344,68227,7,12582912,-104,0,0,0
7.461056678999739,1779567209.3011389,8345,68228,0,12582912,-85,0,0,0
7.461056678999739,1779567209.3011389,8345,68229,1,12582912,-77,0,0,0
7.461056678999739,1779567209.3011389,8345,68230,2,12582912,-93,0,0,0
7.461056678999739,1779567209.3011389,8345,68231,3,12582912,-95,0,0,0
7.461056678999739,1779567209.3011389,8345,68232,4,12582912,-76,0,0,0
7.461056678999739,1779567209.3011389,8345,68233,5,12582912,-60,0,0,0
7.461056678999739,1779567209.3011389,8345,68234,6,12582912,-68,0,0,0
7.461056678999739,1779567209.3011389,8345,68235,7,12582912,-88,0,0,0
7.503979850000178,1779567209.3440619,8346,68236,0,12582912,-93,0,0,0
7.503979850000178,1779567209.3440619,8346,68237,1,12582912,-75,0,0,0
7.503979850000178,1779567209.3440619,8346,68238,2,12582912,-53,0,0,0
7.503979850000178,1779567209.3440619,8346,68239,3,12582912,-43,0,0,0
7.503979850000178,1779567209.3440619,8346,68240,4,12582912,-48,0,0,0
7.503979850000178,1779567209.3440619,8346,68241,5,12582912,-64,0,0,0
7.503979850000178,1779567209.3440619,8346,68242,6,12582912,-74,0,0,0
7.503979850000178,1779567209.3440619,8346,68243,7,12582912,-73,0,0,0
7.525642812999649,1779567209.3657253,8347,68244,0,12582912,-63,0,0,0
7.525642812999649,1779567209.3657253,8347,68245,1,12582912,-51,0,0,0
7.525642812999649,1779567209.3657253,8347,68246,2,12582912,-47,0,0,0
7.525642812999649,1779567209.3657253,8347,68247,3,12582912,-50,0,0,0
7.525642812999649,1779567209.3657253,8347,68248,4,12582912,-55,0,0,0
7.525642812999649,1779567209.3657253,8347,68249,5,12582912,-60,0,0,0
7.525642812999649,1779567209.3657253,8347,68250,6,12582912,-61,0,0,0
7.525642812999649,1779567209.3657253,8347,68251,7,12582912,-56,0,0,0
7.562877057998776,1779567209.4029593,8348,68252,0,12582912,-54,0,0,0
7.562877057998776,1779567209.4029593,8348,68253,1,12582912,-51,0,0,0
7.562877057998776,1779567209.4029593,8348,68254,2,12582912,-50,0,0,0
7.562877057998776,1779567209.4029593,8348,68255,3,12582912,-54,0,0,0
7.562877057998776,1779567209.4029593,8348,68256,4,12582912,-55,0,0,0
7.562877057998776,1779567209.4029593,8348,68257,5,12582912,-54,0,0,0
7.562877057998776,1779567209.4029593,8348,68258,6,12582912,-54,0,0,0
7.562877057998776,1779567209.4029593,8348,68259,7,12582912,-51,0,0,0
7.584547937000025,1779567209.42463,8349,68260,0,12582912,-46,0,0,0
7.584547937000025,1779567209.42463,8349,68261,1,12582912,-39,0,0,0
7.584547937000025,1779567209.42463,8349,68262,2,12582912,-43,0,0,0
7.584547937000025,1779567209.42463,8349,68263,3,12582912,-56,0,0,0
7.584547937000025,1779567209.42463,8349,68264,4,12582912,-53,0,0,0
7.584547937000025,1779567209.42463,8349,68265,5,12582912,-30,0,0,0
7.584547937000025,1779567209.42463,8349,68266,6,12582912,-20,0,0,0
7.584547937000025,1779567209.42463,8349,68267,7,12582912,-34,0,0,0
7.619552370999372,1779567209.459635,8350,68268,0,12582912,-45,0,0,0
7.619552370999372,1779567209.459635,8350,68269,1,12582912,-37,0,0,0
7.619552370999372,1779567209.459635,8350,68270,2,12582912,-20,0,0,0
7.619552370999372,1779567209.459635,8350,68271,3,12582912,-19,0,0,0
7.619552370999372,1779567209.459635,8350,68272,4,12582912,-28,0,0,0
7.619552370999372,1779567209.459635,8350,68273,5,12582912,-21,0,0,0
7.619552370999372,1779567209.459635,8350,68274,6,12582912,-10,0,0,0
7.619552370999372,1779567209.459635,8350,68275,7,12582912,-17,0,0,0
7.662330908999138,1779567209.5024137,8351,68276,0,12582912,-18,0,0,0
7.662330908999138,1779567209.5024137,8351,68277,1,12582912,-1,0,0,0
7.662330908999138,1779567209.5024137,8351,68278,2,12582912,13,0,0,0
7.662330908999138,1779567209.5024137,8351,68279,3,12582912,12,0,0,0
7.662330908999138,1779567209.5024137,8351,68280,4,12582912,5,0,0,0
7.662330908999138,1779567209.5024137,8351,68281,5,12582912,5,0,0,0
7.662330908999138,1779567209.5024137,8351,68282,6,12582912,7,0,0,0
7.662330908999138,1779567209.5024137,8351,68283,7,12582912,6,0,0,0
7.6839639249992615,1779567209.5240464,8352,68284,0,12582912,12,0,0,0
7.6839639249992615,1779567209.5240464,8352,68285,1,12582912,15,0,0,0
7.6839639249992615,1779567209.5240464,8352,68286,2,12582912,4,0,0,0
7.6839639249992615,1779567209.5240464,8352,68287,3,12582912,-9,0,0,0
7.6839639249992615,1779567209.5240464,8352,68288,4,12582912,-9,0,0,0
7.6839639249992615,1779567209.5240464,8352,68289,5,12582912,2,0,0,0
7.6839639249992615,1779567209.5240464,8352,68290,6,12582912,13,0,0,0
7.6839639249992615,1779567209.5240464,8352,68291,7,12582912,13,0,0,0
7.726760274999833,1779567209.566842,8353,68292,0,12582912,3,0,0,0
7.726760274999833,1779567209.566842,8353,68293,1,12582912,0,0,0,0
7.726760274999833,1779567209.566842,8353,68294,2,12582912,0,0,0,0
7.726760274999833,1779567209.566842,8353,68295,3,12582912,2,0,0,0
7.726760274999833,1779567209.566842,8353,68296,4,12582912,14,0,0,0
7.726760274999833,1779567209.566842,8353,68297,5,12582912,24,0,0,0
7.726760274999833,1779567209.566842,8353,68298,6,12582912,21,0,0,0
7.726760274999833,1779567209.566842,8353,68299,7,12582912,8,0,0,0
7.8415760890002275,1779567209.6816583,8354,68300,0,12582912,-2,0,0,0
7.8415760890002275,1779567209.6816583,8354,68301,1,12582912,-3,0,0,0
7.8415760890002275,1779567209.6816583,8354,68302,2,12582912,2,0,0,0
7.8415760890002275,1779567209.6816583,8354,68303,3,12582912,7,0,0,0
7.8415760890002275,1779567209.6816583,8354,68304,4,12582912,4,0,0,0
7.8415760890002275,1779567209.6816583,8354,68305,5,12582912,-4,0,0,0
7.8415760890002275,1779567209.6816583,8354,68306,6,12582912,-10,0,0,0
7.8415760890002275,1779567209.6816583,8354,68307,7,12582912,-12,0,0,0
7.844230632999825,1779567209.6843138,8355,68308,0,12582912,-8,0,0,0
7.844230632999825,1779567209.6843138,8355,68309,1,12582912,-4,0,0,0
7.844230632999825,1779567209.6843138,8355,68310,2,12582912,-2,0,0,0
7.844230632999825,1779567209.6843138,8355,68311,3,12582912,0,0,0,0
7.844230632999825,1779567209.6843138,8355,68312,4,12582912,3,0,0,0
7.844230632999825,1779567209.6843138,8355,68313,5,12582912,1,0,0,0
7.844230632999825,1779567209.6843138,8355,68314,6,12582912,-8,0,0,0
7.844230632999825,1779567209.6843138,8355,68315,7,12582912,-16,0,0,0
7.844551825999588,1779567209.6846325,8356,68316,0,12582912,-18,0,0,0
7.844551825999588,1779567209.6846325,8356,68317,1,12582912,-12,0,0,0
7.844551825999588,1779567209.6846325,8356,68318,2,12582912,-6,0,0,0
7.844551825999588,1779567209.6846325,8356,68319,3,12582912,0,0,0,0
7.844551825999588,1779567209.6846325,8356,68320,4,12582912,7,0,0,0
7.844551825999588,1779567209.6846325,8356,68321,5,12582912,9,0,0,0
7.844551825999588,1779567209.6846325,8356,68322,6,12582912,8,0,0,0
7.844551825999588,1779567209.6846325,8356,68323,7,12582912,11,0,0,0
7.844841248999728,1779567209.6849217,8357,68324,0,12582912,14,0,0,0
7.844841248999728,1779567209.6849217,8357,68325,1,12582912,11,0,0,0
7.844841248999728,1779567209.6849217,8357,68326,2,12582912,6,0,0,0
7.844841248999728,1779567209.6849217,8357,68327,3,12582912,4,0,0,0
7.844841248999728,1779567209.6849217,8357,68328,4,12582912,0,0,0,0
7.844841248999728,1779567209.6849217,8357,68329,5,12582912,-6,0,0,0
7.844841248999728,1779567209.6849217,8357,68330,6,12582912,-9,0,0,0
7.844841248999728,1779567209.6849217,8357,68331,7,12582912,-7,0,0,0
7.880140313998709,1779567209.7202225,8358,68332,0,12582912,0,0,0,0
7.880140313998709,1779567209.7202225,8358,68333,1,12582912,3,0,0,0
7.880140313998709,1779567209.7202225,8358,68334,2,12582912,2,0,0,0
7.880140313998709,1779567209.7202225,8358,68335,3,12582912,0,0,0,0
7.880140313998709,1779567209.7202225,8358,68336,4,12582912,0,0,0,0
7.880140313998709,1779567209.7202225,8358,68337,5,12582912,-1,0,0,0
7.880140313998709,1779567209.7202225,8358,68338,6,12582912,-3,0,0,0
7.880140313998709,1779567209.7202225,8358,68339,7,12582912,-7,0,0,0
7.901759891999973,1779567209.7418427,8359,68340,0,12582912,-12,0,0,0
7.901759891999973,1779567209.7418427,8359,68341,1,12582912,-14,0,0,0
7.901759891999973,1779567209.7418427,8359,68342,2,12582912,-16,0,0,0
7.901759891999973,1779567209.7418427,8359,68343,3,12582912,-18,0,0,0
7.901759891999973,1779567209.7418427,8359,68344,4,12582912,-22,0,0,0
7.901759891999973,1779567209.7418427,8359,68345,5,12582912,-28,0,0,0
7.901759891999973,1779567209.7418427,8359,68346,6,12582912,-30,0,0,0
7.901759891999973,1779567209.7418427,8359,68347,7,12582912,-25,0,0,0
7.944420879999598,1779567209.7845025,8360,68348,0,12582912,-20,0,0,0
7.944420879999598,1779567209.7845025,8360,68349,1,12582912,-17,0,0,0
7.944420879999598,1779567209.7845025,8360,68350,2,12582912,-17,0,0,0
7.944420879999598,1779567209.7845025,8360,68351,3,12582912,-20,0,0,0
7.944420879999598,1779567209.7845025,8360,68352,4,12582912,-23,0,0,0
7.944420879999598,1779567209.7845025,8360,68353,5,12582912,-26,0,0,0
7.944420879999598,1779567209.7845025,8360,68354,6,12582912,-27,0,0,0
7.944420879999598,1779567209.7845025,8360,68355,7,12582912,-30,0,0,0
7.977455446998647,1779567209.8175368,8361,68356,0,12582912,-33,0,0,0
7.977455446998647,1779567209.8175368,8361,68357,1,12582912,-34,0,0,0
7.977455446998647,1779567209.8175368,8361,68358,2,12582912,-35,0,0,0
7.977455446998647,1779567209.8175368,8361,68359,3,12582912,-37,0,0,0
7.977455446998647,1779567209.8175368,8361,68360,4,12582912,-41,0,0,0
7.977455446998647,1779567209.8175368,8361,68361,5,12582912,-45,0,0,0
7.977455446998647,1779567209.8175368,8361,68362,6,12582912,-48,0,0,0
7.977455446998647,1779567209.8175368,8361,68363,7,12582912,-49,0,0,0
7.999137159999009,1779567209.8392186,8362,68364,0,12582912,-50,0,0,0
7.999137159999009,1779567209.8392186,8362,68365,1,12582912,-50,0,0,0
7.999137159999009,1779567209.8392186,8362,68366,2,12582912,-47,0,0,0
7.999137159999009,1779567209.8392186,8362,68367,3,12582912,-42,0,0,0
7.999137159999009,1779567209.8392186,8362,68368,4,12582912,-40,0,0,0
7.999137159999009,1779567209.8392186,8362,68369,5,12582912,-41,0,0,0
7.999137159999009,1779567209.8392186,8362,68370,6,12582912,-44,0,0,0
7.999137159999009,1779567209.8392186,8362,68371,7,12582912,-48,0,0,0
8.041383465999388,1779567209.8814647,8363,68372,0,12582912,-50,0,0,0
8.041383465999388,1779567209.8814647,8363,68373,1,12582912,-51,0,0,0
8.041383465999388,1779567209.8814647,8363,68374,2,12582912,-51,0,0,0
8.041383465999388,1779567209.8814647,8363,68375,3,12582912,-50,0,0,0
8.041383465999388,1779567209.8814647,8363,68376,4,12582912,-46,0,0,0
8.041383465999388,1779567209.8814647,8363,68377,5,12582912,-44,0,0,0
8.041383465999388,1779567209.8814647,8363,68378,6,12582912,-46,0,0,0
8.041383465999388,1779567209.8814647,8363,68379,7,12582912,-48,0,0,0
8.062663257998793,1779567209.9027448,8364,68380,0,12582912,-48,0,0,0
8.062663257998793,1779567209.9027448,8364,68381,1,12582912,-48,0,0,0
8.062663257998793,1779567209.9027448,8364,68382,2,12582912,-46,0,0,0
8.062663257998793,1779567209.9027448,8364,68383,3,12582912,-46,0,0,0
8.062663257998793,1779567209.9027448,8364,68384,4,12582912,-52,0,0,0
8.062663257998793,1779567209.9027448,8364,68385,5,12582912,-59,0,0,0
8.062663257998793,1779567209.9027448,8364,68386,6,12582912,-59,0,0,0
8.062663257998793,1779567209.9027448,8364,68387,7,12582912,-53,0,0,0
8.105197215998487,1779567209.9452798,8365,68388,0,12582912,-51,0,0,0
8.105197215998487,1779567209.9452798,8365,68389,1,12582912,-54,0,0,0
8.105197215998487,1779567209.9452798,8365,68390,2,12582912,-58,0,0,0
8.105197215998487,1779567209.9452798,8365,68391,3,12582912,-60,0,0,0
8.105197215998487,1779567209.9452798,8365,68392,4,12582912,-61,0,0,0
8.105197215998487,1779567209.9452798,8365,68393,5,12582912,-67,0,0,0
8.105197215998487,1779567209.9452798,8365,68394,6,12582912,-71,0,0,0
8.105197215998487,1779567209.9452798,8365,68395,7,12582912,-69,0,0,0
8.140371438999864,1779567209.9804537,8366,68396,0,12582912,-64,0,0,0
8.140371438999864,1779567209.9804537,8366,68397,1,12582912,-63,0,0,0
8.140371438999864,1779567209.9804537,8366,68398,2,12582912,-66,0,0,0
8.140371438999864,1779567209.9804537,8366,68399,3,12582912,-78,0,0,0
8.140371438999864,1779567209.9804537,8366,68400,4,12582912,-94,0,0,0
8.140371438999864,1779567209.9804537,8366,68401,5,12582912,-101,0,0,0
8.140371438999864,1779567209.9804537,8366,68402,6,12582912,-98,0,0,0
8.140371438999864,1779567209.9804537,8366,68403,7,12582912,-86,0,0,0
8.162015130999862,1779567210.0020971,8367,68404,0,12582912,-75,0,0,0
8.162015130999862,1779567210.0020971,8367,68405,1,12582912,-68,0,0,0
8.162015130999862,1779567210.0020971,8367,68406,2,12582912,-58,0,0,0
8.162015130999862,1779567210.0020971,8367,68407,3,12582912,-48,0,0,0
8.162015130999862,1779567210.0020971,8367,68408,4,12582912,-38,0,0,0
8.162015130999862,1779567210.0020971,8367,68409,5,12582912,-30,0,0,0
8.162015130999862,1779567210.0020971,8367,68410,6,12582912,-23,0,0,0
8.162015130999862,1779567210.0020971,8367,68411,7,12582912,-23,0,0,0
8.218877994999275,1779567210.0589607,8368,68412,0,12582912,-30,0,0,0
8.218877994999275,1779567210.0589607,8368,68413,1,12582912,-31,0,0,0
8.218877994999275,1779567210.0589607,8368,68414,2,12582912,-27,0,0,0
8.218877994999275,1779567210.0589607,8368,68415,3,12582912,-33,0,0,0
8.218877994999275,1779567210.0589607,8368,68416,4,12582912,-45,0,0,0
8.218877994999275,1779567210.0589607,8368,68417,5,12582912,-50,0,0,0
8.218877994999275,1779567210.0589607,8368,68418,6,12582912,-50,0,0,0
8.218877994999275,1779567210.0589607,8368,68419,7,12582912,-51,0,0,0
8.240599238999494,1779567210.0806816,8369,68420,0,12582912,-51,0,0,0
8.240599238999494,1779567210.0806816,8369,68421,1,12582912,-48,0,0,0
8.240599238999494,1779567210.0806816,8369,68422,2,12582912,-43,0,0,0
8.240599238999494,1779567210.0806816,8369,68423,3,12582912,-37,0,0,0
8.240599238999494,1779567210.0806816,8369,68424,4,12582912,-34,0,0,0
8.240599238999494,1779567210.0806816,8369,68425,5,12582912,-33,0,0,0
8.240599238999494,1779567210.0806816,8369,68426,6,12582912,-31,0,0,0
8.240599238999494,1779567210.0806816,8369,68427,7,12582912,-29,0,0,0
8.262323347998972,1779567210.1024058,8370,68428,0,12582912,-25,0,0,0
8.262323347998972,1779567210.1024058,8370,68429,1,12582912,-15,0,0,0
8.262323347998972,1779567210.1024058,8370,68430,2,12582912,-6,0,0,0
8.262323347998972,1779567210.1024058,8370,68431,3,12582912,0,0,0,0
8.262323347998972,1779567210.1024058,8370,68432,4,12582912,1,0,0,0
8.262323347998972,1779567210.1024058,8370,68433,5,12582912,-1,0,0,0
8.262323347998972,1779567210.1024058,8370,68434,6,12582912,-1,0,0,0
8.262323347998972,1779567210.1024058,8370,68435,7,12582912,2,0,0,0
8.283955008999328,1779567210.124037,8371,68436,0,12582912,1,0,0,0
8.283955008999328,1779567210.124037,8371,68437,1,12582912,0,0,0,0
8.283955008999328,1779567210.124037,8371,68438,2,12582912,4,0,0,0
8.283955008999328,1779567210.124037,8371,68439,3,12582912,16,0,0,0
8.283955008999328,1779567210.124037,8371,68440,4,12582912,22,0,0,0
8.283955008999328,1779567210.124037,8371,68441,5,12582912,28,0,0,0
8.283955008999328,1779567210.124037,8371,68442,6,12582912,46,0,0,0
8.283955008999328,1779567210.124037,8371,68443,7,12582912,68,0,0,0
8.326713028000086,1779567210.1667953,8372,68444,0,12582912,80,0,0,0
8.326713028000086,1779567210.1667953,8372,68445,1,12582912,85,0,0,0
8.326713028000086,1779567210.1667953,8372,68446,2,12582912,84,0,0,0
8.326713028000086,1779567210.1667953,8372,68447,3,12582912,82,0,0,0
8.326713028000086,1779567210.1667953,8372,68448,4,12582912,88,0,0,0
8.326713028000086,1779567210.1667953,8372,68449,5,12582912,102,0,0,0
8.326713028000086,1779567210.1667953,8372,68450,6,12582912,117,0,0,0
8.326713028000086,1779567210.1667953,8372,68451,7,12582912,126,0,0,0
8.348395001999961,1779567210.1884775,8373,68452,0,12582912,134,0,0,0
8.348395001999961,1779567210.1884775,8373,68453,1,12582912,146,0,0,0
8.348395001999961,1779567210.1884775,8373,68454,2,12582912,163,0,0,0
8.348395001999961,1779567210.1884775,8373,68455,3,12582912,176,0,0,0
8.348395001999961,1779567210.1884775,8373,68456,4,12582912,180,0,0,0
8.348395001999961,1779567210.1884775,8373,68457,5,12582912,186,0,0,0
8.348395001999961,1779567210.1884775,8373,68458,6,12582912,207,0,0,0
8.348395001999961,1779567210.1884775,8373,68459,7,12582912,270,0,0,0
8.404758497999865,1779567210.2448406,8374,68460,0,12582912,400,0,0,0
8.404758497999865,1779567210.2448406,8374,68461,1,12582912,565,0,0,0
8.404758497999865,1779567210.2448406,8374,68462,2,12582912,703,0,0,0
8.404758497999865,1779567210.2448406,8374,68463,3,12582912,785,0,0,0
8.404758497999865,1779567210.2448406,8374,68464,4,12582912,823,0,0,0
8.404758497999865,1779567210.2448406,8374,68465,5,12582912,832,0,0,0
8.404758497999865,1779567210.2448406,8374,68466,6,12582912,833,0,0,0
8.404758497999865,1779567210.2448406,8374,68467,7,12582912,844,0,0,0
8.426514949998818,1779567210.2665973,8375,68468,0,12582912,853,0,0,0
8.426514949998818,1779567210.2665973,8375,68469,1,12582912,841,0,0,0
8.426514949998818,1779567210.2665973,8375,68470,2,12582912,807,0,0,0
8.426514949998818,1779567210.2665973,8375,68471,3,12582912,779,0,0,0
8.426514949998818,1779567210.2665973,8375,68472,4,12582912,774,0,0,0
8.426514949998818,1779567210.2665973,8375,68473,5,12582912,776,0,0,0
8.426514949998818,1779567210.2665973,8375,68474,6,12582912,774,0,0,0
8.426514949998818,1779567210.2665973,8375,68475,7,12582912,770,0,0,0
8.448179683999115,1779567210.288262,8376,68476,0,12582912,764,0,0,0
8.448179683999115,1779567210.288262,8376,68477,1,12582912,748,0,0,0
8.448179683999115,1779567210.288262,8376,68478,2,12582912,731,0,0,0
8.448179683999115,1779567210.288262,8376,68479,3,12582912,725,0,0,0
8.448179683999115,1779567210.288262,8376,68480,4,12582912,723,0,0,0
8.448179683999115,1779567210.288262,8376,68481,5,12582912,716,0,0,0
8.448179683999115,1779567210.288262,8376,68482,6,12582912,703,0,0,0
8.448179683999115,1779567210.288262,8376,68483,7,12582912,698,0,0,0
8.491001294998568,1779567210.3310838,8377,68484,0,12582912,698,0,0,0
8.491001294998568,1779567210.3310838,8377,68485,1,12582912,682,0,0,0
8.491001294998568,1779567210.3310838,8377,68486,2,12582912,654,0,0,0
8.491001294998568,1779567210.3310838,8377,68487,3,12582912,643,0,0,0
8.491001294998568,1779567210.3310838,8377,68488,4,12582912,641,0,0,0
8.491001294998568,1779567210.3310838,8377,68489,5,12582912,634,0,0,0
8.491001294998568,1779567210.3310838,8377,68490,6,12582912,604,0,0,0
8.491001294998568,1779567210.3310838,8377,68491,7,12582912,556,0,0,0
8.533872228999826,1779567210.3739545,8378,68492,0,12582912,560,0,0,0
8.533872228999826,1779567210.3739545,8378,68493,1,12582912,619,0,0,0
8.533872228999826,1779567210.3739545,8378,68494,2,12582912,641,0,0,0
8.533872228999826,1779567210.3739545,8378,68495,3,12582912,600,0,0,0
8.533872228999826,1779567210.3739545,8378,68496,4,12582912,543,0,0,0
8.533872228999826,1779567210.3739545,8378,68497,5,12582912,514,0,0,0
8.533872228999826,1779567210.3739545,8378,68498,6,12582912,532,0,0,0
8.533872228999826,1779567210.3739545,8378,68499,7,12582912,556,0,0,0
8.555625400000281,1779567210.3957078,8379,68500,0,12582912,558,0,0,0
8.555625400000281,1779567210.3957078,8379,68501,1,12582912,549,0,0,0
8.555625400000281,1779567210.3957078,8379,68502,2,12582912,496,0,0,0
8.555625400000281,1779567210.3957078,8379,68503,3,12582912,431,0,0,0
8.555625400000281,1779567210.3957078,8379,68504,4,12582912,497,0,0,0
8.555625400000281,1779567210.3957078,8379,68505,5,12582912,640,0,0,0
8.555625400000281,1779567210.3957078,8379,68506,6,12582912,650,0,0,0
8.555625400000281,1779567210.3957078,8379,68507,7,12582912,526,0,0,0
8.59308969399899,1779567210.4331713,8380,68508,0,12582912,464,0,0,0
8.59308969399899,1779567210.4331713,8380,68509,1,12582912,531,0,0,0
8.59308969399899,1779567210.4331713,8380,68510,2,12582912,605,0,0,0
8.59308969399899,1779567210.4331713,8380,68511,3,12582912,601,0,0,0
8.59308969399899,1779567210.4331713,8380,68512,4,12582912,551,0,0,0
8.59308969399899,1779567210.4331713,8380,68513,5,12582912,516,0,0,0
8.59308969399899,1779567210.4331713,8380,68514,6,12582912,513,0,0,0
8.59308969399899,1779567210.4331713,8380,68515,7,12582912,502,0,0,0
8.629033541999888,1779567210.469115,8381,68516,0,12582912,460,0,0,0
8.629033541999888,1779567210.469115,8381,68517,1,12582912,456,0,0,0
8.629033541999888,1779567210.469115,8381,68518,2,12582912,495,0,0,0
8.629033541999888,1779567210.469115,8381,68519,3,12582912,499,0,0,0
8.629033541999888,1779567210.469115,8381,68520,4,12582912,456,0,0,0
8.629033541999888,1779567210.469115,8381,68521,5,12582912,366,0,0,0
8.629033541999888,1779567210.469115,8381,68522,6,12582912,269,0,0,0
8.629033541999888,1779567210.469115,8381,68523,7,12582912,212,0,0,0
8.65631157899952,1779567210.4963927,8382,68524,0,12582912,188,0,0,0
8.65631157899952,1779567210.4963927,8382,68525,1,12582912,185,0,0,0
8.65631157899952,1779567210.4963927,8382,68526,2,12582912,178,0,0,0
8.65631157899952,1779567210.4963927,8382,68527,3,12582912,158,0,0,0
8.65631157899952,1779567210.4963927,8382,68528,4,12582912,117,0,0,0
8.65631157899952,1779567210.4963927,8382,68529,5,12582912,44,0,0,0
8.65631157899952,1779567210.4963927,8382,68530,6,12582912,16,0,0,0
8.65631157899952,1779567210.4963927,8382,68531,7,12582912,36,0,0,0
8.69937907199892,1779567210.5394614,8383,68532,0,12582912,-11,0,0,0
8.69937907199892,1779567210.5394614,8383,68533,1,12582912,-73,0,0,0
8.69937907199892,1779567210.5394614,8383,68534,2,12582912,-39,0,0,0
8.69937907199892,1779567210.5394614,8383,68535,3,12582912,-5,0,0,0
8.69937907199892,1779567210.5394614,8383,68536,4,12582912,-49,0,0,0
8.69937907199892,1779567210.5394614,8383,68537,5,12582912,-79,0,0,0
8.69937907199892,1779567210.5394614,8383,68538,6,12582912,-82,0,0,0
8.69937907199892,1779567210.5394614,8383,68539,7,12582912,-109,0,0,0
8.72077818499929,1779567210.56086,8384,68540,0,12582912,-147,0,0,0
8.72077818499929,1779567210.56086,8384,68541,1,12582912,-189,0,0,0
8.72077818499929,1779567210.56086,8384,68542,2,12582912,-232,0,0,0
8.72077818499929,1779567210.56086,8384,68543,3,12582912,-239,0,0,0
8.72077818499929,1779567210.56086,8384,68544,4,12582912,-216,0,0,0
8.72077818499929,1779567210.56086,8384,68545,5,12582912,-189,0,0,0
8.72077818499929,1779567210.56086,8384,68546,6,12582912,-176,0,0,0
8.72077818499929,1779567210.56086,8384,68547,7,12582912,-193,0,0,0
8.813586406999093,1779567210.6536684,8385,68548,0,12582912,-202,0,0,0
8.813586406999093,1779567210.6536684,8385,68549,1,12582912,-188,0,0,0
8.813586406999093,1779567210.6536684,8385,68550,2,12582912,-194,0,0,0
8.813586406999093,1779567210.6536684,8385,68551,3,12582912,-247,0,0,0
8.813586406999093,1779567210.6536684,8385,68552,4,12582912,-311,0,0,0
8.813586406999093,1779567210.6536684,8385,68553,5,12582912,-323,0,0,0
8.813586406999093,1779567210.6536684,8385,68554,6,12582912,-295,0,0,0
8.813586406999093,1779567210.6536684,8385,68555,7,12582912,-277,0,0,0
8.813894058999722,1779567210.653975,8386,68556,0,12582912,-272,0,0,0
8.813894058999722,1779567210.653975,8386,68557,1,12582912,-279,0,0,0
8.813894058999722,1779567210.653975,8386,68558,2,12582912,-291,0,0,0
8.813894058999722,1779567210.653975,8386,68559,3,12582912,-285,0,0,0
8.813894058999722,1779567210.653975,8386,68560,4,12582912,-262,0,0,0
8.813894058999722,1779567210.653975,8386,68561,5,12582912,-252,0,0,0
8.813894058999722,1779567210.653975,8386,68562,6,12582912,-279,0,0,0
8.813894058999722,1779567210.653975,8386,68563,7,12582912,-331,0,0,0
8.8141782219991,1779567210.654259,8387,68564,0,12582912,-373,0,0,0
8.8141782219991,1779567210.654259,8387,68565,1,12582912,-403,0,0,0
8.8141782219991,1779567210.654259,8387,68566,2,12582912,-386,0,0,0
8.8141782219991,1779567210.654259,8387,68567,3,12582912,-319,0,0,0
8.8141782219991,1779567210.654259,8387,68568,4,12582912,-288,0,0,0
8.8141782219991,1779567210.654259,8387,68569,5,12582912,-284,0,0,0
8.8141782219991,1779567210.654259,8387,68570,6,12582912,-267,0,0,0
8.8141782219991,1779567210.654259,8387,68571,7,12582912,-264,0,0,0
8.850516229998902,1779567210.6905985,8388,68572,0,12582912,-273,0,0,0
8.850516229998902,1779567210.6905985,8388,68573,1,12582912,-291,0,0,0
8.850516229998902,1779567210.6905985,8388,68574,2,12582912,-313,0,0,0
8.850516229998902,1779567210.6905985,8388,68575,3,12582912,-326,0,0,0
8.850516229998902,1779567210.6905985,8388,68576,4,12582912,-335,0,0,0
8.850516229998902,1779567210.6905985,8388,68577,5,12582912,-331,0,0,0
8.850516229998902,1779567210.6905985,8388,68578,6,12582912,-301,0,0,0
8.850516229998902,1779567210.6905985,8388,68579,7,12582912,-286,0,0,0
9.07624765899891,1779567210.9163303,8389,68580,0,12582912,-295,0,0,0
9.07624765899891,1779567210.9163303,8389,68581,1,12582912,-285,0,0,0
9.07624765899891,1779567210.9163303,8389,68582,2,12582912,-249,0,0,0
9.07624765899891,1779567210.9163303,8389,68583,3,12582912,-230,0,0,0
9.07624765899891,1779567210.9163303,8389,68584,4,12582912,-265,0,0,0
9.07624765899891,1779567210.9163303,8389,68585,5,12582912,-332,0,0,0
9.07624765899891,1779567210.9163303,8389,68586,6,12582912,-381,0,0,0
9.07624765899891,1779567210.9163303,8389,68587,7,12582912,-353,0,0,0
9.112209787999745,1779567210.9522908,8390,68588,0,12582912,-278,0,0,0
9.112209787999745,1779567210.9522908,8390,68589,1,12582912,-254,0,0,0
9.112209787999745,1779567210.9522908,8390,68590,2,12582912,-273,0,0,0
9.112209787999745,1779567210.9522908,8390,68591,3,12582912,-288,0,0,0
9.112209787999745,1779567210.9522908,8390,68592,4,12582912,-289,0,0,0
9.112209787999745,1779567210.9522908,8390,68593,5,12582912,-281,0,0,0
9.112209787999745,1779567210.9522908,8390,68594,6,12582912,-277,0,0,0
9.112209787999745,1779567210.9522908,8390,68595,7,12582912,-262,0,0,0
9.133654473000206,1779567210.973737,8391,68596,0,12582912,-260,0,0,0
9.133654473000206,1779567210.973737,8391,68597,1,12582912,-305,0,0,0
9.133654473000206,1779567210.973737,8391,68598,2,12582912,-344,0,0,0
9.133654473000206,1779567210.973737,8391,68599,3,12582912,-337,0,0,0
9.133654473000206,1779567210.973737,8391,68600,4,12582912,-302,0,0,0
9.133654473000206,1779567210.973737,8391,68601,5,12582912,-247,0,0,0
9.133654473000206,1779567210.973737,8391,68602,6,12582912,-221,0,0,0
9.133654473000206,1779567210.973737,8391,68603,7,12582912,-256,0,0,0
9.159339148000072,1779567210.9994214,8392,68604,0,12582912,-295,0,0,0
9.159339148000072,1779567210.9994214,8392,68605,1,12582912,-279,0,0,0
9.159339148000072,1779567210.9994214,8392,68606,2,12582912,-248,0,0,0
9.159339148000072,1779567210.9994214,8392,68607,3,12582912,-255,0,0,0
9.159339148000072,1779567210.9994214,8392,68608,4,12582912,-291,0,0,0
9.159339148000072,1779567210.9994214,8392,68609,5,12582912,-325,0,0,0
9.159339148000072,1779567210.9994214,8392,68610,6,12582912,-290,0,0,0
9.159339148000072,1779567210.9994214,8392,68611,7,12582912,-209,0,0,0
9.180959351999263,1779567211.0210419,8393,68612,0,12582912,-193,0,0,0
9.180959351999263,1779567211.0210419,8393,68613,1,12582912,-234,0,0,0
9.180959351999263,1779567211.0210419,8393,68614,2,12582912,-252,0,0,0
9.180959351999263,1779567211.0210419,8393,68615,3,12582912,-234,0,0,0
9.180959351999263,1779567211.0210419,8393,68616,4,12582912,-215,0,0,0
9.180959351999263,1779567211.0210419,8393,68617,5,12582912,-215,0,0,0
9.180959351999263,1779567211.0210419,8393,68618,6,12582912,-235,0,0,0
9.180959351999263,1779567211.0210419,8393,68619,7,12582912,-268,0,0,0
9.223685601999023,1779567211.063768,8394,68620,0,12582912,-288,0,0,0
9.223685601999023,1779567211.063768,8394,68621,1,12582912,-265,0,0,0
9.223685601999023,1779567211.063768,8394,68622,2,12582912,-214,0,0,0
9.223685601999023,1779567211.063768,8394,68623,3,12582912,-189,0,0,0
9.223685601999023,1779567211.063768,8394,68624,4,12582912,-204,0,0,0
9.223685601999023,1779567211.063768,8394,68625,5,12582912,-213,0,0,0
9.223685601999023,1779567211.063768,8394,68626,6,12582912,-201,0,0,0
9.223685601999023,1779567211.063768,8394,68627,7,12582912,-198,0,0,0
9.245287159999862,1779567211.0853693,8395,68628,0,12582912,-216,0,0,0
9.245287159999862,1779567211.0853693,8395,68629,1,12582912,-229,0,0,0
9.245287159999862,1779567211.0853693,8395,68630,2,12582912,-215,0,0,0
9.245287159999862,1779567211.0853693,8395,68631,3,12582912,-206,0,0,0
9.245287159999862,1779567211.0853693,8395,68632,4,12582912,-216,0,0,0
9.245287159999862,1779567211.0853693,8395,68633,5,12582912,-210,0,0,0
9.245287159999862,1779567211.0853693,8395,68634,6,12582912,-190,0,0,0
9.245287159999862,1779567211.0853693,8395,68635,7,12582912,-204,0,0,0
9.282702810000046,1779567211.122785,8396,68636,0,12582912,-227,0,0,0
9.282702810000046,1779567211.122785,8396,68637,1,12582912,-196,0,0,0
9.282702810000046,1779567211.122785,8396,68638,2,12582912,-154,0,0,0
9.282702810000046,1779567211.122785,8396,68639,3,12582912,-152,0,0,0
9.282702810000046,1779567211.122785,8396,68640,4,12582912,-176,0,0,0
9.282702810000046,1779567211.122785,8396,68641,5,12582912,-202,0,0,0
9.282702810000046,1779567211.122785,8396,68642,6,12582912,-210,0,0,0
9.282702810000046,1779567211.122785,8396,68643,7,12582912,-182,0,0,0
9.32539400799942,1779567211.1654763,8397,68644,0,12582912,-151,0,0,0
9.32539400799942,1779567211.1654763,8397,68645,1,12582912,-153,0,0,0
9.32539400799942,1779567211.1654763,8397,68646,2,12582912,-166,0,0,0
9.32539400799942,1779567211.1654763,8397,68647,3,12582912,-186,0,0,0
9.32539400799942,1779567211.1654763,8397,68648,4,12582912,-204,0,0,0
9.32539400799942,1779567211.1654763,8397,68649,5,12582912,-187,0,0,0
9.32539400799942,1779567211.1654763,8397,68650,6,12582912,-144,0,0,0
9.32539400799942,1779567211.1654763,8397,68651,7,12582912,-126,0,0,0
9.361520614000256,1779567211.2016027,8398,68652,0,12582912,-157,0,0,0
9.361520614000256,1779567211.2016027,8398,68653,1,12582912,-195,0,0,0
9.361520614000256,1779567211.2016027,8398,68654,2,12582912,-205,0,0,0
9.361520614000256,1779567211.2016027,8398,68655,3,12582912,-190,0,0,0
9.361520614000256,1779567211.2016027,8398,68656,4,12582912,-156,0,0,0
9.361520614000256,1779567211.2016027,8398,68657,5,12582912,-134,0,0,0
9.361520614000256,1779567211.2016027,8398,68658,6,12582912,-148,0,0,0
9.361520614000256,1779567211.2016027,8398,68659,7,12582912,-170,0,0,0
9.429994923999402,1779567211.2700775,8399,68660,0,12582912,-156,0,0,0
9.429994923999402,1779567211.2700775,8399,68661,1,12582912,-138,0,0,0
9.429994923999402,1779567211.2700775,8399,68662,2,12582912,-158,0,0,0
9.429994923999402,1779567211.2700775,8399,68663,3,12582912,-168,0,0,0
9.429994923999402,1779567211.2700775,8399,68664,4,12582912,-151,0,0,0
9.429994923999402,1779567211.2700775,8399,68665,5,12582912,-151,0,0,0
9.429994923999402,1779567211.2700775,8399,68666,6,12582912,-159,0,0,0
9.429994923999402,1779567211.2700775,8399,68667,7,12582912,-145,0,0,0
9.452040173999194,1779567211.2921226,8400,68668,0,12582912,-124,0,0,0
9.452040173999194,1779567211.2921226,8400,68669,1,12582912,-124,0,0,0
9.452040173999194,1779567211.2921226,8400,68670,2,12582912,-132,0,0,0
9.452040173999194,1779567211.2921226,8400,68671,3,12582912,-139,0,0,0
9.452040173999194,1779567211.2921226,8400,68672,4,12582912,-153,0,0,0
9.452040173999194,1779567211.2921226,8400,68673,5,12582912,-161,0,0,0
9.452040173999194,1779567211.2921226,8400,68674,6,12582912,-159,0,0,0
9.452040173999194,1779567211.2921226,8400,68675,7,12582912,-149,0,0,0
9.45235511699866,1779567211.2924356,8401,68676,0,12582912,-126,0,0,0
9.45235511699866,1779567211.2924356,8401,68677,1,12582912,-107,0,0,0
9.45235511699866,1779567211.2924356,8401,68678,2,12582912,-98,0,0,0
9.45235511699866,1779567211.2924356,8401,68679,3,12582912,-96,0,0,0
9.45235511699866,1779567211.2924356,8401,68680,4,12582912,-101,0,0,0
9.45235511699866,1779567211.2924356,8401,68681,5,12582912,-114,0,0,0
9.45235511699866,1779567211.2924356,8401,68682,6,12582912,-144,0,0,0
9.45235511699866,1779567211.2924356,8401,68683,7,12582912,-156,0,0,0
9.490180552998936,1779567211.3302624,8402,68684,0,12582912,-140,0,0,0
9.490180552998936,1779567211.3302624,8402,68685,1,12582912,-130,0,0,0
9.490180552998936,1779567211.3302624,8402,68686,2,12582912,-121,0,0,0
9.490180552998936,1779567211.3302624,8402,68687,3,12582912,-104,0,0,0
9.490180552998936,1779567211.3302624,8402,68688,4,12582912,-89,0,0,0
9.490180552998936,1779567211.3302624,8402,68689,5,12582912,-83,0,0,0
9.490180552998936,1779567211.3302624,8402,68690,6,12582912,-100,0,0,0
9.490180552998936,1779567211.3302624,8402,68691,7,12582912,-116,0,0,0
9.511925077998967,1779567211.3520074,8403,68692,0,12582912,-114,0,0,0
9.511925077998967,1779567211.3520074,8403,68693,1,12582912,-126,0,0,0
9.511925077998967,1779567211.3520074,8403,68694,2,12582912,-147,0,0,0
9.511925077998967,1779567211.3520074,8403,68695,3,12582912,-143,0,0,0
9.511925077998967,1779567211.3520074,8403,68696,4,12582912,-122,0,0,0
9.511925077998967,1779567211.3520074,8403,68697,5,12582912,-106,0,0,0
9.511925077998967,1779567211.3520074,8403,68698,6,12582912,-106,0,0,0
9.511925077998967,1779567211.3520074,8403,68699,7,12582912,-111,0,0,0
9.533550074000232,1779567211.3736327,8404,68700,0,12582912,-99,0,0,0
9.533550074000232,1779567211.3736327,8404,68701,1,12582912,-83,0,0,0
9.533550074000232,1779567211.3736327,8404,68702,2,12582912,-90,0,0,0
9.533550074000232,1779567211.3736327,8404,68703,3,12582912,-124,0,0,0
9.533550074000232,1779567211.3736327,8404,68704,4,12582912,-144,0,0,0
9.533550074000232,1779567211.3736327,8404,68705,5,12582912,-122,0,0,0
9.533550074000232,1779567211.3736327,8404,68706,6,12582912,-97,0,0,0
9.533550074000232,1779567211.3736327,8404,68707,7,12582912,-94,0,0,0
9.576432570998804,1779567211.4165149,8405,68708,0,12582912,-99,0,0,0
9.576432570998804,1779567211.4165149,8405,68709,1,12582912,-113,0,0,0
9.576432570998804,1779567211.4165149,8405,68710,2,12582912,-117,0,0,0
9.576432570998804,1779567211.4165149,8405,68711,3,12582912,-102,0,0,0
9.576432570998804,1779567211.4165149,8405,68712,4,12582912,-86,0,0,0
9.576432570998804,1779567211.4165149,8405,68713,5,12582912,-81,0,0,0
9.576432570998804,1779567211.4165149,8405,68714,6,12582912,-95,0,0,0
9.576432570998804,1779567211.4165149,8405,68715,7,12582912,-112,0,0,0
9.611437265999484,1779567211.4515195,8406,68716,0,12582912,-112,0,0,0
9.611437265999484,1779567211.4515195,8406,68717,1,12582912,-119,0,0,0
9.611437265999484,1779567211.4515195,8406,68718,2,12582912,-129,0,0,0
9.611437265999484,1779567211.4515195,8406,68719,3,12582912,-103,0,0,0
9.611437265999484,1779567211.4515195,8406,68720,4,12582912,-70,0,0,0
9.611437265999484,1779567211.4515195,8406,68721,5,12582912,-78,0,0,0
9.611437265999484,1779567211.4515195,8406,68722,6,12582912,-102,0,0,0
9.611437265999484,1779567211.4515195,8406,68723,7,12582912,-89,0,0,0
9.633079605999228,1779567211.4731617,8407,68724,0,12582912,-68,0,0,0
9.633079605999228,1779567211.4731617,8407,68725,1,12582912,-86,0,0,0
9.633079605999228,1779567211.4731617,8407,68726,2,12582912,-109,0,0,0
9.633079605999228,1779567211.4731617,8407,68727,3,12582912,-94,0,0,0
9.633079605999228,1779567211.4731617,8407,68728,4,12582912,-69,0,0,0
9.633079605999228,1779567211.4731617,8407,68729,5,12582912,-71,0,0,0
9.633079605999228,1779567211.4731617,8407,68730,6,12582912,-90,0,0,0
9.633079605999228,1779567211.4731617,8407,68731,7,12582912,-93,0,0,0
9.692099469999448,1779567211.5321822,8408,68732,0,12582912,-76,0,0,0
9.692099469999448,1779567211.5321822,8408,68733,1,12582912,-61,0,0,0
9.692099469999448,1779567211.5321822,8408,68734,2,12582912,-65,0,0,0
9.692099469999448,1779567211.5321822,8408,68735,3,12582912,-84,0,0,0
9.692099469999448,1779567211.5321822,8408,68736,4,12582912,-116,0,0,0
9.692099469999448,1779567211.5321822,8408,68737,5,12582912,-135,0,0,0
9.692099469999448,1779567211.5321822,8408,68738,6,12582912,-108,0,0,0
9.692099469999448,1779567211.5321822,8408,68739,7,12582912,-63,0,0,0
9.692418372000247,1779567211.5324988,8409,68740,0,12582912,-44,0,0,0
9.692418372000247,1779567211.5324988,8409,68741,1,12582912,-47,0,0,0
9.692418372000247,1779567211.5324988,8409,68742,2,12582912,-56,0,0,0
9.692418372000247,1779567211.5324988,8409,68743,3,12582912,-79,0,0,0
9.692418372000247,1779567211.5324988,8409,68744,4,12582912,-97,0,0,0
9.692418372000247,1779567211.5324988,8409,68745,5,12582912,-97,0,0,0
9.692418372000247,1779567211.5324988,8409,68746,6,12582912,-91,0,0,0
9.692418372000247,1779567211.5324988,8409,68747,7,12582912,-78,0,0,0
9.735202015999675,1779567211.5752845,8410,68748,0,12582912,-66,0,0,0
9.735202015999675,1779567211.5752845,8410,68749,1,12582912,-75,0,0,0
9.735202015999675,1779567211.5752845,8410,68750,2,12582912,-85,0,0,0
9.735202015999675,1779567211.5752845,8410,68751,3,12582912,-71,0,0,0
9.735202015999675,1779567211.5752845,8410,68752,4,12582912,-61,0,0,0
9.735202015999675,1779567211.5752845,8410,68753,5,12582912,-78,0,0,0
9.735202015999675,1779567211.5752845,8410,68754,6,12582912,-93,0,0,0
9.735202015999675,1779567211.5752845,8410,68755,7,12582912,-80,0,0,0
9.756853314000182,1779567211.5969357,8411,68756,0,12582912,-56,0,0,0
9.756853314000182,1779567211.5969357,8411,68757,1,12582912,-60,0,0,0
9.756853314000182,1779567211.5969357,8411,68758,2,12582912,-84,0,0,0
9.756853314000182,1779567211.5969357,8411,68759,3,12582912,-93,0,0,0
9.756853314000182,1779567211.5969357,8411,68760,4,12582912,-88,0,0,0
9.756853314000182,1779567211.5969357,8411,68761,5,12582912,-79,0,0,0
9.756853314000182,1779567211.5969357,8411,68762,6,12582912,-71,0,0,0
9.756853314000182,1779567211.5969357,8411,68763,7,12582912,-72,0,0,0
9.87999703099922,1779567211.7200797,8412,68764,0,12582912,-89,0,0,0
9.87999703099922,1779567211.7200797,8412,68765,1,12582912,-105,0,0,0
9.87999703099922,1779567211.7200797,8412,68766,2,12582912,-95,0,0,0
9.87999703099922,1779567211.7200797,8412,68767,3,12582912,-63,0,0,0
9.87999703099922,1779567211.7200797,8412,68768,4,12582912,-30,0,0,0
9.87999703099922,1779567211.7200797,8412,68769,5,12582912,-22,0,0,0
9.87999703099922,1779567211.7200797,8412,68770,6,12582912,-40,0,0,0
9.87999703099922,1779567211.7200797,8412,68771,7,12582912,-62,0,0,0
9.883230732999436,1779567211.7233136,8413,68772,0,12582912,-68,0,0,0
9.883230732999436,1779567211.7233136,8413,68773,1,12582912,-65,0,0,0
9.883230732999436,1779567211.7233136,8413,68774,2,12582912,-57,0,0,0
9.883230732999436,1779567211.7233136,8413,68775,3,12582912,-44,0,0,0
9.883230732999436,1779567211.7233136,8413,68776,4,12582912,-48,0,0,0
9.883230732999436,1779567211.7233136,8413,68777,5,12582912,-71,0,0,0
9.883230732999436,1779567211.7233136,8413,68778,6,12582912,-83,0,0,0
9.883230732999436,1779567211.7233136,8413,68779,7,12582912,-78,0,0,0
9.883546249999199,1779567211.723627,8414,68780,0,12582912,-65,0,0,0
9.883546249999199,1779567211.723627,8414,68781,1,12582912,-46,0,0,0
9.883546249999199,1779567211.723627,8414,68782,2,12582912,-49,0,0,0
9.883546249999199,1779567211.723627,8414,68783,3,12582912,-82,0,0,0
9.883546249999199,1779567211.723627,8414,68784,4,12582912,-99,0,0,0
9.883546249999199,1779567211.723627,8414,68785,5,12582912,-73,0,0,0
9.883546249999199,1779567211.723627,8414,68786,6,12582912,-37,0,0,0
9.883546249999199,1779567211.723627,8414,68787,7,12582912,-26,0,0,0
9.883830724998916,1779567211.7239115,8415,68788,0,12582912,-39,0,0,0
9.883830724998916,1779567211.7239115,8415,68789,1,12582912,-55,0,0,0
9.883830724998916,1779567211.7239115,8415,68790,2,12582912,-67,0,0,0
9.883830724998916,1779567211.7239115,8415,68791,3,12582912,-72,0,0,0
9.883830724998916,1779567211.7239115,8415,68792,4,12582912,-64,0,0,0
9.883830724998916,1779567211.7239115,8415,68793,5,12582912,-56,0,0,0
9.883830724998916,1779567211.7239115,8415,68794,6,12582912,-57,0,0,0
9.883830724998916,1779567211.7239115,8415,68795,7,12582912,-66,0,0,0
9.933689733999927,1779567211.773772,8416,68796,0,12582912,-79,0,0,0
9.933689733999927,1779567211.773772,8416,68797,1,12582912,-81,0,0,0
9.933689733999927,1779567211.773772,8416,68798,2,12582912,-65,0,0,0
9.933689733999927,1779567211.773772,8416,68799,3,12582912,-48,0,0,0
9.933689733999927,1779567211.773772,8416,68800,4,12582912,-43,0,0,0
9.933689733999927,1779567211.773772,8416,68801,5,12582912,-49,0,0,0
9.933689733999927,1779567211.773772,8416,68802,6,12582912,-58,0,0,0
9.933689733999927,1779567211.773772,8416,68803,7,12582912,-66,0,0,0
9.955418946999998,1779567211.7955012,8417,68804,0,12582912,-70,0,0,0
9.955418946999998,1779567211.7955012,8417,68805,1,12582912,-66,0,0,0
9.955418946999998,1779567211.7955012,8417,68806,2,12582912,-60,0,0,0
9.955418946999998,1779567211.7955012,8417,68807,3,12582912,-53,0,0,0
9.955418946999998,1779567211.7955012,8417,68808,4,12582912,-50,0,0,0
9.955418946999998,1779567211.7955012,8417,68809,5,12582912,-51,0,0,0
9.955418946999998,1779567211.7955012,8417,68810,6,12582912,-54,0,0,0
9.955418946999998,1779567211.7955012,8417,68811,7,12582912,-55,0,0,0
9.998668053000074,1779567211.8387504,8418,68812,0,12582912,-50,0,0,0
9.998668053000074,1779567211.8387504,8418,68813,1,12582912,-43,0,0,0
9.998668053000074,1779567211.8387504,8418,68814,2,12582912,-50,0,0,0
9.998668053000074,1779567211.8387504,8418,68815,3,12582912,-62,0,0,0
9.998668053000074,1779567211.8387504,8418,68816,4,12582912,-59,0,0,0
9.998668053000074,1779567211.8387504,8418,68817,5,12582912,-48,0,0,0
9.998668053000074,1779567211.8387504,8418,68818,6,12582912,-44,0,0,0
9.998668053000074,1779567211.8387504,8418,68819,7,12582912,-48,0,0,0
10.020396171999892,1779567211.8604786,8419,68820,0,12582912,-49,0,0,0
10.020396171999892,1779567211.8604786,8419,68821,1,12582912,-43,0,0,0
10.020396171999892,1779567211.8604786,8419,68822,2,12582912,-39,0,0,0
10.020396171999892,1779567211.8604786,8419,68823,3,12582912,-39,0,0,0
10.020396171999892,1779567211.8604786,8419,68824,4,12582912,-38,0,0,0
10.020396171999892,1779567211.8604786,8419,68825,5,12582912,-36,0,0,0
10.020396171999892,1779567211.8604786,8419,68826,6,12582912,-35,0,0,0
10.020396171999892,1779567211.8604786,8419,68827,7,12582912,-34,0,0,0
10.042035177999423,1779567211.8821173,8420,68828,0,12582912,-29,0,0,0
10.042035177999423,1779567211.8821173,8420,68829,1,12582912,-18,0,0,0
10.042035177999423,1779567211.8821173,8420,68830,2,12582912,-9,0,0,0
10.042035177999423,1779567211.8821173,8420,68831,3,12582912,-3,0,0,0
10.042035177999423,1779567211.8821173,8420,68832,4,12582912,-1,0,0,0
10.042035177999423,1779567211.8821173,8420,68833,5,12582912,0,0,0,0
10.042035177999423,1779567211.8821173,8420,68834,6,12582912,2,0,0,0
10.042035177999423,1779567211.8821173,8420,68835,7,12582912,5,0,0,0
10.084873508998498,1779567211.9249556,8421,68836,0,12582912,5,0,0,0
10.084873508998498,1779567211.9249556,8421,68837,1,12582912,5,0,0,0
10.084873508998498,1779567211.9249556,8421,68838,2,12582912,7,0,0,0
10.084873508998498,1779567211.9249556,8421,68839,3,12582912,11,0,0,0
10.084873508998498,1779567211.9249556,8421,68840,4,12582912,14,0,0,0
10.084873508998498,1779567211.9249556,8421,68841,5,12582912,12,0,0,0
10.084873508998498,1779567211.9249556,8421,68842,6,12582912,7,0,0,0
10.084873508998498,1779567211.9249556,8421,68843,7,12582912,4,0,0,0
10.136011458000212,1779567211.9760938,8422,68844,0,12582912,2,0,0,0
10.136011458000212,1779567211.9760938,8422,68845,1,12582912,1,0,0,0
10.136011458000212,1779567211.9760938,8422,68846,2,12582912,3,0,0,0
10.136011458000212,1779567211.9760938,8422,68847,3,12582912,6,0,0,0
10.136011458000212,1779567211.9760938,8422,68848,4,12582912,8,0,0,0
10.136011458000212,1779567211.9760938,8422,68849,5,12582912,11,0,0,0
10.136011458000212,1779567211.9760938,8422,68850,6,12582912,17,0,0,0
10.136011458000212,1779567211.9760938,8422,68851,7,12582912,22,0,0,0
10.157763170998805,1779567211.9978452,8423,68852,0,12582912,22,0,0,0
10.157763170998805,1779567211.9978452,8423,68853,1,12582912,19,0,0,0
10.157763170998805,1779567211.9978452,8423,68854,2,12582912,17,0,0,0
10.157763170998805,1779567211.9978452,8423,68855,3,12582912,18,0,0,0
10.157763170998805,1779567211.9978452,8423,68856,4,12582912,18,0,0,0
10.157763170998805,1779567211.9978452,8423,68857,5,12582912,17,0,0,0
10.157763170998805,1779567211.9978452,8423,68858,6,12582912,15,0,0,0
10.157763170998805,1779567211.9978452,8423,68859,7,12582912,15,0,0,0
10.210424535998754,1779567212.0505068,8424,68860,0,12582912,14,0,0,0
10.210424535998754,1779567212.0505068,8424,68861,1,12582912,12,0,0,0
10.210424535998754,1779567212.0505068,8424,68862,2,12582912,9,0,0,0
10.210424535998754,1779567212.0505068,8424,68863,3,12582912,7,0,0,0
10.210424535998754,1779567212.0505068,8424,68864,4,12582912,7,0,0,0
10.210424535998754,1779567212.0505068,8424,68865,5,12582912,5,0,0,0
10.210424535998754,1779567212.0505068,8424,68866,6,12582912,1,0,0,0
10.210424535998754,1779567212.0505068,8424,68867,7,12582912,-2,0,0,0
10.232761187999131,1779567212.072843,8425,68868,0,12582912,-3,0,0,0
10.232761187999131,1779567212.072843,8425,68869,1,12582912,2,0,0,0
10.232761187999131,1779567212.072843,8425,68870,2,12582912,8,0,0,0
10.232761187999131,1779567212.072843,8425,68871,3,12582912,9,0,0,0
10.232761187999131,1779567212.072843,8425,68872,4,12582912,6,0,0,0
10.232761187999131,1779567212.072843,8425,68873,5,12582912,0,0,0,0
10.232761187999131,1779567212.072843,8425,68874,6,12582912,-7,0,0,0
10.232761187999131,1779567212.072843,8425,68875,7,12582912,-12,0,0,0
10.232992069999455,1779567212.0730724,8426,68876,0,12582912,-13,0,0,0
10.232992069999455,1779567212.0730724,8426,68877,1,12582912,-15,0,0,0
10.232992069999455,1779567212.0730724,8426,68878,2,12582912,-18,0,0,0
10.232992069999455,1779567212.0730724,8426,68879,3,12582912,-21,0,0,0
10.232992069999455,1779567212.0730724,8426,68880,4,12582912,-21,0,0,0
10.232992069999455,1779567212.0730724,8426,68881,5,12582912,-18,0,0,0
10.232992069999455,1779567212.0730724,8426,68882,6,12582912,-18,0,0,0
10.232992069999455,1779567212.0730724,8426,68883,7,12582912,-21,0,0,0
10.275662332000138,1779567212.1157448,8427,68884,0,12582912,-23,0,0,0
10.275662332000138,1779567212.1157448,8427,68885,1,12582912,-24,0,0,0
10.275662332000138,1779567212.1157448,8427,68886,2,12582912,-25,0,0,0
10.275662332000138,1779567212.1157448,8427,68887,3,12582912,-23,0,0,0
10.275662332000138,1779567212.1157448,8427,68888,4,12582912,-23,0,0,0
10.275662332000138,1779567212.1157448,8427,68889,5,12582912,-23,0,0,0
10.275662332000138,1779567212.1157448,8427,68890,6,12582912,-20,0,0,0
10.275662332000138,1779567212.1157448,8427,68891,7,12582912,-19,0,0,0
10.297321910999017,1779567212.1374044,8428,68892,0,12582912,-13,0,0,0
10.297321910999017,1779567212.1374044,8428,68893,1,12582912,-4,0,0,0
10.297321910999017,1779567212.1374044,8428,68894,2,12582912,-4,0,0,0
10.297321910999017,1779567212.1374044,8428,68895,3,12582912,-12,0,0,0
10.297321910999017,1779567212.1374044,8428,68896,4,12582912,-19,0,0,0
10.297321910999017,1779567212.1374044,8428,68897,5,12582912,-31,0,0,0
10.297321910999017,1779567212.1374044,8428,68898,6,12582912,-44,0,0,0
10.297321910999017,1779567212.1374044,8428,68899,7,12582912,-49,0,0,0
10.356284225999843,1779567212.1963665,8429,68900,0,12582912,-43,0,0,0
10.356284225999843,1779567212.1963665,8429,68901,1,12582912,-34,0,0,0
10.356284225999843,1779567212.1963665,8429,68902,2,12582912,-31,0,0,0
10.356284225999843,1779567212.1963665,8429,68903,3,12582912,-34,0,0,0
10.356284225999843,1779567212.1963665,8429,68904,4,12582912,-33,0,0,0
10.356284225999843,1779567212.1963665,8429,68905,5,12582912,-31,0,0,0
10.356284225999843,1779567212.1963665,8429,68906,6,12582912,-33,0,0,0
10.356284225999843,1779567212.1963665,8429,68907,7,12582912,-42,0,0,0
10.393867894999858,1779567212.2339501,8430,68908,0,12582912,-56,0,0,0
10.393867894999858,1779567212.2339501,8430,68909,1,12582912,-68,0,0,0
10.393867894999858,1779567212.2339501,8430,68910,2,12582912,-68,0,0,0
10.393867894999858,1779567212.2339501,8430,68911,3,12582912,-57,0,0,0
10.393867894999858,1779567212.2339501,8430,68912,4,12582912,-48,0,0,0
10.393867894999858,1779567212.2339501,8430,68913,5,12582912,-43,0,0,0
10.393867894999858,1779567212.2339501,8430,68914,6,12582912,-39,0,0,0
10.393867894999858,1779567212.2339501,8430,68915,7,12582912,-35,0,0,0
10.400068637000004,1779567212.2401514,8431,68916,0,12582912,-25,0,0,0
10.400068637000004,1779567212.2401514,8431,68917,1,12582912,-5,0,0,0
10.400068637000004,1779567212.2401514,8431,68918,2,12582912,20,0,0,0
10.400068637000004,1779567212.2401514,8431,68919,3,12582912,44,0,0,0
10.400068637000004,1779567212.2401514,8431,68920,4,12582912,64,0,0,0
10.400068637000004,1779567212.2401514,8431,68921,5,12582912,73,0,0,0
10.400068637000004,1779567212.2401514,8431,68922,6,12582912,69,0,0,0
10.400068637000004,1779567212.2401514,8431,68923,7,12582912,57,0,0,0
10.442935457998828,1779567212.2830176,8432,68924,0,12582912,47,0,0,0
10.442935457998828,1779567212.2830176,8432,68925,1,12582912,45,0,0,0
10.442935457998828,1779567212.2830176,8432,68926,2,12582912,51,0,0,0
10.442935457998828,1779567212.2830176,8432,68927,3,12582912,57,0,0,0
10.442935457998828,1779567212.2830176,8432,68928,4,12582912,60,0,0,0
10.442935457998828,1779567212.2830176,8432,68929,5,12582912,52,0,0,0
10.442935457998828,1779567212.2830176,8432,68930,6,12582912,36,0,0,0
10.442935457998828,1779567212.2830176,8432,68931,7,12582912,22,0,0,0
10.464603526999781,1779567212.3046863,8433,68932,0,12582912,10,0,0,0
10.464603526999781,1779567212.3046863,8433,68933,1,12582912,4,0,0,0
10.464603526999781,1779567212.3046863,8433,68934,2,12582912,11,0,0,0
10.464603526999781,1779567212.3046863,8433,68935,3,12582912,15,0,0,0
10.464603526999781,1779567212.3046863,8433,68936,4,12582912,2,0,0,0
10.464603526999781,1779567212.3046863,8433,68937,5,12582912,-24,0,0,0
10.464603526999781,1779567212.3046863,8433,68938,6,12582912,-43,0,0,0
10.464603526999781,1779567212.3046863,8433,68939,7,12582912,-46,0,0,0
10.507382588999462,1779567212.347465,8434,68940,0,12582912,-39,0,0,0
10.507382588999462,1779567212.347465,8434,68941,1,12582912,-31,0,0,0
10.507382588999462,1779567212.347465,8434,68942,2,12582912,-21,0,0,0
10.507382588999462,1779567212.347465,8434,68943,3,12582912,-17,0,0,0
10.507382588999462,1779567212.347465,8434,68944,4,12582912,-28,0,0,0
10.507382588999462,1779567212.347465,8434,68945,5,12582912,-43,0,0,0
10.507382588999462,1779567212.347465,8434,68946,6,12582912,-50,0,0,0
10.507382588999462,1779567212.347465,8434,68947,7,12582912,-42,0,0,0
10.529026803998931,1779567212.369109,8435,68948,0,12582912,-25,0,0,0
10.529026803998931,1779567212.369109,8435,68949,1,12582912,-8,0,0,0
10.529026803998931,1779567212.369109,8435,68950,2,12582912,2,0,0,0
10.529026803998931,1779567212.369109,8435,68951,3,12582912,1,0,0,0
10.529026803998931,1779567212.369109,8435,68952,4,12582912,-12,0,0,0
10.529026803998931,1779567212.369109,8435,68953,5,12582912,-20,0,0,0
10.529026803998931,1779567212.369109,8435,68954,6,12582912,-10,0,0,0
10.529026803998931,1779567212.369109,8435,68955,7,12582912,7,0,0,0
10.565520176000064,1779567212.4056025,8436,68956,0,12582912,22,0,0,0
10.565520176000064,1779567212.4056025,8436,68957,1,12582912,36,0,0,0
10.565520176000064,1779567212.4056025,8436,68958,2,12582912,45,0,0,0
10.565520176000064,1779567212.4056025,8436,68959,3,12582912,46,0,0,0
10.565520176000064,1779567212.4056025,8436,68960,4,12582912,43,0,0,0
10.565520176000064,1779567212.4056025,8436,68961,5,12582912,44,0,0,0
10.565520176000064,1779567212.4056025,8436,68962,6,12582912,51,0,0,0
10.565520176000064,1779567212.4056025,8436,68963,7,12582912,54,0,0,0
10.617994460999398,1779567212.4580767,8437,68964,0,12582912,53,0,0,0
10.617994460999398,1779567212.4580767,8437,68965,1,12582912,56,0,0,0
10.617994460999398,1779567212.4580767,8437,68966,2,12582912,66,0,0,0
10.617994460999398,1779567212.4580767,8437,68967,3,12582912,75,0,0,0
10.617994460999398,1779567212.4580767,8437,68968,4,12582912,82,0,0,0
10.617994460999398,1779567212.4580767,8437,68969,5,12582912,90,0,0,0
10.617994460999398,1779567212.4580767,8437,68970,6,12582912,99,0,0,0
10.617994460999398,1779567212.4580767,8437,68971,7,12582912,107,0,0,0
10.67539924599987,1779567212.5154812,8438,68972,0,12582912,114,0,0,0
10.67539924599987,1779567212.5154812,8438,68973,1,12582912,118,0,0,0
10.67539924599987,1779567212.5154812,8438,68974,2,12582912,123,0,0,0
10.67539924599987,1779567212.5154812,8438,68975,3,12582912,134,0,0,0
10.67539924599987,1779567212.5154812,8438,68976,4,12582912,147,0,0,0
10.67539924599987,1779567212.5154812,8438,68977,5,12582912,155,0,0,0
10.67539924599987,1779567212.5154812,8438,68978,6,12582912,160,0,0,0
10.67539924599987,1779567212.5154812,8438,68979,7,12582912,165,0,0,0
10.675717471000098,1779567212.5157988,8439,68980,0,12582912,174,0,0,0
10.675717471000098,1779567212.5157988,8439,68981,1,12582912,186,0,0,0
10.675717471000098,1779567212.5157988,8439,68982,2,12582912,198,0,0,0
10.675717471000098,1779567212.5157988,8439,68983,3,12582912,210,0,0,0
10.675717471000098,1779567212.5157988,8439,68984,4,12582912,223,0,0,0
10.675717471000098,1779567212.5157988,8439,68985,5,12582912,262,0,0,0
10.675717471000098,1779567212.5157988,8439,68986,6,12582912,361,0,0,0
10.675717471000098,1779567212.5157988,8439,68987,7,12582912,500,0,0,0
10.697303977998672,1779567212.5373862,8440,68988,0,12582912,625,0,0,0
10.697303977998672,1779567212.5373862,8440,68989,1,12582912,710,0,0,0
10.697303977998672,1779567212.5373862,8440,68990,2,12582912,749,0,0,0
10.697303977998672,1779567212.5373862,8440,68991,3,12582912,757,0,0,0
10.697303977998672,1779567212.5373862,8440,68992,4,12582912,749,0,0,0
10.697303977998672,1779567212.5373862,8440,68993,5,12582912,740,0,0,0
10.697303977998672,1779567212.5373862,8440,68994,6,12582912,745,0,0,0
10.697303977998672,1779567212.5373862,8440,68995,7,12582912,758,0,0,0
10.719193032999101,1779567212.5592752,8441,68996,0,12582912,761,0,0,0
10.719193032999101,1779567212.5592752,8441,68997,1,12582912,753,0,0,0
10.719193032999101,1779567212.5592752,8441,68998,2,12582912,747,0,0,0
10.719193032999101,1779567212.5592752,8441,68999,3,12582912,736,0,0,0
10.719193032999101,1779567212.5592752,8441,69000,4,12582912,716,0,0,0
10.719193032999101,1779567212.5592752,8441,69001,5,12582912,692,0,0,0
10.719193032999101,1779567212.5592752,8441,69002,6,12582912,679,0,0,0
10.719193032999101,1779567212.5592752,8441,69003,7,12582912,697,0,0,0
10.778390031999152,1779567212.6184728,8442,69004,0,12582912,714,0,0,0
10.778390031999152,1779567212.6184728,8442,69005,1,12582912,683,0,0,0
10.778390031999152,1779567212.6184728,8442,69006,2,12582912,626,0,0,0
10.778390031999152,1779567212.6184728,8442,69007,3,12582912,601,0,0,0
10.778390031999152,1779567212.6184728,8442,69008,4,12582912,620,0,0,0
10.778390031999152,1779567212.6184728,8442,69009,5,12582912,637,0,0,0
10.778390031999152,1779567212.6184728,8442,69010,6,12582912,614,0,0,0
10.778390031999152,1779567212.6184728,8442,69011,7,12582912,576,0,0,0
10.856300558998555,1779567212.696383,8443,69012,0,12582912,571,0,0,0
10.856300558998555,1779567212.696383,8443,69013,1,12582912,596,0,0,0
10.856300558998555,1779567212.696383,8443,69014,2,12582912,607,0,0,0
10.856300558998555,1779567212.696383,8443,69015,3,12582912,588,0,0,0
10.856300558998555,1779567212.696383,8443,69016,4,12582912,560,0,0,0
10.856300558998555,1779567212.696383,8443,69017,5,12582912,546,0,0,0
10.856300558998555,1779567212.696383,8443,69018,6,12582912,554,0,0,0
10.856300558998555,1779567212.696383,8443,69019,7,12582912,566,0,0,0
10.856611440000052,1779567212.6966922,8444,69020,0,12582912,537,0,0,0
10.856611440000052,1779567212.6966922,8444,69021,1,12582912,471,0,0,0
10.856611440000052,1779567212.6966922,8444,69022,2,12582912,419,0,0,0
10.856611440000052,1779567212.6966922,8444,69023,3,12582912,434,0,0,0
10.856611440000052,1779567212.6966922,8444,69024,4,12582912,494,0,0,0
10.856611440000052,1779567212.6966922,8444,69025,5,12582912,522,0,0,0
10.856611440000052,1779567212.6966922,8444,69026,6,12582912,513,0,0,0
10.856611440000052,1779567212.6966922,8444,69027,7,12582912,498,0,0,0
10.856894091999493,1779567212.6969748,8445,69028,0,12582912,463,0,0,0
10.856894091999493,1779567212.6969748,8445,69029,1,12582912,432,0,0,0
10.856894091999493,1779567212.6969748,8445,69030,2,12582912,432,0,0,0
10.856894091999493,1779567212.6969748,8445,69031,3,12582912,429,0,0,0
10.856894091999493,1779567212.6969748,8445,69032,4,12582912,417,0,0,0
10.856894091999493,1779567212.6969748,8445,69033,5,12582912,410,0,0,0
10.856894091999493,1779567212.6969748,8445,69034,6,12582912,424,0,0,0
10.856894091999493,1779567212.6969748,8445,69035,7,12582912,458,0,0,0
10.892860336998638,1779567212.7329426,8446,69036,0,12582912,466,0,0,0
10.892860336998638,1779567212.7329426,8446,69037,1,12582912,449,0,0,0
10.892860336998638,1779567212.7329426,8446,69038,2,12582912,427,0,0,0
10.892860336998638,1779567212.7329426,8446,69039,3,12582912,395,0,0,0
10.892860336998638,1779567212.7329426,8446,69040,4,12582912,406,0,0,0
10.892860336998638,1779567212.7329426,8446,69041,5,12582912,465,0,0,0
10.892860336998638,1779567212.7329426,8446,69042,6,12582912,498,0,0,0
10.892860336998638,1779567212.7329426,8446,69043,7,12582912,502,0,0,0
10.914602883000043,1779567212.7546852,8447,69044,0,12582912,501,0,0,0
10.914602883000043,1779567212.7546852,8447,69045,1,12582912,464,0,0,0
10.914602883000043,1779567212.7546852,8447,69046,2,12582912,403,0,0,0
10.914602883000043,1779567212.7546852,8447,69047,3,12582912,384,0,0,0
10.914602883000043,1779567212.7546852,8447,69048,4,12582912,430,0,0,0
10.914602883000043,1779567212.7546852,8447,69049,5,12582912,467,0,0,0
10.914602883000043,1779567212.7546852,8447,69050,6,12582912,441,0,0,0
10.914602883000043,1779567212.7546852,8447,69051,7,12582912,427,0,0,0
10.942597161998492,1779567212.7826793,8448,69052,0,12582912,461,0,0,0
10.942597161998492,1779567212.7826793,8448,69053,1,12582912,480,0,0,0
10.942597161998492,1779567212.7826793,8448,69054,2,12582912,468,0,0,0
10.942597161998492,1779567212.7826793,8448,69055,3,12582912,444,0,0,0
10.942597161998492,1779567212.7826793,8448,69056,4,12582912,415,0,0,0
10.942597161998492,1779567212.7826793,8448,69057,5,12582912,393,0,0,0
10.942597161998492,1779567212.7826793,8448,69058,6,12582912,374,0,0,0
10.942597161998492,1779567212.7826793,8448,69059,7,12582912,331,0,0,0
11.027957528000115,1779567212.8680396,8449,69060,0,12582912,324,0,0,0
11.027957528000115,1779567212.8680396,8449,69061,1,12582912,402,0,0,0
11.027957528000115,1779567212.8680396,8449,69062,2,12582912,455,0,0,0
11.027957528000115,1779567212.8680396,8449,69063,3,12582912,416,0,0,0
11.027957528000115,1779567212.8680396,8449,69064,4,12582912,349,0,0,0
11.027957528000115,1779567212.8680396,8449,69065,5,12582912,276,0,0,0
11.027957528000115,1779567212.8680396,8449,69066,6,12582912,143,0,0,0
11.027957528000115,1779567212.8680396,8449,69067,7,12582912,43,0,0,0
11.028271324999878,1779567212.8683527,8450,69068,0,12582912,90,0,0,0
11.028271324999878,1779567212.8683527,8450,69069,1,12582912,134,0,0,0
11.028271324999878,1779567212.8683527,8450,69070,2,12582912,85,0,0,0
11.028271324999878,1779567212.8683527,8450,69071,3,12582912,23,0,0,0
11.028271324999878,1779567212.8683527,8450,69072,4,12582912,-61,0,0,0
11.028271324999878,1779567212.8683527,8450,69073,5,12582912,-166,0,0,0
11.028271324999878,1779567212.8683527,8450,69074,6,12582912,-203,0,0,0
11.028271324999878,1779567212.8683527,8450,69075,7,12582912,-169,0,0,0
11.049979132998487,1779567212.8900616,8451,69076,0,12582912,-132,0,0,0
11.049979132998487,1779567212.8900616,8451,69077,1,12582912,-105,0,0,0
11.049979132998487,1779567212.8900616,8451,69078,2,12582912,-83,0,0,0
11.049979132998487,1779567212.8900616,8451,69079,3,12582912,-96,0,0,0
11.049979132998487,1779567212.8900616,8451,69080,4,12582912,-143,0,0,0
11.049979132998487,1779567212.8900616,8451,69081,5,12582912,-216,0,0,0
11.049979132998487,1779567212.8900616,8451,69082,6,12582912,-278,0,0,0
11.049979132998487,1779567212.8900616,8451,69083,7,12582912,-284,0,0,0
11.071712095999828,1779567212.9117944,8452,69084,0,12582912,-259,0,0,0
11.071712095999828,1779567212.9117944,8452,69085,1,12582912,-221,0,0,0
11.071712095999828,1779567212.9117944,8452,69086,2,12582912,-187,0,0,0
11.071712095999828,1779567212.9117944,8452,69087,3,12582912,-210,0,0,0
11.071712095999828,1779567212.9117944,8452,69088,4,12582912,-275,0,0,0
11.071712095999828,1779567212.9117944,8452,69089,5,12582912,-306,0,0,0
11.071712095999828,1779567212.9117944,8452,69090,6,12582912,-288,0,0,0
11.071712095999828,1779567212.9117944,8452,69091,7,12582912,-269,0,0,0
11.114371211999241,1779567212.9544537,8453,69092,0,12582912,-291,0,0,0
11.114371211999241,1779567212.9544537,8453,69093,1,12582912,-331,0,0,0
11.114371211999241,1779567212.9544537,8453,69094,2,12582912,-340,0,0,0
11.114371211999241,1779567212.9544537,8453,69095,3,12582912,-325,0,0,0
11.114371211999241,1779567212.9544537,8453,69096,4,12582912,-313,0,0,0
11.114371211999241,1779567212.9544537,8453,69097,5,12582912,-295,0,0,0
11.114371211999241,1779567212.9544537,8453,69098,6,12582912,-296,0,0,0
11.114371211999241,1779567212.9544537,8453,69099,7,12582912,-318,0,0,0
11.147105316998932,1779567212.987187,8454,69100,0,12582912,-317,0,0,0
11.147105316998932,1779567212.987187,8454,69101,1,12582912,-289,0,0,0
11.147105316998932,1779567212.987187,8454,69102,2,12582912,-280,0,0,0
11.147105316998932,1779567212.987187,8454,69103,3,12582912,-312,0,0,0
11.147105316998932,1779567212.987187,8454,69104,4,12582912,-370,0,0,0
11.147105316998932,1779567212.987187,8454,69105,5,12582912,-407,0,0,0
11.147105316998932,1779567212.987187,8454,69106,6,12582912,-377,0,0,0
11.147105316998932,1779567212.987187,8454,69107,7,12582912,-329,0,0,0
11.179568800000197,1779567213.0196505,8455,69108,0,12582912,-335,0,0,0
11.179568800000197,1779567213.0196505,8455,69109,1,12582912,-361,0,0,0
11.179568800000197,1779567213.0196505,8455,69110,2,12582912,-343,0,0,0
11.179568800000197,1779567213.0196505,8455,69111,3,12582912,-313,0,0,0
11.179568800000197,1779567213.0196505,8455,69112,4,12582912,-306,0,0,0
11.179568800000197,1779567213.0196505,8455,69113,5,12582912,-307,0,0,0
11.179568800000197,1779567213.0196505,8455,69114,6,12582912,-324,0,0,0
11.179568800000197,1779567213.0196505,8455,69115,7,12582912,-355,0,0,0
11.200851457999306,1779567213.0409331,8456,69116,0,12582912,-371,0,0,0
11.200851457999306,1779567213.0409331,8456,69117,1,12582912,-348,0,0,0
11.200851457999306,1779567213.0409331,8456,69118,2,12582912,-319,0,0,0
11.200851457999306,1779567213.0409331,8456,69119,3,12582912,-332,0,0,0
11.200851457999306,1779567213.0409331,8456,69120,4,12582912,-363,0,0,0
11.200851457999306,1779567213.0409331,8456,69121,5,12582912,-368,0,0,0
11.200851457999306,1779567213.0409331,8456,69122,6,12582912,-352,0,0,0
11.200851457999306,1779567213.0409331,8456,69123,7,12582912,-323,0,0,0
11.243175476000033,1779567213.0832574,8457,69124,0,12582912,-286,0,0,0
11.243175476000033,1779567213.0832574,8457,69125,1,12582912,-268,0,0,0
11.243175476000033,1779567213.0832574,8457,69126,2,12582912,-291,0,0,0
11.243175476000033,1779567213.0832574,8457,69127,3,12582912,-333,0,0,0
11.243175476000033,1779567213.0832574,8457,69128,4,12582912,-339,0,0,0
11.243175476000033,1779567213.0832574,8457,69129,5,12582912,-306,0,0,0
11.243175476000033,1779567213.0832574,8457,69130,6,12582912,-284,0,0,0
11.243175476000033,1779567213.0832574,8457,69131,7,12582912,-284,0,0,0
11.264409540999623,1779567213.1044908,8458,69132,0,12582912,-318,0,0,0
11.264409540999623,1779567213.1044908,8458,69133,1,12582912,-360,0,0,0
11.264409540999623,1779567213.1044908,8458,69134,2,12582912,-341,0,0,0
11.264409540999623,1779567213.1044908,8458,69135,3,12582912,-306,0,0,0
11.264409540999623,1779567213.1044908,8458,69136,4,12582912,-327,0,0,0
11.264409540999623,1779567213.1044908,8458,69137,5,12582912,-338,0,0,0
11.264409540999623,1779567213.1044908,8458,69138,6,12582912,-287,0,0,0
11.264409540999623,1779567213.1044908,8458,69139,7,12582912,-253,0,0,0
11.307033553999645,1779567213.1471157,8459,69140,0,12582912,-278,0,0,0
11.307033553999645,1779567213.1471157,8459,69141,1,12582912,-294,0,0,0
11.307033553999645,1779567213.1471157,8459,69142,2,12582912,-285,0,0,0
11.307033553999645,1779567213.1471157,8459,69143,3,12582912,-299,0,0,0
11.307033553999645,1779567213.1471157,8459,69144,4,12582912,-329,0,0,0
11.307033553999645,1779567213.1471157,8459,69145,5,12582912,-321,0,0,0
11.307033553999645,1779567213.1471157,8459,69146,6,12582912,-292,0,0,0
11.307033553999645,1779567213.1471157,8459,69147,7,12582912,-276,0,0,0
11.328468083998814,1779567213.168549,8460,69148,0,12582912,-264,0,0,0
11.328468083998814,1779567213.168549,8460,69149,1,12582912,-274,0,0,0
11.328468083998814,1779567213.168549,8460,69150,2,12582912,-291,0,0,0
11.328468083998814,1779567213.168549,8460,69151,3,12582912,-269,0,0,0
11.328468083998814,1779567213.168549,8460,69152,4,12582912,-241,0,0,0
11.328468083998814,1779567213.168549,8460,69153,5,12582912,-259,0,0,0
11.328468083998814,1779567213.168549,8460,69154,6,12582912,-287,0,0,0
11.328468083998814,1779567213.168549,8460,69155,7,12582912,-260,0,0,0
11.408874826998726,1779567213.248957,8461,69156,0,12582912,-220,0,0,0
11.408874826998726,1779567213.248957,8461,69157,1,12582912,-237,0,0,0
11.408874826998726,1779567213.248957,8461,69158,2,12582912,-284,0,0,0
11.408874826998726,1779567213.248957,8461,69159,3,12582912,-328,0,0,0
11.408874826998726,1779567213.248957,8461,69160,4,12582912,-350,0,0,0
11.408874826998726,1779567213.248957,8461,69161,5,12582912,-303,0,0,0
11.408874826998726,1779567213.248957,8461,69162,6,12582912,-226,0,0,0
11.408874826998726,1779567213.248957,8461,69163,7,12582912,-205,0,0,0
11.409188677000202,1779567213.2492695,8462,69164,0,12582912,-230,0,0,0
11.409188677000202,1779567213.2492695,8462,69165,1,12582912,-247,0,0,0
11.409188677000202,1779567213.2492695,8462,69166,2,12582912,-249,0,0,0
11.409188677000202,1779567213.2492695,8462,69167,3,12582912,-257,0,0,0
11.409188677000202,1779567213.2492695,8462,69168,4,12582912,-266,0,0,0
11.409188677000202,1779567213.2492695,8462,69169,5,12582912,-260,0,0,0
11.409188677000202,1779567213.2492695,8462,69170,6,12582912,-246,0,0,0
11.409188677000202,1779567213.2492695,8462,69171,7,12582912,-249,0,0,0
11.461049534000267,1779567213.3011317,8463,69172,0,12582912,-249,0,0,0
11.461049534000267,1779567213.3011317,8463,69173,1,12582912,-222,0,0,0
11.461049534000267,1779567213.3011317,8463,69174,2,12582912,-199,0,0,0
11.461049534000267,1779567213.3011317,8463,69175,3,12582912,-194,0,0,0
11.461049534000267,1779567213.3011317,8463,69176,4,12582912,-211,0,0,0
11.461049534000267,1779567213.3011317,8463,69177,5,12582912,-264,0,0,0
11.461049534000267,1779567213.3011317,8463,69178,6,12582912,-321,0,0,0
11.461049534000267,1779567213.3011317,8463,69179,7,12582912,-311,0,0,0
11.467303973999151,1779567213.3073869,8464,69180,0,12582912,-235,0,0,0
11.467303973999151,1779567213.3073869,8464,69181,1,12582912,-177,0,0,0
11.467303973999151,1779567213.3073869,8464,69182,2,12582912,-162,0,0,0
11.467303973999151,1779567213.3073869,8464,69183,3,12582912,-167,0,0,0
11.467303973999151,1779567213.3073869,8464,69184,4,12582912,-188,0,0,0
11.467303973999151,1779567213.3073869,8464,69185,5,12582912,-220,0,0,0
11.467303973999151,1779567213.3073869,8464,69186,6,12582912,-236,0,0,0
11.467303973999151,1779567213.3073869,8464,69187,7,12582912,-228,0,0,0
11.489012302999981,1779567213.3290942,8465,69188,0,12582912,-204,0,0,0
11.489012302999981,1779567213.3290942,8465,69189,1,12582912,-190,0,0,0
11.489012302999981,1779567213.3290942,8465,69190,2,12582912,-199,0,0,0
11.489012302999981,1779567213.3290942,8465,69191,3,12582912,-210,0,0,0
11.489012302999981,1779567213.3290942,8465,69192,4,12582912,-195,0,0,0
11.489012302999981,1779567213.3290942,8465,69193,5,12582912,-161,0,0,0
11.489012302999981,1779567213.3290942,8465,69194,6,12582912,-144,0,0,0
11.489012302999981,1779567213.3290942,8465,69195,7,12582912,-163,0,0,0
11.53188365599999,1779567213.371966,8466,69196,0,12582912,-201,0,0,0
11.53188365599999,1779567213.371966,8466,69197,1,12582912,-221,0,0,0
11.53188365599999,1779567213.371966,8466,69198,2,12582912,-189,0,0,0
11.53188365599999,1779567213.371966,8466,69199,3,12582912,-147,0,0,0
11.53188365599999,1779567213.371966,8466,69200,4,12582912,-144,0,0,0
11.53188365599999,1779567213.371966,8466,69201,5,12582912,-147,0,0,0
11.53188365599999,1779567213.371966,8466,69202,6,12582912,-145,0,0,0
11.53188365599999,1779567213.371966,8466,69203,7,12582912,-164,0,0,0
11.553523182999925,1779567213.3936055,8467,69204,0,12582912,-173,0,0,0
11.553523182999925,1779567213.3936055,8467,69205,1,12582912,-156,0,0,0
11.553523182999925,1779567213.3936055,8467,69206,2,12582912,-148,0,0,0
11.553523182999925,1779567213.3936055,8467,69207,3,12582912,-171,0,0,0
11.553523182999925,1779567213.3936055,8467,69208,4,12582912,-195,0,0,0
11.553523182999925,1779567213.3936055,8467,69209,5,12582912,-181,0,0,0
11.553523182999925,1779567213.3936055,8467,69210,6,12582912,-152,0,0,0
11.553523182999925,1779567213.3936055,8467,69211,7,12582912,-139,0,0,0
11.589948953998828,1779567213.4300315,8468,69212,0,12582912,-135,0,0,0
11.589948953998828,1779567213.4300315,8468,69213,1,12582912,-144,0,0,0
11.589948953998828,1779567213.4300315,8468,69214,2,12582912,-159,0,0,0
11.589948953998828,1779567213.4300315,8468,69215,3,12582912,-166,0,0,0
11.589948953998828,1779567213.4300315,8468,69216,4,12582912,-163,0,0,0
11.589948953998828,1779567213.4300315,8468,69217,5,12582912,-143,0,0,0
11.589948953998828,1779567213.4300315,8468,69218,6,12582912,-128,0,0,0
11.589948953998828,1779567213.4300315,8468,69219,7,12582912,-148,0,0,0
11.633232383999712,1779567213.4733145,8469,69220,0,12582912,-187,0,0,0
11.633232383999712,1779567213.4733145,8469,69221,1,12582912,-202,0,0,0
11.633232383999712,1779567213.4733145,8469,69222,2,12582912,-181,0,0,0
11.633232383999712,1779567213.4733145,8469,69223,3,12582912,-158,0,0,0
11.633232383999712,1779567213.4733145,8469,69224,4,12582912,-136,0,0,0
11.633232383999712,1779567213.4733145,8469,69225,5,12582912,-113,0,0,0
11.633232383999712,1779567213.4733145,8469,69226,6,12582912,-125,0,0,0
11.633232383999712,1779567213.4733145,8469,69227,7,12582912,-158,0,0,0
11.66995137899903,1779567213.5100336,8470,69228,0,12582912,-178,0,0,0
11.66995137899903,1779567213.5100336,8470,69229,1,12582912,-177,0,0,0
11.66995137899903,1779567213.5100336,8470,69230,2,12582912,-158,0,0,0
11.66995137899903,1779567213.5100336,8470,69231,3,12582912,-150,0,0,0
11.66995137899903,1779567213.5100336,8470,69232,4,12582912,-163,0,0,0
11.66995137899903,1779567213.5100336,8470,69233,5,12582912,-161,0,0,0
11.66995137899903,1779567213.5100336,8470,69234,6,12582912,-130,0,0,0
11.66995137899903,1779567213.5100336,8470,69235,7,12582912,-112,0,0,0
11.69166762399982,1779567213.5317502,8471,69236,0,12582912,-123,0,0,0
11.69166762399982,1779567213.5317502,8471,69237,1,12582912,-132,0,0,0
11.69166762399982,1779567213.5317502,8471,69238,2,12582912,-137,0,0,0
11.69166762399982,1779567213.5317502,8471,69239,3,12582912,-152,0,0,0
11.69166762399982,1779567213.5317502,8471,69240,4,12582912,-157,0,0,0
11.69166762399982,1779567213.5317502,8471,69241,5,12582912,-135,0,0,0
11.69166762399982,1779567213.5317502,8471,69242,6,12582912,-117,0,0,0
11.69166762399982,1779567213.5317502,8471,69243,7,12582912,-124,0,0,0
11.713326526998571,1779567213.5534089,8472,69244,0,12582912,-136,0,0,0
11.713326526998571,1779567213.5534089,8472,69245,1,12582912,-149,0,0,0
11.713326526998571,1779567213.5534089,8472,69246,2,12582912,-162,0,0,0
11.713326526998571,1779567213.5534089,8472,69247,3,12582912,-148,0,0,0
11.713326526998571,1779567213.5534089,8472,69248,4,12582912,-122,0,0,0
11.713326526998571,1779567213.5534089,8472,69249,5,12582912,-115,0,0,0
11.713326526998571,1779567213.5534089,8472,69250,6,12582912,-119,0,0,0
11.713326526998571,1779567213.5534089,8472,69251,7,12582912,-120,0,0,0
11.755787052999949,1779567213.5958683,8473,69252,0,12582912,-134,0,0,0
11.755787052999949,1779567213.5958683,8473,69253,1,12582912,-155,0,0,0
11.755787052999949,1779567213.5958683,8473,69254,2,12582912,-147,0,0,0
11.755787052999949,1779567213.5958683,8473,69255,3,12582912,-128,0,0,0
11.755787052999949,1779567213.5958683,8473,69256,4,12582912,-117,0,0,0
11.755787052999949,1779567213.5958683,8473,69257,5,12582912,-111,0,0,0
11.755787052999949,1779567213.5958683,8473,69258,6,12582912,-107,0,0,0
11.755787052999949,1779567213.5958683,8473,69259,7,12582912,-113,0,0,0
11.797986696999942,1779567213.6380677,8474,69260,0,12582912,-122,0,0,0
11.797986696999942,1779567213.6380677,8474,69261,1,12582912,-118,0,0,0
11.797986696999942,1779567213.6380677,8474,69262,2,12582912,-114,0,0,0
11.797986696999942,1779567213.6380677,8474,69263,3,12582912,-119,0,0,0
11.797986696999942,1779567213.6380677,8474,69264,4,12582912,-122,0,0,0
11.797986696999942,1779567213.6380677,8474,69265,5,12582912,-120,0,0,0
11.797986696999942,1779567213.6380677,8474,69266,6,12582912,-119,0,0,0
11.797986696999942,1779567213.6380677,8474,69267,7,12582912,-130,0,0,0
11.844964916999743,1779567213.6850464,8475,69268,0,12582912,-134,0,0,0
11.844964916999743,1779567213.6850464,8475,69269,1,12582912,-122,0,0,0
11.844964916999743,1779567213.6850464,8475,69270,2,12582912,-113,0,0,0
11.844964916999743,1779567213.6850464,8475,69271,3,12582912,-109,0,0,0
11.844964916999743,1779567213.6850464,8475,69272,4,12582912,-109,0,0,0
11.844964916999743,1779567213.6850464,8475,69273,5,12582912,-107,0,0,0
11.844964916999743,1779567213.6850464,8475,69274,6,12582912,-107,0,0,0
11.844964916999743,1779567213.6850464,8475,69275,7,12582912,-119,0,0,0
11.845127519000016,1779567213.6852076,8476,69276,0,12582912,-129,0,0,0
11.845127519000016,1779567213.6852076,8476,69277,1,12582912,-114,0,0,0
11.845127519000016,1779567213.6852076,8476,69278,2,12582912,-97,0,0,0
11.845127519000016,1779567213.6852076,8476,69279,3,12582912,-111,0,0,0
11.845127519000016,1779567213.6852076,8476,69280,4,12582912,-127,0,0,0
11.845127519000016,1779567213.6852076,8476,69281,5,12582912,-125,0,0,0
11.845127519000016,1779567213.6852076,8476,69282,6,12582912,-122,0,0,0
11.845127519000016,1779567213.6852076,8476,69283,7,12582912,-108,0,0,0
11.866826993998984,1779567213.706909,8477,69284,0,12582912,-93,0,0,0
11.866826993998984,1779567213.706909,8477,69285,1,12582912,-106,0,0,0
11.866826993998984,1779567213.706909,8477,69286,2,12582912,-133,0,0,0
11.866826993998984,1779567213.706909,8477,69287,3,12582912,-128,0,0,0
11.866826993998984,1779567213.706909,8477,69288,4,12582912,-102,0,0,0
11.866826993998984,1779567213.706909,8477,69289,5,12582912,-94,0,0,0
11.866826993998984,1779567213.706909,8477,69290,6,12582912,-91,0,0,0
11.866826993998984,1779567213.706909,8477,69291,7,12582912,-81,0,0,0
11.919309039998552,1779567213.759391,8478,69292,0,12582912,-94,0,0,0
11.919309039998552,1779567213.759391,8478,69293,1,12582912,-126,0,0,0
11.919309039998552,1779567213.759391,8478,69294,2,12582912,-142,0,0,0
11.919309039998552,1779567213.759391,8478,69295,3,12582912,-123,0,0,0
11.919309039998552,1779567213.759391,8478,69296,4,12582912,-91,0,0,0
11.919309039998552,1779567213.759391,8478,69297,5,12582912,-74,0,0,0
11.919309039998552,1779567213.759391,8478,69298,6,12582912,-79,0,0,0
11.919309039998552,1779567213.759391,8478,69299,7,12582912,-110,0,0,0
11.941067731999283,1779567213.7811499,8479,69300,0,12582912,-133,0,0,0
11.941067731999283,1779567213.7811499,8479,69301,1,12582912,-109,0,0,0
11.941067731999283,1779567213.7811499,8479,69302,2,12582912,-76,0,0,0
11.941067731999283,1779567213.7811499,8479,69303,3,12582912,-72,0,0,0
11.941067731999283,1779567213.7811499,8479,69304,4,12582912,-79,0,0,0
11.941067731999283,1779567213.7811499,8479,69305,5,12582912,-81,0,0,0
11.941067731999283,1779567213.7811499,8479,69306,6,12582912,-101,0,0,0
11.941067731999283,1779567213.7811499,8479,69307,7,12582912,-138,0,0,0
11.963413030998709,1779567213.8034956,8480,69308,0,12582912,-145,0,0,0
11.963413030998709,1779567213.8034956,8480,69309,1,12582912,-111,0,0,0
11.963413030998709,1779567213.8034956,8480,69310,2,12582912,-83,0,0,0
11.963413030998709,1779567213.8034956,8480,69311,3,12582912,-87,0,0,0
11.963413030998709,1779567213.8034956,8480,69312,4,12582912,-97,0,0,0
11.963413030998709,1779567213.8034956,8480,69313,5,12582912,-94,0,0,0
11.963413030998709,1779567213.8034956,8480,69314,6,12582912,-96,0,0,0
11.963413030998709,1779567213.8034956,8480,69315,7,12582912,-108,0,0,0
12.006501517000288,1779567213.8465843,8481,69316,0,12582912,-110,0,0,0
12.006501517000288,1779567213.8465843,8481,69317,1,12582912,-105,0,0,0
12.006501517000288,1779567213.8465843,8481,69318,2,12582912,-116,0,0,0
12.006501517000288,1779567213.8465843,8481,69319,3,12582912,-135,0,0,0
12.006501517000288,1779567213.8465843,8481,69320,4,12582912,-130,0,0,0
12.006501517000288,1779567213.8465843,8481,69321,5,12582912,-105,0,0,0
12.006501517000288,1779567213.8465843,8481,69322,6,12582912,-94,0,0,0
12.006501517000288,1779567213.8465843,8481,69323,7,12582912,-108,0,0,0
12.028146095999546,1779567213.8682282,8482,69324,0,12582912,-112,0,0,0
12.028146095999546,1779567213.8682282,8482,69325,1,12582912,-102,0,0,0
12.028146095999546,1779567213.8682282,8482,69326,2,12582912,-103,0,0,0
12.028146095999546,1779567213.8682282,8482,69327,3,12582912,-116,0,0,0
12.028146095999546,1779567213.8682282,8482,69328,4,12582912,-122,0,0,0
12.028146095999546,1779567213.8682282,8482,69329,5,12582912,-125,0,0,0
12.028146095999546,1779567213.8682282,8482,69330,6,12582912,-128,0,0,0
12.028146095999546,1779567213.8682282,8482,69331,7,12582912,-116,0,0,0
12.07093203399927,1779567213.911014,8483,69332,0,12582912,-103,0,0,0
12.07093203399927,1779567213.911014,8483,69333,1,12582912,-100,0,0,0
12.07093203399927,1779567213.911014,8483,69334,2,12582912,-90,0,0,0
12.07093203399927,1779567213.911014,8483,69335,3,12582912,-76,0,0,0
12.07093203399927,1779567213.911014,8483,69336,4,12582912,-73,0,0,0
12.07093203399927,1779567213.911014,8483,69337,5,12582912,-86,0,0,0
12.07093203399927,1779567213.911014,8483,69338,6,12582912,-107,0,0,0
12.07093203399927,1779567213.911014,8483,69339,7,12582912,-119,0,0,0
12.092572550998739,1779567213.9326549,8484,69340,0,12582912,-103,0,0,0
12.092572550998739,1779567213.9326549,8484,69341,1,12582912,-75,0,0,0
12.092572550998739,1779567213.9326549,8484,69342,2,12582912,-66,0,0,0
12.092572550998739,1779567213.9326549,8484,69343,3,12582912,-68,0,0,0
12.092572550998739,1779567213.9326549,8484,69344,4,12582912,-64,0,0,0
12.092572550998739,1779567213.9326549,8484,69345,5,12582912,-69,0,0,0
12.092572550998739,1779567213.9326549,8484,69346,6,12582912,-92,0,0,0
12.092572550998739,1779567213.9326549,8484,69347,7,12582912,-112,0,0,0
12.135366092999902,1779567213.9754484,8485,69348,0,12582912,-112,0,0,0
12.135366092999902,1779567213.9754484,8485,69349,1,12582912,-95,0,0,0
12.135366092999902,1779567213.9754484,8485,69350,2,12582912,-70,0,0,0
12.135366092999902,1779567213.9754484,8485,69351,3,12582912,-49,0,0,0
12.135366092999902,1779567213.9754484,8485,69352,4,12582912,-41,0,0,0
12.135366092999902,1779567213.9754484,8485,69353,5,12582912,-50,0,0,0
12.135366092999902,1779567213.9754484,8485,69354,6,12582912,-67,0,0,0
12.135366092999902,1779567213.9754484,8485,69355,7,12582912,-77,0,0,0
12.17057526699864,1779567214.0106568,8486,69356,0,12582912,-73,0,0,0
12.17057526699864,1779567214.0106568,8486,69357,1,12582912,-54,0,0,0
12.17057526699864,1779567214.0106568,8486,69358,2,12582912,-35,0,0,0
12.17057526699864,1779567214.0106568,8486,69359,3,12582912,-38,0,0,0
12.17057526699864,1779567214.0106568,8486,69360,4,12582912,-57,0,0,0
12.17057526699864,1779567214.0106568,8486,69361,5,12582912,-70,0,0,0
12.17057526699864,1779567214.0106568,8486,69362,6,12582912,-61,0,0,0
12.17057526699864,1779567214.0106568,8486,69363,7,12582912,-44,0,0,0
12.264872173000185,1779567214.1049545,8487,69364,0,12582912,-46,0,0,0
12.264872173000185,1779567214.1049545,8487,69365,1,12582912,-65,0,0,0
12.264872173000185,1779567214.1049545,8487,69366,2,12582912,-62,0,0,0
12.264872173000185,1779567214.1049545,8487,69367,3,12582912,-40,0,0,0
12.264872173000185,1779567214.1049545,8487,69368,4,12582912,-19,0,0,0
12.264872173000185,1779567214.1049545,8487,69369,5,12582912,-12,0,0,0
12.264872173000185,1779567214.1049545,8487,69370,6,12582912,-19,0,0,0
12.264872173000185,1779567214.1049545,8487,69371,7,12582912,-31,0,0,0
12.265186126998742,1779567214.1052666,8488,69372,0,12582912,-40,0,0,0
12.265186126998742,1779567214.1052666,8488,69373,1,12582912,-42,0,0,0
12.265186126998742,1779567214.1052666,8488,69374,2,12582912,-39,0,0,0
12.265186126998742,1779567214.1052666,8488,69375,3,12582912,-34,0,0,0
12.265186126998742,1779567214.1052666,8488,69376,4,12582912,-31,0,0,0
12.265186126998742,1779567214.1052666,8488,69377,5,12582912,-30,0,0,0
12.265186126998742,1779567214.1052666,8488,69378,6,12582912,-28,0,0,0
12.265186126998742,1779567214.1052666,8488,69379,7,12582912,-26,0,0,0
12.26547492499958,1779567214.1055555,8489,69380,0,12582912,-24,0,0,0
12.26547492499958,1779567214.1055555,8489,69381,1,12582912,-20,0,0,0
12.26547492499958,1779567214.1055555,8489,69382,2,12582912,-16,0,0,0
12.26547492499958,1779567214.1055555,8489,69383,3,12582912,-15,0,0,0
12.26547492499958,1779567214.1055555,8489,69384,4,12582912,-15,0,0,0
12.26547492499958,1779567214.1055555,8489,69385,5,12582912,-19,0,0,0
12.26547492499958,1779567214.1055555,8489,69386,6,12582912,-26,0,0,0
12.26547492499958,1779567214.1055555,8489,69387,7,12582912,-32,0,0,0
12.28714549399956,1779567214.127228,8490,69388,0,12582912,-34,0,0,0
12.28714549399956,1779567214.127228,8490,69389,1,12582912,-31,0,0,0
12.28714549399956,1779567214.127228,8490,69390,2,12582912,-25,0,0,0
12.28714549399956,1779567214.127228,8490,69391,3,12582912,-18,0,0,0
12.28714549399956,1779567214.127228,8490,69392,4,12582912,-12,0,0,0
12.28714549399956,1779567214.127228,8490,69393,5,12582912,-11,0,0,0
12.28714549399956,1779567214.127228,8490,69394,6,12582912,-17,0,0,0
12.28714549399956,1779567214.127228,8490,69395,7,12582912,-22,0,0,0
12.329786382999373,1779567214.1698685,8491,69396,0,12582912,-24,0,0,0
12.329786382999373,1779567214.1698685,8491,69397,1,12582912,-23,0,0,0
12.329786382999373,1779567214.1698685,8491,69398,2,12582912,-18,0,0,0
12.329786382999373,1779567214.1698685,8491,69399,3,12582912,-12,0,0,0
12.329786382999373,1779567214.1698685,8491,69400,4,12582912,-11,0,0,0
12.329786382999373,1779567214.1698685,8491,69401,5,12582912,-12,0,0,0
12.329786382999373,1779567214.1698685,8491,69402,6,12582912,-13,0,0,0
12.329786382999373,1779567214.1698685,8491,69403,7,12582912,-12,0,0,0
12.35148971199851,1779567214.191572,8492,69404,0,12582912,-10,0,0,0
12.35148971199851,1779567214.191572,8492,69405,1,12582912,-10,0,0,0
12.35148971199851,1779567214.191572,8492,69406,2,12582912,-10,0,0,0
12.35148971199851,1779567214.191572,8492,69407,3,12582912,-5,0,0,0
12.35148971199851,1779567214.191572,8492,69408,4,12582912,0,0,0,0
12.35148971199851,1779567214.191572,8492,69409,5,12582912,3,0,0,0
12.35148971199851,1779567214.191572,8492,69410,6,12582912,2,0,0,0
12.35148971199851,1779567214.191572,8492,69411,7,12582912,-4,0,0,0
12.411097332000281,1779567214.2511797,8493,69412,0,12582912,-12,0,0,0
12.411097332000281,1779567214.2511797,8493,69413,1,12582912,-13,0,0,0
12.411097332000281,1779567214.2511797,8493,69414,2,12582912,-9,0,0,0
12.411097332000281,1779567214.2511797,8493,69415,3,12582912,-2,0,0,0
12.411097332000281,1779567214.2511797,8493,69416,4,12582912,10,0,0,0
12.411097332000281,1779567214.2511797,8493,69417,5,12582912,22,0,0,0
12.411097332000281,1779567214.2511797,8493,69418,6,12582912,24,0,0,0
12.411097332000281,1779567214.2511797,8493,69419,7,12582912,16,0,0,0
12.411411389999557,1779567214.251493,8494,69420,0,12582912,9,0,0,0
12.411411389999557,1779567214.251493,8494,69421,1,12582912,7,0,0,0
12.411411389999557,1779567214.251493,8494,69422,2,12582912,8,0,0,0
12.411411389999557,1779567214.251493,8494,69423,3,12582912,9,0,0,0
12.411411389999557,1779567214.251493,8494,69424,4,12582912,15,0,0,0
12.411411389999557,1779567214.251493,8494,69425,5,12582912,25,0,0,0
12.411411389999557,1779567214.251493,8494,69426,6,12582912,28,0,0,0
12.411411389999557,1779567214.251493,8494,69427,7,12582912,23,0,0,0
12.446421765000196,1779567214.2865043,8495,69428,0,12582912,18,0,0,0
12.446421765000196,1779567214.2865043,8495,69429,1,12582912,20,0,0,0
12.446421765000196,1779567214.2865043,8495,69430,2,12582912,27,0,0,0
12.446421765000196,1779567214.2865043,8495,69431,3,12582912,42,0,0,0
12.446421765000196,1779567214.2865043,8495,69432,4,12582912,60,0,0,0
12.446421765000196,1779567214.2865043,8495,69433,5,12582912,66,0,0,0
12.446421765000196,1779567214.2865043,8495,69434,6,12582912,60,0,0,0
12.446421765000196,1779567214.2865043,8495,69435,7,12582912,52,0,0,0
12.497103525998682,1779567214.3371856,8496,69436,0,12582912,44,0,0,0
12.497103525998682,1779567214.3371856,8496,69437,1,12582912,41,0,0,0
12.497103525998682,1779567214.3371856,8496,69438,2,12582912,47,0,0,0
12.497103525998682,1779567214.3371856,8496,69439,3,12582912,47,0,0,0
12.497103525998682,1779567214.3371856,8496,69440,4,12582912,36,0,0,0
12.497103525998682,1779567214.3371856,8496,69441,5,12582912,27,0,0,0
12.497103525998682,1779567214.3371856,8496,69442,6,12582912,26,0,0,0
12.497103525998682,1779567214.3371856,8496,69443,7,12582912,22,0,0,0
12.518807012000252,1779567214.3588896,8497,69444,0,12582912,20,0,0,0
12.518807012000252,1779567214.3588896,8497,69445,1,12582912,21,0,0,0
12.518807012000252,1779567214.3588896,8497,69446,2,12582912,18,0,0,0
12.518807012000252,1779567214.3588896,8497,69447,3,12582912,16,0,0,0
12.518807012000252,1779567214.3588896,8497,69448,4,12582912,30,0,0,0
12.518807012000252,1779567214.3588896,8497,69449,5,12582912,48,0,0,0
12.518807012000252,1779567214.3588896,8497,69450,6,12582912,56,0,0,0
12.518807012000252,1779567214.3588896,8497,69451,7,12582912,57,0,0,0
12.54063460999896,1779567214.3807168,8498,69452,0,12582912,59,0,0,0
12.54063460999896,1779567214.3807168,8498,69453,1,12582912,59,0,0,0
12.54063460999896,1779567214.3807168,8498,69454,2,12582912,56,0,0,0
12.54063460999896,1779567214.3807168,8498,69455,3,12582912,60,0,0,0
12.54063460999896,1779567214.3807168,8498,69456,4,12582912,67,0,0,0
12.54063460999896,1779567214.3807168,8498,69457,5,12582912,65,0,0,0
12.54063460999896,1779567214.3807168,8498,69458,6,12582912,59,0,0,0
12.54063460999896,1779567214.3807168,8498,69459,7,12582912,61,0,0,0
12.615416748998541,1779567214.455499,8499,69460,0,12582912,67,0,0,0
12.615416748998541,1779567214.455499,8499,69461,1,12582912,62,0,0,0
12.615416748998541,1779567214.455499,8499,69462,2,12582912,42,0,0,0
12.615416748998541,1779567214.455499,8499,69463,3,12582912,26,0,0,0
12.615416748998541,1779567214.455499,8499,69464,4,12582912,24,0,0,0
12.615416748998541,1779567214.455499,8499,69465,5,12582912,23,0,0,0
12.615416748998541,1779567214.455499,8499,69466,6,12582912,10,0,0,0
12.615416748998541,1779567214.455499,8499,69467,7,12582912,-7,0,0,0
12.615762890000042,1779567214.4558442,8500,69468,0,12582912,-18,0,0,0
12.615762890000042,1779567214.4558442,8500,69469,1,12582912,-22,0,0,0
12.615762890000042,1779567214.4558442,8500,69470,2,12582912,-17,0,0,0
12.615762890000042,1779567214.4558442,8500,69471,3,12582912,-10,0,0,0
12.615762890000042,1779567214.4558442,8500,69472,4,12582912,-10,0,0,0
12.615762890000042,1779567214.4558442,8500,69473,5,12582912,-15,0,0,0
12.615762890000042,1779567214.4558442,8500,69474,6,12582912,-18,0,0,0
12.615762890000042,1779567214.4558442,8500,69475,7,12582912,-14,0,0,0
12.66858550500001,1779567214.5086677,8501,69476,0,12582912,1,0,0,0
12.66858550500001,1779567214.5086677,8501,69477,1,12582912,17,0,0,0
12.66858550500001,1779567214.5086677,8501,69478,2,12582912,18,0,0,0
12.66858550500001,1779567214.5086677,8501,69479,3,12582912,4,0,0,0
12.66858550500001,1779567214.5086677,8501,69480,4,12582912,-7,0,0,0
12.66858550500001,1779567214.5086677,8501,69481,5,12582912,0,0,0,0
12.66858550500001,1779567214.5086677,8501,69482,6,12582912,10,0,0,0
12.66858550500001,1779567214.5086677,8501,69483,7,12582912,12,0,0,0
12.668931385000178,1779567214.5090122,8502,69484,0,12582912,19,0,0,0
12.668931385000178,1779567214.5090122,8502,69485,1,12582912,30,0,0,0
12.668931385000178,1779567214.5090122,8502,69486,2,12582912,36,0,0,0
12.668931385000178,1779567214.5090122,8502,69487,3,12582912,34,0,0,0
12.668931385000178,1779567214.5090122,8502,69488,4,12582912,33,0,0,0
12.668931385000178,1779567214.5090122,8502,69489,5,12582912,36,0,0,0
12.668931385000178,1779567214.5090122,8502,69490,6,12582912,36,0,0,0
12.668931385000178,1779567214.5090122,8502,69491,7,12582912,33,0,0,0
12.725791076998576,1779567214.5658734,8503,69492,0,12582912,34,0,0,0
12.725791076998576,1779567214.5658734,8503,69493,1,12582912,38,0,0,0
12.725791076998576,1779567214.5658734,8503,69494,2,12582912,45,0,0,0
12.725791076998576,1779567214.5658734,8503,69495,3,12582912,56,0,0,0
12.725791076998576,1779567214.5658734,8503,69496,4,12582912,70,0,0,0
12.725791076998576,1779567214.5658734,8503,69497,5,12582912,88,0,0,0
12.725791076998576,1779567214.5658734,8503,69498,6,12582912,108,0,0,0
12.725791076998576,1779567214.5658734,8503,69499,7,12582912,113,0,0,0
12.74754523899901,1779567214.5876274,8504,69500,0,12582912,103,0,0,0
12.74754523899901,1779567214.5876274,8504,69501,1,12582912,118,0,0,0
12.74754523899901,1779567214.5876274,8504,69502,2,12582912,183,0,0,0
12.74754523899901,1779567214.5876274,8504,69503,3,12582912,223,0,0,0
12.74754523899901,1779567214.5876274,8504,69504,4,12582912,183,0,0,0
12.74754523899901,1779567214.5876274,8504,69505,5,12582912,126,0,0,0
12.74754523899901,1779567214.5876274,8504,69506,6,12582912,133,0,0,0
12.74754523899901,1779567214.5876274,8504,69507,7,12582912,213,0,0,0
12.7902083150002,1779567214.630291,8505,69508,0,12582912,330,0,0,0
12.7902083150002,1779567214.630291,8505,69509,1,12582912,444,0,0,0
12.7902083150002,1779567214.630291,8505,69510,2,12582912,551,0,0,0
12.7902083150002,1779567214.630291,8505,69511,3,12582912,659,0,0,0
12.7902083150002,1779567214.630291,8505,69512,4,12582912,745,0,0,0
12.7902083150002,1779567214.630291,8505,69513,5,12582912,781,0,0,0
12.7902083150002,1779567214.630291,8505,69514,6,12582912,762,0,0,0
12.7902083150002,1779567214.630291,8505,69515,7,12582912,716,0,0,0
12.811940237999806,1779567214.6520226,8506,69516,0,12582912,702,0,0,0
12.811940237999806,1779567214.6520226,8506,69517,1,12582912,740,0,0,0
12.811940237999806,1779567214.6520226,8506,69518,2,12582912,775,0,0,0
12.811940237999806,1779567214.6520226,8506,69519,3,12582912,765,0,0,0
12.811940237999806,1779567214.6520226,8506,69520,4,12582912,734,0,0,0
12.811940237999806,1779567214.6520226,8506,69521,5,12582912,723,0,0,0
12.811940237999806,1779567214.6520226,8506,69522,6,12582912,735,0,0,0
12.811940237999806,1779567214.6520226,8506,69523,7,12582912,741,0,0,0
12.890922523998597,1779567214.7310047,8507,69524,0,12582912,712,0,0,0
12.890922523998597,1779567214.7310047,8507,69525,1,12582912,670,0,0,0
12.890922523998597,1779567214.7310047,8507,69526,2,12582912,662,0,0,0
12.890922523998597,1779567214.7310047,8507,69527,3,12582912,677,0,0,0
12.890922523998597,1779567214.7310047,8507,69528,4,12582912,682,0,0,0
12.890922523998597,1779567214.7310047,8507,69529,5,12582912,667,0,0,0
12.890922523998597,1779567214.7310047,8507,69530,6,12582912,640,0,0,0
12.890922523998597,1779567214.7310047,8507,69531,7,12582912,624,0,0,0
12.891241632998572,1779567214.7313225,8508,69532,0,12582912,631,0,0,0
12.891241632998572,1779567214.7313225,8508,69533,1,12582912,644,0,0,0
12.891241632998572,1779567214.7313225,8508,69534,2,12582912,633,0,0,0
12.891241632998572,1779567214.7313225,8508,69535,3,12582912,600,0,0,0
12.891241632998572,1779567214.7313225,8508,69536,4,12582912,586,0,0,0
12.891241632998572,1779567214.7313225,8508,69537,5,12582912,602,0,0,0
12.891241632998572,1779567214.7313225,8508,69538,6,12582912,614,0,0,0
12.891241632998572,1779567214.7313225,8508,69539,7,12582912,594,0,0,0
12.928719732999525,1779567214.7688017,8509,69540,0,12582912,556,0,0,0
12.928719732999525,1779567214.7688017,8509,69541,1,12582912,537,0,0,0
12.928719732999525,1779567214.7688017,8509,69542,2,12582912,551,0,0,0
12.928719732999525,1779567214.7688017,8509,69543,3,12582912,564,0,0,0
12.928719732999525,1779567214.7688017,8509,69544,4,12582912,545,0,0,0
12.928719732999525,1779567214.7688017,8509,69545,5,12582912,510,0,0,0
12.928719732999525,1779567214.7688017,8509,69546,6,12582912,493,0,0,0
12.928719732999525,1779567214.7688017,8509,69547,7,12582912,497,0,0,0
12.965145815998767,1779567214.8052285,8510,69548,0,12582912,504,0,0,0
12.965145815998767,1779567214.8052285,8510,69549,1,12582912,499,0,0,0
12.965145815998767,1779567214.8052285,8510,69550,2,12582912,485,0,0,0
12.965145815998767,1779567214.8052285,8510,69551,3,12582912,475,0,0,0
12.965145815998767,1779567214.8052285,8510,69552,4,12582912,472,0,0,0
12.965145815998767,1779567214.8052285,8510,69553,5,12582912,467,0,0,0
12.965145815998767,1779567214.8052285,8510,69554,6,12582912,459,0,0,0
12.965145815998767,1779567214.8052285,8510,69555,7,12582912,450,0,0,0
13.025823212999967,1779567214.8659055,8511,69556,0,12582912,440,0,0,0
13.025823212999967,1779567214.8659055,8511,69557,1,12582912,436,0,0,0
13.025823212999967,1779567214.8659055,8511,69558,2,12582912,434,0,0,0
13.025823212999967,1779567214.8659055,8511,69559,3,12582912,427,0,0,0
13.025823212999967,1779567214.8659055,8511,69560,4,12582912,417,0,0,0
13.025823212999967,1779567214.8659055,8511,69561,5,12582912,410,0,0,0
13.025823212999967,1779567214.8659055,8511,69562,6,12582912,416,0,0,0
13.025823212999967,1779567214.8659055,8511,69563,7,12582912,423,0,0,0
13.0340748109993,1779567214.874157,8512,69564,0,12582912,408,0,0,0
13.0340748109993,1779567214.874157,8512,69565,1,12582912,391,0,0,0
13.0340748109993,1779567214.874157,8512,69566,2,12582912,380,0,0,0
13.0340748109993,1779567214.874157,8512,69567,3,12582912,362,0,0,0
13.0340748109993,1779567214.874157,8512,69568,4,12582912,346,0,0,0
13.0340748109993,1779567214.874157,8512,69569,5,12582912,338,0,0,0
13.0340748109993,1779567214.874157,8512,69570,6,12582912,344,0,0,0
13.0340748109993,1779567214.874157,8512,69571,7,12582912,361,0,0,0
13.034404910999001,1779567214.874486,8513,69572,0,12582912,372,0,0,0
13.034404910999001,1779567214.874486,8513,69573,1,12582912,356,0,0,0
13.034404910999001,1779567214.874486,8513,69574,2,12582912,327,0,0,0
13.034404910999001,1779567214.874486,8513,69575,3,12582912,321,0,0,0
13.034404910999001,1779567214.874486,8513,69576,4,12582912,328,0,0,0
13.034404910999001,1779567214.874486,8513,69577,5,12582912,323,0,0,0
13.034404910999001,1779567214.874486,8513,69578,6,12582912,319,0,0,0
13.034404910999001,1779567214.874486,8513,69579,7,12582912,307,0,0,0
13.077138141999967,1779567214.9172204,8514,69580,0,12582912,282,0,0,0
13.077138141999967,1779567214.9172204,8514,69581,1,12582912,272,0,0,0
13.077138141999967,1779567214.9172204,8514,69582,2,12582912,278,0,0,0
13.077138141999967,1779567214.9172204,8514,69583,3,12582912,278,0,0,0
13.077138141999967,1779567214.9172204,8514,69584,4,12582912,287,0,0,0
13.077138141999967,1779567214.9172204,8514,69585,5,12582912,302,0,0,0
13.077138141999967,1779567214.9172204,8514,69586,6,12582912,307,0,0,0
13.077138141999967,1779567214.9172204,8514,69587,7,12582912,313,0,0,0
13.098824595999758,1779567214.9389067,8515,69588,0,12582912,309,0,0,0
13.098824595999758,1779567214.9389067,8515,69589,1,12582912,279,0,0,0
13.098824595999758,1779567214.9389067,8515,69590,2,12582912,267,0,0,0
13.098824595999758,1779567214.9389067,8515,69591,3,12582912,288,0,0,0
13.098824595999758,1779567214.9389067,8515,69592,4,12582912,286,0,0,0
13.098824595999758,1779567214.9389067,8515,69593,5,12582912,261,0,0,0
13.098824595999758,1779567214.9389067,8515,69594,6,12582912,251,0,0,0
13.098824595999758,1779567214.9389067,8515,69595,7,12582912,256,0,0,0
13.134949903000233,1779567214.975032,8516,69596,0,12582912,252,0,0,0
13.134949903000233,1779567214.975032,8516,69597,1,12582912,220,0,0,0
13.134949903000233,1779567214.975032,8516,69598,2,12582912,203,0,0,0
13.134949903000233,1779567214.975032,8516,69599,3,12582912,230,0,0,0
13.134949903000233,1779567214.975032,8516,69600,4,12582912,253,0,0,0
13.134949903000233,1779567214.975032,8516,69601,5,12582912,249,0,0,0
13.134949903000233,1779567214.975032,8516,69602,6,12582912,255,0,0,0
13.134949903000233,1779567214.975032,8516,69603,7,12582912,263,0,0,0
13.181884791998527,1779567215.0219674,8517,69604,0,12582912,267,0,0,0
13.181884791998527,1779567215.0219674,8517,69605,1,12582912,281,0,0,0
13.181884791998527,1779567215.0219674,8517,69606,2,12582912,277,0,0,0
13.181884791998527,1779567215.0219674,8517,69607,3,12582912,256,0,0,0
13.181884791998527,1779567215.0219674,8517,69608,4,12582912,259,0,0,0
13.181884791998527,1779567215.0219674,8517,69609,5,12582912,272,0,0,0
13.181884791998527,1779567215.0219674,8517,69610,6,12582912,267,0,0,0
13.181884791998527,1779567215.0219674,8517,69611,7,12582912,251,0,0,0
13.217590469999777,1779567215.0576725,8518,69612,0,12582912,228,0,0,0
13.217590469999777,1779567215.0576725,8518,69613,1,12582912,203,0,0,0
13.217590469999777,1779567215.0576725,8518,69614,2,12582912,188,0,0,0
13.217590469999777,1779567215.0576725,8518,69615,3,12582912,175,0,0,0
13.217590469999777,1779567215.0576725,8518,69616,4,12582912,165,0,0,0
13.217590469999777,1779567215.0576725,8518,69617,5,12582912,154,0,0,0
13.217590469999777,1779567215.0576725,8518,69618,6,12582912,114,0,0,0
13.217590469999777,1779567215.0576725,8518,69619,7,12582912,40,0,0,0
13.239246768998782,1779567215.079329,8519,69620,0,12582912,-17,0,0,0
13.239246768998782,1779567215.079329,8519,69621,1,12582912,-49,0,0,0
13.239246768998782,1779567215.079329,8519,69622,2,12582912,-111,0,0,0
13.239246768998782,1779567215.079329,8519,69623,3,12582912,-188,0,0,0
13.239246768998782,1779567215.079329,8519,69624,4,12582912,-183,0,0,0
13.239246768998782,1779567215.079329,8519,69625,5,12582912,-110,0,0,0
13.239246768998782,1779567215.079329,8519,69626,6,12582912,-90,0,0,0
13.239246768998782,1779567215.079329,8519,69627,7,12582912,-116,0,0,0
13.260891453999648,1779567215.1009736,8520,69628,0,12582912,-133,0,0,0
13.260891453999648,1779567215.1009736,8520,69629,1,12582912,-146,0,0,0
13.260891453999648,1779567215.1009736,8520,69630,2,12582912,-184,0,0,0
13.260891453999648,1779567215.1009736,8520,69631,3,12582912,-244,0,0,0
13.260891453999648,1779567215.1009736,8520,69632,4,12582912,-276,0,0,0
13.260891453999648,1779567215.1009736,8520,69633,5,12582912,-250,0,0,0
13.260891453999648,1779567215.1009736,8520,69634,6,12582912,-213,0,0,0
13.260891453999648,1779567215.1009736,8520,69635,7,12582912,-208,0,0,0
13.303787131999343,1779567215.1438694,8521,69636,0,12582912,-212,0,0,0
13.303787131999343,1779567215.1438694,8521,69637,1,12582912,-207,0,0,0
13.303787131999343,1779567215.1438694,8521,69638,2,12582912,-208,0,0,0
13.303787131999343,1779567215.1438694,8521,69639,3,12582912,-234,0,0,0
13.303787131999343,1779567215.1438694,8521,69640,4,12582912,-285,0,0,0
13.303787131999343,1779567215.1438694,8521,69641,5,12582912,-344,0,0,0
13.303787131999343,1779567215.1438694,8521,69642,6,12582912,-339,0,0,0
13.303787131999343,1779567215.1438694,8521,69643,7,12582912,-259,0,0,0
13.340375764999408,1779567215.180458,8522,69644,0,12582912,-235,0,0,0
13.340375764999408,1779567215.180458,8522,69645,1,12582912,-299,0,0,0
13.340375764999408,1779567215.180458,8522,69646,2,12582912,-339,0,0,0
13.340375764999408,1779567215.180458,8522,69647,3,12582912,-321,0,0,0
13.340375764999408,1779567215.180458,8522,69648,4,12582912,-298,0,0,0
13.340375764999408,1779567215.180458,8522,69649,5,12582912,-299,0,0,0
13.340375764999408,1779567215.180458,8522,69650,6,12582912,-322,0,0,0
13.340375764999408,1779567215.180458,8522,69651,7,12582912,-348,0,0,0
13.361994148999656,1779567215.2020767,8523,69652,0,12582912,-355,0,0,0
13.361994148999656,1779567215.2020767,8523,69653,1,12582912,-368,0,0,0
13.361994148999656,1779567215.2020767,8523,69654,2,12582912,-370,0,0,0
13.361994148999656,1779567215.2020767,8523,69655,3,12582912,-337,0,0,0
13.361994148999656,1779567215.2020767,8523,69656,4,12582912,-305,0,0,0
13.361994148999656,1779567215.2020767,8523,69657,5,12582912,-288,0,0,0
13.361994148999656,1779567215.2020767,8523,69658,6,12582912,-303,0,0,0
13.361994148999656,1779567215.2020767,8523,69659,7,12582912,-342,0,0,0
13.422511756998574,1779567215.2625942,8524,69660,0,12582912,-359,0,0,0
13.422511756998574,1779567215.2625942,8524,69661,1,12582912,-351,0,0,0
13.422511756998574,1779567215.2625942,8524,69662,2,12582912,-329,0,0,0
13.422511756998574,1779567215.2625942,8524,69663,3,12582912,-315,0,0,0
13.422511756998574,1779567215.2625942,8524,69664,4,12582912,-317,0,0,0
13.422511756998574,1779567215.2625942,8524,69665,5,12582912,-325,0,0,0
13.422511756998574,1779567215.2625942,8524,69666,6,12582912,-346,0,0,0
13.422511756998574,1779567215.2625942,8524,69667,7,12582912,-351,0,0,0
13.444233680000252,1779567215.284316,8525,69668,0,12582912,-329,0,0,0
13.444233680000252,1779567215.284316,8525,69669,1,12582912,-308,0,0,0
13.444233680000252,1779567215.284316,8525,69670,2,12582912,-298,0,0,0
13.444233680000252,1779567215.284316,8525,69671,3,12582912,-318,0,0,0
13.444233680000252,1779567215.284316,8525,69672,4,12582912,-358,0,0,0
13.444233680000252,1779567215.284316,8525,69673,5,12582912,-378,0,0,0
13.444233680000252,1779567215.284316,8525,69674,6,12582912,-371,0,0,0
13.444233680000252,1779567215.284316,8525,69675,7,12582912,-344,0,0,0
13.480355966999923,1779567215.320438,8526,69676,0,12582912,-309,0,0,0
13.480355966999923,1779567215.320438,8526,69677,1,12582912,-292,0,0,0
13.480355966999923,1779567215.320438,8526,69678,2,12582912,-292,0,0,0
13.480355966999923,1779567215.320438,8526,69679,3,12582912,-303,0,0,0
13.480355966999923,1779567215.320438,8526,69680,4,12582912,-359,0,0,0
13.480355966999923,1779567215.320438,8526,69681,5,12582912,-414,0,0,0
13.480355966999923,1779567215.320438,8526,69682,6,12582912,-368,0,0,0
13.480355966999923,1779567215.320438,8526,69683,7,12582912,-270,0,0,0
13.480670128999918,1779567215.320751,8527,69684,0,12582912,-238,0,0,0
13.480670128999918,1779567215.320751,8527,69685,1,12582912,-274,0,0,0
13.480670128999918,1779567215.320751,8527,69686,2,12582912,-306,0,0,0
13.480670128999918,1779567215.320751,8527,69687,3,12582912,-323,0,0,0
13.480670128999918,1779567215.320751,8527,69688,4,12582912,-349,0,0,0
13.480670128999918,1779567215.320751,8527,69689,5,12582912,-348,0,0,0
13.480670128999918,1779567215.320751,8527,69690,6,12582912,-295,0,0,0
13.480670128999918,1779567215.320751,8527,69691,7,12582912,-258,0,0,0
13.523540442000012,1779567215.3636227,8528,69692,0,12582912,-294,0,0,0
13.523540442000012,1779567215.3636227,8528,69693,1,12582912,-355,0,0,0
13.523540442000012,1779567215.3636227,8528,69694,2,12582912,-356,0,0,0
13.523540442000012,1779567215.3636227,8528,69695,3,12582912,-300,0,0,0
13.523540442000012,1779567215.3636227,8528,69696,4,12582912,-267,0,0,0
13.523540442000012,1779567215.3636227,8528,69697,5,12582912,-275,0,0,0
13.523540442000012,1779567215.3636227,8528,69698,6,12582912,-290,0,0,0
13.523540442000012,1779567215.3636227,8528,69699,7,12582912,-282,0,0,0
13.560538028999872,1779567215.4006205,8529,69700,0,12582912,-270,0,0,0
13.560538028999872,1779567215.4006205,8529,69701,1,12582912,-281,0,0,0
13.560538028999872,1779567215.4006205,8529,69702,2,12582912,-309,0,0,0
13.560538028999872,1779567215.4006205,8529,69703,3,12582912,-325,0,0,0
13.560538028999872,1779567215.4006205,8529,69704,4,12582912,-311,0,0,0
13.560538028999872,1779567215.4006205,8529,69705,5,12582912,-286,0,0,0
13.560538028999872,1779567215.4006205,8529,69706,6,12582912,-272,0,0,0
13.560538028999872,1779567215.4006205,8529,69707,7,12582912,-278,0,0,0
13.58765799899993,1779567215.4277408,8530,69708,0,12582912,-304,0,0,0
13.58765799899993,1779567215.4277408,8530,69709,1,12582912,-332,0,0,0
13.58765799899993,1779567215.4277408,8530,69710,2,12582912,-314,0,0,0
13.58765799899993,1779567215.4277408,8530,69711,3,12582912,-268,0,0,0
13.58765799899993,1779567215.4277408,8530,69712,4,12582912,-251,0,0,0
13.58765799899993,1779567215.4277408,8530,69713,5,12582912,-250,0,0,0
13.58765799899993,1779567215.4277408,8530,69714,6,12582912,-250,0,0,0
13.58765799899993,1779567215.4277408,8530,69715,7,12582912,-258,0,0,0
13.609334765998938,1779567215.4494169,8531,69716,0,12582912,-270,0,0,0
13.609334765998938,1779567215.4494169,8531,69717,1,12582912,-273,0,0,0
13.609334765998938,1779567215.4494169,8531,69718,2,12582912,-254,0,0,0
13.609334765998938,1779567215.4494169,8531,69719,3,12582912,-254,0,0,0
13.609334765998938,1779567215.4494169,8531,69720,4,12582912,-285,0,0,0
13.609334765998938,1779567215.4494169,8531,69721,5,12582912,-287,0,0,0
13.609334765998938,1779567215.4494169,8531,69722,6,12582912,-238,0,0,0
13.609334765998938,1779567215.4494169,8531,69723,7,12582912,-196,0,0,0
13.652115080998556,1779567215.4921973,8532,69724,0,12582912,-198,0,0,0
13.652115080998556,1779567215.4921973,8532,69725,1,12582912,-220,0,0,0
13.652115080998556,1779567215.4921973,8532,69726,2,12582912,-237,0,0,0
13.652115080998556,1779567215.4921973,8532,69727,3,12582912,-242,0,0,0
13.652115080998556,1779567215.4921973,8532,69728,4,12582912,-237,0,0,0
13.652115080998556,1779567215.4921973,8532,69729,5,12582912,-240,0,0,0
13.652115080998556,1779567215.4921973,8532,69730,6,12582912,-243,0,0,0
13.652115080998556,1779567215.4921973,8532,69731,7,12582912,-242,0,0,0
13.673770911000247,1779567215.513853,8533,69732,0,12582912,-242,0,0,0
13.673770911000247,1779567215.513853,8533,69733,1,12582912,-230,0,0,0
13.673770911000247,1779567215.513853,8533,69734,2,12582912,-214,0,0,0
13.673770911000247,1779567215.513853,8533,69735,3,12582912,-204,0,0,0
13.673770911000247,1779567215.513853,8533,69736,4,12582912,-197,0,0,0
13.673770911000247,1779567215.513853,8533,69737,5,12582912,-203,0,0,0
13.673770911000247,1779567215.513853,8533,69738,6,12582912,-215,0,0,0
13.673770911000247,1779567215.513853,8533,69739,7,12582912,-216,0,0,0
13.708729725000012,1779567215.5488122,8534,69740,0,12582912,-218,0,0,0
13.708729725000012,1779567215.5488122,8534,69741,1,12582912,-231,0,0,0
13.708729725000012,1779567215.5488122,8534,69742,2,12582912,-240,0,0,0
13.708729725000012,1779567215.5488122,8534,69743,3,12582912,-220,0,0,0
13.708729725000012,1779567215.5488122,8534,69744,4,12582912,-194,0,0,0
13.708729725000012,1779567215.5488122,8534,69745,5,12582912,-181,0,0,0
13.708729725000012,1779567215.5488122,8534,69746,6,12582912,-171,0,0,0
13.708729725000012,1779567215.5488122,8534,69747,7,12582912,-166,0,0,0
13.76826500399875,1779567215.608347,8535,69748,0,12582912,-176,0,0,0
13.76826500399875,1779567215.608347,8535,69749,1,12582912,-197,0,0,0
13.76826500399875,1779567215.608347,8535,69750,2,12582912,-219,0,0,0
13.76826500399875,1779567215.608347,8535,69751,3,12582912,-230,0,0,0
13.76826500399875,1779567215.608347,8535,69752,4,12582912,-213,0,0,0
13.76826500399875,1779567215.608347,8535,69753,5,12582912,-173,0,0,0
13.76826500399875,1779567215.608347,8535,69754,6,12582912,-147,0,0,0
13.76826500399875,1779567215.608347,8535,69755,7,12582912,-159,0,0,0
13.768572134998976,1779567215.6086538,8536,69756,0,12582912,-185,0,0,0
13.768572134998976,1779567215.6086538,8536,69757,1,12582912,-193,0,0,0
13.768572134998976,1779567215.6086538,8536,69758,2,12582912,-203,0,0,0
13.768572134998976,1779567215.6086538,8536,69759,3,12582912,-210,0,0,0
13.768572134998976,1779567215.6086538,8536,69760,4,12582912,-181,0,0,0
13.768572134998976,1779567215.6086538,8536,69761,5,12582912,-148,0,0,0
13.768572134998976,1779567215.6086538,8536,69762,6,12582912,-150,0,0,0
13.768572134998976,1779567215.6086538,8536,69763,7,12582912,-168,0,0,0
13.816914399998495,1779567215.6569967,8537,69764,0,12582912,-186,0,0,0
13.816914399998495,1779567215.6569967,8537,69765,1,12582912,-194,0,0,0
13.816914399998495,1779567215.6569967,8537,69766,2,12582912,-186,0,0,0
13.816914399998495,1779567215.6569967,8537,69767,3,12582912,-175,0,0,0
13.816914399998495,1779567215.6569967,8537,69768,4,12582912,-151,0,0,0
13.816914399998495,1779567215.6569967,8537,69769,5,12582912,-125,0,0,0
13.816914399998495,1779567215.6569967,8537,69770,6,12582912,-122,0,0,0
13.816914399998495,1779567215.6569967,8537,69771,7,12582912,-141,0,0,0
13.900806980998823,1779567215.7408893,8538,69772,0,12582912,-173,0,0,0
13.900806980998823,1779567215.7408893,8538,69773,1,12582912,-184,0,0,0
13.900806980998823,1779567215.7408893,8538,69774,2,12582912,-164,0,0,0
13.900806980998823,1779567215.7408893,8538,69775,3,12582912,-143,0,0,0
13.900806980998823,1779567215.7408893,8538,69776,4,12582912,-139,0,0,0
13.900806980998823,1779567215.7408893,8538,69777,5,12582912,-137,0,0,0
13.900806980998823,1779567215.7408893,8538,69778,6,12582912,-135,0,0,0
13.900806980998823,1779567215.7408893,8538,69779,7,12582912,-143,0,0,0
13.901123486999495,1779567215.7412043,8539,69780,0,12582912,-150,0,0,0
13.901123486999495,1779567215.7412043,8539,69781,1,12582912,-153,0,0,0
13.901123486999495,1779567215.7412043,8539,69782,2,12582912,-153,0,0,0
13.901123486999495,1779567215.7412043,8539,69783,3,12582912,-149,0,0,0
13.901123486999495,1779567215.7412043,8539,69784,4,12582912,-145,0,0,0
13.901123486999495,1779567215.7412043,8539,69785,5,12582912,-141,0,0,0
13.901123486999495,1779567215.7412043,8539,69786,6,12582912,-150,0,0,0
13.901123486999495,1779567215.7412043,8539,69787,7,12582912,-161,0,0,0
14.064735166999526,1779567215.9048173,8540,69788,0,12582912,-156,0,0,0
14.064735166999526,1779567215.9048173,8540,69789,1,12582912,-145,0,0,0
14.064735166999526,1779567215.9048173,8540,69790,2,12582912,-125,0,0,0
14.064735166999526,1779567215.9048173,8540,69791,3,12582912,-111,0,0,0
14.064735166999526,1779567215.9048173,8540,69792,4,12582912,-114,0,0,0
14.064735166999526,1779567215.9048173,8540,69793,5,12582912,-123,0,0,0
14.064735166999526,1779567215.9048173,8540,69794,6,12582912,-130,0,0,0
14.064735166999526,1779567215.9048173,8540,69795,7,12582912,-125,0,0,0
14.113169200998527,1779567215.9532514,8541,69796,0,12582912,-140,0,0,0
14.113169200998527,1779567215.9532514,8541,69797,1,12582912,-187,0,0,0
14.113169200998527,1779567215.9532514,8541,69798,2,12582912,-211,0,0,0
14.113169200998527,1779567215.9532514,8541,69799,3,12582912,-170,0,0,0
14.113169200998527,1779567215.9532514,8541,69800,4,12582912,-115,0,0,0
14.113169200998527,1779567215.9532514,8541,69801,5,12582912,-121,0,0,0
14.113169200998527,1779567215.9532514,8541,69802,6,12582912,-180,0,0,0
14.113169200998527,1779567215.9532514,8541,69803,7,12582912,-221,0,0,0
14.148151452998718,1779567215.9882338,8542,69804,0,12582912,-202,0,0,0
14.148151452998718,1779567215.9882338,8542,69805,1,12582912,-145,0,0,0
14.148151452998718,1779567215.9882338,8542,69806,2,12582912,-113,0,0,0
14.148151452998718,1779567215.9882338,8542,69807,3,12582912,-140,0,0,0
14.148151452998718,1779567215.9882338,8542,69808,4,12582912,-188,0,0,0
14.148151452998718,1779567215.9882338,8542,69809,5,12582912,-188,0,0,0
14.148151452998718,1779567215.9882338,8542,69810,6,12582912,-145,0,0,0
14.148151452998718,1779567215.9882338,8542,69811,7,12582912,-121,0,0,0
14.21260140099912,1779567216.0526838,8543,69812,0,12582912,-139,0,0,0
14.21260140099912,1779567216.0526838,8543,69813,1,12582912,-171,0,0,0
14.21260140099912,1779567216.0526838,8543,69814,2,12582912,-182,0,0,0
14.21260140099912,1779567216.0526838,8543,69815,3,12582912,-166,0,0,0
14.21260140099912,1779567216.0526838,8543,69816,4,12582912,-147,0,0,0
14.21260140099912,1779567216.0526838,8543,69817,5,12582912,-142,0,0,0
14.21260140099912,1779567216.0526838,8543,69818,6,12582912,-152,0,0,0
14.21260140099912,1779567216.0526838,8543,69819,7,12582912,-158,0,0,0
14.212916708998819,1779567216.0529983,8544,69820,0,12582912,-147,0,0,0
14.212916708998819,1779567216.0529983,8544,69821,1,12582912,-156,0,0,0
14.212916708998819,1779567216.0529983,8544,69822,2,12582912,-182,0,0,0
14.212916708998819,1779567216.0529983,8544,69823,3,12582912,-184,0,0,0
14.212916708998819,1779567216.0529983,8544,69824,4,12582912,-159,0,0,0
14.212916708998819,1779567216.0529983,8544,69825,5,12582912,-135,0,0,0
14.212916708998819,1779567216.0529983,8544,69826,6,12582912,-133,0,0,0
14.212916708998819,1779567216.0529983,8544,69827,7,12582912,-163,0,0,0
14.234648944999208,1779567216.0747313,8545,69828,0,12582912,-194,0,0,0
14.234648944999208,1779567216.0747313,8545,69829,1,12582912,-178,0,0,0
14.234648944999208,1779567216.0747313,8545,69830,2,12582912,-130,0,0,0
14.234648944999208,1779567216.0747313,8545,69831,3,12582912,-103,0,0,0
14.234648944999208,1779567216.0747313,8545,69832,4,12582912,-115,0,0,0
14.234648944999208,1779567216.0747313,8545,69833,5,12582912,-152,0,0,0
14.234648944999208,1779567216.0747313,8545,69834,6,12582912,-175,0,0,0
14.234648944999208,1779567216.0747313,8545,69835,7,12582912,-165,0,0,0
14.256885392000186,1779567216.0969677,8546,69836,0,12582912,-141,0,0,0
14.256885392000186,1779567216.0969677,8546,69837,1,12582912,-133,0,0,0
14.256885392000186,1779567216.0969677,8546,69838,2,12582912,-142,0,0,0
14.256885392000186,1779567216.0969677,8546,69839,3,12582912,-136,0,0,0
14.256885392000186,1779567216.0969677,8546,69840,4,12582912,-122,0,0,0
14.256885392000186,1779567216.0969677,8546,69841,5,12582912,-117,0,0,0
14.256885392000186,1779567216.0969677,8546,69842,6,12582912,-122,0,0,0
14.256885392000186,1779567216.0969677,8546,69843,7,12582912,-129,0,0,0
14.299483105998661,1779567216.1395648,8547,69844,0,12582912,-126,0,0,0
14.299483105998661,1779567216.1395648,8547,69845,1,12582912,-125,0,0,0
14.299483105998661,1779567216.1395648,8547,69846,2,12582912,-128,0,0,0
14.299483105998661,1779567216.1395648,8547,69847,3,12582912,-128,0,0,0
14.299483105998661,1779567216.1395648,8547,69848,4,12582912,-127,0,0,0
14.299483105998661,1779567216.1395648,8547,69849,5,12582912,-129,0,0,0
14.299483105998661,1779567216.1395648,8547,69850,6,12582912,-135,0,0,0
14.299483105998661,1779567216.1395648,8547,69851,7,12582912,-132,0,0,0
14.320779098999992,1779567216.1608603,8548,69852,0,12582912,-123,0,0,0
14.320779098999992,1779567216.1608603,8548,69853,1,12582912,-119,0,0,0
14.320779098999992,1779567216.1608603,8548,69854,2,12582912,-113,0,0,0
14.320779098999992,1779567216.1608603,8548,69855,3,12582912,-104,0,0,0
14.320779098999992,1779567216.1608603,8548,69856,4,12582912,-97,0,0,0
14.320779098999992,1779567216.1608603,8548,69857,5,12582912,-101,0,0,0
14.320779098999992,1779567216.1608603,8548,69858,6,12582912,-119,0,0,0
14.320779098999992,1779567216.1608603,8548,69859,7,12582912,-136,0,0,0
14.363157492998653,1779567216.203239,8549,69860,0,12582912,-139,0,0,0
14.363157492998653,1779567216.203239,8549,69861,1,12582912,-125,0,0,0
14.363157492998653,1779567216.203239,8549,69862,2,12582912,-107,0,0,0
14.363157492998653,1779567216.203239,8549,69863,3,12582912,-91,0,0,0
14.363157492998653,1779567216.203239,8549,69864,4,12582912,-90,0,0,0
14.363157492998653,1779567216.203239,8549,69865,5,12582912,-110,0,0,0
14.363157492998653,1779567216.203239,8549,69866,6,12582912,-127,0,0,0
14.363157492998653,1779567216.203239,8549,69867,7,12582912,-123,0,0,0
14.403066443999705,1779567216.243148,8550,69868,0,12582912,-110,0,0,0
14.403066443999705,1779567216.243148,8550,69869,1,12582912,-114,0,0,0
14.403066443999705,1779567216.243148,8550,69870,2,12582912,-127,0,0,0
14.403066443999705,1779567216.243148,8550,69871,3,12582912,-118,0,0,0
14.403066443999705,1779567216.243148,8550,69872,4,12582912,-109,0,0,0
14.403066443999705,1779567216.243148,8550,69873,5,12582912,-115,0,0,0
14.403066443999705,1779567216.243148,8550,69874,6,12582912,-105,0,0,0
14.403066443999705,1779567216.243148,8550,69875,7,12582912,-80,0,0,0
14.4242355639999,1779567216.2643166,8551,69876,0,12582912,-78,0,0,0
14.4242355639999,1779567216.2643166,8551,69877,1,12582912,-96,0,0,0
14.4242355639999,1779567216.2643166,8551,69878,2,12582912,-112,0,0,0
14.4242355639999,1779567216.2643166,8551,69879,3,12582912,-124,0,0,0
14.4242355639999,1779567216.2643166,8551,69880,4,12582912,-121,0,0,0
14.4242355639999,1779567216.2643166,8551,69881,5,12582912,-103,0,0,0
14.4242355639999,1779567216.2643166,8551,69882,6,12582912,-98,0,0,0
14.4242355639999,1779567216.2643166,8551,69883,7,12582912,-98,0,0,0
14.466462761998628,1779567216.3065445,8552,69884,0,12582912,-93,0,0,0
14.466462761998628,1779567216.3065445,8552,69885,1,12582912,-106,0,0,0
14.466462761998628,1779567216.3065445,8552,69886,2,12582912,-126,0,0,0
14.466462761998628,1779567216.3065445,8552,69887,3,12582912,-114,0,0,0
14.466462761998628,1779567216.3065445,8552,69888,4,12582912,-83,0,0,0
14.466462761998628,1779567216.3065445,8552,69889,5,12582912,-68,0,0,0
14.466462761998628,1779567216.3065445,8552,69890,6,12582912,-78,0,0,0
14.466462761998628,1779567216.3065445,8552,69891,7,12582912,-97,0,0,0
14.488005938999777,1779567216.3280883,8553,69892,0,12582912,-102,0,0,0
14.488005938999777,1779567216.3280883,8553,69893,1,12582912,-105,0,0,0
14.488005938999777,1779567216.3280883,8553,69894,2,12582912,-114,0,0,0
14.488005938999777,1779567216.3280883,8553,69895,3,12582912,-109,0,0,0
14.488005938999777,1779567216.3280883,8553,69896,4,12582912,-89,0,0,0
14.488005938999777,1779567216.3280883,8553,69897,5,12582912,-71,0,0,0
14.488005938999777,1779567216.3280883,8553,69898,6,12582912,-63,0,0,0
14.488005938999777,1779567216.3280883,8553,69899,7,12582912,-65,0,0,0
14.530613808999988,1779567216.3706958,8554,69900,0,12582912,-70,0,0,0
14.530613808999988,1779567216.3706958,8554,69901,1,12582912,-79,0,0,0
14.530613808999988,1779567216.3706958,8554,69902,2,12582912,-86,0,0,0
14.530613808999988,1779567216.3706958,8554,69903,3,12582912,-87,0,0,0
14.530613808999988,1779567216.3706958,8554,69904,4,12582912,-86,0,0,0
14.530613808999988,1779567216.3706958,8554,69905,5,12582912,-84,0,0,0
14.530613808999988,1779567216.3706958,8554,69906,6,12582912,-87,0,0,0
14.530613808999988,1779567216.3706958,8554,69907,7,12582912,-89,0,0,0
14.55223917100011,1779567216.3923213,8555,69908,0,12582912,-80,0,0,0
14.55223917100011,1779567216.3923213,8555,69909,1,12582912,-73,0,0,0
14.55223917100011,1779567216.3923213,8555,69910,2,12582912,-71,0,0,0
14.55223917100011,1779567216.3923213,8555,69911,3,12582912,-71,0,0,0
14.55223917100011,1779567216.3923213,8555,69912,4,12582912,-76,0,0,0
14.55223917100011,1779567216.3923213,8555,69913,5,12582912,-82,0,0,0
14.55223917100011,1779567216.3923213,8555,69914,6,12582912,-78,0,0,0
14.55223917100011,1779567216.3923213,8555,69915,7,12582912,-70,0,0,0
14.675036761000229,1779567216.515119,8556,69916,0,12582912,-65,0,0,0
14.675036761000229,1779567216.515119,8556,69917,1,12582912,-67,0,0,0
14.675036761000229,1779567216.515119,8556,69918,2,12582912,-74,0,0,0
14.675036761000229,1779567216.515119,8556,69919,3,12582912,-80,0,0,0
14.675036761000229,1779567216.515119,8556,69920,4,12582912,-87,0,0,0
14.675036761000229,1779567216.515119,8556,69921,5,12582912,-90,0,0,0
14.675036761000229,1779567216.515119,8556,69922,6,12582912,-83,0,0,0
14.675036761000229,1779567216.515119,8556,69923,7,12582912,-82,0,0,0
14.675356183999611,1779567216.515437,8557,69924,0,12582912,-83,0,0,0
14.675356183999611,1779567216.515437,8557,69925,1,12582912,-77,0,0,0
14.675356183999611,1779567216.515437,8557,69926,2,12582912,-70,0,0,0
14.675356183999611,1779567216.515437,8557,69927,3,12582912,-69,0,0,0
14.675356183999611,1779567216.515437,8557,69928,4,12582912,-69,0,0,0
14.675356183999611,1779567216.515437,8557,69929,5,12582912,-68,0,0,0
14.675356183999611,1779567216.515437,8557,69930,6,12582912,-66,0,0,0
14.675356183999611,1779567216.515437,8557,69931,7,12582912,-66,0,0,0
14.67565060599918,1779567216.5157316,8558,69932,0,12582912,-66,0,0,0
14.67565060599918,1779567216.5157316,8558,69933,1,12582912,-66,0,0,0
14.67565060599918,1779567216.5157316,8558,69934,2,12582912,-66,0,0,0
14.67565060599918,1779567216.5157316,8558,69935,3,12582912,-61,0,0,0
14.67565060599918,1779567216.5157316,8558,69936,4,12582912,-54,0,0,0
14.67565060599918,1779567216.5157316,8558,69937,5,12582912,-53,0,0,0
14.67565060599918,1779567216.5157316,8558,69938,6,12582912,-55,0,0,0
14.67565060599918,1779567216.5157316,8558,69939,7,12582912,-54,0,0,0
14.675937893998707,1779567216.5160186,8559,69940,0,12582912,-49,0,0,0
14.675937893998707,1779567216.5160186,8559,69941,1,12582912,-45,0,0,0
14.675937893998707,1779567216.5160186,8559,69942,2,12582912,-47,0,0,0
14.675937893998707,1779567216.5160186,8559,69943,3,12582912,-49,0,0,0
14.675937893998707,1779567216.5160186,8559,69944,4,12582912,-46,0,0,0
14.675937893998707,1779567216.5160186,8559,69945,5,12582912,-40,0,0,0
14.675937893998707,1779567216.5160186,8559,69946,6,12582912,-37,0,0,0
14.675937893998707,1779567216.5160186,8559,69947,7,12582912,-39,0,0,0
14.710957748999135,1779567216.5510397,8560,69948,0,12582912,-44,0,0,0
14.710957748999135,1779567216.5510397,8560,69949,1,12582912,-44,0,0,0
14.710957748999135,1779567216.5510397,8560,69950,2,12582912,-39,0,0,0
14.710957748999135,1779567216.5510397,8560,69951,3,12582912,-33,0,0,0
14.710957748999135,1779567216.5510397,8560,69952,4,12582912,-27,0,0,0
14.710957748999135,1779567216.5510397,8560,69953,5,12582912,-25,0,0,0
14.710957748999135,1779567216.5510397,8560,69954,6,12582912,-28,0,0,0
14.710957748999135,1779567216.5510397,8560,69955,7,12582912,-31,0,0,0
14.753646035000202,1779567216.5937285,8561,69956,0,12582912,-33,0,0,0
14.753646035000202,1779567216.5937285,8561,69957,1,12582912,-34,0,0,0
14.753646035000202,1779567216.5937285,8561,69958,2,12582912,-31,0,0,0
14.753646035000202,1779567216.5937285,8561,69959,3,12582912,-25,0,0,0
14.753646035000202,1779567216.5937285,8561,69960,4,12582912,-20,0,0,0
14.753646035000202,1779567216.5937285,8561,69961,5,12582912,-19,0,0,0
14.753646035000202,1779567216.5937285,8561,69962,6,12582912,-22,0,0,0
14.753646035000202,1779567216.5937285,8561,69963,7,12582912,-25,0,0,0
14.775355562998811,1779567216.615438,8562,69964,0,12582912,-21,0,0,0
14.775355562998811,1779567216.615438,8562,69965,1,12582912,-10,0,0,0
14.775355562998811,1779567216.615438,8562,69966,2,12582912,-2,0,0,0
14.775355562998811,1779567216.615438,8562,69967,3,12582912,-2,0,0,0
14.775355562998811,1779567216.615438,8562,69968,4,12582912,-5,0,0,0
14.775355562998811,1779567216.615438,8562,69969,5,12582912,-8,0,0,0
14.775355562998811,1779567216.615438,8562,69970,6,12582912,-12,0,0,0
14.775355562998811,1779567216.615438,8562,69971,7,12582912,-15,0,0,0
14.83375684999919,1779567216.673839,8563,69972,0,12582912,-14,0,0,0
14.83375684999919,1779567216.673839,8563,69973,1,12582912,-11,0,0,0
14.83375684999919,1779567216.673839,8563,69974,2,12582912,-9,0,0,0
14.83375684999919,1779567216.673839,8563,69975,3,12582912,-6,0,0,0
14.83375684999919,1779567216.673839,8563,69976,4,12582912,-3,0,0,0
14.83375684999919,1779567216.673839,8563,69977,5,12582912,-3,0,0,0
14.83375684999919,1779567216.673839,8563,69978,6,12582912,-6,0,0,0
14.83375684999919,1779567216.673839,8563,69979,7,12582912,-4,0,0,0
14.834070334998614,1779567216.674151,8564,69980,0,12582912,3,0,0,0
14.834070334998614,1779567216.674151,8564,69981,1,12582912,6,0,0,0
14.834070334998614,1779567216.674151,8564,69982,2,12582912,-1,0,0,0
14.834070334998614,1779567216.674151,8564,69983,3,12582912,-12,0,0,0
14.834070334998614,1779567216.674151,8564,69984,4,12582912,-18,0,0,0
14.834070334998614,1779567216.674151,8564,69985,5,12582912,-15,0,0,0
14.834070334998614,1779567216.674151,8564,69986,6,12582912,-7,0,0,0
14.834070334998614,1779567216.674151,8564,69987,7,12582912,-2,0,0,0
14.915779458999168,1779567216.7558608,8565,69988,0,12582912,-4,0,0,0
14.915779458999168,1779567216.7558608,8565,69989,1,12582912,-9,0,0,0
14.915779458999168,1779567216.7558608,8565,69990,2,12582912,-18,0,0,0
14.915779458999168,1779567216.7558608,8565,69991,3,12582912,-22,0,0,0
14.915779458999168,1779567216.7558608,8565,69992,4,12582912,-13,0,0,0
14.915779458999168,1779567216.7558608,8565,69993,5,12582912,3,0,0,0
14.915779458999168,1779567216.7558608,8565,69994,6,12582912,3,0,0,0
14.915779458999168,1779567216.7558608,8565,69995,7,12582912,-14,0,0,0
14.915909508999903,1779567216.7559893,8566,69996,0,12582912,-30,0,0,0
14.915909508999903,1779567216.7559893,8566,69997,1,12582912,-41,0,0,0
14.915909508999903,1779567216.7559893,8566,69998,2,12582912,-46,0,0,0
14.915909508999903,1779567216.7559893,8566,69999,3,12582912,-34,0,0,0
14.915909508999903,1779567216.7559893,8566,70000,4,12582912,-16,0,0,0
14.915909508999903,1779567216.7559893,8566,70001,5,12582912,-13,0,0,0
14.915909508999903,1779567216.7559893,8566,70002,6,12582912,-6,0,0,0
14.915909508999903,1779567216.7559893,8566,70003,7,12582912,20,0,0,0
14.944001756999569,1779567216.7840831,8567,70004,0,12582912,15,0,0,0
14.944001756999569,1779567216.7840831,8567,70005,1,12582912,-45,0,0,0
14.944001756999569,1779567216.7840831,8567,70006,2,12582912,-94,0,0,0
14.944001756999569,1779567216.7840831,8567,70007,3,12582912,-72,0,0,0
14.944001756999569,1779567216.7840831,8567,70008,4,12582912,-23,0,0,0
14.944001756999569,1779567216.7840831,8567,70009,5,12582912,-25,0,0,0
14.944001756999569,1779567216.7840831,8567,70010,6,12582912,-83,0,0,0
14.944001756999569,1779567216.7840831,8567,70011,7,12582912,-126,0,0,0
15.015253793999364,1779567216.8553357,8568,70012,0,12582912,-112,0,0,0
15.015253793999364,1779567216.8553357,8568,70013,1,12582912,-79,0,0,0
15.015253793999364,1779567216.8553357,8568,70014,2,12582912,-79,0,0,0
15.015253793999364,1779567216.8553357,8568,70015,3,12582912,-110,0,0,0
15.015253793999364,1779567216.8553357,8568,70016,4,12582912,-129,0,0,0
15.015253793999364,1779567216.8553357,8568,70017,5,12582912,-109,0,0,0
15.015253793999364,1779567216.8553357,8568,70018,6,12582912,-72,0,0,0
15.015253793999364,1779567216.8553357,8568,70019,7,12582912,-67,0,0,0
15.015515925999352,1779567216.8555965,8569,70020,0,12582912,-94,0,0,0
15.015515925999352,1779567216.8555965,8569,70021,1,12582912,-112,0,0,0
15.015515925999352,1779567216.8555965,8569,70022,2,12582912,-97,0,0,0
15.015515925999352,1779567216.8555965,8569,70023,3,12582912,-70,0,0,0
15.015515925999352,1779567216.8555965,8569,70024,4,12582912,-63,0,0,0
15.015515925999352,1779567216.8555965,8569,70025,5,12582912,-76,0,0,0
15.015515925999352,1779567216.8555965,8569,70026,6,12582912,-82,0,0,0
15.015515925999352,1779567216.8555965,8569,70027,7,12582912,-69,0,0,0
15.046901510999305,1779567216.8869839,8570,70028,0,12582912,-45,0,0,0
15.046901510999305,1779567216.8869839,8570,70029,1,12582912,-33,0,0,0
15.046901510999305,1779567216.8869839,8570,70030,2,12582912,-38,0,0,0
15.046901510999305,1779567216.8869839,8570,70031,3,12582912,-42,0,0,0
15.046901510999305,1779567216.8869839,8570,70032,4,12582912,-32,0,0,0
15.046901510999305,1779567216.8869839,8570,70033,5,12582912,-15,0,0,0
15.046901510999305,1779567216.8869839,8570,70034,6,12582912,-8,0,0,0
15.046901510999305,1779567216.8869839,8570,70035,7,12582912,-12,0,0,0
15.068537498998921,1779567216.9086199,8571,70036,0,12582912,-10,0,0,0
15.068537498998921,1779567216.9086199,8571,70037,1,12582912,10,0,0,0
15.068537498998921,1779567216.9086199,8571,70038,2,12582912,39,0,0,0
15.068537498998921,1779567216.9086199,8571,70039,3,12582912,59,0,0,0
15.068537498998921,1779567216.9086199,8571,70040,4,12582912,59,0,0,0
15.068537498998921,1779567216.9086199,8571,70041,5,12582912,61,0,0,0
15.068537498998921,1779567216.9086199,8571,70042,6,12582912,80,0,0,0
15.068537498998921,1779567216.9086199,8571,70043,7,12582912,103,0,0,0
15.119744514999184,1779567216.959827,8572,70044,0,12582912,112,0,0,0
15.119744514999184,1779567216.959827,8572,70045,1,12582912,112,0,0,0
15.119744514999184,1779567216.959827,8572,70046,2,12582912,118,0,0,0
15.119744514999184,1779567216.959827,8572,70047,3,12582912,150,0,0,0
15.119744514999184,1779567216.959827,8572,70048,4,12582912,238,0,0,0
15.119744514999184,1779567216.959827,8572,70049,5,12582912,372,0,0,0
15.119744514999184,1779567216.959827,8572,70050,6,12582912,499,0,0,0
15.119744514999184,1779567216.959827,8572,70051,7,12582912,592,0,0,0
15.141590551000263,1779567216.981672,8573,70052,0,12582912,651,0,0,0
15.141590551000263,1779567216.981672,8573,70053,1,12582912,669,0,0,0
15.141590551000263,1779567216.981672,8573,70054,2,12582912,656,0,0,0
15.141590551000263,1779567216.981672,8573,70055,3,12582912,640,0,0,0
15.141590551000263,1779567216.981672,8573,70056,4,12582912,639,0,0,0
15.141590551000263,1779567216.981672,8573,70057,5,12582912,653,0,0,0
15.141590551000263,1779567216.981672,8573,70058,6,12582912,662,0,0,0
15.141590551000263,1779567216.981672,8573,70059,7,12582912,654,0,0,0
15.172070785998585,1779567217.0121534,8574,70060,0,12582912,640,0,0,0
15.172070785998585,1779567217.0121534,8574,70061,1,12582912,624,0,0,0
15.172070785998585,1779567217.0121534,8574,70062,2,12582912,611,0,0,0
15.172070785998585,1779567217.0121534,8574,70063,3,12582912,605,0,0,0
15.172070785998585,1779567217.0121534,8574,70064,4,12582912,597,0,0,0
15.172070785998585,1779567217.0121534,8574,70065,5,12582912,586,0,0,0
15.172070785998585,1779567217.0121534,8574,70066,6,12582912,582,0,0,0
15.172070785998585,1779567217.0121534,8574,70067,7,12582912,587,0,0,0
15.197808692999388,1779567217.037891,8575,70068,0,12582912,591,0,0,0
15.197808692999388,1779567217.037891,8575,70069,1,12582912,580,0,0,0
15.197808692999388,1779567217.037891,8575,70070,2,12582912,560,0,0,0
15.197808692999388,1779567217.037891,8575,70071,3,12582912,545,0,0,0
15.197808692999388,1779567217.037891,8575,70072,4,12582912,539,0,0,0
15.197808692999388,1779567217.037891,8575,70073,5,12582912,528,0,0,0
15.197808692999388,1779567217.037891,8575,70074,6,12582912,515,0,0,0
15.197808692999388,1779567217.037891,8575,70075,7,12582912,516,0,0,0
15.256724035998559,1779567217.096806,8576,70076,0,12582912,511,0,0,0
15.256724035998559,1779567217.096806,8576,70077,1,12582912,484,0,0,0
15.256724035998559,1779567217.096806,8576,70078,2,12582912,469,0,0,0
15.256724035998559,1779567217.096806,8576,70079,3,12582912,472,0,0,0
15.256724035998559,1779567217.096806,8576,70080,4,12582912,470,0,0,0
15.256724035998559,1779567217.096806,8576,70081,5,12582912,469,0,0,0
15.256724035998559,1779567217.096806,8576,70082,6,12582912,469,0,0,0
15.256724035998559,1779567217.096806,8576,70083,7,12582912,463,0,0,0
15.257041895998555,1779567217.097123,8577,70084,0,12582912,458,0,0,0
15.257041895998555,1779567217.097123,8577,70085,1,12582912,457,0,0,0
15.257041895998555,1779567217.097123,8577,70086,2,12582912,457,0,0,0
15.257041895998555,1779567217.097123,8577,70087,3,12582912,454,0,0,0
15.257041895998555,1779567217.097123,8577,70088,4,12582912,444,0,0,0
15.257041895998555,1779567217.097123,8577,70089,5,12582912,430,0,0,0
15.257041895998555,1779567217.097123,8577,70090,6,12582912,416,0,0,0
15.257041895998555,1779567217.097123,8577,70091,7,12582912,405,0,0,0
15.299787993999416,1779567217.1398702,8578,70092,0,12582912,408,0,0,0
15.299787993999416,1779567217.1398702,8578,70093,1,12582912,424,0,0,0
15.299787993999416,1779567217.1398702,8578,70094,2,12582912,430,0,0,0
15.299787993999416,1779567217.1398702,8578,70095,3,12582912,407,0,0,0
15.299787993999416,1779567217.1398702,8578,70096,4,12582912,377,0,0,0
15.299787993999416,1779567217.1398702,8578,70097,5,12582912,376,0,0,0
15.299787993999416,1779567217.1398702,8578,70098,6,12582912,389,0,0,0
15.299787993999416,1779567217.1398702,8578,70099,7,12582912,392,0,0,0
15.321446845999162,1779567217.161529,8579,70100,0,12582912,385,0,0,0
15.321446845999162,1779567217.161529,8579,70101,1,12582912,375,0,0,0
15.321446845999162,1779567217.161529,8579,70102,2,12582912,365,0,0,0
15.321446845999162,1779567217.161529,8579,70103,3,12582912,365,0,0,0
15.321446845999162,1779567217.161529,8579,70104,4,12582912,374,0,0,0
15.321446845999162,1779567217.161529,8579,70105,5,12582912,380,0,0,0
15.321446845999162,1779567217.161529,8579,70106,6,12582912,369,0,0,0
15.321446845999162,1779567217.161529,8579,70107,7,12582912,346,0,0,0
15.364204454999708,1779567217.2042868,8580,70108,0,12582912,343,0,0,0
15.364204454999708,1779567217.2042868,8580,70109,1,12582912,355,0,0,0
15.364204454999708,1779567217.2042868,8580,70110,2,12582912,361,0,0,0
15.364204454999708,1779567217.2042868,8580,70111,3,12582912,366,0,0,0
15.364204454999708,1779567217.2042868,8580,70112,4,12582912,373,0,0,0
15.364204454999708,1779567217.2042868,8580,70113,5,12582912,366,0,0,0
15.364204454999708,1779567217.2042868,8580,70114,6,12582912,350,0,0,0
15.364204454999708,1779567217.2042868,8580,70115,7,12582912,335,0,0,0
15.423763016999146,1779567217.2638454,8581,70116,0,12582912,289,0,0,0
15.423763016999146,1779567217.2638454,8581,70117,1,12582912,203,0,0,0
15.423763016999146,1779567217.2638454,8581,70118,2,12582912,138,0,0,0
15.423763016999146,1779567217.2638454,8581,70119,3,12582912,115,0,0,0
15.423763016999146,1779567217.2638454,8581,70120,4,12582912,91,0,0,0
15.423763016999146,1779567217.2638454,8581,70121,5,12582912,61,0,0,0
15.423763016999146,1779567217.2638454,8581,70122,6,12582912,35,0,0,0
15.423763016999146,1779567217.2638454,8581,70123,7,12582912,-3,0,0,0
15.477067399999214,1779567217.3171499,8582,70124,0,12582912,-66,0,0,0
15.477067399999214,1779567217.3171499,8582,70125,1,12582912,-111,0,0,0
15.477067399999214,1779567217.3171499,8582,70126,2,12582912,-94,0,0,0
15.477067399999214,1779567217.3171499,8582,70127,3,12582912,-59,0,0,0
15.477067399999214,1779567217.3171499,8582,70128,4,12582912,-57,0,0,0
15.477067399999214,1779567217.3171499,8582,70129,5,12582912,-87,0,0,0
15.477067399999214,1779567217.3171499,8582,70130,6,12582912,-139,0,0,0
15.477067399999214,1779567217.3171499,8582,70131,7,12582912,-190,0,0,0
15.477393957999084,1779567217.3174753,8583,70132,0,12582912,-203,0,0,0
15.477393957999084,1779567217.3174753,8583,70133,1,12582912,-164,0,0,0
15.477393957999084,1779567217.3174753,8583,70134,2,12582912,-124,0,0,0
15.477393957999084,1779567217.3174753,8583,70135,3,12582912,-121,0,0,0
15.477393957999084,1779567217.3174753,8583,70136,4,12582912,-132,0,0,0
15.477393957999084,1779567217.3174753,8583,70137,5,12582912,-152,0,0,0
15.477393957999084,1779567217.3174753,8583,70138,6,12582912,-202,0,0,0
15.477393957999084,1779567217.3174753,8583,70139,7,12582912,-253,0,0,0
15.499128016999748,1779567217.3392103,8584,70140,0,12582912,-258,0,0,0
15.499128016999748,1779567217.3392103,8584,70141,1,12582912,-242,0,0,0
15.499128016999748,1779567217.3392103,8584,70142,2,12582912,-214,0,0,0
15.499128016999748,1779567217.3392103,8584,70143,3,12582912,-162,0,0,0
15.499128016999748,1779567217.3392103,8584,70144,4,12582912,-157,0,0,0
15.499128016999748,1779567217.3392103,8584,70145,5,12582912,-206,0,0,0
15.499128016999748,1779567217.3392103,8584,70146,6,12582912,-229,0,0,0
15.499128016999748,1779567217.3392103,8584,70147,7,12582912,-221,0,0,0
15.520774837999852,1779567217.360857,8585,70148,0,12582912,-213,0,0,0
15.520774837999852,1779567217.360857,8585,70149,1,12582912,-195,0,0,0
15.520774837999852,1779567217.360857,8585,70150,2,12582912,-172,0,0,0
15.520774837999852,1779567217.360857,8585,70151,3,12582912,-180,0,0,0
15.520774837999852,1779567217.360857,8585,70152,4,12582912,-199,0,0,0
15.520774837999852,1779567217.360857,8585,70153,5,12582912,-188,0,0,0
15.520774837999852,1779567217.360857,8585,70154,6,12582912,-187,0,0,0
15.520774837999852,1779567217.360857,8585,70155,7,12582912,-202,0,0,0
15.563827858999502,1779567217.4039102,8586,70156,0,12582912,-192,0,0,0
15.563827858999502,1779567217.4039102,8586,70157,1,12582912,-182,0,0,0
15.563827858999502,1779567217.4039102,8586,70158,2,12582912,-177,0,0,0
15.563827858999502,1779567217.4039102,8586,70159,3,12582912,-161,0,0,0
15.563827858999502,1779567217.4039102,8586,70160,4,12582912,-151,0,0,0
15.563827858999502,1779567217.4039102,8586,70161,5,12582912,-157,0,0,0
15.563827858999502,1779567217.4039102,8586,70162,6,12582912,-179,0,0,0
15.563827858999502,1779567217.4039102,8586,70163,7,12582912,-209,0,0,0
15.585457492999922,1779567217.4255397,8587,70164,0,12582912,-219,0,0,0
15.585457492999922,1779567217.4255397,8587,70165,1,12582912,-197,0,0,0
15.585457492999922,1779567217.4255397,8587,70166,2,12582912,-148,0,0,0
15.585457492999922,1779567217.4255397,8587,70167,3,12582912,-119,0,0,0
15.585457492999922,1779567217.4255397,8587,70168,4,12582912,-144,0,0,0
15.585457492999922,1779567217.4255397,8587,70169,5,12582912,-163,0,0,0
15.585457492999922,1779567217.4255397,8587,70170,6,12582912,-154,0,0,0
15.585457492999922,1779567217.4255397,8587,70171,7,12582912,-175,0,0,0
15.607808261998798,1779567217.447891,8588,70172,0,12582912,-212,0,0,0
15.607808261998798,1779567217.447891,8588,70173,1,12582912,-211,0,0,0
15.607808261998798,1779567217.447891,8588,70174,2,12582912,-181,0,0,0
15.607808261998798,1779567217.447891,8588,70175,3,12582912,-148,0,0,0
15.607808261998798,1779567217.447891,8588,70176,4,12582912,-130,0,0,0
15.607808261998798,1779567217.447891,8588,70177,5,12582912,-150,0,0,0
15.607808261998798,1779567217.447891,8588,70178,6,12582912,-182,0,0,0
15.607808261998798,1779567217.447891,8588,70179,7,12582912,-195,0,0,0
15.656778644999576,1779567217.496861,8589,70180,0,12582912,-202,0,0,0
15.656778644999576,1779567217.496861,8589,70181,1,12582912,-190,0,0,0
15.656778644999576,1779567217.496861,8589,70182,2,12582912,-149,0,0,0
15.656778644999576,1779567217.496861,8589,70183,3,12582912,-135,0,0,0
15.656778644999576,1779567217.496861,8589,70184,4,12582912,-159,0,0,0
15.656778644999576,1779567217.496861,8589,70185,5,12582912,-172,0,0,0
15.656778644999576,1779567217.496861,8589,70186,6,12582912,-160,0,0,0
15.656778644999576,1779567217.496861,8589,70187,7,12582912,-165,0,0,0
15.708212741999887,1779567217.548295,8590,70188,0,12582912,-188,0,0,0
15.708212741999887,1779567217.548295,8590,70189,1,12582912,-200,0,0,0
15.708212741999887,1779567217.548295,8590,70190,2,12582912,-195,0,0,0
15.708212741999887,1779567217.548295,8590,70191,3,12582912,-179,0,0,0
15.708212741999887,1779567217.548295,8590,70192,4,12582912,-206,0,0,0
15.708212741999887,1779567217.548295,8590,70193,5,12582912,-252,0,0,0
15.708212741999887,1779567217.548295,8590,70194,6,12582912,-207,0,0,0
15.708212741999887,1779567217.548295,8590,70195,7,12582912,-118,0,0,0
15.70852138400005,1779567217.548602,8591,70196,0,12582912,-88,0,0,0
15.70852138400005,1779567217.548602,8591,70197,1,12582912,-126,0,0,0
15.70852138400005,1779567217.548602,8591,70198,2,12582912,-178,0,0,0
15.70852138400005,1779567217.548602,8591,70199,3,12582912,-188,0,0,0
15.70852138400005,1779567217.548602,8591,70200,4,12582912,-201,0,0,0
15.70852138400005,1779567217.548602,8591,70201,5,12582912,-230,0,0,0
15.70852138400005,1779567217.548602,8591,70202,6,12582912,-211,0,0,0
15.70852138400005,1779567217.548602,8591,70203,7,12582912,-160,0,0,0
15.751201232998937,1779567217.5912836,8592,70204,0,12582912,-142,0,0,0
15.751201232998937,1779567217.5912836,8592,70205,1,12582912,-143,0,0,0
15.751201232998937,1779567217.5912836,8592,70206,2,12582912,-138,0,0,0
15.751201232998937,1779567217.5912836,8592,70207,3,12582912,-143,0,0,0
15.751201232998937,1779567217.5912836,8592,70208,4,12582912,-160,0,0,0
15.751201232998937,1779567217.5912836,8592,70209,5,12582912,-181,0,0,0
15.751201232998937,1779567217.5912836,8592,70210,6,12582912,-205,0,0,0
15.751201232998937,1779567217.5912836,8592,70211,7,12582912,-216,0,0,0
15.772831856000266,1779567217.612914,8593,70212,0,12582912,-206,0,0,0
15.772831856000266,1779567217.612914,8593,70213,1,12582912,-189,0,0,0
15.772831856000266,1779567217.612914,8593,70214,2,12582912,-158,0,0,0
15.772831856000266,1779567217.612914,8593,70215,3,12582912,-132,0,0,0
15.772831856000266,1779567217.612914,8593,70216,4,12582912,-133,0,0,0
15.772831856000266,1779567217.612914,8593,70217,5,12582912,-159,0,0,0
15.772831856000266,1779567217.612914,8593,70218,6,12582912,-188,0,0,0
15.772831856000266,1779567217.612914,8593,70219,7,12582912,-178,0,0,0
15.816041697999026,1779567217.6561236,8594,70220,0,12582912,-151,0,0,0
15.816041697999026,1779567217.6561236,8594,70221,1,12582912,-165,0,0,0
15.816041697999026,1779567217.6561236,8594,70222,2,12582912,-197,0,0,0
15.816041697999026,1779567217.6561236,8594,70223,3,12582912,-176,0,0,0
15.816041697999026,1779567217.6561236,8594,70224,4,12582912,-128,0,0,0
15.816041697999026,1779567217.6561236,8594,70225,5,12582912,-116,0,0,0
15.816041697999026,1779567217.6561236,8594,70226,6,12582912,-130,0,0,0
15.816041697999026,1779567217.6561236,8594,70227,7,12582912,-141,0,0,0
15.837708414999724,1779567217.6777897,8595,70228,0,12582912,-144,0,0,0
15.837708414999724,1779567217.6777897,8595,70229,1,12582912,-156,0,0,0
15.837708414999724,1779567217.6777897,8595,70230,2,12582912,-163,0,0,0
15.837708414999724,1779567217.6777897,8595,70231,3,12582912,-147,0,0,0
15.837708414999724,1779567217.6777897,8595,70232,4,12582912,-138,0,0,0
15.837708414999724,1779567217.6777897,8595,70233,5,12582912,-151,0,0,0
15.837708414999724,1779567217.6777897,8595,70234,6,12582912,-180,0,0,0
15.837708414999724,1779567217.6777897,8595,70235,7,12582912,-188,0,0,0
15.912956385000143,1779567217.7530386,8596,70236,0,12582912,-151,0,0,0
15.912956385000143,1779567217.7530386,8596,70237,1,12582912,-103,0,0,0
15.912956385000143,1779567217.7530386,8596,70238,2,12582912,-81,0,0,0
15.912956385000143,1779567217.7530386,8596,70239,3,12582912,-97,0,0,0
15.912956385000143,1779567217.7530386,8596,70240,4,12582912,-125,0,0,0
15.912956385000143,1779567217.7530386,8596,70241,5,12582912,-136,0,0,0
15.912956385000143,1779567217.7530386,8596,70242,6,12582912,-140,0,0,0
15.912956385000143,1779567217.7530386,8596,70243,7,12582912,-144,0,0,0
15.913266952999038,1779567217.7533476,8597,70244,0,12582912,-130,0,0,0
15.913266952999038,1779567217.7533476,8597,70245,1,12582912,-112,0,0,0
15.913266952999038,1779567217.7533476,8597,70246,2,12582912,-128,0,0,0
15.913266952999038,1779567217.7533476,8597,70247,3,12582912,-148,0,0,0
15.913266952999038,1779567217.7533476,8597,70248,4,12582912,-128,0,0,0
15.913266952999038,1779567217.7533476,8597,70249,5,12582912,-116,0,0,0
15.913266952999038,1779567217.7533476,8597,70250,6,12582912,-133,0,0,0
15.913266952999038,1779567217.7533476,8597,70251,7,12582912,-130,0,0,0
15.964109079999616,1779567217.8041916,8598,70252,0,12582912,-110,0,0,0
15.964109079999616,1779567217.8041916,8598,70253,1,12582912,-101,0,0,0
15.964109079999616,1779567217.8041916,8598,70254,2,12582912,-104,0,0,0
15.964109079999616,1779567217.8041916,8598,70255,3,12582912,-117,0,0,0
15.964109079999616,1779567217.8041916,8598,70256,4,12582912,-124,0,0,0
15.964109079999616,1779567217.8041916,8598,70257,5,12582912,-110,0,0,0
15.964109079999616,1779567217.8041916,8598,70258,6,12582912,-96,0,0,0
15.964109079999616,1779567217.8041916,8598,70259,7,12582912,-92,0,0,0
15.964463917998728,1779567217.8045447,8599,70260,0,12582912,-102,0,0,0
15.964463917998728,1779567217.8045447,8599,70261,1,12582912,-131,0,0,0
15.964463917998728,1779567217.8045447,8599,70262,2,12582912,-153,0,0,0
15.964463917998728,1779567217.8045447,8599,70263,3,12582912,-140,0,0,0
15.964463917998728,1779567217.8045447,8599,70264,4,12582912,-108,0,0,0
15.964463917998728,1779567217.8045447,8599,70265,5,12582912,-91,0,0,0
15.964463917998728,1779567217.8045447,8599,70266,6,12582912,-94,0,0,0
15.964463917998728,1779567217.8045447,8599,70267,7,12582912,-102,0,0,0
16.007243505999213,1779567217.847326,8600,70268,0,12582912,-114,0,0,0
16.007243505999213,1779567217.847326,8600,70269,1,12582912,-127,0,0,0
16.007243505999213,1779567217.847326,8600,70270,2,12582912,-130,0,0,0
16.007243505999213,1779567217.847326,8600,70271,3,12582912,-119,0,0,0
16.007243505999213,1779567217.847326,8600,70272,4,12582912,-110,0,0,0
16.007243505999213,1779567217.847326,8600,70273,5,12582912,-112,0,0,0
16.007243505999213,1779567217.847326,8600,70274,6,12582912,-114,0,0,0
16.007243505999213,1779567217.847326,8600,70275,7,12582912,-106,0,0,0
16.028896525000164,1779567217.8689787,8601,70276,0,12582912,-99,0,0,0
16.028896525000164,1779567217.8689787,8601,70277,1,12582912,-98,0,0,0
16.028896525000164,1779567217.8689787,8601,70278,2,12582912,-103,0,0,0
16.028896525000164,1779567217.8689787,8601,70279,3,12582912,-111,0,0,0
16.028896525000164,1779567217.8689787,8601,70280,4,12582912,-116,0,0,0
16.028896525000164,1779567217.8689787,8601,70281,5,12582912,-116,0,0,0
16.028896525000164,1779567217.8689787,8601,70282,6,12582912,-122,0,0,0
16.028896525000164,1779567217.8689787,8601,70283,7,12582912,-123,0,0,0
16.071697934999975,1779567217.9117799,8602,70284,0,12582912,-113,0,0,0
16.071697934999975,1779567217.9117799,8602,70285,1,12582912,-105,0,0,0
16.071697934999975,1779567217.9117799,8602,70286,2,12582912,-109,0,0,0
16.071697934999975,1779567217.9117799,8602,70287,3,12582912,-120,0,0,0
16.071697934999975,1779567217.9117799,8602,70288,4,12582912,-124,0,0,0
16.071697934999975,1779567217.9117799,8602,70289,5,12582912,-115,0,0,0
16.071697934999975,1779567217.9117799,8602,70290,6,12582912,-94,0,0,0
16.071697934999975,1779567217.9117799,8602,70291,7,12582912,-70,0,0,0
16.093310954000117,1779567217.933393,8603,70292,0,12582912,-59,0,0,0
16.093310954000117,1779567217.933393,8603,70293,1,12582912,-78,0,0,0
16.093310954000117,1779567217.933393,8603,70294,2,12582912,-105,0,0,0
16.093310954000117,1779567217.933393,8603,70295,3,12582912,-116,0,0,0
16.093310954000117,1779567217.933393,8603,70296,4,12582912,-111,0,0,0
16.093310954000117,1779567217.933393,8603,70297,5,12582912,-106,0,0,0
16.093310954000117,1779567217.933393,8603,70298,6,12582912,-115,0,0,0
16.093310954000117,1779567217.933393,8603,70299,7,12582912,-117,0,0,0
16.142513312999654,1779567217.9825957,8604,70300,0,12582912,-103,0,0,0
16.142513312999654,1779567217.9825957,8604,70301,1,12582912,-92,0,0,0
16.142513312999654,1779567217.9825957,8604,70302,2,12582912,-92,0,0,0
16.142513312999654,1779567217.9825957,8604,70303,3,12582912,-92,0,0,0
16.142513312999654,1779567217.9825957,8604,70304,4,12582912,-89,0,0,0
16.142513312999654,1779567217.9825957,8604,70305,5,12582912,-89,0,0,0
16.142513312999654,1779567217.9825957,8604,70306,6,12582912,-91,0,0,0
16.142513312999654,1779567217.9825957,8604,70307,7,12582912,-95,0,0,0
16.201703548000296,1779567218.0417857,8605,70308,0,12582912,-98,0,0,0
16.201703548000296,1779567218.0417857,8605,70309,1,12582912,-97,0,0,0
16.201703548000296,1779567218.0417857,8605,70310,2,12582912,-97,0,0,0
16.201703548000296,1779567218.0417857,8605,70311,3,12582912,-104,0,0,0
16.201703548000296,1779567218.0417857,8605,70312,4,12582912,-104,0,0,0
16.201703548000296,1779567218.0417857,8605,70313,5,12582912,-94,0,0,0
16.201703548000296,1779567218.0417857,8605,70314,6,12582912,-79,0,0,0
16.201703548000296,1779567218.0417857,8605,70315,7,12582912,-70,0,0,0
16.202014428999973,1779567218.0420954,8606,70316,0,12582912,-70,0,0,0
16.202014428999973,1779567218.0420954,8606,70317,1,12582912,-66,0,0,0
16.202014428999973,1779567218.0420954,8606,70318,2,12582912,-61,0,0,0
16.202014428999973,1779567218.0420954,8606,70319,3,12582912,-75,0,0,0
16.202014428999973,1779567218.0420954,8606,70320,4,12582912,-98,0,0,0
16.202014428999973,1779567218.0420954,8606,70321,5,12582912,-103,0,0,0
16.202014428999973,1779567218.0420954,8606,70322,6,12582912,-93,0,0,0
16.202014428999973,1779567218.0420954,8606,70323,7,12582912,-86,0,0,0
16.266626044998702,1779567218.1067083,8607,70324,0,12582912,-90,0,0,0
16.266626044998702,1779567218.1067083,8607,70325,1,12582912,-97,0,0,0
16.266626044998702,1779567218.1067083,8607,70326,2,12582912,-96,0,0,0
16.266626044998702,1779567218.1067083,8607,70327,3,12582912,-79,0,0,0
16.266626044998702,1779567218.1067083,8607,70328,4,12582912,-61,0,0,0
16.266626044998702,1779567218.1067083,8607,70329,5,12582912,-59,0,0,0
16.266626044998702,1779567218.1067083,8607,70330,6,12582912,-63,0,0,0
16.266626044998702,1779567218.1067083,8607,70331,7,12582912,-74,0,0,0
16.266936352998528,1779567218.107018,8608,70332,0,12582912,-84,0,0,0
16.266936352998528,1779567218.107018,8608,70333,1,12582912,-86,0,0,0
16.266936352998528,1779567218.107018,8608,70334,2,12582912,-84,0,0,0
16.266936352998528,1779567218.107018,8608,70335,3,12582912,-79,0,0,0
16.266936352998528,1779567218.107018,8608,70336,4,12582912,-73,0,0,0
16.266936352998528,1779567218.107018,8608,70337,5,12582912,-72,0,0,0
16.266936352998528,1779567218.107018,8608,70338,6,12582912,-77,0,0,0
16.266936352998528,1779567218.107018,8608,70339,7,12582912,-82,0,0,0
16.288542132999282,1779567218.1286242,8609,70340,0,12582912,-81,0,0,0
16.288542132999282,1779567218.1286242,8609,70341,1,12582912,-78,0,0,0
16.288542132999282,1779567218.1286242,8609,70342,2,12582912,-71,0,0,0
16.288542132999282,1779567218.1286242,8609,70343,3,12582912,-57,0,0,0
16.288542132999282,1779567218.1286242,8609,70344,4,12582912,-51,0,0,0
16.288542132999282,1779567218.1286242,8609,70345,5,12582912,-52,0,0,0
16.288542132999282,1779567218.1286242,8609,70346,6,12582912,-60,0,0,0
16.288542132999282,1779567218.1286242,8609,70347,7,12582912,-73,0,0,0
16.310289057999398,1779567218.1503716,8610,70348,0,12582912,-76,0,0,0
16.310289057999398,1779567218.1503716,8610,70349,1,12582912,-64,0,0,0
16.310289057999398,1779567218.1503716,8610,70350,2,12582912,-53,0,0,0
16.310289057999398,1779567218.1503716,8610,70351,3,12582912,-53,0,0,0
16.310289057999398,1779567218.1503716,8610,70352,4,12582912,-58,0,0,0
16.310289057999398,1779567218.1503716,8610,70353,5,12582912,-60,0,0,0
16.310289057999398,1779567218.1503716,8610,70354,6,12582912,-57,0,0,0
16.310289057999398,1779567218.1503716,8610,70355,7,12582912,-50,0,0,0
16.352959949999786,1779567218.1930423,8611,70356,0,12582912,-47,0,0,0
16.352959949999786,1779567218.1930423,8611,70357,1,12582912,-51,0,0,0
16.352959949999786,1779567218.1930423,8611,70358,2,12582912,-56,0,0,0
16.352959949999786,1779567218.1930423,8611,70359,3,12582912,-54,0,0,0
16.352959949999786,1779567218.1930423,8611,70360,4,12582912,-49,0,0,0
16.352959949999786,1779567218.1930423,8611,70361,5,12582912,-43,0,0,0
16.352959949999786,1779567218.1930423,8611,70362,6,12582912,-42,0,0,0
16.352959949999786,1779567218.1930423,8611,70363,7,12582912,-43,0,0,0
16.389461920998656,1779567218.2295446,8612,70364,0,12582912,-42,0,0,0
16.389461920998656,1779567218.2295446,8612,70365,1,12582912,-41,0,0,0
16.389461920998656,1779567218.2295446,8612,70366,2,12582912,-43,0,0,0
16.389461920998656,1779567218.2295446,8612,70367,3,12582912,-50,0,0,0
16.389461920998656,1779567218.2295446,8612,70368,4,12582912,-53,0,0,0
16.389461920998656,1779567218.2295446,8612,70369,5,12582912,-52,0,0,0
16.389461920998656,1779567218.2295446,8612,70370,6,12582912,-49,0,0,0
16.389461920998656,1779567218.2295446,8612,70371,7,12582912,-49,0,0,0
16.411137907998636,1779567218.25122,8613,70372,0,12582912,-50,0,0,0
16.411137907998636,1779567218.25122,8613,70373,1,12582912,-51,0,0,0
16.411137907998636,1779567218.25122,8613,70374,2,12582912,-50,0,0,0
16.411137907998636,1779567218.25122,8613,70375,3,12582912,-47,0,0,0
16.411137907998636,1779567218.25122,8613,70376,4,12582912,-45,0,0,0
16.411137907998636,1779567218.25122,8613,70377,5,12582912,-47,0,0,0
16.411137907998636,1779567218.25122,8613,70378,6,12582912,-52,0,0,0
16.411137907998636,1779567218.25122,8613,70379,7,12582912,-53,0,0,0
16.44602896499964,1779567218.2861116,8614,70380,0,12582912,-49,0,0,0
16.44602896499964,1779567218.2861116,8614,70381,1,12582912,-49,0,0,0
16.44602896499964,1779567218.2861116,8614,70382,2,12582912,-52,0,0,0
16.44602896499964,1779567218.2861116,8614,70383,3,12582912,-56,0,0,0
16.44602896499964,1779567218.2861116,8614,70384,4,12582912,-57,0,0,0
16.44602896499964,1779567218.2861116,8614,70385,5,12582912,-54,0,0,0
16.44602896499964,1779567218.2861116,8614,70386,6,12582912,-53,0,0,0
16.44602896499964,1779567218.2861116,8614,70387,7,12582912,-57,0,0,0
16.488845115000004,1779567218.3289275,8615,70388,0,12582912,-62,0,0,0
16.488845115000004,1779567218.3289275,8615,70389,1,12582912,-65,0,0,0
16.488845115000004,1779567218.3289275,8615,70390,2,12582912,-65,0,0,0
16.488845115000004,1779567218.3289275,8615,70391,3,12582912,-59,0,0,0
16.488845115000004,1779567218.3289275,8615,70392,4,12582912,-53,0,0,0
16.488845115000004,1779567218.3289275,8615,70393,5,12582912,-52,0,0,0
16.488845115000004,1779567218.3289275,8615,70394,6,12582912,-53,0,0,0
16.488845115000004,1779567218.3289275,8615,70395,7,12582912,-53,0,0,0
16.510568030000286,1779567218.3506503,8616,70396,0,12582912,-54,0,0,0
16.510568030000286,1779567218.3506503,8616,70397,1,12582912,-54,0,0,0
16.510568030000286,1779567218.3506503,8616,70398,2,12582912,-52,0,0,0
16.510568030000286,1779567218.3506503,8616,70399,3,12582912,-51,0,0,0
16.510568030000286,1779567218.3506503,8616,70400,4,12582912,-53,0,0,0
16.510568030000286,1779567218.3506503,8616,70401,5,12582912,-55,0,0,0
16.510568030000286,1779567218.3506503,8616,70402,6,12582912,-56,0,0,0
16.510568030000286,1779567218.3506503,8616,70403,7,12582912,-54,0,0,0
16.553346054999565,1779567218.3934283,8617,70404,0,12582912,-49,0,0,0
16.553346054999565,1779567218.3934283,8617,70405,1,12582912,-45,0,0,0
16.553346054999565,1779567218.3934283,8617,70406,2,12582912,-47,0,0,0
16.553346054999565,1779567218.3934283,8617,70407,3,12582912,-52,0,0,0
16.553346054999565,1779567218.3934283,8617,70408,4,12582912,-54,0,0,0
16.553346054999565,1779567218.3934283,8617,70409,5,12582912,-45,0,0,0
16.553346054999565,1779567218.3934283,8617,70410,6,12582912,-34,0,0,0
16.553346054999565,1779567218.3934283,8617,70411,7,12582912,-32,0,0,0
16.627863308998712,1779567218.467945,8618,70412,0,12582912,-39,0,0,0
16.627863308998712,1779567218.467945,8618,70413,1,12582912,-47,0,0,0
16.627863308998712,1779567218.467945,8618,70414,2,12582912,-50,0,0,0
16.627863308998712,1779567218.467945,8618,70415,3,12582912,-50,0,0,0
16.627863308998712,1779567218.467945,8618,70416,4,12582912,-50,0,0,0
16.627863308998712,1779567218.467945,8618,70417,5,12582912,-51,0,0,0
16.627863308998712,1779567218.467945,8618,70418,6,12582912,-54,0,0,0
16.627863308998712,1779567218.467945,8618,70419,7,12582912,-55,0,0,0
16.634779979000086,1779567218.4748626,8619,70420,0,12582912,-54,0,0,0
16.634779979000086,1779567218.4748626,8619,70421,1,12582912,-52,0,0,0
16.634779979000086,1779567218.4748626,8619,70422,2,12582912,-51,0,0,0
16.634779979000086,1779567218.4748626,8619,70423,3,12582912,-52,0,0,0
16.634779979000086,1779567218.4748626,8619,70424,4,12582912,-53,0,0,0
16.634779979000086,1779567218.4748626,8619,70425,5,12582912,-54,0,0,0
16.634779979000086,1779567218.4748626,8619,70426,6,12582912,-57,0,0,0
16.634779979000086,1779567218.4748626,8619,70427,7,12582912,-61,0,0,0
16.63509549599985,1779567218.475176,8620,70428,0,12582912,-63,0,0,0
16.63509549599985,1779567218.475176,8620,70429,1,12582912,-63,0,0,0
16.63509549599985,1779567218.475176,8620,70430,2,12582912,-63,0,0,0
16.63509549599985,1779567218.475176,8620,70431,3,12582912,-61,0,0,0
16.63509549599985,1779567218.475176,8620,70432,4,12582912,-58,0,0,0
16.63509549599985,1779567218.475176,8620,70433,5,12582912,-55,0,0,0
16.63509549599985,1779567218.475176,8620,70434,6,12582912,-58,0,0,0
16.63509549599985,1779567218.475176,8620,70435,7,12582912,-63,0,0,0
16.677966175999245,1779567218.5180483,8621,70436,0,12582912,-67,0,0,0
16.677966175999245,1779567218.5180483,8621,70437,1,12582912,-70,0,0,0
16.677966175999245,1779567218.5180483,8621,70438,2,12582912,-70,0,0,0
16.677966175999245,1779567218.5180483,8621,70439,3,12582912,-64,0,0,0
16.677966175999245,1779567218.5180483,8621,70440,4,12582912,-56,0,0,0
16.677966175999245,1779567218.5180483,8621,70441,5,12582912,-53,0,0,0
16.677966175999245,1779567218.5180483,8621,70442,6,12582912,-59,0,0,0
16.677966175999245,1779567218.5180483,8621,70443,7,12582912,-70,0,0,0
16.712994939000055,1779567218.553077,8622,70444,0,12582912,-77,0,0,0
16.712994939000055,1779567218.553077,8622,70445,1,12582912,-78,0,0,0
16.712994939000055,1779567218.553077,8622,70446,2,12582912,-71,0,0,0
16.712994939000055,1779567218.553077,8622,70447,3,12582912,-64,0,0,0
16.712994939000055,1779567218.553077,8622,70448,4,12582912,-64,0,0,0
16.712994939000055,1779567218.553077,8622,70449,5,12582912,-66,0,0,0
16.712994939000055,1779567218.553077,8622,70450,6,12582912,-67,0,0,0
16.712994939000055,1779567218.553077,8622,70451,7,12582912,-68,0,0,0
16.73468577099993,1779567218.5747678,8623,70452,0,12582912,-68,0,0,0
16.73468577099993,1779567218.5747678,8623,70453,1,12582912,-63,0,0,0
16.73468577099993,1779567218.5747678,8623,70454,2,12582912,-58,0,0,0
16.73468577099993,1779567218.5747678,8623,70455,3,12582912,-55,0,0,0
16.73468577099993,1779567218.5747678,8623,70456,4,12582912,-60,0,0,0
16.73468577099993,1779567218.5747678,8623,70457,5,12582912,-67,0,0,0
16.73468577099993,1779567218.5747678,8623,70458,6,12582912,-68,0,0,0
16.73468577099993,1779567218.5747678,8623,70459,7,12582912,-68,0,0,0
16.793599864999123,1779567218.633682,8624,70460,0,12582912,-72,0,0,0
16.793599864999123,1779567218.633682,8624,70461,1,12582912,-74,0,0,0
16.793599864999123,1779567218.633682,8624,70462,2,12582912,-73,0,0,0
16.793599864999123,1779567218.633682,8624,70463,3,12582912,-70,0,0,0
16.793599864999123,1779567218.633682,8624,70464,4,12582912,-67,0,0,0
16.793599864999123,1779567218.633682,8624,70465,5,12582912,-63,0,0,0
16.793599864999123,1779567218.633682,8624,70466,6,12582912,-62,0,0,0
16.793599864999123,1779567218.633682,8624,70467,7,12582912,-65,0,0,0
16.793912151999393,1779567218.6339936,8625,70468,0,12582912,-68,0,0,0
16.793912151999393,1779567218.6339936,8625,70469,1,12582912,-68,0,0,0
16.793912151999393,1779567218.6339936,8625,70470,2,12582912,-66,0,0,0
16.793912151999393,1779567218.6339936,8625,70471,3,12582912,-65,0,0,0
16.793912151999393,1779567218.6339936,8625,70472,4,12582912,-69,0,0,0
16.793912151999393,1779567218.6339936,8625,70473,5,12582912,-72,0,0,0
16.793912151999393,1779567218.6339936,8625,70474,6,12582912,-69,0,0,0
16.793912151999393,1779567218.6339936,8625,70475,7,12582912,-62,0,0,0
16.83670002100007,1779567218.6767821,8626,70476,0,12582912,-56,0,0,0
16.83670002100007,1779567218.6767821,8626,70477,1,12582912,-51,0,0,0
16.83670002100007,1779567218.6767821,8626,70478,2,12582912,-47,0,0,0
16.83670002100007,1779567218.6767821,8626,70479,3,12582912,-49,0,0,0
16.83670002100007,1779567218.6767821,8626,70480,4,12582912,-55,0,0,0
16.83670002100007,1779567218.6767821,8626,70481,5,12582912,-52,0,0,0
16.83670002100007,1779567218.6767821,8626,70482,6,12582912,-43,0,0,0
16.83670002100007,1779567218.6767821,8626,70483,7,12582912,-42,0,0,0
16.85838928999874,1779567218.6984713,8627,70484,0,12582912,-45,0,0,0
16.85838928999874,1779567218.6984713,8627,70485,1,12582912,-47,0,0,0
16.85838928999874,1779567218.6984713,8627,70486,2,12582912,-56,0,0,0
16.85838928999874,1779567218.6984713,8627,70487,3,12582912,-68,0,0,0
16.85838928999874,1779567218.6984713,8627,70488,4,12582912,-70,0,0,0
16.85838928999874,1779567218.6984713,8627,70489,5,12582912,-62,0,0,0
16.85838928999874,1779567218.6984713,8627,70490,6,12582912,-58,0,0,0
16.85838928999874,1779567218.6984713,8627,70491,7,12582912,-64,0,0,0
16.937234449000243,1779567218.7773168,8628,70492,0,12582912,-71,0,0,0
16.937234449000243,1779567218.7773168,8628,70493,1,12582912,-79,0,0,0
16.937234449000243,1779567218.7773168,8628,70494,2,12582912,-83,0,0,0
16.937234449000243,1779567218.7773168,8628,70495,3,12582912,-80,0,0,0
16.937234449000243,1779567218.7773168,8628,70496,4,12582912,-79,0,0,0
16.937234449000243,1779567218.7773168,8628,70497,5,12582912,-93,0,0,0
16.937234449000243,1779567218.7773168,8628,70498,6,12582912,-116,0,0,0
16.937234449000243,1779567218.7773168,8628,70499,7,12582912,-139,0,0,0
16.937542413999836,1779567218.777624,8629,70500,0,12582912,-155,0,0,0
16.937542413999836,1779567218.777624,8629,70501,1,12582912,-146,0,0,0
16.937542413999836,1779567218.777624,8629,70502,2,12582912,-129,0,0,0
16.937542413999836,1779567218.777624,8629,70503,3,12582912,-155,0,0,0
16.937542413999836,1779567218.777624,8629,70504,4,12582912,-196,0,0,0
16.937542413999836,1779567218.777624,8629,70505,5,12582912,-179,0,0,0
16.937542413999836,1779567218.777624,8629,70506,6,12582912,-113,0,0,0
16.937542413999836,1779567218.777624,8629,70507,7,12582912,-76,0,0,0
16.972548676998485,1779567218.8126314,8630,70508,0,12582912,-109,0,0,0
16.972548676998485,1779567218.8126314,8630,70509,1,12582912,-156,0,0,0
16.972548676998485,1779567218.8126314,8630,70510,2,12582912,-145,0,0,0
16.972548676998485,1779567218.8126314,8630,70511,3,12582912,-88,0,0,0
16.972548676998485,1779567218.8126314,8630,70512,4,12582912,-57,0,0,0
16.972548676998485,1779567218.8126314,8630,70513,5,12582912,-81,0,0,0
16.972548676998485,1779567218.8126314,8630,70514,6,12582912,-116,0,0,0
16.972548676998485,1779567218.8126314,8630,70515,7,12582912,-110,0,0,0
17.06684590399891,1779567218.906928,8631,70516,0,12582912,-74,0,0,0
17.06684590399891,1779567218.906928,8631,70517,1,12582912,-57,0,0,0
17.06684590399891,1779567218.906928,8631,70518,2,12582912,-79,0,0,0
17.06684590399891,1779567218.906928,8631,70519,3,12582912,-103,0,0,0
17.06684590399891,1779567218.906928,8631,70520,4,12582912,-83,0,0,0
17.06684590399891,1779567218.906928,8631,70521,5,12582912,-31,0,0,0
17.06684590399891,1779567218.906928,8631,70522,6,12582912,4,0,0,0
17.06684590399891,1779567218.906928,8631,70523,7,12582912,4,0,0,0
17.06715803499901,1779567218.9072387,8632,70524,0,12582912,-7,0,0,0
17.06715803499901,1779567218.9072387,8632,70525,1,12582912,-5,0,0,0
17.06715803499901,1779567218.9072387,8632,70526,2,12582912,14,0,0,0
17.06715803499901,1779567218.9072387,8632,70527,3,12582912,35,0,0,0
17.06715803499901,1779567218.9072387,8632,70528,4,12582912,38,0,0,0
17.06715803499901,1779567218.9072387,8632,70529,5,12582912,28,0,0,0
17.06715803499901,1779567218.9072387,8632,70530,6,12582912,32,0,0,0
17.06715803499901,1779567218.9072387,8632,70531,7,12582912,56,0,0,0
17.067457248998835,1779567218.907538,8633,70532,0,12582912,77,0,0,0
17.067457248998835,1779567218.907538,8633,70533,1,12582912,83,0,0,0
17.067457248998835,1779567218.907538,8633,70534,2,12582912,88,0,0,0
17.067457248998835,1779567218.907538,8633,70535,3,12582912,110,0,0,0
17.067457248998835,1779567218.907538,8633,70536,4,12582912,163,0,0,0
17.067457248998835,1779567218.907538,8633,70537,5,12582912,257,0,0,0
17.067457248998835,1779567218.907538,8633,70538,6,12582912,375,0,0,0
17.067457248998835,1779567218.907538,8633,70539,7,12582912,482,0,0,0
17.110504697999204,1779567218.9505866,8634,70540,0,12582912,563,0,0,0
17.110504697999204,1779567218.9505866,8634,70541,1,12582912,613,0,0,0
17.110504697999204,1779567218.9505866,8634,70542,2,12582912,624,0,0,0
17.110504697999204,1779567218.9505866,8634,70543,3,12582912,610,0,0,0
17.110504697999204,1779567218.9505866,8634,70544,4,12582912,599,0,0,0
17.110504697999204,1779567218.9505866,8634,70545,5,12582912,612,0,0,0
17.110504697999204,1779567218.9505866,8634,70546,6,12582912,634,0,0,0
17.110504697999204,1779567218.9505866,8634,70547,7,12582912,634,0,0,0
17.132148916000006,1779567218.972231,8635,70548,0,12582912,612,0,0,0
17.132148916000006,1779567218.972231,8635,70549,1,12582912,597,0,0,0
17.132148916000006,1779567218.972231,8635,70550,2,12582912,595,0,0,0
17.132148916000006,1779567218.972231,8635,70551,3,12582912,596,0,0,0
17.132148916000006,1779567218.972231,8635,70552,4,12582912,587,0,0,0
17.132148916000006,1779567218.972231,8635,70553,5,12582912,564,0,0,0
17.132148916000006,1779567218.972231,8635,70554,6,12582912,545,0,0,0
17.132148916000006,1779567218.972231,8635,70555,7,12582912,546,0,0,0
17.1593635729987,1779567218.9994457,8636,70556,0,12582912,555,0,0,0
17.1593635729987,1779567218.9994457,8636,70557,1,12582912,549,0,0,0
17.1593635729987,1779567218.9994457,8636,70558,2,12582912,532,0,0,0
17.1593635729987,1779567218.9994457,8636,70559,3,12582912,524,0,0,0
17.1593635729987,1779567218.9994457,8636,70560,4,12582912,527,0,0,0
17.1593635729987,1779567218.9994457,8636,70561,5,12582912,525,0,0,0
17.1593635729987,1779567218.9994457,8636,70562,6,12582912,512,0,0,0
17.1593635729987,1779567218.9994457,8636,70563,7,12582912,494,0,0,0
17.22231547499905,1779567219.0623982,8637,70564,0,12582912,482,0,0,0
17.22231547499905,1779567219.0623982,8637,70565,1,12582912,477,0,0,0
17.22231547499905,1779567219.0623982,8637,70566,2,12582912,476,0,0,0
17.22231547499905,1779567219.0623982,8637,70567,3,12582912,469,0,0,0
17.22231547499905,1779567219.0623982,8637,70568,4,12582912,454,0,0,0
17.22231547499905,1779567219.0623982,8637,70569,5,12582912,441,0,0,0
17.22231547499905,1779567219.0623982,8637,70570,6,12582912,433,0,0,0
17.22231547499905,1779567219.0623982,8637,70571,7,12582912,422,0,0,0
17.22263224099879,1779567219.0627139,8638,70572,0,12582912,414,0,0,0
17.22263224099879,1779567219.0627139,8638,70573,1,12582912,409,0,0,0
17.22263224099879,1779567219.0627139,8638,70574,2,12582912,402,0,0,0
17.22263224099879,1779567219.0627139,8638,70575,3,12582912,398,0,0,0
17.22263224099879,1779567219.0627139,8638,70576,4,12582912,393,0,0,0
17.22263224099879,1779567219.0627139,8638,70577,5,12582912,381,0,0,0
17.22263224099879,1779567219.0627139,8638,70578,6,12582912,370,0,0,0
17.22263224099879,1779567219.0627139,8638,70579,7,12582912,363,0,0,0
17.257643609000297,1779567219.0977259,8639,70580,0,12582912,358,0,0,0
17.257643609000297,1779567219.0977259,8639,70581,1,12582912,360,0,0,0
17.257643609000297,1779567219.0977259,8639,70582,2,12582912,362,0,0,0
17.257643609000297,1779567219.0977259,8639,70583,3,12582912,351,0,0,0
17.257643609000297,1779567219.0977259,8639,70584,4,12582912,334,0,0,0
17.257643609000297,1779567219.0977259,8639,70585,5,12582912,327,0,0,0
17.257643609000297,1779567219.0977259,8639,70586,6,12582912,328,0,0,0
17.257643609000297,1779567219.0977259,8639,70587,7,12582912,333,0,0,0
17.300433770999007,1779567219.1405163,8640,70588,0,12582912,331,0,0,0
17.300433770999007,1779567219.1405163,8640,70589,1,12582912,324,0,0,0
17.300433770999007,1779567219.1405163,8640,70590,2,12582912,322,0,0,0
17.300433770999007,1779567219.1405163,8640,70591,3,12582912,318,0,0,0
17.300433770999007,1779567219.1405163,8640,70592,4,12582912,309,0,0,0
17.300433770999007,1779567219.1405163,8640,70593,5,12582912,298,0,0,0
17.300433770999007,1779567219.1405163,8640,70594,6,12582912,284,0,0,0
17.300433770999007,1779567219.1405163,8640,70595,7,12582912,273,0,0,0
17.32208522899964,1779567219.1621673,8641,70596,0,12582912,276,0,0,0
17.32208522899964,1779567219.1621673,8641,70597,1,12582912,284,0,0,0
17.32208522899964,1779567219.1621673,8641,70598,2,12582912,282,0,0,0
17.32208522899964,1779567219.1621673,8641,70599,3,12582912,273,0,0,0
17.32208522899964,1779567219.1621673,8641,70600,4,12582912,267,0,0,0
17.32208522899964,1779567219.1621673,8641,70601,5,12582912,272,0,0,0
17.32208522899964,1779567219.1621673,8641,70602,6,12582912,274,0,0,0
17.32208522899964,1779567219.1621673,8641,70603,7,12582912,258,0,0,0
17.364887056999578,1779567219.2049694,8642,70604,0,12582912,241,0,0,0
17.364887056999578,1779567219.2049694,8642,70605,1,12582912,236,0,0,0
17.364887056999578,1779567219.2049694,8642,70606,2,12582912,242,0,0,0
17.364887056999578,1779567219.2049694,8642,70607,3,12582912,254,0,0,0
17.364887056999578,1779567219.2049694,8642,70608,4,12582912,260,0,0,0
17.364887056999578,1779567219.2049694,8642,70609,5,12582912,258,0,0,0
17.364887056999578,1779567219.2049694,8642,70610,6,12582912,245,0,0,0
17.364887056999578,1779567219.2049694,8642,70611,7,12582912,231,0,0,0
17.423432251000122,1779567219.2635145,8643,70612,0,12582912,227,0,0,0
17.423432251000122,1779567219.2635145,8643,70613,1,12582912,229,0,0,0
17.423432251000122,1779567219.2635145,8643,70614,2,12582912,225,0,0,0
17.423432251000122,1779567219.2635145,8643,70615,3,12582912,212,0,0,0
17.423432251000122,1779567219.2635145,8643,70616,4,12582912,204,0,0,0
17.423432251000122,1779567219.2635145,8643,70617,5,12582912,204,0,0,0
17.423432251000122,1779567219.2635145,8643,70618,6,12582912,199,0,0,0
17.423432251000122,1779567219.2635145,8643,70619,7,12582912,191,0,0,0
17.4237469339987,1779567219.263828,8644,70620,0,12582912,206,0,0,0
17.4237469339987,1779567219.263828,8644,70621,1,12582912,231,0,0,0
17.4237469339987,1779567219.263828,8644,70622,2,12582912,227,0,0,0
17.4237469339987,1779567219.263828,8644,70623,3,12582912,205,0,0,0
17.4237469339987,1779567219.263828,8644,70624,4,12582912,192,0,0,0
17.4237469339987,1779567219.263828,8644,70625,5,12582912,184,0,0,0
17.4237469339987,1779567219.263828,8644,70626,6,12582912,185,0,0,0
17.4237469339987,1779567219.263828,8644,70627,7,12582912,197,0,0,0
17.470535110998753,1779567219.3106174,8645,70628,0,12582912,204,0,0,0
17.470535110998753,1779567219.3106174,8645,70629,1,12582912,204,0,0,0
17.470535110998753,1779567219.3106174,8645,70630,2,12582912,197,0,0,0
17.470535110998753,1779567219.3106174,8645,70631,3,12582912,189,0,0,0
17.470535110998753,1779567219.3106174,8645,70632,4,12582912,186,0,0,0
17.470535110998753,1779567219.3106174,8645,70633,5,12582912,180,0,0,0
17.470535110998753,1779567219.3106174,8645,70634,6,12582912,174,0,0,0
17.470535110998753,1779567219.3106174,8645,70635,7,12582912,170,0,0,0
17.502892871998483,1779567219.3429742,8646,70636,0,12582912,173,0,0,0
17.502892871998483,1779567219.3429742,8646,70637,1,12582912,192,0,0,0
17.502892871998483,1779567219.3429742,8646,70638,2,12582912,208,0,0,0
17.502892871998483,1779567219.3429742,8646,70639,3,12582912,202,0,0,0
17.502892871998483,1779567219.3429742,8646,70640,4,12582912,190,0,0,0
17.502892871998483,1779567219.3429742,8646,70641,5,12582912,181,0,0,0
17.502892871998483,1779567219.3429742,8646,70642,6,12582912,173,0,0,0
17.502892871998483,1779567219.3429742,8646,70643,7,12582912,165,0,0,0
17.52415527299854,1779567219.3642364,8647,70644,0,12582912,154,0,0,0
17.52415527299854,1779567219.3642364,8647,70645,1,12582912,153,0,0,0
17.52415527299854,1779567219.3642364,8647,70646,2,12582912,169,0,0,0
17.52415527299854,1779567219.3642364,8647,70647,3,12582912,181,0,0,0
17.52415527299854,1779567219.3642364,8647,70648,4,12582912,180,0,0,0
17.52415527299854,1779567219.3642364,8647,70649,5,12582912,176,0,0,0
17.52415527299854,1779567219.3642364,8647,70650,6,12582912,172,0,0,0
17.52415527299854,1779567219.3642364,8647,70651,7,12582912,167,0,0,0
17.545529910999903,1779567219.3856115,8648,70652,0,12582912,168,0,0,0
17.545529910999903,1779567219.3856115,8648,70653,1,12582912,179,0,0,0
17.545529910999903,1779567219.3856115,8648,70654,2,12582912,187,0,0,0
17.545529910999903,1779567219.3856115,8648,70655,3,12582912,182,0,0,0
17.545529910999903,1779567219.3856115,8648,70656,4,12582912,169,0,0,0
17.545529910999903,1779567219.3856115,8648,70657,5,12582912,165,0,0,0
17.545529910999903,1779567219.3856115,8648,70658,6,12582912,176,0,0,0
17.545529910999903,1779567219.3856115,8648,70659,7,12582912,186,0,0,0
17.58802835899951,1779567219.4281104,8649,70660,0,12582912,184,0,0,0
17.58802835899951,1779567219.4281104,8649,70661,1,12582912,176,0,0,0
17.58802835899951,1779567219.4281104,8649,70662,2,12582912,185,0,0,0
17.58802835899951,1779567219.4281104,8649,70663,3,12582912,204,0,0,0
17.58802835899951,1779567219.4281104,8649,70664,4,12582912,196,0,0,0
17.58802835899951,1779567219.4281104,8649,70665,5,12582912,163,0,0,0
17.58802835899951,1779567219.4281104,8649,70666,6,12582912,138,0,0,0
17.58802835899951,1779567219.4281104,8649,70667,7,12582912,145,0,0,0
17.609613202999753,1779567219.4496944,8650,70668,0,12582912,173,0,0,0
17.609613202999753,1779567219.4496944,8650,70669,1,12582912,191,0,0,0
17.609613202999753,1779567219.4496944,8650,70670,2,12582912,189,0,0,0
17.609613202999753,1779567219.4496944,8650,70671,3,12582912,184,0,0,0
17.609613202999753,1779567219.4496944,8650,70672,4,12582912,185,0,0,0
17.609613202999753,1779567219.4496944,8650,70673,5,12582912,190,0,0,0
17.609613202999753,1779567219.4496944,8650,70674,6,12582912,197,0,0,0
17.609613202999753,1779567219.4496944,8650,70675,7,12582912,199,0,0,0
17.631922931999725,1779567219.4720054,8651,70676,0,12582912,184,0,0,0
17.631922931999725,1779567219.4720054,8651,70677,1,12582912,152,0,0,0
17.631922931999725,1779567219.4720054,8651,70678,2,12582912,134,0,0,0
17.631922931999725,1779567219.4720054,8651,70679,3,12582912,152,0,0,0
17.631922931999725,1779567219.4720054,8651,70680,4,12582912,187,0,0,0
17.631922931999725,1779567219.4720054,8651,70681,5,12582912,205,0,0,0
17.631922931999725,1779567219.4720054,8651,70682,6,12582912,196,0,0,0
17.631922931999725,1779567219.4720054,8651,70683,7,12582912,169,0,0,0
17.668438288999823,1779567219.5085208,8652,70684,0,12582912,127,0,0,0
17.668438288999823,1779567219.5085208,8652,70685,1,12582912,90,0,0,0
17.668438288999823,1779567219.5085208,8652,70686,2,12582912,77,0,0,0
17.668438288999823,1779567219.5085208,8652,70687,3,12582912,90,0,0,0
17.668438288999823,1779567219.5085208,8652,70688,4,12582912,105,0,0,0
17.668438288999823,1779567219.5085208,8652,70689,5,12582912,94,0,0,0
17.668438288999823,1779567219.5085208,8652,70690,6,12582912,47,0,0,0
17.668438288999823,1779567219.5085208,8652,70691,7,12582912,-1,0,0,0
17.716661340999053,1779567219.5567436,8653,70692,0,12582912,-30,0,0,0
17.716661340999053,1779567219.5567436,8653,70693,1,12582912,-64,0,0,0
17.716661340999053,1779567219.5567436,8653,70694,2,12582912,-103,0,0,0
17.716661340999053,1779567219.5567436,8653,70695,3,12582912,-138,0,0,0
17.716661340999053,1779567219.5567436,8653,70696,4,12582912,-148,0,0,0
17.716661340999053,1779567219.5567436,8653,70697,5,12582912,-143,0,0,0
17.716661340999053,1779567219.5567436,8653,70698,6,12582912,-168,0,0,0
17.716661340999053,1779567219.5567436,8653,70699,7,12582912,-211,0,0,0
17.752930086999186,1779567219.5930126,8654,70700,0,12582912,-222,0,0,0
17.752930086999186,1779567219.5930126,8654,70701,1,12582912,-231,0,0,0
17.752930086999186,1779567219.5930126,8654,70702,2,12582912,-278,0,0,0
17.752930086999186,1779567219.5930126,8654,70703,3,12582912,-281,0,0,0
17.752930086999186,1779567219.5930126,8654,70704,4,12582912,-226,0,0,0
17.752930086999186,1779567219.5930126,8654,70705,5,12582912,-216,0,0,0
17.752930086999186,1779567219.5930126,8654,70706,6,12582912,-245,0,0,0
17.752930086999186,1779567219.5930126,8654,70707,7,12582912,-255,0,0,0
17.77464862600027,1779567219.6147304,8655,70708,0,12582912,-243,0,0,0
17.77464862600027,1779567219.6147304,8655,70709,1,12582912,-235,0,0,0
17.77464862600027,1779567219.6147304,8655,70710,2,12582912,-253,0,0,0
17.77464862600027,1779567219.6147304,8655,70711,3,12582912,-269,0,0,0
17.77464862600027,1779567219.6147304,8655,70712,4,12582912,-259,0,0,0
17.77464862600027,1779567219.6147304,8655,70713,5,12582912,-265,0,0,0
17.77464862600027,1779567219.6147304,8655,70714,6,12582912,-308,0,0,0
17.77464862600027,1779567219.6147304,8655,70715,7,12582912,-337,0,0,0
17.828567220998593,1779567219.6686497,8656,70716,0,12582912,-314,0,0,0
17.828567220998593,1779567219.6686497,8656,70717,1,12582912,-272,0,0,0
17.828567220998593,1779567219.6686497,8656,70718,2,12582912,-281,0,0,0
17.828567220998593,1779567219.6686497,8656,70719,3,12582912,-333,0,0,0
17.828567220998593,1779567219.6686497,8656,70720,4,12582912,-342,0,0,0
17.828567220998593,1779567219.6686497,8656,70721,5,12582912,-313,0,0,0
17.828567220998593,1779567219.6686497,8656,70722,6,12582912,-308,0,0,0
17.828567220998593,1779567219.6686497,8656,70723,7,12582912,-311,0,0,0
17.850437997998597,1779567219.6905203,8657,70724,0,12582912,-297,0,0,0
17.850437997998597,1779567219.6905203,8657,70725,1,12582912,-286,0,0,0
17.850437997998597,1779567219.6905203,8657,70726,2,12582912,-306,0,0,0
17.850437997998597,1779567219.6905203,8657,70727,3,12582912,-335,0,0,0
17.850437997998597,1779567219.6905203,8657,70728,4,12582912,-327,0,0,0
17.850437997998597,1779567219.6905203,8657,70729,5,12582912,-299,0,0,0
17.850437997998597,1779567219.6905203,8657,70730,6,12582912,-294,0,0,0
17.850437997998597,1779567219.6905203,8657,70731,7,12582912,-308,0,0,0
17.888514217998818,1779567219.7285964,8658,70732,0,12582912,-311,0,0,0
17.888514217998818,1779567219.7285964,8658,70733,1,12582912,-294,0,0,0
17.888514217998818,1779567219.7285964,8658,70734,2,12582912,-273,0,0,0
17.888514217998818,1779567219.7285964,8658,70735,3,12582912,-266,0,0,0
17.888514217998818,1779567219.7285964,8658,70736,4,12582912,-279,0,0,0
17.888514217998818,1779567219.7285964,8658,70737,5,12582912,-288,0,0,0
17.888514217998818,1779567219.7285964,8658,70738,6,12582912,-274,0,0,0
17.888514217998818,1779567219.7285964,8658,70739,7,12582912,-262,0,0,0
17.966993706999347,1779567219.8070767,8659,70740,0,12582912,-256,0,0,0
17.966993706999347,1779567219.8070767,8659,70741,1,12582912,-259,0,0,0
17.966993706999347,1779567219.8070767,8659,70742,2,12582912,-283,0,0,0
17.966993706999347,1779567219.8070767,8659,70743,3,12582912,-303,0,0,0
17.966993706999347,1779567219.8070767,8659,70744,4,12582912,-291,0,0,0
17.966993706999347,1779567219.8070767,8659,70745,5,12582912,-262,0,0,0
17.966993706999347,1779567219.8070767,8659,70746,6,12582912,-244,0,0,0
17.966993706999347,1779567219.8070767,8659,70747,7,12582912,-255,0,0,0
17.967308285999025,1779567219.8073893,8660,70748,0,12582912,-277,0,0,0
17.967308285999025,1779567219.8073893,8660,70749,1,12582912,-277,0,0,0
17.967308285999025,1779567219.8073893,8660,70750,2,12582912,-257,0,0,0
17.967308285999025,1779567219.8073893,8660,70751,3,12582912,-241,0,0,0
17.967308285999025,1779567219.8073893,8660,70752,4,12582912,-236,0,0,0
17.967308285999025,1779567219.8073893,8660,70753,5,12582912,-241,0,0,0
17.967308285999025,1779567219.8073893,8660,70754,6,12582912,-274,0,0,0
17.967308285999025,1779567219.8073893,8660,70755,7,12582912,-318,0,0,0
17.967591511000137,1779567219.8076723,8661,70756,0,12582912,-317,0,0,0
17.967591511000137,1779567219.8076723,8661,70757,1,12582912,-267,0,0,0
17.967591511000137,1779567219.8076723,8661,70758,2,12582912,-222,0,0,0
17.967591511000137,1779567219.8076723,8661,70759,3,12582912,-223,0,0,0
17.967591511000137,1779567219.8076723,8661,70760,4,12582912,-261,0,0,0
17.967591511000137,1779567219.8076723,8661,70761,5,12582912,-274,0,0,0
17.967591511000137,1779567219.8076723,8661,70762,6,12582912,-254,0,0,0
17.967591511000137,1779567219.8076723,8661,70763,7,12582912,-250,0,0,0
18.00245808999898,1779567219.8425405,8662,70764,0,12582912,-261,0,0,0
18.00245808999898,1779567219.8425405,8662,70765,1,12582912,-261,0,0,0
18.00245808999898,1779567219.8425405,8662,70766,2,12582912,-245,0,0,0
18.00245808999898,1779567219.8425405,8662,70767,3,12582912,-226,0,0,0
18.00245808999898,1779567219.8425405,8662,70768,4,12582912,-227,0,0,0
18.00245808999898,1779567219.8425405,8662,70769,5,12582912,-239,0,0,0
18.00245808999898,1779567219.8425405,8662,70770,6,12582912,-227,0,0,0
18.00245808999898,1779567219.8425405,8662,70771,7,12582912,-212,0,0,0
18.024120484999003,1779567219.8642027,8663,70772,0,12582912,-225,0,0,0
18.024120484999003,1779567219.8642027,8663,70773,1,12582912,-241,0,0,0
18.024120484999003,1779567219.8642027,8663,70774,2,12582912,-238,0,0,0
18.024120484999003,1779567219.8642027,8663,70775,3,12582912,-249,0,0,0
18.024120484999003,1779567219.8642027,8663,70776,4,12582912,-276,0,0,0
18.024120484999003,1779567219.8642027,8663,70777,5,12582912,-267,0,0,0
18.024120484999003,1779567219.8642027,8663,70778,6,12582912,-227,0,0,0
18.024120484999003,1779567219.8642027,8663,70779,7,12582912,-199,0,0,0
18.066622629999983,1779567219.9067044,8664,70780,0,12582912,-191,0,0,0
18.066622629999983,1779567219.9067044,8664,70781,1,12582912,-194,0,0,0
18.066622629999983,1779567219.9067044,8664,70782,2,12582912,-208,0,0,0
18.066622629999983,1779567219.9067044,8664,70783,3,12582912,-228,0,0,0
18.066622629999983,1779567219.9067044,8664,70784,4,12582912,-239,0,0,0
18.066622629999983,1779567219.9067044,8664,70785,5,12582912,-235,0,0,0
18.066622629999983,1779567219.9067044,8664,70786,6,12582912,-236,0,0,0
18.066622629999983,1779567219.9067044,8664,70787,7,12582912,-239,0,0,0
18.098346128999765,1779567219.9384282,8665,70788,0,12582912,-216,0,0,0
18.098346128999765,1779567219.9384282,8665,70789,1,12582912,-191,0,0,0
18.098346128999765,1779567219.9384282,8665,70790,2,12582912,-195,0,0,0
18.098346128999765,1779567219.9384282,8665,70791,3,12582912,-202,0,0,0
18.098346128999765,1779567219.9384282,8665,70792,4,12582912,-191,0,0,0
18.098346128999765,1779567219.9384282,8665,70793,5,12582912,-188,0,0,0
18.098346128999765,1779567219.9384282,8665,70794,6,12582912,-201,0,0,0
18.098346128999765,1779567219.9384282,8665,70795,7,12582912,-210,0,0,0
18.119767328998932,1779567219.9598498,8666,70796,0,12582912,-209,0,0,0
18.119767328998932,1779567219.9598498,8666,70797,1,12582912,-201,0,0,0
18.119767328998932,1779567219.9598498,8666,70798,2,12582912,-191,0,0,0
18.119767328998932,1779567219.9598498,8666,70799,3,12582912,-182,0,0,0
18.119767328998932,1779567219.9598498,8666,70800,4,12582912,-181,0,0,0
18.119767328998932,1779567219.9598498,8666,70801,5,12582912,-190,0,0,0
18.119767328998932,1779567219.9598498,8666,70802,6,12582912,-197,0,0,0
18.119767328998932,1779567219.9598498,8666,70803,7,12582912,-202,0,0,0
18.1626278549993,1779567220.0027103,8667,70804,0,12582912,-199,0,0,0
18.1626278549993,1779567220.0027103,8667,70805,1,12582912,-188,0,0,0
18.1626278549993,1779567220.0027103,8667,70806,2,12582912,-191,0,0,0
18.1626278549993,1779567220.0027103,8667,70807,3,12582912,-190,0,0,0
18.1626278549993,1779567220.0027103,8667,70808,4,12582912,-168,0,0,0
18.1626278549993,1779567220.0027103,8667,70809,5,12582912,-158,0,0,0
18.1626278549993,1779567220.0027103,8667,70810,6,12582912,-159,0,0,0
18.1626278549993,1779567220.0027103,8667,70811,7,12582912,-157,0,0,0
18.2127591619992,1779567220.0528402,8668,70812,0,12582912,-166,0,0,0
18.2127591619992,1779567220.0528402,8668,70813,1,12582912,-177,0,0,0
18.2127591619992,1779567220.0528402,8668,70814,2,12582912,-173,0,0,0
18.2127591619992,1779567220.0528402,8668,70815,3,12582912,-165,0,0,0
18.2127591619992,1779567220.0528402,8668,70816,4,12582912,-152,0,0,0
18.2127591619992,1779567220.0528402,8668,70817,5,12582912,-145,0,0,0
18.2127591619992,1779567220.0528402,8668,70818,6,12582912,-158,0,0,0
18.2127591619992,1779567220.0528402,8668,70819,7,12582912,-163,0,0,0
18.217763672999354,1779567220.0578463,8669,70820,0,12582912,-142,0,0,0
18.217763672999354,1779567220.0578463,8669,70821,1,12582912,-128,0,0,0
18.217763672999354,1779567220.0578463,8669,70822,2,12582912,-134,0,0,0
18.217763672999354,1779567220.0578463,8669,70823,3,12582912,-131,0,0,0
18.217763672999354,1779567220.0578463,8669,70824,4,12582912,-123,0,0,0
18.217763672999354,1779567220.0578463,8669,70825,5,12582912,-121,0,0,0
18.217763672999354,1779567220.0578463,8669,70826,6,12582912,-132,0,0,0
18.217763672999354,1779567220.0578463,8669,70827,7,12582912,-145,0,0,0
18.251560683998832,1779567220.0916429,8670,70828,0,12582912,-142,0,0,0
18.251560683998832,1779567220.0916429,8670,70829,1,12582912,-140,0,0,0
18.251560683998832,1779567220.0916429,8670,70830,2,12582912,-150,0,0,0
18.251560683998832,1779567220.0916429,8670,70831,3,12582912,-143,0,0,0
18.251560683998832,1779567220.0916429,8670,70832,4,12582912,-111,0,0,0
18.251560683998832,1779567220.0916429,8670,70833,5,12582912,-93,0,0,0
18.251560683998832,1779567220.0916429,8670,70834,6,12582912,-107,0,0,0
18.251560683998832,1779567220.0916429,8670,70835,7,12582912,-121,0,0,0
18.273199641998872,1779567220.1132817,8671,70836,0,12582912,-118,0,0,0
18.273199641998872,1779567220.1132817,8671,70837,1,12582912,-113,0,0,0
18.273199641998872,1779567220.1132817,8671,70838,2,12582912,-115,0,0,0
18.273199641998872,1779567220.1132817,8671,70839,3,12582912,-116,0,0,0
18.273199641998872,1779567220.1132817,8671,70840,4,12582912,-112,0,0,0
18.273199641998872,1779567220.1132817,8671,70841,5,12582912,-112,0,0,0
18.273199641998872,1779567220.1132817,8671,70842,6,12582912,-120,0,0,0
18.273199641998872,1779567220.1132817,8671,70843,7,12582912,-126,0,0,0
18.309827862998645,1779567220.14991,8672,70844,0,12582912,-133,0,0,0
18.309827862998645,1779567220.14991,8672,70845,1,12582912,-127,0,0,0
18.309827862998645,1779567220.14991,8672,70846,2,12582912,-103,0,0,0
18.309827862998645,1779567220.14991,8672,70847,3,12582912,-88,0,0,0
18.309827862998645,1779567220.14991,8672,70848,4,12582912,-83,0,0,0
18.309827862998645,1779567220.14991,8672,70849,5,12582912,-82,0,0,0
18.309827862998645,1779567220.14991,8672,70850,6,12582912,-88,0,0,0
18.309827862998645,1779567220.14991,8672,70851,7,12582912,-98,0,0,0
18.35270604499965,1779567220.1927881,8673,70852,0,12582912,-101,0,0,0
18.35270604499965,1779567220.1927881,8673,70853,1,12582912,-94,0,0,0
18.35270604499965,1779567220.1927881,8673,70854,2,12582912,-87,0,0,0
18.35270604499965,1779567220.1927881,8673,70855,3,12582912,-85,0,0,0
18.35270604499965,1779567220.1927881,8673,70856,4,12582912,-89,0,0,0
18.35270604499965,1779567220.1927881,8673,70857,5,12582912,-92,0,0,0
18.35270604499965,1779567220.1927881,8673,70858,6,12582912,-90,0,0,0
18.35270604499965,1779567220.1927881,8673,70859,7,12582912,-82,0,0,0
18.37464463499964,1779567220.2147264,8674,70860,0,12582912,-77,0,0,0
18.37464463499964,1779567220.2147264,8674,70861,1,12582912,-79,0,0,0
18.37464463499964,1779567220.2147264,8674,70862,2,12582912,-84,0,0,0
18.37464463499964,1779567220.2147264,8674,70863,3,12582912,-87,0,0,0
18.37464463499964,1779567220.2147264,8674,70864,4,12582912,-87,0,0,0
18.37464463499964,1779567220.2147264,8674,70865,5,12582912,-91,0,0,0
18.37464463499964,1779567220.2147264,8674,70866,6,12582912,-99,0,0,0
18.37464463499964,1779567220.2147264,8674,70867,7,12582912,-104,0,0,0
18.41727615399941,1779567220.2573583,8675,70868,0,12582912,-104,0,0,0
18.41727615399941,1779567220.2573583,8675,70869,1,12582912,-102,0,0,0
18.41727615399941,1779567220.2573583,8675,70870,2,12582912,-104,0,0,0
18.41727615399941,1779567220.2573583,8675,70871,3,12582912,-103,0,0,0
18.41727615399941,1779567220.2573583,8675,70872,4,12582912,-97,0,0,0
18.41727615399941,1779567220.2573583,8675,70873,5,12582912,-93,0,0,0
18.41727615399941,1779567220.2573583,8675,70874,6,12582912,-94,0,0,0
18.41727615399941,1779567220.2573583,8675,70875,7,12582912,-96,0,0,0
18.43893792400013,1779567220.27902,8676,70876,0,12582912,-97,0,0,0
18.43893792400013,1779567220.27902,8676,70877,1,12582912,-94,0,0,0
18.43893792400013,1779567220.27902,8676,70878,2,12582912,-89,0,0,0
18.43893792400013,1779567220.27902,8676,70879,3,12582912,-87,0,0,0
18.43893792400013,1779567220.27902,8676,70880,4,12582912,-92,0,0,0
18.43893792400013,1779567220.27902,8676,70881,5,12582912,-95,0,0,0
18.43893792400013,1779567220.27902,8676,70882,6,12582912,-94,0,0,0
18.43893792400013,1779567220.27902,8676,70883,7,12582912,-92,0,0,0
18.48163345299872,1779567220.321716,8677,70884,0,12582912,-90,0,0,0
18.48163345299872,1779567220.321716,8677,70885,1,12582912,-90,0,0,0
18.48163345299872,1779567220.321716,8677,70886,2,12582912,-92,0,0,0
18.48163345299872,1779567220.321716,8677,70887,3,12582912,-93,0,0,0
18.48163345299872,1779567220.321716,8677,70888,4,12582912,-92,0,0,0
18.48163345299872,1779567220.321716,8677,70889,5,12582912,-89,0,0,0
18.48163345299872,1779567220.321716,8677,70890,6,12582912,-87,0,0,0
18.48163345299872,1779567220.321716,8677,70891,7,12582912,-87,0,0,0
18.533217238998986,1779567220.3732994,8678,70892,0,12582912,-84,0,0,0
18.533217238998986,1779567220.3732994,8678,70893,1,12582912,-79,0,0,0
18.533217238998986,1779567220.3732994,8678,70894,2,12582912,-78,0,0,0
18.533217238998986,1779567220.3732994,8678,70895,3,12582912,-79,0,0,0
18.533217238998986,1779567220.3732994,8678,70896,4,12582912,-79,0,0,0
18.533217238998986,1779567220.3732994,8678,70897,5,12582912,-79,0,0,0
18.533217238998986,1779567220.3732994,8678,70898,6,12582912,-83,0,0,0
18.533217238998986,1779567220.3732994,8678,70899,7,12582912,-92,0,0,0
18.53353009899911,1779567220.373611,8679,70900,0,12582912,-96,0,0,0
18.53353009899911,1779567220.373611,8679,70901,1,12582912,-94,0,0,0
18.53353009899911,1779567220.373611,8679,70902,2,12582912,-89,0,0,0
18.53353009899911,1779567220.373611,8679,70903,3,12582912,-82,0,0,0
18.53353009899911,1779567220.373611,8679,70904,4,12582912,-77,0,0,0
18.53353009899911,1779567220.373611,8679,70905,5,12582912,-82,0,0,0
18.53353009899911,1779567220.373611,8679,70906,6,12582912,-89,0,0,0
18.53353009899911,1779567220.373611,8679,70907,7,12582912,-88,0,0,0
18.5763279699986,1779567220.4164104,8680,70908,0,12582912,-83,0,0,0
18.5763279699986,1779567220.4164104,8680,70909,1,12582912,-82,0,0,0
18.5763279699986,1779567220.4164104,8680,70910,2,12582912,-89,0,0,0
18.5763279699986,1779567220.4164104,8680,70911,3,12582912,-96,0,0,0
18.5763279699986,1779567220.4164104,8680,70912,4,12582912,-91,0,0,0
18.5763279699986,1779567220.4164104,8680,70913,5,12582912,-82,0,0,0
18.5763279699986,1779567220.4164104,8680,70914,6,12582912,-81,0,0,0
18.5763279699986,1779567220.4164104,8680,70915,7,12582912,-84,0,0,0
18.634899935999783,1779567220.4749823,8681,70916,0,12582912,-83,0,0,0
18.634899935999783,1779567220.4749823,8681,70917,1,12582912,-75,0,0,0
18.634899935999783,1779567220.4749823,8681,70918,2,12582912,-70,0,0,0
18.634899935999783,1779567220.4749823,8681,70919,3,12582912,-69,0,0,0
18.634899935999783,1779567220.4749823,8681,70920,4,12582912,-68,0,0,0
18.634899935999783,1779567220.4749823,8681,70921,5,12582912,-71,0,0,0
18.634899935999783,1779567220.4749823,8681,70922,6,12582912,-79,0,0,0
18.634899935999783,1779567220.4749823,8681,70923,7,12582912,-88,0,0,0
18.656512904999545,1779567220.4965951,8682,70924,0,12582912,-91,0,0,0
18.656512904999545,1779567220.4965951,8682,70925,1,12582912,-89,0,0,0
18.656512904999545,1779567220.4965951,8682,70926,2,12582912,-85,0,0,0
18.656512904999545,1779567220.4965951,8682,70927,3,12582912,-79,0,0,0
18.656512904999545,1779567220.4965951,8682,70928,4,12582912,-73,0,0,0
18.656512904999545,1779567220.4965951,8682,70929,5,12582912,-74,0,0,0
18.656512904999545,1779567220.4965951,8682,70930,6,12582912,-78,0,0,0
18.656512904999545,1779567220.4965951,8682,70931,7,12582912,-78,0,0,0
18.65682029599884,1779567220.4969008,8683,70932,0,12582912,-79,0,0,0
18.65682029599884,1779567220.4969008,8683,70933,1,12582912,-83,0,0,0
18.65682029599884,1779567220.4969008,8683,70934,2,12582912,-82,0,0,0
18.65682029599884,1779567220.4969008,8683,70935,3,12582912,-75,0,0,0
18.65682029599884,1779567220.4969008,8683,70936,4,12582912,-69,0,0,0
18.65682029599884,1779567220.4969008,8683,70937,5,12582912,-68,0,0,0
18.65682029599884,1779567220.4969008,8683,70938,6,12582912,-69,0,0,0
18.65682029599884,1779567220.4969008,8683,70939,7,12582912,-70,0,0,0
18.699734363999596,1779567220.5398169,8684,70940,0,12582912,-66,0,0,0
18.699734363999596,1779567220.5398169,8684,70941,1,12582912,-61,0,0,0
18.699734363999596,1779567220.5398169,8684,70942,2,12582912,-60,0,0,0
18.699734363999596,1779567220.5398169,8684,70943,3,12582912,-62,0,0,0
18.699734363999596,1779567220.5398169,8684,70944,4,12582912,-65,0,0,0
18.699734363999596,1779567220.5398169,8684,70945,5,12582912,-73,0,0,0
18.699734363999596,1779567220.5398169,8684,70946,6,12582912,-86,0,0,0
18.699734363999596,1779567220.5398169,8684,70947,7,12582912,-88,0,0,0
18.736091545999443,1779567220.5761735,8685,70948,0,12582912,-71,0,0,0
18.736091545999443,1779567220.5761735,8685,70949,1,12582912,-54,0,0,0
18.736091545999443,1779567220.5761735,8685,70950,2,12582912,-51,0,0,0
18.736091545999443,1779567220.5761735,8685,70951,3,12582912,-57,0,0,0
18.736091545999443,1779567220.5761735,8685,70952,4,12582912,-61,0,0,0
18.736091545999443,1779567220.5761735,8685,70953,5,12582912,-62,0,0,0
18.736091545999443,1779567220.5761735,8685,70954,6,12582912,-64,0,0,0
18.736091545999443,1779567220.5761735,8685,70955,7,12582912,-62,0,0,0
18.777553447000173,1779567220.6176355,8686,70956,0,12582912,-55,0,0,0
18.777553447000173,1779567220.6176355,8686,70957,1,12582912,-51,0,0,0
18.777553447000173,1779567220.6176355,8686,70958,2,12582912,-51,0,0,0
18.777553447000173,1779567220.6176355,8686,70959,3,12582912,-55,0,0,0
18.777553447000173,1779567220.6176355,8686,70960,4,12582912,-61,0,0,0
18.777553447000173,1779567220.6176355,8686,70961,5,12582912,-64,0,0,0
18.777553447000173,1779567220.6176355,8686,70962,6,12582912,-59,0,0,0
18.777553447000173,1779567220.6176355,8686,70963,7,12582912,-56,0,0,0
18.799199488999875,1779567220.6392817,8687,70964,0,12582912,-57,0,0,0
18.799199488999875,1779567220.6392817,8687,70965,1,12582912,-58,0,0,0
18.799199488999875,1779567220.6392817,8687,70966,2,12582912,-61,0,0,0
18.799199488999875,1779567220.6392817,8687,70967,3,12582912,-67,0,0,0
18.799199488999875,1779567220.6392817,8687,70968,4,12582912,-71,0,0,0
18.799199488999875,1779567220.6392817,8687,70969,5,12582912,-70,0,0,0
18.799199488999875,1779567220.6392817,8687,70970,6,12582912,-65,0,0,0
18.799199488999875,1779567220.6392817,8687,70971,7,12582912,-61,0,0,0
18.820808915999805,1779567220.6608913,8688,70972,0,12582912,-61,0,0,0
18.820808915999805,1779567220.6608913,8688,70973,1,12582912,-61,0,0,0
18.820808915999805,1779567220.6608913,8688,70974,2,12582912,-56,0,0,0
18.820808915999805,1779567220.6608913,8688,70975,3,12582912,-51,0,0,0
18.820808915999805,1779567220.6608913,8688,70976,4,12582912,-48,0,0,0
18.820808915999805,1779567220.6608913,8688,70977,5,12582912,-49,0,0,0
18.820808915999805,1779567220.6608913,8688,70978,6,12582912,-51,0,0,0
18.820808915999805,1779567220.6608913,8688,70979,7,12582912,-49,0,0,0
18.863537309000094,1779567220.7036192,8689,70980,0,12582912,-45,0,0,0
18.863537309000094,1779567220.7036192,8689,70981,1,12582912,-39,0,0,0
18.863537309000094,1779567220.7036192,8689,70982,2,12582912,-34,0,0,0
18.863537309000094,1779567220.7036192,8689,70983,3,12582912,-35,0,0,0
18.863537309000094,1779567220.7036192,8689,70984,4,12582912,-40,0,0,0
18.863537309000094,1779567220.7036192,8689,70985,5,12582912,-43,0,0,0
18.863537309000094,1779567220.7036192,8689,70986,6,12582912,-46,0,0,0
18.863537309000094,1779567220.7036192,8689,70987,7,12582912,-48,0,0,0
18.885146163000172,1779567220.7252283,8690,70988,0,12582912,-48,0,0,0
18.885146163000172,1779567220.7252283,8690,70989,1,12582912,-46,0,0,0
18.885146163000172,1779567220.7252283,8690,70990,2,12582912,-46,0,0,0
18.885146163000172,1779567220.7252283,8690,70991,3,12582912,-44,0,0,0
18.885146163000172,1779567220.7252283,8690,70992,4,12582912,-41,0,0,0
18.885146163000172,1779567220.7252283,8690,70993,5,12582912,-39,0,0,0
18.885146163000172,1779567220.7252283,8690,70994,6,12582912,-39,0,0,0
18.885146163000172,1779567220.7252283,8690,70995,7,12582912,-38,0,0,0
19.092291085999022,1779567220.9323733,8691,70996,0,12582912,-38,0,0,0
19.092291085999022,1779567220.9323733,8691,70997,1,12582912,-40,0,0,0
19.092291085999022,1779567220.9323733,8691,70998,2,12582912,-40,0,0,0
19.092291085999022,1779567220.9323733,8691,70999,3,12582912,-39,0,0,0
19.092291085999022,1779567220.9323733,8691,71000,4,12582912,-61,0,0,0
19.092291085999022,1779567220.9323733,8691,71001,5,12582912,-109,0,0,0
19.092291085999022,1779567220.9323733,8691,71002,6,12582912,-133,0,0,0
19.092291085999022,1779567220.9323733,8691,71003,7,12582912,-127,0,0,0
19.151066590999108,1779567220.9911475,8692,71004,0,12582912,-119,0,0,0
19.151066590999108,1779567220.9911475,8692,71005,1,12582912,-114,0,0,0
19.151066590999108,1779567220.9911475,8692,71006,2,12582912,-107,0,0,0
19.151066590999108,1779567220.9911475,8692,71007,3,12582912,-99,0,0,0
19.151066590999108,1779567220.9911475,8692,71008,4,12582912,-96,0,0,0
19.151066590999108,1779567220.9911475,8692,71009,5,12582912,-102,0,0,0
19.151066590999108,1779567220.9911475,8692,71010,6,12582912,-111,0,0,0
19.151066590999108,1779567220.9911475,8692,71011,7,12582912,-113,0,0,0
19.17251117699925,1779567221.0125935,8693,71012,0,12582912,-111,0,0,0
19.17251117699925,1779567221.0125935,8693,71013,1,12582912,-112,0,0,0
19.17251117699925,1779567221.0125935,8693,71014,2,12582912,-113,0,0,0
19.17251117699925,1779567221.0125935,8693,71015,3,12582912,-110,0,0,0
19.17251117699925,1779567221.0125935,8693,71016,4,12582912,-105,0,0,0
19.17251117699925,1779567221.0125935,8693,71017,5,12582912,-104,0,0,0
19.17251117699925,1779567221.0125935,8693,71018,6,12582912,-104,0,0,0
19.17251117699925,1779567221.0125935,8693,71019,7,12582912,-97,0,0,0
19.212515911998707,1779567221.052598,8694,71020,0,12582912,-91,0,0,0
19.212515911998707,1779567221.052598,8694,71021,1,12582912,-92,0,0,0
19.212515911998707,1779567221.052598,8694,71022,2,12582912,-100,0,0,0
19.212515911998707,1779567221.052598,8694,71023,3,12582912,-113,0,0,0
19.212515911998707,1779567221.052598,8694,71024,4,12582912,-121,0,0,0
19.212515911998707,1779567221.052598,8694,71025,5,12582912,-122,0,0,0
19.212515911998707,1779567221.052598,8694,71026,6,12582912,-124,0,0,0
19.212515911998707,1779567221.052598,8694,71027,7,12582912,-127,0,0,0
19.234126641998955,1779567221.0742087,8695,71028,0,12582912,-129,0,0,0
19.234126641998955,1779567221.0742087,8695,71029,1,12582912,-134,0,0,0
19.234126641998955,1779567221.0742087,8695,71030,2,12582912,-135,0,0,0
19.234126641998955,1779567221.0742087,8695,71031,3,12582912,-127,0,0,0
19.234126641998955,1779567221.0742087,8695,71032,4,12582912,-113,0,0,0
19.234126641998955,1779567221.0742087,8695,71033,5,12582912,-107,0,0,0
19.234126641998955,1779567221.0742087,8695,71034,6,12582912,-112,0,0,0
19.234126641998955,1779567221.0742087,8695,71035,7,12582912,-120,0,0,0
19.255853933000253,1779567221.0959363,8696,71036,0,12582912,-124,0,0,0
19.255853933000253,1779567221.0959363,8696,71037,1,12582912,-115,0,0,0
19.255853933000253,1779567221.0959363,8696,71038,2,12582912,-99,0,0,0
19.255853933000253,1779567221.0959363,8696,71039,3,12582912,-95,0,0,0
19.255853933000253,1779567221.0959363,8696,71040,4,12582912,-105,0,0,0
19.255853933000253,1779567221.0959363,8696,71041,5,12582912,-112,0,0,0
19.255853933000253,1779567221.0959363,8696,71042,6,12582912,-113,0,0,0
19.255853933000253,1779567221.0959363,8696,71043,7,12582912,-111,0,0,0
19.283090205999542,1779567221.123172,8697,71044,0,12582912,-103,0,0,0
19.283090205999542,1779567221.123172,8697,71045,1,12582912,-94,0,0,0
19.283090205999542,1779567221.123172,8697,71046,2,12582912,-90,0,0,0
19.283090205999542,1779567221.123172,8697,71047,3,12582912,-95,0,0,0
19.283090205999542,1779567221.123172,8697,71048,4,12582912,-97,0,0,0
19.283090205999542,1779567221.123172,8697,71049,5,12582912,-92,0,0,0
19.283090205999542,1779567221.123172,8697,71050,6,12582912,-88,0,0,0
19.283090205999542,1779567221.123172,8697,71051,7,12582912,-91,0,0,0
19.325979118999385,1779567221.1660614,8698,71052,0,12582912,-96,0,0,0
19.325979118999385,1779567221.1660614,8698,71053,1,12582912,-98,0,0,0
19.325979118999385,1779567221.1660614,8698,71054,2,12582912,-102,0,0,0
19.325979118999385,1779567221.1660614,8698,71055,3,12582912,-108,0,0,0
19.325979118999385,1779567221.1660614,8698,71056,4,12582912,-98,0,0,0
19.325979118999385,1779567221.1660614,8698,71057,5,12582912,-88,0,0,0
19.325979118999385,1779567221.1660614,8698,71058,6,12582912,-96,0,0,0
19.325979118999385,1779567221.1660614,8698,71059,7,12582912,-119,0,0,0
19.362499113000013,1779567221.2025812,8699,71060,0,12582912,-144,0,0,0
19.362499113000013,1779567221.2025812,8699,71061,1,12582912,-158,0,0,0
19.362499113000013,1779567221.2025812,8699,71062,2,12582912,-156,0,0,0
19.362499113000013,1779567221.2025812,8699,71063,3,12582912,-150,0,0,0
19.362499113000013,1779567221.2025812,8699,71064,4,12582912,-156,0,0,0
19.362499113000013,1779567221.2025812,8699,71065,5,12582912,-167,0,0,0
19.362499113000013,1779567221.2025812,8699,71066,6,12582912,-168,0,0,0
19.362499113000013,1779567221.2025812,8699,71067,7,12582912,-166,0,0,0
19.40597770400018,1779567221.24606,8700,71068,0,12582912,-166,0,0,0
19.40597770400018,1779567221.24606,8700,71069,1,12582912,-159,0,0,0
19.40597770400018,1779567221.24606,8700,71070,2,12582912,-145,0,0,0
19.40597770400018,1779567221.24606,8700,71071,3,12582912,-143,0,0,0
19.40597770400018,1779567221.24606,8700,71072,4,12582912,-151,0,0,0
19.40597770400018,1779567221.24606,8700,71073,5,12582912,-146,0,0,0
19.40597770400018,1779567221.24606,8700,71074,6,12582912,-132,0,0,0
19.40597770400018,1779567221.24606,8700,71075,7,12582912,-126,0,0,0
19.43894285299939,1779567221.2790241,8701,71076,0,12582912,-129,0,0,0
19.43894285299939,1779567221.2790241,8701,71077,1,12582912,-130,0,0,0
19.43894285299939,1779567221.2790241,8701,71078,2,12582912,-124,0,0,0
19.43894285299939,1779567221.2790241,8701,71079,3,12582912,-117,0,0,0
19.43894285299939,1779567221.2790241,8701,71080,4,12582912,-110,0,0,0
19.43894285299939,1779567221.2790241,8701,71081,5,12582912,-101,0,0,0
19.43894285299939,1779567221.2790241,8701,71082,6,12582912,-94,0,0,0
19.43894285299939,1779567221.2790241,8701,71083,7,12582912,-97,0,0,0
19.475995130998854,1779567221.3160775,8702,71084,0,12582912,-105,0,0,0
19.475995130998854,1779567221.3160775,8702,71085,1,12582912,-105,0,0,0
19.475995130998854,1779567221.3160775,8702,71086,2,12582912,-90,0,0,0
19.475995130998854,1779567221.3160775,8702,71087,3,12582912,-69,0,0,0
19.475995130998854,1779567221.3160775,8702,71088,4,12582912,-52,0,0,0
19.475995130998854,1779567221.3160775,8702,71089,5,12582912,-43,0,0,0
19.475995130998854,1779567221.3160775,8702,71090,6,12582912,-33,0,0,0
19.475995130998854,1779567221.3160775,8702,71091,7,12582912,-15,0,0,0
19.47630314699927,1779567221.3163838,8703,71092,0,12582912,-4,0,0,0
19.47630314699927,1779567221.3163838,8703,71093,1,12582912,-8,0,0,0
19.47630314699927,1779567221.3163838,8703,71094,2,12582912,-10,0,0,0
19.47630314699927,1779567221.3163838,8703,71095,3,12582912,-3,0,0,0
19.47630314699927,1779567221.3163838,8703,71096,4,12582912,13,0,0,0
19.47630314699927,1779567221.3163838,8703,71097,5,12582912,35,0,0,0
19.47630314699927,1779567221.3163838,8703,71098,6,12582912,49,0,0,0
19.47630314699927,1779567221.3163838,8703,71099,7,12582912,55,0,0,0
19.519125966999127,1779567221.359208,8704,71100,0,12582912,64,0,0,0
19.519125966999127,1779567221.359208,8704,71101,1,12582912,75,0,0,0
19.519125966999127,1779567221.359208,8704,71102,2,12582912,83,0,0,0
19.519125966999127,1779567221.359208,8704,71103,3,12582912,98,0,0,0
19.519125966999127,1779567221.359208,8704,71104,4,12582912,155,0,0,0
19.519125966999127,1779567221.359208,8704,71105,5,12582912,261,0,0,0
19.519125966999127,1779567221.359208,8704,71106,6,12582912,378,0,0,0
19.519125966999127,1779567221.359208,8704,71107,7,12582912,483,0,0,0
19.54078341499917,1779567221.3808656,8705,71108,0,12582912,571,0,0,0
19.54078341499917,1779567221.3808656,8705,71109,1,12582912,619,0,0,0
19.54078341499917,1779567221.3808656,8705,71110,2,12582912,616,0,0,0
19.54078341499917,1779567221.3808656,8705,71111,3,12582912,591,0,0,0
19.54078341499917,1779567221.3808656,8705,71112,4,12582912,578,0,0,0
19.54078341499917,1779567221.3808656,8705,71113,5,12582912,583,0,0,0
19.54078341499917,1779567221.3808656,8705,71114,6,12582912,572,0,0,0
19.54078341499917,1779567221.3808656,8705,71115,7,12582912,550,0,0,0
19.577771161999408,1779567221.4178534,8706,71116,0,12582912,565,0,0,0
19.577771161999408,1779567221.4178534,8706,71117,1,12582912,594,0,0,0
19.577771161999408,1779567221.4178534,8706,71118,2,12582912,579,0,0,0
19.577771161999408,1779567221.4178534,8706,71119,3,12582912,559,0,0,0
19.577771161999408,1779567221.4178534,8706,71120,4,12582912,572,0,0,0
19.577771161999408,1779567221.4178534,8706,71121,5,12582912,577,0,0,0
19.577771161999408,1779567221.4178534,8706,71122,6,12582912,545,0,0,0
19.577771161999408,1779567221.4178534,8706,71123,7,12582912,514,0,0,0
19.620556638999915,1779567221.460639,8707,71124,0,12582912,526,0,0,0
19.620556638999915,1779567221.460639,8707,71125,1,12582912,553,0,0,0
19.620556638999915,1779567221.460639,8707,71126,2,12582912,553,0,0,0
19.620556638999915,1779567221.460639,8707,71127,3,12582912,544,0,0,0
19.620556638999915,1779567221.460639,8707,71128,4,12582912,542,0,0,0
19.620556638999915,1779567221.460639,8707,71129,5,12582912,528,0,0,0
19.620556638999915,1779567221.460639,8707,71130,6,12582912,504,0,0,0
19.620556638999915,1779567221.460639,8707,71131,7,12582912,498,0,0,0
19.64219434699953,1779567221.4822767,8708,71132,0,12582912,512,0,0,0
19.64219434699953,1779567221.4822767,8708,71133,1,12582912,524,0,0,0
19.64219434699953,1779567221.4822767,8708,71134,2,12582912,505,0,0,0
19.64219434699953,1779567221.4822767,8708,71135,3,12582912,446,0,0,0
19.64219434699953,1779567221.4822767,8708,71136,4,12582912,414,0,0,0
19.64219434699953,1779567221.4822767,8708,71137,5,12582912,467,0,0,0
19.64219434699953,1779567221.4822767,8708,71138,6,12582912,548,0,0,0
19.64219434699953,1779567221.4822767,8708,71139,7,12582912,579,0,0,0
19.68501086499964,1779567221.525093,8709,71140,0,12582912,566,0,0,0
19.68501086499964,1779567221.525093,8709,71141,1,12582912,530,0,0,0
19.68501086499964,1779567221.525093,8709,71142,2,12582912,486,0,0,0
19.68501086499964,1779567221.525093,8709,71143,3,12582912,443,0,0,0
19.68501086499964,1779567221.525093,8709,71144,4,12582912,401,0,0,0
19.68501086499964,1779567221.525093,8709,71145,5,12582912,375,0,0,0
19.68501086499964,1779567221.525093,8709,71146,6,12582912,371,0,0,0
19.68501086499964,1779567221.525093,8709,71147,7,12582912,347,0,0,0
19.72130950799874,1779567221.5613916,8710,71148,0,12582912,301,0,0,0
19.72130950799874,1779567221.5613916,8710,71149,1,12582912,266,0,0,0
19.72130950799874,1779567221.5613916,8710,71150,2,12582912,222,0,0,0
19.72130950799874,1779567221.5613916,8710,71151,3,12582912,165,0,0,0
19.72130950799874,1779567221.5613916,8710,71152,4,12582912,113,0,0,0
19.72130950799874,1779567221.5613916,8710,71153,5,12582912,39,0,0,0
19.72130950799874,1779567221.5613916,8710,71154,6,12582912,-52,0,0,0
19.72130950799874,1779567221.5613916,8710,71155,7,12582912,-44,0,0,0
19.742991174000053,1779567221.5830736,8711,71156,0,12582912,61,0,0,0
19.742991174000053,1779567221.5830736,8711,71157,1,12582912,99,0,0,0
19.742991174000053,1779567221.5830736,8711,71158,2,12582912,44,0,0,0
19.742991174000053,1779567221.5830736,8711,71159,3,12582912,-6,0,0,0
19.742991174000053,1779567221.5830736,8711,71160,4,12582912,-15,0,0,0
19.742991174000053,1779567221.5830736,8711,71161,5,12582912,-23,0,0,0
19.742991174000053,1779567221.5830736,8711,71162,6,12582912,-55,0,0,0
19.742991174000053,1779567221.5830736,8711,71163,7,12582912,-47,0,0,0
19.80682165899998,1779567221.6469038,8712,71164,0,12582912,-2,0,0,0
19.80682165899998,1779567221.6469038,8712,71165,1,12582912,-18,0,0,0
19.80682165899998,1779567221.6469038,8712,71166,2,12582912,-82,0,0,0
19.80682165899998,1779567221.6469038,8712,71167,3,12582912,-113,0,0,0
19.80682165899998,1779567221.6469038,8712,71168,4,12582912,-105,0,0,0
19.80682165899998,1779567221.6469038,8712,71169,5,12582912,-97,0,0,0
19.80682165899998,1779567221.6469038,8712,71170,6,12582912,-102,0,0,0
19.80682165899998,1779567221.6469038,8712,71171,7,12582912,-119,0,0,0
19.83755329899941,1779567221.6776366,8713,71172,0,12582912,-131,0,0,0
19.83755329899941,1779567221.6776366,8713,71173,1,12582912,-130,0,0,0
19.83755329899941,1779567221.6776366,8713,71174,2,12582912,-130,0,0,0
19.83755329899941,1779567221.6776366,8713,71175,3,12582912,-115,0,0,0
19.83755329899941,1779567221.6776366,8713,71176,4,12582912,-90,0,0,0
19.83755329899941,1779567221.6776366,8713,71177,5,12582912,-75,0,0,0
19.83755329899941,1779567221.6776366,8713,71178,6,12582912,-70,0,0,0
19.83755329899941,1779567221.6776366,8713,71179,7,12582912,-89,0,0,0
19.83787298199968,1779567221.677954,8714,71180,0,12582912,-114,0,0,0
19.83787298199968,1779567221.677954,8714,71181,1,12582912,-119,0,0,0
19.83787298199968,1779567221.677954,8714,71182,2,12582912,-132,0,0,0
19.83787298199968,1779567221.677954,8714,71183,3,12582912,-136,0,0,0
19.83787298199968,1779567221.677954,8714,71184,4,12582912,-90,0,0,0
19.83787298199968,1779567221.677954,8714,71185,5,12582912,-49,0,0,0
19.83787298199968,1779567221.677954,8714,71186,6,12582912,-58,0,0,0
19.83787298199968,1779567221.677954,8714,71187,7,12582912,-92,0,0,0
19.859701051998854,1779567221.699783,8715,71188,0,12582912,-102,0,0,0
19.859701051998854,1779567221.699783,8715,71189,1,12582912,-74,0,0,0
19.859701051998854,1779567221.699783,8715,71190,2,12582912,-82,0,0,0
19.859701051998854,1779567221.699783,8715,71191,3,12582912,-145,0,0,0
19.859701051998854,1779567221.699783,8715,71192,4,12582912,-174,0,0,0
19.859701051998854,1779567221.699783,8715,71193,5,12582912,-142,0,0,0
19.859701051998854,1779567221.699783,8715,71194,6,12582912,-93,0,0,0
19.859701051998854,1779567221.699783,8715,71195,7,12582912,-82,0,0,0
19.90248986199913,1779567221.7425718,8716,71196,0,12582912,-105,0,0,0
19.90248986199913,1779567221.7425718,8716,71197,1,12582912,-101,0,0,0
19.90248986199913,1779567221.7425718,8716,71198,2,12582912,-81,0,0,0
19.90248986199913,1779567221.7425718,8716,71199,3,12582912,-86,0,0,0
19.90248986199913,1779567221.7425718,8716,71200,4,12582912,-110,0,0,0
19.90248986199913,1779567221.7425718,8716,71201,5,12582912,-141,0,0,0
19.90248986199913,1779567221.7425718,8716,71202,6,12582912,-173,0,0,0
19.90248986199913,1779567221.7425718,8716,71203,7,12582912,-188,0,0,0
19.92413996599862,1779567221.7642224,8717,71204,0,12582912,-172,0,0,0
19.92413996599862,1779567221.7642224,8717,71205,1,12582912,-120,0,0,0
19.92413996599862,1779567221.7642224,8717,71206,2,12582912,-76,0,0,0
19.92413996599862,1779567221.7642224,8717,71207,3,12582912,-82,0,0,0
19.92413996599862,1779567221.7642224,8717,71208,4,12582912,-123,0,0,0
19.92413996599862,1779567221.7642224,8717,71209,5,12582912,-167,0,0,0
19.92413996599862,1779567221.7642224,8717,71210,6,12582912,-180,0,0,0
19.92413996599862,1779567221.7642224,8717,71211,7,12582912,-148,0,0,0
20.015628437999112,1779567221.8557107,8718,71212,0,12582912,-108,0,0,0
20.015628437999112,1779567221.8557107,8718,71213,1,12582912,-99,0,0,0
20.015628437999112,1779567221.8557107,8718,71214,2,12582912,-127,0,0,0
20.015628437999112,1779567221.8557107,8718,71215,3,12582912,-150,0,0,0
20.015628437999112,1779567221.8557107,8718,71216,4,12582912,-126,0,0,0
20.015628437999112,1779567221.8557107,8718,71217,5,12582912,-85,0,0,0
20.015628437999112,1779567221.8557107,8718,71218,6,12582912,-72,0,0,0
20.015628437999112,1779567221.8557107,8718,71219,7,12582912,-91,0,0,0
20.01594473499972,1779567221.8560255,8719,71220,0,12582912,-132,0,0,0
20.01594473499972,1779567221.8560255,8719,71221,1,12582912,-164,0,0,0
20.01594473499972,1779567221.8560255,8719,71222,2,12582912,-165,0,0,0
20.01594473499972,1779567221.8560255,8719,71223,3,12582912,-141,0,0,0
20.01594473499972,1779567221.8560255,8719,71224,4,12582912,-99,0,0,0
20.01594473499972,1779567221.8560255,8719,71225,5,12582912,-67,0,0,0
20.01594473499972,1779567221.8560255,8719,71226,6,12582912,-75,0,0,0
20.01594473499972,1779567221.8560255,8719,71227,7,12582912,-104,0,0,0
20.05359762899934,1779567221.8936799,8720,71228,0,12582912,-124,0,0,0
20.05359762899934,1779567221.8936799,8720,71229,1,12582912,-126,0,0,0
20.05359762899934,1779567221.8936799,8720,71230,2,12582912,-133,0,0,0
20.05359762899934,1779567221.8936799,8720,71231,3,12582912,-140,0,0,0
20.05359762899934,1779567221.8936799,8720,71232,4,12582912,-132,0,0,0
20.05359762899934,1779567221.8936799,8720,71233,5,12582912,-135,0,0,0
20.05359762899934,1779567221.8936799,8720,71234,6,12582912,-132,0,0,0
20.05359762899934,1779567221.8936799,8720,71235,7,12582912,-98,0,0,0
20.053906790999463,1779567221.8939877,8721,71236,0,12582912,-83,0,0,0
20.053906790999463,1779567221.8939877,8721,71237,1,12582912,-109,0,0,0
20.053906790999463,1779567221.8939877,8721,71238,2,12582912,-121,0,0,0
20.053906790999463,1779567221.8939877,8721,71239,3,12582912,-86,0,0,0
20.053906790999463,1779567221.8939877,8721,71240,4,12582912,-72,0,0,0
20.053906790999463,1779567221.8939877,8721,71241,5,12582912,-113,0,0,0
20.053906790999463,1779567221.8939877,8721,71242,6,12582912,-146,0,0,0
20.053906790999463,1779567221.8939877,8721,71243,7,12582912,-148,0,0,0
20.096646330999647,1779567221.9367285,8722,71244,0,12582912,-128,0,0,0
20.096646330999647,1779567221.9367285,8722,71245,1,12582912,-88,0,0,0
20.096646330999647,1779567221.9367285,8722,71246,2,12582912,-54,0,0,0
20.096646330999647,1779567221.9367285,8722,71247,3,12582912,-55,0,0,0
20.096646330999647,1779567221.9367285,8722,71248,4,12582912,-74,0,0,0
20.096646330999647,1779567221.9367285,8722,71249,5,12582912,-79,0,0,0
20.096646330999647,1779567221.9367285,8722,71250,6,12582912,-98,0,0,0
20.096646330999647,1779567221.9367285,8722,71251,7,12582912,-124,0,0,0
20.118358726000224,1779567221.9584408,8723,71252,0,12582912,-121,0,0,0
20.118358726000224,1779567221.9584408,8723,71253,1,12582912,-99,0,0,0
20.118358726000224,1779567221.9584408,8723,71254,2,12582912,-83,0,0,0
20.118358726000224,1779567221.9584408,8723,71255,3,12582912,-88,0,0,0
20.118358726000224,1779567221.9584408,8723,71256,4,12582912,-104,0,0,0
20.118358726000224,1779567221.9584408,8723,71257,5,12582912,-102,0,0,0
20.118358726000224,1779567221.9584408,8723,71258,6,12582912,-93,0,0,0
20.118358726000224,1779567221.9584408,8723,71259,7,12582912,-102,0,0,0
20.16101284999968,1779567222.0010948,8724,71260,0,12582912,-116,0,0,0
20.16101284999968,1779567222.0010948,8724,71261,1,12582912,-105,0,0,0
20.16101284999968,1779567222.0010948,8724,71262,2,12582912,-90,0,0,0
20.16101284999968,1779567222.0010948,8724,71263,3,12582912,-98,0,0,0
20.16101284999968,1779567222.0010948,8724,71264,4,12582912,-110,0,0,0
20.16101284999968,1779567222.0010948,8724,71265,5,12582912,-104,0,0,0
20.16101284999968,1779567222.0010948,8724,71266,6,12582912,-90,0,0,0
20.16101284999968,1779567222.0010948,8724,71267,7,12582912,-73,0,0,0
20.22600936100025,1779567222.066092,8725,71268,0,12582912,-72,0,0,0
20.22600936100025,1779567222.066092,8725,71269,1,12582912,-98,0,0,0
20.22600936100025,1779567222.066092,8725,71270,2,12582912,-114,0,0,0
20.22600936100025,1779567222.066092,8725,71271,3,12582912,-103,0,0,0
20.22600936100025,1779567222.066092,8725,71272,4,12582912,-85,0,0,0
20.22600936100025,1779567222.066092,8725,71273,5,12582912,-77,0,0,0
20.22600936100025,1779567222.066092,8725,71274,6,12582912,-86,0,0,0
20.22600936100025,1779567222.066092,8725,71275,7,12582912,-95,0,0,0
20.280099206998784,1779567222.1201816,8726,71276,0,12582912,-91,0,0,0
20.280099206998784,1779567222.1201816,8726,71277,1,12582912,-80,0,0,0
20.280099206998784,1779567222.1201816,8726,71278,2,12582912,-60,0,0,0
20.280099206998784,1779567222.1201816,8726,71279,3,12582912,-53,0,0,0
20.280099206998784,1779567222.1201816,8726,71280,4,12582912,-75,0,0,0
20.280099206998784,1779567222.1201816,8726,71281,5,12582912,-96,0,0,0
20.280099206998784,1779567222.1201816,8726,71282,6,12582912,-96,0,0,0
20.280099206998784,1779567222.1201816,8726,71283,7,12582912,-85,0,0,0
20.28040961899933,1779567222.1204906,8727,71284,0,12582912,-80,0,0,0
20.28040961899933,1779567222.1204906,8727,71285,1,12582912,-77,0,0,0
20.28040961899933,1779567222.1204906,8727,71286,2,12582912,-85,0,0,0
20.28040961899933,1779567222.1204906,8727,71287,3,12582912,-94,0,0,0
20.28040961899933,1779567222.1204906,8727,71288,4,12582912,-77,0,0,0
20.28040961899933,1779567222.1204906,8727,71289,5,12582912,-52,0,0,0
20.28040961899933,1779567222.1204906,8727,71290,6,12582912,-40,0,0,0
20.28040961899933,1779567222.1204906,8727,71291,7,12582912,-47,0,0,0
20.280731020999156,1779567222.120812,8728,71292,0,12582912,-65,0,0,0
20.280731020999156,1779567222.120812,8728,71293,1,12582912,-71,0,0,0
20.280731020999156,1779567222.120812,8728,71294,2,12582912,-70,0,0,0
20.280731020999156,1779567222.120812,8728,71295,3,12582912,-80,0,0,0
20.280731020999156,1779567222.120812,8728,71296,4,12582912,-96,0,0,0
20.280731020999156,1779567222.120812,8728,71297,5,12582912,-92,0,0,0
20.280731020999156,1779567222.120812,8728,71298,6,12582912,-56,0,0,0
20.280731020999156,1779567222.120812,8728,71299,7,12582912,-23,0,0,0
20.32347785299862,1779567222.16356,8729,71300,0,12582912,-33,0,0,0
20.32347785299862,1779567222.16356,8729,71301,1,12582912,-61,0,0,0
20.32347785299862,1779567222.16356,8729,71302,2,12582912,-63,0,0,0
20.32347785299862,1779567222.16356,8729,71303,3,12582912,-47,0,0,0
20.32347785299862,1779567222.16356,8729,71304,4,12582912,-43,0,0,0
20.32347785299862,1779567222.16356,8729,71305,5,12582912,-46,0,0,0
20.32347785299862,1779567222.16356,8729,71306,6,12582912,-57,0,0,0
20.32347785299862,1779567222.16356,8729,71307,7,12582912,-77,0,0,0
20.35079261499959,1779567222.190875,8730,71308,0,12582912,-80,0,0,0
20.35079261499959,1779567222.190875,8730,71309,1,12582912,-61,0,0,0
20.35079261499959,1779567222.190875,8730,71310,2,12582912,-48,0,0,0
20.35079261499959,1779567222.190875,8730,71311,3,12582912,-45,0,0,0
20.35079261499959,1779567222.190875,8730,71312,4,12582912,-43,0,0,0
20.35079261499959,1779567222.190875,8730,71313,5,12582912,-46,0,0,0
20.35079261499959,1779567222.190875,8730,71314,6,12582912,-54,0,0,0
20.35079261499959,1779567222.190875,8730,71315,7,12582912,-61,0,0,0
20.372414647999904,1779567222.2124968,8731,71316,0,12582912,-58,0,0,0
20.372414647999904,1779567222.2124968,8731,71317,1,12582912,-54,0,0,0
20.372414647999904,1779567222.2124968,8731,71318,2,12582912,-56,0,0,0
20.372414647999904,1779567222.2124968,8731,71319,3,12582912,-60,0,0,0
20.372414647999904,1779567222.2124968,8731,71320,4,12582912,-62,0,0,0
20.372414647999904,1779567222.2124968,8731,71321,5,12582912,-64,0,0,0
20.372414647999904,1779567222.2124968,8731,71322,6,12582912,-66,0,0,0
20.372414647999904,1779567222.2124968,8731,71323,7,12582912,-63,0,0,0
20.41520397899876,1779567222.2552862,8732,71324,0,12582912,-59,0,0,0
20.41520397899876,1779567222.2552862,8732,71325,1,12582912,-58,0,0,0
20.41520397899876,1779567222.2552862,8732,71326,2,12582912,-60,0,0,0
20.41520397899876,1779567222.2552862,8732,71327,3,12582912,-63,0,0,0
20.41520397899876,1779567222.2552862,8732,71328,4,12582912,-62,0,0,0
20.41520397899876,1779567222.2552862,8732,71329,5,12582912,-60,0,0,0
20.41520397899876,1779567222.2552862,8732,71330,6,12582912,-59,0,0,0
20.41520397899876,1779567222.2552862,8732,71331,7,12582912,-60,0,0,0
20.436839656998927,1779567222.2769222,8733,71332,0,12582912,-64,0,0,0
20.436839656998927,1779567222.2769222,8733,71333,1,12582912,-67,0,0,0
20.436839656998927,1779567222.2769222,8733,71334,2,12582912,-66,0,0,0
20.436839656998927,1779567222.2769222,8733,71335,3,12582912,-63,0,0,0
20.436839656998927,1779567222.2769222,8733,71336,4,12582912,-61,0,0,0
20.436839656998927,1779567222.2769222,8733,71337,5,12582912,-62,0,0,0
20.436839656998927,1779567222.2769222,8733,71338,6,12582912,-65,0,0,0
20.436839656998927,1779567222.2769222,8733,71339,7,12582912,-68,0,0,0
20.48819933300001,1779567222.3282819,8734,71340,0,12582912,-71,0,0,0
20.48819933300001,1779567222.3282819,8734,71341,1,12582912,-73,0,0,0
20.48819933300001,1779567222.3282819,8734,71342,2,12582912,-74,0,0,0
20.48819933300001,1779567222.3282819,8734,71343,3,12582912,-72,0,0,0
20.48819933300001,1779567222.3282819,8734,71344,4,12582912,-70,0,0,0
20.48819933300001,1779567222.3282819,8734,71345,5,12582912,-69,0,0,0
20.48819933300001,1779567222.3282819,8734,71346,6,12582912,-68,0,0,0
20.48819933300001,1779567222.3282819,8734,71347,7,12582912,-66,0,0,0
20.509872874999928,1779567222.349955,8735,71348,0,12582912,-65,0,0,0
20.509872874999928,1779567222.349955,8735,71349,1,12582912,-62,0,0,0
20.509872874999928,1779567222.349955,8735,71350,2,12582912,-61,0,0,0
20.509872874999928,1779567222.349955,8735,71351,3,12582912,-60,0,0,0
20.509872874999928,1779567222.349955,8735,71352,4,12582912,-64,0,0,0
20.509872874999928,1779567222.349955,8735,71353,5,12582912,-71,0,0,0
20.509872874999928,1779567222.349955,8735,71354,6,12582912,-71,0,0,0
20.509872874999928,1779567222.349955,8735,71355,7,12582912,-65,0,0,0
20.531614540999726,1779567222.3716974,8736,71356,0,12582912,-60,0,0,0
20.531614540999726,1779567222.3716974,8736,71357,1,12582912,-55,0,0,0
20.531614540999726,1779567222.3716974,8736,71358,2,12582912,-51,0,0,0
20.531614540999726,1779567222.3716974,8736,71359,3,12582912,-52,0,0,0
20.531614540999726,1779567222.3716974,8736,71360,4,12582912,-57,0,0,0
20.531614540999726,1779567222.3716974,8736,71361,5,12582912,-61,0,0,0
20.531614540999726,1779567222.3716974,8736,71362,6,12582912,-62,0,0,0
20.531614540999726,1779567222.3716974,8736,71363,7,12582912,-63,0,0,0
20.612896390999595,1779567222.4529781,8737,71364,0,12582912,-64,0,0,0
20.612896390999595,1779567222.4529781,8737,71365,1,12582912,-66,0,0,0
20.612896390999595,1779567222.4529781,8737,71366,2,12582912,-68,0,0,0
20.612896390999595,1779567222.4529781,8737,71367,3,12582912,-67,0,0,0
20.612896390999595,1779567222.4529781,8737,71368,4,12582912,-64,0,0,0
20.612896390999595,1779567222.4529781,8737,71369,5,12582912,-64,0,0,0
20.612896390999595,1779567222.4529781,8737,71370,6,12582912,-68,0,0,0
20.612896390999595,1779567222.4529781,8737,71371,7,12582912,-72,0,0,0
20.613073210999573,1779567222.4531531,8738,71372,0,12582912,-73,0,0,0
20.613073210999573,1779567222.4531531,8738,71373,1,12582912,-73,0,0,0
20.613073210999573,1779567222.4531531,8738,71374,2,12582912,-73,0,0,0
20.613073210999573,1779567222.4531531,8738,71375,3,12582912,-77,0,0,0
20.613073210999573,1779567222.4531531,8738,71376,4,12582912,-78,0,0,0
20.613073210999573,1779567222.4531531,8738,71377,5,12582912,-78,0,0,0
20.613073210999573,1779567222.4531531,8738,71378,6,12582912,-77,0,0,0
20.613073210999573,1779567222.4531531,8738,71379,7,12582912,-77,0,0,0
20.63453691199902,1779567222.4746184,8739,71380,0,12582912,-79,0,0,0
20.63453691199902,1779567222.4746184,8739,71381,1,12582912,-80,0,0,0
20.63453691199902,1779567222.4746184,8739,71382,2,12582912,-80,0,0,0
20.63453691199902,1779567222.4746184,8739,71383,3,12582912,-81,0,0,0
20.63453691199902,1779567222.4746184,8739,71384,4,12582912,-83,0,0,0
20.63453691199902,1779567222.4746184,8739,71385,5,12582912,-87,0,0,0
20.63453691199902,1779567222.4746184,8739,71386,6,12582912,-89,0,0,0
20.63453691199902,1779567222.4746184,8739,71387,7,12582912,-87,0,0,0
20.656006602999696,1779567222.4960883,8740,71388,0,12582912,-84,0,0,0
20.656006602999696,1779567222.4960883,8740,71389,1,12582912,-86,0,0,0
20.656006602999696,1779567222.4960883,8740,71390,2,12582912,-88,0,0,0
20.656006602999696,1779567222.4960883,8740,71391,3,12582912,-86,0,0,0
20.656006602999696,1779567222.4960883,8740,71392,4,12582912,-80,0,0,0
20.656006602999696,1779567222.4960883,8740,71393,5,12582912,-75,0,0,0
20.656006602999696,1779567222.4960883,8740,71394,6,12582912,-73,0,0,0
20.656006602999696,1779567222.4960883,8740,71395,7,12582912,-76,0,0,0
20.70766523400016,1779567222.547747,8741,71396,0,12582912,-82,0,0,0
20.70766523400016,1779567222.547747,8741,71397,1,12582912,-85,0,0,0
20.70766523400016,1779567222.547747,8741,71398,2,12582912,-82,0,0,0
20.70766523400016,1779567222.547747,8741,71399,3,12582912,-77,0,0,0
20.70766523400016,1779567222.547747,8741,71400,4,12582912,-78,0,0,0
20.70766523400016,1779567222.547747,8741,71401,5,12582912,-79,0,0,0
20.70766523400016,1779567222.547747,8741,71402,6,12582912,-80,0,0,0
20.70766523400016,1779567222.547747,8741,71403,7,12582912,-81,0,0,0
20.73538165699938,1779567222.5754628,8742,71404,0,12582912,-81,0,0,0
20.73538165699938,1779567222.5754628,8742,71405,1,12582912,-80,0,0,0
20.73538165699938,1779567222.5754628,8742,71406,2,12582912,-78,0,0,0
20.73538165699938,1779567222.5754628,8742,71407,3,12582912,-74,0,0,0
20.73538165699938,1779567222.5754628,8742,71408,4,12582912,-70,0,0,0
20.73538165699938,1779567222.5754628,8742,71409,5,12582912,-66,0,0,0
20.73538165699938,1779567222.5754628,8742,71410,6,12582912,-66,0,0,0
20.73538165699938,1779567222.5754628,8742,71411,7,12582912,-71,0,0,0
20.756646923999142,1779567222.5967288,8743,71412,0,12582912,-75,0,0,0
20.756646923999142,1779567222.5967288,8743,71413,1,12582912,-74,0,0,0
20.756646923999142,1779567222.5967288,8743,71414,2,12582912,-70,0,0,0
20.756646923999142,1779567222.5967288,8743,71415,3,12582912,-69,0,0,0
20.756646923999142,1779567222.5967288,8743,71416,4,12582912,-69,0,0,0
20.756646923999142,1779567222.5967288,8743,71417,5,12582912,-70,0,0,0
20.756646923999142,1779567222.5967288,8743,71418,6,12582912,-71,0,0,0
20.756646923999142,1779567222.5967288,8743,71419,7,12582912,-73,0,0,0
20.799224331000005,1779567222.6393065,8744,71420,0,12582912,-71,0,0,0
20.799224331000005,1779567222.6393065,8744,71421,1,12582912,-69,0,0,0
20.799224331000005,1779567222.6393065,8744,71422,2,12582912,-67,0,0,0
20.799224331000005,1779567222.6393065,8744,71423,3,12582912,-64,0,0,0
20.799224331000005,1779567222.6393065,8744,71424,4,12582912,-59,0,0,0
20.799224331000005,1779567222.6393065,8744,71425,5,12582912,-56,0,0,0
20.799224331000005,1779567222.6393065,8744,71426,6,12582912,-57,0,0,0
20.799224331000005,1779567222.6393065,8744,71427,7,12582912,-58,0,0,0
20.820864591998543,1779567222.6609468,8745,71428,0,12582912,-58,0,0,0
20.820864591998543,1779567222.6609468,8745,71429,1,12582912,-59,0,0,0
20.820864591998543,1779567222.6609468,8745,71430,2,12582912,-62,0,0,0
20.820864591998543,1779567222.6609468,8745,71431,3,12582912,-64,0,0,0
20.820864591998543,1779567222.6609468,8745,71432,4,12582912,-65,0,0,0
20.820864591998543,1779567222.6609468,8745,71433,5,12582912,-65,0,0,0
20.820864591998543,1779567222.6609468,8745,71434,6,12582912,-64,0,0,0
20.820864591998543,1779567222.6609468,8745,71435,7,12582912,-63,0,0,0
20.870419815999412,1779567222.710502,8746,71436,0,12582912,-63,0,0,0
20.870419815999412,1779567222.710502,8746,71437,1,12582912,-59,0,0,0
20.870419815999412,1779567222.710502,8746,71438,2,12582912,-54,0,0,0
20.870419815999412,1779567222.710502,8746,71439,3,12582912,-54,0,0,0
20.870419815999412,1779567222.710502,8746,71440,4,12582912,-59,0,0,0
20.870419815999412,1779567222.710502,8746,71441,5,12582912,-62,0,0,0
20.870419815999412,1779567222.710502,8746,71442,6,12582912,-61,0,0,0
20.870419815999412,1779567222.710502,8746,71443,7,12582912,-60,0,0,0
20.90810463699927,1779567222.748187,8747,71444,0,12582912,-61,0,0,0
20.90810463699927,1779567222.748187,8747,71445,1,12582912,-64,0,0,0
20.90810463699927,1779567222.748187,8747,71446,2,12582912,-64,0,0,0
20.90810463699927,1779567222.748187,8747,71447,3,12582912,-60,0,0,0
20.90810463699927,1779567222.748187,8747,71448,4,12582912,-56,0,0,0
20.90810463699927,1779567222.748187,8747,71449,5,12582912,-55,0,0,0
20.90810463699927,1779567222.748187,8747,71450,6,12582912,-57,0,0,0
20.90810463699927,1779567222.748187,8747,71451,7,12582912,-57,0,0,0
20.929729168999984,1779567222.7698112,8748,71452,0,12582912,-56,0,0,0
20.929729168999984,1779567222.7698112,8748,71453,1,12582912,-53,0,0,0
20.929729168999984,1779567222.7698112,8748,71454,2,12582912,-50,0,0,0
20.929729168999984,1779567222.7698112,8748,71455,3,12582912,-48,0,0,0
20.929729168999984,1779567222.7698112,8748,71456,4,12582912,-49,0,0,0
20.929729168999984,1779567222.7698112,8748,71457,5,12582912,-54,0,0,0
20.929729168999984,1779567222.7698112,8748,71458,6,12582912,-59,0,0,0
20.929729168999984,1779567222.7698112,8748,71459,7,12582912,-60,0,0,0
20.951426981999248,1779567222.7915094,8749,71460,0,12582912,-58,0,0,0
20.951426981999248,1779567222.7915094,8749,71461,1,12582912,-57,0,0,0
20.951426981999248,1779567222.7915094,8749,71462,2,12582912,-56,0,0,0
20.951426981999248,1779567222.7915094,8749,71463,3,12582912,-54,0,0,0
20.951426981999248,1779567222.7915094,8749,71464,4,12582912,-52,0,0,0
20.951426981999248,1779567222.7915094,8749,71465,5,12582912,-50,0,0,0
20.951426981999248,1779567222.7915094,8749,71466,6,12582912,-50,0,0,0
20.951426981999248,1779567222.7915094,8749,71467,7,12582912,-52,0,0,0
21.087047995999455,1779567222.9271307,8750,71468,0,12582912,-54,0,0,0
21.087047995999455,1779567222.9271307,8750,71469,1,12582912,-57,0,0,0
21.087047995999455,1779567222.9271307,8750,71470,2,12582912,-60,0,0,0
21.087047995999455,1779567222.9271307,8750,71471,3,12582912,-63,0,0,0
21.087047995999455,1779567222.9271307,8750,71472,4,12582912,-62,0,0,0
21.087047995999455,1779567222.9271307,8750,71473,5,12582912,-58,0,0,0
21.087047995999455,1779567222.9271307,8750,71474,6,12582912,-53,0,0,0
21.087047995999455,1779567222.9271307,8750,71475,7,12582912,-51,0,0,0
21.08737731399924,1779567222.9274588,8751,71476,0,12582912,-53,0,0,0
21.08737731399924,1779567222.9274588,8751,71477,1,12582912,-56,0,0,0
21.08737731399924,1779567222.9274588,8751,71478,2,12582912,-59,0,0,0
21.08737731399924,1779567222.9274588,8751,71479,3,12582912,-59,0,0,0
21.08737731399924,1779567222.9274588,8751,71480,4,12582912,-59,0,0,0
21.08737731399924,1779567222.9274588,8751,71481,5,12582912,-60,0,0,0
21.08737731399924,1779567222.9274588,8751,71482,6,12582912,-61,0,0,0
21.08737731399924,1779567222.9274588,8751,71483,7,12582912,-60,0,0,0
21.087666580999212,1779567222.9277475,8752,71484,0,12582912,-56,0,0,0
21.087666580999212,1779567222.9277475,8752,71485,1,12582912,-54,0,0,0
21.087666580999212,1779567222.9277475,8752,71486,2,12582912,-55,0,0,0
21.087666580999212,1779567222.9277475,8752,71487,3,12582912,-58,0,0,0
21.087666580999212,1779567222.9277475,8752,71488,4,12582912,-58,0,0,0
21.087666580999212,1779567222.9277475,8752,71489,5,12582912,-57,0,0,0
21.087666580999212,1779567222.9277475,8752,71490,6,12582912,-60,0,0,0
21.087666580999212,1779567222.9277475,8752,71491,7,12582912,-65,0,0,0
21.12555327500013,1779567222.9656353,8753,71492,0,12582912,-68,0,0,0
21.12555327500013,1779567222.9656353,8753,71493,1,12582912,-66,0,0,0
21.12555327500013,1779567222.9656353,8753,71494,2,12582912,-63,0,0,0
21.12555327500013,1779567222.9656353,8753,71495,3,12582912,-61,0,0,0
21.12555327500013,1779567222.9656353,8753,71496,4,12582912,-60,0,0,0
21.12555327500013,1779567222.9656353,8753,71497,5,12582912,-57,0,0,0
21.12555327500013,1779567222.9656353,8753,71498,6,12582912,-53,0,0,0
21.12555327500013,1779567222.9656353,8753,71499,7,12582912,-50,0,0,0
21.125859832998685,1779567222.9659405,8754,71500,0,12582912,-50,0,0,0
21.125859832998685,1779567222.9659405,8754,71501,1,12582912,-64,0,0,0
21.125859832998685,1779567222.9659405,8754,71502,2,12582912,-101,0,0,0
21.125859832998685,1779567222.9659405,8754,71503,3,12582912,-118,0,0,0
21.125859832998685,1779567222.9659405,8754,71504,4,12582912,-70,0,0,0
21.125859832998685,1779567222.9659405,8754,71505,5,12582912,-2,0,0,0
21.125859832998685,1779567222.9659405,8754,71506,6,12582912,7,0,0,0
21.125859832998685,1779567222.9659405,8754,71507,7,12582912,-48,0,0,0
21.148234718999447,1779567222.9883173,8755,71508,0,12582912,-92,0,0,0
21.148234718999447,1779567222.9883173,8755,71509,1,12582912,-71,0,0,0
21.148234718999447,1779567222.9883173,8755,71510,2,12582912,-20,0,0,0
21.148234718999447,1779567222.9883173,8755,71511,3,12582912,-11,0,0,0
21.148234718999447,1779567222.9883173,8755,71512,4,12582912,-55,0,0,0
21.148234718999447,1779567222.9883173,8755,71513,5,12582912,-89,0,0,0
21.148234718999447,1779567222.9883173,8755,71514,6,12582912,-73,0,0,0
21.148234718999447,1779567222.9883173,8755,71515,7,12582912,-34,0,0,0
21.190950301999692,1779567223.0310314,8756,71516,0,12582912,-27,0,0,0
21.190950301999692,1779567223.0310314,8756,71517,1,12582912,-60,0,0,0
21.190950301999692,1779567223.0310314,8756,71518,2,12582912,-88,0,0,0
21.190950301999692,1779567223.0310314,8756,71519,3,12582912,-76,0,0,0
21.190950301999692,1779567223.0310314,8756,71520,4,12582912,-46,0,0,0
21.190950301999692,1779567223.0310314,8756,71521,5,12582912,-39,0,0,0
21.190950301999692,1779567223.0310314,8756,71522,6,12582912,-61,0,0,0
21.190950301999692,1779567223.0310314,8756,71523,7,12582912,-79,0,0,0
21.214417880999463,1779567223.0544996,8757,71524,0,12582912,-66,0,0,0
21.214417880999463,1779567223.0544996,8757,71525,1,12582912,-40,0,0,0
21.214417880999463,1779567223.0544996,8757,71526,2,12582912,-33,0,0,0
21.214417880999463,1779567223.0544996,8757,71527,3,12582912,-49,0,0,0
21.214417880999463,1779567223.0544996,8757,71528,4,12582912,-65,0,0,0
21.214417880999463,1779567223.0544996,8757,71529,5,12582912,-61,0,0,0
21.214417880999463,1779567223.0544996,8757,71530,6,12582912,-43,0,0,0
21.214417880999463,1779567223.0544996,8757,71531,7,12582912,-38,0,0,0
21.263617224998598,1779567223.103699,8758,71532,0,12582912,-53,0,0,0
21.263617224998598,1779567223.103699,8758,71533,1,12582912,-68,0,0,0
21.263617224998598,1779567223.103699,8758,71534,2,12582912,-64,0,0,0
21.263617224998598,1779567223.103699,8758,71535,3,12582912,-50,0,0,0
21.263617224998598,1779567223.103699,8758,71536,4,12582912,-44,0,0,0
21.263617224998598,1779567223.103699,8758,71537,5,12582912,-52,0,0,0
21.263617224998598,1779567223.103699,8758,71538,6,12582912,-60,0,0,0
21.263617224998598,1779567223.103699,8758,71539,7,12582912,-56,0,0,0
21.285589929999333,1779567223.1256711,8759,71540,0,12582912,-47,0,0,0
21.285589929999333,1779567223.1256711,8759,71541,1,12582912,-47,0,0,0
21.285589929999333,1779567223.1256711,8759,71542,2,12582912,-56,0,0,0
21.285589929999333,1779567223.1256711,8759,71543,3,12582912,-62,0,0,0
21.285589929999333,1779567223.1256711,8759,71544,4,12582912,-56,0,0,0
21.285589929999333,1779567223.1256711,8759,71545,5,12582912,-44,0,0,0
21.285589929999333,1779567223.1256711,8759,71546,6,12582912,-39,0,0,0
21.285589929999333,1779567223.1256711,8759,71547,7,12582912,-45,0,0,0
21.344953293999424,1779567223.1850352,8760,71548,0,12582912,-55,0,0,0
21.344953293999424,1779567223.1850352,8760,71549,1,12582912,-57,0,0,0
21.344953293999424,1779567223.1850352,8760,71550,2,12582912,-49,0,0,0
21.344953293999424,1779567223.1850352,8760,71551,3,12582912,-43,0,0,0
21.344953293999424,1779567223.1850352,8760,71552,4,12582912,-45,0,0,0
21.344953293999424,1779567223.1850352,8760,71553,5,12582912,-48,0,0,0
21.344953293999424,1779567223.1850352,8760,71554,6,12582912,-46,0,0,0
21.344953293999424,1779567223.1850352,8760,71555,7,12582912,-39,0,0,0
21.351409555998544,1779567223.1914928,8761,71556,0,12582912,-36,0,0,0
21.351409555998544,1779567223.1914928,8761,71557,1,12582912,-41,0,0,0
21.351409555998544,1779567223.1914928,8761,71558,2,12582912,-44,0,0,0
21.351409555998544,1779567223.1914928,8761,71559,3,12582912,-40,0,0,0
21.351409555998544,1779567223.1914928,8761,71560,4,12582912,-32,0,0,0
21.351409555998544,1779567223.1914928,8761,71561,5,12582912,-29,0,0,0
21.351409555998544,1779567223.1914928,8761,71562,6,12582912,-34,0,0,0
21.351409555998544,1779567223.1914928,8761,71563,7,12582912,-40,0,0,0
21.37292872499893,1779567223.2130105,8762,71564,0,12582912,-41,0,0,0
21.37292872499893,1779567223.2130105,8762,71565,1,12582912,-37,0,0,0
21.37292872499893,1779567223.2130105,8762,71566,2,12582912,-34,0,0,0
21.37292872499893,1779567223.2130105,8762,71567,3,12582912,-35,0,0,0
21.37292872499893,1779567223.2130105,8762,71568,4,12582912,-39,0,0,0
21.37292872499893,1779567223.2130105,8762,71569,5,12582912,-40,0,0,0
21.37292872499893,1779567223.2130105,8762,71570,6,12582912,-38,0,0,0
21.37292872499893,1779567223.2130105,8762,71571,7,12582912,-37,0,0,0
21.42122782200022,1779567223.2613099,8763,71572,0,12582912,-36,0,0,0
21.42122782200022,1779567223.2613099,8763,71573,1,12582912,-34,0,0,0
21.42122782200022,1779567223.2613099,8763,71574,2,12582912,-33,0,0,0
21.42122782200022,1779567223.2613099,8763,71575,3,12582912,-34,0,0,0
21.42122782200022,1779567223.2613099,8763,71576,4,12582912,-35,0,0,0
21.42122782200022,1779567223.2613099,8763,71577,5,12582912,-34,0,0,0
21.42122782200022,1779567223.2613099,8763,71578,6,12582912,-35,0,0,0
21.42122782200022,1779567223.2613099,8763,71579,7,12582912,-37,0,0,0
21.44298131100004,1779567223.2830637,8764,71580,0,12582912,-37,0,0,0
21.44298131100004,1779567223.2830637,8764,71581,1,12582912,-36,0,0,0
21.44298131100004,1779567223.2830637,8764,71582,2,12582912,-36,0,0,0
21.44298131100004,1779567223.2830637,8764,71583,3,12582912,-37,0,0,0
21.44298131100004,1779567223.2830637,8764,71584,4,12582912,-36,0,0,0
21.44298131100004,1779567223.2830637,8764,71585,5,12582912,-30,0,0,0
21.44298131100004,1779567223.2830637,8764,71586,6,12582912,-23,0,0,0
21.44298131100004,1779567223.2830637,8764,71587,7,12582912,-20,0,0,0
21.48573121699883,1779567223.3258135,8765,71588,0,12582912,-23,0,0,0
21.48573121699883,1779567223.3258135,8765,71589,1,12582912,-24,0,0,0
21.48573121699883,1779567223.3258135,8765,71590,2,12582912,-22,0,0,0
21.48573121699883,1779567223.3258135,8765,71591,3,12582912,-21,0,0,0
21.48573121699883,1779567223.3258135,8765,71592,4,12582912,-26,0,0,0
21.48573121699883,1779567223.3258135,8765,71593,5,12582912,-32,0,0,0
21.48573121699883,1779567223.3258135,8765,71594,6,12582912,-31,0,0,0
21.48573121699883,1779567223.3258135,8765,71595,7,12582912,-26,0,0,0
21.521902987999056,1779567223.3619852,8766,71596,0,12582912,-24,0,0,0
21.521902987999056,1779567223.3619852,8766,71597,1,12582912,-26,0,0,0
21.521902987999056,1779567223.3619852,8766,71598,2,12582912,-29,0,0,0
21.521902987999056,1779567223.3619852,8766,71599,3,12582912,-30,0,0,0
21.521902987999056,1779567223.3619852,8766,71600,4,12582912,-27,0,0,0
21.521902987999056,1779567223.3619852,8766,71601,5,12582912,-24,0,0,0
21.521902987999056,1779567223.3619852,8766,71602,6,12582912,-23,0,0,0
21.521902987999056,1779567223.3619852,8766,71603,7,12582912,-24,0,0,0
21.559930149000138,1779567223.4000123,8767,71604,0,12582912,-25,0,0,0
21.559930149000138,1779567223.4000123,8767,71605,1,12582912,-23,0,0,0
21.559930149000138,1779567223.4000123,8767,71606,2,12582912,-21,0,0,0
21.559930149000138,1779567223.4000123,8767,71607,3,12582912,-21,0,0,0
21.559930149000138,1779567223.4000123,8767,71608,4,12582912,-26,0,0,0
21.559930149000138,1779567223.4000123,8767,71609,5,12582912,-29,0,0,0
21.559930149000138,1779567223.4000123,8767,71610,6,12582912,-27,0,0,0
21.559930149000138,1779567223.4000123,8767,71611,7,12582912,-25,0,0,0
21.581556608998653,1779567223.4216409,8768,71612,0,12582912,-26,0,0,0
21.581556608998653,1779567223.4216409,8768,71613,1,12582912,-27,0,0,0
21.581556608998653,1779567223.4216409,8768,71614,2,12582912,-24,0,0,0
21.581556608998653,1779567223.4216409,8768,71615,3,12582912,-20,0,0,0
21.581556608998653,1779567223.4216409,8768,71616,4,12582912,-16,0,0,0
21.581556608998653,1779567223.4216409,8768,71617,5,12582912,-16,0,0,0
21.581556608998653,1779567223.4216409,8768,71618,6,12582912,-18,0,0,0
21.581556608998653,1779567223.4216409,8768,71619,7,12582912,-19,0,0,0
21.603285097999105,1779567223.4433672,8769,71620,0,12582912,-17,0,0,0
21.603285097999105,1779567223.4433672,8769,71621,1,12582912,-15,0,0,0
21.603285097999105,1779567223.4433672,8769,71622,2,12582912,-17,0,0,0
21.603285097999105,1779567223.4433672,8769,71623,3,12582912,-23,0,0,0
21.603285097999105,1779567223.4433672,8769,71624,4,12582912,-28,0,0,0
21.603285097999105,1779567223.4433672,8769,71625,5,12582912,-26,0,0,0
21.603285097999105,1779567223.4433672,8769,71626,6,12582912,-21,0,0,0
21.603285097999105,1779567223.4433672,8769,71627,7,12582912,-17,0,0,0
21.646083648998683,1779567223.4861658,8770,71628,0,12582912,-16,0,0,0
21.646083648998683,1779567223.4861658,8770,71629,1,12582912,-18,0,0,0
21.646083648998683,1779567223.4861658,8770,71630,2,12582912,-20,0,0,0
21.646083648998683,1779567223.4861658,8770,71631,3,12582912,-22,0,0,0
21.646083648998683,1779567223.4861658,8770,71632,4,12582912,-25,0,0,0
21.646083648998683,1779567223.4861658,8770,71633,5,12582912,-26,0,0,0
21.646083648998683,1779567223.4861658,8770,71634,6,12582912,-24,0,0,0
21.646083648998683,1779567223.4861658,8770,71635,7,12582912,-22,0,0,0
21.667893699999695,1779567223.5079763,8771,71636,0,12582912,-20,0,0,0
21.667893699999695,1779567223.5079763,8771,71637,1,12582912,-20,0,0,0
21.667893699999695,1779567223.5079763,8771,71638,2,12582912,-24,0,0,0
21.667893699999695,1779567223.5079763,8771,71639,3,12582912,-26,0,0,0
21.667893699999695,1779567223.5079763,8771,71640,4,12582912,-25,0,0,0
21.667893699999695,1779567223.5079763,8771,71641,5,12582912,-20,0,0,0
21.667893699999695,1779567223.5079763,8771,71642,6,12582912,-16,0,0,0
21.667893699999695,1779567223.5079763,8771,71643,7,12582912,-16,0,0,0
21.71076323899979,1779567223.5508456,8772,71644,0,12582912,-18,0,0,0
21.71076323899979,1779567223.5508456,8772,71645,1,12582912,-21,0,0,0
21.71076323899979,1779567223.5508456,8772,71646,2,12582912,-21,0,0,0
21.71076323899979,1779567223.5508456,8772,71647,3,12582912,-18,0,0,0
21.71076323899979,1779567223.5508456,8772,71648,4,12582912,-17,0,0,0
21.71076323899979,1779567223.5508456,8772,71649,5,12582912,-17,0,0,0
21.71076323899979,1779567223.5508456,8772,71650,6,12582912,-16,0,0,0
21.71076323899979,1779567223.5508456,8772,71651,7,12582912,-16,0,0,0
21.732386521998706,1779567223.572469,8773,71652,0,12582912,-17,0,0,0
21.732386521998706,1779567223.572469,8773,71653,1,12582912,-19,0,0,0
21.732386521998706,1779567223.572469,8773,71654,2,12582912,-20,0,0,0
21.732386521998706,1779567223.572469,8773,71655,3,12582912,-20,0,0,0
21.732386521998706,1779567223.572469,8773,71656,4,12582912,-18,0,0,0
21.732386521998706,1779567223.572469,8773,71657,5,12582912,-17,0,0,0
21.732386521998706,1779567223.572469,8773,71658,6,12582912,-17,0,0,0
21.732386521998706,1779567223.572469,8773,71659,7,12582912,-19,0,0,0
21.809989155999574,1779567223.6500714,8774,71660,0,12582912,-21,0,0,0
21.809989155999574,1779567223.6500714,8774,71661,1,12582912,-20,0,0,0
21.809989155999574,1779567223.6500714,8774,71662,2,12582912,-18,0,0,0
21.809989155999574,1779567223.6500714,8774,71663,3,12582912,-18,0,0,0
21.809989155999574,1779567223.6500714,8774,71664,4,12582912,-19,0,0,0
21.809989155999574,1779567223.6500714,8774,71665,5,12582912,-18,0,0,0
21.809989155999574,1779567223.6500714,8774,71666,6,12582912,-19,0,0,0
21.809989155999574,1779567223.6500714,8774,71667,7,12582912,-20,0,0,0
21.81036336899888,1779567223.6504445,8775,71668,0,12582912,-22,0,0,0
21.81036336899888,1779567223.6504445,8775,71669,1,12582912,-24,0,0,0
21.81036336899888,1779567223.6504445,8775,71670,2,12582912,-25,0,0,0
21.81036336899888,1779567223.6504445,8775,71671,3,12582912,-23,0,0,0
21.81036336899888,1779567223.6504445,8775,71672,4,12582912,-20,0,0,0
21.81036336899888,1779567223.6504445,8775,71673,5,12582912,-19,0,0,0
21.81036336899888,1779567223.6504445,8775,71674,6,12582912,-21,0,0,0
21.81036336899888,1779567223.6504445,8775,71675,7,12582912,-22,0,0,0
21.832043681999494,1779567223.6721256,8776,71676,0,12582912,-18,0,0,0
21.832043681999494,1779567223.6721256,8776,71677,1,12582912,-12,0,0,0
21.832043681999494,1779567223.6721256,8776,71678,2,12582912,-11,0,0,0
21.832043681999494,1779567223.6721256,8776,71679,3,12582912,-13,0,0,0
21.832043681999494,1779567223.6721256,8776,71680,4,12582912,-13,0,0,0
21.832043681999494,1779567223.6721256,8776,71681,5,12582912,-10,0,0,0
21.832043681999494,1779567223.6721256,8776,71682,6,12582912,-8,0,0,0
21.832043681999494,1779567223.6721256,8776,71683,7,12582912,-8,0,0,0
21.85370415199941,1779567223.6937864,8777,71684,0,12582912,-9,0,0,0
21.85370415199941,1779567223.6937864,8777,71685,1,12582912,-10,0,0,0
21.85370415199941,1779567223.6937864,8777,71686,2,12582912,-10,0,0,0
21.85370415199941,1779567223.6937864,8777,71687,3,12582912,-11,0,0,0
21.85370415199941,1779567223.6937864,8777,71688,4,12582912,-13,0,0,0
21.85370415199941,1779567223.6937864,8777,71689,5,12582912,-15,0,0,0
21.85370415199941,1779567223.6937864,8777,71690,6,12582912,-14,0,0,0
21.85370415199941,1779567223.6937864,8777,71691,7,12582912,-11,0,0,0
21.882825503000277,1779567223.722908,8778,71692,0,12582912,-10,0,0,0
21.882825503000277,1779567223.722908,8778,71693,1,12582912,-12,0,0,0
21.882825503000277,1779567223.722908,8778,71694,2,12582912,-11,0,0,0
21.882825503000277,1779567223.722908,8778,71695,3,12582912,-8,0,0,0
21.882825503000277,1779567223.722908,8778,71696,4,12582912,-6,0,0,0
21.882825503000277,1779567223.722908,8778,71697,5,12582912,-8,0,0,0
21.882825503000277,1779567223.722908,8778,71698,6,12582912,-13,0,0,0
21.882825503000277,1779567223.722908,8778,71699,7,12582912,-16,0,0,0
21.925513378999312,1779567223.7655957,8779,71700,0,12582912,-18,0,0,0
21.925513378999312,1779567223.7655957,8779,71701,1,12582912,-16,0,0,0
21.925513378999312,1779567223.7655957,8779,71702,2,12582912,-13,0,0,0
21.925513378999312,1779567223.7655957,8779,71703,3,12582912,-12,0,0,0
21.925513378999312,1779567223.7655957,8779,71704,4,12582912,-13,0,0,0
21.925513378999312,1779567223.7655957,8779,71705,5,12582912,-15,0,0,0
21.925513378999312,1779567223.7655957,8779,71706,6,12582912,-17,0,0,0
21.925513378999312,1779567223.7655957,8779,71707,7,12582912,-19,0,0,0
21.947217597999042,1779567223.7872999,8780,71708,0,12582912,-21,0,0,0
21.947217597999042,1779567223.7872999,8780,71709,1,12582912,-20,0,0,0
21.947217597999042,1779567223.7872999,8780,71710,2,12582912,-18,0,0,0
21.947217597999042,1779567223.7872999,8780,71711,3,12582912,-15,0,0,0
21.947217597999042,1779567223.7872999,8780,71712,4,12582912,-13,0,0,0
21.947217597999042,1779567223.7872999,8780,71713,5,12582912,-13,0,0,0
21.947217597999042,1779567223.7872999,8780,71714,6,12582912,-16,0,0,0
21.947217597999042,1779567223.7872999,8780,71715,7,12582912,-16,0,0,0
21.983729936999225,1779567223.8238122,8781,71716,0,12582912,-14,0,0,0
21.983729936999225,1779567223.8238122,8781,71717,1,12582912,-14,0,0,0
21.983729936999225,1779567223.8238122,8781,71718,2,12582912,-14,0,0,0
21.983729936999225,1779567223.8238122,8781,71719,3,12582912,-13,0,0,0
21.983729936999225,1779567223.8238122,8781,71720,4,12582912,-11,0,0,0
21.983729936999225,1779567223.8238122,8781,71721,5,12582912,-8,0,0,0
21.983729936999225,1779567223.8238122,8781,71722,6,12582912,-7,0,0,0
21.983729936999225,1779567223.8238122,8781,71723,7,12582912,-7,0,0,0
22.072738812999887,1779567223.9128213,8782,71724,0,12582912,-8,0,0,0
22.072738812999887,1779567223.9128213,8782,71725,1,12582912,-11,0,0,0
22.072738812999887,1779567223.9128213,8782,71726,2,12582912,-9,0,0,0
22.072738812999887,1779567223.9128213,8782,71727,3,12582912,-5,0,0,0
22.072738812999887,1779567223.9128213,8782,71728,4,12582912,-5,0,0,0
22.072738812999887,1779567223.9128213,8782,71729,5,12582912,-8,0,0,0
22.072738812999887,1779567223.9128213,8782,71730,6,12582912,-8,0,0,0
22.072738812999887,1779567223.9128213,8782,71731,7,12582912,-10,0,0,0
22.07306844300001,1779567223.9131498,8783,71732,0,12582912,-14,0,0,0
22.07306844300001,1779567223.9131498,8783,71733,1,12582912,-16,0,0,0
22.07306844300001,1779567223.9131498,8783,71734,2,12582912,-11,0,0,0
22.07306844300001,1779567223.9131498,8783,71735,3,12582912,-5,0,0,0
22.07306844300001,1779567223.9131498,8783,71736,4,12582912,-3,0,0,0
22.07306844300001,1779567223.9131498,8783,71737,5,12582912,-6,0,0,0
22.07306844300001,1779567223.9131498,8783,71738,6,12582912,-9,0,0,0
22.07306844300001,1779567223.9131498,8783,71739,7,12582912,-12,0,0,0
22.094741203998638,1779567223.9348235,8784,71740,0,12582912,-15,0,0,0
22.094741203998638,1779567223.9348235,8784,71741,1,12582912,-16,0,0,0
22.094741203998638,1779567223.9348235,8784,71742,2,12582912,-16,0,0,0
22.094741203998638,1779567223.9348235,8784,71743,3,12582912,-13,0,0,0
22.094741203998638,1779567223.9348235,8784,71744,4,12582912,-10,0,0,0
22.094741203998638,1779567223.9348235,8784,71745,5,12582912,-5,0,0,0
22.094741203998638,1779567223.9348235,8784,71746,6,12582912,1,0,0,0
22.094741203998638,1779567223.9348235,8784,71747,7,12582912,2,0,0,0
22.116383288999714,1779567223.9564657,8785,71748,0,12582912,-3,0,0,0
22.116383288999714,1779567223.9564657,8785,71749,1,12582912,-10,0,0,0
22.116383288999714,1779567223.9564657,8785,71750,2,12582912,-14,0,0,0
22.116383288999714,1779567223.9564657,8785,71751,3,12582912,-12,0,0,0
22.116383288999714,1779567223.9564657,8785,71752,4,12582912,-4,0,0,0
22.116383288999714,1779567223.9564657,8785,71753,5,12582912,1,0,0,0
22.116383288999714,1779567223.9564657,8785,71754,6,12582912,-1,0,0,0
22.116383288999714,1779567223.9564657,8785,71755,7,12582912,-7,0,0,0
22.13867619699886,1779567223.9787583,8786,71756,0,12582912,-9,0,0,0
22.13867619699886,1779567223.9787583,8786,71757,1,12582912,-8,0,0,0
22.13867619699886,1779567223.9787583,8786,71758,2,12582912,-7,0,0,0
22.13867619699886,1779567223.9787583,8786,71759,3,12582912,-8,0,0,0
22.13867619699886,1779567223.9787583,8786,71760,4,12582912,-10,0,0,0
22.13867619699886,1779567223.9787583,8786,71761,5,12582912,-12,0,0,0
22.13867619699886,1779567223.9787583,8786,71762,6,12582912,-13,0,0,0
22.13867619699886,1779567223.9787583,8786,71763,7,12582912,-15,0,0,0
22.233756288998848,1779567224.0738392,8787,71764,0,12582912,-19,0,0,0
22.233756288998848,1779567224.0738392,8787,71765,1,12582912,-17,0,0,0
22.233756288998848,1779567224.0738392,8787,71766,2,12582912,-11,0,0,0
22.233756288998848,1779567224.0738392,8787,71767,3,12582912,-10,0,0,0
22.233756288998848,1779567224.0738392,8787,71768,4,12582912,-14,0,0,0
22.233756288998848,1779567224.0738392,8787,71769,5,12582912,-16,0,0,0
22.233756288998848,1779567224.0738392,8787,71770,6,12582912,-16,0,0,0
22.233756288998848,1779567224.0738392,8787,71771,7,12582912,-17,0,0,0
22.233902381000007,1779567224.0739822,8788,71772,0,12582912,-17,0,0,0
22.233902381000007,1779567224.0739822,8788,71773,1,12582912,-17,0,0,0
22.233902381000007,1779567224.0739822,8788,71774,2,12582912,-16,0,0,0
22.233902381000007,1779567224.0739822,8788,71775,3,12582912,-15,0,0,0
22.233902381000007,1779567224.0739822,8788,71776,4,12582912,-15,0,0,0
22.233902381000007,1779567224.0739822,8788,71777,5,12582912,-16,0,0,0
22.233902381000007,1779567224.0739822,8788,71778,6,12582912,-19,0,0,0
22.233902381000007,1779567224.0739822,8788,71779,7,12582912,-22,0,0,0
22.255529673999263,1779567224.095612,8789,71780,0,12582912,-22,0,0,0
22.255529673999263,1779567224.095612,8789,71781,1,12582912,-17,0,0,0
22.255529673999263,1779567224.095612,8789,71782,2,12582912,-12,0,0,0
22.255529673999263,1779567224.095612,8789,71783,3,12582912,-10,0,0,0
22.255529673999263,1779567224.095612,8789,71784,4,12582912,-8,0,0,0
22.255529673999263,1779567224.095612,8789,71785,5,12582912,-8,0,0,0
22.255529673999263,1779567224.095612,8789,71786,6,12582912,-8,0,0,0
22.255529673999263,1779567224.095612,8789,71787,7,12582912,-7,0,0,0
22.291810871998678,1779567224.1318932,8790,71788,0,12582912,-8,0,0,0
22.291810871998678,1779567224.1318932,8790,71789,1,12582912,-13,0,0,0
22.291810871998678,1779567224.1318932,8790,71790,2,12582912,-12,0,0,0
22.291810871998678,1779567224.1318932,8790,71791,3,12582912,-6,0,0,0
22.291810871998678,1779567224.1318932,8790,71792,4,12582912,-4,0,0,0
22.291810871998678,1779567224.1318932,8790,71793,5,12582912,-9,0,0,0
22.291810871998678,1779567224.1318932,8790,71794,6,12582912,-14,0,0,0
22.291810871998678,1779567224.1318932,8790,71795,7,12582912,-14,0,0,0
22.31342988399956,1779567224.1535122,8791,71796,0,12582912,-12,0,0,0
22.31342988399956,1779567224.1535122,8791,71797,1,12582912,-13,0,0,0
22.31342988399956,1779567224.1535122,8791,71798,2,12582912,-15,0,0,0
22.31342988399956,1779567224.1535122,8791,71799,3,12582912,-19,0,0,0
22.31342988399956,1779567224.1535122,8791,71800,4,12582912,-23,0,0,0
22.31342988399956,1779567224.1535122,8791,71801,5,12582912,-23,0,0,0
22.31342988399956,1779567224.1535122,8791,71802,6,12582912,-20,0,0,0
22.31342988399956,1779567224.1535122,8791,71803,7,12582912,-17,0,0,0
22.335209258999384,1779567224.1752913,8792,71804,0,12582912,-15,0,0,0
22.335209258999384,1779567224.1752913,8792,71805,1,12582912,-13,0,0,0
22.335209258999384,1779567224.1752913,8792,71806,2,12582912,-14,0,0,0
22.335209258999384,1779567224.1752913,8792,71807,3,12582912,-15,0,0,0
22.335209258999384,1779567224.1752913,8792,71808,4,12582912,-14,0,0,0
22.335209258999384,1779567224.1752913,8792,71809,5,12582912,-14,0,0,0
22.335209258999384,1779567224.1752913,8792,71810,6,12582912,-15,0,0,0
22.335209258999384,1779567224.1752913,8792,71811,7,12582912,-15,0,0,0
22.400016296000103,1779567224.2400985,8793,71812,0,12582912,-16,0,0,0
22.400016296000103,1779567224.2400985,8793,71813,1,12582912,-18,0,0,0
22.400016296000103,1779567224.2400985,8793,71814,2,12582912,-19,0,0,0
22.400016296000103,1779567224.2400985,8793,71815,3,12582912,-18,0,0,0
22.400016296000103,1779567224.2400985,8793,71816,4,12582912,-13,0,0,0
22.400016296000103,1779567224.2400985,8793,71817,5,12582912,-10,0,0,0
22.400016296000103,1779567224.2400985,8793,71818,6,12582912,-9,0,0,0
22.400016296000103,1779567224.2400985,8793,71819,7,12582912,-8,0,0,0
22.40033405199938,1779567224.2404146,8794,71820,0,12582912,-10,0,0,0
22.40033405199938,1779567224.2404146,8794,71821,1,12582912,-15,0,0,0
22.40033405199938,1779567224.2404146,8794,71822,2,12582912,-19,0,0,0
22.40033405199938,1779567224.2404146,8794,71823,3,12582912,-18,0,0,0
22.40033405199938,1779567224.2404146,8794,71824,4,12582912,-15,0,0,0
22.40033405199938,1779567224.2404146,8794,71825,5,12582912,-13,0,0,0
22.40033405199938,1779567224.2404146,8794,71826,6,12582912,-15,0,0,0
22.40033405199938,1779567224.2404146,8794,71827,7,12582912,-16,0,0,0
22.443148905998896,1779567224.2832313,8795,71828,0,12582912,-15,0,0,0
22.443148905998896,1779567224.2832313,8795,71829,1,12582912,-13,0,0,0
22.443148905998896,1779567224.2832313,8795,71830,2,12582912,-10,0,0,0
22.443148905998896,1779567224.2832313,8795,71831,3,12582912,-5,0,0,0
22.443148905998896,1779567224.2832313,8795,71832,4,12582912,-5,0,0,0
22.443148905998896,1779567224.2832313,8795,71833,5,12582912,-11,0,0,0
22.443148905998896,1779567224.2832313,8795,71834,6,12582912,-16,0,0,0
22.443148905998896,1779567224.2832313,8795,71835,7,12582912,-14,0,0,0
22.464787865999824,1779567224.3048701,8796,71836,0,12582912,-9,0,0,0
22.464787865999824,1779567224.3048701,8796,71837,1,12582912,-4,0,0,0
22.464787865999824,1779567224.3048701,8796,71838,2,12582912,-6,0,0,0
22.464787865999824,1779567224.3048701,8796,71839,3,12582912,-16,0,0,0
22.464787865999824,1779567224.3048701,8796,71840,4,12582912,-24,0,0,0
22.464787865999824,1779567224.3048701,8796,71841,5,12582912,-24,0,0,0
22.464787865999824,1779567224.3048701,8796,71842,6,12582912,-21,0,0,0
22.464787865999824,1779567224.3048701,8796,71843,7,12582912,-18,0,0,0
22.507612614999744,1779567224.3476949,8797,71844,0,12582912,-16,0,0,0
22.507612614999744,1779567224.3476949,8797,71845,1,12582912,-16,0,0,0
22.507612614999744,1779567224.3476949,8797,71846,2,12582912,-17,0,0,0
22.507612614999744,1779567224.3476949,8797,71847,3,12582912,-20,0,0,0
22.507612614999744,1779567224.3476949,8797,71848,4,12582912,-26,0,0,0
22.507612614999744,1779567224.3476949,8797,71849,5,12582912,-31,0,0,0
22.507612614999744,1779567224.3476949,8797,71850,6,12582912,-26,0,0,0
22.507612614999744,1779567224.3476949,8797,71851,7,12582912,-12,0,0,0
22.54356116099916,1779567224.3836434,8798,71852,0,12582912,-9,0,0,0
22.54356116099916,1779567224.3836434,8798,71853,1,12582912,-16,0,0,0
22.54356116099916,1779567224.3836434,8798,71854,2,12582912,-18,0,0,0
22.54356116099916,1779567224.3836434,8798,71855,3,12582912,-13,0,0,0
22.54356116099916,1779567224.3836434,8798,71856,4,12582912,-8,0,0,0
22.54356116099916,1779567224.3836434,8798,71857,5,12582912,-7,0,0,0
22.54356116099916,1779567224.3836434,8798,71858,6,12582912,-7,0,0,0
22.54356116099916,1779567224.3836434,8798,71859,7,12582912,-7,0,0,0
22.565187985999728,1779567224.4052706,8799,71860,0,12582912,-10,0,0,0
22.565187985999728,1779567224.4052706,8799,71861,1,12582912,-15,0,0,0
22.565187985999728,1779567224.4052706,8799,71862,2,12582912,-15,0,0,0
22.565187985999728,1779567224.4052706,8799,71863,3,12582912,-10,0,0,0
22.565187985999728,1779567224.4052706,8799,71864,4,12582912,-11,0,0,0
22.565187985999728,1779567224.4052706,8799,71865,5,12582912,-15,0,0,0
22.565187985999728,1779567224.4052706,8799,71866,6,12582912,-17,0,0,0
22.565187985999728,1779567224.4052706,8799,71867,7,12582912,-21,0,0,0
22.659570587999042,1779567224.4996526,8800,71868,0,12582912,-25,0,0,0
22.659570587999042,1779567224.4996526,8800,71869,1,12582912,-24,0,0,0
22.659570587999042,1779567224.4996526,8800,71870,2,12582912,-20,0,0,0
22.659570587999042,1779567224.4996526,8800,71871,3,12582912,-19,0,0,0
22.659570587999042,1779567224.4996526,8800,71872,4,12582912,-25,0,0,0
22.659570587999042,1779567224.4996526,8800,71873,5,12582912,-32,0,0,0
22.659570587999042,1779567224.4996526,8800,71874,6,12582912,-25,0,0,0
22.659570587999042,1779567224.4996526,8800,71875,7,12582912,-9,0,0,0
22.659887458999947,1779567224.4999683,8801,71876,0,12582912,-6,0,0,0
22.659887458999947,1779567224.4999683,8801,71877,1,12582912,-15,0,0,0
22.659887458999947,1779567224.4999683,8801,71878,2,12582912,-23,0,0,0
22.659887458999947,1779567224.4999683,8801,71879,3,12582912,-28,0,0,0
22.659887458999947,1779567224.4999683,8801,71880,4,12582912,-24,0,0,0
22.659887458999947,1779567224.4999683,8801,71881,5,12582912,-3,0,0,0
22.659887458999947,1779567224.4999683,8801,71882,6,12582912,12,0,0,0
22.659887458999947,1779567224.4999683,8801,71883,7,12582912,12,0,0,0
22.660175944000002,1779567224.5002565,8802,71884,0,12582912,10,0,0,0
22.660175944000002,1779567224.5002565,8802,71885,1,12582912,3,0,0,0
22.660175944000002,1779567224.5002565,8802,71886,2,12582912,-5,0,0,0
22.660175944000002,1779567224.5002565,8802,71887,3,12582912,-6,0,0,0
22.660175944000002,1779567224.5002565,8802,71888,4,12582912,0,0,0,0
22.660175944000002,1779567224.5002565,8802,71889,5,12582912,12,0,0,0
22.660175944000002,1779567224.5002565,8802,71890,6,12582912,20,0,0,0
22.660175944000002,1779567224.5002565,8802,71891,7,12582912,20,0,0,0
22.681868132998716,1779567224.5219505,8803,71892,0,12582912,19,0,0,0
22.681868132998716,1779567224.5219505,8803,71893,1,12582912,17,0,0,0
22.681868132998716,1779567224.5219505,8803,71894,2,12582912,13,0,0,0
22.681868132998716,1779567224.5219505,8803,71895,3,12582912,14,0,0,0
22.681868132998716,1779567224.5219505,8803,71896,4,12582912,25,0,0,0
22.681868132998716,1779567224.5219505,8803,71897,5,12582912,37,0,0,0
22.681868132998716,1779567224.5219505,8803,71898,6,12582912,39,0,0,0
22.681868132998716,1779567224.5219505,8803,71899,7,12582912,27,0,0,0
22.724656372000027,1779567224.5647385,8804,71900,0,12582912,11,0,0,0
22.724656372000027,1779567224.5647385,8804,71901,1,12582912,14,0,0,0
22.724656372000027,1779567224.5647385,8804,71902,2,12582912,37,0,0,0
22.724656372000027,1779567224.5647385,8804,71903,3,12582912,52,0,0,0
22.724656372000027,1779567224.5647385,8804,71904,4,12582912,44,0,0,0
22.724656372000027,1779567224.5647385,8804,71905,5,12582912,33,0,0,0
22.724656372000027,1779567224.5647385,8804,71906,6,12582912,39,0,0,0
22.724656372000027,1779567224.5647385,8804,71907,7,12582912,52,0,0,0
22.746377569999822,1779567224.5864604,8805,71908,0,12582912,55,0,0,0
22.746377569999822,1779567224.5864604,8805,71909,1,12582912,48,0,0,0
22.746377569999822,1779567224.5864604,8805,71910,2,12582912,39,0,0,0
22.746377569999822,1779567224.5864604,8805,71911,3,12582912,34,0,0,0
22.746377569999822,1779567224.5864604,8805,71912,4,12582912,37,0,0,0
22.746377569999822,1779567224.5864604,8805,71913,5,12582912,48,0,0,0
22.746377569999822,1779567224.5864604,8805,71914,6,12582912,59,0,0,0
22.746377569999822,1779567224.5864604,8805,71915,7,12582912,66,0,0,0
22.78144170199994,1779567224.6215246,8806,71916,0,12582912,69,0,0,0
22.78144170199994,1779567224.6215246,8806,71917,1,12582912,63,0,0,0
22.78144170199994,1779567224.6215246,8806,71918,2,12582912,50,0,0,0
22.78144170199994,1779567224.6215246,8806,71919,3,12582912,38,0,0,0
22.78144170199994,1779567224.6215246,8806,71920,4,12582912,36,0,0,0
22.78144170199994,1779567224.6215246,8806,71921,5,12582912,46,0,0,0
22.78144170199994,1779567224.6215246,8806,71922,6,12582912,54,0,0,0
22.78144170199994,1779567224.6215246,8806,71923,7,12582912,49,0,0,0
22.81777795099879,1779567224.6578603,8807,71924,0,12582912,43,0,0,0
22.81777795099879,1779567224.6578603,8807,71925,1,12582912,43,0,0,0
22.81777795099879,1779567224.6578603,8807,71926,2,12582912,45,0,0,0
22.81777795099879,1779567224.6578603,8807,71927,3,12582912,48,0,0,0
22.81777795099879,1779567224.6578603,8807,71928,4,12582912,54,0,0,0
22.81777795099879,1779567224.6578603,8807,71929,5,12582912,54,0,0,0
22.81777795099879,1779567224.6578603,8807,71930,6,12582912,45,0,0,0
22.81777795099879,1779567224.6578603,8807,71931,7,12582912,35,0,0,0
22.860560877999887,1779567224.7006428,8808,71932,0,12582912,30,0,0,0
22.860560877999887,1779567224.7006428,8808,71933,1,12582912,37,0,0,0
22.860560877999887,1779567224.7006428,8808,71934,2,12582912,50,0,0,0
22.860560877999887,1779567224.7006428,8808,71935,3,12582912,55,0,0,0
22.860560877999887,1779567224.7006428,8808,71936,4,12582912,52,0,0,0
22.860560877999887,1779567224.7006428,8808,71937,5,12582912,52,0,0,0
22.860560877999887,1779567224.7006428,8808,71938,6,12582912,53,0,0,0
22.860560877999887,1779567224.7006428,8808,71939,7,12582912,47,0,0,0
22.888205688999733,1779567224.7282882,8809,71940,0,12582912,40,0,0,0
22.888205688999733,1779567224.7282882,8809,71941,1,12582912,37,0,0,0
22.888205688999733,1779567224.7282882,8809,71942,2,12582912,41,0,0,0
22.888205688999733,1779567224.7282882,8809,71943,3,12582912,53,0,0,0
22.888205688999733,1779567224.7282882,8809,71944,4,12582912,61,0,0,0
22.888205688999733,1779567224.7282882,8809,71945,5,12582912,55,0,0,0
22.888205688999733,1779567224.7282882,8809,71946,6,12582912,44,0,0,0
22.888205688999733,1779567224.7282882,8809,71947,7,12582912,39,0,0,0
22.909835847000068,1779567224.749918,8810,71948,0,12582912,36,0,0,0
22.909835847000068,1779567224.749918,8810,71949,1,12582912,36,0,0,0
22.909835847000068,1779567224.749918,8810,71950,2,12582912,40,0,0,0
22.909835847000068,1779567224.749918,8810,71951,3,12582912,44,0,0,0
22.909835847000068,1779567224.749918,8810,71952,4,12582912,41,0,0,0
22.909835847000068,1779567224.749918,8810,71953,5,12582912,37,0,0,0
22.909835847000068,1779567224.749918,8810,71954,6,12582912,39,0,0,0
22.909835847000068,1779567224.749918,8810,71955,7,12582912,41,0,0,0
22.952667522999036,1779567224.7927496,8811,71956,0,12582912,38,0,0,0
22.952667522999036,1779567224.7927496,8811,71957,1,12582912,35,0,0,0
22.952667522999036,1779567224.7927496,8811,71958,2,12582912,38,0,0,0
22.952667522999036,1779567224.7927496,8811,71959,3,12582912,35,0,0,0
22.952667522999036,1779567224.7927496,8811,71960,4,12582912,27,0,0,0
22.952667522999036,1779567224.7927496,8811,71961,5,12582912,29,0,0,0
22.952667522999036,1779567224.7927496,8811,71962,6,12582912,35,0,0,0
22.952667522999036,1779567224.7927496,8811,71963,7,12582912,32,0,0,0
22.97435971199957,1779567224.8144417,8812,71964,0,12582912,28,0,0,0
22.97435971199957,1779567224.8144417,8812,71965,1,12582912,29,0,0,0
22.97435971199957,1779567224.8144417,8812,71966,2,12582912,24,0,0,0
22.97435971199957,1779567224.8144417,8812,71967,3,12582912,18,0,0,0
22.97435971199957,1779567224.8144417,8812,71968,4,12582912,19,0,0,0
22.97435971199957,1779567224.8144417,8812,71969,5,12582912,19,0,0,0
22.97435971199957,1779567224.8144417,8812,71970,6,12582912,17,0,0,0
22.97435971199957,1779567224.8144417,8812,71971,7,12582912,20,0,0,0
23.022713443999237,1779567224.862796,8813,71972,0,12582912,21,0,0,0
23.022713443999237,1779567224.862796,8813,71973,1,12582912,23,0,0,0
23.022713443999237,1779567224.862796,8813,71974,2,12582912,24,0,0,0
23.022713443999237,1779567224.862796,8813,71975,3,12582912,21,0,0,0
23.022713443999237,1779567224.862796,8813,71976,4,12582912,20,0,0,0
23.022713443999237,1779567224.862796,8813,71977,5,12582912,19,0,0,0
23.022713443999237,1779567224.862796,8813,71978,6,12582912,11,0,0,0
23.022713443999237,1779567224.862796,8813,71979,7,12582912,5,0,0,0
23.137845487999584,1779567224.9779277,8814,71980,0,12582912,9,0,0,0
23.137845487999584,1779567224.9779277,8814,71981,1,12582912,20,0,0,0
23.137845487999584,1779567224.9779277,8814,71982,2,12582912,26,0,0,0
23.137845487999584,1779567224.9779277,8814,71983,3,12582912,19,0,0,0
23.137845487999584,1779567224.9779277,8814,71984,4,12582912,10,0,0,0
23.137845487999584,1779567224.9779277,8814,71985,5,12582912,9,0,0,0
23.137845487999584,1779567224.9779277,8814,71986,6,12582912,16,0,0,0
23.137845487999584,1779567224.9779277,8814,71987,7,12582912,21,0,0,0
23.138150900000255,1779567224.9782317,8815,71988,0,12582912,15,0,0,0
23.138150900000255,1779567224.9782317,8815,71989,1,12582912,7,0,0,0
23.138150900000255,1779567224.9782317,8815,71990,2,12582912,8,0,0,0
23.138150900000255,1779567224.9782317,8815,71991,3,12582912,15,0,0,0
23.138150900000255,1779567224.9782317,8815,71992,4,12582912,17,0,0,0
23.138150900000255,1779567224.9782317,8815,71993,5,12582912,13,0,0,0
23.138150900000255,1779567224.9782317,8815,71994,6,12582912,8,0,0,0
23.138150900000255,1779567224.9782317,8815,71995,7,12582912,4,0,0,0
23.13853985300011,1779567224.9786212,8816,71996,0,12582912,4,0,0,0
23.13853985300011,1779567224.9786212,8816,71997,1,12582912,9,0,0,0
23.13853985300011,1779567224.9786212,8816,71998,2,12582912,11,0,0,0
23.13853985300011,1779567224.9786212,8816,71999,3,12582912,2,0,0,0
23.13853985300011,1779567224.9786212,8816,72000,4,12582912,-5,0,0,0
23.13853985300011,1779567224.9786212,8816,72001,5,12582912,-9,0,0,0
23.13853985300011,1779567224.9786212,8816,72002,6,12582912,3,0,0,0
23.13853985300011,1779567224.9786212,8816,72003,7,12582912,44,0,0,0
23.138827296999807,1779567224.9789078,8817,72004,0,12582912,62,0,0,0
23.138827296999807,1779567224.9789078,8817,72005,1,12582912,13,0,0,0
23.138827296999807,1779567224.9789078,8817,72006,2,12582912,-49,0,0,0
23.138827296999807,1779567224.9789078,8817,72007,3,12582912,-50,0,0,0
23.138827296999807,1779567224.9789078,8817,72008,4,12582912,1,0,0,0
23.138827296999807,1779567224.9789078,8817,72009,5,12582912,36,0,0,0
23.138827296999807,1779567224.9789078,8817,72010,6,12582912,13,0,0,0
23.138827296999807,1779567224.9789078,8817,72011,7,12582912,-31,0,0,0
23.18157819299995,1779567225.0216603,8818,72012,0,12582912,-31,0,0,0
23.18157819299995,1779567225.0216603,8818,72013,1,12582912,11,0,0,0
23.18157819299995,1779567225.0216603,8818,72014,2,12582912,33,0,0,0
23.18157819299995,1779567225.0216603,8818,72015,3,12582912,4,0,0,0
23.18157819299995,1779567225.0216603,8818,72016,4,12582912,-36,0,0,0
23.18157819299995,1779567225.0216603,8818,72017,5,12582912,-39,0,0,0
23.18157819299995,1779567225.0216603,8818,72018,6,12582912,-5,0,0,0
23.18157819299995,1779567225.0216603,8818,72019,7,12582912,17,0,0,0
23.20327184099915,1779567225.0433543,8819,72020,0,12582912,-1,0,0,0
23.20327184099915,1779567225.0433543,8819,72021,1,12582912,-30,0,0,0
23.20327184099915,1779567225.0433543,8819,72022,2,12582912,-35,0,0,0
23.20327184099915,1779567225.0433543,8819,72023,3,12582912,-12,0,0,0
23.20327184099915,1779567225.0433543,8819,72024,4,12582912,2,0,0,0
23.20327184099915,1779567225.0433543,8819,72025,5,12582912,-14,0,0,0
23.20327184099915,1779567225.0433543,8819,72026,6,12582912,-42,0,0,0
23.20327184099915,1779567225.0433543,8819,72027,7,12582912,-49,0,0,0
23.24965883099867,1779567225.089741,8820,72028,0,12582912,-32,0,0,0
23.24965883099867,1779567225.089741,8820,72029,1,12582912,-18,0,0,0
23.24965883099867,1779567225.089741,8820,72030,2,12582912,-24,0,0,0
23.24965883099867,1779567225.089741,8820,72031,3,12582912,-38,0,0,0
23.24965883099867,1779567225.089741,8820,72032,4,12582912,-38,0,0,0
23.24965883099867,1779567225.089741,8820,72033,5,12582912,-23,0,0,0
23.24965883099867,1779567225.089741,8820,72034,6,12582912,-13,0,0,0
23.24965883099867,1779567225.089741,8820,72035,7,12582912,-22,0,0,0
23.271338467999158,1779567225.1114206,8821,72036,0,12582912,-37,0,0,0
23.271338467999158,1779567225.1114206,8821,72037,1,12582912,-39,0,0,0
23.271338467999158,1779567225.1114206,8821,72038,2,12582912,-28,0,0,0
23.271338467999158,1779567225.1114206,8821,72039,3,12582912,-21,0,0,0
23.271338467999158,1779567225.1114206,8821,72040,4,12582912,-31,0,0,0
23.271338467999158,1779567225.1114206,8821,72041,5,12582912,-44,0,0,0
23.271338467999158,1779567225.1114206,8821,72042,6,12582912,-41,0,0,0
23.271338467999158,1779567225.1114206,8821,72043,7,12582912,-24,0,0,0
23.321878471999298,1779567225.1619606,8822,72044,0,12582912,-15,0,0,0
23.321878471999298,1779567225.1619606,8822,72045,1,12582912,-20,0,0,0
23.321878471999298,1779567225.1619606,8822,72046,2,12582912,-27,0,0,0
23.321878471999298,1779567225.1619606,8822,72047,3,12582912,-23,0,0,0
23.321878471999298,1779567225.1619606,8822,72048,4,12582912,-15,0,0,0
23.321878471999298,1779567225.1619606,8822,72049,5,12582912,-13,0,0,0
23.321878471999298,1779567225.1619606,8822,72050,6,12582912,-19,0,0,0
23.321878471999298,1779567225.1619606,8822,72051,7,12582912,-28,0,0,0
23.343600764999792,1779567225.183683,8823,72052,0,12582912,-35,0,0,0
23.343600764999792,1779567225.183683,8823,72053,1,12582912,-34,0,0,0
23.343600764999792,1779567225.183683,8823,72054,2,12582912,-27,0,0,0
23.343600764999792,1779567225.183683,8823,72055,3,12582912,-23,0,0,0
23.343600764999792,1779567225.183683,8823,72056,4,12582912,-27,0,0,0
23.343600764999792,1779567225.183683,8823,72057,5,12582912,-35,0,0,0
23.343600764999792,1779567225.183683,8823,72058,6,12582912,-39,0,0,0
23.343600764999792,1779567225.183683,8823,72059,7,12582912,-36,0,0,0
23.365233163000084,1779567225.2053154,8824,72060,0,12582912,-31,0,0,0
23.365233163000084,1779567225.2053154,8824,72061,1,12582912,-30,0,0,0
23.365233163000084,1779567225.2053154,8824,72062,2,12582912,-32,0,0,0
23.365233163000084,1779567225.2053154,8824,72063,3,12582912,-32,0,0,0
23.365233163000084,1779567225.2053154,8824,72064,4,12582912,-32,0,0,0
23.365233163000084,1779567225.2053154,8824,72065,5,12582912,-34,0,0,0
23.365233163000084,1779567225.2053154,8824,72066,6,12582912,-38,0,0,0
23.365233163000084,1779567225.2053154,8824,72067,7,12582912,-37,0,0,0
23.433854834998783,1779567225.273936,8825,72068,0,12582912,-33,0,0,0
23.433854834998783,1779567225.273936,8825,72069,1,12582912,-34,0,0,0
23.433854834998783,1779567225.273936,8825,72070,2,12582912,-37,0,0,0
23.433854834998783,1779567225.273936,8825,72071,3,12582912,-40,0,0,0
23.433854834998783,1779567225.273936,8825,72072,4,12582912,-42,0,0,0
23.433854834998783,1779567225.273936,8825,72073,5,12582912,-43,0,0,0
23.433854834998783,1779567225.273936,8825,72074,6,12582912,-44,0,0,0
23.433854834998783,1779567225.273936,8825,72075,7,12582912,-45,0,0,0
23.433968583000024,1779567225.2740483,8826,72076,0,12582912,-43,0,0,0
23.433968583000024,1779567225.2740483,8826,72077,1,12582912,-43,0,0,0
23.433968583000024,1779567225.2740483,8826,72078,2,12582912,-44,0,0,0
23.433968583000024,1779567225.2740483,8826,72079,3,12582912,-41,0,0,0
23.433968583000024,1779567225.2740483,8826,72080,4,12582912,-39,0,0,0
23.433968583000024,1779567225.2740483,8826,72081,5,12582912,-42,0,0,0
23.433968583000024,1779567225.2740483,8826,72082,6,12582912,-41,0,0,0
23.433968583000024,1779567225.2740483,8826,72083,7,12582912,-38,0,0,0
23.476844998998786,1779567225.3169272,8827,72084,0,12582912,-38,0,0,0
23.476844998998786,1779567225.3169272,8827,72085,1,12582912,-42,0,0,0
23.476844998998786,1779567225.3169272,8827,72086,2,12582912,-45,0,0,0
23.476844998998786,1779567225.3169272,8827,72087,3,12582912,-47,0,0,0
23.476844998998786,1779567225.3169272,8827,72088,4,12582912,-46,0,0,0
23.476844998998786,1779567225.3169272,8827,72089,5,12582912,-40,0,0,0
23.476844998998786,1779567225.3169272,8827,72090,6,12582912,-36,0,0,0
23.476844998998786,1779567225.3169272,8827,72091,7,12582912,-37,0,0,0
23.498536563000016,1779567225.3386185,8828,72092,0,12582912,-40,0,0,0
23.498536563000016,1779567225.3386185,8828,72093,1,12582912,-38,0,0,0
23.498536563000016,1779567225.3386185,8828,72094,2,12582912,-32,0,0,0
23.498536563000016,1779567225.3386185,8828,72095,3,12582912,-27,0,0,0
23.498536563000016,1779567225.3386185,8828,72096,4,12582912,-28,0,0,0
23.498536563000016,1779567225.3386185,8828,72097,5,12582912,-31,0,0,0
23.498536563000016,1779567225.3386185,8828,72098,6,12582912,-31,0,0,0
23.498536563000016,1779567225.3386185,8828,72099,7,12582912,-31,0,0,0
23.532958152998617,1779567225.3730404,8829,72100,0,12582912,-35,0,0,0
23.532958152998617,1779567225.3730404,8829,72101,1,12582912,-41,0,0,0
23.532958152998617,1779567225.3730404,8829,72102,2,12582912,-39,0,0,0
23.532958152998617,1779567225.3730404,8829,72103,3,12582912,-31,0,0,0
23.532958152998617,1779567225.3730404,8829,72104,4,12582912,-25,0,0,0
23.532958152998617,1779567225.3730404,8829,72105,5,12582912,-22,0,0,0
23.532958152998617,1779567225.3730404,8829,72106,6,12582912,-21,0,0,0
23.532958152998617,1779567225.3730404,8829,72107,7,12582912,-23,0,0,0
23.568422696000198,1779567225.4085047,8830,72108,0,12582912,-27,0,0,0
23.568422696000198,1779567225.4085047,8830,72109,1,12582912,-25,0,0,0
23.568422696000198,1779567225.4085047,8830,72110,2,12582912,-17,0,0,0
23.568422696000198,1779567225.4085047,8830,72111,3,12582912,-16,0,0,0
23.568422696000198,1779567225.4085047,8830,72112,4,12582912,-25,0,0,0
23.568422696000198,1779567225.4085047,8830,72113,5,12582912,-32,0,0,0
23.568422696000198,1779567225.4085047,8830,72114,6,12582912,-31,0,0,0
23.568422696000198,1779567225.4085047,8830,72115,7,12582912,-28,0,0,0
23.590075666999837,1779567225.430158,8831,72116,0,12582912,-27,0,0,0
23.590075666999837,1779567225.430158,8831,72117,1,12582912,-26,0,0,0
23.590075666999837,1779567225.430158,8831,72118,2,12582912,-23,0,0,0
23.590075666999837,1779567225.430158,8831,72119,3,12582912,-23,0,0,0
23.590075666999837,1779567225.430158,8831,72120,4,12582912,-27,0,0,0
23.590075666999837,1779567225.430158,8831,72121,5,12582912,-29,0,0,0
23.590075666999837,1779567225.430158,8831,72122,6,12582912,-28,0,0,0
23.590075666999837,1779567225.430158,8831,72123,7,12582912,-31,0,0,0
23.63292614599959,1779567225.4730084,8832,72124,0,12582912,-32,0,0,0
23.63292614599959,1779567225.4730084,8832,72125,1,12582912,-28,0,0,0
23.63292614599959,1779567225.4730084,8832,72126,2,12582912,-24,0,0,0
23.63292614599959,1779567225.4730084,8832,72127,3,12582912,-20,0,0,0
23.63292614599959,1779567225.4730084,8832,72128,4,12582912,-15,0,0,0
23.63292614599959,1779567225.4730084,8832,72129,5,12582912,-14,0,0,0
23.63292614599959,1779567225.4730084,8832,72130,6,12582912,-21,0,0,0
23.63292614599959,1779567225.4730084,8832,72131,7,12582912,-32,0,0,0
23.654646199000126,1779567225.4947288,8833,72132,0,12582912,-39,0,0,0
23.654646199000126,1779567225.4947288,8833,72133,1,12582912,-41,0,0,0
23.654646199000126,1779567225.4947288,8833,72134,2,12582912,-40,0,0,0
23.654646199000126,1779567225.4947288,8833,72135,3,12582912,-34,0,0,0
23.654646199000126,1779567225.4947288,8833,72136,4,12582912,-29,0,0,0
23.654646199000126,1779567225.4947288,8833,72137,5,12582912,-27,0,0,0
23.654646199000126,1779567225.4947288,8833,72138,6,12582912,-25,0,0,0
23.654646199000126,1779567225.4947288,8833,72139,7,12582912,-21,0,0,0
23.697419230999003,1779567225.5375013,8834,72140,0,12582912,-17,0,0,0
23.697419230999003,1779567225.5375013,8834,72141,1,12582912,-15,0,0,0
23.697419230999003,1779567225.5375013,8834,72142,2,12582912,-18,0,0,0
23.697419230999003,1779567225.5375013,8834,72143,3,12582912,-21,0,0,0
23.697419230999003,1779567225.5375013,8834,72144,4,12582912,-20,0,0,0
23.697419230999003,1779567225.5375013,8834,72145,5,12582912,-15,0,0,0
23.697419230999003,1779567225.5375013,8834,72146,6,12582912,-12,0,0,0
23.697419230999003,1779567225.5375013,8834,72147,7,12582912,-12,0,0,0
23.719211678999272,1779567225.559294,8835,72148,0,12582912,-12,0,0,0
23.719211678999272,1779567225.559294,8835,72149,1,12582912,-10,0,0,0
23.719211678999272,1779567225.559294,8835,72150,2,12582912,-10,0,0,0
23.719211678999272,1779567225.559294,8835,72151,3,12582912,-12,0,0,0
23.719211678999272,1779567225.559294,8835,72152,4,12582912,-12,0,0,0
23.719211678999272,1779567225.559294,8835,72153,5,12582912,-10,0,0,0
23.719211678999272,1779567225.559294,8835,72154,6,12582912,-7,0,0,0
23.719211678999272,1779567225.559294,8835,72155,7,12582912,-7,0,0,0
23.755725581999286,1779567225.595808,8836,72156,0,12582912,-12,0,0,0
23.755725581999286,1779567225.595808,8836,72157,1,12582912,-17,0,0,0
23.755725581999286,1779567225.595808,8836,72158,2,12582912,-20,0,0,0
23.755725581999286,1779567225.595808,8836,72159,3,12582912,-19,0,0,0
23.755725581999286,1779567225.595808,8836,72160,4,12582912,-17,0,0,0
23.755725581999286,1779567225.595808,8836,72161,5,12582912,-19,0,0,0
23.755725581999286,1779567225.595808,8836,72162,6,12582912,-21,0,0,0
23.755725581999286,1779567225.595808,8836,72163,7,12582912,-17,0,0,0
23.79420950900021,1779567225.634291,8837,72164,0,12582912,-11,0,0,0
23.79420950900021,1779567225.634291,8837,72165,1,12582912,-8,0,0,0
23.79420950900021,1779567225.634291,8837,72166,2,12582912,-12,0,0,0
23.79420950900021,1779567225.634291,8837,72167,3,12582912,-19,0,0,0
23.79420950900021,1779567225.634291,8837,72168,4,12582912,-23,0,0,0
23.79420950900021,1779567225.634291,8837,72169,5,12582912,-27,0,0,0
23.79420950900021,1779567225.634291,8837,72170,6,12582912,-33,0,0,0
23.79420950900021,1779567225.634291,8837,72171,7,12582912,-35,0,0,0
23.825978480999765,1779567225.66606,8838,72172,0,12582912,-32,0,0,0
23.825978480999765,1779567225.66606,8838,72173,1,12582912,-30,0,0,0
23.825978480999765,1779567225.66606,8838,72174,2,12582912,-29,0,0,0
23.825978480999765,1779567225.66606,8838,72175,3,12582912,-28,0,0,0
23.825978480999765,1779567225.66606,8838,72176,4,12582912,-29,0,0,0
23.825978480999765,1779567225.66606,8838,72177,5,12582912,-33,0,0,0
23.825978480999765,1779567225.66606,8838,72178,6,12582912,-34,0,0,0
23.825978480999765,1779567225.66606,8838,72179,7,12582912,-30,0,0,0
23.84725942499972,1779567225.6873407,8839,72180,0,12582912,-27,0,0,0
23.84725942499972,1779567225.6873407,8839,72181,1,12582912,-30,0,0,0
23.84725942499972,1779567225.6873407,8839,72182,2,12582912,-31,0,0,0
23.84725942499972,1779567225.6873407,8839,72183,3,12582912,-27,0,0,0
23.84725942499972,1779567225.6873407,8839,72184,4,12582912,-21,0,0,0
23.84725942499972,1779567225.6873407,8839,72185,5,12582912,-15,0,0,0
23.84725942499972,1779567225.6873407,8839,72186,6,12582912,-11,0,0,0
23.84725942499972,1779567225.6873407,8839,72187,7,12582912,-12,0,0,0
23.897214802000235,1779567225.7372963,8840,72188,0,12582912,-12,0,0,0
23.897214802000235,1779567225.7372963,8840,72189,1,12582912,-9,0,0,0
23.897214802000235,1779567225.7372963,8840,72190,2,12582912,-9,0,0,0
23.897214802000235,1779567225.7372963,8840,72191,3,12582912,-12,0,0,0
23.897214802000235,1779567225.7372963,8840,72192,4,12582912,-17,0,0,0
23.897214802000235,1779567225.7372963,8840,72193,5,12582912,-21,0,0,0
23.897214802000235,1779567225.7372963,8840,72194,6,12582912,-23,0,0,0
23.897214802000235,1779567225.7372963,8840,72195,7,12582912,-20,0,0,0
24.12535361299888,1779567225.965436,8841,72196,0,12582912,-15,0,0,0
24.12535361299888,1779567225.965436,8841,72197,1,12582912,-10,0,0,0
24.12535361299888,1779567225.965436,8841,72198,2,12582912,-8,0,0,0
24.12535361299888,1779567225.965436,8841,72199,3,12582912,-10,0,0,0
24.12535361299888,1779567225.965436,8841,72200,4,12582912,-11,0,0,0
24.12535361299888,1779567225.965436,8841,72201,5,12582912,-13,0,0,0
24.12535361299888,1779567225.965436,8841,72202,6,12582912,-18,0,0,0
24.12535361299888,1779567225.965436,8841,72203,7,12582912,-46,0,0,0
24.125663556998916,1779567225.9657445,8842,72204,0,12582912,-73,0,0,0
24.125663556998916,1779567225.9657445,8842,72205,1,12582912,-42,0,0,0
24.125663556998916,1779567225.9657445,8842,72206,2,12582912,7,0,0,0
24.125663556998916,1779567225.9657445,8842,72207,3,12582912,0,0,0,0
24.125663556998916,1779567225.9657445,8842,72208,4,12582912,-43,0,0,0
24.125663556998916,1779567225.9657445,8842,72209,5,12582912,-55,0,0,0
24.125663556998916,1779567225.9657445,8842,72210,6,12582912,-16,0,0,0
24.125663556998916,1779567225.9657445,8842,72211,7,12582912,19,0,0,0
24.147594908999963,1779567225.9876769,8843,72212,0,12582912,1,0,0,0
24.147594908999963,1779567225.9876769,8843,72213,1,12582912,-44,0,0,0
24.147594908999963,1779567225.9876769,8843,72214,2,12582912,-58,0,0,0
24.147594908999963,1779567225.9876769,8843,72215,3,12582912,-28,0,0,0
24.147594908999963,1779567225.9876769,8843,72216,4,12582912,0,0,0,0
24.147594908999963,1779567225.9876769,8843,72217,5,12582912,-6,0,0,0
24.147594908999963,1779567225.9876769,8843,72218,6,12582912,-29,0,0,0
24.147594908999963,1779567225.9876769,8843,72219,7,12582912,-34,0,0,0
24.205294550998588,1779567226.045377,8844,72220,0,12582912,-14,0,0,0
24.205294550998588,1779567226.045377,8844,72221,1,12582912,4,0,0,0
24.205294550998588,1779567226.045377,8844,72222,2,12582912,-5,0,0,0
24.205294550998588,1779567226.045377,8844,72223,3,12582912,-31,0,0,0
24.205294550998588,1779567226.045377,8844,72224,4,12582912,-42,0,0,0
24.205294550998588,1779567226.045377,8844,72225,5,12582912,-26,0,0,0
24.205294550998588,1779567226.045377,8844,72226,6,12582912,-9,0,0,0
24.205294550998588,1779567226.045377,8844,72227,7,12582912,-13,0,0,0
24.237815177999437,1779567226.0778973,8845,72228,0,12582912,-28,0,0,0
24.237815177999437,1779567226.0778973,8845,72229,1,12582912,-31,0,0,0
24.237815177999437,1779567226.0778973,8845,72230,2,12582912,-17,0,0,0
24.237815177999437,1779567226.0778973,8845,72231,3,12582912,-2,0,0,0
24.237815177999437,1779567226.0778973,8845,72232,4,12582912,-3,0,0,0
24.237815177999437,1779567226.0778973,8845,72233,5,12582912,-18,0,0,0
24.237815177999437,1779567226.0778973,8845,72234,6,12582912,-25,0,0,0
24.237815177999437,1779567226.0778973,8845,72235,7,12582912,-14,0,0,0
24.273828047998904,1779567226.1139104,8846,72236,0,12582912,0,0,0,0
24.273828047998904,1779567226.1139104,8846,72237,1,12582912,-4,0,0,0
24.273828047998904,1779567226.1139104,8846,72238,2,12582912,-23,0,0,0
24.273828047998904,1779567226.1139104,8846,72239,3,12582912,-31,0,0,0
24.273828047998904,1779567226.1139104,8846,72240,4,12582912,-15,0,0,0
24.273828047998904,1779567226.1139104,8846,72241,5,12582912,3,0,0,0
24.273828047998904,1779567226.1139104,8846,72242,6,12582912,6,0,0,0
24.273828047998904,1779567226.1139104,8846,72243,7,12582912,-5,0,0,0
24.274133876999258,1779567226.1142151,8847,72244,0,12582912,-15,0,0,0
24.274133876999258,1779567226.1142151,8847,72245,1,12582912,-14,0,0,0
24.274133876999258,1779567226.1142151,8847,72246,2,12582912,-7,0,0,0
24.274133876999258,1779567226.1142151,8847,72247,3,12582912,-3,0,0,0
24.274133876999258,1779567226.1142151,8847,72248,4,12582912,-7,0,0,0
24.274133876999258,1779567226.1142151,8847,72249,5,12582912,-10,0,0,0
24.274133876999258,1779567226.1142151,8847,72250,6,12582912,-9,0,0,0
24.274133876999258,1779567226.1142151,8847,72251,7,12582912,-4,0,0,0
24.31697420099954,1779567226.1570566,8848,72252,0,12582912,-1,0,0,0
24.31697420099954,1779567226.1570566,8848,72253,1,12582912,-4,0,0,0
24.31697420099954,1779567226.1570566,8848,72254,2,12582912,-10,0,0,0
24.31697420099954,1779567226.1570566,8848,72255,3,12582912,-15,0,0,0
24.31697420099954,1779567226.1570566,8848,72256,4,12582912,-16,0,0,0
24.31697420099954,1779567226.1570566,8848,72257,5,12582912,-14,0,0,0
24.31697420099954,1779567226.1570566,8848,72258,6,12582912,-12,0,0,0
24.31697420099954,1779567226.1570566,8848,72259,7,12582912,-12,0,0,0
24.338708628998575,1779567226.1787915,8849,72260,0,12582912,-14,0,0,0
24.338708628998575,1779567226.1787915,8849,72261,1,12582912,-12,0,0,0
24.338708628998575,1779567226.1787915,8849,72262,2,12582912,-8,0,0,0
24.338708628998575,1779567226.1787915,8849,72263,3,12582912,-7,0,0,0
24.338708628998575,1779567226.1787915,8849,72264,4,12582912,-5,0,0,0
24.338708628998575,1779567226.1787915,8849,72265,5,12582912,0,0,0,0
24.338708628998575,1779567226.1787915,8849,72266,6,12582912,5,0,0,0
24.338708628998575,1779567226.1787915,8849,72267,7,12582912,1,0,0,0
24.390443409,1779567226.2305253,8850,72268,0,12582912,-8,0,0,0
24.390443409,1779567226.2305253,8850,72269,1,12582912,-9,0,0,0
24.390443409,1779567226.2305253,8850,72270,2,12582912,-5,0,0,0
24.390443409,1779567226.2305253,8850,72271,3,12582912,-6,0,0,0
24.390443409,1779567226.2305253,8850,72272,4,12582912,-13,0,0,0
24.390443409,1779567226.2305253,8850,72273,5,12582912,-19,0,0,0
24.390443409,1779567226.2305253,8850,72274,6,12582912,-18,0,0,0
24.390443409,1779567226.2305253,8850,72275,7,12582912,-9,0,0,0
24.416611575999923,1779567226.2566934,8851,72276,0,12582912,-3,0,0,0
24.416611575999923,1779567226.2566934,8851,72277,1,12582912,-4,0,0,0
24.416611575999923,1779567226.2566934,8851,72278,2,12582912,-8,0,0,0
24.416611575999923,1779567226.2566934,8851,72279,3,12582912,-9,0,0,0
24.416611575999923,1779567226.2566934,8851,72280,4,12582912,-5,0,0,0
24.416611575999923,1779567226.2566934,8851,72281,5,12582912,2,0,0,0
24.416611575999923,1779567226.2566934,8851,72282,6,12582912,3,0,0,0
24.416611575999923,1779567226.2566934,8851,72283,7,12582912,-5,0,0,0
24.438018716999068,1779567226.2781022,8852,72284,0,12582912,-12,0,0,0
24.438018716999068,1779567226.2781022,8852,72285,1,12582912,-12,0,0,0
24.438018716999068,1779567226.2781022,8852,72286,2,12582912,-8,0,0,0
24.438018716999068,1779567226.2781022,8852,72287,3,12582912,-9,0,0,0
24.438018716999068,1779567226.2781022,8852,72288,4,12582912,-10,0,0,0
24.438018716999068,1779567226.2781022,8852,72289,5,12582912,-6,0,0,0
24.438018716999068,1779567226.2781022,8852,72290,6,12582912,0,0,0,0
24.438018716999068,1779567226.2781022,8852,72291,7,12582912,2,0,0,0
24.480764666999676,1779567226.3208466,8853,72292,0,12582912,3,0,0,0
24.480764666999676,1779567226.3208466,8853,72293,1,12582912,2,0,0,0
24.480764666999676,1779567226.3208466,8853,72294,2,12582912,-1,0,0,0
24.480764666999676,1779567226.3208466,8853,72295,3,12582912,-5,0,0,0
24.480764666999676,1779567226.3208466,8853,72296,4,12582912,-7,0,0,0
24.480764666999676,1779567226.3208466,8853,72297,5,12582912,-9,0,0,0
24.480764666999676,1779567226.3208466,8853,72298,6,12582912,-10,0,0,0
24.480764666999676,1779567226.3208466,8853,72299,7,12582912,-9,0,0,0
24.511719901000106,1779567226.351802,8854,72300,0,12582912,-6,0,0,0
24.511719901000106,1779567226.351802,8854,72301,1,12582912,-6,0,0,0
24.511719901000106,1779567226.351802,8854,72302,2,12582912,-11,0,0,0
24.511719901000106,1779567226.351802,8854,72303,3,12582912,-16,0,0,0
24.511719901000106,1779567226.351802,8854,72304,4,12582912,-18,0,0,0
24.511719901000106,1779567226.351802,8854,72305,5,12582912,-18,0,0,0
24.511719901000106,1779567226.351802,8854,72306,6,12582912,-16,0,0,0
24.511719901000106,1779567226.351802,8854,72307,7,12582912,-11,0,0,0
24.533354174000124,1779567226.3734365,8855,72308,0,12582912,-7,0,0,0
24.533354174000124,1779567226.3734365,8855,72309,1,12582912,-7,0,0,0
24.533354174000124,1779567226.3734365,8855,72310,2,12582912,-7,0,0,0
24.533354174000124,1779567226.3734365,8855,72311,3,12582912,-5,0,0,0
24.533354174000124,1779567226.3734365,8855,72312,4,12582912,-3,0,0,0
24.533354174000124,1779567226.3734365,8855,72313,5,12582912,-2,0,0,0
24.533354174000124,1779567226.3734365,8855,72314,6,12582912,-6,0,0,0
24.533354174000124,1779567226.3734365,8855,72315,7,12582912,-12,0,0,0
24.576192205999178,1779567226.416274,8856,72316,0,12582912,-15,0,0,0
24.576192205999178,1779567226.416274,8856,72317,1,12582912,-14,0,0,0
24.576192205999178,1779567226.416274,8856,72318,2,12582912,-10,0,0,0
24.576192205999178,1779567226.416274,8856,72319,3,12582912,-5,0,0,0
24.576192205999178,1779567226.416274,8856,72320,4,12582912,-2,0,0,0
24.576192205999178,1779567226.416274,8856,72321,5,12582912,-2,0,0,0
24.576192205999178,1779567226.416274,8856,72322,6,12582912,-2,0,0,0
24.576192205999178,1779567226.416274,8856,72323,7,12582912,-7,0,0,0
24.669188269999722,1779567226.5092704,8857,72324,0,12582912,-12,0,0,0
24.669188269999722,1779567226.5092704,8857,72325,1,12582912,-13,0,0,0
24.669188269999722,1779567226.5092704,8857,72326,2,12582912,-9,0,0,0
24.669188269999722,1779567226.5092704,8857,72327,3,12582912,-5,0,0,0
24.669188269999722,1779567226.5092704,8857,72328,4,12582912,-9,0,0,0
24.669188269999722,1779567226.5092704,8857,72329,5,12582912,-16,0,0,0
24.669188269999722,1779567226.5092704,8857,72330,6,12582912,-18,0,0,0
24.669188269999722,1779567226.5092704,8857,72331,7,12582912,-16,0,0,0
24.6695102449994,1779567226.5095916,8858,72332,0,12582912,-14,0,0,0
24.6695102449994,1779567226.5095916,8858,72333,1,12582912,-14,0,0,0
24.6695102449994,1779567226.5095916,8858,72334,2,12582912,-13,0,0,0
24.6695102449994,1779567226.5095916,8858,72335,3,12582912,-12,0,0,0
24.6695102449994,1779567226.5095916,8858,72336,4,12582912,-11,0,0,0
24.6695102449994,1779567226.5095916,8858,72337,5,12582912,-7,0,0,0
24.6695102449994,1779567226.5095916,8858,72338,6,12582912,-2,0,0,0
24.6695102449994,1779567226.5095916,8858,72339,7,12582912,-2,0,0,0
24.66980378199878,1779567226.5098846,8859,72340,0,12582912,-4,0,0,0
24.66980378199878,1779567226.5098846,8859,72341,1,12582912,-7,0,0,0
24.66980378199878,1779567226.5098846,8859,72342,2,12582912,-10,0,0,0
24.66980378199878,1779567226.5098846,8859,72343,3,12582912,-11,0,0,0
24.66980378199878,1779567226.5098846,8859,72344,4,12582912,-8,0,0,0
24.66980378199878,1779567226.5098846,8859,72345,5,12582912,-4,0,0,0
24.66980378199878,1779567226.5098846,8859,72346,6,12582912,-1,0,0,0
24.66980378199878,1779567226.5098846,8859,72347,7,12582912,-1,0,0,0
24.69152321099864,1779567226.5316052,8860,72348,0,12582912,-4,0,0,0
24.69152321099864,1779567226.5316052,8860,72349,1,12582912,-7,0,0,0
24.69152321099864,1779567226.5316052,8860,72350,2,12582912,-12,0,0,0
24.69152321099864,1779567226.5316052,8860,72351,3,12582912,-15,0,0,0
24.69152321099864,1779567226.5316052,8860,72352,4,12582912,-13,0,0,0
24.69152321099864,1779567226.5316052,8860,72353,5,12582912,-12,0,0,0
24.69152321099864,1779567226.5316052,8860,72354,6,12582912,-14,0,0,0
24.69152321099864,1779567226.5316052,8860,72355,7,12582912,-16,0,0,0
24.734208484998817,1779567226.574291,8861,72356,0,12582912,-14,0,0,0
24.734208484998817,1779567226.574291,8861,72357,1,12582912,-14,0,0,0
24.734208484998817,1779567226.574291,8861,72358,2,12582912,-17,0,0,0
24.734208484998817,1779567226.574291,8861,72359,3,12582912,-18,0,0,0
24.734208484998817,1779567226.574291,8861,72360,4,12582912,-14,0,0,0
24.734208484998817,1779567226.574291,8861,72361,5,12582912,-10,0,0,0
24.734208484998817,1779567226.574291,8861,72362,6,12582912,-10,0,0,0
24.734208484998817,1779567226.574291,8861,72363,7,12582912,-14,0,0,0
24.76867898099954,1779567226.6087615,8862,72364,0,12582912,-18,0,0,0
24.76867898099954,1779567226.6087615,8862,72365,1,12582912,-18,0,0,0
24.76867898099954,1779567226.6087615,8862,72366,2,12582912,-11,0,0,0
24.76867898099954,1779567226.6087615,8862,72367,3,12582912,-6,0,0,0
24.76867898099954,1779567226.6087615,8862,72368,4,12582912,-11,0,0,0
24.76867898099954,1779567226.6087615,8862,72369,5,12582912,-20,0,0,0
24.76867898099954,1779567226.6087615,8862,72370,6,12582912,-23,0,0,0
24.76867898099954,1779567226.6087615,8862,72371,7,12582912,-20,0,0,0
24.79040012799851,1779567226.6304822,8863,72372,0,12582912,-15,0,0,0
24.79040012799851,1779567226.6304822,8863,72373,1,12582912,-14,0,0,0
24.79040012799851,1779567226.6304822,8863,72374,2,12582912,-15,0,0,0
24.79040012799851,1779567226.6304822,8863,72375,3,12582912,-19,0,0,0
24.79040012799851,1779567226.6304822,8863,72376,4,12582912,-22,0,0,0
24.79040012799851,1779567226.6304822,8863,72377,5,12582912,-23,0,0,0
24.79040012799851,1779567226.6304822,8863,72378,6,12582912,-25,0,0,0
24.79040012799851,1779567226.6304822,8863,72379,7,12582912,-26,0,0,0
24.825979878,1779567226.666062,8864,72380,0,12582912,-23,0,0,0
24.825979878,1779567226.666062,8864,72381,1,12582912,-20,0,0,0
24.825979878,1779567226.666062,8864,72382,2,12582912,-20,0,0,0
24.825979878,1779567226.666062,8864,72383,3,12582912,-24,0,0,0
24.825979878,1779567226.666062,8864,72384,4,12582912,-28,0,0,0
24.825979878,1779567226.666062,8864,72385,5,12582912,-30,0,0,0
24.825979878,1779567226.666062,8864,72386,6,12582912,-28,0,0,0
24.825979878,1779567226.666062,8864,72387,7,12582912,-24,0,0,0
24.84773795199908,1779567226.6878202,8865,72388,0,12582912,-23,0,0,0
24.84773795199908,1779567226.6878202,8865,72389,1,12582912,-26,0,0,0
24.84773795199908,1779567226.6878202,8865,72390,2,12582912,-28,0,0,0
24.84773795199908,1779567226.6878202,8865,72391,3,12582912,-27,0,0,0
24.84773795199908,1779567226.6878202,8865,72392,4,12582912,-27,0,0,0
24.84773795199908,1779567226.6878202,8865,72393,5,12582912,-28,0,0,0
24.84773795199908,1779567226.6878202,8865,72394,6,12582912,-27,0,0,0
24.84773795199908,1779567226.6878202,8865,72395,7,12582912,-25,0,0,0
24.89053296400016,1779567226.7306151,8866,72396,0,12582912,-23,0,0,0
24.89053296400016,1779567226.7306151,8866,72397,1,12582912,-23,0,0,0
24.89053296400016,1779567226.7306151,8866,72398,2,12582912,-24,0,0,0
24.89053296400016,1779567226.7306151,8866,72399,3,12582912,-26,0,0,0
24.89053296400016,1779567226.7306151,8866,72400,4,12582912,-27,0,0,0
24.89053296400016,1779567226.7306151,8866,72401,5,12582912,-25,0,0,0
24.89053296400016,1779567226.7306151,8866,72402,6,12582912,-22,0,0,0
24.89053296400016,1779567226.7306151,8866,72403,7,12582912,-23,0,0,0
24.918081787998744,1779567226.7581637,8867,72404,0,12582912,-27,0,0,0
24.918081787998744,1779567226.7581637,8867,72405,1,12582912,-27,0,0,0
24.918081787998744,1779567226.7581637,8867,72406,2,12582912,-21,0,0,0
24.918081787998744,1779567226.7581637,8867,72407,3,12582912,-14,0,0,0
24.918081787998744,1779567226.7581637,8867,72408,4,12582912,-13,0,0,0
24.918081787998744,1779567226.7581637,8867,72409,5,12582912,-20,0,0,0
24.918081787998744,1779567226.7581637,8867,72410,6,12582912,-28,0,0,0
24.918081787998744,1779567226.7581637,8867,72411,7,12582912,-30,0,0,0
24.960862945999907,1779567226.800945,8868,72412,0,12582912,-29,0,0,0
24.960862945999907,1779567226.800945,8868,72413,1,12582912,-27,0,0,0
24.960862945999907,1779567226.800945,8868,72414,2,12582912,-25,0,0,0
24.960862945999907,1779567226.800945,8868,72415,3,12582912,-24,0,0,0
24.960862945999907,1779567226.800945,8868,72416,4,12582912,-25,0,0,0
24.960862945999907,1779567226.800945,8868,72417,5,12582912,-26,0,0,0
24.960862945999907,1779567226.800945,8868,72418,6,12582912,-28,0,0,0
24.960862945999907,1779567226.800945,8868,72419,7,12582912,-29,0,0,0
25.013503858999684,1779567226.8535864,8869,72420,0,12582912,-27,0,0,0
25.013503858999684,1779567226.8535864,8869,72421,1,12582912,-25,0,0,0
25.013503858999684,1779567226.8535864,8869,72422,2,12582912,-25,0,0,0
25.013503858999684,1779567226.8535864,8869,72423,3,12582912,-26,0,0,0
25.013503858999684,1779567226.8535864,8869,72424,4,12582912,-27,0,0,0
25.013503858999684,1779567226.8535864,8869,72425,5,12582912,-26,0,0,0
25.013503858999684,1779567226.8535864,8869,72426,6,12582912,-23,0,0,0
25.013503858999684,1779567226.8535864,8869,72427,7,12582912,-21,0,0,0
25.078966827999466,1779567226.9190495,8870,72428,0,12582912,-22,0,0,0
25.078966827999466,1779567226.9190495,8870,72429,1,12582912,-22,0,0,0
25.078966827999466,1779567226.9190495,8870,72430,2,12582912,-19,0,0,0
25.078966827999466,1779567226.9190495,8870,72431,3,12582912,-13,0,0,0
25.078966827999466,1779567226.9190495,8870,72432,4,12582912,-12,0,0,0
25.078966827999466,1779567226.9190495,8870,72433,5,12582912,-15,0,0,0
25.078966827999466,1779567226.9190495,8870,72434,6,12582912,-19,0,0,0
25.078966827999466,1779567226.9190495,8870,72435,7,12582912,-20,0,0,0
25.079282916998636,1779567226.9193637,8871,72436,0,12582912,-16,0,0,0
25.079282916998636,1779567226.9193637,8871,72437,1,12582912,-14,0,0,0
25.079282916998636,1779567226.9193637,8871,72438,2,12582912,-15,0,0,0
25.079282916998636,1779567226.9193637,8871,72439,3,12582912,-14,0,0,0
25.079282916998636,1779567226.9193637,8871,72440,4,12582912,-14,0,0,0
25.079282916998636,1779567226.9193637,8871,72441,5,12582912,-16,0,0,0
25.079282916998636,1779567226.9193637,8871,72442,6,12582912,-20,0,0,0
25.079282916998636,1779567226.9193637,8871,72443,7,12582912,-24,0,0,0
25.079565203999664,1779567226.919646,8872,72444,0,12582912,-27,0,0,0
25.079565203999664,1779567226.919646,8872,72445,1,12582912,-25,0,0,0
25.079565203999664,1779567226.919646,8872,72446,2,12582912,-22,0,0,0
25.079565203999664,1779567226.919646,8872,72447,3,12582912,-20,0,0,0
25.079565203999664,1779567226.919646,8872,72448,4,12582912,-23,0,0,0
25.079565203999664,1779567226.919646,8872,72449,5,12582912,-25,0,0,0
25.079565203999664,1779567226.919646,8872,72450,6,12582912,-23,0,0,0
25.079565203999664,1779567226.919646,8872,72451,7,12582912,-23,0,0,0
25.156610975998774,1779567226.9966931,8873,72452,0,12582912,-25,0,0,0
25.156610975998774,1779567226.9966931,8873,72453,1,12582912,-25,0,0,0
25.156610975998774,1779567226.9966931,8873,72454,2,12582912,-26,0,0,0
25.156610975998774,1779567226.9966931,8873,72455,3,12582912,-28,0,0,0
25.156610975998774,1779567226.9966931,8873,72456,4,12582912,-26,0,0,0
25.156610975998774,1779567226.9966931,8873,72457,5,12582912,-21,0,0,0
25.156610975998774,1779567226.9966931,8873,72458,6,12582912,-16,0,0,0
25.156610975998774,1779567226.9966931,8873,72459,7,12582912,-17,0,0,0
25.15692112800025,1779567226.9970016,8874,72460,0,12582912,-23,0,0,0
25.15692112800025,1779567226.9970016,8874,72461,1,12582912,-28,0,0,0
25.15692112800025,1779567226.9970016,8874,72462,2,12582912,-28,0,0,0
25.15692112800025,1779567226.9970016,8874,72463,3,12582912,-25,0,0,0
25.15692112800025,1779567226.9970016,8874,72464,4,12582912,-23,0,0,0
25.15692112800025,1779567226.9970016,8874,72465,5,12582912,-23,0,0,0
25.15692112800025,1779567226.9970016,8874,72466,6,12582912,-22,0,0,0
25.15692112800025,1779567226.9970016,8874,72467,7,12582912,-18,0,0,0
25.178619149999577,1779567227.0187018,8875,72468,0,12582912,-17,0,0,0
25.178619149999577,1779567227.0187018,8875,72469,1,12582912,-19,0,0,0
25.178619149999577,1779567227.0187018,8875,72470,2,12582912,-20,0,0,0
25.178619149999577,1779567227.0187018,8875,72471,3,12582912,-20,0,0,0
25.178619149999577,1779567227.0187018,8875,72472,4,12582912,-22,0,0,0
25.178619149999577,1779567227.0187018,8875,72473,5,12582912,-24,0,0,0
25.178619149999577,1779567227.0187018,8875,72474,6,12582912,-26,0,0,0
25.178619149999577,1779567227.0187018,8875,72475,7,12582912,-27,0,0,0
25.200285142998837,1779567227.0403674,8876,72476,0,12582912,-28,0,0,0
25.200285142998837,1779567227.0403674,8876,72477,1,12582912,-28,0,0,0
25.200285142998837,1779567227.0403674,8876,72478,2,12582912,-26,0,0,0
25.200285142998837,1779567227.0403674,8876,72479,3,12582912,-25,0,0,0
25.200285142998837,1779567227.0403674,8876,72480,4,12582912,-24,0,0,0
25.200285142998837,1779567227.0403674,8876,72481,5,12582912,-20,0,0,0
25.200285142998837,1779567227.0403674,8876,72482,6,12582912,-19,0,0,0
25.200285142998837,1779567227.0403674,8876,72483,7,12582912,-22,0,0,0
25.24683499799903,1779567227.0869174,8877,72484,0,12582912,-27,0,0,0
25.24683499799903,1779567227.0869174,8877,72485,1,12582912,-29,0,0,0
25.24683499799903,1779567227.0869174,8877,72486,2,12582912,-27,0,0,0
25.24683499799903,1779567227.0869174,8877,72487,3,12582912,-24,0,0,0
25.24683499799903,1779567227.0869174,8877,72488,4,12582912,-24,0,0,0
25.24683499799903,1779567227.0869174,8877,72489,5,12582912,-23,0,0,0
25.24683499799903,1779567227.0869174,8877,72490,6,12582912,-22,0,0,0
25.24683499799903,1779567227.0869174,8877,72491,7,12582912,-22,0,0,0
25.29704677999871,1779567227.137129,8878,72492,0,12582912,-22,0,0,0
25.29704677999871,1779567227.137129,8878,72493,1,12582912,-22,0,0,0
25.29704677999871,1779567227.137129,8878,72494,2,12582912,-19,0,0,0
25.29704677999871,1779567227.137129,8878,72495,3,12582912,-17,0,0,0
25.29704677999871,1779567227.137129,8878,72496,4,12582912,-18,0,0,0
25.29704677999871,1779567227.137129,8878,72497,5,12582912,-19,0,0,0
25.29704677999871,1779567227.137129,8878,72498,6,12582912,-20,0,0,0
25.29704677999871,1779567227.137129,8878,72499,7,12582912,-19,0,0,0
25.318792301999565,1779567227.1588743,8879,72500,0,12582912,-15,0,0,0
25.318792301999565,1779567227.1588743,8879,72501,1,12582912,0,0,0,0
25.318792301999565,1779567227.1588743,8879,72502,2,12582912,37,0,0,0
25.318792301999565,1779567227.1588743,8879,72503,3,12582912,65,0,0,0
25.318792301999565,1779567227.1588743,8879,72504,4,12582912,26,0,0,0
25.318792301999565,1779567227.1588743,8879,72505,5,12582912,-59,0,0,0
25.318792301999565,1779567227.1588743,8879,72506,6,12582912,-90,0,0,0
25.318792301999565,1779567227.1588743,8879,72507,7,12582912,-33,0,0,0
25.3404689709987,1779567227.180551,8880,72508,0,12582912,30,0,0,0
25.3404689709987,1779567227.180551,8880,72509,1,12582912,17,0,0,0
25.3404689709987,1779567227.180551,8880,72510,2,12582912,-45,0,0,0
25.3404689709987,1779567227.180551,8880,72511,3,12582912,-69,0,0,0
25.3404689709987,1779567227.180551,8880,72512,4,12582912,-28,0,0,0
25.3404689709987,1779567227.180551,8880,72513,5,12582912,15,0,0,0
25.3404689709987,1779567227.180551,8880,72514,6,12582912,2,0,0,0
25.3404689709987,1779567227.180551,8880,72515,7,12582912,-45,0,0,0
25.396531710999625,1779567227.2366142,8881,72516,0,12582912,-62,0,0,0
25.396531710999625,1779567227.2366142,8881,72517,1,12582912,-32,0,0,0
25.396531710999625,1779567227.2366142,8881,72518,2,12582912,3,0,0,0
25.396531710999625,1779567227.2366142,8881,72519,3,12582912,-2,0,0,0
25.396531710999625,1779567227.2366142,8881,72520,4,12582912,-38,0,0,0
25.396531710999625,1779567227.2366142,8881,72521,5,12582912,-52,0,0,0
25.396531710999625,1779567227.2366142,8881,72522,6,12582912,-26,0,0,0
25.396531710999625,1779567227.2366142,8881,72523,7,12582912,5,0,0,0
25.443051618000027,1779567227.283135,8882,72524,0,12582912,3,0,0,0
25.443051618000027,1779567227.283135,8882,72525,1,12582912,-25,0,0,0
25.443051618000027,1779567227.283135,8882,72526,2,12582912,-41,0,0,0
25.443051618000027,1779567227.283135,8882,72527,3,12582912,-28,0,0,0
25.443051618000027,1779567227.283135,8882,72528,4,12582912,-8,0,0,0
25.443051618000027,1779567227.283135,8882,72529,5,12582912,-11,0,0,0
25.443051618000027,1779567227.283135,8882,72530,6,12582912,-28,0,0,0
25.443051618000027,1779567227.283135,8882,72531,7,12582912,-32,0,0,0
25.443376717999854,1779567227.2834575,8883,72532,0,12582912,-15,0,0,0
25.443376717999854,1779567227.2834575,8883,72533,1,12582912,2,0,0,0
25.443376717999854,1779567227.2834575,8883,72534,2,12582912,-2,0,0,0
25.443376717999854,1779567227.2834575,8883,72535,3,12582912,-23,0,0,0
25.443376717999854,1779567227.2834575,8883,72536,4,12582912,-37,0,0,0
25.443376717999854,1779567227.2834575,8883,72537,5,12582912,-29,0,0,0
25.443376717999854,1779567227.2834575,8883,72538,6,12582912,-9,0,0,0
25.443376717999854,1779567227.2834575,8883,72539,7,12582912,2,0,0,0
25.466050872999404,1779567227.3061333,8884,72540,0,12582912,-8,0,0,0
25.466050872999404,1779567227.3061333,8884,72541,1,12582912,-21,0,0,0
25.466050872999404,1779567227.3061333,8884,72542,2,12582912,-20,0,0,0
25.466050872999404,1779567227.3061333,8884,72543,3,12582912,-13,0,0,0
25.466050872999404,1779567227.3061333,8884,72544,4,12582912,-16,0,0,0
25.466050872999404,1779567227.3061333,8884,72545,5,12582912,-26,0,0,0
25.466050872999404,1779567227.3061333,8884,72546,6,12582912,-29,0,0,0
25.466050872999404,1779567227.3061333,8884,72547,7,12582912,-21,0,0,0
25.502599984998596,1779567227.3426821,8885,72548,0,12582912,-14,0,0,0
25.502599984998596,1779567227.3426821,8885,72549,1,12582912,-19,0,0,0
25.502599984998596,1779567227.3426821,8885,72550,2,12582912,-30,0,0,0
25.502599984998596,1779567227.3426821,8885,72551,3,12582912,-31,0,0,0
25.502599984998596,1779567227.3426821,8885,72552,4,12582912,-22,0,0,0
25.502599984998596,1779567227.3426821,8885,72553,5,12582912,-16,0,0,0
25.502599984998596,1779567227.3426821,8885,72554,6,12582912,-19,0,0,0
25.502599984998596,1779567227.3426821,8885,72555,7,12582912,-27,0,0,0
25.537842293999347,1779567227.3779244,8886,72556,0,12582912,-30,0,0,0
25.537842293999347,1779567227.3779244,8886,72557,1,12582912,-24,0,0,0
25.537842293999347,1779567227.3779244,8886,72558,2,12582912,-16,0,0,0
25.537842293999347,1779567227.3779244,8886,72559,3,12582912,-17,0,0,0
25.537842293999347,1779567227.3779244,8886,72560,4,12582912,-27,0,0,0
25.537842293999347,1779567227.3779244,8886,72561,5,12582912,-35,0,0,0
25.537842293999347,1779567227.3779244,8886,72562,6,12582912,-36,0,0,0
25.537842293999347,1779567227.3779244,8886,72563,7,12582912,-31,0,0,0
25.58063459799996,1779567227.4207168,8887,72564,0,12582912,-28,0,0,0
25.58063459799996,1779567227.4207168,8887,72565,1,12582912,-30,0,0,0
25.58063459799996,1779567227.4207168,8887,72566,2,12582912,-33,0,0,0
25.58063459799996,1779567227.4207168,8887,72567,3,12582912,-30,0,0,0
25.58063459799996,1779567227.4207168,8887,72568,4,12582912,-26,0,0,0
25.58063459799996,1779567227.4207168,8887,72569,5,12582912,-27,0,0,0
25.58063459799996,1779567227.4207168,8887,72570,6,12582912,-32,0,0,0
25.58063459799996,1779567227.4207168,8887,72571,7,12582912,-36,0,0,0
25.60234324599878,1779567227.4424253,8888,72572,0,12582912,-38,0,0,0
25.60234324599878,1779567227.4424253,8888,72573,1,12582912,-38,0,0,0
25.60234324599878,1779567227.4424253,8888,72574,2,12582912,-35,0,0,0
25.60234324599878,1779567227.4424253,8888,72575,3,12582912,-34,0,0,0
25.60234324599878,1779567227.4424253,8888,72576,4,12582912,-34,0,0,0
25.60234324599878,1779567227.4424253,8888,72577,5,12582912,-30,0,0,0
25.60234324599878,1779567227.4424253,8888,72578,6,12582912,-26,0,0,0
25.60234324599878,1779567227.4424253,8888,72579,7,12582912,-23,0,0,0
25.64515440499963,1779567227.4852364,8889,72580,0,12582912,-23,0,0,0
25.64515440499963,1779567227.4852364,8889,72581,1,12582912,-25,0,0,0
25.64515440499963,1779567227.4852364,8889,72582,2,12582912,-27,0,0,0
25.64515440499963,1779567227.4852364,8889,72583,3,12582912,-28,0,0,0
25.64515440499963,1779567227.4852364,8889,72584,4,12582912,-29,0,0,0
25.64515440499963,1779567227.4852364,8889,72585,5,12582912,-33,0,0,0
25.64515440499963,1779567227.4852364,8889,72586,6,12582912,-37,0,0,0
25.64515440499963,1779567227.4852364,8889,72587,7,12582912,-38,0,0,0
25.66682310499891,1779567227.5069056,8890,72588,0,12582912,-38,0,0,0
25.66682310499891,1779567227.5069056,8890,72589,1,12582912,-39,0,0,0
25.66682310499891,1779567227.5069056,8890,72590,2,12582912,-42,0,0,0
25.66682310499891,1779567227.5069056,8890,72591,3,12582912,-40,0,0,0
25.66682310499891,1779567227.5069056,8890,72592,4,12582912,-35,0,0,0
25.66682310499891,1779567227.5069056,8890,72593,5,12582912,-30,0,0,0
25.66682310499891,1779567227.5069056,8890,72594,6,12582912,-25,0,0,0
25.66682310499891,1779567227.5069056,8890,72595,7,12582912,-23,0,0,0
25.70361466199938,1779567227.5436969,8891,72596,0,12582912,-24,0,0,0
25.70361466199938,1779567227.5436969,8891,72597,1,12582912,-23,0,0,0
25.70361466199938,1779567227.5436969,8891,72598,2,12582912,-20,0,0,0
25.70361466199938,1779567227.5436969,8891,72599,3,12582912,-20,0,0,0
25.70361466199938,1779567227.5436969,8891,72600,4,12582912,-23,0,0,0
25.70361466199938,1779567227.5436969,8891,72601,5,12582912,-26,0,0,0
25.70361466199938,1779567227.5436969,8891,72602,6,12582912,-25,0,0,0
25.70361466199938,1779567227.5436969,8891,72603,7,12582912,-22,0,0,0
25.725275393999254,1779567227.5653577,8892,72604,0,12582912,-20,0,0,0
25.725275393999254,1779567227.5653577,8892,72605,1,12582912,-20,0,0,0
25.725275393999254,1779567227.5653577,8892,72606,2,12582912,-21,0,0,0
25.725275393999254,1779567227.5653577,8892,72607,3,12582912,-20,0,0,0
25.725275393999254,1779567227.5653577,8892,72608,4,12582912,-20,0,0,0
25.725275393999254,1779567227.5653577,8892,72609,5,12582912,-19,0,0,0
25.725275393999254,1779567227.5653577,8892,72610,6,12582912,-18,0,0,0
25.725275393999254,1779567227.5653577,8892,72611,7,12582912,-18,0,0,0
25.768030875999102,1779567227.608113,8893,72612,0,12582912,-20,0,0,0
25.768030875999102,1779567227.608113,8893,72613,1,12582912,-21,0,0,0
25.768030875999102,1779567227.608113,8893,72614,2,12582912,-24,0,0,0
25.768030875999102,1779567227.608113,8893,72615,3,12582912,-30,0,0,0
25.768030875999102,1779567227.608113,8893,72616,4,12582912,-33,0,0,0
25.768030875999102,1779567227.608113,8893,72617,5,12582912,-30,0,0,0
25.768030875999102,1779567227.608113,8893,72618,6,12582912,-26,0,0,0
25.768030875999102,1779567227.608113,8893,72619,7,12582912,-24,0,0,0
25.85936785099875,1779567227.69945,8894,72620,0,12582912,-26,0,0,0
25.85936785099875,1779567227.69945,8894,72621,1,12582912,-27,0,0,0
25.85936785099875,1779567227.69945,8894,72622,2,12582912,-25,0,0,0
25.85936785099875,1779567227.69945,8894,72623,3,12582912,-21,0,0,0
25.85936785099875,1779567227.69945,8894,72624,4,12582912,-19,0,0,0
25.85936785099875,1779567227.69945,8894,72625,5,12582912,-20,0,0,0
25.85936785099875,1779567227.69945,8894,72626,6,12582912,-24,0,0,0
25.85936785099875,1779567227.69945,8894,72627,7,12582912,-27,0,0,0
25.85967899299976,1779567227.6997597,8895,72628,0,12582912,-26,0,0,0
25.85967899299976,1779567227.6997597,8895,72629,1,12582912,-22,0,0,0
25.85967899299976,1779567227.6997597,8895,72630,2,12582912,-21,0,0,0
25.85967899299976,1779567227.6997597,8895,72631,3,12582912,-23,0,0,0
25.85967899299976,1779567227.6997597,8895,72632,4,12582912,-27,0,0,0
25.85967899299976,1779567227.6997597,8895,72633,5,12582912,-30,0,0,0
25.85967899299976,1779567227.6997597,8895,72634,6,12582912,-31,0,0,0
25.85967899299976,1779567227.6997597,8895,72635,7,12582912,-32,0,0,0
25.859963310998864,1779567227.700044,8896,72636,0,12582912,-33,0,0,0
25.859963310998864,1779567227.700044,8896,72637,1,12582912,-34,0,0,0
25.859963310998864,1779567227.700044,8896,72638,2,12582912,-33,0,0,0
25.859963310998864,1779567227.700044,8896,72639,3,12582912,-29,0,0,0
25.859963310998864,1779567227.700044,8896,72640,4,12582912,-25,0,0,0
25.859963310998864,1779567227.700044,8896,72641,5,12582912,-25,0,0,0
25.859963310998864,1779567227.700044,8896,72642,6,12582912,-27,0,0,0
25.859963310998864,1779567227.700044,8896,72643,7,12582912,-30,0,0,0
25.882311325000046,1779567227.7223938,8897,72644,0,12582912,-31,0,0,0
25.882311325000046,1779567227.7223938,8897,72645,1,12582912,-29,0,0,0
25.882311325000046,1779567227.7223938,8897,72646,2,12582912,-29,0,0,0
25.882311325000046,1779567227.7223938,8897,72647,3,12582912,-30,0,0,0
25.882311325000046,1779567227.7223938,8897,72648,4,12582912,-29,0,0,0
25.882311325000046,1779567227.7223938,8897,72649,5,12582912,-25,0,0,0
25.882311325000046,1779567227.7223938,8897,72650,6,12582912,-22,0,0,0
25.882311325000046,1779567227.7223938,8897,72651,7,12582912,-23,0,0,0
25.9188371049986,1779567227.7589197,8898,72652,0,12582912,-26,0,0,0
25.9188371049986,1779567227.7589197,8898,72653,1,12582912,-22,0,0,0
25.9188371049986,1779567227.7589197,8898,72654,2,12582912,-17,0,0,0
25.9188371049986,1779567227.7589197,8898,72655,3,12582912,-20,0,0,0
25.9188371049986,1779567227.7589197,8898,72656,4,12582912,-26,0,0,0
25.9188371049986,1779567227.7589197,8898,72657,5,12582912,-26,0,0,0
25.9188371049986,1779567227.7589197,8898,72658,6,12582912,-20,0,0,0
25.9188371049986,1779567227.7589197,8898,72659,7,12582912,-18,0,0,0
25.946781548998842,1779567227.7868638,8899,72660,0,12582912,-22,0,0,0
25.946781548998842,1779567227.7868638,8899,72661,1,12582912,-28,0,0,0
25.946781548998842,1779567227.7868638,8899,72662,2,12582912,-30,0,0,0
25.946781548998842,1779567227.7868638,8899,72663,3,12582912,-28,0,0,0
25.946781548998842,1779567227.7868638,8899,72664,4,12582912,-24,0,0,0
25.946781548998842,1779567227.7868638,8899,72665,5,12582912,-22,0,0,0
25.946781548998842,1779567227.7868638,8899,72666,6,12582912,-24,0,0,0
25.946781548998842,1779567227.7868638,8899,72667,7,12582912,-28,0,0,0
25.989881921999768,1779567227.8299644,8900,72668,0,12582912,-29,0,0,0
25.989881921999768,1779567227.8299644,8900,72669,1,12582912,-25,0,0,0
25.989881921999768,1779567227.8299644,8900,72670,2,12582912,-18,0,0,0
25.989881921999768,1779567227.8299644,8900,72671,3,12582912,-17,0,0,0
25.989881921999768,1779567227.8299644,8900,72672,4,12582912,-19,0,0,0
25.989881921999768,1779567227.8299644,8900,72673,5,12582912,-18,0,0,0
25.989881921999768,1779567227.8299644,8900,72674,6,12582912,-15,0,0,0
25.989881921999768,1779567227.8299644,8900,72675,7,12582912,-13,0,0,0
26.01160348600024,1779567227.851686,8901,72676,0,12582912,-13,0,0,0
26.01160348600024,1779567227.851686,8901,72677,1,12582912,-14,0,0,0
26.01160348600024,1779567227.851686,8901,72678,2,12582912,-16,0,0,0
26.01160348600024,1779567227.851686,8901,72679,3,12582912,-17,0,0,0
26.01160348600024,1779567227.851686,8901,72680,4,12582912,-16,0,0,0
26.01160348600024,1779567227.851686,8901,72681,5,12582912,-14,0,0,0
26.01160348600024,1779567227.851686,8901,72682,6,12582912,-15,0,0,0
26.01160348600024,1779567227.851686,8901,72683,7,12582912,-16,0,0,0
26.04678527499891,1779567227.8868678,8902,72684,0,12582912,-16,0,0,0
26.04678527499891,1779567227.8868678,8902,72685,1,12582912,-16,0,0,0
26.04678527499891,1779567227.8868678,8902,72686,2,12582912,-15,0,0,0
26.04678527499891,1779567227.8868678,8902,72687,3,12582912,-11,0,0,0
26.04678527499891,1779567227.8868678,8902,72688,4,12582912,-5,0,0,0
26.04678527499891,1779567227.8868678,8902,72689,5,12582912,-3,0,0,0
26.04678527499891,1779567227.8868678,8902,72690,6,12582912,-9,0,0,0
26.04678527499891,1779567227.8868678,8902,72691,7,12582912,-19,0,0,0
26.08949211199979,1779567227.9295745,8903,72692,0,12582912,-25,0,0,0
26.08949211199979,1779567227.9295745,8903,72693,1,12582912,-25,0,0,0
26.08949211199979,1779567227.9295745,8903,72694,2,12582912,-23,0,0,0
26.08949211199979,1779567227.9295745,8903,72695,3,12582912,-23,0,0,0
26.08949211199979,1779567227.9295745,8903,72696,4,12582912,-25,0,0,0
26.08949211199979,1779567227.9295745,8903,72697,5,12582912,-25,0,0,0
26.08949211199979,1779567227.9295745,8903,72698,6,12582912,-23,0,0,0
26.08949211199979,1779567227.9295745,8903,72699,7,12582912,-20,0,0,0
26.20982575599919,1779567228.049908,8904,72700,0,12582912,-14,0,0,0
26.20982575599919,1779567228.049908,8904,72701,1,12582912,-12,0,0,0
26.20982575599919,1779567228.049908,8904,72702,2,12582912,-13,0,0,0
26.20982575599919,1779567228.049908,8904,72703,3,12582912,-14,0,0,0
26.20982575599919,1779567228.049908,8904,72704,4,12582912,-14,0,0,0
26.20982575599919,1779567228.049908,8904,72705,5,12582912,-16,0,0,0
26.20982575599919,1779567228.049908,8904,72706,6,12582912,-17,0,0,0
26.20982575599919,1779567228.049908,8904,72707,7,12582912,-17,0,0,0
26.210138095999355,1779567228.050219,8905,72708,0,12582912,-18,0,0,0
26.210138095999355,1779567228.050219,8905,72709,1,12582912,-18,0,0,0
26.210138095999355,1779567228.050219,8905,72710,2,12582912,-21,0,0,0
26.210138095999355,1779567228.050219,8905,72711,3,12582912,-25,0,0,0
26.210138095999355,1779567228.050219,8905,72712,4,12582912,-28,0,0,0
26.210138095999355,1779567228.050219,8905,72713,5,12582912,-27,0,0,0
26.210138095999355,1779567228.050219,8905,72714,6,12582912,-24,0,0,0
26.210138095999355,1779567228.050219,8905,72715,7,12582912,-23,0,0,0
26.21050220500001,1779567228.0505836,8906,72716,0,12582912,-23,0,0,0
26.21050220500001,1779567228.0505836,8906,72717,1,12582912,-22,0,0,0
26.21050220500001,1779567228.0505836,8906,72718,2,12582912,-20,0,0,0
26.21050220500001,1779567228.0505836,8906,72719,3,12582912,-20,0,0,0
26.21050220500001,1779567228.0505836,8906,72720,4,12582912,-23,0,0,0
26.21050220500001,1779567228.0505836,8906,72721,5,12582912,-29,0,0,0
26.21050220500001,1779567228.0505836,8906,72722,6,12582912,-33,0,0,0
26.21050220500001,1779567228.0505836,8906,72723,7,12582912,-32,0,0,0
26.232826937999562,1779567228.0729094,8907,72724,0,12582912,-30,0,0,0
26.232826937999562,1779567228.0729094,8907,72725,1,12582912,-29,0,0,0
26.232826937999562,1779567228.0729094,8907,72726,2,12582912,-29,0,0,0
26.232826937999562,1779567228.0729094,8907,72727,3,12582912,-28,0,0,0
26.232826937999562,1779567228.0729094,8907,72728,4,12582912,-26,0,0,0
26.232826937999562,1779567228.0729094,8907,72729,5,12582912,-23,0,0,0
26.232826937999562,1779567228.0729094,8907,72730,6,12582912,-21,0,0,0
26.232826937999562,1779567228.0729094,8907,72731,7,12582912,-23,0,0,0
26.233132506999027,1779567228.0732133,8908,72732,0,12582912,-24,0,0,0
26.233132506999027,1779567228.0732133,8908,72733,1,12582912,-22,0,0,0
26.233132506999027,1779567228.0732133,8908,72734,2,12582912,-20,0,0,0
26.233132506999027,1779567228.0732133,8908,72735,3,12582912,-22,0,0,0
26.233132506999027,1779567228.0732133,8908,72736,4,12582912,-24,0,0,0
26.233132506999027,1779567228.0732133,8908,72737,5,12582912,-24,0,0,0
26.233132506999027,1779567228.0732133,8908,72738,6,12582912,-22,0,0,0
26.233132506999027,1779567228.0732133,8908,72739,7,12582912,-19,0,0,0
26.275890645998516,1779567228.1159725,8909,72740,0,12582912,-19,0,0,0
26.275890645998516,1779567228.1159725,8909,72741,1,12582912,-21,0,0,0
26.275890645998516,1779567228.1159725,8909,72742,2,12582912,-24,0,0,0
26.275890645998516,1779567228.1159725,8909,72743,3,12582912,-22,0,0,0
26.275890645998516,1779567228.1159725,8909,72744,4,12582912,-17,0,0,0
26.275890645998516,1779567228.1159725,8909,72745,5,12582912,-13,0,0,0
26.275890645998516,1779567228.1159725,8909,72746,6,12582912,-14,0,0,0
26.275890645998516,1779567228.1159725,8909,72747,7,12582912,-16,0,0,0
26.310973269999522,1779567228.1510553,8910,72748,0,12582912,-17,0,0,0
26.310973269999522,1779567228.1510553,8910,72749,1,12582912,-16,0,0,0
26.310973269999522,1779567228.1510553,8910,72750,2,12582912,-17,0,0,0
26.310973269999522,1779567228.1510553,8910,72751,3,12582912,-20,0,0,0
26.310973269999522,1779567228.1510553,8910,72752,4,12582912,-22,0,0,0
26.310973269999522,1779567228.1510553,8910,72753,5,12582912,-20,0,0,0
26.310973269999522,1779567228.1510553,8910,72754,6,12582912,-16,0,0,0
26.310973269999522,1779567228.1510553,8910,72755,7,12582912,-15,0,0,0
26.34730749099981,1779567228.1873899,8911,72756,0,12582912,-16,0,0,0
26.34730749099981,1779567228.1873899,8911,72757,1,12582912,-19,0,0,0
26.34730749099981,1779567228.1873899,8911,72758,2,12582912,-23,0,0,0
26.34730749099981,1779567228.1873899,8911,72759,3,12582912,-27,0,0,0
26.34730749099981,1779567228.1873899,8911,72760,4,12582912,-30,0,0,0
26.34730749099981,1779567228.1873899,8911,72761,5,12582912,-32,0,0,0
26.34730749099981,1779567228.1873899,8911,72762,6,12582912,-33,0,0,0
26.34730749099981,1779567228.1873899,8911,72763,7,12582912,-33,0,0,0
26.368974264998542,1779567228.2090566,8912,72764,0,12582912,-31,0,0,0
26.368974264998542,1779567228.2090566,8912,72765,1,12582912,-31,0,0,0
26.368974264998542,1779567228.2090566,8912,72766,2,12582912,-34,0,0,0
26.368974264998542,1779567228.2090566,8912,72767,3,12582912,-38,0,0,0
26.368974264998542,1779567228.2090566,8912,72768,4,12582912,-40,0,0,0
26.368974264998542,1779567228.2090566,8912,72769,5,12582912,-38,0,0,0
26.368974264998542,1779567228.2090566,8912,72770,6,12582912,-34,0,0,0
26.368974264998542,1779567228.2090566,8912,72771,7,12582912,-32,0,0,0
26.41174063299877,1779567228.2518232,8913,72772,0,12582912,-33,0,0,0
26.41174063299877,1779567228.2518232,8913,72773,1,12582912,-33,0,0,0
26.41174063299877,1779567228.2518232,8913,72774,2,12582912,-34,0,0,0
26.41174063299877,1779567228.2518232,8913,72775,3,12582912,-35,0,0,0
26.41174063299877,1779567228.2518232,8913,72776,4,12582912,-34,0,0,0
26.41174063299877,1779567228.2518232,8913,72777,5,12582912,-31,0,0,0
26.41174063299877,1779567228.2518232,8913,72778,6,12582912,-30,0,0,0
26.41174063299877,1779567228.2518232,8913,72779,7,12582912,-28,0,0,0
26.43340334399909,1779567228.2734861,8914,72780,0,12582912,-26,0,0,0
26.43340334399909,1779567228.2734861,8914,72781,1,12582912,-30,0,0,0
26.43340334399909,1779567228.2734861,8914,72782,2,12582912,-36,0,0,0
26.43340334399909,1779567228.2734861,8914,72783,3,12582912,-38,0,0,0
26.43340334399909,1779567228.2734861,8914,72784,4,12582912,-36,0,0,0
26.43340334399909,1779567228.2734861,8914,72785,5,12582912,-35,0,0,0
26.43340334399909,1779567228.2734861,8914,72786,6,12582912,-34,0,0,0
26.43340334399909,1779567228.2734861,8914,72787,7,12582912,-31,0,0,0
26.46082055700026,1779567228.3009028,8915,72788,0,12582912,-28,0,0,0
26.46082055700026,1779567228.3009028,8915,72789,1,12582912,-26,0,0,0
26.46082055700026,1779567228.3009028,8915,72790,2,12582912,-28,0,0,0
26.46082055700026,1779567228.3009028,8915,72791,3,12582912,-32,0,0,0
26.46082055700026,1779567228.3009028,8915,72792,4,12582912,-29,0,0,0
26.46082055700026,1779567228.3009028,8915,72793,5,12582912,-19,0,0,0
26.46082055700026,1779567228.3009028,8915,72794,6,12582912,-15,0,0,0
26.46082055700026,1779567228.3009028,8915,72795,7,12582912,-20,0,0,0
26.503645361999588,1779567228.3437276,8916,72796,0,12582912,-23,0,0,0
26.503645361999588,1779567228.3437276,8916,72797,1,12582912,-23,0,0,0
26.503645361999588,1779567228.3437276,8916,72798,2,12582912,-25,0,0,0
26.503645361999588,1779567228.3437276,8916,72799,3,12582912,-25,0,0,0
26.503645361999588,1779567228.3437276,8916,72800,4,12582912,-23,0,0,0
26.503645361999588,1779567228.3437276,8916,72801,5,12582912,-25,0,0,0
26.503645361999588,1779567228.3437276,8916,72802,6,12582912,-29,0,0,0
26.503645361999588,1779567228.3437276,8916,72803,7,12582912,-28,0,0,0
26.525298126000052,1779567228.3653803,8917,72804,0,12582912,-27,0,0,0
26.525298126000052,1779567228.3653803,8917,72805,1,12582912,-32,0,0,0
26.525298126000052,1779567228.3653803,8917,72806,2,12582912,-32,0,0,0
26.525298126000052,1779567228.3653803,8917,72807,3,12582912,-28,0,0,0
26.525298126000052,1779567228.3653803,8917,72808,4,12582912,-25,0,0,0
26.525298126000052,1779567228.3653803,8917,72809,5,12582912,-22,0,0,0
26.525298126000052,1779567228.3653803,8917,72810,6,12582912,-18,0,0,0
26.525298126000052,1779567228.3653803,8917,72811,7,12582912,-16,0,0,0
26.601906979998603,1779567228.4419894,8918,72812,0,12582912,-22,0,0,0
26.601906979998603,1779567228.4419894,8918,72813,1,12582912,-33,0,0,0
26.601906979998603,1779567228.4419894,8918,72814,2,12582912,-36,0,0,0
26.601906979998603,1779567228.4419894,8918,72815,3,12582912,-36,0,0,0
26.601906979998603,1779567228.4419894,8918,72816,4,12582912,-42,0,0,0
26.601906979998603,1779567228.4419894,8918,72817,5,12582912,-47,0,0,0
26.601906979998603,1779567228.4419894,8918,72818,6,12582912,-45,0,0,0
26.601906979998603,1779567228.4419894,8918,72819,7,12582912,-35,0,0,0
26.602291141000023,1779567228.442372,8919,72820,0,12582912,-30,0,0,0
26.602291141000023,1779567228.442372,8919,72821,1,12582912,-35,0,0,0
26.602291141000023,1779567228.442372,8919,72822,2,12582912,-44,0,0,0
26.602291141000023,1779567228.442372,8919,72823,3,12582912,-46,0,0,0
26.602291141000023,1779567228.442372,8919,72824,4,12582912,-41,0,0,0
26.602291141000023,1779567228.442372,8919,72825,5,12582912,-34,0,0,0
26.602291141000023,1779567228.442372,8919,72826,6,12582912,-35,0,0,0
26.602291141000023,1779567228.442372,8919,72827,7,12582912,-50,0,0,0
26.626408608999554,1779567228.4664915,8920,72828,0,12582912,-62,0,0,0
26.626408608999554,1779567228.4664915,8920,72829,1,12582912,-59,0,0,0
26.626408608999554,1779567228.4664915,8920,72830,2,12582912,-54,0,0,0
26.626408608999554,1779567228.4664915,8920,72831,3,12582912,-52,0,0,0
26.626408608999554,1779567228.4664915,8920,72832,4,12582912,-49,0,0,0
26.626408608999554,1779567228.4664915,8920,72833,5,12582912,-46,0,0,0
26.626408608999554,1779567228.4664915,8920,72834,6,12582912,-38,0,0,0
26.626408608999554,1779567228.4664915,8920,72835,7,12582912,-32,0,0,0
26.648868340000263,1779567228.4889505,8921,72836,0,12582912,-24,0,0,0
26.648868340000263,1779567228.4889505,8921,72837,1,12582912,-5,0,0,0
26.648868340000263,1779567228.4889505,8921,72838,2,12582912,11,0,0,0
26.648868340000263,1779567228.4889505,8921,72839,3,12582912,-1,0,0,0
26.648868340000263,1779567228.4889505,8921,72840,4,12582912,-32,0,0,0
26.648868340000263,1779567228.4889505,8921,72841,5,12582912,-46,0,0,0
26.648868340000263,1779567228.4889505,8921,72842,6,12582912,-29,0,0,0
26.648868340000263,1779567228.4889505,8921,72843,7,12582912,-3,0,0,0
26.69171804100006,1779567228.5318,8922,72844,0,12582912,8,0,0,0
26.69171804100006,1779567228.5318,8922,72845,1,12582912,4,0,0,0
26.69171804100006,1779567228.5318,8922,72846,2,12582912,-7,0,0,0
26.69171804100006,1779567228.5318,8922,72847,3,12582912,-16,0,0,0
26.69171804100006,1779567228.5318,8922,72848,4,12582912,-10,0,0,0
26.69171804100006,1779567228.5318,8922,72849,5,12582912,13,0,0,0
26.69171804100006,1779567228.5318,8922,72850,6,12582912,42,0,0,0
26.69171804100006,1779567228.5318,8922,72851,7,12582912,66,0,0,0
26.71334846099853,1779567228.5534313,8923,72852,0,12582912,81,0,0,0
26.71334846099853,1779567228.5534313,8923,72853,1,12582912,89,0,0,0
26.71334846099853,1779567228.5534313,8923,72854,2,12582912,93,0,0,0
26.71334846099853,1779567228.5534313,8923,72855,3,12582912,94,0,0,0
26.71334846099853,1779567228.5534313,8923,72856,4,12582912,97,0,0,0
26.71334846099853,1779567228.5534313,8923,72857,5,12582912,107,0,0,0
26.71334846099853,1779567228.5534313,8923,72858,6,12582912,117,0,0,0
26.71334846099853,1779567228.5534313,8923,72859,7,12582912,122,0,0,0
26.756157276999147,1779567228.5962398,8924,72860,0,12582912,123,0,0,0
26.756157276999147,1779567228.5962398,8924,72861,1,12582912,130,0,0,0
26.756157276999147,1779567228.5962398,8924,72862,2,12582912,139,0,0,0
26.756157276999147,1779567228.5962398,8924,72863,3,12582912,141,0,0,0
26.756157276999147,1779567228.5962398,8924,72864,4,12582912,150,0,0,0
26.756157276999147,1779567228.5962398,8924,72865,5,12582912,175,0,0,0
26.756157276999147,1779567228.5962398,8924,72866,6,12582912,195,0,0,0
26.756157276999147,1779567228.5962398,8924,72867,7,12582912,195,0,0,0
26.793082321999464,1779567228.6331646,8925,72868,0,12582912,182,0,0,0
26.793082321999464,1779567228.6331646,8925,72869,1,12582912,170,0,0,0
26.793082321999464,1779567228.6331646,8925,72870,2,12582912,171,0,0,0
26.793082321999464,1779567228.6331646,8925,72871,3,12582912,195,0,0,0
26.793082321999464,1779567228.6331646,8925,72872,4,12582912,226,0,0,0
26.793082321999464,1779567228.6331646,8925,72873,5,12582912,247,0,0,0
26.793082321999464,1779567228.6331646,8925,72874,6,12582912,249,0,0,0
26.793082321999464,1779567228.6331646,8925,72875,7,12582912,245,0,0,0
26.82803010399948,1779567228.6681123,8926,72876,0,12582912,249,0,0,0
26.82803010399948,1779567228.6681123,8926,72877,1,12582912,253,0,0,0
26.82803010399948,1779567228.6681123,8926,72878,2,12582912,283,0,0,0
26.82803010399948,1779567228.6681123,8926,72879,3,12582912,376,0,0,0
26.82803010399948,1779567228.6681123,8926,72880,4,12582912,496,0,0,0
26.82803010399948,1779567228.6681123,8926,72881,5,12582912,589,0,0,0
26.82803010399948,1779567228.6681123,8926,72882,6,12582912,657,0,0,0
26.82803010399948,1779567228.6681123,8926,72883,7,12582912,706,0,0,0
26.849695054999756,1779567228.6897771,8927,72884,0,12582912,718,0,0,0
26.849695054999756,1779567228.6897771,8927,72885,1,12582912,701,0,0,0
26.849695054999756,1779567228.6897771,8927,72886,2,12582912,677,0,0,0
26.849695054999756,1779567228.6897771,8927,72887,3,12582912,660,0,0,0
26.849695054999756,1779567228.6897771,8927,72888,4,12582912,655,0,0,0
26.849695054999756,1779567228.6897771,8927,72889,5,12582912,648,0,0,0
26.849695054999756,1779567228.6897771,8927,72890,6,12582912,643,0,0,0
26.849695054999756,1779567228.6897771,8927,72891,7,12582912,652,0,0,0
26.892410122,1779567228.7324922,8928,72892,0,12582912,658,0,0,0
26.892410122,1779567228.7324922,8928,72893,1,12582912,661,0,0,0
26.892410122,1779567228.7324922,8928,72894,2,12582912,682,0,0,0
26.892410122,1779567228.7324922,8928,72895,3,12582912,685,0,0,0
26.892410122,1779567228.7324922,8928,72896,4,12582912,625,0,0,0
26.892410122,1779567228.7324922,8928,72897,5,12582912,522,0,0,0
26.892410122,1779567228.7324922,8928,72898,6,12582912,467,0,0,0
26.892410122,1779567228.7324922,8928,72899,7,12582912,514,0,0,0
26.914046271998814,1779567228.7541287,8929,72900,0,12582912,582,0,0,0
26.914046271998814,1779567228.7541287,8929,72901,1,12582912,609,0,0,0
26.914046271998814,1779567228.7541287,8929,72902,2,12582912,600,0,0,0
26.914046271998814,1779567228.7541287,8929,72903,3,12582912,552,0,0,0
26.914046271998814,1779567228.7541287,8929,72904,4,12582912,493,0,0,0
26.914046271998814,1779567228.7541287,8929,72905,5,12582912,486,0,0,0
26.914046271998814,1779567228.7541287,8929,72906,6,12582912,542,0,0,0
26.914046271998814,1779567228.7541287,8929,72907,7,12582912,571,0,0,0
26.96199287899981,1779567228.8020744,8930,72908,0,12582912,525,0,0,0
26.96199287899981,1779567228.8020744,8930,72909,1,12582912,479,0,0,0
26.96199287899981,1779567228.8020744,8930,72910,2,12582912,485,0,0,0
26.96199287899981,1779567228.8020744,8930,72911,3,12582912,524,0,0,0
26.96199287899981,1779567228.8020744,8930,72912,4,12582912,583,0,0,0
26.96199287899981,1779567228.8020744,8930,72913,5,12582912,606,0,0,0
26.96199287899981,1779567228.8020744,8930,72914,6,12582912,563,0,0,0
26.96199287899981,1779567228.8020744,8930,72915,7,12582912,484,0,0,0
27.000022334999812,1779567228.8401039,8931,72916,0,12582912,428,0,0,0
27.000022334999812,1779567228.8401039,8931,72917,1,12582912,451,0,0,0
27.000022334999812,1779567228.8401039,8931,72918,2,12582912,531,0,0,0
27.000022334999812,1779567228.8401039,8931,72919,3,12582912,604,0,0,0
27.000022334999812,1779567228.8401039,8931,72920,4,12582912,610,0,0,0
27.000022334999812,1779567228.8401039,8931,72921,5,12582912,554,0,0,0
27.000022334999812,1779567228.8401039,8931,72922,6,12582912,522,0,0,0
27.000022334999812,1779567228.8401039,8931,72923,7,12582912,534,0,0,0
27.02131786499922,1779567228.861399,8932,72924,0,12582912,546,0,0,0
27.02131786499922,1779567228.861399,8932,72925,1,12582912,535,0,0,0
27.02131786499922,1779567228.861399,8932,72926,2,12582912,455,0,0,0
27.02131786499922,1779567228.861399,8932,72927,3,12582912,343,0,0,0
27.02131786499922,1779567228.861399,8932,72928,4,12582912,377,0,0,0
27.02131786499922,1779567228.861399,8932,72929,5,12582912,521,0,0,0
27.02131786499922,1779567228.861399,8932,72930,6,12582912,532,0,0,0
27.02131786499922,1779567228.861399,8932,72931,7,12582912,435,0,0,0
27.043178281999644,1779567228.8832605,8933,72932,0,12582912,388,0,0,0
27.043178281999644,1779567228.8832605,8933,72933,1,12582912,395,0,0,0
27.043178281999644,1779567228.8832605,8933,72934,2,12582912,413,0,0,0
27.043178281999644,1779567228.8832605,8933,72935,3,12582912,372,0,0,0
27.043178281999644,1779567228.8832605,8933,72936,4,12582912,274,0,0,0
27.043178281999644,1779567228.8832605,8933,72937,5,12582912,204,0,0,0
27.043178281999644,1779567228.8832605,8933,72938,6,12582912,136,0,0,0
27.043178281999644,1779567228.8832605,8933,72939,7,12582912,40,0,0,0
27.070712627999455,1779567228.910794,8934,72940,0,12582912,5,0,0,0
27.070712627999455,1779567228.910794,8934,72941,1,12582912,79,0,0,0
27.070712627999455,1779567228.910794,8934,72942,2,12582912,166,0,0,0
27.070712627999455,1779567228.910794,8934,72943,3,12582912,157,0,0,0
27.070712627999455,1779567228.910794,8934,72944,4,12582912,77,0,0,0
27.070712627999455,1779567228.910794,8934,72945,5,12582912,26,0,0,0
27.070712627999455,1779567228.910794,8934,72946,6,12582912,15,0,0,0
27.070712627999455,1779567228.910794,8934,72947,7,12582912,-15,0,0,0
27.163964003999354,1779567229.0040455,8935,72948,0,12582912,-73,0,0,0
27.163964003999354,1779567229.0040455,8935,72949,1,12582912,-126,0,0,0
27.163964003999354,1779567229.0040455,8935,72950,2,12582912,-121,0,0,0
27.163964003999354,1779567229.0040455,8935,72951,3,12582912,-39,0,0,0
27.163964003999354,1779567229.0040455,8935,72952,4,12582912,16,0,0,0
27.163964003999354,1779567229.0040455,8935,72953,5,12582912,-9,0,0,0
27.163964003999354,1779567229.0040455,8935,72954,6,12582912,-42,0,0,0
27.163964003999354,1779567229.0040455,8935,72955,7,12582912,-57,0,0,0
27.164192906999233,1779567229.0042732,8936,72956,0,12582912,-92,0,0,0
27.164192906999233,1779567229.0042732,8936,72957,1,12582912,-123,0,0,0
27.164192906999233,1779567229.0042732,8936,72958,2,12582912,-130,0,0,0
27.164192906999233,1779567229.0042732,8936,72959,3,12582912,-146,0,0,0
27.164192906999233,1779567229.0042732,8936,72960,4,12582912,-160,0,0,0
27.164192906999233,1779567229.0042732,8936,72961,5,12582912,-145,0,0,0
27.164192906999233,1779567229.0042732,8936,72962,6,12582912,-101,0,0,0
27.164192906999233,1779567229.0042732,8936,72963,7,12582912,-85,0,0,0
27.164399362998665,1779567229.0044804,8937,72964,0,12582912,-108,0,0,0
27.164399362998665,1779567229.0044804,8937,72965,1,12582912,-120,0,0,0
27.164399362998665,1779567229.0044804,8937,72966,2,12582912,-125,0,0,0
27.164399362998665,1779567229.0044804,8937,72967,3,12582912,-142,0,0,0
27.164399362998665,1779567229.0044804,8937,72968,4,12582912,-166,0,0,0
27.164399362998665,1779567229.0044804,8937,72969,5,12582912,-169,0,0,0
27.164399362998665,1779567229.0044804,8937,72970,6,12582912,-170,0,0,0
27.164399362998665,1779567229.0044804,8937,72971,7,12582912,-197,0,0,0
27.197025511999527,1779567229.0371077,8938,72972,0,12582912,-213,0,0,0
27.197025511999527,1779567229.0371077,8938,72973,1,12582912,-194,0,0,0
27.197025511999527,1779567229.0371077,8938,72974,2,12582912,-157,0,0,0
27.197025511999527,1779567229.0371077,8938,72975,3,12582912,-108,0,0,0
27.197025511999527,1779567229.0371077,8938,72976,4,12582912,-87,0,0,0
27.197025511999527,1779567229.0371077,8938,72977,5,12582912,-123,0,0,0
27.197025511999527,1779567229.0371077,8938,72978,6,12582912,-155,0,0,0
27.197025511999527,1779567229.0371077,8938,72979,7,12582912,-162,0,0,0
27.239660580999043,1779567229.079743,8939,72980,0,12582912,-181,0,0,0
27.239660580999043,1779567229.079743,8939,72981,1,12582912,-205,0,0,0
27.239660580999043,1779567229.079743,8939,72982,2,12582912,-263,0,0,0
27.239660580999043,1779567229.079743,8939,72983,3,12582912,-301,0,0,0
27.239660580999043,1779567229.079743,8939,72984,4,12582912,-209,0,0,0
27.239660580999043,1779567229.079743,8939,72985,5,12582912,-79,0,0,0
27.239660580999043,1779567229.079743,8939,72986,6,12582912,-35,0,0,0
27.239660580999043,1779567229.079743,8939,72987,7,12582912,-65,0,0,0
27.264994594999735,1779567229.105077,8940,72988,0,12582912,-120,0,0,0
27.264994594999735,1779567229.105077,8940,72989,1,12582912,-182,0,0,0
27.264994594999735,1779567229.105077,8940,72990,2,12582912,-235,0,0,0
27.264994594999735,1779567229.105077,8940,72991,3,12582912,-228,0,0,0
27.264994594999735,1779567229.105077,8940,72992,4,12582912,-156,0,0,0
27.264994594999735,1779567229.105077,8940,72993,5,12582912,-130,0,0,0
27.264994594999735,1779567229.105077,8940,72994,6,12582912,-160,0,0,0
27.264994594999735,1779567229.105077,8940,72995,7,12582912,-124,0,0,0
27.30798575299923,1779567229.148068,8941,72996,0,12582912,-63,0,0,0
27.30798575299923,1779567229.148068,8941,72997,1,12582912,-90,0,0,0
27.30798575299923,1779567229.148068,8941,72998,2,12582912,-152,0,0,0
27.30798575299923,1779567229.148068,8941,72999,3,12582912,-166,0,0,0
27.30798575299923,1779567229.148068,8941,73000,4,12582912,-144,0,0,0
27.30798575299923,1779567229.148068,8941,73001,5,12582912,-129,0,0,0
27.30798575299923,1779567229.148068,8941,73002,6,12582912,-141,0,0,0
27.30798575299923,1779567229.148068,8941,73003,7,12582912,-177,0,0,0
27.34297827499904,1779567229.1830604,8942,73004,0,12582912,-196,0,0,0
27.34297827499904,1779567229.1830604,8942,73005,1,12582912,-154,0,0,0
27.34297827499904,1779567229.1830604,8942,73006,2,12582912,-74,0,0,0
27.34297827499904,1779567229.1830604,8942,73007,3,12582912,-56,0,0,0
27.34297827499904,1779567229.1830604,8942,73008,4,12582912,-121,0,0,0
27.34297827499904,1779567229.1830604,8942,73009,5,12582912,-167,0,0,0
27.34297827499904,1779567229.1830604,8942,73010,6,12582912,-144,0,0,0
27.34297827499904,1779567229.1830604,8942,73011,7,12582912,-110,0,0,0
27.364616195000053,1779567229.204698,8943,73012,0,12582912,-106,0,0,0
27.364616195000053,1779567229.204698,8943,73013,1,12582912,-119,0,0,0
27.364616195000053,1779567229.204698,8943,73014,2,12582912,-140,0,0,0
27.364616195000053,1779567229.204698,8943,73015,3,12582912,-149,0,0,0
27.364616195000053,1779567229.204698,8943,73016,4,12582912,-126,0,0,0
27.364616195000053,1779567229.204698,8943,73017,5,12582912,-99,0,0,0
27.364616195000053,1779567229.204698,8943,73018,6,12582912,-93,0,0,0
27.364616195000053,1779567229.204698,8943,73019,7,12582912,-105,0,0,0
27.4571816459993,1779567229.2972639,8944,73020,0,12582912,-118,0,0,0
27.4571816459993,1779567229.2972639,8944,73021,1,12582912,-112,0,0,0
27.4571816459993,1779567229.2972639,8944,73022,2,12582912,-95,0,0,0
27.4571816459993,1779567229.2972639,8944,73023,3,12582912,-89,0,0,0
27.4571816459993,1779567229.2972639,8944,73024,4,12582912,-111,0,0,0
27.4571816459993,1779567229.2972639,8944,73025,5,12582912,-154,0,0,0
27.4571816459993,1779567229.2972639,8944,73026,6,12582912,-169,0,0,0
27.4571816459993,1779567229.2972639,8944,73027,7,12582912,-139,0,0,0
27.463020885999867,1779567229.303104,8945,73028,0,12582912,-100,0,0,0
27.463020885999867,1779567229.303104,8945,73029,1,12582912,-78,0,0,0
27.463020885999867,1779567229.303104,8945,73030,2,12582912,-76,0,0,0
27.463020885999867,1779567229.303104,8945,73031,3,12582912,-92,0,0,0
27.463020885999867,1779567229.303104,8945,73032,4,12582912,-117,0,0,0
27.463020885999867,1779567229.303104,8945,73033,5,12582912,-129,0,0,0
27.463020885999867,1779567229.303104,8945,73034,6,12582912,-108,0,0,0
27.463020885999867,1779567229.303104,8945,73035,7,12582912,-82,0,0,0
27.463441608999346,1779567229.3035228,8946,73036,0,12582912,-73,0,0,0
27.463441608999346,1779567229.3035228,8946,73037,1,12582912,-76,0,0,0
27.463441608999346,1779567229.3035228,8946,73038,2,12582912,-97,0,0,0
27.463441608999346,1779567229.3035228,8946,73039,3,12582912,-125,0,0,0
27.463441608999346,1779567229.3035228,8946,73040,4,12582912,-109,0,0,0
27.463441608999346,1779567229.3035228,8946,73041,5,12582912,-59,0,0,0
27.463441608999346,1779567229.3035228,8946,73042,6,12582912,-41,0,0,0
27.463441608999346,1779567229.3035228,8946,73043,7,12582912,-64,0,0,0
27.50615902000027,1779567229.3462405,8947,73044,0,12582912,-90,0,0,0
27.50615902000027,1779567229.3462405,8947,73045,1,12582912,-100,0,0,0
27.50615902000027,1779567229.3462405,8947,73046,2,12582912,-95,0,0,0
27.50615902000027,1779567229.3462405,8947,73047,3,12582912,-90,0,0,0
27.50615902000027,1779567229.3462405,8947,73048,4,12582912,-89,0,0,0
27.50615902000027,1779567229.3462405,8947,73049,5,12582912,-92,0,0,0
27.50615902000027,1779567229.3462405,8947,73050,6,12582912,-114,0,0,0
27.50615902000027,1779567229.3462405,8947,73051,7,12582912,-127,0,0,0
27.527468403999592,1779567229.3675497,8948,73052,0,12582912,-91,0,0,0
27.527468403999592,1779567229.3675497,8948,73053,1,12582912,-53,0,0,0
27.527468403999592,1779567229.3675497,8948,73054,2,12582912,-50,0,0,0
27.527468403999592,1779567229.3675497,8948,73055,3,12582912,-63,0,0,0
27.527468403999592,1779567229.3675497,8948,73056,4,12582912,-74,0,0,0
27.527468403999592,1779567229.3675497,8948,73057,5,12582912,-82,0,0,0
27.527468403999592,1779567229.3675497,8948,73058,6,12582912,-94,0,0,0
27.527468403999592,1779567229.3675497,8948,73059,7,12582912,-100,0,0,0
27.569699624998975,1779567229.409781,8949,73060,0,12582912,-85,0,0,0
27.569699624998975,1779567229.409781,8949,73061,1,12582912,-64,0,0,0
27.569699624998975,1779567229.409781,8949,73062,2,12582912,-60,0,0,0
27.569699624998975,1779567229.409781,8949,73063,3,12582912,-69,0,0,0
27.569699624998975,1779567229.409781,8949,73064,4,12582912,-75,0,0,0
27.569699624998975,1779567229.409781,8949,73065,5,12582912,-76,0,0,0
27.569699624998975,1779567229.409781,8949,73066,6,12582912,-70,0,0,0
27.569699624998975,1779567229.409781,8949,73067,7,12582912,-65,0,0,0
27.610788100999343,1779567229.4508698,8950,73068,0,12582912,-72,0,0,0
27.610788100999343,1779567229.4508698,8950,73069,1,12582912,-80,0,0,0
27.610788100999343,1779567229.4508698,8950,73070,2,12582912,-69,0,0,0
27.610788100999343,1779567229.4508698,8950,73071,3,12582912,-46,0,0,0
27.610788100999343,1779567229.4508698,8950,73072,4,12582912,-36,0,0,0
27.610788100999343,1779567229.4508698,8950,73073,5,12582912,-42,0,0,0
27.610788100999343,1779567229.4508698,8950,73074,6,12582912,-53,0,0,0
27.610788100999343,1779567229.4508698,8950,73075,7,12582912,-68,0,0,0
27.63224565999917,1779567229.472328,8951,73076,0,12582912,-79,0,0,0
27.63224565999917,1779567229.472328,8951,73077,1,12582912,-81,0,0,0
27.63224565999917,1779567229.472328,8951,73078,2,12582912,-77,0,0,0
27.63224565999917,1779567229.472328,8951,73079,3,12582912,-69,0,0,0
27.63224565999917,1779567229.472328,8951,73080,4,12582912,-56,0,0,0
27.63224565999917,1779567229.472328,8951,73081,5,12582912,-44,0,0,0
27.63224565999917,1779567229.472328,8951,73082,6,12582912,-46,0,0,0
27.63224565999917,1779567229.472328,8951,73083,7,12582912,-58,0,0,0
27.653834519000156,1779567229.4939167,8952,73084,0,12582912,-71,0,0,0
27.653834519000156,1779567229.4939167,8952,73085,1,12582912,-75,0,0,0
27.653834519000156,1779567229.4939167,8952,73086,2,12582912,-71,0,0,0
27.653834519000156,1779567229.4939167,8952,73087,3,12582912,-65,0,0,0
27.653834519000156,1779567229.4939167,8952,73088,4,12582912,-61,0,0,0
27.653834519000156,1779567229.4939167,8952,73089,5,12582912,-61,0,0,0
27.653834519000156,1779567229.4939167,8952,73090,6,12582912,-63,0,0,0
27.653834519000156,1779567229.4939167,8952,73091,7,12582912,-62,0,0,0
27.696712031998686,1779567229.5367944,8953,73092,0,12582912,-59,0,0,0
27.696712031998686,1779567229.5367944,8953,73093,1,12582912,-58,0,0,0
27.696712031998686,1779567229.5367944,8953,73094,2,12582912,-61,0,0,0
27.696712031998686,1779567229.5367944,8953,73095,3,12582912,-64,0,0,0
27.696712031998686,1779567229.5367944,8953,73096,4,12582912,-63,0,0,0
27.696712031998686,1779567229.5367944,8953,73097,5,12582912,-60,0,0,0
27.696712031998686,1779567229.5367944,8953,73098,6,12582912,-63,0,0,0
27.696712031998686,1779567229.5367944,8953,73099,7,12582912,-73,0,0,0
27.718471045000115,1779567229.5585537,8954,73100,0,12582912,-73,0,0,0
27.718471045000115,1779567229.5585537,8954,73101,1,12582912,-62,0,0,0
27.718471045000115,1779567229.5585537,8954,73102,2,12582912,-56,0,0,0
27.718471045000115,1779567229.5585537,8954,73103,3,12582912,-56,0,0,0
27.718471045000115,1779567229.5585537,8954,73104,4,12582912,-53,0,0,0
27.718471045000115,1779567229.5585537,8954,73105,5,12582912,-53,0,0,0
27.718471045000115,1779567229.5585537,8954,73106,6,12582912,-57,0,0,0
27.718471045000115,1779567229.5585537,8954,73107,7,12582912,-59,0,0,0
27.761191372999747,1779567229.6012735,8955,73108,0,12582912,-59,0,0,0
27.761191372999747,1779567229.6012735,8955,73109,1,12582912,-57,0,0,0
27.761191372999747,1779567229.6012735,8955,73110,2,12582912,-55,0,0,0
27.761191372999747,1779567229.6012735,8955,73111,3,12582912,-52,0,0,0
27.761191372999747,1779567229.6012735,8955,73112,4,12582912,-51,0,0,0
27.761191372999747,1779567229.6012735,8955,73113,5,12582912,-51,0,0,0
27.761191372999747,1779567229.6012735,8955,73114,6,12582912,-52,0,0,0
27.761191372999747,1779567229.6012735,8955,73115,7,12582912,-54,0,0,0
27.81378744599897,1779567229.6538696,8956,73116,0,12582912,-54,0,0,0
27.81378744599897,1779567229.6538696,8956,73117,1,12582912,-53,0,0,0
27.81378744599897,1779567229.6538696,8956,73118,2,12582912,-54,0,0,0
27.81378744599897,1779567229.6538696,8956,73119,3,12582912,-58,0,0,0
27.81378744599897,1779567229.6538696,8956,73120,4,12582912,-62,0,0,0
27.81378744599897,1779567229.6538696,8956,73121,5,12582912,-63,0,0,0
27.81378744599897,1779567229.6538696,8956,73122,6,12582912,-62,0,0,0
27.81378744599897,1779567229.6538696,8956,73123,7,12582912,-58,0,0,0
27.87114470099914,1779567229.711227,8957,73124,0,12582912,-56,0,0,0
27.87114470099914,1779567229.711227,8957,73125,1,12582912,-55,0,0,0
27.87114470099914,1779567229.711227,8957,73126,2,12582912,-56,0,0,0
27.87114470099914,1779567229.711227,8957,73127,3,12582912,-58,0,0,0
27.87114470099914,1779567229.711227,8957,73128,4,12582912,-59,0,0,0
27.87114470099914,1779567229.711227,8957,73129,5,12582912,-59,0,0,0
27.87114470099914,1779567229.711227,8957,73130,6,12582912,-59,0,0,0
27.87114470099914,1779567229.711227,8957,73131,7,12582912,-59,0,0,0
27.87146427999869,1779567229.711545,8958,73132,0,12582912,-59,0,0,0
27.87146427999869,1779567229.711545,8958,73133,1,12582912,-60,0,0,0
27.87146427999869,1779567229.711545,8958,73134,2,12582912,-63,0,0,0
27.87146427999869,1779567229.711545,8958,73135,3,12582912,-63,0,0,0
27.87146427999869,1779567229.711545,8958,73136,4,12582912,-59,0,0,0
27.87146427999869,1779567229.711545,8958,73137,5,12582912,-56,0,0,0
27.87146427999869,1779567229.711545,8958,73138,6,12582912,-56,0,0,0
27.87146427999869,1779567229.711545,8958,73139,7,12582912,-60,0,0,0
27.9070656469994,1779567229.7471478,8959,73140,0,12582912,-68,0,0,0
27.9070656469994,1779567229.7471478,8959,73141,1,12582912,-73,0,0,0
27.9070656469994,1779567229.7471478,8959,73142,2,12582912,-75,0,0,0
27.9070656469994,1779567229.7471478,8959,73143,3,12582912,-75,0,0,0
27.9070656469994,1779567229.7471478,8959,73144,4,12582912,-76,0,0,0
27.9070656469994,1779567229.7471478,8959,73145,5,12582912,-77,0,0,0
27.9070656469994,1779567229.7471478,8959,73146,6,12582912,-75,0,0,0
27.9070656469994,1779567229.7471478,8959,73147,7,12582912,-70,0,0,0
27.907383402998676,1779567229.7474642,8960,73148,0,12582912,-67,0,0,0
27.907383402998676,1779567229.7474642,8960,73149,1,12582912,-65,0,0,0
27.907383402998676,1779567229.7474642,8960,73150,2,12582912,-66,0,0,0
27.907383402998676,1779567229.7474642,8960,73151,3,12582912,-68,0,0,0
27.907383402998676,1779567229.7474642,8960,73152,4,12582912,-71,0,0,0
27.907383402998676,1779567229.7474642,8960,73153,5,12582912,-73,0,0,0
27.907383402998676,1779567229.7474642,8960,73154,6,12582912,-76,0,0,0
27.907383402998676,1779567229.7474642,8960,73155,7,12582912,-79,0,0,0
27.95008529400002,1779567229.7901678,8961,73156,0,12582912,-82,0,0,0
27.95008529400002,1779567229.7901678,8961,73157,1,12582912,-83,0,0,0
27.95008529400002,1779567229.7901678,8961,73158,2,12582912,-81,0,0,0
27.95008529400002,1779567229.7901678,8961,73159,3,12582912,-79,0,0,0
27.95008529400002,1779567229.7901678,8961,73160,4,12582912,-80,0,0,0
27.95008529400002,1779567229.7901678,8961,73161,5,12582912,-82,0,0,0
27.95008529400002,1779567229.7901678,8961,73162,6,12582912,-82,0,0,0
27.95008529400002,1779567229.7901678,8961,73163,7,12582912,-80,0,0,0
27.971818264999456,1779567229.8119004,8962,73164,0,12582912,-82,0,0,0
27.971818264999456,1779567229.8119004,8962,73165,1,12582912,-86,0,0,0
27.971818264999456,1779567229.8119004,8962,73166,2,12582912,-87,0,0,0
27.971818264999456,1779567229.8119004,8962,73167,3,12582912,-86,0,0,0
27.971818264999456,1779567229.8119004,8962,73168,4,12582912,-82,0,0,0
27.971818264999456,1779567229.8119004,8962,73169,5,12582912,-77,0,0,0
27.971818264999456,1779567229.8119004,8962,73170,6,12582912,-73,0,0,0
27.971818264999456,1779567229.8119004,8962,73171,7,12582912,-73,0,0,0
27.99972093999895,1779567229.8398032,8963,73172,0,12582912,-76,0,0,0
27.99972093999895,1779567229.8398032,8963,73173,1,12582912,-79,0,0,0
27.99972093999895,1779567229.8398032,8963,73174,2,12582912,-83,0,0,0
27.99972093999895,1779567229.8398032,8963,73175,3,12582912,-86,0,0,0
27.99972093999895,1779567229.8398032,8963,73176,4,12582912,-85,0,0,0
27.99972093999895,1779567229.8398032,8963,73177,5,12582912,-81,0,0,0
27.99972093999895,1779567229.8398032,8963,73178,6,12582912,-78,0,0,0
27.99972093999895,1779567229.8398032,8963,73179,7,12582912,-78,0,0,0
28.057846829999107,1779567229.897929,8964,73180,0,12582912,-80,0,0,0
28.057846829999107,1779567229.897929,8964,73181,1,12582912,-80,0,0,0
28.057846829999107,1779567229.897929,8964,73182,2,12582912,-77,0,0,0
28.057846829999107,1779567229.897929,8964,73183,3,12582912,-77,0,0,0
28.057846829999107,1779567229.897929,8964,73184,4,12582912,-81,0,0,0
28.057846829999107,1779567229.897929,8964,73185,5,12582912,-84,0,0,0
28.057846829999107,1779567229.897929,8964,73186,6,12582912,-84,0,0,0
28.057846829999107,1779567229.897929,8964,73187,7,12582912,-82,0,0,0
28.07958912399954,1779567229.9196715,8965,73188,0,12582912,-79,0,0,0
28.07958912399954,1779567229.9196715,8965,73189,1,12582912,-78,0,0,0
28.07958912399954,1779567229.9196715,8965,73190,2,12582912,-79,0,0,0
28.07958912399954,1779567229.9196715,8965,73191,3,12582912,-80,0,0,0
28.07958912399954,1779567229.9196715,8965,73192,4,12582912,-79,0,0,0
28.07958912399954,1779567229.9196715,8965,73193,5,12582912,-76,0,0,0
28.07958912399954,1779567229.9196715,8965,73194,6,12582912,-75,0,0,0
28.07958912399954,1779567229.9196715,8965,73195,7,12582912,-75,0,0,0
28.160000945999855,1779567230.0000827,8966,73196,0,12582912,-74,0,0,0
28.160000945999855,1779567230.0000827,8966,73197,1,12582912,-71,0,0,0
28.160000945999855,1779567230.0000827,8966,73198,2,12582912,-71,0,0,0
28.160000945999855,1779567230.0000827,8966,73199,3,12582912,-72,0,0,0
28.160000945999855,1779567230.0000827,8966,73200,4,12582912,-73,0,0,0
28.160000945999855,1779567230.0000827,8966,73201,5,12582912,-70,0,0,0
28.160000945999855,1779567230.0000827,8966,73202,6,12582912,-64,0,0,0
28.160000945999855,1779567230.0000827,8966,73203,7,12582912,-60,0,0,0
28.160225994999564,1779567230.0003061,8967,73204,0,12582912,-59,0,0,0
28.160225994999564,1779567230.0003061,8967,73205,1,12582912,-62,0,0,0
28.160225994999564,1779567230.0003061,8967,73206,2,12582912,-70,0,0,0
28.160225994999564,1779567230.0003061,8967,73207,3,12582912,-80,0,0,0
28.160225994999564,1779567230.0003061,8967,73208,4,12582912,-87,0,0,0
28.160225994999564,1779567230.0003061,8967,73209,5,12582912,-90,0,0,0
28.160225994999564,1779567230.0003061,8967,73210,6,12582912,-93,0,0,0
28.160225994999564,1779567230.0003061,8967,73211,7,12582912,-95,0,0,0
28.160425991998636,1779567230.0005062,8968,73212,0,12582912,-95,0,0,0
28.160425991998636,1779567230.0005062,8968,73213,1,12582912,-92,0,0,0
28.160425991998636,1779567230.0005062,8968,73214,2,12582912,-91,0,0,0
28.160425991998636,1779567230.0005062,8968,73215,3,12582912,-94,0,0,0
28.160425991998636,1779567230.0005062,8968,73216,4,12582912,-93,0,0,0
28.160425991998636,1779567230.0005062,8968,73217,5,12582912,-89,0,0,0
28.160425991998636,1779567230.0005062,8968,73218,6,12582912,-85,0,0,0
28.160425991998636,1779567230.0005062,8968,73219,7,12582912,-80,0,0,0
28.222562033999566,1779567230.0626445,8969,73220,0,12582912,-83,0,0,0
28.222562033999566,1779567230.0626445,8969,73221,1,12582912,-89,0,0,0
28.222562033999566,1779567230.0626445,8969,73222,2,12582912,-88,0,0,0
28.222562033999566,1779567230.0626445,8969,73223,3,12582912,-80,0,0,0
28.222562033999566,1779567230.0626445,8969,73224,4,12582912,-72,0,0,0
28.222562033999566,1779567230.0626445,8969,73225,5,12582912,-71,0,0,0
28.222562033999566,1779567230.0626445,8969,73226,6,12582912,-76,0,0,0
28.222562033999566,1779567230.0626445,8969,73227,7,12582912,-84,0,0,0
28.262016888998915,1779567230.1020992,8970,73228,0,12582912,-93,0,0,0
28.262016888998915,1779567230.1020992,8970,73229,1,12582912,-100,0,0,0
28.262016888998915,1779567230.1020992,8970,73230,2,12582912,-105,0,0,0
28.262016888998915,1779567230.1020992,8970,73231,3,12582912,-113,0,0,0
28.262016888998915,1779567230.1020992,8970,73232,4,12582912,-115,0,0,0
28.262016888998915,1779567230.1020992,8970,73233,5,12582912,-107,0,0,0
28.262016888998915,1779567230.1020992,8970,73234,6,12582912,-98,0,0,0
28.262016888998915,1779567230.1020992,8970,73235,7,12582912,-93,0,0,0
28.262407924999934,1779567230.1024888,8971,73236,0,12582912,-92,0,0,0
28.262407924999934,1779567230.1024888,8971,73237,1,12582912,-93,0,0,0
28.262407924999934,1779567230.1024888,8971,73238,2,12582912,-92,0,0,0
28.262407924999934,1779567230.1024888,8971,73239,3,12582912,-84,0,0,0
28.262407924999934,1779567230.1024888,8971,73240,4,12582912,-75,0,0,0
28.262407924999934,1779567230.1024888,8971,73241,5,12582912,-70,0,0,0
28.262407924999934,1779567230.1024888,8971,73242,6,12582912,-74,0,0,0
28.262407924999934,1779567230.1024888,8971,73243,7,12582912,-87,0,0,0
28.305133201998615,1779567230.1452155,8972,73244,0,12582912,-101,0,0,0
28.305133201998615,1779567230.1452155,8972,73245,1,12582912,-107,0,0,0
28.305133201998615,1779567230.1452155,8972,73246,2,12582912,-110,0,0,0
28.305133201998615,1779567230.1452155,8972,73247,3,12582912,-110,0,0,0
28.305133201998615,1779567230.1452155,8972,73248,4,12582912,-106,0,0,0
28.305133201998615,1779567230.1452155,8972,73249,5,12582912,-103,0,0,0
28.305133201998615,1779567230.1452155,8972,73250,6,12582912,-103,0,0,0
28.305133201998615,1779567230.1452155,8972,73251,7,12582912,-101,0,0,0
28.326880757000254,1779567230.1669633,8973,73252,0,12582912,-97,0,0,0
28.326880757000254,1779567230.1669633,8973,73253,1,12582912,-98,0,0,0
28.326880757000254,1779567230.1669633,8973,73254,2,12582912,-102,0,0,0
28.326880757000254,1779567230.1669633,8973,73255,3,12582912,-103,0,0,0
28.326880757000254,1779567230.1669633,8973,73256,4,12582912,-101,0,0,0
28.326880757000254,1779567230.1669633,8973,73257,5,12582912,-96,0,0,0
28.326880757000254,1779567230.1669633,8973,73258,6,12582912,-88,0,0,0
28.326880757000254,1779567230.1669633,8973,73259,7,12582912,-76,0,0,0
28.361901039999793,1779567230.2019835,8974,73260,0,12582912,-69,0,0,0
28.361901039999793,1779567230.2019835,8974,73261,1,12582912,-70,0,0,0
28.361901039999793,1779567230.2019835,8974,73262,2,12582912,-66,0,0,0
28.361901039999793,1779567230.2019835,8974,73263,3,12582912,-61,0,0,0
28.361901039999793,1779567230.2019835,8974,73264,4,12582912,-63,0,0,0
28.361901039999793,1779567230.2019835,8974,73265,5,12582912,-65,0,0,0
28.361901039999793,1779567230.2019835,8974,73266,6,12582912,-57,0,0,0
28.361901039999793,1779567230.2019835,8974,73267,7,12582912,-41,0,0,0
28.383619584999906,1779567230.2237015,8975,73268,0,12582912,-31,0,0,0
28.383619584999906,1779567230.2237015,8975,73269,1,12582912,-30,0,0,0
28.383619584999906,1779567230.2237015,8975,73270,2,12582912,-27,0,0,0
28.383619584999906,1779567230.2237015,8975,73271,3,12582912,-19,0,0,0
28.383619584999906,1779567230.2237015,8975,73272,4,12582912,-13,0,0,0
28.383619584999906,1779567230.2237015,8975,73273,5,12582912,-10,0,0,0
28.383619584999906,1779567230.2237015,8975,73274,6,12582912,-1,0,0,0
28.383619584999906,1779567230.2237015,8975,73275,7,12582912,16,0,0,0
28.42641001699849,1779567230.266492,8976,73276,0,12582912,34,0,0,0
28.42641001699849,1779567230.266492,8976,73277,1,12582912,45,0,0,0
28.42641001699849,1779567230.266492,8976,73278,2,12582912,54,0,0,0
28.42641001699849,1779567230.266492,8976,73279,3,12582912,62,0,0,0
28.42641001699849,1779567230.266492,8976,73280,4,12582912,70,0,0,0
28.42641001699849,1779567230.266492,8976,73281,5,12582912,75,0,0,0
28.42641001699849,1779567230.266492,8976,73282,6,12582912,75,0,0,0
28.42641001699849,1779567230.266492,8976,73283,7,12582912,89,0,0,0
28.4628532480001,1779567230.3029358,8977,73284,0,12582912,152,0,0,0
28.4628532480001,1779567230.3029358,8977,73285,1,12582912,266,0,0,0
28.4628532480001,1779567230.3029358,8977,73286,2,12582912,384,0,0,0
28.4628532480001,1779567230.3029358,8977,73287,3,12582912,473,0,0,0
28.4628532480001,1779567230.3029358,8977,73288,4,12582912,526,0,0,0
28.4628532480001,1779567230.3029358,8977,73289,5,12582912,547,0,0,0
28.4628532480001,1779567230.3029358,8977,73290,6,12582912,551,0,0,0
28.4628532480001,1779567230.3029358,8977,73291,7,12582912,550,0,0,0
28.484494189999168,1779567230.3245766,8978,73292,0,12582912,545,0,0,0
28.484494189999168,1779567230.3245766,8978,73293,1,12582912,538,0,0,0
28.484494189999168,1779567230.3245766,8978,73294,2,12582912,532,0,0,0
28.484494189999168,1779567230.3245766,8978,73295,3,12582912,526,0,0,0
28.484494189999168,1779567230.3245766,8978,73296,4,12582912,524,0,0,0
28.484494189999168,1779567230.3245766,8978,73297,5,12582912,533,0,0,0
28.484494189999168,1779567230.3245766,8978,73298,6,12582912,544,0,0,0
28.484494189999168,1779567230.3245766,8978,73299,7,12582912,540,0,0,0
28.511907288999282,1779567230.3519895,8979,73300,0,12582912,521,0,0,0
28.511907288999282,1779567230.3519895,8979,73301,1,12582912,500,0,0,0
28.511907288999282,1779567230.3519895,8979,73302,2,12582912,491,0,0,0
28.511907288999282,1779567230.3519895,8979,73303,3,12582912,488,0,0,0
28.511907288999282,1779567230.3519895,8979,73304,4,12582912,478,0,0,0
28.511907288999282,1779567230.3519895,8979,73305,5,12582912,462,0,0,0
28.511907288999282,1779567230.3519895,8979,73306,6,12582912,459,0,0,0
28.511907288999282,1779567230.3519895,8979,73307,7,12582912,467,0,0,0
28.554808240998682,1779567230.3948908,8980,73308,0,12582912,467,0,0,0
28.554808240998682,1779567230.3948908,8980,73309,1,12582912,455,0,0,0
28.554808240998682,1779567230.3948908,8980,73310,2,12582912,441,0,0,0
28.554808240998682,1779567230.3948908,8980,73311,3,12582912,435,0,0,0
28.554808240998682,1779567230.3948908,8980,73312,4,12582912,429,0,0,0
28.554808240998682,1779567230.3948908,8980,73313,5,12582912,415,0,0,0
28.554808240998682,1779567230.3948908,8980,73314,6,12582912,398,0,0,0
28.554808240998682,1779567230.3948908,8980,73315,7,12582912,394,0,0,0
28.576440692999313,1779567230.4165232,8981,73316,0,12582912,406,0,0,0
28.576440692999313,1779567230.4165232,8981,73317,1,12582912,405,0,0,0
28.576440692999313,1779567230.4165232,8981,73318,2,12582912,395,0,0,0
28.576440692999313,1779567230.4165232,8981,73319,3,12582912,396,0,0,0
28.576440692999313,1779567230.4165232,8981,73320,4,12582912,405,0,0,0
28.576440692999313,1779567230.4165232,8981,73321,5,12582912,396,0,0,0
28.576440692999313,1779567230.4165232,8981,73322,6,12582912,374,0,0,0
28.576440692999313,1779567230.4165232,8981,73323,7,12582912,355,0,0,0
28.681817889999365,1779567230.5219,8982,73324,0,12582912,355,0,0,0
28.681817889999365,1779567230.5219,8982,73325,1,12582912,363,0,0,0
28.681817889999365,1779567230.5219,8982,73326,2,12582912,351,0,0,0
28.681817889999365,1779567230.5219,8982,73327,3,12582912,333,0,0,0
28.681817889999365,1779567230.5219,8982,73328,4,12582912,321,0,0,0
28.681817889999365,1779567230.5219,8982,73329,5,12582912,320,0,0,0
28.681817889999365,1779567230.5219,8982,73330,6,12582912,339,0,0,0
28.681817889999365,1779567230.5219,8982,73331,7,12582912,355,0,0,0
28.682129864999297,1779567230.5222106,8983,73332,0,12582912,356,0,0,0
28.682129864999297,1779567230.5222106,8983,73333,1,12582912,334,0,0,0
28.682129864999297,1779567230.5222106,8983,73334,2,12582912,294,0,0,0
28.682129864999297,1779567230.5222106,8983,73335,3,12582912,275,0,0,0
28.682129864999297,1779567230.5222106,8983,73336,4,12582912,295,0,0,0
28.682129864999297,1779567230.5222106,8983,73337,5,12582912,325,0,0,0
28.682129864999297,1779567230.5222106,8983,73338,6,12582912,325,0,0,0
28.682129864999297,1779567230.5222106,8983,73339,7,12582912,304,0,0,0
28.682501213999785,1779567230.522582,8984,73340,0,12582912,297,0,0,0
28.682501213999785,1779567230.522582,8984,73341,1,12582912,301,0,0,0
28.682501213999785,1779567230.522582,8984,73342,2,12582912,305,0,0,0
28.682501213999785,1779567230.522582,8984,73343,3,12582912,319,0,0,0
28.682501213999785,1779567230.522582,8984,73344,4,12582912,323,0,0,0
28.682501213999785,1779567230.522582,8984,73345,5,12582912,292,0,0,0
28.682501213999785,1779567230.522582,8984,73346,6,12582912,256,0,0,0
28.682501213999785,1779567230.522582,8984,73347,7,12582912,273,0,0,0
28.70412663499883,1779567230.544209,8985,73348,0,12582912,322,0,0,0
28.70412663499883,1779567230.544209,8985,73349,1,12582912,312,0,0,0
28.70412663499883,1779567230.544209,8985,73350,2,12582912,225,0,0,0
28.70412663499883,1779567230.544209,8985,73351,3,12582912,176,0,0,0
28.70412663499883,1779567230.544209,8985,73352,4,12582912,232,0,0,0
28.70412663499883,1779567230.544209,8985,73353,5,12582912,314,0,0,0
28.70412663499883,1779567230.544209,8985,73354,6,12582912,355,0,0,0
28.70412663499883,1779567230.544209,8985,73355,7,12582912,359,0,0,0
28.746878734998973,1779567230.5869608,8986,73356,0,12582912,342,0,0,0
28.746878734998973,1779567230.5869608,8986,73357,1,12582912,294,0,0,0
28.746878734998973,1779567230.5869608,8986,73358,2,12582912,212,0,0,0
28.746878734998973,1779567230.5869608,8986,73359,3,12582912,165,0,0,0
28.746878734998973,1779567230.5869608,8986,73360,4,12582912,197,0,0,0
28.746878734998973,1779567230.5869608,8986,73361,5,12582912,276,0,0,0
28.746878734998973,1779567230.5869608,8986,73362,6,12582912,354,0,0,0
28.746878734998973,1779567230.5869608,8986,73363,7,12582912,368,0,0,0
28.768524676999732,1779567230.608607,8987,73364,0,12582912,298,0,0,0
28.768524676999732,1779567230.608607,8987,73365,1,12582912,213,0,0,0
28.768524676999732,1779567230.608607,8987,73366,2,12582912,214,0,0,0
28.768524676999732,1779567230.608607,8987,73367,3,12582912,258,0,0,0
28.768524676999732,1779567230.608607,8987,73368,4,12582912,243,0,0,0
28.768524676999732,1779567230.608607,8987,73369,5,12582912,230,0,0,0
28.768524676999732,1779567230.608607,8987,73370,6,12582912,248,0,0,0
28.768524676999732,1779567230.608607,8987,73371,7,12582912,237,0,0,0
28.8113017759988,1779567230.651384,8988,73372,0,12582912,225,0,0,0
28.8113017759988,1779567230.651384,8988,73373,1,12582912,258,0,0,0
28.8113017759988,1779567230.651384,8988,73374,2,12582912,286,0,0,0
28.8113017759988,1779567230.651384,8988,73375,3,12582912,222,0,0,0
28.8113017759988,1779567230.651384,8988,73376,4,12582912,137,0,0,0
28.8113017759988,1779567230.651384,8988,73377,5,12582912,131,0,0,0
28.8113017759988,1779567230.651384,8988,73378,6,12582912,167,0,0,0
28.8113017759988,1779567230.651384,8988,73379,7,12582912,211,0,0,0
28.83293735299958,1779567230.6730192,8989,73380,0,12582912,257,0,0,0
28.83293735299958,1779567230.6730192,8989,73381,1,12582912,252,0,0,0
28.83293735299958,1779567230.6730192,8989,73382,2,12582912,191,0,0,0
28.83293735299958,1779567230.6730192,8989,73383,3,12582912,144,0,0,0
28.83293735299958,1779567230.6730192,8989,73384,4,12582912,164,0,0,0
28.83293735299958,1779567230.6730192,8989,73385,5,12582912,194,0,0,0
28.83293735299958,1779567230.6730192,8989,73386,6,12582912,166,0,0,0
28.83293735299958,1779567230.6730192,8989,73387,7,12582912,160,0,0,0
28.88336283299941,1779567230.7234452,8990,73388,0,12582912,211,0,0,0
28.88336283299941,1779567230.7234452,8990,73389,1,12582912,254,0,0,0
28.88336283299941,1779567230.7234452,8990,73390,2,12582912,256,0,0,0
28.88336283299941,1779567230.7234452,8990,73391,3,12582912,210,0,0,0
28.88336283299941,1779567230.7234452,8990,73392,4,12582912,111,0,0,0
28.88336283299941,1779567230.7234452,8990,73393,5,12582912,41,0,0,0
28.88336283299941,1779567230.7234452,8990,73394,6,12582912,70,0,0,0
28.88336283299941,1779567230.7234452,8990,73395,7,12582912,121,0,0,0
28.90498002499953,1779567230.7450624,8991,73396,0,12582912,143,0,0,0
28.90498002499953,1779567230.7450624,8991,73397,1,12582912,172,0,0,0
28.90498002499953,1779567230.7450624,8991,73398,2,12582912,189,0,0,0
28.90498002499953,1779567230.7450624,8991,73399,3,12582912,165,0,0,0
28.90498002499953,1779567230.7450624,8991,73400,4,12582912,118,0,0,0
28.90498002499953,1779567230.7450624,8991,73401,5,12582912,81,0,0,0
28.90498002499953,1779567230.7450624,8991,73402,6,12582912,71,0,0,0
28.90498002499953,1779567230.7450624,8991,73403,7,12582912,47,0,0,0
29.11234061399955,1779567230.9524229,8992,73404,0,12582912,22,0,0,0
29.11234061399955,1779567230.9524229,8992,73405,1,12582912,27,0,0,0
29.11234061399955,1779567230.9524229,8992,73406,2,12582912,23,0,0,0
29.11234061399955,1779567230.9524229,8992,73407,3,12582912,-41,0,0,0
29.11234061399955,1779567230.9524229,8992,73408,4,12582912,-164,0,0,0
29.11234061399955,1779567230.9524229,8992,73409,5,12582912,-255,0,0,0
29.11234061399955,1779567230.9524229,8992,73410,6,12582912,-305,0,0,0
29.11234061399955,1779567230.9524229,8992,73411,7,12582912,-368,0,0,0
29.189627951998773,1779567231.0297098,8993,73412,0,12582912,-411,0,0,0
29.189627951998773,1779567231.0297098,8993,73413,1,12582912,-391,0,0,0
29.189627951998773,1779567231.0297098,8993,73414,2,12582912,-329,0,0,0
29.189627951998773,1779567231.0297098,8993,73415,3,12582912,-295,0,0,0
29.189627951998773,1779567231.0297098,8993,73416,4,12582912,-331,0,0,0
29.189627951998773,1779567231.0297098,8993,73417,5,12582912,-389,0,0,0
29.189627951998773,1779567231.0297098,8993,73418,6,12582912,-388,0,0,0
29.189627951998773,1779567231.0297098,8993,73419,7,12582912,-341,0,0,0
29.18992851999974,1779567231.0300093,8994,73420,0,12582912,-319,0,0,0
29.18992851999974,1779567231.0300093,8994,73421,1,12582912,-326,0,0,0
29.18992851999974,1779567231.0300093,8994,73422,2,12582912,-335,0,0,0
29.18992851999974,1779567231.0300093,8994,73423,3,12582912,-332,0,0,0
29.18992851999974,1779567231.0300093,8994,73424,4,12582912,-298,0,0,0
29.18992851999974,1779567231.0300093,8994,73425,5,12582912,-276,0,0,0
29.18992851999974,1779567231.0300093,8994,73426,6,12582912,-314,0,0,0
29.18992851999974,1779567231.0300093,8994,73427,7,12582912,-362,0,0,0
29.211617482998918,1779567231.0516999,8995,73428,0,12582912,-352,0,0,0
29.211617482998918,1779567231.0516999,8995,73429,1,12582912,-313,0,0,0
29.211617482998918,1779567231.0516999,8995,73430,2,12582912,-292,0,0,0
29.211617482998918,1779567231.0516999,8995,73431,3,12582912,-291,0,0,0
29.211617482998918,1779567231.0516999,8995,73432,4,12582912,-301,0,0,0
29.211617482998918,1779567231.0516999,8995,73433,5,12582912,-305,0,0,0
29.211617482998918,1779567231.0516999,8995,73434,6,12582912,-293,0,0,0
29.211617482998918,1779567231.0516999,8995,73435,7,12582912,-289,0,0,0
29.2332379569998,1779567231.0733204,8996,73436,0,12582912,-302,0,0,0
29.2332379569998,1779567231.0733204,8996,73437,1,12582912,-302,0,0,0
29.2332379569998,1779567231.0733204,8996,73438,2,12582912,-278,0,0,0
29.2332379569998,1779567231.0733204,8996,73439,3,12582912,-264,0,0,0
29.2332379569998,1779567231.0733204,8996,73440,4,12582912,-271,0,0,0
29.2332379569998,1779567231.0733204,8996,73441,5,12582912,-261,0,0,0
29.2332379569998,1779567231.0733204,8996,73442,6,12582912,-252,0,0,0
29.2332379569998,1779567231.0733204,8996,73443,7,12582912,-258,0,0,0
29.294812549998824,1779567231.1348948,8997,73444,0,12582912,-259,0,0,0
29.294812549998824,1779567231.1348948,8997,73445,1,12582912,-280,0,0,0
29.294812549998824,1779567231.1348948,8997,73446,2,12582912,-322,0,0,0
29.294812549998824,1779567231.1348948,8997,73447,3,12582912,-314,0,0,0
29.294812549998824,1779567231.1348948,8997,73448,4,12582912,-251,0,0,0
29.294812549998824,1779567231.1348948,8997,73449,5,12582912,-188,0,0,0
29.294812549998824,1779567231.1348948,8997,73450,6,12582912,-171,0,0,0
29.294812549998824,1779567231.1348948,8997,73451,7,12582912,-211,0,0,0
29.29512738899939,1779567231.1352081,8998,73452,0,12582912,-257,0,0,0
29.29512738899939,1779567231.1352081,8998,73453,1,12582912,-252,0,0,0
29.29512738899939,1779567231.1352081,8998,73454,2,12582912,-213,0,0,0
29.29512738899939,1779567231.1352081,8998,73455,3,12582912,-195,0,0,0
29.29512738899939,1779567231.1352081,8998,73456,4,12582912,-203,0,0,0
29.29512738899939,1779567231.1352081,8998,73457,5,12582912,-217,0,0,0
29.29512738899939,1779567231.1352081,8998,73458,6,12582912,-227,0,0,0
29.29512738899939,1779567231.1352081,8998,73459,7,12582912,-231,0,0,0
29.330137568000282,1779567231.1702197,8999,73460,0,12582912,-229,0,0,0
29.330137568000282,1779567231.1702197,8999,73461,1,12582912,-222,0,0,0
29.330137568000282,1779567231.1702197,8999,73462,2,12582912,-222,0,0,0
29.330137568000282,1779567231.1702197,8999,73463,3,12582912,-229,0,0,0
29.330137568000282,1779567231.1702197,8999,73464,4,12582912,-214,0,0,0
29.330137568000282,1779567231.1702197,8999,73465,5,12582912,-174,0,0,0
29.330137568000282,1779567231.1702197,8999,73466,6,12582912,-154,0,0,0
29.330137568000282,1779567231.1702197,8999,73467,7,12582912,-182,0,0,0
29.372914095998567,1779567231.2129962,9000,73468,0,12582912,-203,0,0,0
29.372914095998567,1779567231.2129962,9000,73469,1,12582912,-186,0,0,0
29.372914095998567,1779567231.2129962,9000,73470,2,12582912,-171,0,0,0
29.372914095998567,1779567231.2129962,9000,73471,3,12582912,-179,0,0,0
29.372914095998567,1779567231.2129962,9000,73472,4,12582912,-193,0,0,0
29.372914095998567,1779567231.2129962,9000,73473,5,12582912,-203,0,0,0
29.372914095998567,1779567231.2129962,9000,73474,6,12582912,-207,0,0,0
29.372914095998567,1779567231.2129962,9000,73475,7,12582912,-211,0,0,0
29.423340982999434,1779567231.2634232,9001,73476,0,12582912,-206,0,0,0
29.423340982999434,1779567231.2634232,9001,73477,1,12582912,-184,0,0,0
29.423340982999434,1779567231.2634232,9001,73478,2,12582912,-168,0,0,0
29.423340982999434,1779567231.2634232,9001,73479,3,12582912,-166,0,0,0
29.423340982999434,1779567231.2634232,9001,73480,4,12582912,-159,0,0,0
29.423340982999434,1779567231.2634232,9001,73481,5,12582912,-152,0,0,0
29.423340982999434,1779567231.2634232,9001,73482,6,12582912,-162,0,0,0
29.423340982999434,1779567231.2634232,9001,73483,7,12582912,-171,0,0,0
29.44503067400001,1779567231.2851126,9002,73484,0,12582912,-159,0,0,0
29.44503067400001,1779567231.2851126,9002,73485,1,12582912,-150,0,0,0
29.44503067400001,1779567231.2851126,9002,73486,2,12582912,-165,0,0,0
29.44503067400001,1779567231.2851126,9002,73487,3,12582912,-179,0,0,0
29.44503067400001,1779567231.2851126,9002,73488,4,12582912,-167,0,0,0
29.44503067400001,1779567231.2851126,9002,73489,5,12582912,-169,0,0,0
29.44503067400001,1779567231.2851126,9002,73490,6,12582912,-187,0,0,0
29.44503067400001,1779567231.2851126,9002,73491,7,12582912,-172,0,0,0
29.46753702099886,1779567231.3076196,9003,73492,0,12582912,-144,0,0,0
29.46753702099886,1779567231.3076196,9003,73493,1,12582912,-139,0,0,0
29.46753702099886,1779567231.3076196,9003,73494,2,12582912,-149,0,0,0
29.46753702099886,1779567231.3076196,9003,73495,3,12582912,-152,0,0,0
29.46753702099886,1779567231.3076196,9003,73496,4,12582912,-143,0,0,0
29.46753702099886,1779567231.3076196,9003,73497,5,12582912,-144,0,0,0
29.46753702099886,1779567231.3076196,9003,73498,6,12582912,-147,0,0,0
29.46753702099886,1779567231.3076196,9003,73499,7,12582912,-130,0,0,0
29.504483317999984,1779567231.3445659,9004,73500,0,12582912,-105,0,0,0
29.504483317999984,1779567231.3445659,9004,73501,1,12582912,-87,0,0,0
29.504483317999984,1779567231.3445659,9004,73502,2,12582912,-79,0,0,0
29.504483317999984,1779567231.3445659,9004,73503,3,12582912,-112,0,0,0
29.504483317999984,1779567231.3445659,9004,73504,4,12582912,-170,0,0,0
29.504483317999984,1779567231.3445659,9004,73505,5,12582912,-178,0,0,0
29.504483317999984,1779567231.3445659,9004,73506,6,12582912,-121,0,0,0
29.504483317999984,1779567231.3445659,9004,73507,7,12582912,-81,0,0,0
29.52654066099967,1779567231.366623,9005,73508,0,12582912,-104,0,0,0
29.52654066099967,1779567231.366623,9005,73509,1,12582912,-138,0,0,0
29.52654066099967,1779567231.366623,9005,73510,2,12582912,-137,0,0,0
29.52654066099967,1779567231.366623,9005,73511,3,12582912,-110,0,0,0
29.52654066099967,1779567231.366623,9005,73512,4,12582912,-93,0,0,0
29.52654066099967,1779567231.366623,9005,73513,5,12582912,-114,0,0,0
29.52654066099967,1779567231.366623,9005,73514,6,12582912,-148,0,0,0
29.52654066099967,1779567231.366623,9005,73515,7,12582912,-150,0,0,0
29.56808069499857,1779567231.408163,9006,73516,0,12582912,-114,0,0,0
29.56808069499857,1779567231.408163,9006,73517,1,12582912,-90,0,0,0
29.56808069499857,1779567231.408163,9006,73518,2,12582912,-116,0,0,0
29.56808069499857,1779567231.408163,9006,73519,3,12582912,-157,0,0,0
29.56808069499857,1779567231.408163,9006,73520,4,12582912,-155,0,0,0
29.56808069499857,1779567231.408163,9006,73521,5,12582912,-124,0,0,0
29.56808069499857,1779567231.408163,9006,73522,6,12582912,-100,0,0,0
29.56808069499857,1779567231.408163,9006,73523,7,12582912,-101,0,0,0
29.589728981000007,1779567231.4298112,9007,73524,0,12582912,-120,0,0,0
29.589728981000007,1779567231.4298112,9007,73525,1,12582912,-127,0,0,0
29.589728981000007,1779567231.4298112,9007,73526,2,12582912,-112,0,0,0
29.589728981000007,1779567231.4298112,9007,73527,3,12582912,-96,0,0,0
29.589728981000007,1779567231.4298112,9007,73528,4,12582912,-98,0,0,0
29.589728981000007,1779567231.4298112,9007,73529,5,12582912,-114,0,0,0
29.589728981000007,1779567231.4298112,9007,73530,6,12582912,-126,0,0,0
29.589728981000007,1779567231.4298112,9007,73531,7,12582912,-114,0,0,0
29.632705713998803,1779567231.4727879,9008,73532,0,12582912,-96,0,0,0
29.632705713998803,1779567231.4727879,9008,73533,1,12582912,-99,0,0,0
29.632705713998803,1779567231.4727879,9008,73534,2,12582912,-112,0,0,0
29.632705713998803,1779567231.4727879,9008,73535,3,12582912,-107,0,0,0
29.632705713998803,1779567231.4727879,9008,73536,4,12582912,-89,0,0,0
29.632705713998803,1779567231.4727879,9008,73537,5,12582912,-81,0,0,0
29.632705713998803,1779567231.4727879,9008,73538,6,12582912,-85,0,0,0
29.632705713998803,1779567231.4727879,9008,73539,7,12582912,-96,0,0,0
29.654432123999868,1779567231.4945147,9009,73540,0,12582912,-105,0,0,0
29.654432123999868,1779567231.4945147,9009,73541,1,12582912,-100,0,0,0
29.654432123999868,1779567231.4945147,9009,73542,2,12582912,-87,0,0,0
29.654432123999868,1779567231.4945147,9009,73543,3,12582912,-81,0,0,0
29.654432123999868,1779567231.4945147,9009,73544,4,12582912,-84,0,0,0
29.654432123999868,1779567231.4945147,9009,73545,5,12582912,-88,0,0,0
29.654432123999868,1779567231.4945147,9009,73546,6,12582912,-87,0,0,0
29.654432123999868,1779567231.4945147,9009,73547,7,12582912,-85,0,0,0
29.713904143000036,1779567231.5539863,9010,73548,0,12582912,-87,0,0,0
29.713904143000036,1779567231.5539863,9010,73549,1,12582912,-93,0,0,0
29.713904143000036,1779567231.5539863,9010,73550,2,12582912,-95,0,0,0
29.713904143000036,1779567231.5539863,9010,73551,3,12582912,-87,0,0,0
29.713904143000036,1779567231.5539863,9010,73552,4,12582912,-75,0,0,0
29.713904143000036,1779567231.5539863,9010,73553,5,12582912,-69,0,0,0
29.713904143000036,1779567231.5539863,9010,73554,6,12582912,-68,0,0,0
29.713904143000036,1779567231.5539863,9010,73555,7,12582912,-65,0,0,0
29.73560346999875,1779567231.5756857,9011,73556,0,12582912,-62,0,0,0
29.73560346999875,1779567231.5756857,9011,73557,1,12582912,-60,0,0,0
29.73560346999875,1779567231.5756857,9011,73558,2,12582912,-63,0,0,0
29.73560346999875,1779567231.5756857,9011,73559,3,12582912,-66,0,0,0
29.73560346999875,1779567231.5756857,9011,73560,4,12582912,-65,0,0,0
29.73560346999875,1779567231.5756857,9011,73561,5,12582912,-61,0,0,0
29.73560346999875,1779567231.5756857,9011,73562,6,12582912,-60,0,0,0
29.73560346999875,1779567231.5756857,9011,73563,7,12582912,-64,0,0,0
29.757357066999248,1779567231.5974393,9012,73564,0,12582912,-68,0,0,0
29.757357066999248,1779567231.5974393,9012,73565,1,12582912,-67,0,0,0
29.757357066999248,1779567231.5974393,9012,73566,2,12582912,-66,0,0,0
29.757357066999248,1779567231.5974393,9012,73567,3,12582912,-69,0,0,0
29.757357066999248,1779567231.5974393,9012,73568,4,12582912,-71,0,0,0
29.757357066999248,1779567231.5974393,9012,73569,5,12582912,-69,0,0,0
29.757357066999248,1779567231.5974393,9012,73570,6,12582912,-65,0,0,0
29.757357066999248,1779567231.5974393,9012,73571,7,12582912,-61,0,0,0
29.83189319399935,1779567231.6719744,9013,73572,0,12582912,-64,0,0,0
29.83189319399935,1779567231.6719744,9013,73573,1,12582912,-70,0,0,0
29.83189319399935,1779567231.6719744,9013,73574,2,12582912,-72,0,0,0
29.83189319399935,1779567231.6719744,9013,73575,3,12582912,-67,0,0,0
29.83189319399935,1779567231.6719744,9013,73576,4,12582912,-64,0,0,0
29.83189319399935,1779567231.6719744,9013,73577,5,12582912,-63,0,0,0
29.83189319399935,1779567231.6719744,9013,73578,6,12582912,-65,0,0,0
29.83189319399935,1779567231.6719744,9013,73579,7,12582912,-67,0,0,0
29.832007879998855,1779567231.6720877,9014,73580,0,12582912,-66,0,0,0
29.832007879998855,1779567231.6720877,9014,73581,1,12582912,-63,0,0,0
29.832007879998855,1779567231.6720877,9014,73582,2,12582912,-60,0,0,0
29.832007879998855,1779567231.6720877,9014,73583,3,12582912,-58,0,0,0
29.832007879998855,1779567231.6720877,9014,73584,4,12582912,-60,0,0,0
29.832007879998855,1779567231.6720877,9014,73585,5,12582912,-62,0,0,0
29.832007879998855,1779567231.6720877,9014,73586,6,12582912,-61,0,0,0
29.832007879998855,1779567231.6720877,9014,73587,7,12582912,-56,0,0,0
29.868356113000118,1779567231.7084382,9015,73588,0,12582912,-54,0,0,0
29.868356113000118,1779567231.7084382,9015,73589,1,12582912,-56,0,0,0
29.868356113000118,1779567231.7084382,9015,73590,2,12582912,-56,0,0,0
29.868356113000118,1779567231.7084382,9015,73591,3,12582912,-53,0,0,0
29.868356113000118,1779567231.7084382,9015,73592,4,12582912,-49,0,0,0
29.868356113000118,1779567231.7084382,9015,73593,5,12582912,-48,0,0,0
29.868356113000118,1779567231.7084382,9015,73594,6,12582912,-49,0,0,0
29.868356113000118,1779567231.7084382,9015,73595,7,12582912,-49,0,0,0
29.889947941999708,1779567231.7300303,9016,73596,0,12582912,-48,0,0,0
29.889947941999708,1779567231.7300303,9016,73597,1,12582912,-46,0,0,0
29.889947941999708,1779567231.7300303,9016,73598,2,12582912,-46,0,0,0
29.889947941999708,1779567231.7300303,9016,73599,3,12582912,-48,0,0,0
29.889947941999708,1779567231.7300303,9016,73600,4,12582912,-51,0,0,0
29.889947941999708,1779567231.7300303,9016,73601,5,12582912,-46,0,0,0
29.889947941999708,1779567231.7300303,9016,73602,6,12582912,-40,0,0,0
29.889947941999708,1779567231.7300303,9016,73603,7,12582912,-44,0,0,0
29.926436537998597,1779567231.7665188,9017,73604,0,12582912,-51,0,0,0
29.926436537998597,1779567231.7665188,9017,73605,1,12582912,-52,0,0,0
29.926436537998597,1779567231.7665188,9017,73606,2,12582912,-54,0,0,0
29.926436537998597,1779567231.7665188,9017,73607,3,12582912,-64,0,0,0
29.926436537998597,1779567231.7665188,9017,73608,4,12582912,-72,0,0,0
29.926436537998597,1779567231.7665188,9017,73609,5,12582912,-73,0,0,0
29.926436537998597,1779567231.7665188,9017,73610,6,12582912,-71,0,0,0
29.926436537998597,1779567231.7665188,9017,73611,7,12582912,-70,0,0,0
29.94806096999855,1779567231.7881432,9018,73612,0,12582912,-72,0,0,0
29.94806096999855,1779567231.7881432,9018,73613,1,12582912,-74,0,0,0
29.94806096999855,1779567231.7881432,9018,73614,2,12582912,-73,0,0,0
29.94806096999855,1779567231.7881432,9018,73615,3,12582912,-71,0,0,0
29.94806096999855,1779567231.7881432,9018,73616,4,12582912,-68,0,0,0
29.94806096999855,1779567231.7881432,9018,73617,5,12582912,-63,0,0,0
29.94806096999855,1779567231.7881432,9018,73618,6,12582912,-59,0,0,0
29.94806096999855,1779567231.7881432,9018,73619,7,12582912,-61,0,0,0
29.990891714998725,1779567231.8309736,9019,73620,0,12582912,-64,0,0,0
29.990891714998725,1779567231.8309736,9019,73621,1,12582912,-63,0,0,0
29.990891714998725,1779567231.8309736,9019,73622,2,12582912,-59,0,0,0
29.990891714998725,1779567231.8309736,9019,73623,3,12582912,-58,0,0,0
29.990891714998725,1779567231.8309736,9019,73624,4,12582912,-62,0,0,0
29.990891714998725,1779567231.8309736,9019,73625,5,12582912,-66,0,0,0
29.990891714998725,1779567231.8309736,9019,73626,6,12582912,-66,0,0,0
29.990891714998725,1779567231.8309736,9019,73627,7,12582912,-66,0,0,0
30.012598593999428,1779567231.852681,9020,73628,0,12582912,-69,0,0,0
30.012598593999428,1779567231.852681,9020,73629,1,12582912,-71,0,0,0
30.012598593999428,1779567231.852681,9020,73630,2,12582912,-73,0,0,0
30.012598593999428,1779567231.852681,9020,73631,3,12582912,-75,0,0,0
30.012598593999428,1779567231.852681,9020,73632,4,12582912,-76,0,0,0
30.012598593999428,1779567231.852681,9020,73633,5,12582912,-74,0,0,0
30.012598593999428,1779567231.852681,9020,73634,6,12582912,-71,0,0,0
30.012598593999428,1779567231.852681,9020,73635,7,12582912,-74,0,0,0
