capture,condition,channel,window_start_sec,window_end_sec,rms_uV,ptp_uV,line_50_ratio_1_50,spectral_entropy_0p5_40,quality_score,quality_warnings,peak_freq,peak_delta,peak_theta,peak_alpha,peak_beta,peak_gamma,delta_abs,delta_rel,theta_abs,theta_rel,alpha_abs,alpha_rel,beta_abs,beta_rel,gamma_abs,gamma_rel,alpha_beta_ratio,theta_alpha_ratio,slow_power_rel,fast_power_rel
20260528-145448_s01_20260528_ear_eeg_ch1_only_03_quiet_rest_60s,s01_20260528_ear_eeg_ch1_only_03_quiet_rest_60s,0,0.0,4.0,46.87384131901289,707.0,0.18822224010668795,0.7321802890656245,1.0,,0.75,0.75,5.5,9.75,13.0,49.75,1.4757698122985416e-10,0.5245041597151341,2.750314385880856e-11,0.0977490746793418,1.9809924554018622e-11,0.07040656168486398,2.7856120444731424e-11,0.09900359070247573,5.86185788785542e-11,0.20833661321818436,0.7111515974854774,1.388351772053029,0.6222532343944759,0.3073402039206601
20260528-145448_s01_20260528_ear_eeg_ch1_only_03_quiet_rest_60s,s01_20260528_ear_eeg_ch1_only_03_quiet_rest_60s,0,0.256,4.256,47.19764824649635,802.0,0.15149218019118538,0.7448766145058066,1.0,,0.25,0.75,4.75,12.5,24.0,49.5,1.3505639761105572e-10,0.5631714186615027,1.9726408545098026e-11,0.08225711393126801,1.3319757278701136e-11,0.055542030851998214,2.8485825052642395e-11,0.1187829883693474,4.322562397081628e-11,0.1802464481858837,0.46759246938033033,1.4809885895324384,0.6454285325927707,0.2990294365552311
20260528-145448_s01_20260528_ear_eeg_ch1_only_03_quiet_rest_60s,s01_20260528_ear_eeg_ch1_only_03_quiet_rest_60s,0,0.512,4.512,48.160845092253105,802.0,0.1350198329412302,0.7364788332171722,1.0,,1.0,1.0,4.5,12.75,13.0,49.5,1.3076224653015736e-10,0.5753779176453431,2.3556933783944054e-11,0.10365483819971696,1.0240374426803293e-11,0.0450595295656979,2.238100596726428e-11,0.09848053968147913,4.03226736288113e-11,0.17742717490776283,0.45754754910397877,2.300397700526049,0.6790327558450601,0.27590771458924196
20260528-145448_s01_20260528_ear_eeg_ch1_only_03_quiet_rest_60s,s01_20260528_ear_eeg_ch1_only_03_quiet_rest_60s,0,0.768,4.768,48.3373147785435,802.0,0.1433906976409616,0.7491062662090617,1.0,,1.0,1.0,4.0,12.75,13.0,49.25,1.3131336998810437e-10,0.548841947840856,2.6836919369308106e-11,0.11216852558146496,9.39385424008518e-12,0.03926288129935658,2.1446996342524385e-11,0.08964061503434974,5.0264205801481694e-11,0.21008603024397268,0.4380032564960792,2.8568592489747595,0.661010473422321,0.29972664527832243
20260528-145448_s01_20260528_ear_eeg_ch1_only_03_quiet_rest_60s,s01_20260528_ear_eeg_ch1_only_03_quiet_rest_60s,0,1.024,5.024,53.32622244262198,802.0,0.14397164872285173,0.744294209082238,1.0,,1.0,1.0,4.25,8.25,13.5,49.25,1.6285136851413478e-10,0.5414236527674198,3.481563925273171e-11,0.11574978306682553,1.150984661797126e-11,0.038266200987766626,2.679116066516517e-11,0.08907120770037336,6.481560916319917e-11,0.21548915547761482,0.4296135864295262,3.0248569254060453,0.6571734358342453,0.3045603631779882
20260528-145448_s01_20260528_ear_eeg_ch1_only_03_quiet_rest_60s,s01_20260528_ear_eeg_ch1_only_03_quiet_rest_60s,0,1.28,5.28,54.22908813542784,802.0,0.12228303496787313,0.7654706220636914,1.0,,1.0,1.0,6.0,8.25,13.5,48.75,1.8105017773107957e-10,0.5170356642142279,5.1394632979202756e-11,0.14677068276021354,1.6639926889499214e-11,0.047519620028031194,3.196747684265669e-11,0.09129140788332211,6.911739717658439e-11,0.19738262511420523,0.5205267519673391,3.088633340789246,0.6638063469744414,0.28867403299752736
20260528-145448_s01_20260528_ear_eeg_ch1_only_03_quiet_rest_60s,s01_20260528_ear_eeg_ch1_only_03_quiet_rest_60s,0,1.536,5.536,54.296362677439085,802.0,0.10834969267808348,0.7729997760423968,1.0,,1.0,1.0,6.25,8.0,13.0,49.25,1.6208138836643075e-10,0.5052183124323901,5.545010715948351e-11,0.17284161892773875,1.6432970755647168e-11,0.05122264707314406,2.9155056909754914e-11,0.09087822358429024,5.769503237394928e-11,0.1798391979824368,0.563640496621665,3.374320321261946,0.6780599313601289,0.27071742156672707
20260528-145448_s01_20260528_ear_eeg_ch1_only_03_quiet_rest_60s,s01_20260528_ear_eeg_ch1_only_03_quiet_rest_60s,0,1.792,5.792,55.031336527473144,802.0,0.10276366296824446,0.7805557008227795,1.0,,1.0,1.0,6.5,8.0,13.0,49.25,1.717100749311296e-10,0.4612352720250607,7.99584977718835e-11,0.21477877454378722,2.3330961600827337e-11,0.06266995355327838,3.173017120431452e-11,0.08523130720601962,6.555334686386732e-11,0.17608469267185411,0.7352926478270909,3.4271411157372995,0.6760140465688479,0.26131599987787374
20260528-145448_s01_20260528_ear_eeg_ch1_only_03_quiet_rest_60s,s01_20260528_ear_eeg_ch1_only_03_quiet_rest_60s,0,2.048,6.048,55.001963601311544,802.0,0.09343231827746784,0.8076766686670357,1.0,,1.0,1.0,6.5,8.0,13.5,48.75,1.4667944578515207e-10,0.3482717594508318,1.24187504304998e-10,0.2948674941781623,4.5088428708817426e-11,0.10705676117902821,3.720446496699532e-11,0.08833728818734,6.800392218635507e-11,0.16146669700463773,1.2119090745913454,2.754309871985228,0.6431392536289942,0.24980398519197772
20260528-145448_s01_20260528_ear_eeg_ch1_only_03_quiet_rest_60s,s01_20260528_ear_eeg_ch1_only_03_quiet_rest_60s,0,2.304,6.304,56.413163357500174,802.0,0.07386476508568118,0.8232875939933638,1.0,,1.5,1.5,6.5,8.0,13.5,49.5,1.5163091011449456e-10,0.3130704395760727,1.570178362297078e-10,0.32419275840658157,5.6666807194162304e-11,0.11699924655370846,4.447269841015591e-11,0.09182222298796781,7.45465524482704e-11,0.15391533247566944,1.2741931391602204,2.770896120752034,0.6372631979826543,0.24573755546363724
20260528-145448_s01_20260528_ear_eeg_ch1_only_03_quiet_rest_60s,s01_20260528_ear_eeg_ch1_only_03_quiet_rest_60s,0,2.56,6.56,56.632005085463824,802.0,0.07362964007196178,0.8138029363082537,1.0,,1.5,1.5,6.5,8.0,13.5,49.25,1.4894887214243381e-10,0.32447331720855443,1.522893638868691e-10,0.3317503138170835,5.216776485007912e-11,0.1136433426368905,3.915468899437504e-11,0.08529538787057885,6.648744827159706e-11,0.1448376384668928,1.3323503822894247,2.9192234768831224,0.656223631025638,0.23013302633747162
20260528-145448_s01_20260528_ear_eeg_ch1_only_03_quiet_rest_60s,s01_20260528_ear_eeg_ch1_only_03_quiet_rest_60s,0,2.816,6.816,56.72941917559177,802.0,0.09053212546375293,0.8137878364656318,1.0,,1.5,1.5,6.5,8.0,13.75,49.25,1.5018344232671954e-10,0.3221903353003859,1.4806605616698017e-10,0.31764788144396994,4.97769698265867e-11,0.10678712879530167,3.966646701798184e-11,0.08509694617934267,7.843973802916802e-11,0.16827770828099983,1.2548879083186688,2.974589587972381,0.6398382167443558,0.2533746544603425
20260528-145448_s01_20260528_ear_eeg_ch1_only_03_quiet_rest_60s,s01_20260528_ear_eeg_ch1_only_03_quiet_rest_60s,0,3.072,7.072,56.91492774307985,802.0,0.09515973681541709,0.8168682119804915,1.0,,1.5,1.5,6.5,8.0,13.5,49.25,1.516892504862649e-10,0.3174777478694567,1.507707596678558e-10,0.31555539413949546,5.112213613493642e-11,0.10699598418719188,4.210145376385496e-11,0.08811616301175552,8.211130527266632e-11,0.17185471079210052,1.2142605911348818,2.9492265203843933,0.6330331420089521,0.25997087380385603
20260528-145448_s01_20260528_ear_eeg_ch1_only_03_quiet_rest_60s,s01_20260528_ear_eeg_ch1_only_03_quiet_rest_60s,0,3.328,7.328,56.901168705045066,802.0,0.08759390048296985,0.8204756716120324,1.0,,1.5,1.5,6.5,8.0,13.5,49.25,1.6050496567168757e-10,0.3247772553730658,1.537310595917971e-10,0.31107044813769424,5.1361294861293924e-11,0.1039281265078034,4.765179666163962e-11,0.09642206188822404,8.095102505331255e-11,0.16380210809321255,1.077845925222805,2.993130527705006,0.63584770351076,0.2602241699814366
20260528-145448_s01_20260528_ear_eeg_ch1_only_03_quiet_rest_60s,s01_20260528_ear_eeg_ch1_only_03_quiet_rest_60s,0,3.584,7.584,56.69940916799751,802.0,0.0948027911942059,0.8196373820416012,1.0,,1.5,1.5,6.5,8.0,13.75,49.25,1.409393314745189e-10,0.3023725386343476,1.5228021598102164e-10,0.32670337661061655,4.946367389496017e-11,0.1061198211267567,4.083046978726487e-11,0.08759806559349549,8.259785494067545e-11,0.17720619803478377,1.2114402345276962,3.0786272832139425,0.6290759152449641,0.26480426362827925
20260528-145448_s01_20260528_ear_eeg_ch1_only_03_quiet_rest_60s,s01_20260528_ear_eeg_ch1_only_03_quiet_rest_60s,0,3.84,7.84,56.417027571469944,802.0,0.09780194230622107,0.8160317352781469,1.0,,1.5,1.5,6.5,8.0,16.25,49.25,1.371244155524874e-10,0.3194851099914345,1.349260103537138e-10,0.314363062805993,4.4641654085443795e-11,0.10401024287486099,4.003068662597037e-11,0.09326718562993937,7.248163529070446e-11,0.16887439869777218,1.1151858198825402,3.022424081676419,0.6338481727974274,0.26214158432771156
20260528-145448_s01_20260528_ear_eeg_ch1_only_03_quiet_rest_60s,s01_20260528_ear_eeg_ch1_only_03_quiet_rest_60s,0,4.096,8.096,56.39540761445031,802.0,0.10091150464979641,0.8126115527534851,1.0,,2.25,2.25,6.25,8.0,13.5,49.25,1.4359589114845324e-10,0.344557474198054,1.2267312105763186e-10,0.2943534136357148,3.7975268048691886e-11,0.09112142649906373,4.104185872020332e-11,0.09847969230823606,7.146839953174597e-11,0.17148799335893133,0.9252813891198872,3.2303424665848413,0.6389108878337688,0.2699676856671674
20260528-145448_s01_20260528_ear_eeg_ch1_only_03_quiet_rest_60s,s01_20260528_ear_eeg_ch1_only_03_quiet_rest_60s,0,4.352,8.352,56.684883346444316,832.0,0.0821827707530503,0.8167274752012202,1.0,,2.25,2.25,6.25,8.0,13.5,49.5,1.4903640512681462e-10,0.34293267142761336,1.3221338726938103e-10,0.30422291826082715,4.2696849119496723e-11,0.09824542210094102,4.634885239663656e-11,0.10664867927039774,6.429828365451162e-11,0.1479503089402207,0.9212061768889697,3.0965607532151185,0.6471555896884404,0.25459898821061844
20260528-145448_s01_20260528_ear_eeg_ch1_only_03_quiet_rest_60s,s01_20260528_ear_eeg_ch1_only_03_quiet_rest_60s,0,4.608,8.608,56.48305055501164,832.0,0.10504792330600932,0.814426997655909,1.0,,1.25,1.25,6.25,8.0,16.25,49.25,1.419795772731948e-10,0.34226408141751213,1.2316163901621105e-10,0.2969004842340601,3.8345076763739986e-11,0.09243683301135763,4.079412213912745e-11,0.09834064172705699,7.054423332233519e-11,0.17005795961001316,0.9399657292039512,3.2119283467617312,0.6391645656515723,0.26839860133707016
20260528-145448_s01_20260528_ear_eeg_ch1_only_03_quiet_rest_60s,s01_20260528_ear_eeg_ch1_only_03_quiet_rest_60s,0,4.864,8.864,53.20665371924831,832.0,0.1188842181563071,0.828309876197846,1.0,,1.25,1.25,5.0,8.0,13.25,49.25,1.2142265033663935e-10,0.31202454515208,1.1655584014035429e-10,0.2995181121790952,4.0784643426884325e-11,0.10480589724554325,3.910085688711391e-11,0.10047900495857326,7.128055640307025e-11,0.1831724404647084,1.0430626506378515,2.857836439082934,0.6115426573311752,0.2836514454232817
20260528-145448_s01_20260528_ear_eeg_ch1_only_03_quiet_rest_60s,s01_20260528_ear_eeg_ch1_only_03_quiet_rest_60s,0,5.12,9.12,51.03397887682284,832.0,0.09114912699284244,0.8318539381416775,1.0,,1.25,1.25,4.75,8.5,13.5,49.25,7.610724115841928e-11,0.3293182704743568,6.866616577259248e-11,0.2971205184703255,2.162057961990817e-11,0.09355288378225017,2.9407942837344e-11,0.1272490334164679,3.530350259640196e-11,0.15275929385659956,0.7351952409419484,3.175963224841801,0.6264387889446823,0.28000832727306746
20260528-145448_s01_20260528_ear_eeg_ch1_only_03_quiet_rest_60s,s01_20260528_ear_eeg_ch1_only_03_quiet_rest_60s,0,5.376,9.376,50.835283022719565,832.0,0.09606198716181816,0.8291375559133658,1.0,,1.75,1.75,5.0,9.25,13.25,49.5,7.637744731668217e-11,0.3517426929516367,5.723705032777868e-11,0.2635950130072479,1.8229964626056707e-11,0.08395484629638457,3.020097312408956e-11,0.1390851879663046,3.509467539422963e-11,0.16162225977842626,0.6036217624893591,3.1397236090062304,0.6153377059588846,0.30070744774473085
20260528-145448_s01_20260528_ear_eeg_ch1_only_03_quiet_rest_60s,s01_20260528_ear_eeg_ch1_only_03_quiet_rest_60s,0,5.632,9.632,52.41585637953462,832.0,0.11162285651736088,0.8353958058860138,1.0,,1.75,1.75,4.75,8.5,13.25,49.25,8.388519574707804e-11,0.3766497883029025,4.721093843866552e-11,0.21198007360105767,1.689317616780055e-11,0.07585142015463855,3.4168705195917255e-11,0.15341962862469455,4.0556023731021084e-11,0.18209908931670662,0.4944049261140595,2.7946750788435226,0.5886298619039602,0.3355187179414012
20260528-145448_s01_20260528_ear_eeg_ch1_only_03_quiet_rest_60s,s01_20260528_ear_eeg_ch1_only_03_quiet_rest_60s,0,5.888,9.888,54.75214151062952,832.0,0.1305791120886831,0.8500233519882203,1.0,,1.5,1.5,4.5,8.5,16.0,49.25,8.442893666870629e-11,0.3781277945733599,3.546217147891326e-11,0.15882271198938275,1.6859456701264708e-11,0.07550763318469213,3.7015312447823596e-11,0.16577868931668308,4.951561081491625e-11,0.22176317093588221,0.4554724946609494,2.103399421895551,0.5369505065627427,0.3875418602525653
20260528-145448_s01_20260528_ear_eeg_ch1_only_03_quiet_rest_60s,s01_20260528_ear_eeg_ch1_only_03_quiet_rest_60s,0,6.144,10.144,54.446156889168954,832.0,0.11765169026425362,0.8568700459877465,1.0,,1.0,1.0,4.0,8.0,14.0,49.75,7.571070725684424e-11,0.39936845547922645,2.385385828883235e-11,0.12582736164005556,1.49045218445001e-11,0.07862026501088194,3.302871307462884e-11,0.17422405106232342,4.207828201770894e-11,0.22195986680751262,0.4512595392627962,1.6004443844426068,0.525195817119282,0.39618391786983603
20260528-145448_s01_20260528_ear_eeg_ch1_only_03_quiet_rest_60s,s01_20260528_ear_eeg_ch1_only_03_quiet_rest_60s,0,6.4,10.4,53.83759838625791,802.0,0.09602167741424489,0.8312128448011668,1.0,,0.0,1.5,4.0,8.0,15.0,49.0,1.0320589624552131e-10,0.45160903030531213,2.5674539560010603e-11,0.11234681676178875,1.660720673690845e-11,0.07266992297313186,3.4051829896633156e-11,0.14900421816168552,4.898982905817187e-11,0.21437001179808174,0.4877037970447066,1.545987833279066,0.5639558470671009,0.36337422995976726
20260528-145448_s01_20260528_ear_eeg_ch1_only_03_quiet_rest_60s,s01_20260528_ear_eeg_ch1_only_03_quiet_rest_60s,0,6.656,10.656,53.78684783476347,802.0,0.11407040698613141,0.7755485158745714,1.0,,0.0,1.5,4.0,8.0,14.5,49.0,1.0841342559455825e-10,0.5251118427023332,2.101409805102029e-11,0.10178399667552483,1.1643802570011849e-11,0.05639798382967053,2.231844054764675e-11,0.10810171690401339,4.306801380526142e-11,0.208604459888458,0.521712193338686,1.8047453076146505,0.6268958393778581,0.31670617679247137
20260528-145448_s01_20260528_ear_eeg_ch1_only_03_quiet_rest_60s,s01_20260528_ear_eeg_ch1_only_03_quiet_rest_60s,0,6.912,10.912,53.669348794260586,802.0,0.13058598494115817,0.78546095980059,1.0,,0.0,1.5,4.0,9.5,15.0,49.25,9.252050968218536e-11,0.515135726945786,1.4600262956754384e-11,0.08129134931987385,1.1738083065102161e-11,0.06535530309400904,2.0275738815754908e-11,0.11289126584035573,4.046954637474926e-11,0.2253263547999754,0.5789225818977946,1.2438370793406301,0.5964270762656598,0.3382176206403311
20260528-145448_s01_20260528_ear_eeg_ch1_only_03_quiet_rest_60s,s01_20260528_ear_eeg_ch1_only_03_quiet_rest_60s,0,7.168,11.168,53.62277501211589,802.0,0.1385799304496305,0.7861447197841589,1.0,,0.0,1.75,4.0,8.0,15.0,49.25,8.633332221263878e-11,0.5133083576908586,1.2433868539815909e-11,0.07392752272635912,1.0493685390020406e-11,0.06239185838822468,1.916669256066678e-11,0.11395858781444142,3.976241090485286e-11,0.23641367338011612,0.5474958893823539,1.184890539184702,0.5872358804172177,0.35037226119455755
20260528-145448_s01_20260528_ear_eeg_ch1_only_03_quiet_rest_60s,s01_20260528_ear_eeg_ch1_only_03_quiet_rest_60s,0,7.424,11.424,53.58857154282058,802.0,0.13679914279185806,0.7822531919579176,1.0,,1.5,1.5,4.0,8.0,15.0,49.25,8.870158388995217e-11,0.5128826625795295,1.3267294731160148e-11,0.07671300949244468,1.1064657502927425e-11,0.06397711012322539,1.88025517724203e-11,0.1087184962592394,4.111104087531389e-11,0.237708721545561,0.5884657378876165,1.1990696257566005,0.5895956720719742,0.3464272178048004
20260528-145448_s01_20260528_ear_eeg_ch1_only_03_quiet_rest_60s,s01_20260528_ear_eeg_ch1_only_03_quiet_rest_60s,0,7.68,11.68,53.56079723081052,802.0,0.13912736117582383,0.7779736262394183,1.0,,1.5,1.5,4.0,8.0,15.0,49.25,8.850886067882603e-11,0.5169339438770182,1.3174057784662347e-11,0.07694277833042341,1.0428528547016167e-11,0.06090757862317386,1.8342407417784986e-11,0.10712840425188074,4.0765044479774514e-11,0.2380872949175038,0.5685474272534454,1.2632710094495294,0.5938767222074416,0.34521569916938455
20260528-145448_s01_20260528_ear_eeg_ch1_only_03_quiet_rest_60s,s01_20260528_ear_eeg_ch1_only_03_quiet_rest_60s,0,7.936,11.936,53.5313739782569,802.0,0.14512437151111995,0.7824870307483793,1.0,,1.75,1.75,4.0,8.75,13.0,49.25,8.863204782350928e-11,0.5155251311398675,1.2254104897163959e-11,0.07127556216112278,9.320429018137848e-12,0.05421194150250534,2.005408283018572e-11,0.11664385439347873,4.166509126668221e-11,0.24234351080302552,0.46476466149369805,1.3147576011058166,0.5868006933009903,0.35898736519650426
20260528-145448_s01_20260528_ear_eeg_ch1_only_03_quiet_rest_60s,s01_20260528_ear_eeg_ch1_only_03_quiet_rest_60s,0,8.192,12.192,54.171625414048634,785.0,0.13936454418233865,0.8334515589843341,1.0,,0.25,0.5,4.0,8.0,15.25,49.0,9.208221050133411e-11,0.4176865049199181,2.4046563019515317e-11,0.10907562718438853,1.920662736883803e-11,0.08712159507588027,2.755460300912818e-11,0.12498815745927233,5.7567706409514233e-11,0.2611281153605407,0.6970387982899022,1.2519930000063355,0.5267621321043067,0.38611627281981303
20260528-145448_s01_20260528_ear_eeg_ch1_only_03_quiet_rest_60s,s01_20260528_ear_eeg_ch1_only_03_quiet_rest_60s,0,8.448,12.448,54.28958463646595,825.0,0.12435320010888651,0.7707510231782668,1.0,,1.5,1.5,4.0,8.5,14.75,49.5,1.060285510555096e-10,0.5389682319120203,1.677769522020962e-11,0.08528499765747996,1.0440424653410544e-11,0.05307115074045848,2.1739980854387806e-11,0.11050947057416856,4.173839577516197e-11,0.2121661491158728,0.4802407473741331,1.6069935636888961,0.6242532295695002,0.3226756196900414
20260528-145448_s01_20260528_ear_eeg_ch1_only_03_quiet_rest_60s,s01_20260528_ear_eeg_ch1_only_03_quiet_rest_60s,0,8.704,12.704,54.289879351496076,825.0,0.12148193338183884,0.7921992911144571,1.0,,1.5,1.5,4.0,10.5,19.5,49.5,1.0035735697765997e-10,0.4964109615050626,1.8615069544113306e-11,0.09207819784387032,1.5846070144524575e-11,0.07838152730816891,2.269091962046826e-11,0.11223911794267524,4.465645989249404e-11,0.22089019540022287,0.6983441133972678,1.1747436035770376,0.5884891593489329,0.3331293133428981
20260528-145448_s01_20260528_ear_eeg_ch1_only_03_quiet_rest_60s,s01_20260528_ear_eeg_ch1_only_03_quiet_rest_60s,0,8.96,12.96,54.34382209598438,825.0,0.13413164335398306,0.8061878001741358,1.0,,1.5,1.5,4.0,10.5,19.25,49.25,8.766178378672759e-11,0.4567497338442971,1.586152010410372e-11,0.08264428092794789,1.6994570277671574e-11,0.08854788387616563,2.2524827301781975e-11,0.11736253165926744,4.888249802334176e-11,0.2546955696923219,0.7544817125557765,0.9333286952800143,0.539394014772245,0.37205810135158934
20260528-145448_s01_20260528_ear_eeg_ch1_only_03_quiet_rest_60s,s01_20260528_ear_eeg_ch1_only_03_quiet_rest_60s,0,9.216,13.216,54.403097338295,825.0,0.13643094306435274,0.8071945706069545,1.0,,0.0,0.5,4.0,8.0,14.5,49.25,8.929049156916084e-11,0.45490238027113794,1.5963757301281312e-11,0.08132950179581898,1.6971799597560734e-11,0.08646510842014034,2.3611340090820448e-11,0.12029113761106502,5.0447562766207184e-11,0.25701187190183766,0.7187986591307024,0.9406048668861078,0.5362318820669569,0.3773030095129027
20260528-145448_s01_20260528_ear_eeg_ch1_only_03_quiet_rest_60s,s01_20260528_ear_eeg_ch1_only_03_quiet_rest_60s,0,9.472,13.472,54.46832106830538,825.0,0.1261418647379331,0.7778371531518898,1.0,,0.0,0.5,4.0,10.0,19.25,49.25,1.1291651459671844e-10,0.5150791191382363,1.8391573768460887e-11,0.08389486382977707,1.5918961575152147e-11,0.0726158147460486,2.3734264867373223e-11,0.10826604314649534,4.826037444585257e-11,0.22014415913944274,0.6707164373578498,1.1553249677521826,0.5989739829680134,0.3284102022859381
20260528-145448_s01_20260528_ear_eeg_ch1_only_03_quiet_rest_60s,s01_20260528_ear_eeg_ch1_only_03_quiet_rest_60s,0,9.728,13.728,50.061362346624165,825.0,0.14693773036323698,0.776781031726131,1.0,,1.0,1.0,4.0,12.75,14.25,49.25,9.21715142615779e-11,0.5045499548898713,1.2483454448716431e-11,0.06833484758745259,1.4622134739034228e-11,0.08004205509780501,2.2218973923448086e-11,0.12162740712884369,4.118457370704811e-11,0.22544573529602735,0.6580922588690391,0.8537367950379691,0.5728848024773239,0.34707314242487103
20260528-145448_s01_20260528_ear_eeg_ch1_only_03_quiet_rest_60s,s01_20260528_ear_eeg_ch1_only_03_quiet_rest_60s,0,9.984,13.984,50.17502366715934,825.0,0.1439614734564274,0.7408718297246321,1.0,,1.0,1.0,4.25,12.5,13.5,49.25,1.3929687710148994e-10,0.5489982857801048,1.5164190445592998e-11,0.05976526346536848,2.039849468107912e-11,0.08039475719364307,2.785179299461229e-11,0.10976977322186449,5.1017810622533535e-11,0.2010719203390192,0.7323943088699909,0.7433975243113764,0.6087635492454733,0.31084169356088365
20260528-145448_s01_20260528_ear_eeg_ch1_only_03_quiet_rest_60s,s01_20260528_ear_eeg_ch1_only_03_quiet_rest_60s,0,10.24,14.24,49.885779536857996,835.0,0.10907561332552233,0.7177084197375049,1.0,,1.0,1.0,4.75,12.75,13.25,49.5,1.6353386571162576e-10,0.6072455376393168,1.4414980117657045e-11,0.05352672557158553,2.053741836082806e-11,0.07626099707222918,2.9973245478177525e-11,0.11129877891645289,4.0844841825784417e-11,0.15166796080041575,0.6851916778842198,0.7018886144497782,0.6607722632109023,0.2629667397168686
20260528-145448_s01_20260528_ear_eeg_ch1_only_03_quiet_rest_60s,s01_20260528_ear_eeg_ch1_only_03_quiet_rest_60s,0,10.496,14.496,52.970765522125504,835.0,0.06877342036358855,0.6940686856636135,1.0,,1.0,1.0,4.75,12.75,13.25,49.5,1.715114851869489e-10,0.6502851133553851,1.9320578015184857e-11,0.0732538946356934,1.5438763792725555e-11,0.058536011463467354,2.4830731007154904e-11,0.09414561777063724,3.2646575954139814e-11,0.12377936277481698,0.6217603415814428,1.2514329692827049,0.7235390079910785,0.21792498054545423
20260528-145448_s01_20260528_ear_eeg_ch1_only_03_quiet_rest_60s,s01_20260528_ear_eeg_ch1_only_03_quiet_rest_60s,0,10.752,14.752,53.50205603525905,835.0,0.06772093489964605,0.6844445414134022,1.0,,1.0,1.0,4.75,10.75,13.5,49.25,1.812855556454775e-10,0.6377711208597034,2.1600243935922903e-11,0.07599067524605749,1.7669114782398587e-11,0.06216077778091983,2.2590308440930567e-11,0.07947376879332818,4.1103388830598125e-11,0.14460365731999097,0.7821546495746182,1.22248591409007,0.713761796105761,0.22407742611331916
20260528-145448_s01_20260528_ear_eeg_ch1_only_03_quiet_rest_60s,s01_20260528_ear_eeg_ch1_only_03_quiet_rest_60s,0,11.008,15.008,53.44138845501677,835.0,0.05846660887361114,0.7139066846793066,1.0,,1.0,1.0,5.25,11.0,13.0,47.75,1.6701553981242472e-10,0.5645247386492838,3.0642505516089567e-11,0.10357390957426837,1.692265946188496e-11,0.05719982655925735,2.6424144240143168e-11,0.08931553996682695,5.484673793805752e-11,0.18538598525036354,0.640424125303415,1.810738175350389,0.6680986482235521,0.2747015252171905
20260528-145448_s01_20260528_ear_eeg_ch1_only_03_quiet_rest_60s,s01_20260528_ear_eeg_ch1_only_03_quiet_rest_60s,0,11.264,15.264,53.336132218225195,835.0,0.06188506338934158,0.7177292404165145,1.0,,1.0,1.0,4.75,13.0,13.0,47.75,1.6646526548036598e-10,0.5574318072365313,2.738519634653585e-11,0.091703091614492,1.7298661527697685e-11,0.05792694428072693,2.6979741077310755e-11,0.0903453689518962,6.05000679672251e-11,0.2025927879163535,0.6411722587747664,1.583081806802691,0.6491348988510233,0.2929381568682497
20260528-145448_s01_20260528_ear_eeg_ch1_only_03_quiet_rest_60s,s01_20260528_ear_eeg_ch1_only_03_quiet_rest_60s,0,11.52,15.52,53.32516291583177,835.0,0.06503301240771121,0.6978253746538944,1.0,,1.0,1.0,4.25,10.75,13.0,49.5,1.717924002663071e-10,0.6046130141342116,2.0617860419244565e-11,0.07256331894632004,1.9072736457879596e-11,0.0671253481510829,2.2068371989338642e-11,0.07766830712432811,5.058475802669731e-11,0.17803001164405735,0.8642566142665052,1.0810121801230377,0.6771763330805317,0.25569831876838545
20260528-145448_s01_20260528_ear_eeg_ch1_only_03_quiet_rest_60s,s01_20260528_ear_eeg_ch1_only_03_quiet_rest_60s,0,11.776,15.776,53.25197648914076,835.0,0.06362406722524093,0.7279172279285033,1.0,,1.0,1.0,5.25,10.75,13.5,49.5,1.5637641856210293e-10,0.56318233595008,2.3477079024550278e-11,0.0845515988146253,1.9348021480088032e-11,0.06968099175925882,2.4056866547660796e-11,0.08663967638170691,5.4407316201863746e-11,0.195945397094329,0.8042619117396802,1.2134098077527802,0.6477339347647053,0.2825850734760359
20260528-145448_s01_20260528_ear_eeg_ch1_only_03_quiet_rest_60s,s01_20260528_ear_eeg_ch1_only_03_quiet_rest_60s,0,12.032,16.032,53.112211401898904,835.0,0.0676970551669966,0.7131744420667864,1.0,,1.0,1.0,5.0,11.75,13.0,47.75,1.6054494745308016e-10,0.5818878645141056,1.9889131402524237e-11,0.07208725271306086,2.0278063084454756e-11,0.07349691791542776,2.3581285487123457e-11,0.0854692973667698,5.1610156826357655e-11,0.18705866749063596,0.859921868785634,0.9808200773263855,0.6539751172271664,0.27252796485740577
20260528-145448_s01_20260528_ear_eeg_ch1_only_03_quiet_rest_60s,s01_20260528_ear_eeg_ch1_only_03_quiet_rest_60s,0,12.288,16.288,53.813557771253144,917.0,0.053106671552900005,0.7079741980691198,1.0,,1.0,1.0,5.0,12.75,13.0,49.5,1.890311032562081e-10,0.6070658268072514,2.531863106762222e-11,0.08130977092093475,2.072086496338215e-11,0.06654422898917234,2.7743054984027732e-11,0.08909571135079707,4.8571198752659446e-11,0.15598446193184443,0.7468847599989112,1.221890645606022,0.6883755977281861,0.24508017328264148
20260528-145448_s01_20260528_ear_eeg_ch1_only_03_quiet_rest_60s,s01_20260528_ear_eeg_ch1_only_03_quiet_rest_60s,0,12.544,16.544,53.83712473748947,917.0,0.05724407659654238,0.7297823393107786,1.0,,1.0,1.0,5.0,12.75,13.0,47.0,1.6719427121864013e-10,0.5670193759513231,3.070507923407251e-11,0.10413260417919559,1.9048154907773197e-11,0.06459953938676306,2.5506995484591805e-11,0.08650392478551631,5.241068068091178e-11,0.1777445556972019,0.7467816003370429,1.6119713107510663,0.6711519801305187,0.2642484804827182
20260528-145448_s01_20260528_ear_eeg_ch1_only_03_quiet_rest_60s,s01_20260528_ear_eeg_ch1_only_03_quiet_rest_60s,0,12.8,16.8,53.83920504613715,917.0,0.06299709790799476,0.7502330008879341,1.0,,1.0,1.0,5.0,12.0,13.0,48.0,1.5525815543942452e-10,0.494900933910705,5.209552950059569e-11,0.16605972246318898,1.7520962980124393e-11,0.05584982584223462,2.752354881097766e-11,0.08773407086112298,6.131742755064108e-11,0.1954554469227484,0.6365808094171428,2.973325699032202,0.660960656373894,0.28318951778387136
20260528-145448_s01_20260528_ear_eeg_ch1_only_03_quiet_rest_60s,s01_20260528_ear_eeg_ch1_only_03_quiet_rest_60s,0,13.056,17.056,53.82078594743856,917.0,0.0693609347226268,0.7499097579319621,1.0,,1.0,1.0,5.0,13.0,13.0,48.0,1.5387512725366388e-10,0.49233454724728815,5.212862460750912e-11,0.16678928721503786,1.6381779892901584e-11,0.05241468410538318,2.6050883666217255e-11,0.08335167771497948,6.410538794086045e-11,0.20510980371731127,0.628837781581492,3.182109938499238,0.659123834462326,0.2884614814322908
20260528-145448_s01_20260528_ear_eeg_ch1_only_03_quiet_rest_60s,s01_20260528_ear_eeg_ch1_only_03_quiet_rest_60s,0,13.312,17.312,53.83430133288627,917.0,0.07301740409084372,0.7383714136546915,1.0,,1.0,1.0,5.0,11.0,13.0,49.5,1.4969799016790983e-10,0.5299637400653852,3.214971632518353e-11,0.11381705182965002,1.3703426190801741e-11,0.04851313626616771,2.3475557291049538e-11,0.08310862509329002,6.344167314257845e-11,0.22459744674550708,0.5837316669805496,2.346107891380014,0.6437807918950351,0.3077060718387971
20260528-145448_s01_20260528_ear_eeg_ch1_only_03_quiet_rest_60s,s01_20260528_ear_eeg_ch1_only_03_quiet_rest_60s,0,13.568,17.568,53.75784593898829,917.0,0.08569736849459661,0.7917206638260331,1.0,,1.0,1.0,4.0,11.0,17.25,47.0,9.31981426691194e-11,0.44436417727585176,1.9094132851663465e-11,0.09103988977064256,1.1630993620774077e-11,0.05545600763252622,2.357929832730133e-11,0.11242493897278998,6.22311316795859e-11,0.29671498634818955,0.4932714052524249,1.6416596444141713,0.5354040670464943,0.40913992532097954
20260528-145448_s01_20260528_ear_eeg_ch1_only_03_quiet_rest_60s,s01_20260528_ear_eeg_ch1_only_03_quiet_rest_60s,0,13.824,17.824,53.61603304982568,917.0,0.10475625087019864,0.8365592768009913,1.0,,0.0,0.5,4.0,11.0,23.75,49.25,7.039808489326154e-11,0.3742766748181362,1.8516875176287908e-11,0.0984463494924832,1.528168141073472e-11,0.08124620027252175,2.2433360841329257e-11,0.11926863796676644,6.146102666775251e-11,0.3267621374500924,0.6812033880621707,1.2117040447709246,0.4727230243106194,0.44603077541685887
20260528-145448_s01_20260528_ear_eeg_ch1_only_03_quiet_rest_60s,s01_20260528_ear_eeg_ch1_only_03_quiet_rest_60s,0,14.08,18.08,53.40232204689231,917.0,0.13429491147445216,0.8701365979187649,1.0,,0.0,0.5,4.0,11.5,13.25,49.25,4.244680646716119e-11,0.31099572590196517,1.1563154501599966e-11,0.08471995721807153,1.2785423691560103e-11,0.09367517730685108,2.233152632127444e-11,0.163616766885786,4.735987302180133e-11,0.34699237268732613,0.5725279816355362,0.9044013542729148,0.3957156831200367,0.5106091395731122
20260528-145448_s01_20260528_ear_eeg_ch1_only_03_quiet_rest_60s,s01_20260528_ear_eeg_ch1_only_03_quiet_rest_60s,0,14.336,18.336,53.42728703574607,917.0,0.1414515962598447,0.8769492132716075,1.0,,0.0,0.75,4.0,9.0,13.5,49.25,3.959545114053318e-11,0.3375268876508101,1.3778515947471462e-11,0.11745338088688519,1.0452275890080546e-11,0.08909922853322444,2.211966246652117e-11,0.188556528923307,3.1364603996931286e-11,0.2673639740057732,0.47253324529252677,1.318231176862409,0.4549802685376953,0.4559205029290802
20260528-145448_s01_20260528_ear_eeg_ch1_only_03_quiet_rest_60s,s01_20260528_ear_eeg_ch1_only_03_quiet_rest_60s,0,14.592,18.592,49.68612482373726,917.0,0.14070389475913478,0.8490163982748246,1.0,,0.0,0.5,4.0,8.0,23.5,49.25,4.4525078035358083e-11,0.4138792620039347,1.1799345763259548e-11,0.10967986429465762,8.398946369855179e-12,0.07807172673354601,1.7750290319926438e-11,0.1649963881508031,2.5106211524938767e-11,0.23337275881705863,0.4731723379434836,1.4048602340894576,0.5235591262985924,0.39836914696786174
20260528-145448_s01_20260528_ear_eeg_ch1_only_03_quiet_rest_60s,s01_20260528_ear_eeg_ch1_only_03_quiet_rest_60s,0,14.848,18.848,49.678838553251225,917.0,0.15120482185350084,0.8464168784872299,1.0,,0.0,0.5,4.0,8.0,14.0,49.25,4.112923988834392e-11,0.40306432607875714,1.1684428869888641e-11,0.11450677087255237,8.460645360286548e-12,0.08291386686437917,1.571725222255751e-11,0.15402822157893456,2.5049813228464935e-11,0.24548681460537683,0.5383030850738509,1.3810328139664405,0.5175710969513095,0.3995150361843114
20260528-145448_s01_20260528_ear_eeg_ch1_only_03_quiet_rest_60s,s01_20260528_ear_eeg_ch1_only_03_quiet_rest_60s,0,15.104,19.104,49.67959339608166,917.0,0.15937309887458548,0.8413605133848454,1.0,,0.0,0.5,4.0,8.5,14.0,49.25,4.148462054413321e-11,0.3939256909105663,1.2195066888037536e-11,0.11580074944786098,8.915804971565457e-12,0.08466184786989639,1.5834560778844783e-11,0.1503603073441615,2.6880723700847885e-11,0.25525140442751487,0.5630598218724897,1.367803235594587,0.5097264403584273,0.4056117117716764
20260528-145448_s01_20260528_ear_eeg_ch1_only_03_quiet_rest_60s,s01_20260528_ear_eeg_ch1_only_03_quiet_rest_60s,0,15.36,19.36,53.58682673941423,917.0,0.14788179101678836,0.822679041686763,1.0,,0.5,0.5,4.0,8.5,14.0,49.5,5.827059112677098e-11,0.4440420166148128,1.367942882982578e-11,0.1042419691696587,9.34204738740755e-12,0.071189625521231,1.8764479367891132e-11,0.1429918093866289,3.11711050562889e-11,0.2375345793076686,0.4978580649241572,1.4642859602986737,0.5482839857844715,0.3805263886942975
20260528-145448_s01_20260528_ear_eeg_ch1_only_03_quiet_rest_60s,s01_20260528_ear_eeg_ch1_only_03_quiet_rest_60s,0,15.616,19.616,53.71693401526189,917.0,0.12132443994629509,0.8030239417400554,1.0,,0.5,0.5,4.0,8.0,14.0,49.25,6.585603190229276e-11,0.49088873331761074,1.4088620176321716e-11,0.10501611944686154,8.746807473161817e-12,0.06519842020612135,1.705946521790256e-11,0.12716070236841095,2.8405814695928604e-11,0.21173602466099548,0.512724599595463,1.6107157062220012,0.5959048527644722,0.33889672702940643
20260528-145448_s01_20260528_ear_eeg_ch1_only_03_quiet_rest_60s,s01_20260528_ear_eeg_ch1_only_03_quiet_rest_60s,0,15.872,19.872,53.756004315797135,917.0,0.11988990992600114,0.8054515009281296,1.0,,1.5,1.5,4.0,8.0,14.0,49.25,6.855009710087521e-11,0.47582778615815763,1.2871020119637866e-11,0.08934179918245802,9.067317796423376e-12,0.06293910491644678,1.7489086492137728e-11,0.1213972504697763,3.608740932304465e-11,0.25049405927316126,0.5184557695737634,1.4194958651074159,0.5651695853406157,0.37189130974293755
20260528-145448_s01_20260528_ear_eeg_ch1_only_03_quiet_rest_60s,s01_20260528_ear_eeg_ch1_only_03_quiet_rest_60s,0,16.128,20.128,53.86674298674462,917.0,0.12304670429780724,0.8210317694543042,1.0,,1.5,1.5,4.0,9.25,14.0,49.75,6.531521911558665e-11,0.4591194926790695,1.2701254404975873e-11,0.08928077648305296,9.351559846217071e-12,0.0657348083722275,1.9910838450338168e-11,0.13995901984125286,3.498304508485711e-11,0.24590590262439713,0.46967182570145577,1.3581963451919556,0.5484002691621225,0.38586492246564996
20260528-145448_s01_20260528_ear_eeg_ch1_only_03_quiet_rest_60s,s01_20260528_ear_eeg_ch1_only_03_quiet_rest_60s,0,16.384,20.384,53.76223581660272,896.0,0.12404090953147355,0.848491020686768,1.0,,1.5,1.5,4.0,9.25,14.0,49.5,5.5293721135753315e-11,0.4090435136725438,1.2203673647224877e-11,0.09027848815091116,9.885566121735158e-12,0.07312994347313286,2.108640578689247e-11,0.15598981831263306,3.6708723872172706e-11,0.27155823639077903,0.46881228700815997,1.2344941601668062,0.499322001823455,0.42754805470341206
20260528-145448_s01_20260528_ear_eeg_ch1_only_03_quiet_rest_60s,s01_20260528_ear_eeg_ch1_only_03_quiet_rest_60s,0,16.64,20.64,53.707895136562556,896.0,0.1322938826551299,0.8369685951216037,1.0,,1.5,1.5,4.0,9.25,14.0,49.5,5.466730796401456e-11,0.41983951594464386,1.1614757633376294e-11,0.08920018936767415,8.491347405223253e-12,0.0652127078705512,1.9398380572358775e-11,0.1489776433653934,3.603821736459405e-11,0.27676994345173744,0.43773486005954443,1.3678344647907996,0.509039705312318,0.4257475868171309
20260528-145448_s01_20260528_ear_eeg_ch1_only_03_quiet_rest_60s,s01_20260528_ear_eeg_ch1_only_03_quiet_rest_60s,0,16.896,20.896,53.692541381461915,896.0,0.14576417360552477,0.8270781099035368,1.0,,1.5,1.5,4.0,9.25,14.0,49.25,5.4178548461977654e-11,0.42753612015375814,9.740546468343467e-12,0.07686502432185952,7.785272652775522e-12,0.0614354824703863,1.7847748012074207e-11,0.14084092607093854,3.717062409403484e-11,0.2933224469830576,0.4362047608196113,1.2511503325282862,0.5044011444756177,0.4341633730539961
20260528-145448_s01_20260528_ear_eeg_ch1_only_03_quiet_rest_60s,s01_20260528_ear_eeg_ch1_only_03_quiet_rest_60s,0,17.152,21.152,53.647898374493664,896.0,0.15858977267519928,0.8342284391221815,1.0,,1.5,1.5,4.0,8.0,14.0,49.5,5.1715515248857726e-11,0.4077710630541935,9.637772607065683e-12,0.07599276082905439,7.74389115156927e-12,0.06105971702797858,1.8045320621760484e-11,0.1422853381172019,3.9682378187014636e-11,0.3128911209715716,0.4291356919550141,1.2445645759254542,0.4837638238832479,0.4551764590887735
20260528-145448_s01_20260528_ear_eeg_ch1_only_03_quiet_rest_60s,s01_20260528_ear_eeg_ch1_only_03_quiet_rest_60s,0,17.408,21.408,53.51498855460963,896.0,0.16101123451367416,0.832836557544847,1.0,,0.5,0.5,4.0,8.25,14.0,49.5,5.558417055732857e-11,0.39844372721538296,1.2136786829285127e-11,0.08700006732476734,8.379875698953829e-12,0.06006942036940323,1.8743650726084493e-11,0.13436001620680402,4.465870512243292e-11,0.3201267688836425,0.4470780970802034,1.4483254006739412,0.4854437945401503,0.4544867850904465
20260528-145448_s01_20260528_ear_eeg_ch1_only_03_quiet_rest_60s,s01_20260528_ear_eeg_ch1_only_03_quiet_rest_60s,0,17.664,21.664,53.470851872772705,896.0,0.17649019543747393,0.8318689261232505,1.0,,0.75,0.75,4.0,8.25,13.25,49.75,5.8157780436733625e-11,0.3909409562727996,1.2186997773735357e-11,0.08192191187456824,9.722822604083101e-12,0.06535754181069503,1.9446939615840013e-11,0.1307237847267281,4.9249050346090726e-11,0.33105580531520906,0.4999667195019015,1.2534423664808432,0.4728628681473679,0.46177959004193714
20260528-145448_s01_20260528_ear_eeg_ch1_only_03_quiet_rest_60s,s01_20260528_ear_eeg_ch1_only_03_quiet_rest_60s,0,17.92,21.92,53.43856285492715,896.0,0.17111308290906618,0.8253535112918199,1.0,,0.25,0.75,4.0,11.25,13.75,49.25,5.719658409580687e-11,0.4060031473196271,1.1741052221721438e-11,0.08334246232044598,8.001355973719254e-12,0.0567966734291895,1.8146356659661607e-11,0.12880975381093088,4.5791844916700686e-11,0.32504796311980655,0.4409345701611744,1.4673828111491791,0.4893456096400731,0.4538577169307374
20260528-145448_s01_20260528_ear_eeg_ch1_only_03_quiet_rest_60s,s01_20260528_ear_eeg_ch1_only_03_quiet_rest_60s,0,18.176,22.176,53.415447203969,896.0,0.16516703845705052,0.8443427597235783,1.0,,0.25,1.25,4.0,8.5,13.25,49.5,6.327581740131644e-11,0.40373729309928547,1.3630618674400732e-11,0.08697144205926338,1.0195717860338208e-11,0.06505473495552735,2.5891851697523896e-11,0.1652053904161648,4.373121763123292e-11,0.2790311394697589,0.39378094620066323,1.3368964168206772,0.49070873515854885,0.44423652988592366
20260528-145448_s01_20260528_ear_eeg_ch1_only_03_quiet_rest_60s,s01_20260528_ear_eeg_ch1_only_03_quiet_rest_60s,0,18.432,22.432,47.320143702233196,896.0,0.13652751012019515,0.849729344183927,1.0,,0.75,0.75,4.0,8.5,13.25,49.5,7.457150219551889e-11,0.41190978760421415,1.9838298042426397e-11,0.10958058899846054,1.458658067729459e-11,0.08057173547212247,3.128380810098938e-11,0.17280202719456378,4.075824328043505e-11,0.22513586073063913,0.4662661473375192,1.3600375908047186,0.5214903766026747,0.3979378879252029
20260528-145448_s01_20260528_ear_eeg_ch1_only_03_quiet_rest_60s,s01_20260528_ear_eeg_ch1_only_03_quiet_rest_60s,0,18.688,22.688,47.22759786396085,896.0,0.14881635806756963,0.856464805017772,1.0,,1.25,1.25,4.0,8.5,13.25,49.75,6.830020525352597e-11,0.3752860847830431,2.2242789578134095e-11,0.12221646164086875,1.738991831227416e-11,0.0955516068200015,3.059449962380275e-11,0.16810622950683565,4.346762521245099e-11,0.23883961724925099,0.5684001544756324,1.2790623382304607,0.49750254642391184,0.40694584675608664
20260528-145448_s01_20260528_ear_eeg_ch1_only_03_quiet_rest_60s,s01_20260528_ear_eeg_ch1_only_03_quiet_rest_60s,0,18.944,22.944,47.2332615854548,896.0,0.1828878880755241,0.8771980302486131,1.0,,0.25,1.25,4.5,9.0,21.25,49.75,6.612093549671078e-11,0.326929123390984,2.2814058990032455e-11,0.1128020989202813,1.8879175834518634e-11,0.09334641682785119,3.721826990101342e-11,0.18402244707310067,5.7216092459332396e-11,0.28289991378778284,0.507255600132143,1.2084245196932426,0.4397312223112653,0.4669223608608835
20260528-145448_s01_20260528_ear_eeg_ch1_only_03_quiet_rest_60s,s01_20260528_ear_eeg_ch1_only_03_quiet_rest_60s,0,19.2,23.2,47.229874020581505,896.0,0.2366653792792216,0.8850974192081813,1.0,,0.0,1.25,4.0,9.0,21.25,49.5,6.072253139991438e-11,0.2954643833597372,1.885856316466657e-11,0.09176221096254757,2.1043493218054638e-11,0.10239366844670267,3.636501068359144e-11,0.17694528225008666,6.852597234280272e-11,0.3334344549809259,0.5786741932004945,0.8961707530804122,0.38722659432228473,0.5103797372310126
20260528-145448_s01_20260528_ear_eeg_ch1_only_03_quiet_rest_60s,s01_20260528_ear_eeg_ch1_only_03_quiet_rest_60s,0,19.456,23.456,42.63612318210932,896.0,0.24042596292670726,0.8713835467273805,1.0,,0.0,0.75,4.0,9.0,21.25,49.5,4.5783418858278485e-11,0.3207598948370606,1.2866640220789444e-11,0.09014403613898003,1.6362717820702283e-11,0.11463765219595293,2.6091093652889113e-11,0.18279492150183418,4.16303664738727e-11,0.2916634953261724,0.6271380586183443,0.7863388198573243,0.4109039309760406,0.4744584168280066
20260528-145448_s01_20260528_ear_eeg_ch1_only_03_quiet_rest_60s,s01_20260528_ear_eeg_ch1_only_03_quiet_rest_60s,0,19.712,23.712,42.60137321730369,896.0,0.23909129207457752,0.8796007724498999,1.0,,0.0,0.5,4.0,9.0,21.25,49.75,4.704122685579922e-11,0.3172470773300761,1.4119893012222628e-11,0.09522487166570918,1.674005378151943e-11,0.11289529401124924,3.009502077153769e-11,0.20296148761650007,4.028327044174689e-11,0.2716712693764653,0.5562399809788902,0.8434795489014864,0.4124719489957853,0.47463275699296537
20260528-145448_s01_20260528_ear_eeg_ch1_only_03_quiet_rest_60s,s01_20260528_ear_eeg_ch1_only_03_quiet_rest_60s,0,19.968,23.968,42.54713856418549,896.0,0.24738964077627298,0.8842592493746996,1.0,,0.0,0.5,4.0,9.0,21.25,49.75,4.635815001728532e-11,0.3075019387667444,1.5468589561918494e-11,0.10260593398363364,1.6792508202082997e-11,0.11138772420753647,3.006868639759444e-11,0.1994509996620217,4.206932674509065e-11,0.2790534033800637,0.558471626596446,0.9211601611723328,0.4101078727503781,0.4785044030420854
20260528-145448_s01_20260528_ear_eeg_ch1_only_03_quiet_rest_60s,s01_20260528_ear_eeg_ch1_only_03_quiet_rest_60s,0,20.224,24.224,49.20063007726629,752.0,0.23276405558677066,0.8778776561808348,1.0,,0.25,0.75,4.0,9.0,21.25,49.5,5.7936919244022385e-11,0.30799022920178143,2.1946054118221722e-11,0.11666430190181681,2.1531557305637374e-11,0.11446085425604935,3.683329867189885e-11,0.19580426864664954,4.986501889627427e-11,0.26508034599370284,0.5845677167672305,1.01925066574148,0.42465453110359824,0.46088461464035235
20260528-145448_s01_20260528_ear_eeg_ch1_only_03_quiet_rest_60s,s01_20260528_ear_eeg_ch1_only_03_quiet_rest_60s,0,20.48,24.48,48.344306800284144,752.0,0.17453351565743344,0.8370495994228988,1.0,,0.25,0.75,4.25,8.75,21.25,49.5,8.89939229968546e-11,0.39426498703629675,3.0960772505610494e-11,0.13716384399628825,2.3511253038844483e-11,0.10416063886625988,3.644005547023536e-11,0.16143841639706194,4.5815086937526994e-11,0.2029721137040932,0.6452035469059243,1.3168491043186075,0.531428831032585,0.36441053010115515
20260528-145448_s01_20260528_ear_eeg_ch1_only_03_quiet_rest_60s,s01_20260528_ear_eeg_ch1_only_03_quiet_rest_60s,0,20.736,24.736,48.479542077045245,752.0,0.16597037525801508,0.8101314007485576,1.0,,0.25,0.75,4.25,8.75,21.25,49.5,1.032570489222316e-10,0.401058611730118,4.722491005668541e-11,0.18342531637407758,2.2238323122705064e-11,0.08637542029227616,3.0069077396147384e-11,0.11679069431460283,5.467188407656317e-11,0.21234995728892547,0.7395745080477382,2.1235823311007356,0.5844839281041956,0.3291406516035283
20260528-145448_s01_20260528_ear_eeg_ch1_only_03_quiet_rest_60s,s01_20260528_ear_eeg_ch1_only_03_quiet_rest_60s,0,20.992,24.992,50.64052724844006,752.0,0.1431314396645772,0.8147188976152412,1.0,,0.0,0.5,4.25,9.25,19.25,49.5,2.1099433050359065e-10,0.38910625039833724,6.594332036644862e-11,0.12160970422932037,6.25960356196177e-11,0.11543679231388497,7.13972088793274e-11,0.1316675200212035,1.3132287281795894e-10,0.242179733037254,0.8767294492620142,1.0534743888122826,0.5107159546276576,0.3738472530584575
20260528-145448_s01_20260528_ear_eeg_ch1_only_03_quiet_rest_60s,s01_20260528_ear_eeg_ch1_only_03_quiet_rest_60s,0,21.248,25.248,57.93416090701582,752.0,0.14336181438150358,0.7857908493734416,1.0,,0.0,0.75,4.0,9.25,13.0,49.5,5.130679940020342e-10,0.3936824181467949,1.3311633707201905e-10,0.10214155255443301,1.4120041545549484e-10,0.10834455013701533,1.1683794151212791e-10,0.08965097001471882,3.9903082380482785e-10,0.306180509147038,1.2085150904583342,0.9427474886855145,0.4958239707012279,0.3958314791617568
20260528-145448_s01_20260528_ear_eeg_ch1_only_03_quiet_rest_60s,s01_20260528_ear_eeg_ch1_only_03_quiet_rest_60s,0,21.504,25.504,68.72797829123158,752.0,0.23519817042693844,0.6559810470214215,1.0,,0.0,0.75,4.5,9.25,23.5,49.5,7.654654599701674e-10,0.3726523472145584,6.683678435692128e-11,0.03253822134815945,1.7185751633649803e-10,0.08366557369127572,1.8068157265575828e-10,0.08796139822064632,8.692594007609447e-10,0.42318245952536016,0.951162389226752,0.38890812448408985,0.40519056856271785,0.5111438577460065
20260528-145448_s01_20260528_ear_eeg_ch1_only_03_quiet_rest_60s,s01_20260528_ear_eeg_ch1_only_03_quiet_rest_60s,0,21.76,25.76,78.31220849905843,752.0,0.2063920160559339,0.5921780945118563,0.85,very_high_gamma_rel,0.0,0.5,6.5,11.25,17.75,47.5,7.755208072409505e-10,0.2955533562174014,1.7680622306473042e-11,0.006738139343135384,7.298884237850424e-11,0.027816271504224756,2.745941807538844e-10,0.10464868377717577,1.4831776540827223e-09,0.5652435491580626,0.26580622421828853,0.24223733012211898,0.3022914955605368,0.6698922329352384
20260528-145448_s01_20260528_ear_eeg_ch1_only_03_quiet_rest_60s,s01_20260528_ear_eeg_ch1_only_03_quiet_rest_60s,0,22.016,26.016,84.66865417614714,752.0,0.16982724754209516,0.5981800242025912,1.0,,0.0,0.5,4.75,11.0,18.0,47.75,8.365128435472548e-10,0.3619797971394549,2.5263723576655844e-11,0.01093223804727936,1.0861559579127877e-10,0.04700065472274738,3.294305560954668e-10,0.14255274953257616,1.0111152122158846e-09,0.4375345605579422,0.3297071075574504,0.2325975693693555,0.37291203518673427,0.5800873100905184
20260528-145448_s01_20260528_ear_eeg_ch1_only_03_quiet_rest_60s,s01_20260528_ear_eeg_ch1_only_03_quiet_rest_60s,0,22.272,26.272,92.16601325868446,881.0,0.0877597489635684,0.6049226149363406,1.0,,0.0,0.75,4.75,9.25,17.0,47.75,8.33438235236224e-10,0.44082087333582076,5.2973726092532997e-11,0.028018781971700928,1.5016529390660047e-10,0.07942519698040452,1.7962995471750263e-10,0.0950096001935883,6.744433595842689e-10,0.3567255475184856,0.8359702263620779,0.35276943636178343,0.4688396553075217,0.4517351477120739
20260528-145448_s01_20260528_ear_eeg_ch1_only_03_quiet_rest_60s,s01_20260528_ear_eeg_ch1_only_03_quiet_rest_60s,0,22.528,26.528,96.31177498104788,881.0,0.11223829292302766,0.6707492336955302,1.0,,0.0,0.75,4.5,9.5,13.25,47.75,7.524698420309289e-10,0.39361742598222327,1.0441834653853481e-10,0.05462129974390188,1.7564745998701796e-10,0.09188129173895022,1.6175079061428848e-10,0.0846119356496002,7.173917345107788e-10,0.3752680468853244,1.0859140738660593,0.5944768375600327,0.44823872572612516,0.45987998253492457
20260528-145448_s01_20260528_ear_eeg_ch1_only_03_quiet_rest_60s,s01_20260528_ear_eeg_ch1_only_03_quiet_rest_60s,0,22.784,26.784,98.7087432804207,881.0,0.1680136846888932,0.6598342401118675,1.0,,0.0,0.75,4.5,9.5,23.25,47.75,8.243074095585624e-10,0.3718776763049634,1.265134211208066e-10,0.057075208256337245,1.9828071072613137e-10,0.08945227121083135,2.1210455879953234e-10,0.09568875585177643,8.554029142134014e-10,0.3859060883760915,0.934825313743179,0.6380520861434122,0.42895288456130065,0.48159484422786797
20260528-145448_s01_20260528_ear_eeg_ch1_only_03_quiet_rest_60s,s01_20260528_ear_eeg_ch1_only_03_quiet_rest_60s,0,23.04,27.04,99.37534905599074,881.0,0.183083564314648,0.5969615845916131,1.0,,0.0,0.5,4.5,9.5,13.0,49.25,1.2292357542717508e-09,0.4244395733607431,1.3577316588170316e-10,0.04688075855295014,1.9574243581244737e-10,0.06758738968998527,2.5893782482127053e-10,0.08940795897952886,1.076449236605376e-09,0.3716843194167926,0.755943771241443,0.6936317376360619,0.47132033191369327,0.46109227839632144
20260528-145448_s01_20260528_ear_eeg_ch1_only_03_quiet_rest_60s,s01_20260528_ear_eeg_ch1_only_03_quiet_rest_60s,0,23.296,27.296,99.4380862647708,881.0,0.23538416479700466,0.4901704796394324,1.0,,0.0,0.5,8.0,8.5,25.5,47.75,1.6861026035757333e-09,0.38725937241607306,4.009589224954544e-11,0.009209113393272818,8.795761994410769e-11,0.02020186234605779,3.0432568269268337e-10,0.06989667926479069,2.2354544098633876e-09,0.5134329725798057,0.2890246369148205,0.45585467495623705,0.39646848580934585,0.5833296518445964
20260528-145448_s01_20260528_ear_eeg_ch1_only_03_quiet_rest_60s,s01_20260528_ear_eeg_ch1_only_03_quiet_rest_60s,0,23.552,27.552,99.56726871818871,881.0,0.21308740622782063,0.47550186296077235,0.85,very_high_gamma_rel,0.0,0.5,4.0,11.5,26.25,47.25,2.067571273746409e-09,0.36300150523219243,5.338798627467462e-11,0.0093732775382908,8.269839839183053e-11,0.01451927847794618,2.2905355714326624e-10,0.040214713310043664,3.263053799037617e-09,0.5728912254415269,0.36104393847114596,0.6455746098215684,0.37237478277048325,0.6131059387515706
20260528-145448_s01_20260528_ear_eeg_ch1_only_03_quiet_rest_60s,s01_20260528_ear_eeg_ch1_only_03_quiet_rest_60s,0,23.808,27.808,100.19699097278321,881.0,0.272334268730108,0.42191950271507767,0.966498596904838,high_50hz_ratio,0.0,0.5,4.0,11.5,25.25,47.75,2.6625581081184143e-09,0.4204887798885263,4.004235979224105e-11,0.006323754197723597,6.842328137229199e-11,0.010805856973591661,2.15412241709468e-10,0.03401932540487418,3.345619073174272e-09,0.5283622835352842,0.31763877869381363,0.5852154265208362,0.42681253408624986,0.5623816089401584
20260528-145448_s01_20260528_ear_eeg_ch1_only_03_quiet_rest_60s,s01_20260528_ear_eeg_ch1_only_03_quiet_rest_60s,0,24.064,28.064,99.04706457033444,799.0,0.3686654210607721,0.348501313906451,0.8220018684088418,high_50hz_ratio,0.0,0.5,4.75,12.25,15.5,49.5,3.3705511563543196e-09,0.5653537601786074,4.348481357904745e-11,0.0072938524671945035,7.905891034700386e-11,0.013260814082598505,1.877517236440714e-10,0.0314922213069156,2.280997808836676e-09,0.38259935196468403,0.42108220799548585,0.5500305201296696,0.5726476126458019,0.4140915732715996
20260528-145448_s01_20260528_ear_eeg_ch1_only_03_quiet_rest_60s,s01_20260528_ear_eeg_ch1_only_03_quiet_rest_60s,0,24.32,28.32,100.91097066226249,1080.0,0.3737646494520213,0.37401033117492005,0.814353025821968,high_50hz_ratio,0.0,0.5,6.75,12.25,14.75,49.5,2.892922708496571e-09,0.5561404056083404,4.66375528099655e-11,0.008965682857733132,8.118323176944734e-11,0.015606803220926727,1.7863496251435087e-10,0.03434109048844626,2.0024063442968717e-09,0.38494601782455345,0.45446440398208937,0.5744727303097727,0.5651060884660736,0.4192871083129997
20260528-145448_s01_20260528_ear_eeg_ch1_only_03_quiet_rest_60s,s01_20260528_ear_eeg_ch1_only_03_quiet_rest_60s,0,24.576,28.576,101.67337409567955,1080.0,0.39587659934170605,0.4641448275902024,0.7811851009874409,high_50hz_ratio,0.0,0.5,4.25,10.25,13.0,49.25,1.6398165229377014e-09,0.4679896307554876,9.749693474340267e-11,0.02782479250094148,1.0324602988862388e-10,0.029465535155107588,1.4182076803496015e-10,0.04047443597362884,1.5215788391523982e-09,0.4342456056148345,0.7280036014413119,0.9443165499785027,0.4958144232564291,0.4747200415884633
20260528-145448_s01_20260528_ear_eeg_ch1_only_03_quiet_rest_60s,s01_20260528_ear_eeg_ch1_only_03_quiet_rest_60s,0,24.832,28.832,102.42643213546003,1080.0,0.27490133194833843,0.6320294385317395,0.9626480020774923,high_50hz_ratio,0.0,0.5,4.5,9.5,13.0,49.25,8.442739797171331e-10,0.4061236775105065,1.4689241327890968e-10,0.07066010384355485,1.5213387910109553e-10,0.07318142207246077,1.5455074887786953e-10,0.07434401628404161,7.810082686198266e-10,0.3756907802894363,0.9843619665752388,0.965547017842733,0.47678378135406135,0.4500347965734779
20260528-145448_s01_20260528_ear_eeg_ch1_only_03_quiet_rest_60s,s01_20260528_ear_eeg_ch1_only_03_quiet_rest_60s,0,25.088,29.088,102.85554919400313,1080.0,0.29999653782426355,0.694977691401321,0.9250051932636046,high_50hz_ratio,0.0,0.75,4.0,13.0,13.0,48.75,5.880306802597796e-10,0.3512169119432623,1.2632628972935633e-10,0.07545172533581677,1.1334503694639736e-10,0.06769832798999877,1.3995353573455882e-10,0.08359095925831206,7.066108729368351e-10,0.42204207547261,0.8098761946348525,1.1145286386831212,0.4266686372790791,0.5056330347309221
20260528-145448_s01_20260528_ear_eeg_ch1_only_03_quiet_rest_60s,s01_20260528_ear_eeg_ch1_only_03_quiet_rest_60s,0,25.344,29.344,97.9815901075299,1080.0,0.28820763297009544,0.6502236025504197,0.9426885505448569,high_50hz_ratio,0.0,0.75,4.0,9.5,13.0,48.75,7.457583708438051e-10,0.37074391914358046,1.5364615792051234e-10,0.07638315703295656,1.2978728686708352e-10,0.06452203457491289,1.17740886898886e-10,0.05853332601944961,8.645861177015029e-10,0.4298175632291005,1.1023128013172074,1.1838305710008632,0.447127076176537,0.4883508892485501
20260528-145448_s01_20260528_ear_eeg_ch1_only_03_quiet_rest_60s,s01_20260528_ear_eeg_ch1_only_03_quiet_rest_60s,0,25.6,29.6,89.96292013935519,1080.0,0.3710644565780687,0.589646592007257,0.818403315132897,high_50hz_ratio,0.0,0.5,4.0,9.5,13.0,49.25,8.664354500548052e-10,0.3275623507404071,9.549315738221242e-11,0.036101896696127324,1.2331099993158784e-10,0.04661863847697616,1.7675173714076003e-10,0.06682230570276836,1.3831094984182595e-09,0.522894808383721,0.6976508515635492,0.7744090749016018,0.36366424743653447,0.5897171140864894
20260528-145448_s01_20260528_ear_eeg_ch1_only_03_quiet_rest_60s,s01_20260528_ear_eeg_ch1_only_03_quiet_rest_60s,0,25.856,29.856,82.90536773936897,1080.0,0.37664068196063244,0.5800113786727538,0.8100389770590514,high_50hz_ratio,0.0,0.5,4.75,9.75,13.0,48.75,1.16311541039592e-09,0.33435197210212525,1.1065574040590723e-10,0.031809367065768604,1.3048155698059035e-10,0.037508544302208006,2.0424661948785348e-10,0.058713227776519994,1.8702162402893403e-09,0.5376168887533782,0.6388431657168753,0.848056560379393,0.36616133916789384,0.5963301165298982
20260528-145448_s01_20260528_ear_eeg_ch1_only_03_quiet_rest_60s,s01_20260528_ear_eeg_ch1_only_03_quiet_rest_60s,0,26.112,30.112,77.48988321064886,1080.0,0.33193950641061354,0.5207446417160748,0.8770907403840797,high_50hz_ratio,0.0,0.75,4.0,9.75,13.0,48.75,1.5415075387054902e-09,0.4323497367102278,1.0285641250355498e-10,0.028848346017311757,1.327924436607614e-10,0.037244565214420815,2.0859436528712724e-10,0.058504883464184476,1.5796672517398778e-09,0.4430524685938552,0.6366060918183214,0.774565251365638,0.46119808272753954,0.5015573520580396
20260528-145448_s01_20260528_ear_eeg_ch1_only_03_quiet_rest_60s,s01_20260528_ear_eeg_ch1_only_03_quiet_rest_60s,0,26.368,30.368,73.23844618777763,953.0,0.2698624385900098,0.5820649557160347,0.9702063421149854,high_50hz_ratio,0.0,0.75,4.75,12.75,13.0,49.0,1.3157515199450432e-09,0.3968451430294972,1.1737391231070081e-10,0.0354012640782032,1.3919300862525349e-10,0.0419821437249048,2.2126692576008854e-10,0.06673654065368444,1.521943481464898e-09,0.4590349085137104,0.629072818484292,0.8432457453858492,0.4322464071077004,0.5257714491673948
20260528-145448_s01_20260528_ear_eeg_ch1_only_03_quiet_rest_60s,s01_20260528_ear_eeg_ch1_only_03_quiet_rest_60s,0,26.624,30.624,68.83878993706963,953.0,0.24660424613246193,0.6892184734429583,1.0,,0.0,0.5,5.0,10.0,13.0,49.25,8.578015805152946e-10,0.3627063498464779,1.5087848085916782e-10,0.06379631875932958,1.3507745770836732e-10,0.057115133318491655,1.609535342845614e-10,0.06805637835287517,1.0602918777320362e-09,0.4483258197228257,0.839232628899929,1.1169774988282275,0.4265026686058075,0.5163821980757008
20260528-145448_s01_20260528_ear_eeg_ch1_only_03_quiet_rest_60s,s01_20260528_ear_eeg_ch1_only_03_quiet_rest_60s,0,26.88,30.88,66.2926541933569,953.0,0.2223618794702747,0.7533192644042463,1.0,,0.0,0.75,4.0,8.0,19.25,49.25,5.937832840782226e-10,0.3656184002617661,1.5127230707268046e-10,0.09314499144528635,8.176586308858712e-11,0.050346826628641754,1.0252807788929168e-10,0.06313103252475241,6.947024402366703e-10,0.42775874913955336,0.7974972785199066,1.8500667804214137,0.4587633917070525,0.49088978166430575
20260528-145448_s01_20260528_ear_eeg_ch1_only_03_quiet_rest_60s,s01_20260528_ear_eeg_ch1_only_03_quiet_rest_60s,0,27.136,31.136,65.86111903088195,953.0,0.18724600975581687,0.7581730922873848,1.0,,0.75,0.75,4.0,8.0,18.25,49.25,4.395931193681696e-10,0.4122605739281088,1.198423033390585e-10,0.11239087824313251,3.927665053062212e-11,0.036834549441995865,7.169856569017173e-11,0.06724056983361579,3.958885591243903e-10,0.3712734285531471,0.54780245814605,3.051235319712999,0.5246514521712413,0.43851399838676286
20260528-145448_s01_20260528_ear_eeg_ch1_only_03_quiet_rest_60s,s01_20260528_ear_eeg_ch1_only_03_quiet_rest_60s,0,27.392,31.392,65.87372010141829,953.0,0.1334289514257039,0.8118012729056051,1.0,,0.0,0.75,4.0,10.5,18.25,49.25,3.029636496333585e-10,0.40707316436314495,9.68651487783719e-11,0.13015159632991502,3.4277885925538466e-11,0.04605703525249407,9.438543806713748e-11,0.12681976530943131,2.1575651925522503e-10,0.2898984387450147,0.3631692200353639,2.8258787309343165,0.53722476069306,0.41671820405444604
20260528-145448_s01_20260528_ear_eeg_ch1_only_03_quiet_rest_60s,s01_20260528_ear_eeg_ch1_only_03_quiet_rest_60s,0,27.648,31.648,65.42510221619834,953.0,0.1372033083943802,0.8112996694652489,1.0,,0.0,0.5,4.0,8.0,18.0,49.25,2.623713487954317e-10,0.3903426974208797,9.619955843323721e-11,0.14312079158767188,3.35431535984202e-11,0.04990379138470246,7.788412150350984e-11,0.11587201961460858,2.0215823440014555e-10,0.30076069999213745,0.4306802587085557,2.867934231376741,0.5334634890085516,0.416632719606746
20260528-145448_s01_20260528_ear_eeg_ch1_only_03_quiet_rest_60s,s01_20260528_ear_eeg_ch1_only_03_quiet_rest_60s,0,27.904,31.904,63.987600361320006,953.0,0.13104562271450027,0.8015334647258513,1.0,,0.0,0.5,4.0,10.5,18.25,48.75,2.6993540092126014e-10,0.41851552757322485,8.280611848800989e-11,0.1283849626504137,2.5591870575428755e-11,0.03967836444907619,8.43459600393907e-11,0.1307723768134167,1.8230365093286147e-10,0.2826487685138685,0.303415487398294,3.23564149966879,0.5469004902236385,0.4134211453272852
20260528-145448_s01_20260528_ear_eeg_ch1_only_03_quiet_rest_60s,s01_20260528_ear_eeg_ch1_only_03_quiet_rest_60s,0,28.16,32.16,61.746416900092264,953.0,0.13431955802527745,0.7946588963351767,1.0,,0.25,0.5,4.25,10.5,18.25,49.0,2.6411269289638534e-10,0.4357366531961655,6.059415207022182e-11,0.09996904252040706,2.141545296029633e-11,0.03533150072139963,8.750940566951107e-11,0.14437418789477713,1.7249745941775057e-10,0.2845886156672507,0.24472172786973495,2.8294592779597862,0.5357056957165726,0.4289628035620278
20260528-145448_s01_20260528_ear_eeg_ch1_only_03_quiet_rest_60s,s01_20260528_ear_eeg_ch1_only_03_quiet_rest_60s,0,28.416,32.416,59.6042028719452,934.0,0.13606372595614108,0.7845896202986195,1.0,,0.0,0.5,4.0,8.0,14.75,49.25,2.448172605694948e-10,0.4405945100702999,6.538861826213263e-11,0.11767906462297868,1.7779633974674726e-11,0.0319977811289878,5.947860371435235e-11,0.10704288660950713,1.681879739478184e-10,0.30268575756822635,0.29892487153972064,3.677725781940845,0.5582735746932787,0.40972864417773347
20260528-145448_s01_20260528_ear_eeg_ch1_only_03_quiet_rest_60s,s01_20260528_ear_eeg_ch1_only_03_quiet_rest_60s,0,28.672,32.672,59.27266655044296,934.0,0.14078444443960583,0.7901348710299355,1.0,,0.0,0.5,4.0,8.0,14.75,49.25,2.442955446501248e-10,0.4244235968397098,8.776754416499584e-11,0.15248176889040366,1.7979959483803214e-11,0.03123724211211935,5.821673563488613e-11,0.10114206695751238,1.6733390706067739e-10,0.29071532520025484,0.30884520211794214,4.881409451676406,0.5769053657301135,0.3918573921577672
20260528-145448_s01_20260528_ear_eeg_ch1_only_03_quiet_rest_60s,s01_20260528_ear_eeg_ch1_only_03_quiet_rest_60s,0,28.928,32.928,58.96691445208915,934.0,0.13863765403368536,0.7465734826504795,1.0,,0.75,0.75,4.5,8.0,14.25,49.25,3.398572063709341e-10,0.46625996789153784,1.1497274312730015e-10,0.15773444409599457,3.016741564737183e-11,0.041387553323680916,6.029975538465881e-11,0.08272698498801977,1.836035567202261e-10,0.2518910497007669,0.5002908462054373,3.811156529655086,0.6239944119875325,0.3346180346887867
20260528-145448_s01_20260528_ear_eeg_ch1_only_03_quiet_rest_60s,s01_20260528_ear_eeg_ch1_only_03_quiet_rest_60s,0,29.184,33.184,60.70823667345313,934.0,0.1505315508679831,0.6902739486110868,1.0,,0.75,0.75,4.0,8.0,18.75,49.25,4.114921868206372e-10,0.509262075101602,1.0640972897493231e-10,0.13169251112025082,2.3144727488679977e-11,0.028643877881656843,5.6435321175887435e-11,0.06984426361316377,2.1053458917492624e-10,0.2605572722833265,0.41011067194154277,4.59757968751099,0.6409545862218529,0.33040153589649024
20260528-145448_s01_20260528_ear_eeg_ch1_only_03_quiet_rest_60s,s01_20260528_ear_eeg_ch1_only_03_quiet_rest_60s,0,29.44,33.44,61.50386979694855,934.0,0.14310026910455093,0.6801398157687324,1.0,,0.75,0.75,4.0,8.0,18.75,49.25,4.211525683038037e-10,0.5283421319565585,1.0343752869231552e-10,0.1297639111016721,2.506258417151788e-11,0.031441382886138416,5.357284134970012e-11,0.06720792260075455,1.9389540127533854e-10,0.24324465145487645,0.4678225671832538,4.127169328766427,0.6581060430582306,0.310452574055631
20260528-145448_s01_20260528_ear_eeg_ch1_only_03_quiet_rest_60s,s01_20260528_ear_eeg_ch1_only_03_quiet_rest_60s,0,29.696,33.696,71.13999578296306,1053.0,0.17076433301325267,0.7025013418414685,1.0,,0.0,0.75,4.5,8.0,14.5,49.25,3.8776974156752445e-10,0.4723938241738491,1.1388594790542276e-10,0.13873959900333818,3.5251230997641664e-11,0.042944206400673715,5.764557672831368e-11,0.07022573325941986,2.263086608521782e-10,0.2756966371627191,0.6115166678578371,3.2306942107366923,0.6111334231771873,0.3459223704221389
20260528-145448_s01_20260528_ear_eeg_ch1_only_03_quiet_rest_60s,s01_20260528_ear_eeg_ch1_only_03_quiet_rest_60s,0,29.952,33.952,73.5601114735425,1053.0,0.2000335469570258,0.7043823158335639,1.0,,0.0,0.75,4.5,8.0,14.5,49.25,3.724730587019578e-10,0.4443843750001912,1.1020132341312534e-10,0.13147728428949654,3.356001859158115e-11,0.040039266031178855,6.02619130031447e-11,0.07189634772389403,2.6168135331954496e-10,0.3122027269552394,0.5569026424672224,3.2837086520795427,0.5758616592896877,0.3840990746791334
20260528-145448_s01_20260528_ear_eeg_ch1_only_03_quiet_rest_60s,s01_20260528_ear_eeg_ch1_only_03_quiet_rest_60s,0,30.208,34.208,72.65464197145286,1053.0,0.20408198748571452,0.6475146767826887,1.0,,0.0,0.75,4.5,8.0,16.0,49.25,4.659632310345349e-10,0.508226793929695,1.006842804173695e-10,0.10981649543898366,2.830056548935943e-11,0.030867469163008945,6.060625998019283e-11,0.0661033385261253,2.6128679896519886e-10,0.28498590294218695,0.4669577944358973,3.5576773352894735,0.6180432893686787,0.3510892414683122
20260528-145448_s01_20260528_ear_eeg_ch1_only_03_quiet_rest_60s,s01_20260528_ear_eeg_ch1_only_03_quiet_rest_60s,0,30.464,34.464,72.26830563947102,1053.0,0.20745891282457413,0.6542999809416621,1.0,,0.0,0.5,4.0,8.0,15.0,49.25,5.366112821199442e-10,0.516200867021198,1.0856614998441378e-10,0.10443675453432089,3.2780703129752534e-11,0.03153386434644596,5.738365353906191e-11,0.05520102296896314,3.041978873543145e-10,0.29262749112907194,0.5712550719245895,3.311892046814475,0.6206376215555189,0.34782851409803506
20260528-145448_s01_20260528_ear_eeg_ch1_only_03_quiet_rest_60s,s01_20260528_ear_eeg_ch1_only_03_quiet_rest_60s,0,30.72,34.72,72.78730658569529,1053.0,0.2560527312941197,0.6633621117385682,0.9909209030588204,high_50hz_ratio,0.0,0.5,4.0,8.0,23.75,49.25,7.35243569211103e-10,0.4281888074936536,1.732259502661274e-10,0.10088277705168393,8.204390196767838e-11,0.0477804662519664,1.2738961304004732e-10,0.07418875700364592,5.991982917144691e-10,0.34895919219905014,0.6440391803520618,2.111381176560455,0.5290715845453375,0.42314794920269605
20260528-145448_s01_20260528_ear_eeg_ch1_only_03_quiet_rest_60s,s01_20260528_ear_eeg_ch1_only_03_quiet_rest_60s,0,30.976,34.976,72.93146097535686,1053.0,0.310719598107269,0.7241707496063494,0.9089206028390965,high_50hz_ratio,0.0,0.5,6.75,11.5,17.75,49.25,7.523110436266926e-10,0.31408596995084026,9.743947208141324e-11,0.040680475661573325,1.5360874195552215e-10,0.06413085534069207,3.2255002439088947e-10,0.1346629670356805,1.0693299696205637e-09,0.4464397320112139,0.4762323061224387,0.6343354606056673,0.3547664456124136,0.5811026990468944
20260528-145448_s01_20260528_ear_eeg_ch1_only_03_quiet_rest_60s,s01_20260528_ear_eeg_ch1_only_03_quiet_rest_60s,0,31.232,35.232,72.97306352346735,1053.0,0.30677537349500156,0.7381287003058871,0.9148369397574977,high_50hz_ratio,0.0,0.75,6.75,11.5,17.5,49.25,7.581041124930283e-10,0.29971722485009683,1.1540559093207458e-10,0.04562571667445609,2.0652723605484636e-10,0.08165075090116816,3.376746218867794e-10,0.13350000205300566,1.1116863164902845e-09,0.4395063055212732,0.6116161022136093,0.5587911460812216,0.3453429415245529,0.5730063075742788
20260528-145448_s01_20260528_ear_eeg_ch1_only_03_quiet_rest_60s,s01_20260528_ear_eeg_ch1_only_03_quiet_rest_60s,0,31.488,35.488,73.02800147888479,1053.0,0.30681468050175026,0.7441944130256766,0.9147779792473746,high_50hz_ratio,0.0,0.5,6.5,12.0,28.25,49.25,6.640812995051382e-10,0.3148204230491074,1.4562140719858908e-10,0.06903460924653163,1.2648934185774889e-10,0.05996468827617026,2.467119795420231e-10,0.11695852575367013,9.264931103456516e-10,0.4392217536745206,0.5127004456474058,1.1512543670466426,0.383855032295639,0.5561802794281907
20260528-145448_s01_20260528_ear_eeg_ch1_only_03_quiet_rest_60s,s01_20260528_ear_eeg_ch1_only_03_quiet_rest_60s,0,31.744,35.744,73.0315753629894,1053.0,0.2842995434742309,0.7231375076511621,0.9485506847886536,high_50hz_ratio,0.0,0.5,6.5,12.0,17.75,49.25,5.900313908302415e-10,0.34828868108400557,1.3522425932856651e-10,0.07982131063541723,1.4278385374593337e-10,0.08428365147028348,1.8203611046526236e-10,0.1074538029822379,6.440115692669766e-10,0.3801525538280558,0.7843710425420267,0.9470556773819941,0.42810999171942277,0.4876063568102937
20260528-145448_s01_20260528_ear_eeg_ch1_only_03_quiet_rest_60s,s01_20260528_ear_eeg_ch1_only_03_quiet_rest_60s,0,32.0,36.0,73.00359580185075,1053.0,0.2773241262655409,0.6325895588800798,0.9590138106016886,high_50hz_ratio,0.0,0.75,4.0,8.75,15.25,49.25,6.128368408373788e-10,0.49791779589445995,1.020532948239664e-10,0.08291628087026313,5.5372920649352656e-11,0.04498940136218203,5.882511046848336e-11,0.04779423721931187,4.017110653239376e-10,0.32638228465378294,0.9413143504255674,1.8430180967013785,0.5808340767647231,0.3741765218730948
20260528-145448_s01_20260528_ear_eeg_ch1_only_03_quiet_rest_60s,s01_20260528_ear_eeg_ch1_only_03_quiet_rest_60s,0,32.256,36.256,71.54112104237674,917.0,0.2393458021883017,0.6541730504757414,1.0,,0.0,0.75,4.25,9.0,16.75,49.25,5.12157579994923e-10,0.5316160204161465,6.464733672561492e-11,0.06710348772132728,3.649676629186365e-11,0.037883390604764755,7.745898157032352e-11,0.08040188632629675,2.7263690119042146e-10,0.2829952149314647,0.47117539569932176,1.771316839651818,0.5987195081374738,0.3633971012577614
20260528-145448_s01_20260528_ear_eeg_ch1_only_03_quiet_rest_60s,s01_20260528_ear_eeg_ch1_only_03_quiet_rest_60s,0,32.512,36.512,71.51158647380157,917.0,0.2393794814183281,0.6685909934546608,1.0,,0.0,0.75,4.0,9.0,14.25,49.25,4.4324132742169426e-10,0.48083143456902,8.237289243984458e-11,0.08935871632693672,4.157976346259192e-11,0.04510603158567306,4.032428873033653e-11,0.043744083411555286,3.1430441996437166e-10,0.3409597341068149,1.03113445448849,1.9810813140857098,0.5701901508959567,0.3847038175183702
20260528-145448_s01_20260528_ear_eeg_ch1_only_03_quiet_rest_60s,s01_20260528_ear_eeg_ch1_only_03_quiet_rest_60s,0,32.768,36.768,70.24638068968393,917.0,0.27359696366420294,0.7303696350197331,0.9646045545036956,high_50hz_ratio,0.0,0.5,4.0,9.0,19.5,49.25,4.969495727561416e-10,0.3841064765968325,1.1479302516208256e-10,0.08872679815047521,7.43929576882404e-11,0.057500435512536856,8.646563833633704e-11,0.06683175418356566,5.211795752832064e-10,0.4028345355565898,0.8603759726940786,1.5430630630811493,0.47283327474730774,0.46966628974015545
20260528-145448_s01_20260528_ear_eeg_ch1_only_03_quiet_rest_60s,s01_20260528_ear_eeg_ch1_only_03_quiet_rest_60s,0,33.024,37.024,67.9937202982746,917.0,0.3290721494189682,0.6719326531364093,0.8813917758715477,high_50hz_ratio,0.0,0.75,6.5,9.0,14.75,49.25,5.84471681107555e-10,0.34477830079035793,1.2467111852820464e-10,0.07354316349824616,1.2404738953213582e-10,0.07317522741105922,9.527260091136968e-11,0.05620105561291556,7.667473776364297e-10,0.4523022526874211,1.3020258536610625,1.0050281509221703,0.41832146428860406,0.5085033083003366
20260528-145448_s01_20260528_ear_eeg_ch1_only_03_quiet_rest_60s,s01_20260528_ear_eeg_ch1_only_03_quiet_rest_60s,0,33.28,37.28,67.11990017871004,917.0,0.3214151373770618,0.7258703651062809,0.8928772939344073,high_50hz_ratio,0.25,0.75,6.5,12.0,17.25,49.25,5.749944862861647e-10,0.31795890295945106,1.0469513036765417e-10,0.05789403131829128,1.2814645189103605e-10,0.07086207995591398,1.69713241348102e-10,0.09384757127893431,8.308431613802666e-10,0.4594374144874094,0.7550763327193336,0.8169959356867507,0.37585293427774236,0.5532849857663437
20260528-145448_s01_20260528_ear_eeg_ch1_only_03_quiet_rest_60s,s01_20260528_ear_eeg_ch1_only_03_quiet_rest_60s,0,33.536,37.536,66.95668749273668,917.0,0.2661781115555121,0.6116066973373611,0.9757328326667318,high_50hz_ratio,0.25,0.75,7.0,9.0,19.5,49.25,7.554030703573762e-10,0.4690615079683546,1.3303147654218903e-10,0.08260483368781514,1.0008511351892024e-10,0.06214705250027486,5.3836926187688206e-11,0.03342960966524942,5.680997342061061e-10,0.35275699617830597,1.859042122315824,1.329183450614167,0.5516663416561698,0.3861866058435554
20260528-145448_s01_20260528_ear_eeg_ch1_only_03_quiet_rest_60s,s01_20260528_ear_eeg_ch1_only_03_quiet_rest_60s,0,33.792,37.792,59.70975632172686,812.0,0.24967254352886153,0.5089149403256364,1.0,,0.75,0.75,4.0,9.0,13.0,49.25,1.0894720631270285e-09,0.5685509952966247,1.0912143496536374e-10,0.0569460223511208,9.411038472131226e-11,0.04911236801013013,5.7606265687658195e-11,0.030062358458310543,5.659156116147175e-10,0.2953282558838139,1.6336831349488927,1.159504716599592,0.6254970176477455,0.32539061434212446
20260528-145448_s01_20260528_ear_eeg_ch1_only_03_quiet_rest_60s,s01_20260528_ear_eeg_ch1_only_03_quiet_rest_60s,0,34.048,38.048,67.32583456593761,812.0,0.25410714626548797,0.43433556474165524,0.9938392806017681,high_50hz_ratio,0.5,0.5,4.5,9.5,13.0,49.25,1.6920807349601223e-09,0.6616399834825422,9.217885843392529e-11,0.03604391747483566,8.404999727946448e-11,0.0328653578181677,9.949724900110906e-11,0.038905565689336716,5.895971522272212e-10,0.2305451755351178,0.844746946506306,1.0967145915238106,0.6976839009573779,0.2694507412244545
20260528-145448_s01_20260528_ear_eeg_ch1_only_03_quiet_rest_60s,s01_20260528_ear_eeg_ch1_only_03_quiet_rest_60s,0,34.304,38.304,73.9167504697007,890.0,0.25646586585870357,0.37386262587076585,0.9903012012119446,high_50hz_ratio,0.0,0.75,7.25,10.0,14.25,49.5,1.993532638673351e-09,0.6767286272473079,7.832514911462425e-11,0.02658841375908139,6.356878845354708e-11,0.021579189681374584,9.047661347658024e-11,0.030713374463102485,7.199344155008981e-10,0.24439039484913372,0.7025991138583207,1.2321321676888712,0.7033170410063893,0.2751037693122362
20260528-145448_s01_20260528_ear_eeg_ch1_only_03_quiet_rest_60s,s01_20260528_ear_eeg_ch1_only_03_quiet_rest_60s,0,34.56,38.56,79.67576795990108,890.0,0.2932546492306107,0.41001368155085155,0.935118026154084,high_50hz_ratio,0.0,0.5,5.5,10.0,20.5,49.25,1.9721570833999722e-09,0.5750826294223587,7.433931323430272e-11,0.021677404951198197,6.448024417481011e-11,0.018802492295348795,1.189381885084876e-10,0.03468247370451535,1.1994307681679645e-09,0.349754999626579,0.542132388120311,1.1529006160827187,0.5967600343735568,0.38443747333109435
20260528-145448_s01_20260528_ear_eeg_ch1_only_03_quiet_rest_60s,s01_20260528_ear_eeg_ch1_only_03_quiet_rest_60s,0,34.816,38.816,79.28904085685487,890.0,0.2813068163274713,0.43959826630519955,0.953039775508793,high_50hz_ratio,0.0,0.75,6.5,8.5,21.0,47.75,1.9320607209229135e-09,0.5431005279452561,7.342496622927595e-11,0.020639691854215488,6.448490297685193e-11,0.018126648128583438,1.2967036430276362e-10,0.0364502225779137,1.3578233114060348e-09,0.38168290949403133,0.4972986952229731,1.1386380817791293,0.5637402197994715,0.418133132071945
20260528-145448_s01_20260528_ear_eeg_ch1_only_03_quiet_rest_60s,s01_20260528_ear_eeg_ch1_only_03_quiet_rest_60s,0,35.072,39.072,79.30466568872225,890.0,0.3385603874429714,0.38131412829143063,0.8671594188355429,high_50hz_ratio,0.0,0.75,6.5,12.75,27.5,47.75,2.2969674389158962e-09,0.5309674502898483,1.787666915219384e-11,0.004132374398783585,2.7333196879758594e-11,0.006318347230192171,8.542499625753317e-11,0.019746859134968785,1.8984019343876126e-09,0.4388349689462072,0.31996720020164154,0.654027746217724,0.5350998246886318,0.458581828081176
20260528-145448_s01_20260528_ear_eeg_ch1_only_03_quiet_rest_60s,s01_20260528_ear_eeg_ch1_only_03_quiet_rest_60s,0,35.328,39.328,79.5174823545112,890.0,0.3315801016587615,0.3795864042902547,0.8776298475118578,high_50hz_ratio,0.0,0.75,6.5,12.75,27.5,48.25,2.395531280165123e-09,0.548021180273334,1.714554756455182e-11,0.003922354631958972,2.564852543255696e-11,0.005867564868053662,8.378948480545386e-11,0.019168362666679217,1.8491236586362502e-09,0.4230205375599742,0.30610673274944755,0.668480829809737,0.551943534905293,0.4421889002266534
20260528-145448_s01_20260528_ear_eeg_ch1_only_03_quiet_rest_60s,s01_20260528_ear_eeg_ch1_only_03_quiet_rest_60s,0,35.584,39.584,79.46703719152993,890.0,0.23376304493923228,0.47645590752941375,1.0,,0.0,0.5,6.5,8.5,14.5,47.75,2.316642889582827e-09,0.5817924555624922,1.6408209205766274e-10,0.041206922172302915,1.1696146939918828e-10,0.029373236934331623,1.0007735740189729e-10,0.025133028388134433,1.2841422259758634e-09,0.32249435694273887,1.1687106098284215,1.4028730393053823,0.6229993777347951,0.3476273853308733
20260528-145448_s01_20260528_ear_eeg_ch1_only_03_quiet_rest_60s,s01_20260528_ear_eeg_ch1_only_03_quiet_rest_60s,0,35.84,39.84,79.4754364568072,890.0,0.22017505301978574,0.4687047424450612,1.0,,0.0,0.75,4.5,8.5,20.5,47.75,2.543963039539682e-09,0.6373839079294743,2.1820098646978112e-10,0.05466973981482879,9.244980517347982e-11,0.023163079491694768,7.074479641001431e-11,0.017724941007652796,1.0658984592131442e-09,0.2670583317563493,1.3068071415128568,2.3602103439843085,0.6920536477443031,0.2847832727640021
20260528-145448_s01_20260528_ear_eeg_ch1_only_03_quiet_rest_60s,s01_20260528_ear_eeg_ch1_only_03_quiet_rest_60s,0,36.096,40.096,79.49177315923957,890.0,0.1683948875671792,0.42289409975513764,1.0,,0.0,0.75,4.5,8.5,15.0,47.75,2.762968542515775e-09,0.7444418881378332,1.963366155986082e-10,0.052900059692223354,6.061169085757104e-11,0.016330942930009567,7.546193137514657e-11,0.020332125324992175,6.160842452318846e-10,0.16599498391494172,0.803208846540781,3.23925323350526,0.7973419478300565,0.1863271092399339
20260528-145448_s01_20260528_ear_eeg_ch1_only_03_quiet_rest_60s,s01_20260528_ear_eeg_ch1_only_03_quiet_rest_60s,0,36.352,40.352,74.49945637385551,752.0,0.1498739871557506,0.438451857644013,1.0,,0.0,0.5,4.25,8.5,15.0,48.0,2.8455989585241755e-09,0.7274036956976885,2.239209103505942e-10,0.05723958298659506,7.276567727118561e-11,0.01860066135055694,7.718542356810415e-11,0.019730455055602465,6.925231201631194e-10,0.177025604909557,0.9427385885494455,3.0772875172463263,0.7846432786842835,0.19675605996515946
20260528-145448_s01_20260528_ear_eeg_ch1_only_03_quiet_rest_60s,s01_20260528_ear_eeg_ch1_only_03_quiet_rest_60s,0,36.608,40.608,74.3390677907653,752.0,0.18679578252954346,0.44170385734529954,1.0,,0.0,0.75,4.25,8.0,15.0,47.75,2.552577387885668e-09,0.7020236679769805,2.1649280768161292e-10,0.05954102534190762,5.90597180707693e-11,0.016242923762664355,9.265206122751726e-11,0.02548167204538553,7.152455614159694e-10,0.196710710873062,0.6374355550033768,3.6656593487662223,0.7615646933188881,0.22219238291844753
20260528-145448_s01_20260528_ear_eeg_ch1_only_03_quiet_rest_60s,s01_20260528_ear_eeg_ch1_only_03_quiet_rest_60s,0,36.864,40.864,73.42466887906271,752.0,0.1889092075851492,0.47665458682909084,1.0,,0.75,0.75,4.25,8.0,15.0,49.25,1.9945664254381172e-09,0.6919676748494324,1.8617989451777267e-10,0.0645907135857245,5.034051927226585e-11,0.017464453240203,8.167547748188509e-11,0.02833537631264549,5.696937544816105e-10,0.1976417820119945,0.6163480254331043,3.698410290740583,0.756558388435157,0.22597715832464
20260528-145448_s01_20260528_ear_eeg_ch1_only_03_quiet_rest_60s,s01_20260528_ear_eeg_ch1_only_03_quiet_rest_60s,0,37.12,41.12,72.22825624366132,752.0,0.20750001690091677,0.5514651234212494,1.0,,0.75,0.75,4.25,8.5,15.0,47.75,1.2883288200319027e-09,0.580421044121754,1.3697456390260423e-10,0.06171011481098649,4.521248243349147e-11,0.02036923792540304,8.540120982667354e-11,0.03847516146974916,6.637281849128008e-10,0.2990244416721073,0.5294126690389128,3.029574058537855,0.6421311589327405,0.33749960314185645
20260528-145448_s01_20260528_ear_eeg_ch1_only_03_quiet_rest_60s,s01_20260528_ear_eeg_ch1_only_03_quiet_rest_60s,0,37.376,41.376,72.05130116798725,752.0,0.22851119132560951,0.5979034238824816,1.0,,0.25,0.5,4.25,8.5,20.5,47.75,9.072823355198018e-10,0.4868396071202238,1.1007831802784624e-10,0.05906704341425159,4.0446973543752944e-11,0.02170348516480403,6.575962721455572e-11,0.03528602930328732,7.400492679540136e-10,0.39710383499743324,0.6150730357972606,2.7215464689532474,0.5459066505344754,0.43238986430072057
20260528-145448_s01_20260528_ear_eeg_ch1_only_03_quiet_rest_60s,s01_20260528_ear_eeg_ch1_only_03_quiet_rest_60s,0,37.632,41.632,70.04157336896424,752.0,0.2395143264862337,0.5914955768332152,1.0,,0.25,0.5,4.75,8.5,20.75,47.75,8.26788156743492e-10,0.4429055360591371,9.613748337578242e-11,0.05150028246369466,4.147056399620645e-11,0.022215536383297554,6.476984851313917e-11,0.034696825592146235,8.375709588344713e-10,0.4486818195017245,0.640275760221884,2.318210173958007,0.4944058185228317,0.48337864509387074
20260528-145448_s01_20260528_ear_eeg_ch1_only_03_quiet_rest_60s,s01_20260528_ear_eeg_ch1_only_03_quiet_rest_60s,0,37.888,41.888,64.26772907143989,752.0,0.22805808506934233,0.5744956728034025,1.0,,0.0,0.5,5.0,8.5,28.75,47.75,8.30335111143728e-10,0.47465110523218396,8.054514910625089e-11,0.04604266823272444,4.5181200319210434e-11,0.02582729114958241,6.859649423071709e-11,0.03921236301427109,7.247008942383886e-10,0.41426657237123804,0.6586517405284331,1.7827137954987928,0.5206937734649084,0.45347893538550915
20260528-145448_s01_20260528_ear_eeg_ch1_only_03_quiet_rest_60s,s01_20260528_ear_eeg_ch1_only_03_quiet_rest_60s,0,38.144,42.144,55.10464590213787,752.0,0.15264455960794343,0.6091716243855844,1.0,,0.0,0.75,5.25,8.5,20.5,49.25,4.6462302670303737e-10,0.5460570372520563,9.101379486791637e-11,0.10696569114816094,3.113571946235714e-11,0.03659284569465094,4.39610147584688e-11,0.05166601759698465,2.2013548353271565e-10,0.2587184083081471,0.7082575239316797,2.923131260157691,0.6530227284002172,0.3103844259051317
20260528-145448_s01_20260528_ear_eeg_ch1_only_03_quiet_rest_60s,s01_20260528_ear_eeg_ch1_only_03_quiet_rest_60s,0,38.4,42.4,50.416723415946024,631.0,0.13599856335943789,0.7972071665092441,1.0,,0.25,1.25,4.75,8.0,21.5,49.25,2.1155721712524466e-10,0.4572267210665137,5.1907469881775435e-11,0.11218469677095659,2.2472450256048304e-11,0.04856844349025618,6.881097640126816e-11,0.14871729521149374,1.0794841603929161e-10,0.23330284346077979,0.32658234821434895,2.309826889829466,0.5694114178374703,0.3820201386722735
20260528-145448_s01_20260528_ear_eeg_ch1_only_03_quiet_rest_60s,s01_20260528_ear_eeg_ch1_only_03_quiet_rest_60s,0,38.656,42.656,57.74293030319816,617.0,0.09049612260916469,0.8070621781374469,1.0,,0.75,0.75,4.75,8.25,24.5,49.25,1.4130385151081776e-10,0.43109153693819385,6.143752614260629e-11,0.18743436422516047,2.271412329350503e-11,0.06929652812790513,4.394889483848681e-11,0.13407983165418452,5.837715268668203e-11,0.17809773905455611,0.5168303634705708,2.7048160894756608,0.6185259011633544,0.31217757070874064
20260528-145448_s01_20260528_ear_eeg_ch1_only_03_quiet_rest_60s,s01_20260528_ear_eeg_ch1_only_03_quiet_rest_60s,0,38.912,42.912,71.98725581656798,712.0,0.06910289754193202,0.8891897752554719,1.0,,0.25,0.75,4.75,13.0,13.0,49.0,1.589661297725486e-10,0.2655251019974028,8.749936938009538e-11,0.14615238486714632,5.874228390561047e-11,0.09811870583950714,1.515381617282196e-10,0.2531179812137119,1.4193993679960476e-10,0.2370858260822319,0.38764020386471015,1.4895466019110353,0.41167748686454914,0.49020380729594376
20260528-145448_s01_20260528_ear_eeg_ch1_only_03_quiet_rest_60s,s01_20260528_ear_eeg_ch1_only_03_quiet_rest_60s,0,39.168,43.168,74.3060024493311,712.0,0.05860994310903759,0.9000144544445784,1.0,,0.0,0.5,5.25,9.25,15.25,32.0,1.0561917817170461e-10,0.1959049216520684,1.4661956998020025e-10,0.27195340720162997,4.2592578481084755e-11,0.07900171062429141,1.3022788704626323e-10,0.2415497303646636,1.1407567523020845e-10,0.21159023015734668,0.3270618870284966,3.4423736530840365,0.4678583288536984,0.4531399605220103
20260528-145448_s01_20260528_ear_eeg_ch1_only_03_quiet_rest_60s,s01_20260528_ear_eeg_ch1_only_03_quiet_rest_60s,0,39.424,43.424,75.84650288576263,712.0,0.053054542219152026,0.9114031584451143,1.0,,0.0,0.5,4.75,9.25,15.25,31.75,9.87146513381669e-11,0.1879581030786698,1.1773994332654056e-10,0.22418330110325044,4.99462748641011e-11,0.09510044306536088,1.352450922398657e-10,0.2575140634496307,1.2354901371397313e-10,0.23524408930308827,0.36930193944130885,2.357331825985008,0.41214140418192025,0.49275815275271895
20260528-145448_s01_20260528_ear_eeg_ch1_only_03_quiet_rest_60s,s01_20260528_ear_eeg_ch1_only_03_quiet_rest_60s,0,39.68,43.68,75.93728333302423,712.0,0.06103634124730716,0.905317954375602,1.0,,0.0,0.5,4.75,9.25,15.25,31.5,1.0360770662314754e-10,0.1989832164125107,1.1062572668015073e-10,0.21246163659286835,5.6833076445464384e-11,0.10915045529257994,1.131610080628012e-10,0.21733075743795652,1.3645813845182235e-10,0.26207393426408443,0.5022319738785255,1.9465025228100126,0.41144485300537903,0.4794046917020409
20260528-145448_s01_20260528_ear_eeg_ch1_only_03_quiet_rest_60s,s01_20260528_ear_eeg_ch1_only_03_quiet_rest_60s,0,39.936,43.936,75.87004020033204,712.0,0.06245933161413595,0.9106280466852968,1.0,,0.0,0.5,4.75,9.25,15.25,31.5,9.929495664483131e-11,0.19130818595713225,1.1216183831357601e-10,0.2160983653796111,5.681075788878403e-11,0.10945533793250167,1.1349652016867923e-10,0.21866985111420897,1.3726733250423097e-10,0.26446825961654596,0.5005506583316522,1.9743063194677035,0.40740655133674336,0.48313811073075497
20260528-145448_s01_20260528_ear_eeg_ch1_only_03_quiet_rest_60s,s01_20260528_ear_eeg_ch1_only_03_quiet_rest_60s,0,40.192,44.192,75.97097472061287,712.0,0.06236848270838154,0.8914571922694642,1.0,,0.25,0.5,7.25,9.25,25.75,31.5,1.0312525830617249e-10,0.21022105893154308,1.1427019622436025e-10,0.23294003864000415,4.4459167064393405e-11,0.09063010685260754,9.907865670413142e-11,0.20197205293798198,1.2962299056530228e-10,0.26423674263786323,0.44872597735309766,2.5702280040211845,0.4431610975715472,0.4662087955758452
20260528-145448_s01_20260528_ear_eeg_ch1_only_03_quiet_rest_60s,s01_20260528_ear_eeg_ch1_only_03_quiet_rest_60s,0,40.448,44.448,75.71404096995484,712.0,0.06346062095643377,0.8957378331705725,1.0,,0.5,0.5,7.25,8.0,25.75,31.5,9.97320627624156e-11,0.21196769066449944,1.0392893632571213e-10,0.2208876064125782,4.548558653212367e-11,0.09667377239256236,9.756025468020665e-11,0.20735179151430344,1.2379912431030245e-10,0.2631191390160565,0.46623070717907766,2.2848762487060275,0.43285529707707765,0.47047093053035993
20260528-145448_s01_20260528_ear_eeg_ch1_only_03_quiet_rest_60s,s01_20260528_ear_eeg_ch1_only_03_quiet_rest_60s,0,40.704,44.704,75.7313937545058,712.0,0.07746051195915667,0.8881626752856576,1.0,,0.25,0.5,7.25,8.0,25.75,47.75,1.1447030215721891e-10,0.2173606669375623,1.286976391230027e-10,0.24437608834687127,4.9189450188186335e-11,0.09340284333758016,9.111289510641285e-11,0.1730087129475889,1.4316732348597713e-10,0.27185168843039736,0.539873638421179,2.6163666930741902,0.4617367552844336,0.44486040137798627
20260528-145448_s01_20260528_ear_eeg_ch1_only_03_quiet_rest_60s,s01_20260528_ear_eeg_ch1_only_03_quiet_rest_60s,0,40.96,44.96,75.75826027569535,712.0,0.06764428428210559,0.9153295871491349,1.0,,0.0,0.5,4.75,9.25,25.75,47.75,1.0041852385836879e-10,0.18865953435160895,1.1641693585941377e-10,0.21871626932950317,5.890542784082984e-11,0.11066753583140931,1.1780042246001995e-10,0.22131547043128574,1.3873247197436554e-10,0.2606411900561929,0.5000442834644471,1.9763363093463566,0.40737580368111215,0.48195666048747865
20260528-145448_s01_20260528_ear_eeg_ch1_only_03_quiet_rest_60s,s01_20260528_ear_eeg_ch1_only_03_quiet_rest_60s,0,41.216,45.216,75.85103163438187,712.0,0.07415721702924877,0.9219642348543007,1.0,,0.5,0.5,5.0,9.25,15.25,47.75,1.1186562679075123e-10,0.19788419069225452,1.2181279967076098e-10,0.21548019682484976,5.6134763453264254e-11,0.09929933398065705,1.3515118392705818e-10,0.239075070866336,1.4034418567175674e-10,0.24826120763590265,0.41534792239452734,2.1700064661745273,0.41336438751710425,0.48733627850223865
20260528-145448_s01_20260528_ear_eeg_ch1_only_03_quiet_rest_60s,s01_20260528_ear_eeg_ch1_only_03_quiet_rest_60s,0,41.472,45.472,75.93003358355638,712.0,0.08750907719473731,0.885140652698435,1.0,,0.0,0.5,6.75,13.0,13.25,32.0,1.814607236492001e-10,0.27471859636777146,8.070680256823208e-11,0.1221843442095923,5.535593763133761e-11,0.0838049423637356,1.4161359745671735e-10,0.2143928886512599,2.013960298226973e-10,0.3048992284076408,0.3908942264407664,1.4579610791840885,0.39690294057736375,0.5192921170589007
20260528-145448_s01_20260528_ear_eeg_ch1_only_03_quiet_rest_60s,s01_20260528_ear_eeg_ch1_only_03_quiet_rest_60s,0,41.728,45.728,75.9641033646814,712.0,0.09694647023665279,0.8805239644978765,1.0,,0.0,0.5,5.25,8.5,13.5,31.75,1.9875348185007775e-10,0.22807319595574807,9.876952237929507e-11,0.11333980377290077,8.58385470886578e-11,0.09850127700140465,1.5009883258398116e-10,0.17224111063613032,3.379856491015373e-10,0.3878446126338162,0.5718801779529541,1.1506429888343936,0.34141299972864886,0.5600857232699465
20260528-145448_s01_20260528_ear_eeg_ch1_only_03_quiet_rest_60s,s01_20260528_ear_eeg_ch1_only_03_quiet_rest_60s,0,41.984,45.984,76.74610739314406,712.0,0.14092045483516655,0.7804124591919447,1.0,,0.5,0.5,4.0,13.0,13.25,31.5,4.794524020347476e-10,0.34873485552600836,1.2971058845568585e-10,0.09434639003437263,7.69786311525796e-11,0.05599123437416666,1.4082109260566283e-10,0.1024277345914545,5.478709005661484e-10,0.3984997854739978,0.5466413427719994,1.6850207195628883,0.443081245560381,0.5009275200654523
20260528-145448_s01_20260528_ear_eeg_ch1_only_03_quiet_rest_60s,s01_20260528_ear_eeg_ch1_only_03_quiet_rest_60s,0,42.24,46.24,82.1041411866661,856.0,0.1660686679176896,0.7972409091953271,1.0,,0.75,0.75,5.5,9.0,30.0,50.0,5.361809290448221e-10,0.2785727419574881,1.5529270708241147e-10,0.08068230866587209,1.3200627470654162e-10,0.0685838453189756,3.1207195765069677e-10,0.16213695083423676,7.891911098742885e-10,0.41002415322342745,0.42299947646784947,1.1764039810049718,0.35925505062336016,0.5721611040576642
20260528-145448_s01_20260528_ear_eeg_ch1_only_03_quiet_rest_60s,s01_20260528_ear_eeg_ch1_only_03_quiet_rest_60s,0,42.496,46.496,76.50316333328969,856.0,0.21710260242552878,0.8055094302280095,1.0,,0.25,0.5,4.75,9.25,24.75,50.0,5.216437522288007e-10,0.24504932332646925,2.2251158059252681e-10,0.10452787371367918,1.329185995674115e-10,0.06244033929732514,3.437811774690999e-10,0.16149593386528166,9.078745072969734e-10,0.4264865297972449,0.3866372223923128,1.674043973655297,0.34957719704014845,0.5879824636625266
20260528-145448_s01_20260528_ear_eeg_ch1_only_03_quiet_rest_60s,s01_20260528_ear_eeg_ch1_only_03_quiet_rest_60s,0,42.752,46.752,68.50432833040551,856.0,0.29271522552973356,0.7121268302411097,0.9359271617053997,high_50hz_ratio,0.0,0.5,4.75,9.25,21.0,49.75,4.123363757043123e-10,0.3138301085365191,7.662663384778705e-11,0.05832069697019365,9.88391543848e-11,0.07522669445608932,1.4029149097757178e-10,0.10677615760927635,5.857904004655449e-10,0.4458463424279216,0.7045270792695567,0.7752659796082907,0.37215080550671276,0.5526225000371979
20260528-145448_s01_20260528_ear_eeg_ch1_only_03_quiet_rest_60s,s01_20260528_ear_eeg_ch1_only_03_quiet_rest_60s,0,43.008,47.008,57.20766557027126,719.0,0.31477813897895623,0.6214970975146701,0.9028327915315657,high_50hz_ratio,0.0,0.75,4.75,11.75,13.5,49.25,3.613356322220986e-10,0.39366870266418746,4.521917292327531e-11,0.049265479384860526,5.0827531368698837e-11,0.055375685510141166,7.066119750451828e-11,0.07698410970220498,3.8982377363560665e-10,0.4247060227386059,0.7193131897523924,0.8896590431524021,0.442934182049048,0.501690132440811
20260528-145448_s01_20260528_ear_eeg_ch1_only_03_quiet_rest_60s,s01_20260528_ear_eeg_ch1_only_03_quiet_rest_60s,0,43.264,47.264,53.74535328751687,719.0,0.2849614518222121,0.5759421143764557,0.9475578222666818,high_50hz_ratio,0.0,0.75,5.0,11.5,13.5,49.25,4.0942368568984107e-10,0.4813753187347261,5.774276362930964e-11,0.06789040844046257,4.434602425692317e-11,0.052139341976091165,4.984500410697665e-11,0.05860470602452246,2.8917155809301137e-10,0.3399902248241977,0.8896784151476514,1.3020956127830337,0.5492657271751886,0.39859493084872016
20260528-145448_s01_20260528_ear_eeg_ch1_only_03_quiet_rest_60s,s01_20260528_ear_eeg_ch1_only_03_quiet_rest_60s,0,43.52,47.52,53.21712130508376,719.0,0.27298960492368773,0.5810632994126721,0.9655155926144684,high_50hz_ratio,0.0,0.75,5.0,9.25,15.75,49.25,5.023910291463392e-10,0.4893489797765864,8.090709356951755e-11,0.07880674892265983,3.12259930875246e-11,0.030415367658644922,6.549137240517991e-11,0.06379121921245158,3.4663634904612585e-10,0.33763768442965725,0.47679552192518787,2.5910174687716028,0.5681557286992462,0.4014289036421088
20260528-145448_s01_20260528_ear_eeg_ch1_only_03_quiet_rest_60s,s01_20260528_ear_eeg_ch1_only_03_quiet_rest_60s,0,43.776,47.776,53.136174118955914,719.0,0.28612467560237287,0.5354517887012962,0.9458129865964408,high_50hz_ratio,0.0,0.5,5.0,8.25,16.25,49.25,6.049085106373292e-10,0.5065047313314199,9.159121759633303e-11,0.0766915727670462,3.1018598148960286e-11,0.025972632960913858,6.279528024264124e-11,0.052580028200743006,4.039664725503856e-10,0.33825103473987694,0.4939638461537919,2.9527839122995014,0.5831963040984661,0.39083106294062
20260528-145448_s01_20260528_ear_eeg_ch1_only_03_quiet_rest_60s,s01_20260528_ear_eeg_ch1_only_03_quiet_rest_60s,0,44.032,48.032,56.82367464358496,740.0,0.25205918740584043,0.5148469120993835,0.9969112188912393,high_50hz_ratio,0.0,0.5,5.0,12.75,16.25,49.25,8.147849479636707e-10,0.5992135506927299,9.448285188444866e-11,0.06948508965310451,3.0450972632566186e-11,0.02239441889397876,8.029203296156976e-11,0.05904880089339244,3.3974640802817836e-10,0.2498581398667945,0.3792527291859824,3.1027860103030913,0.6686986403458344,0.30890694076018693
20260528-145448_s01_20260528_ear_eeg_ch1_only_03_quiet_rest_60s,s01_20260528_ear_eeg_ch1_only_03_quiet_rest_60s,0,44.288,48.288,58.175415769893725,746.0,0.23884733074042505,0.5056294976264003,1.0,,0.0,0.75,5.0,9.5,14.5,49.25,8.430888037416219e-10,0.6052073079241961,9.304721063876752e-11,0.06679349981950665,3.660214545795712e-11,0.02627467690064221,9.234577100069454e-11,0.06628997469481579,3.2797393991492745e-10,0.23543454066083933,0.39635973647003103,2.542124497746881,0.6720008077437027,0.30172451535565514
20260528-145448_s01_20260528_ear_eeg_ch1_only_03_quiet_rest_60s,s01_20260528_ear_eeg_ch1_only_03_quiet_rest_60s,0,44.544,48.544,58.12043530463274,746.0,0.28529254420595435,0.5950093660782462,0.9470611836910685,high_50hz_ratio,0.0,0.5,4.0,8.0,16.0,50.0,7.230924489324898e-10,0.479595347964763,1.2976429392693812e-10,0.0860669362419273,5.46393618448713e-11,0.036239880246640786,1.269534899086538e-10,0.0842026538348852,4.732640477337554e-10,0.3138951817117838,0.43038881313294886,2.374923307035629,0.5656622842066903,0.398097835546669
20260528-145448_s01_20260528_ear_eeg_ch1_only_03_quiet_rest_60s,s01_20260528_ear_eeg_ch1_only_03_quiet_rest_60s,0,44.8,48.8,58.15266116008794,746.0,0.43999022356235334,0.5655064821824917,0.71501466465647,high_50hz_ratio,0.0,0.5,4.0,8.25,14.5,50.0,6.569390755113982e-10,0.39188819308617856,9.499619406946874e-11,0.05666870526002397,5.6050045382822816e-11,0.03343590269824287,1.1429419655588073e-10,0.0681806697731493,7.540636064955553e-10,0.4498265291824053,0.4904014995671177,1.6948459795285273,0.44855689834620255,0.5180071989555546
20260528-145448_s01_20260528_ear_eeg_ch1_only_03_quiet_rest_60s,s01_20260528_ear_eeg_ch1_only_03_quiet_rest_60s,0,45.056,49.056,58.166614135601876,746.0,0.3407337717929545,0.6017283740137591,0.8638993423105683,high_50hz_ratio,0.0,0.75,5.0,11.25,15.75,49.75,5.876354118638193e-10,0.4057481996716083,8.745159682366663e-11,0.06038323636260558,5.82888669735122e-11,0.04024706877413528,1.4049014073672841e-10,0.09700508261532179,5.744100630511068e-10,0.39661641257632907,0.41489649499848297,1.5003138912171108,0.46613143603421386,0.4936214951916509
20260528-145448_s01_20260528_ear_eeg_ch1_only_03_quiet_rest_60s,s01_20260528_ear_eeg_ch1_only_03_quiet_rest_60s,0,45.312,49.312,58.00876657885427,746.0,0.3423951808783133,0.6463223037362305,0.8614072286825301,high_50hz_ratio,0.0,0.75,6.5,10.0,15.5,50.0,4.625617862218239e-10,0.3752649594102094,7.513073275001213e-11,0.06095170897314904,6.646471438544191e-11,0.053921182183655374,1.260444614230863e-10,0.1022567603047373,5.024254786941213e-10,0.407605389128249,0.5273116615758591,1.1303852494470117,0.43621666838335843,0.5098621494329864
20260528-145448_s01_20260528_ear_eeg_ch1_only_03_quiet_rest_60s,s01_20260528_ear_eeg_ch1_only_03_quiet_rest_60s,0,45.568,49.568,57.966533448188876,746.0,0.33886197085451025,0.6669456151550618,0.8667070437182346,high_50hz_ratio,0.0,0.75,4.75,9.75,14.5,49.75,3.1183907331024433e-10,0.3273076449373737,6.445986259163395e-11,0.06765735157525983,6.275691278492126e-11,0.06586992806618869,1.039605606733711e-10,0.10911745574140086,4.0972355297682543e-10,0.43004761967977684,0.6036607765332693,1.027135652968606,0.3949649965126335,0.5391650754211776
20260528-145448_s01_20260528_ear_eeg_ch1_only_03_quiet_rest_60s,s01_20260528_ear_eeg_ch1_only_03_quiet_rest_60s,0,45.824,49.824,57.665076085963854,746.0,0.4241499711984739,0.6038893037775809,0.7387750432022892,high_50hz_ratio,0.0,0.75,5.5,9.5,14.75,49.75,2.825576771798381e-10,0.3442504133541847,4.1455933361045115e-11,0.05050728877007359,3.804125348258256e-11,0.04634705864868573,7.476423156683724e-11,0.09108801388047442,3.8397200942756215e-10,0.4678072253465816,0.5088162171315128,1.089762548966111,0.3947577021242583,0.558895239227056
20260528-145448_s01_20260528_ear_eeg_ch1_only_03_quiet_rest_60s,s01_20260528_ear_eeg_ch1_only_03_quiet_rest_60s,0,46.08,50.08,55.84511616963474,746.0,0.33479754968815734,0.6414570534404859,0.8728036754677639,high_50hz_ratio,0.0,0.5,4.5,9.75,18.75,50.0,2.5002630175151294e-10,0.33898302854575973,4.398031423138791e-11,0.059628047169880745,3.9046496916418773e-11,0.05293882957955727,1.0817213360900174e-10,0.14665864030368592,2.9635239218388117e-10,0.40179145440111635,0.36096631926995154,1.1263574892654327,0.3986110757156405,0.5484500947048023
20260528-145448_s01_20260528_ear_eeg_ch1_only_03_quiet_rest_60s,s01_20260528_ear_eeg_ch1_only_03_quiet_rest_60s,0,46.336,50.336,51.27275104770564,771.0,0.2538012886243621,0.6646042663986116,0.9942980670634569,high_50hz_ratio,0.0,0.75,5.25,9.5,18.5,50.0,2.6436261065132786e-10,0.3892537920176143,6.633656881191794e-11,0.09767554078792634,3.6943148881073263e-11,0.05439597057843937,8.023964579385496e-11,0.11814676182254359,2.3127033233278017e-10,0.3405279347934764,0.4604101690077812,1.7956392679321262,0.4869293328055406,0.45867469661601995
20260528-145448_s01_20260528_ear_eeg_ch1_only_03_quiet_rest_60s,s01_20260528_ear_eeg_ch1_only_03_quiet_rest_60s,0,46.592,50.592,47.73709249629684,771.0,0.22253408552575157,0.8044679677039822,1.0,,0.0,0.5,5.25,8.0,15.25,49.25,1.2281144207241639e-10,0.28219796783815226,5.3874205281082824e-11,0.1237929544077203,3.129968998785632e-11,0.07192089563877088,5.2515184828170737e-11,0.12067017689130503,1.7469553190996972e-10,0.40141800522405147,0.5960121837192168,1.7212376640786213,0.4059909222458726,0.5220881821153565
20260528-145448_s01_20260528_ear_eeg_ch1_only_03_quiet_rest_60s,s01_20260528_ear_eeg_ch1_only_03_quiet_rest_60s,0,46.848,50.848,47.178543852052066,771.0,0.242849456643712,0.8193047920922006,1.0,,0.0,0.75,4.0,10.25,18.75,49.25,1.1577764568245841e-10,0.30503151432438314,4.37162197562083e-11,0.11517616059793576,2.3176674548978082e-11,0.061062013249672586,5.070555757203832e-11,0.1335904951227077,1.461835224975929e-10,0.3851398167053008,0.45708351626053123,1.8862162327828804,0.4202076749223189,0.5187303118280084
20260528-145448_s01_20260528_ear_eeg_ch1_only_03_quiet_rest_60s,s01_20260528_ear_eeg_ch1_only_03_quiet_rest_60s,0,47.104,51.104,47.623355614656134,771.0,0.21015922721790095,0.77515143993476,1.0,,0.0,0.75,4.25,8.75,18.75,49.25,1.7338366077443024e-10,0.40606533198795125,4.467935264414427e-11,0.10463924964679712,1.9220193722066023e-11,0.045013782208562454,4.7647414842171e-11,0.11159046498288692,1.4205402092084533e-10,0.33269117117380226,0.4033837677391665,2.3246046991113047,0.5107045816347484,0.4442816361566892
20260528-145448_s01_20260528_ear_eeg_ch1_only_03_quiet_rest_60s,s01_20260528_ear_eeg_ch1_only_03_quiet_rest_60s,0,47.36,51.36,47.763102914278925,771.0,0.16334628790650269,0.702495983495875,1.0,,0.75,0.75,4.0,8.0,19.0,49.5,2.512197790550598e-10,0.5362784537983772,3.896167648141894e-11,0.08317142742279279,1.759495127146711e-11,0.037559913865110636,4.061605352781437e-11,0.08670302341327417,1.2005779582446588e-10,0.2562871815004451,0.4332018929268416,2.2143668305919797,0.6194498812211701,0.3429902049137193
20260528-145448_s01_20260528_ear_eeg_ch1_only_03_quiet_rest_60s,s01_20260528_ear_eeg_ch1_only_03_quiet_rest_60s,0,47.616,51.616,47.780163247942134,771.0,0.14409222595400428,0.6836281772955896,1.0,,0.75,0.75,4.0,8.0,15.5,49.25,2.7282134127552907e-10,0.5902394517658096,3.698208726712881e-11,0.08000945531478972,1.581568138995691e-11,0.03421667479994975,3.8651129849676e-11,0.08362037070099307,9.795122043920738e-11,0.21191404741845782,0.40919066147530714,2.338317670626113,0.6702489070805994,0.2955344181194509
20260528-145448_s01_20260528_ear_eeg_ch1_only_03_quiet_rest_60s,s01_20260528_ear_eeg_ch1_only_03_quiet_rest_60s,0,47.872,51.872,47.8493887108289,771.0,0.11460650357313666,0.688931173123404,1.0,,1.25,1.25,4.0,8.0,15.5,49.25,2.743090723344853e-10,0.6244273144011515,3.6885973025250486e-11,0.08396590342132439,1.0907996196893028e-11,0.024830570541314167,4.4319892733146615e-11,0.10088821109117464,7.287410798896874e-11,0.16588800054503539,0.24611964344252568,3.3815535282050133,0.7083932178224759,0.26677621163621
20260528-145448_s01_20260528_ear_eeg_ch1_only_03_quiet_rest_60s,s01_20260528_ear_eeg_ch1_only_03_quiet_rest_60s,0,48.128,52.128,42.98483453498454,771.0,0.08176891634982837,0.6674224066568913,1.0,,1.25,1.25,4.0,13.0,14.75,49.5,2.503474243661154e-10,0.6880103739352462,2.7449595980362402e-11,0.07543759174930317,1.0654711347140767e-11,0.02928151530489891,3.375166238319059e-11,0.0927570711621756,4.166818962358057e-11,0.11451344784837603,0.3156796019756098,2.5762871546706525,0.7634479656845494,0.20727051901055163
20260528-145448_s01_20260528_ear_eeg_ch1_only_03_quiet_rest_60s,s01_20260528_ear_eeg_ch1_only_03_quiet_rest_60s,0,48.384,52.384,49.04258353716696,771.0,0.06700193549596768,0.6633393637647903,1.0,,0.75,0.75,4.0,13.0,15.0,49.5,3.0291794191518663e-10,0.7103691088253796,3.4389875589745076e-11,0.08064727074549732,1.1102230557864057e-11,0.02603570319242418,3.8149631422994476e-11,0.08946422752191102,3.986362376858708e-11,0.09348368971478782,0.29101802936875165,3.0975645308848008,0.7910163795708769,0.18294791723669884
20260528-145448_s01_20260528_ear_eeg_ch1_only_03_quiet_rest_60s,s01_20260528_ear_eeg_ch1_only_03_quiet_rest_60s,0,48.64,52.64,49.56203183889861,771.0,0.08094058337628358,0.6680839076704221,1.0,,0.75,0.75,4.0,8.0,15.5,49.25,3.3666450352191666e-10,0.7026475044028568,3.574939313352622e-11,0.07461202950240217,1.1292571196281156e-11,0.023568558271965235,3.553275997625382e-11,0.07415989764491202,5.989789485778487e-11,0.12501201017786362,0.31780731932526113,3.1657443209478395,0.777259533905259,0.19917190782277563
20260528-145448_s01_20260528_ear_eeg_ch1_only_03_quiet_rest_60s,s01_20260528_ear_eeg_ch1_only_03_quiet_rest_60s,0,48.896,52.896,58.69933560101,771.0,0.09336065034948822,0.6728301416590531,1.0,,1.5,1.5,4.0,8.0,13.25,49.25,4.036474721180773e-10,0.6808506762685321,4.343128937125016e-11,0.07325754471956641,1.649740682078792e-11,0.027826931583817334,3.763059836522198e-11,0.06347325355689619,9.165079547075052e-11,0.15459159387118782,0.4384040524860415,2.632613103565077,0.7541082209880985,0.21806484742808402
20260528-145448_s01_20260528_ear_eeg_ch1_only_03_quiet_rest_60s,s01_20260528_ear_eeg_ch1_only_03_quiet_rest_60s,0,49.152,53.152,59.14593815301267,771.0,0.10970271488733281,0.6820928939681484,1.0,,1.5,1.5,4.0,8.75,15.5,49.25,4.5456601062583143e-10,0.6516010583873215,5.017433105490635e-11,0.07192277129176751,1.7912877922069247e-11,0.02567734925168187,4.487706631619191e-11,0.06432936740846357,1.3008369855005407e-10,0.1864694536607655,0.3991543875854063,2.801020097004622,0.723523829679089,0.25079882106922907
20260528-145448_s01_20260528_ear_eeg_ch1_only_03_quiet_rest_60s,s01_20260528_ear_eeg_ch1_only_03_quiet_rest_60s,0,49.408,53.408,59.162048646070396,771.0,0.11741973312508315,0.6911094377257077,1.0,,1.5,1.5,4.0,8.75,15.5,49.0,4.2482173254148693e-10,0.6218473158913196,5.226229504954733e-11,0.07650071879434141,1.8358094982672153e-11,0.026872288339763153,4.424658567763624e-11,0.06476745051715639,1.4347212831602643e-10,0.21001222645741946,0.4149042169360193,2.846825615559604,0.698348034685661,0.27477967697457584
20260528-145448_s01_20260528_ear_eeg_ch1_only_03_quiet_rest_60s,s01_20260528_ear_eeg_ch1_only_03_quiet_rest_60s,0,49.664,53.664,59.14181262017592,771.0,0.11685784746838333,0.6966350383526607,1.0,,1.5,1.5,4.0,8.75,15.25,49.25,4.276685674943975e-10,0.6116984001827023,6.12589831889879e-11,0.08761930350191995,1.494492379961481e-11,0.021375865971717756,4.1929291067242845e-11,0.05997186189504869,1.5334763122218816e-10,0.21933456844861135,0.3564315880191567,4.0989826385442525,0.6993177036846222,0.27930643034366004
20260528-145448_s01_20260528_ear_eeg_ch1_only_03_quiet_rest_60s,s01_20260528_ear_eeg_ch1_only_03_quiet_rest_60s,0,49.92,53.92,59.16683192465184,771.0,0.11667536243945242,0.6873768160605379,1.0,,1.5,1.5,4.0,8.75,15.25,49.25,4.2390595967270395e-10,0.6270737523599799,5.1693841671327706e-11,0.07646943981577967,1.5683157412319257e-11,0.0231997124432703,4.0519295032598645e-11,0.05993920538104863,1.4420428942441595e-10,0.2133178899999216,0.3870540541167318,3.296137398373732,0.7035431921757596,0.2732570953809702
20260528-145448_s01_20260528_ear_eeg_ch1_only_03_quiet_rest_60s,s01_20260528_ear_eeg_ch1_only_03_quiet_rest_60s,0,50.176,54.176,59.352253537671174,771.0,0.1388361190332262,0.6975669852651392,1.0,,1.5,1.5,4.0,8.75,20.0,49.0,4.398175659359561e-10,0.5893423263599669,5.29660773130152e-11,0.07097295251358747,2.3513870351623863e-11,0.031507879921218396,5.3930516931444605e-11,0.07226527263079185,1.7605735618447126e-10,0.23591156857443543,0.43600305892699354,2.2525461151637836,0.6603152788735543,0.30817684120522726
20260528-145448_s01_20260528_ear_eeg_ch1_only_03_quiet_rest_60s,s01_20260528_ear_eeg_ch1_only_03_quiet_rest_60s,0,50.432,54.432,59.369082863052554,723.0,0.1203580787385058,0.7071538188089977,1.0,,1.5,1.5,4.0,8.25,15.75,49.25,4.256912802838275e-10,0.5998972789863507,6.230454156042887e-11,0.08780148121820303,2.6754160905456247e-11,0.03770278855147119,4.834905165618175e-11,0.06813497450728932,1.4650791864300111e-10,0.2064634767366858,0.553354409011155,2.3287795038910177,0.6876987602045537,0.27459845124397514
20260528-145448_s01_20260528_ear_eeg_ch1_only_03_quiet_rest_60s,s01_20260528_ear_eeg_ch1_only_03_quiet_rest_60s,0,50.688,54.688,60.58521271729596,723.0,0.14573609545475721,0.7604965357052991,1.0,,0.75,0.75,4.0,8.5,15.0,49.25,4.5730370118440285e-10,0.5128975456032949,1.0091028794003706e-10,0.11317782663144567,4.441760575473136e-11,0.04981739905925238,5.889414464518175e-11,0.06605383284824681,2.300825458038602e-10,0.25805339585776016,0.7541939189767187,2.271853383931846,0.6260753722347406,0.32410722870600694
20260528-145448_s01_20260528_ear_eeg_ch1_only_03_quiet_rest_60s,s01_20260528_ear_eeg_ch1_only_03_quiet_rest_60s,0,50.944,54.944,66.64049819741746,723.0,0.1645983270005598,0.6902540922034682,1.0,,0.75,0.75,4.0,8.5,15.25,49.0,8.80992537512301e-10,0.5887974681263607,1.5283362432850814e-10,0.10214394244848468,5.562110426442821e-11,0.03717348782290949,8.357958432179108e-11,0.05585909703013476,3.2323049645958037e-10,0.21602600457211044,0.6654867299923449,2.747763215953463,0.6909414105748454,0.2718851016022452
20260528-145448_s01_20260528_ear_eeg_ch1_only_03_quiet_rest_60s,s01_20260528_ear_eeg_ch1_only_03_quiet_rest_60s,0,51.2,55.2,73.12515299129295,723.0,0.2525248104480215,0.6705676390843639,0.9962127843279678,high_50hz_ratio,0.75,0.75,4.0,8.5,13.75,49.0,1.0552368059468853e-09,0.495075024611086,1.807854817780887e-10,0.08481733800054672,8.49960507757553e-11,0.039876757228813155,1.3687571355501826e-10,0.06421662595070766,6.7357441936602e-10,0.31601425420884655,0.6209724761843193,2.126986843836477,0.5798923626116327,0.3802308801595542
20260528-145448_s01_20260528_ear_eeg_ch1_only_03_quiet_rest_60s,s01_20260528_ear_eeg_ch1_only_03_quiet_rest_60s,0,51.456,55.456,79.3835436346854,723.0,0.3120892029892706,0.6577933200353445,0.906866195516094,high_50hz_ratio,0.0,0.5,4.0,8.0,15.25,49.25,1.08580325475149e-09,0.4373006323909731,1.8498014829812657e-10,0.07449962548607449,1.1248916901938911e-10,0.04530432611437741,1.4814344794019137e-10,0.059663869292464,9.515514726623352e-10,0.3832315467161109,0.7593259815635137,1.6444263026446804,0.5118002578770476,0.4428954160085749
20260528-145448_s01_20260528_ear_eeg_ch1_only_03_quiet_rest_60s,s01_20260528_ear_eeg_ch1_only_03_quiet_rest_60s,0,51.712,55.712,83.78548203597089,723.0,0.29569530416293605,0.6708412763354515,0.9314570437555959,high_50hz_ratio,0.0,0.75,4.0,8.5,13.75,49.25,1.0327429091314953e-09,0.45160520085257505,2.0892484858334599e-10,0.09136015108244366,1.1443421712074345e-10,0.050040612383077054,1.5631703490456128e-10,0.06835543030173927,7.744078628950755e-10,0.33863860538016494,0.7320649166011292,1.8257200847793826,0.5429653519350187,0.4069940356819042
20260528-145448_s01_20260528_ear_eeg_ch1_only_03_quiet_rest_60s,s01_20260528_ear_eeg_ch1_only_03_quiet_rest_60s,0,51.968,55.968,87.28653962668012,723.0,0.26144615353977574,0.6946843191240236,0.9828307696903364,high_50hz_ratio,0.0,0.75,4.0,8.75,15.75,49.0,9.563133160416406e-10,0.44830718236884665,1.783884808750676e-10,0.0836261880773374,8.860149982255851e-11,0.041535224986217305,2.1204505907263577e-10,0.0994039520034768,6.978169238262668e-10,0.3271274525641218,0.41784279346121517,2.013379922826642,0.531933370446184,0.4265314045675986
20260528-145448_s01_20260528_ear_eeg_ch1_only_03_quiet_rest_60s,s01_20260528_ear_eeg_ch1_only_03_quiet_rest_60s,0,52.224,56.224,101.18739051877957,1020.0,0.23586715746061396,0.6883523801449942,1.0,,0.0,0.5,4.0,8.0,15.75,49.25,1.133770979317034e-09,0.48785387684077625,1.8887854163975356e-10,0.08127314111223112,9.025475511085056e-11,0.03883600214451333,2.2571922239575518e-10,0.097125433383017,6.853735693862274e-10,0.29491154651946233,0.3998540937404358,2.0927267644543894,0.5691270179530074,0.3920369799024793
20260528-145448_s01_20260528_ear_eeg_ch1_only_03_quiet_rest_60s,s01_20260528_ear_eeg_ch1_only_03_quiet_rest_60s,0,52.48,56.48,134.45423756802907,1020.0,0.2731039565815935,0.5239529944568136,0.9472762681675735,high_rms;high_50hz_ratio,0.5,0.5,4.0,8.75,15.75,49.25,2.9310091797451984e-09,0.6164565903494778,1.5123659910823123e-10,0.03180842928319178,1.3254186668185645e-10,0.027876510171952192,1.9114939090159466e-10,0.04020297943004748,1.3486705476649757e-09,0.28365549076533075,0.6933941356375555,1.1410477526414218,0.6482650196326696,0.3238584701953782
20260528-145448_s01_20260528_ear_eeg_ch1_only_03_quiet_rest_60s,s01_20260528_ear_eeg_ch1_only_03_quiet_rest_60s,0,52.736,56.736,168.87417209271524,1020.0,0.315606647037329,0.420873328206838,0.8404973143281125,high_rms;high_50hz_ratio,0.75,0.75,4.0,11.5,13.5,49.25,4.4820971499915855e-09,0.650700985435626,8.53268671717286e-11,0.012387566510664055,1.4564971375356057e-10,0.021145104422387775,2.3887266144682676e-10,0.03467900649975261,1.9361592818438565e-09,0.28108733713156947,0.6097378949578217,0.5858361473754884,0.6630885519462901,0.31576634363132206
20260528-145448_s01_20260528_ear_eeg_ch1_only_03_quiet_rest_60s,s01_20260528_ear_eeg_ch1_only_03_quiet_rest_60s,0,52.992,56.992,191.44635541059537,1020.0,0.3488193675992534,0.36283478702654054,0.7624630043378757,high_rms;high_50hz_ratio,0.25,0.75,8.0,8.25,13.25,49.25,4.086692212731691e-09,0.6499083240361402,2.178153901297174e-11,0.003463927004521314,4.762513573168769e-11,0.007573844697417387,1.2007246510118435e-10,0.01909517294052261,2.0119343103135243e-09,0.3199587313213984,0.396636611828984,0.4573538464160062,0.6533722510406615,0.339053904261921
20260528-145448_s01_20260528_ear_eeg_ch1_only_03_quiet_rest_60s,s01_20260528_ear_eeg_ch1_only_03_quiet_rest_60s,0,53.248,57.248,203.37731191064552,1020.0,0.3321178980653981,0.3496171315508416,0.5226015130135959,high_rms;artifact_rms_range;high_50hz_ratio,0.25,0.75,4.25,11.75,13.25,49.25,4.16044439081885e-09,0.6911292503514957,2.2548281784052455e-11,0.0037457001277354635,3.284296630084785e-11,0.005455843786523221,8.77700345511716e-11,0.014580278567486643,1.7161719422413084e-09,0.28508892716675893,0.374193384664783,0.6865482726957695,0.6948749504792312,0.2996692057342456
20260528-145448_s01_20260528_ear_eeg_ch1_only_03_quiet_rest_60s,s01_20260528_ear_eeg_ch1_only_03_quiet_rest_60s,0,53.504,57.504,208.84779385954738,1020.0,0.2700733107435987,0.35710521697088876,0.6088302915601678,high_rms;artifact_rms_range;high_50hz_ratio,0.5,0.5,4.25,11.25,15.75,49.25,5.462593448826541e-09,0.7544110368814508,5.7749198771814884e-11,0.007975448536056941,8.308529529986688e-11,0.011474488146328909,1.6061547648159777e-10,0.022181787696047537,1.4768281768358912e-09,0.20395723874011576,0.5172932093463996,0.6950591986631288,0.7623864854175078,0.2261390264361633
